# vtk DataFile Version 2.0
Maillage initial
ASCII
DATASET UNSTRUCTURED_GRID
POINTS 6978 float
0.296462 -0.0470174 0
0.317346 -0.0709657 0
0.321731 -0.0489231 0
0.903821 0.0924132 0
0.999677 0.000642326 0
0.999677 0.0996423 0
0.321935 -0.0487873 0
0.35016 -0.0509159 0
0.324615 -0.0264729 0
0.299236 -0.0236314 0
0.321764 -0.0486958 0
0.324444 -0.0263813 0
0.317498 -0.0710734 0
0.341693 -0.0791038 0
0.321883 -0.0490308 0
0.321993 -0.0489637 0
0.341802 -0.0790367 0
0.350218 -0.0510923 0
0.291812 -0.0699602 0
0.317246 -0.0710363 0
0.296362 -0.047088 0
0.291748 -0.0701968 0
0.285418 -0.0926415 0
0.309171 -0.0962075 0
0.903266 0.00379298 0
0.90289 0.0923576 0
0.817779 0.0798454 0
0.816779 -0.0855749 0
0.902978 0.00292992 0
0.817732 -0.000276406 0
0.999356 0.000319789 0
0.9035 0.0920907 0
0.903875 0.00352611 0
0.301295 -0.120907 0
0.285343 -0.0928732 0
0.277272 -0.114752 0
0.902888 -0.0923563 0
0.903264 0.00262093 0
0.817065 -0.0858839 0
0.309203 -0.0963774 0
0.285451 -0.0928115 0
0.301402 -0.120845 0
0.328168 -0.120753 0
0.309346 -0.0964712 0
0.301546 -0.120939 0
0.335747 -0.100188 0
0.317437 -0.0713018 0
0.309425 -0.0962364 0
0.280749 -0.161404 0
0.291761 -0.14174 0
0.267429 -0.1363 0
0.675997 -0.227002 0
0.750495 -0.162761 0
0.686692 -0.142828 0
0.62807 -0.27821 0
0.688388 -0.297925 0
0.675593 -0.227906 0
0.565434 -0.271372 0
0.627451 -0.278075 0
0.613371 -0.213999 0
0.565341 -0.271737 0
0.585585 -0.32253 0
0.627358 -0.278439 0
0.823886 -0.255172 0
0.829615 -0.343705 0
0.906706 -0.276391 0
0.745213 -0.242749 0
0.823325 -0.254511 0
0.823325 -0.179672 0
0.744986 -0.243219 0
0.75581 -0.319647 0
0.823098 -0.25498 0
0.689044 -0.298116 0
0.75536 -0.319792 0
0.744536 -0.243364 0
0.61374 -0.213852 0
0.62782 -0.277928 0
0.675342 -0.227624 0
0.694218 -0.37883 0
0.760012 -0.404842 0
0.755429 -0.320602 0
0.625843 -0.362968 0
0.693545 -0.378617 0
0.68844 -0.298713 0
0.492196 -0.527202 0
0.549856 -0.494141 0
0.481051 -0.468522 0
0.595604 -0.463926 0
0.627296 -0.52244 0
0.680573 -0.485052 0
0.481174 -0.468208 0
0.549979 -0.493826 0
0.528829 -0.433574 0
0.492323 -0.527825 0
0.504361 -0.591204 0
0.564468 -0.557606 0
0.789109 -0.477796 0
0.681507 -0.485204 0
0.712981 -0.554148 0
0.789268 -0.477298 0
0.760083 -0.40572 0
0.681665 -0.484706 0
0.594841 -0.463658 0
0.52921 -0.433559 0
0.55036 -0.493811 0
0.625292 -0.363482 0
0.577532 -0.398193 0
0.639882 -0.432849 0
0.62511 -0.363114 0
0.585618 -0.323235 0
0.57735 -0.397825 0
0.760722 -0.405106 0
0.832816 -0.433609 0
0.829157 -0.344732 0
0.688875 -0.29857 0
0.693979 -0.378474 0
0.755191 -0.320246 0
0.693384 -0.379067 0
0.625681 -0.363418 0
0.640271 -0.432785 0
0.751182 -0.162935 0
0.744971 -0.242442 0
0.823083 -0.179365 0
0.785168 -0.714427 0
0.693551 -0.685761 0
0.714453 -0.785142 0
0.857429 -0.643238 0
0.866857 -0.73281 0
0.932857 -0.66681 0
0.909303 -0.372558 0
0.999387 -0.300165 0
0.907559 -0.276638 0
0.999691 -0.10063 0
0.907863 -0.188807 0
0.999691 -0.19963 0
0.670395 -0.0643289 0
0.607684 -0.0705749 0
0.626446 -0.131012 0
0.738482 -0.0804609 0
0.671034 -0.0643987 0
0.686635 -0.142009 0
0.823322 -0.178842 0
0.816291 -0.0867251 0
0.751422 -0.162412 0
0.816928 -0.00023858 0
0.740163 0.00840822 0
0.739149 -0.0797432 0
0.740203 0.0719586 0
0.816726 0.0803064 0
0.751148 0.162034 0
0.332744 -0.181694 0
0.349169 -0.154603 0
0.319305 -0.147927 0
0.318085 -0.250709 0
0.350697 -0.262625 0
0.34429 -0.220028 0
0.39765 -0.202996 0
0.382779 -0.162254 0
0.363882 -0.191959 0
0.376051 -0.233075 0
0.397628 -0.203234 0
0.363859 -0.192196 0
0.399095 -0.262428 0
0.376013 -0.233509 0
0.351074 -0.262709 0
0.399252 -0.262229 0
0.397747 -0.203469 0
0.37617 -0.23331 0
0.405072 -0.300174 0
0.430292 -0.332876 0
0.437895 -0.278082 0
0.351049 -0.26291 0
0.368541 -0.29341 0
0.39907 -0.262629 0
0.38836 -0.339979 0
0.430125 -0.333084 0
0.404906 -0.300382 0
0.317862 -0.250987 0
0.295714 -0.273135 0
0.332564 -0.292596 0
0.317959 -0.462033 0
0.353353 -0.434436 0
0.315044 -0.412777 0
0.282204 -0.4899 0
0.317598 -0.462303 0
0.277971 -0.438286 0
0.282441 -0.490097 0
0.348424 -0.496908 0
0.317834 -0.4625 0
0.404105 -0.371863 0
0.353001 -0.386637 0
0.421172 -0.405413 0
0.460146 -0.363913 0
0.404465 -0.371787 0
0.421531 -0.405337 0
0.388098 -0.340395 0
0.35289 -0.386419 0
0.403994 -0.371645 0
0.307241 -0.366027 0
0.276219 -0.386907 0
0.31475 -0.412297 0
0.437893 -0.277564 0
0.435286 -0.21582 0
0.399584 -0.262418 0
0.419869 -0.17008 0
0.427597 -0.13269 0
0.390602 -0.135921 0
0.435221 -0.215264 0
0.419919 -0.170581 0
0.398013 -0.203102 0
0.435432 -0.215185 0
0.460857 -0.179607 0
0.42013 -0.170502 0
0.457511 -0.0587674 0
0.46033 -0.000261902 0
0.420351 -0.0195411 0
0.357952 -0.124431 0
0.32849 -0.120959 0
0.349284 -0.154321 0
0.328283 -0.120684 0
0.335783 -0.100354 0
0.309461 -0.0964021 0
0.292003 -0.141643 0
0.319009 -0.147681 0
0.301457 -0.12118 0
0.357907 -0.12425 0
0.335946 -0.100447 0
0.328445 -0.120778 0
0.382598 -0.161866 0
0.358133 -0.124568 0
0.349465 -0.154458 0
0.397743 -0.109583 0
0.371048 -0.0847988 0
0.358256 -0.12416 0
0.341739 -0.0792753 0
0.317545 -0.0712448 0
0.335855 -0.100131 0
0.255914 -0.156697 0
0.280628 -0.161454 0
0.267308 -0.13635 0
0.255784 -0.156903 0
0.242827 -0.176294 0
0.266206 -0.183198 0
0.235008 -0.220413 0
0.228092 -0.194978 0
0.212262 -0.212102 0
0.315183 -0.207368 0
0.292375 -0.191129 0
0.275448 -0.213375 0
0.242683 -0.176489 0
0.228245 -0.194802 0
0.25053 -0.203613 0
0.625622 -0.362632 0
0.68822 -0.298377 0
0.627903 -0.278662 0
0.816008 -0.0863954 0
0.739183 -0.0806016 0
0.751139 -0.162083 0
0.906952 -0.188714 0
0.902924 -0.0933075 0
0.824132 -0.178952 0
0.817184 -0.000554894 0
0.739405 -0.0800595 0
0.81623 -0.0858534 0
0.686352 -0.142882 0
0.649281 -0.178981 0
0.675657 -0.227056 0
0.648873 -0.178898 0
0.626394 -0.131872 0
0.613646 -0.213201 0
0.675413 -0.227293 0
0.649038 -0.179218 0
0.613811 -0.213521 0
0.686188 -0.142562 0
0.626637 -0.131635 0
0.649117 -0.178661 0
0.73875 -0.0807893 0
0.686902 -0.142337 0
0.750706 -0.16227 0
0.670659 -0.0645692 0
0.626709 -0.131252 0
0.68626 -0.142179 0
0.607075 -0.0704033 0
0.553782 -0.0515027 0
0.560993 -0.0925381 0
0.266455 -0.183263 0
0.29223 -0.190876 0
0.280747 -0.161726 0
0.250657 -0.203574 0
0.266189 -0.183355 0
0.24281 -0.17645 0
0.250766 -0.203698 0
0.275145 -0.213337 0
0.266297 -0.183479 0
0.142458 -0.51365 0
0.0813455 -0.548818 0
0.148296 -0.563179 0
0.907554 -0.275691 0
0.999382 -0.200218 0
0.907554 -0.189395 0
0.291749 -0.141584 0
0.27718 -0.114966 0
0.267417 -0.136144 0
0.31929 -0.147723 0
0.349154 -0.154399 0
0.32836 -0.121037 0
0.301579 -0.121111 0
0.319131 -0.147611 0
0.328201 -0.120925 0
0.308581 -0.166875 0
0.332608 -0.181735 0
0.319169 -0.147968 0
0.292371 -0.190821 0
0.308318 -0.166951 0
0.280887 -0.161671 0
0.292486 -0.190974 0
0.315294 -0.207213 0
0.308433 -0.167104 0
0.332715 -0.18211 0
0.315548 -0.207359 0
0.344221 -0.219613 0
0.349317 -0.15475 0
0.332893 -0.181841 0
0.363554 -0.191863 0
0.308568 -0.167073 0
0.315429 -0.207182 0
0.332595 -0.181934 0
0.25591 -0.156854 0
0.266333 -0.183149 0
0.280625 -0.161611 0
0.250745 -0.203853 0
0.260262 -0.22957 0
0.275125 -0.213491 0
0.382966 -0.162181 0
0.397838 -0.202924 0
0.419743 -0.170403 0
0.390453 -0.136019 0
0.382942 -0.161957 0
0.419719 -0.170179 0
0.39804 -0.109781 0
0.390529 -0.135718 0
0.427523 -0.132488 0
0.397808 -0.109753 0
0.358321 -0.124331 0
0.390297 -0.135691 0
0.349484 -0.154684 0
0.36372 -0.191797 0
0.382617 -0.162091 0
0.309278 -0.0961355 0
0.317289 -0.0712009 0
0.291855 -0.0701248 0
0.20376 -0.250504 0
0.220385 -0.235136 0
0.19495 -0.22822 0
0.176489 -0.242683 0
0.203613 -0.25053 0
0.194802 -0.228245 0
0.213538 -0.275435 0
0.207531 -0.315168 0
0.239567 -0.287806 0
0.235136 -0.220385 0
0.250505 -0.20376 0
0.22822 -0.19495 0
0.194978 -0.228092 0
0.220413 -0.235008 0
0.212102 -0.212262 0
0.260128 -0.229594 0
0.250612 -0.203876 0
0.235243 -0.220501 0
0.220656 -0.235268 0
0.229749 -0.260153 0
0.250064 -0.258019 0
0.212237 -0.212237 0
0.220547 -0.234983 0
0.234983 -0.220547 0
0.203876 -0.250611 0
0.229594 -0.260128 0
0.220501 -0.235243 0
0.25024 -0.258297 0
0.239877 -0.287668 0
0.263261 -0.291125 0
0.23511 -0.220701 0
0.220674 -0.235136 0
0.250082 -0.257886 0
0.213612 -0.275251 0
0.239642 -0.287622 0
0.22969 -0.260386 0
0.185926 -0.264777 0
0.213346 -0.275143 0
0.203706 -0.25076 0
0.196196 -0.288993 0
0.207385 -0.315172 0
0.213392 -0.275439 0
0.260375 -0.229863 0
0.27213 -0.265161 0
0.287612 -0.239815 0
0.250778 -0.317698 0
0.263263 -0.291324 0
0.239878 -0.287867 0
0.250917 -0.317807 0
0.281285 -0.320479 0
0.263402 -0.291433 0
0.275284 -0.213294 0
0.292212 -0.191049 0
0.266437 -0.183436 0
0.287622 -0.239642 0
0.275249 -0.213611 0
0.260386 -0.22969 0
0.287806 -0.239567 0
0.315168 -0.207531 0
0.275433 -0.213537 0
0.999667 -0.999667 0
0.999667 -0.900667 0
0.900667 -0.999667 0
0.925056 -0.850444 0
0.867306 -0.932944 0
0.999306 -0.899944 0
0.92525 -0.775333 0
0.92525 -0.849583 0
0.9995 -0.800083 0
0.99975 -0.700583 0
0.9255 -0.774833 0
0.99975 -0.799583 0
0.866389 -0.733944 0
0.800389 -0.799944 0
0.849889 -0.849444 0
0.924556 -0.775111 0
0.866806 -0.733861 0
0.850306 -0.849361 0
0.867222 -0.933444 0
0.900222 -0.999444 0
0.999222 -0.900444 0
0.99975 -0.8005 0
0.9255 -0.85 0
0.99975 -0.8995 0
0.775389 -0.925278 0
0.800139 -0.999528 0
0.866139 -0.933528 0
0.866556 -0.933778 0
0.800556 -0.999778 0
0.899556 -0.999778 0
0.999528 -0.700139 0
0.933528 -0.667139 0
0.925278 -0.774389 0
0.260212 -0.820682 0
0.326078 -0.751523 0
0.250371 -0.740977 0
0.499545 -0.999715 0
0.463357 -0.915044 0
0.400545 -0.999715 0
0.4101 -0.755506 0
0.326909 -0.751589 0
0.348853 -0.82589 0
0.733492 -0.866175 0
0.799492 -0.800175 0
0.714635 -0.786032 0
0.799583 -0.99975 0
0.774833 -0.9255 0
0.700583 -0.99975 0
0.93354 -0.666127 0
0.99954 -0.600127 0
0.928825 -0.571841 0
0.914806 -0.463928 0
0.928763 -0.570831 0
0.999477 -0.500116 0
0.800175 -0.799492 0
0.866175 -0.733492 0
0.786032 -0.714635 0
0.557646 -0.820453 0
0.434517 -0.833301 0
0.463665 -0.913888 0
0.642337 -0.857257 0
0.558702 -0.82058 0
0.571623 -0.927972 0
0.618461 -0.759705 0
0.53195 -0.735992 0
0.55849 -0.819612 0
0.775556 -0.924778 0
0.866306 -0.933028 0
0.849806 -0.850528 0
0.850306 -0.850278 0
0.866806 -0.932778 0
0.924556 -0.850278 0
0.92475 -0.7755 0
0.8505 -0.84975 0
0.92475 -0.84975 0
0.799944 -0.800389 0
0.733944 -0.866389 0
0.849444 -0.849889 0
0.914185 -0.463047 0
0.90877 -0.373629 0
0.833595 -0.433899 0
0.903512 -0.0930435 0
0.90754 -0.188449 0
0.999368 -0.100273 0
0.999677 -0.000642326 0
0.903821 -0.0924133 0
0.999677 -0.0996423 0
0.816798 -0.086492 0
0.82383 -0.178609 0
0.902621 -0.0929645 0
0.823381 -0.255318 0
0.756093 -0.319985 0
0.82911 -0.343851 0
0.67619 -0.227336 0
0.744478 -0.242603 0
0.750689 -0.163096 0
0.675983 -0.227788 0
0.688778 -0.297807 0
0.74427 -0.243055 0
0.824146 -0.254654 0
0.906965 -0.275873 0
0.906965 -0.189577 0
0.538647 -0.222606 0
0.613067 -0.213536 0
0.563478 -0.188339 0
0.759448 -0.619492 0
0.693702 -0.685205 0
0.785319 -0.713871 0
0.652345 -0.615404 0
0.592528 -0.675132 0
0.692699 -0.685062 0
0.452335 -0.713676 0
0.531256 -0.735308 0
0.517179 -0.661198 0
0.379325 -0.693722 0
0.451506 -0.713507 0
0.421316 -0.65233 0
0.410959 -0.755248 0
0.480919 -0.785928 0
0.451812 -0.71416 0
0.4109 -0.755645 0
0.434084 -0.832658 0
0.480859 -0.786325 0
0.481352 -0.786541 0
0.434577 -0.832874 0
0.557706 -0.820026 0
0.531491 -0.736081 0
0.481677 -0.786217 0
0.558031 -0.819701 0
0.531135 -0.735727 0
0.452215 -0.714094 0
0.481322 -0.785862 0
0.915044 -0.463357 0
0.999715 -0.499545 0
0.999715 -0.400545 0
0.909327 -0.373516 0
0.914741 -0.462934 0
0.999412 -0.400122 0
0.999697 -0.300577 0
0.909612 -0.372971 0
0.999697 -0.399577 0
0.829653 -0.344625 0
0.833312 -0.433502 0
0.908487 -0.373232 0
0.856937 -0.643397 0
0.786222 -0.714111 0
0.866365 -0.732968 0
0.844387 -0.53417 0
0.777728 -0.544728 0
0.856835 -0.642165 0
0.914288 -0.464041 0
0.845083 -0.533662 0
0.928244 -0.570943 0
0.78943 -0.477994 0
0.713302 -0.554346 0
0.777064 -0.544246 0
0.832965 -0.434481 0
0.790055 -0.477557 0
0.844349 -0.53325 0
0.832684 -0.434053 0
0.76059 -0.40555 0
0.789774 -0.477128 0
0.681345 -0.484378 0
0.759764 -0.405392 0
0.693969 -0.37938 0
0.242813 -0.467293 0
0.277548 -0.438088 0
0.230514 -0.425652 0
0.306519 -0.682785 0
0.36266 -0.625604 0
0.278689 -0.627884 0
0.499512 -0.334398 0
0.469654 -0.306485 0
0.460625 -0.363457 0
0.493116 -0.396671 0
0.49959 -0.3347 0
0.460704 -0.36376 0
0.532363 -0.364668 0
0.535621 -0.301903 0
0.499972 -0.334386 0
0.27881 -0.627503 0
0.36278 -0.625223 0
0.342298 -0.569164 0
0.379289 -0.694066 0
0.410618 -0.754939 0
0.451471 -0.713851 0
0.250337 -0.258018 0
0.272005 -0.265222 0
0.26025 -0.229924 0
0.37583 -0.233367 0
0.344483 -0.219969 0
0.350891 -0.262567 0
0.250591 -0.317778 0
0.239692 -0.287948 0
0.207655 -0.31531 0
0.31531 -0.207655 0
0.287948 -0.239692 0
0.317778 -0.250591 0
0.213492 -0.275128 0
0.22957 -0.260262 0
0.203853 -0.250745 0
0.378871 -0.694191 0
0.32701 -0.751147 0
0.410201 -0.755064 0
0.306066 -0.682953 0
0.278237 -0.628052 0
0.227934 -0.675575 0
0.378524 -0.693951 0
0.306732 -0.683425 0
0.326663 -0.750907 0
0.378646 -0.693531 0
0.362995 -0.625824 0
0.306854 -0.683006 0
0.755881 -0.320486 0
0.760464 -0.404726 0
0.828899 -0.344353 0
0.460394 -0.363453 0
0.469423 -0.30648 0
0.430582 -0.333183 0
0.777444 -0.545012 0
0.759966 -0.618785 0
0.856551 -0.642449 0
0.789869 -0.477925 0
0.777503 -0.544177 0
0.844163 -0.533619 0
0.713201 -0.554817 0
0.759485 -0.618491 0
0.776963 -0.544718 0
0.71481 -0.785524 0
0.799667 -0.799667 0
0.785524 -0.71481 0
0.627593 -0.523177 0
0.652528 -0.61446 0
0.712344 -0.554732 0
0.640128 -0.433474 0
0.595647 -0.463627 0
0.680616 -0.484753 0
0.577565 -0.614616 0
0.504489 -0.591838 0
0.517509 -0.660386 0
0.550587 -0.494423 0
0.565072 -0.557265 0
0.62676 -0.522784 0
0.550137 -0.494438 0
0.492477 -0.5275 0
0.564622 -0.557281 0
0.565413 -0.557668 0
0.652035 -0.61447 0
0.6271 -0.523187 0
0.713898 -0.785293 0
0.692995 -0.685912 0
0.619519 -0.759423 0
0.759069 -0.618726 0
0.712785 -0.555052 0
0.652969 -0.61478 0
0.85658 -0.643016 0
0.759995 -0.619351 0
0.785865 -0.71373 0
0.857339 -0.642255 0
0.928053 -0.571541 0
0.844892 -0.53426 0
0.680945 -0.484471 0
0.693569 -0.379473 0
0.640456 -0.433191 0
0.666556 -0.933778 0
0.600556 -0.999778 0
0.699556 -0.999778 0
0.774389 -0.925278 0
0.667139 -0.933528 0
0.700139 -0.999528 0
0.642698 -0.857635 0
0.571984 -0.928349 0
0.66627 -0.933063 0
0.929048 -0.571286 0
0.999762 -0.599571 0
0.999762 -0.500571 0
0.833381 -0.434435 0
0.844764 -0.533204 0
0.91397 -0.463583 0
0.933778 -0.666556 0
0.999778 -0.699556 0
0.999778 -0.600556 0
0.857635 -0.642698 0
0.933063 -0.66627 0
0.928349 -0.571984 0
0.867083 -0.73325 0
0.924833 -0.7745 0
0.933083 -0.66725 0
0.469952 -0.306017 0
0.535459 -0.301447 0
0.513831 -0.25675 0
0.399482 -0.262701 0
0.404969 -0.299938 0
0.437792 -0.277846 0
0.532319 -0.365316 0
0.493453 -0.397004 0
0.528811 -0.432906 0
0.585308 -0.323242 0
0.532787 -0.364952 0
0.57704 -0.397831 0
0.535411 -0.301707 0
0.469905 -0.306277 0
0.499763 -0.33419 0
0.260706 -0.572444 0
0.342032 -0.568682 0
0.301581 -0.535985 0
0.535907 -0.301865 0
0.532649 -0.36463 0
0.58517 -0.32292 0
0.595301 -0.463338 0
0.639781 -0.433184 0
0.577431 -0.398528 0
0.5293 -0.433239 0
0.59493 -0.463338 0
0.57706 -0.398528 0
0.550688 -0.494109 0
0.626861 -0.522471 0
0.595168 -0.463956 0
0.363471 -0.625347 0
0.421114 -0.651662 0
0.406746 -0.582072 0
0.363378 -0.62572 0
0.379029 -0.693427 0
0.421021 -0.652035 0
0.516812 -0.660919 0
0.421778 -0.65222 0
0.451968 -0.713397 0
0.618573 -0.759223 0
0.591878 -0.675782 0
0.532062 -0.735509 0
0.503598 -0.591699 0
0.407216 -0.581959 0
0.421584 -0.651549 0
0.577723 -0.614272 0
0.564755 -0.557896 0
0.504647 -0.591494 0
0.591694 -0.675049 0
0.577857 -0.614896 0
0.517801 -0.660666 0
0.592144 -0.674896 0
0.651961 -0.615168 0
0.578307 -0.614743 0
0.449482 -0.554815 0
0.40731 -0.581634 0
0.503692 -0.591374 0
0.491938 -0.527815 0
0.449766 -0.554634 0
0.503976 -0.591194 0
0.491704 -0.527517 0
0.434362 -0.502412 0
0.449532 -0.554336 0
0.627689 -0.522743 0
0.712439 -0.554299 0
0.680965 -0.485355 0
0.578217 -0.614351 0
0.65187 -0.614776 0
0.565249 -0.557974 0
0.531723 -0.73518 0
0.591539 -0.675452 0
0.517647 -0.661069 0
0.619112 -0.759055 0
0.692587 -0.685544 0
0.592417 -0.675614 0
0.693257 -0.684874 0
0.759004 -0.619161 0
0.652903 -0.615216 0
0.480663 -0.468549 0
0.434467 -0.502124 0
0.491809 -0.527229 0
0.516987 -0.660511 0
0.503967 -0.591963 0
0.421952 -0.651812 0
0.493281 -0.397349 0
0.480983 -0.467884 0
0.528639 -0.43325 0
0.434015 -0.502439 0
0.3884 -0.535591 0
0.449186 -0.554363 0
0.387952 -0.535903 0
0.342809 -0.568712 0
0.406566 -0.581495 0
0.281236 -0.320722 0
0.250867 -0.31805 0
0.248673 -0.363706 0
0.314106 -0.323603 0
0.281643 -0.320746 0
0.307257 -0.365509 0
0.314067 -0.323294 0
0.295531 -0.27347 0
0.281604 -0.320438 0
0.281434 -0.32033 0
0.295361 -0.273362 0
0.263551 -0.291284 0
0.352404 -0.386414 0
0.339111 -0.344574 0
0.307577 -0.365799 0
0.332552 -0.292838 0
0.295702 -0.273377 0
0.314237 -0.323201 0
0.317712 -0.25081 0
0.287882 -0.239911 0
0.295564 -0.272958 0
0.239495 -0.393656 0
0.208853 -0.352806 0
0.203311 -0.39765 0
0.307038 -0.365644 0
0.281424 -0.320882 0
0.248862 -0.363866 0
0.315006 -0.412296 0
0.352323 -0.386641 0
0.307496 -0.366026 0
0.277941 -0.437776 0
0.314652 -0.412538 0
0.276121 -0.387148 0
0.353465 -0.434718 0
0.318072 -0.462314 0
0.348663 -0.496722 0
0.339249 -0.344021 0
0.36828 -0.293783 0
0.332878 -0.292976 0
0.207322 -0.315575 0
0.182073 -0.332742 0
0.208674 -0.352328 0
0.0347474 -0.606726 0
-0.0148182 -0.553941 0
-0.0129774 -0.608758 0
0.0459729 -0.504369 0
0.0331644 -0.551068 0
0.0806377 -0.548746 0
0.0456477 -0.50422 0
-0.0162802 -0.504219 0
0.0328392 -0.550918 0
-7.6417e-05 -0.421115 0
-0.0407323 -0.459631 0
0.0178839 -0.45963 0
-0.0658639 -0.551662 0
-0.0151675 -0.553407 0
-0.0168137 -0.504386 0
-0.104535 -0.479325 0
-0.142391 -0.513314 0
-0.10507 -0.532085 0
-0.0701934 -0.60704 0
-0.0153466 -0.553752 0
-0.066043 -0.552006 0
-0.000176759 -0.739791 0
0.0107691 -0.670986 0
-0.0636197 -0.67099 0
0.046053 -0.50389 0
0.078622 -0.498732 0
0.0591181 -0.457918 0
-0.014837 -0.553405 0
0.0326362 -0.551083 0
-0.0164831 -0.504384 0
0.0807905 -0.548571 0
0.0786948 -0.499036 0
0.0461257 -0.504195 0
0.104491 -0.478865 0
0.137093 -0.468271 0
0.0972672 -0.439495 0
0.282387 -0.490341 0
0.301675 -0.535471 0
0.34837 -0.497153 0
0.363208 -0.625069 0
0.406483 -0.581794 0
0.342726 -0.569011 0
0.339434 -0.344179 0
0.387934 -0.339994 0
0.368465 -0.29394 0
0.307449 -0.365589 0
0.338984 -0.344364 0
0.314298 -0.323682 0
0.352673 -0.386328 0
0.387881 -0.340304 0
0.339381 -0.344489 0
0.449726 -0.435707 0
0.421469 -0.405866 0
0.396182 -0.45809 0
0.434044 -0.501785 0
0.449768 -0.436029 0
0.396224 -0.458412 0
0.48072 -0.467893 0
0.493018 -0.397357 0
0.450248 -0.435711 0
0.460176 -0.363671 0
0.430364 -0.333401 0
0.404495 -0.371546 0
0.492855 -0.396908 0
0.460443 -0.363997 0
0.421828 -0.405421 0
0.493356 -0.396675 0
0.532222 -0.364986 0
0.49983 -0.334704 0
0.45005 -0.435502 0
0.49282 -0.397148 0
0.421793 -0.405661 0
0.529091 -0.43291 0
0.576851 -0.398199 0
0.532599 -0.36532 0
0.342615 -0.56843 0
0.387758 -0.535621 0
0.348859 -0.497414 0
0.239968 -0.393904 0
0.27769 -0.437714 0
0.27587 -0.387085 0
0.242985 -0.467509 0
0.281954 -0.489917 0
0.277721 -0.438304 0
0.242872 -0.467789 0
0.243986 -0.522017 0
0.281841 -0.490198 0
0.179255 -0.461278 0
0.137495 -0.468459 0
0.142749 -0.513041 0
0.230187 -0.425729 0
0.179898 -0.460982 0
0.242485 -0.46737 0
0.170226 -0.420104 0
0.132836 -0.427832 0
0.179331 -0.460831 0
0.203152 -0.39798 0
0.170631 -0.419886 0
0.230024 -0.425359 0
0.239566 -0.393899 0
0.203383 -0.397893 0
0.230255 -0.425272 0
0.277538 -0.437842 0
0.239815 -0.394033 0
0.230504 -0.425406 0
0.248394 -0.364066 0
0.209004 -0.352693 0
0.239646 -0.393543 0
0.179378 -0.373334 0
0.170461 -0.419711 0
0.202982 -0.397805 0
0.132451 -0.427921 0
0.0973611 -0.439324 0
0.137187 -0.4681 0
0.144045 -0.391316 0
0.132717 -0.427599 0
0.170108 -0.419871 0
0.117101 -0.397387 0
0.0906305 -0.403453 0
0.097154 -0.439005 0
0.143868 -0.391241 0
0.117398 -0.397307 0
0.13254 -0.427523 0
0.143859 -0.391006 0
0.129632 -0.357568 0
0.117388 -0.397073 0
0.244182 -0.522244 0
0.301325 -0.535555 0
0.282037 -0.490426 0
0.188565 -0.563288 0
0.259999 -0.572382 0
0.243731 -0.522611 0
0.152685 -0.683246 0
0.201981 -0.618899 0
0.155206 -0.618899 0
0.227587 -0.67536 0
0.27789 -0.627837 0
0.202641 -0.618903 0
0.278467 -0.627327 0
0.341955 -0.568988 0
0.260628 -0.572751 0
0.275773 -0.386838 0
0.248618 -0.36418 0
0.23987 -0.393658 0
0.0366037 -0.419975 0
0.0327756 -0.384883 0
0.000232037 -0.420733 0
0.0181433 -0.459498 0
0.0365546 -0.420226 0
0.000182935 -0.420983 0
0.066576 -0.429455 0
0.0969845 -0.439113 0
0.0904609 -0.403561 0
0.0369012 -0.420051 0
0.0662588 -0.429375 0
0.0556944 -0.398736 0
0.0592474 -0.457471 0
0.0968797 -0.439294 0
0.0664713 -0.429636 0
0.0664381 -0.429319 0
0.090323 -0.403425 0
0.0558736 -0.39868 0
0.081113 -0.548602 0
0.142226 -0.513435 0
0.0790172 -0.499067 0
0.132384 -0.427684 0
0.117241 -0.397468 0
0.0972941 -0.439087 0
0.100465 -0.335943 0
0.129498 -0.357154 0
0.120795 -0.328443 0
0.164381 -0.278874 0
0.185606 -0.264807 0
0.156872 -0.255899 0
0.272167 -0.265477 0
0.26352 -0.2911 0
0.29533 -0.273178 0
0.287729 -0.23996 0
0.272248 -0.265305 0
0.295412 -0.273007 0
0.250348 -0.258223 0
0.263369 -0.29105 0
0.272016 -0.265427 0
0.235242 -0.220683 0
0.250214 -0.257868 0
0.260127 -0.229775 0
0.229813 -0.260328 0
0.239764 -0.287565 0
0.250128 -0.258194 0
0.208834 -0.352336 0
0.229626 -0.335194 0
0.207482 -0.315584 0
0.248844 -0.364087 0
0.275998 -0.386745 0
0.30702 -0.365865 0
0.185646 -0.264686 0
0.176302 -0.242822 0
0.156912 -0.255778 0
0.21332 -0.27527 0
0.185901 -0.264905 0
0.196124 -0.288824 0
0.203582 -0.250652 0
0.176458 -0.242805 0
0.185803 -0.264669 0
0.164216 -0.278882 0
0.156706 -0.255908 0
0.136359 -0.267303 0
0.114966 -0.27718 0
0.141584 -0.291749 0
0.136144 -0.267417 0
0.172748 -0.304447 0
0.195917 -0.288969 0
0.164469 -0.279117 0
0.73325 -0.867083 0
0.66725 -0.933083 0
0.7745 -0.924833 0
0.849361 -0.850306 0
0.733861 -0.866806 0
0.775111 -0.924556 0
0.570831 -0.928763 0
0.463928 -0.914806 0
0.500116 -0.999477 0
0.666127 -0.93354 0
0.571841 -0.928825 0
0.600127 -0.99954 0
0.642496 -0.856694 0
0.618832 -0.76011 0
0.558861 -0.820017 0
0.714111 -0.786222 0
0.643397 -0.856937 0
0.732968 -0.866365 0
0.71373 -0.785865 0
0.619352 -0.759996 0
0.643016 -0.85658 0
0.164512 -0.278985 0
0.19596 -0.288836 0
0.185737 -0.264917 0
0.141871 -0.29188 0
0.172567 -0.304457 0
0.164287 -0.279127 0
0.136309 -0.267423 0
0.141749 -0.291755 0
0.164166 -0.279003 0
0.117776 -0.301579 0
0.120914 -0.328201 0
0.1476 -0.319131 0
0.181953 -0.332583 0
0.207202 -0.315416 0
0.172844 -0.304714 0
0.66681 -0.932857 0
0.73281 -0.866857 0
0.643238 -0.857429 0
0.0920906 -0.903498 0
0.00352611 -0.903875 0
0.000319788 -0.999356 0
0.199611 -0.999697 0
0.183101 -0.909718 0
0.100611 -0.999697 0
0.162033 -0.751145 0
0.0719589 -0.740206 0
0.0803066 -0.816729 0
0.227167 -0.675546 0
0.202222 -0.619089 0
0.152927 -0.683436 0
0.305972 -0.68333 0
0.22784 -0.675951 0
0.250195 -0.740264 0
0.278 -0.627493 0
0.260161 -0.572917 0
0.202751 -0.618559 0
0.0795571 -0.817495 0
0.00637517 -0.817493 0
0.00350445 -0.902979 0
0.167735 -0.827361 0
0.0803958 -0.817527 0
0.0929076 -0.902634 0
0.0714374 -0.740427 0
0.00660313 -0.816947 0
0.0797851 -0.81695 0
-0.0163296 -0.503914 0
0.0455983 -0.503915 0
0.0181183 -0.460055 0
0.0831061 -0.60448 0
0.0807623 -0.549082 0
0.033289 -0.551404 0
0.0352286 -0.606705 0
0.0829533 -0.604674 0
0.0331362 -0.551597 0
0.0110558 -0.670335 0
0.0348342 -0.607117 0
-0.0128905 -0.609148 0
0.011386 -0.67053 0
0.085505 -0.667109 0
0.0351644 -0.607312 0
0.154796 -0.618452 0
0.148345 -0.563717 0
0.0837385 -0.604753 0
0.244109 -0.522519 0
0.260377 -0.57229 0
0.301252 -0.53583 0
0.179809 -0.461227 0
0.20361 -0.498746 0
0.242396 -0.467615 0
0.188427 -0.56361 0
0.20245 -0.618344 0
0.25986 -0.572703 0
0.203642 -0.49927 0
0.188376 -0.563043 0
0.243542 -0.522366 0
0.148694 -0.563579 0
0.155146 -0.618314 0
0.187897 -0.563579 0
0.0834914 -0.604521 0
0.148098 -0.563484 0
0.0811476 -0.549122 0
0.155325 -0.618498 0
0.202099 -0.618498 0
0.188076 -0.563763 0
0.249716 -0.74049 0
0.22736 -0.676177 0
0.16312 -0.750676 0
0.142816 -0.513699 0
0.148653 -0.563228 0
0.187855 -0.563228 0
0.229945 -0.42557 0
0.170552 -0.420097 0
0.179657 -0.460824 0
0.104448 -0.479214 0
0.0790955 -0.498834 0
0.142304 -0.513202 0
0.137244 -0.468518 0
0.104643 -0.479112 0
0.142499 -0.513101 0
0.203276 -0.498899 0
0.179476 -0.46138 0
0.14297 -0.513143 0
0.188039 -0.563013 0
0.203305 -0.49924 0
0.142999 -0.513484 0
0.243724 -0.522046 0
0.24261 -0.467819 0
0.203824 -0.49895 0
0.179221 -0.460993 0
0.132726 -0.427994 0
0.137461 -0.468173 0
0.0970064 -0.439459 0
0.0593741 -0.457636 0
0.104231 -0.478829 0
-0.089233 -0.73701 0
-0.113298 -0.675865 0
-0.169851 -0.747844 0
0.571286 -0.929048 0
0.500571 -0.999762 0
0.599571 -0.999762 0
0.558104 -0.820771 0
0.464123 -0.914207 0
0.571025 -0.928163 0
0.349212 -0.826162 0
0.433642 -0.832792 0
0.410458 -0.755779 0
0.349087 -0.826675 0
0.373247 -0.908478 0
0.433518 -0.833304 0
0.373516 -0.909328 0
0.400122 -0.999412 0
0.462934 -0.914741 0
0.4339 -0.833598 0
0.373629 -0.908772 0
0.463047 -0.914185 0
0.348193 -0.826625 0
0.260382 -0.821484 0
0.27915 -0.905432 0
0.117572 -0.301295 0
0.114741 -0.277272 0
0.092862 -0.285343 0
0.14767 -0.319009 0
0.141632 -0.292003 0
0.117846 -0.301457 0
0.141522 -0.291863 0
0.114904 -0.277294 0
0.117736 -0.301317 0
0.147927 -0.319305 0
0.154603 -0.349169 0
0.181694 -0.332744 0
0.141816 -0.292013 0
0.147853 -0.31902 0
0.172511 -0.304591 0
0.121037 -0.32836 0
0.154399 -0.349154 0
0.147723 -0.31929 0
0.0926415 -0.285418 0
0.0701968 -0.291748 0
0.0962075 -0.309171 0
0.144149 -0.390899 0
0.179128 -0.373076 0
0.154582 -0.349543 0
0.152795 -0.683877 0
0.162795 -0.750486 0
0.227035 -0.675987 0
0.0835298 -0.6051 0
0.0861457 -0.666929 0
0.154587 -0.618798 0
0.0722004 -0.739761 0
0.162275 -0.7507 0
0.152275 -0.684091 0
0.0860983 -0.667596 0
0.0719448 -0.739482 0
0.152019 -0.683812 0
0.154818 -0.619061 0
0.0863764 -0.667192 0
0.152297 -0.683408 0
0.0831299 -0.60506 0
0.0354051 -0.607092 0
0.0857457 -0.66689 0
0.0798456 -0.817782 0
0.00379298 -0.903266 0
0.0923575 -0.902889 0
0.000259219 -0.74051 0
0.00633627 -0.816691 0
0.0711705 -0.74017 0
-0.0451322 -0.776738 0
-0.0887447 -0.737571 0
-0.0920163 -0.814898 0
-0.0459336 -0.857796 0
-0.0449885 -0.777141 0
-0.0918726 -0.815302 0
-0.000445694 -0.740366 0
-0.0884374 -0.737321 0
-0.0448249 -0.776488 0
0.278399 -0.906304 0
0.183697 -0.909405 0
0.200208 -0.999384 0
0.372568 -0.9093 0
0.279365 -0.906304 0
0.300174 -0.999383 0
0.259831 -0.821759 0
0.183897 -0.908809 0
0.278599 -0.905708 0
0.0806288 -0.81702 0
0.167968 -0.826854 0
0.162356 -0.751436 0
0.278788 -0.906607 0
0.200597 -0.999687 0
0.299597 -0.999687 0
0.0932518 -0.902941 0
0.18297 -0.908819 0
0.16808 -0.827667 0
0.0930242 -0.903517 0
0.100253 -0.999374 0
0.182743 -0.909396 0
0.326233 -0.751063 0
0.306302 -0.683582 0
0.250526 -0.740517 0
0.399577 -0.999697 0
0.372971 -0.909613 0
0.300577 -0.999697 0
0.0701248 -0.291855 0
0.0712009 -0.317289 0
0.0961355 -0.309278 0
0.179255 -0.372881 0
0.181799 -0.332924 0
0.154708 -0.349348 0
0.170264 -0.419689 0
0.179181 -0.373311 0
0.144201 -0.391134 0
0.208581 -0.35252 0
0.18198 -0.332935 0
0.179436 -0.372892 0
0.20311 -0.397581 0
0.208651 -0.352737 0
0.179506 -0.373109 0
0.229766 -0.335078 0
0.250558 -0.317936 0
0.207622 -0.315468 0
0.248361 -0.363871 0
0.229763 -0.335356 0
0.208971 -0.352498 0
0.248501 -0.363755 0
0.250695 -0.318098 0
0.229903 -0.33524 0
0.207249 -0.31527 0
0.19606 -0.28909 0
0.172891 -0.304568 0
0.0964021 -0.309461 0
0.100354 -0.335783 0
0.120684 -0.328283 0
0.0928003 -0.285451 0
0.0963662 -0.309203 0
0.117511 -0.301402 0
0.0713018 -0.317437 0
0.100188 -0.335747 0
0.0962364 -0.309425 0
0.0737908 -0.378029 0
0.104505 -0.3653 0
0.0724471 -0.34627 0
0.0906558 -0.403207 0
0.117127 -0.39714 0
0.10471 -0.365554 0
0.0237001 -0.299142 0
0.0487674 -0.321709 0
0.0468588 -0.296401 0
0.0736118 -0.37798 0
0.0722681 -0.34622 0
0.051152 -0.350418 0
0.0330688 -0.384509 0
0.0734802 -0.378108 0
0.0510204 -0.350546 0
0.0905106 -0.403143 0
0.104565 -0.36549 0
0.0738514 -0.37822 0
0.104593 -0.365159 0
0.10022 -0.336029 0
0.0725358 -0.346129 0
0.260541 -0.820968 0
0.348352 -0.82611 0
0.326407 -0.751809 0
0.210524 -0.782792 0
0.259824 -0.820787 0
0.249983 -0.741082 0
0.163062 -0.751033 0
0.210199 -0.782558 0
0.249658 -0.740847 0
0.168727 -0.826973 0
0.259552 -0.821076 0
0.210251 -0.78308 0
0.168637 -0.827394 0
0.183528 -0.908546 0
0.259462 -0.821497 0
0.0555826 -0.398586 0
0.0329613 -0.384809 0
0.0367894 -0.419901 0
0.0590462 -0.457407 0
0.0662701 -0.429572 0
0.0369124 -0.420247 0
0.073496 -0.378269 0
0.0330845 -0.384669 0
0.0557058 -0.398446 0
0.0710504 -0.317513 0
0.0490107 -0.321936 0
0.0722523 -0.345922 0
0.0218651 -0.352992 0
0.0328956 -0.384424 0
0.0508472 -0.350462 0
-7.56089e-05 -0.300166 0
-0.0225314 -0.324459 0
-7.56099e-05 -0.325303 0
7.24337e-05 -0.353854 0
7.24337e-05 -0.385242 0
0.0215855 -0.353007 0
7.24337e-05 -0.325577 0
7.24337e-05 -0.353654 0
0.0215855 -0.352806 0
-7.56099e-05 -0.325482 0
-0.0225314 -0.324638 0
-7.56099e-05 -0.353559 0
-0.0468588 -0.296401 0
-0.0487674 -0.321709 0
-0.0237001 -0.299142 0
-0.287727 -0.621279 0
-0.236728 -0.670236 0
-0.224684 -0.607665 0
-0.371298 -0.699322 0
-0.306772 -0.683069 0
-0.346065 -0.640283 0
-0.326183 -0.751085 0
-0.236007 -0.747914 0
-0.306253 -0.683602 0
-0.17429 -0.825313 0
-0.235326 -0.74863 0
-0.254468 -0.823343 0
-0.170504 -0.747896 0
-0.162564 -0.680528 0
-0.235006 -0.747893 0
-0.174008 -0.825061 0
-0.170542 -0.748381 0
-0.235044 -0.748378 0
-0.17353 -0.825285 0
-0.0927177 -0.815097 0
-0.170065 -0.748605 0
-0.235227 -0.747635 0
-0.162785 -0.68027 0
-0.236345 -0.670901 0
-0.113413 -0.675268 0
-0.131482 -0.626704 0
-0.162026 -0.67988 0
0.34857 -0.826918 0
0.279527 -0.905725 0
0.37273 -0.908721 0
0.0216951 -0.35311 0
0.000182008 -0.385345 0
0.0327256 -0.384541 0
-0.0234564 -0.299163 0
-0.0226099 -0.324372 0
-0.000154068 -0.300079 0
-0.0293226 -0.353112 0
-0.0327512 -0.384541 0
-0.000207605 -0.385345 0
-0.0226295 -0.32473 0
-0.0292886 -0.352806 0
-0.00017364 -0.353651 0
-0.0508728 -0.350462 0
-0.0329212 -0.384424 0
-0.0294926 -0.352995 0
-0.0486866 -0.321803 0
-0.0227728 -0.324445 0
-0.0236193 -0.299236 0
-0.0701248 -0.291855 0
-0.0961355 -0.309278 0
-0.0712009 -0.317289 0
-0.0488006 -0.322068 0
-0.0509261 -0.350253 0
-0.0295459 -0.352785 0
-0.0699602 -0.291812 0
-0.0710363 -0.317246 0
-0.047088 -0.296362 0
-0.0790368 -0.341802 0
-0.0510922 -0.350216 0
-0.0489666 -0.322032 0
0.0107253 -0.670548 0
-0.0132211 -0.609361 0
-0.0636635 -0.670552 0
0.0711869 -0.739682 0
0.0112214 -0.671216 0
0.000275612 -0.740022 0
0.0714733 -0.739439 0
0.0856268 -0.667553 0
0.0115079 -0.670973 0
0.0589159 -0.457788 0
0.0183708 -0.459901 0
0.0458508 -0.50376 0
0.10417 -0.479028 0
0.0593131 -0.457835 0
0.0788171 -0.498649 0
0.0903473 -0.403254 0
0.0736881 -0.378331 0
0.055898 -0.398509 0
-0.0988667 -0.368077 0
-0.0737948 -0.378025 0
-0.0792796 -0.342049 0
-0.109631 -0.397734 0
-0.0991368 -0.368197 0
-0.124209 -0.358249 0
-0.109462 -0.397801 0
-0.0738961 -0.378212 0
-0.098968 -0.368264 0
-0.115135 -0.433937 0
-0.10975 -0.398064 0
-0.143785 -0.391265 0
-0.075317 -0.413825 0
-0.0738167 -0.378365 0
-0.109383 -0.397954 0
-0.0750612 -0.413781 0
-0.0331495 -0.384721 0
-0.0735609 -0.37832 0
-0.0622267 -0.501969 0
-0.0168881 -0.503908 0
-0.0410565 -0.46005 0
-0.0368544 -0.419953 0
-0.0330263 -0.38486 0
-0.074938 -0.413921 0
0.0588853 -0.457508 0
0.0367516 -0.420348 0
0.0183403 -0.459621 0
-0.000109575 -0.385572 0
-0.0326531 -0.384768 0
-0.000109575 -0.420617 0
-9.80312e-05 -0.385242 0
-9.80312e-05 -0.353854 0
-0.029213 -0.353009 0
0.0326531 -0.384768 0
0.000109573 -0.385572 0
0.000109573 -0.420617 0
0.0710363 -0.317246 0
0.0699602 -0.291812 0
0.047088 -0.296362 0
0.0227739 -0.324719 0
0.0218312 -0.352792 0
0.0508133 -0.350262 0
0.0487781 -0.321974 0
0.0228643 -0.324615 0
0.0509037 -0.350158 0
0.0721853 -0.346032 0
0.0489437 -0.322046 0
0.0510692 -0.35023 0
0.0709657 -0.317347 0
0.0470174 -0.296462 0
0.048926 -0.32177 0
0.0234564 -0.299163 0
0.000154068 -0.300079 0
0.0226099 -0.324372 0
0.09646 -0.309346 0
0.120742 -0.328168 0
0.117604 -0.301546 0
0.0724238 -0.345969 0
0.100108 -0.335869 0
0.0712219 -0.317559 0
0.104784 -0.365196 0
0.129444 -0.357278 0
0.100411 -0.336067 0
0.129679 -0.357199 0
0.154339 -0.349281 0
0.120976 -0.328488 0
0.117257 -0.396987 0
0.129501 -0.357482 0
0.104841 -0.3654 0
0.143983 -0.390846 0
0.154416 -0.34949 0
0.129756 -0.357408 0
0.147987 -0.319156 0
0.181754 -0.332595 0
0.172645 -0.304727 0
0.0227728 -0.324445 0
0.0486866 -0.321803 0
0.0236193 -0.299236 0
-0.169633 -0.482977 0
-0.153577 -0.428015 0
-0.194414 -0.452632 0
-0.0770249 -0.453885 0
-0.0753458 -0.414199 0
-0.114797 -0.434201 0
-0.104174 -0.479027 0
-0.0626387 -0.501866 0
-0.0769469 -0.454328 0
-0.114894 -0.434418 0
-0.10435 -0.478801 0
-0.0771222 -0.454102 0
-0.137462 -0.468533 0
-0.169406 -0.483315 0
-0.142716 -0.513115 0
-0.153204 -0.427904 0
-0.137316 -0.468084 0
-0.115259 -0.434294 0
-0.203505 -0.499257 0
-0.21332 -0.550251 0
-0.177364 -0.531406 0
-0.0411716 -0.45961 0
-0.0368874 -0.420337 0
-0.07665 -0.453991 0
-0.0624276 -0.501802 0
-0.0412573 -0.459883 0
-0.0767357 -0.454264 0
-0.115096 -0.434465 0
-0.137153 -0.468255 0
-0.104551 -0.478848 0
-0.0660221 -0.55149 0
-0.0169719 -0.504215 0
-0.0623105 -0.502275 0
-0.0166195 -0.503767 0
0.0178284 -0.459908 0
-0.0407878 -0.459909 0
-0.000259353 -0.420983 0
-0.036631 -0.420226 0
-0.0409153 -0.459499 0
-0.000232039 -0.420733 0
-0.0327756 -0.384883 0
-0.0366037 -0.419975 0
-0.109781 -0.39781 0
-0.124359 -0.358325 0
-0.143816 -0.391011 0
-0.0510204 -0.350546 0
-0.0734802 -0.378108 0
-0.0330688 -0.384509 0
-0.051175 -0.350404 0
-0.0791195 -0.34199 0
-0.0736348 -0.377965 0
-0.0664437 -0.552055 0
-0.134746 -0.568394 0
-0.0705941 -0.607089 0
-0.288365 -0.62143 0
-0.345786 -0.640021 0
-0.306493 -0.682808 0
-0.271769 -0.565319 0
-0.322563 -0.585563 0
-0.288172 -0.620855 0
-0.213769 -0.55044 0
-0.243853 -0.522543 0
-0.271257 -0.564873 0
-0.306573 -0.355887 0
-0.276044 -0.386668 0
-0.262999 -0.350965 0
-0.538317 -0.397248 0
-0.517151 -0.3238 0
-0.56851 -0.342565 0
-0.312628 -0.461781 0
-0.282143 -0.489933 0
-0.264576 -0.448831 0
-0.326852 -0.400934 0
-0.290491 -0.426173 0
-0.276204 -0.38707 0
-0.3759 -0.387414 0
-0.327383 -0.400738 0
-0.349477 -0.367144 0
-0.376136 -0.387688 0
-0.397999 -0.418235 0
-0.349581 -0.431476 0
-0.422392 -0.451596 0
-0.486501 -0.423775 0
-0.459883 -0.487554 0
-0.402684 -0.348781 0
-0.444761 -0.394068 0
-0.37647 -0.387331 0
-0.480919 -0.3592 0
-0.486648 -0.423154 0
-0.445391 -0.394223 0
-0.363495 -0.545105 0
-0.322916 -0.585212 0
-0.301861 -0.535949 0
-0.404467 -0.504611 0
-0.363888 -0.544717 0
-0.337782 -0.500537 0
-0.421831 -0.45179 0
-0.404781 -0.504182 0
-0.373625 -0.465085 0
-0.459674 -0.488231 0
-0.440995 -0.573269 0
-0.405132 -0.504666 0
-0.383745 -0.589376 0
-0.346161 -0.639589 0
-0.323132 -0.585706 0
-0.440605 -0.573742 0
-0.384198 -0.58902 0
-0.364164 -0.545245 0
-0.440787 -0.574101 0
-0.418414 -0.652247 0
-0.38438 -0.589379 0
-0.236154 -0.670464 0
-0.162593 -0.679832 0
-0.178079 -0.617274 0
-0.177728 -0.617127 0
-0.162242 -0.679685 0
-0.131698 -0.626508 0
-0.135322 -0.568675 0
-0.177638 -0.616754 0
-0.131607 -0.626136 0
-0.224317 -0.60765 0
-0.236361 -0.670222 0
-0.178286 -0.617032 0
-0.0962075 -0.309171 0
-0.0701968 -0.291748 0
-0.0926415 -0.285418 0
-0.0710734 -0.317498 0
-0.0791038 -0.341693 0
-0.0490337 -0.321922 0
-0.0470174 -0.296462 0
-0.0709657 -0.317347 0
-0.048926 -0.32177 0
-0.0962364 -0.309425 0
-0.100188 -0.335747 0
-0.0713018 -0.317437 0
-0.0712448 -0.317545 0
-0.100131 -0.335855 0
-0.0792753 -0.341739 0
-0.120845 -0.301402 0
-0.0963774 -0.309203 0
-0.0928115 -0.285451 0
-0.120963 -0.301546 0
-0.127783 -0.328168 0
-0.0964948 -0.309346 0
-0.127808 -0.328445 0
-0.124274 -0.357909 0
-0.100471 -0.335946 0
-0.148414 -0.348556 0
-0.124435 -0.357951 0
-0.127969 -0.328488 0
-0.191852 -0.363646 0
-0.160555 -0.370591 0
-0.172808 -0.339288 0
-0.160248 -0.370604 0
-0.124543 -0.358093 0
-0.148523 -0.348697 0
-0.191996 -0.363921 0
-0.203033 -0.397689 0
-0.173246 -0.394308 0
-0.219532 -0.344403 0
-0.19205 -0.363558 0
-0.173006 -0.3392 0
-0.219733 -0.344526 0
-0.233131 -0.375873 0
-0.192252 -0.363681 0
-0.153226 -0.427647 0
-0.115281 -0.434037 0
-0.143931 -0.391364 0
-0.10952 -0.39814 0
-0.114906 -0.434014 0
-0.0754549 -0.414012 0
-0.183599 -0.422393 0
-0.230039 -0.425549 0
-0.194717 -0.452421 0
-0.160556 -0.370775 0
-0.191853 -0.36383 0
-0.173103 -0.394218 0
-0.144147 -0.391041 0
-0.160395 -0.370867 0
-0.172943 -0.394309 0
-0.148684 -0.348634 0
-0.172663 -0.339238 0
-0.16041 -0.370541 0
-0.233203 -0.376257 0
-0.230234 -0.425212 0
-0.203362 -0.397834 0
-0.183627 -0.42221 0
-0.203195 -0.397988 0
-0.230067 -0.425366 0
-0.153623 -0.427812 0
-0.183342 -0.4224 0
-0.19446 -0.452429 0
-0.173217 -0.394504 0
-0.203004 -0.397884 0
-0.183436 -0.422106 0
-0.144124 -0.391231 0
-0.17292 -0.394499 0
-0.15342 -0.427514 0
-0.143985 -0.39092 0
-0.124528 -0.358235 0
-0.160233 -0.370746 0
-0.306706 -0.683441 0
-0.371233 -0.699694 0
-0.326637 -0.750923 0
-0.271814 -0.565034 0
-0.301553 -0.536016 0
-0.322608 -0.585279 0
-0.2248 -0.607313 0
-0.271441 -0.565392 0
-0.287844 -0.620928 0
-0.224552 -0.607077 0
-0.213704 -0.550724 0
-0.271192 -0.565156 0
-0.537924 -0.397636 0
-0.486959 -0.423166 0
-0.48123 -0.359211 0
-0.639827 -0.346558 0
-0.652482 -0.418177 0
-0.593743 -0.407514 0
-0.548169 -0.453159 0
-0.558808 -0.511921 0
-0.508121 -0.499507 0
-0.593056 -0.4078 0
-0.548385 -0.452471 0
-0.538504 -0.397897 0
-0.568765 -0.342846 0
-0.593124 -0.407432 0
-0.538572 -0.397529 0
-0.652414 -0.418616 0
-0.619587 -0.477398 0
-0.593675 -0.407953 0
-0.619124 -0.477861 0
-0.559181 -0.511849 0
-0.548541 -0.453086 0
-0.0701802 -0.607621 0
-0.063935 -0.670341 0
-0.0134926 -0.60915 0
-0.0294515 -0.352699 0
-0.0227923 -0.324624 0
-0.0487062 -0.321982 0
0.0226039 -0.324636 0
0.000148043 -0.325479 0
0.0216611 -0.352709 0
0.0225314 -0.324459 0
7.56088e-05 -0.300166 0
7.56078e-05 -0.325303 0
-0.100224 -0.336024 0
-0.0989554 -0.367936 0
-0.0793683 -0.341909 0
-0.0707382 -0.607695 0
-0.131175 -0.626461 0
-0.113107 -0.675026 0
-0.0151697 -0.553942 0
-0.0700165 -0.60723 0
-0.0133289 -0.60876 0
0.034901 -0.606534 0
0.0328087 -0.551426 0
-0.0146645 -0.553748 0
-0.0767638 -0.453838 0
-0.0370012 -0.420184 0
-0.0750848 -0.414152 0
-0.177014 -0.53123 0
-0.142849 -0.513325 0
-0.169539 -0.483525 0
-0.177649 -0.572334 0
-0.177277 -0.531652 0
-0.213233 -0.550496 0
-0.224238 -0.607102 0
-0.177806 -0.572587 0
-0.213391 -0.550749 0
-0.177792 -0.616575 0
-0.135476 -0.568495 0
-0.17739 -0.572678 0
-0.135357 -0.568013 0
-0.142734 -0.513609 0
-0.1769 -0.531514 0
-0.0708116 -0.607338 0
-0.134964 -0.568643 0
-0.131249 -0.626104 0
-0.105173 -0.532383 0
-0.142494 -0.513612 0
-0.135116 -0.568016 0
-0.0665589 -0.551805 0
-0.104918 -0.532511 0
-0.134861 -0.568144 0
-0.0663164 -0.551584 0
-0.0626048 -0.50237 0
-0.104676 -0.53229 0
0.0924131 -0.90382 0
0.000642326 -0.999677 0
0.0996423 -0.999677 0
0.168402 -0.826739 0
0.209927 -0.782846 0
0.16279 -0.751321 0
-0.189595 -0.906958 0
-0.254672 -0.824136 0
-0.28122 -0.904241 0
-0.10063 -0.999691 0
-0.188807 -0.907864 0
-0.19963 -0.999691 0
-0.174135 -0.825843 0
-0.254313 -0.823873 0
-0.189236 -0.906695 0
-0.0924345 -0.814803 0
-0.089163 -0.737476 0
-0.169781 -0.748311 0
-0.0961243 -0.901996 0
-0.0924695 -0.815612 0
-0.173282 -0.8258 0
-0.188706 -0.906958 0
-0.0964472 -0.902302 0
-0.173605 -0.826106 0
-0.0996529 -0.999675 0
-0.000652923 -0.999675 0
-0.0955709 -0.903193 0
0.00594809 -0.816814 0
-0.000128964 -0.740633 0
-0.0445082 -0.776754 0
-0.112882 -0.675174 0
-0.0642685 -0.670563 0
-0.0705137 -0.607842 0
-0.170096 -0.747654 0
-0.113542 -0.675674 0
-0.162156 -0.680286 0
-0.0888789 -0.736752 0
-0.0643301 -0.670995 0
-0.112944 -0.675607 0
-0.0456059 -0.857802 0
0.00579548 -0.817207 0
-0.0446608 -0.777148 0
-0.000509882 -0.740013 0
-0.0639528 -0.671211 0
-0.0885016 -0.736968 0
-0.141588 -0.291768 0
-0.114966 -0.27718 0
-0.136144 -0.267417 0
-0.100377 -0.335783 0
-0.0964257 -0.309461 0
-0.127714 -0.328283 0
-0.0928732 -0.285343 0
-0.114752 -0.277272 0
-0.120907 -0.301295 0
-0.141846 -0.291917 0
-0.16151 -0.280905 0
-0.166786 -0.308314 0
-0.12118 -0.301457 0
-0.141647 -0.292022 0
-0.14768 -0.319007 0
-0.12107 -0.301317 0
-0.114915 -0.277294 0
-0.141538 -0.291882 0
-0.0461038 -0.858215 0
-0.0920428 -0.815721 0
-0.0956975 -0.902105 0
0.00274492 -0.903401 0
-0.0457857 -0.858509 0
-0.0953794 -0.902399 0
0.00308497 -0.903116 0
0.0059557 -0.817629 0
-0.0454457 -0.858225 0
-0.000308794 -0.999354 0
0.00289753 -0.903873 0
-0.0952268 -0.902871 0
-0.627327 -0.278467 0
-0.568993 -0.341957 0
-0.572751 -0.260628 0
-0.639548 -0.346305 0
-0.593463 -0.40726 0
-0.569103 -0.342674 0
-0.404812 -0.504856 0
-0.440674 -0.573459 0
-0.364233 -0.544962 0
-0.422119 -0.451866 0
-0.45961 -0.487824 0
-0.405069 -0.504258 0
-0.398232 -0.41856 0
-0.421809 -0.451503 0
-0.373603 -0.464797 0
-0.349572 -0.431734 0
-0.397989 -0.418494 0
-0.37336 -0.464731 0
-0.376456 -0.387563 0
-0.444746 -0.394301 0
-0.398318 -0.41811 0
-0.445194 -0.394532 0
-0.486451 -0.423463 0
-0.422343 -0.451284 0
-0.487183 -0.423479 0
-0.538149 -0.397949 0
-0.54803 -0.452523 0
-0.516859 -0.323855 0
-0.538025 -0.397303 0
-0.48133 -0.358878 0
-0.511867 -0.559344 0
-0.494927 -0.642631 0
-0.44147 -0.573968 0
-0.460031 -0.488413 0
-0.51175 -0.558827 0
-0.441353 -0.573451 0
-0.569522 -0.587109 0
-0.64319 -0.663606 0
-0.563838 -0.682944 0
-0.558893 -0.512565 0
-0.569069 -0.586189 0
-0.512508 -0.55895 0
-0.559428 -0.512137 0
-0.619372 -0.478149 0
-0.622336 -0.538929 0
-0.487081 -0.423819 0
-0.547928 -0.452863 0
-0.507881 -0.499211 0
-0.622725 -0.538862 0
-0.619761 -0.478081 0
-0.675456 -0.49203 0
-0.569874 -0.586364 0
-0.622605 -0.539532 0
-0.68954 -0.584194 0
-0.569437 -0.586123 0
-0.559261 -0.512499 0
-0.622168 -0.539292 0
-0.716808 -0.437232 0
-0.735212 -0.506576 0
-0.676157 -0.491786 0
-0.699477 -0.371974 0
-0.716612 -0.436536 0
-0.653092 -0.418359 0
-0.760022 -0.405658 0
-0.735493 -0.506287 0
-0.71709 -0.436943 0
-0.778868 -0.565688 0
-0.735977 -0.507058 0
-0.843039 -0.507225 0
-0.418098 -0.652468 0
-0.34648 -0.639813 0
-0.384064 -0.5896 0
-0.36377 -0.545284 0
-0.383804 -0.589059 0
-0.323191 -0.58539 0
-0.161458 -0.280647 0
-0.13635 -0.267309 0
-0.156697 -0.255914 0
-0.176302 -0.242822 0
-0.185646 -0.264686 0
-0.156912 -0.255778 0
-0.16674 -0.308442 0
-0.147833 -0.319031 0
-0.1418 -0.292045 0
-0.18327 -0.422206 0
-0.153551 -0.427618 0
-0.173051 -0.394603 0
-0.264123 -0.448665 0
-0.229088 -0.476468 0
-0.230423 -0.425717 0
-0.169442 -0.48303 0
-0.137498 -0.468248 0
-0.153386 -0.428068 0
-0.203417 -0.49877 0
-0.1698 -0.483215 0
-0.194581 -0.45287 0
-0.203358 -0.499033 0
-0.177217 -0.531182 0
-0.169742 -0.483477 0
-0.229193 -0.476929 0
-0.281795 -0.490229 0
-0.24394 -0.522048 0
-0.290129 -0.426461 0
-0.264328 -0.448497 0
-0.230628 -0.425549 0
-0.290405 -0.426582 0
-0.312656 -0.461569 0
-0.264604 -0.448618 0
-0.104268 -0.479288 0
-0.104803 -0.532048 0
-0.0627322 -0.502127 0
-0.137245 -0.468519 0
-0.142499 -0.513101 0
-0.104643 -0.479112 0
-0.177688 -0.572808 0
-0.22412 -0.607324 0
-0.178089 -0.616705 0
-0.244147 -0.522494 0
-0.30129 -0.535805 0
-0.271551 -0.564823 0
-0.229261 -0.476684 0
-0.264296 -0.448881 0
-0.281863 -0.489983 0
-0.194779 -0.452848 0
-0.228767 -0.476726 0
-0.203614 -0.498748 0
-0.194868 -0.452603 0
-0.230191 -0.42573 0
-0.228856 -0.476481 0
-0.313216 -0.461641 0
-0.349288 -0.431879 0
-0.373076 -0.464876 0
-0.282387 -0.490106 0
-0.312872 -0.461954 0
-0.337203 -0.500212 0
-0.290688 -0.426525 0
-0.349011 -0.43175 0
-0.312939 -0.461512 0
-0.177016 -0.531711 0
-0.177388 -0.572393 0
-0.135473 -0.56821 0
-0.161408 -0.280768 0
-0.141744 -0.29178 0
-0.1363 -0.267429 0
-0.147634 -0.319128 0
-0.127955 -0.328201 0
-0.121134 -0.301579 0
-0.172682 -0.338932 0
-0.147937 -0.319188 0
-0.166844 -0.308599 0
-0.172621 -0.339066 0
-0.148642 -0.348462 0
-0.147876 -0.319322 0
-0.124178 -0.358042 0
-0.0991058 -0.36799 0
-0.100375 -0.336078 0
-0.196041 -0.289103 0
-0.20723 -0.315283 0
-0.16712 -0.30842 0
-0.185728 -0.264923 0
-0.195951 -0.288842 0
-0.161754 -0.280749 0
-0.194802 -0.228245 0
-0.203613 -0.25053 0
-0.176489 -0.242683 0
-0.19495 -0.22822 0
-0.220385 -0.235136 0
-0.20376 -0.250505 0
-0.245092 -0.24499 0
-0.260207 -0.229876 0
-0.263686 -0.263584 0
-0.229875 -0.260205 0
-0.24499 -0.245091 0
-0.263584 -0.263685 0
-0.229731 -0.260109 0
-0.220639 -0.235225 0
-0.244846 -0.244996 0
-0.213611 -0.275249 0
-0.22969 -0.260386 0
-0.239642 -0.287622 0
-0.207531 -0.315168 0
-0.213537 -0.275433 0
-0.239567 -0.287806 0
-0.196124 -0.288824 0
-0.185901 -0.264905 0
-0.213319 -0.275268 0
-0.235008 -0.220413 0
-0.212262 -0.212102 0
-0.228092 -0.194978 0
-0.213491 -0.275125 0
-0.203853 -0.250745 0
-0.22957 -0.260262 0
-0.194978 -0.228092 0
-0.212102 -0.212262 0
-0.220413 -0.235008 0
-0.207328 -0.315569 0
-0.219583 -0.344242 0
-0.173057 -0.339039 0
-0.156862 -0.255905 0
-0.185597 -0.264813 0
-0.161623 -0.280639 0
-0.263829 -0.263566 0
-0.26035 -0.229859 0
-0.287586 -0.23981 0
-0.317714 -0.250811 0
-0.295565 -0.272958 0
-0.287884 -0.239912 0
-0.239809 -0.287584 0
-0.229858 -0.260347 0
-0.263567 -0.263828 0
-0.207655 -0.31531 0
-0.239692 -0.287948 0
-0.250591 -0.317778 0
-0.203582 -0.250652 0
-0.185803 -0.264669 0
-0.176458 -0.242805 0
-0.229594 -0.260128 0
-0.203876 -0.250612 0
-0.220501 -0.235243 0
-0.213345 -0.27514 0
-0.185926 -0.264777 0
-0.203706 -0.250761 0
-0.147726 -0.319286 0
-0.148492 -0.348426 0
-0.128047 -0.328358 0
-0.288 -0.621532 0
-0.306128 -0.68291 0
-0.237001 -0.670488 0
-0.243678 -0.522077 0
-0.203779 -0.498981 0
-0.228931 -0.476959 0
-0.301325 -0.535555 0
-0.244182 -0.522244 0
-0.282037 -0.490426 0
-0.213543 -0.55022 0
-0.203727 -0.499226 0
-0.243626 -0.522323 0
-0.322812 -0.585813 0
-0.345841 -0.639696 0
-0.28842 -0.621104 0
-0.337166 -0.500459 0
-0.301637 -0.535482 0
-0.282349 -0.490352 0
-0.404499 -0.504344 0
-0.337814 -0.500271 0
-0.373343 -0.465247 0
-0.363544 -0.544822 0
-0.30191 -0.535665 0
-0.337438 -0.500642 0
-0.4101 -0.755506 0
-0.348853 -0.825887 0
-0.326908 -0.751586 0
-0.463047 -0.914185 0
-0.373629 -0.90877 0
-0.433899 -0.833595 0
-0.305953 -0.683333 0
-0.235707 -0.747645 0
-0.236826 -0.670912 0
-0.410176 -0.755084 0
-0.326984 -0.751163 0
-0.37158 -0.699934 0
-0.348333 -0.826115 0
-0.255354 -0.823356 0
-0.326389 -0.751814 0
-0.200236 -0.999372 0
-0.189413 -0.907546 0
-0.281037 -0.904829 0
-0.18846 -0.907539 0
-0.100283 -0.999366 0
-0.0962012 -0.902884 0
-0.263897 -0.263897 0
-0.295336 -0.273188 0
-0.273188 -0.295335 0
-0.282147 -0.904256 0
-0.348578 -0.82691 0
-0.372739 -0.908715 0
-0.200605 -0.999682 0
-0.281407 -0.905139 0
-0.299605 -0.999682 0
-0.255205 -0.823867 0
-0.348184 -0.826626 0
-0.281752 -0.903972 0
-0.220657 -0.235092 0
-0.235092 -0.220657 0
-0.244864 -0.244864 0
-0.192196 -0.363859 0
-0.233075 -0.376051 0
-0.203234 -0.397628 0
-0.161691 -0.280895 0
-0.195888 -0.288988 0
-0.166967 -0.308304 0
-0.295385 -0.273002 0
-0.263946 -0.263711 0
-0.287704 -0.239955 0
-0.332565 -0.292596 0
-0.295715 -0.273135 0
-0.317864 -0.250988 0
-0.314043 -0.323671 0
-0.306701 -0.355676 0
-0.263126 -0.350754 0
-0.332553 -0.292839 0
-0.314238 -0.323202 0
-0.295703 -0.273378 0
-0.332807 -0.293003 0
-0.371401 -0.322358 0
-0.314492 -0.323366 0
-0.220028 -0.34429 0
-0.250709 -0.318085 0
-0.262625 -0.350697 0
-0.207385 -0.315172 0
-0.196196 -0.288993 0
-0.213392 -0.275437 0
-0.250505 -0.20376 0
-0.235136 -0.220385 0
-0.22822 -0.19495 0
-0.999556 -0.600556 0
-0.999556 -0.699556 0
-0.867556 -0.666556 0
-0.281984 -0.904835 0
-0.372576 -0.909294 0
-0.300182 -0.999378 0
-0.288836 -0.19596 0
-0.264917 -0.185737 0
-0.278985 -0.164512 0
-0.390296 -0.135691 0
-0.358321 -0.124331 0
-0.397808 -0.109753 0
-0.397838 -0.202924 0
-0.382965 -0.162181 0
-0.419742 -0.170403 0
-0.27913 -0.164449 0
-0.308301 -0.166977 0
-0.288982 -0.195897 0
-0.255899 -0.156872 0
-0.278874 -0.164381 0
-0.264807 -0.185606 0
-0.291911 -0.141856 0
-0.308311 -0.166796 0
-0.27914 -0.164268 0
-0.357949 -0.124411 0
-0.348556 -0.148391 0
-0.328488 -0.120939 0
-0.338934 -0.172683 0
-0.308602 -0.166844 0
-0.319188 -0.147937 0
-0.39765 -0.202996 0
-0.363882 -0.191959 0
-0.382777 -0.162253 0
-0.275249 -0.213611 0
-0.287624 -0.239643 0
-0.260388 -0.229691 0
-0.250745 -0.203853 0
-0.275125 -0.213491 0
-0.260264 -0.229571 0
-0.288993 -0.196196 0
-0.315172 -0.207385 0
-0.275437 -0.213392 0
-0.338922 -0.172882 0
-0.31545 -0.207152 0
-0.308589 -0.167043 0
-0.344171 -0.219843 0
-0.317969 -0.250525 0
-0.315499 -0.207588 0
-0.363558 -0.19205 0
-0.344403 -0.219532 0
-0.339203 -0.173007 0
-0.382581 -0.162152 0
-0.363686 -0.191858 0
-0.339331 -0.172814 0
-0.397628 -0.203234 0
-0.376051 -0.233075 0
-0.363859 -0.192196 0
-0.37583 -0.233367 0
-0.350892 -0.262567 0
-0.344483 -0.219969 0
-0.289103 -0.196041 0
-0.308422 -0.167121 0
-0.315283 -0.20723 0
-0.287808 -0.239568 0
-0.275433 -0.213537 0
-0.315168 -0.207531 0
-0.264686 -0.185646 0
-0.242822 -0.176302 0
-0.255778 -0.156912 0
-0.275268 -0.213319 0
-0.264905 -0.185901 0
-0.288824 -0.196124 0
-0.250652 -0.203582 0
-0.242805 -0.176458 0
-0.264669 -0.185803 0
-0.279003 -0.164166 0
-0.267423 -0.136309 0
-0.291774 -0.141753 0
-0.928603 -0.571841 0
-0.999317 -0.600127 0
-0.867317 -0.666127 0
-0.855118 -0.584944 0
-0.928119 -0.57179 0
-0.866834 -0.666076 0
-0.789228 -0.654433 0
-0.779083 -0.566441 0
-0.85436 -0.584888 0
-0.800186 -0.749405 0
-0.789338 -0.655319 0
-0.866186 -0.666905 0
-0.799358 -0.749703 0
-0.693093 -0.751145 0
-0.714829 -0.660096 0
-0.844129 -0.507105 0
-0.912649 -0.466027 0
-0.928236 -0.570861 0
-0.779265 -0.565947 0
-0.843437 -0.507484 0
-0.854542 -0.584395 0
-0.833372 -0.434352 0
-0.912331 -0.465569 0
-0.843811 -0.506647 0
-0.91317 -0.466004 0
-0.999471 -0.500123 0
-0.928757 -0.570838 0
-0.301579 -0.117776 0
-0.328201 -0.120914 0
-0.319128 -0.1476 0
-0.292022 -0.141636 0
-0.301457 -0.117846 0
-0.319007 -0.147669 0
-0.308444 -0.166741 0
-0.292045 -0.1418 0
-0.319031 -0.147833 0
-0.267417 -0.136144 0
-0.27718 -0.114966 0
-0.291768 -0.141588 0
-0.277272 -0.114741 0
-0.285343 -0.092862 0
-0.301295 -0.117572 0
-0.999709 -0.499552 0
-0.913408 -0.465432 0
-0.999709 -0.400552 0
-0.643579 -0.115522 0
-0.605185 -0.0833625 0
-0.669152 -0.0752346 0
-0.642859 -0.193918 0
-0.618968 -0.155212 0
-0.679742 -0.162375 0
-0.607104 -0.224144 0
-0.557629 -0.201006 0
-0.564888 -0.161615 0
-0.445748 -0.0871559 0
-0.434153 -0.114856 0
-0.408097 -0.0829763 0
-0.501768 -0.0625216 0
-0.44614 -0.0869014 0
-0.457735 -0.0592008 0
-0.474101 -0.120948 0
-0.434375 -0.114984 0
-0.44597 -0.0872834 0
-0.513268 -0.174931 0
-0.474622 -0.121234 0
-0.522963 -0.112741 0
-0.468239 -0.163479 0
-0.434449 -0.11524 0
-0.474176 -0.121204 0
-0.476827 -0.22857 0
-0.468511 -0.164039 0
-0.513093 -0.175462 0
-0.420149 -0.170115 0
-0.434268 -0.115404 0
-0.468058 -0.163643 0
-0.55138 -0.0401874 0
-0.505038 -0.000134858 0
-0.553993 -0.000134858 0
-0.474585 -0.120857 0
-0.502081 -0.062813 0
-0.522926 -0.112365 0
-0.38454 0.0204576 0
-0.38454 -0.0204577 0
-0.353957 -1.02445e-09 0
-0.457368 0.0589543 0
-0.420207 0.0197281 0
-0.417939 0.0559807 0
-0.420354 -0.0193441 0
-0.459628 0.0178954 0
-0.459628 -0.0180253 0
-0.474327 -0.120773 0
-0.446196 -0.087108 0
-0.501823 -0.0627282 0
-0.407726 -0.0829499 0
-0.397909 -0.109444 0
-0.371214 -0.0846605 0
-0.457454 -0.0591796 0
-0.445859 -0.0868802 0
-0.418025 -0.0562061 0
-0.433993 -0.114932 0
-0.39812 -0.109546 0
-0.407937 -0.0830515 0
-0.398013 -0.203102 0
-0.419918 -0.170581 0
-0.435221 -0.215264 0
-0.39945 -0.26217 0
-0.397944 -0.203409 0
-0.435152 -0.215571 0
-0.375873 -0.233131 0
-0.344526 -0.219733 0
-0.363681 -0.192252 0
-0.291855 -0.0701248 0
-0.317329 -0.0712025 0
-0.309278 -0.0961355 0
-0.291812 -0.0699602 0
-0.296362 -0.047088 0
-0.317285 -0.071038 0
-0.999393 -0.300157 0
-0.910865 -0.370221 0
-0.907565 -0.27663 0
-0.319286 -0.147703 0
-0.328358 -0.121017 0
-0.348426 -0.148469 0
-0.285418 -0.0926415 0
-0.291748 -0.0701968 0
-0.309171 -0.0962075 0
-0.309425 -0.0962364 0
-0.317476 -0.0713034 0
-0.335747 -0.100188 0
-0.328283 -0.120684 0
-0.309461 -0.0964021 0
-0.335783 -0.100354 0
-0.301402 -0.117511 0
-0.285451 -0.0928003 0
-0.309203 -0.0963662 0
-0.907863 -0.276061 0
-0.999691 -0.200587 0
-0.999691 -0.299587 0
-0.999702 -0.399569 0
-0.911174 -0.370633 0
-0.999702 -0.300569 0
-0.821483 -0.259499 0
-0.825835 -0.174152 0
-0.906685 -0.189253 0
-0.325303 7.56078e-05 0
-0.300166 7.56088e-05 0
-0.324459 0.0225314 0
-0.335946 -0.100447 0
-0.357907 -0.12425 0
-0.328445 -0.120778 0
-0.301546 -0.117604 0
-0.309346 -0.09646 0
-0.328168 -0.120742 0
-0.341918 -0.0793201 0
-0.370787 -0.0846174 0
-0.336034 -0.100176 0
-0.371048 -0.0847988 0
-0.397743 -0.109583 0
-0.358256 -0.12416 0
-0.350514 -0.0511252 0
-0.382068 -0.0535049 0
-0.370969 -0.084367 0
-0.317538 -0.071075 0
-0.321922 -0.0490337 0
-0.341693 -0.0791038 0
-0.352984 -0.0219336 0
-0.382008 -0.0532954 0
-0.350454 -0.0509157 0
-0.38226 -0.053611 0
-0.407674 -0.0827625 0
-0.371161 -0.0844731 0
-0.420222 -0.0192187 0
-0.420222 0.0193397 0
-0.459495 0.0180208 0
-0.417859 -0.0562853 0
-0.445693 -0.0869594 0
-0.408042 -0.0827798 0
-0.434008 -0.115311 0
-0.419889 -0.170022 0
-0.390623 -0.135862 0
-0.906959 -0.188696 0
-0.826109 -0.173595 0
-0.902929 -0.0932894 0
-0.907554 -0.275691 0
-0.907554 -0.189395 0
-0.999382 -0.200218 0
-0.906957 -0.275891 0
-0.821755 -0.259841 0
-0.906957 -0.189595 0
-0.299142 -0.0237001 0
-0.321709 -0.0487674 0
-0.296401 -0.0468588 0
-0.300082 -7.84591e-05 0
-0.325218 -7.84601e-05 0
-0.299166 -0.0233808 0
-0.352792 -0.0218433 0
-0.350262 -0.0508254 0
-0.324719 -0.0263825 0
-0.3253 -0.000166178 0
-0.324456 -0.0262185 0
-0.299248 -0.0234685 0
-0.352803 0.0292884 0
-0.353651 0.000173637 0
-0.32473 0.0226295 0
-0.352709 -0.0216733 0
-0.324636 -0.0262124 0
-0.325479 -0.000160154 0
-0.353654 -7.24357e-05 0
-0.352806 -0.0215855 0
-0.325577 -7.24357e-05 0
-0.384434 0.0206246 0
-0.353851 0.000166909 0
-0.353004 0.0292816 0
-0.382122 0.0532198 0
-0.384529 0.0208026 0
-0.353099 0.0294597 0
-0.401883 0.00100399 0
-0.419911 -0.0194092 0
-0.384818 -0.0205876 0
-0.419911 0.0194168 0
-0.401883 0.00127158 0
-0.384818 0.0205953 0
-0.420029 0.019283 0
-0.420029 -0.0192754 0
-0.402002 0.00113778 0
-0.384434 -0.020599 0
-0.353004 -0.0216544 0
-0.353851 -0.000141317 0
-0.382416 -0.0535161 0
-0.417647 -0.056173 0
-0.40783 -0.0826676 0
-0.341966 -0.0791558 0
-0.35038 -0.0512113 0
-0.370835 -0.084453 0
-0.384745 -0.0208915 0
-0.41757 -0.0559657 0
-0.382339 -0.0533088 0
-0.751139 -0.162083 0
-0.73918 -0.0806013 0
-0.816006 -0.0863952 0
-0.744974 -0.242423 0
-0.751189 -0.162917 0
-0.825059 -0.174007 0
-0.739143 -0.0800884 0
-0.74016 -0.0092308 0
-0.815969 -0.0858823 0
-0.680503 -0.16202 0
-0.738725 -0.0808551 0
-0.750684 -0.162337 0
-0.643301 -0.115916 0
-0.61861 -0.154814 0
-0.572496 -0.121576 0
-0.679914 -0.161847 0
-0.64383 -0.115786 0
-0.669403 -0.0754979 0
-0.679744 -0.162113 0
-0.61897 -0.15495 0
-0.643661 -0.116052 0
-0.32177 0.048926 0
-0.296462 0.0470174 0
-0.317347 0.0709657 0
-0.902886 0.0923778 0
-0.903264 0.00381331 0
-0.817062 0.0859053 0
-0.999677 -0.0996423 0
-0.90382 -0.0924131 0
-0.999677 -0.000642326 0
-0.816686 0.00633609 0
-0.740162 -0.00838776 0
-0.739145 0.0797634 0
-0.902977 0.00352478 0
-0.81749 0.00639551 0
-0.816775 0.0856167 0
-0.902977 0.00295038 0
-0.816775 -0.0855542 0
-0.81749 0.00582111 0
-0.825806 -0.173252 0
-0.816802 -0.0864739 0
-0.902627 -0.0929464 0
-0.825299 -0.173485 0
-0.751428 -0.162394 0
-0.816295 -0.0867069 0
-0.999368 -0.100273 0
-0.90754 -0.188449 0
-0.90351 -0.0930434 0
-0.820941 -0.259679 0
-0.745208 -0.242748 0
-0.825293 -0.174332 0
-0.609155 0.0572163 0
-0.670342 0.063891 0
-0.609155 0.0134491 0
-0.590362 0.173166 0
-0.622692 0.143471 0
-0.568575 0.135347 0
-0.61375 0.213153 0
-0.683243 0.152684 0
-0.623154 0.143663 0
-0.688508 -0.298632 0
-0.69934 -0.37127 0
-0.640301 -0.346037 0
-0.820708 -0.260166 0
-0.755802 -0.319665 0
-0.744975 -0.243235 0
-0.829157 -0.344732 0
-0.832816 -0.433609 0
-0.760722 -0.405106 0
-0.277294 -0.114904 0
-0.301317 -0.117736 0
-0.291882 -0.141526 0
-0.47444 -0.121405 0
-0.513085 -0.175102 0
-0.468503 -0.16368 0
-0.688894 -0.298545 0
-0.75521 -0.320221 0
-0.699726 -0.371184 0
-0.627951 -0.278605 0
-0.688269 -0.298321 0
-0.640061 -0.345726 0
-0.569218 -0.342243 0
-0.627552 -0.278753 0
-0.639662 -0.345874 0
-0.607691 -0.224652 0
-0.670262 -0.236696 0
-0.627783 -0.277994 0
-0.670922 -0.236824 0
-0.74425 -0.243084 0
-0.688761 -0.297838 0
-0.750704 -0.162879 0
-0.744489 -0.242385 0
-0.680522 -0.162562 0
-0.82099 -0.260504 0
-0.829102 -0.343869 0
-0.756084 -0.320002 0
-0.339041 -0.173058 0
-0.344242 -0.219583 0
-0.315569 -0.207328 0
-0.476466 -0.229084 0
-0.438151 -0.277452 0
-0.435544 -0.215708 0
-0.468251 -0.164173 0
-0.476567 -0.228704 0
-0.435645 -0.215328 0
-0.522015 -0.243981 0
-0.480476 -0.294166 0
-0.476897 -0.229234 0
-0.513273 -0.175729 0
-0.522125 -0.243584 0
-0.477007 -0.228837 0
-0.516666 -0.323511 0
-0.481137 -0.358534 0
-0.480473 -0.294864 0
-0.262754 -0.351033 0
-0.275799 -0.386735 0
-0.233554 -0.375972 0
-0.207588 -0.315499 0
-0.250524 -0.317967 0
-0.219843 -0.344171 0
-0.399252 -0.262229 0
-0.37617 -0.23331 0
-0.397747 -0.203469 0
-0.402365 -0.34869 0
-0.376152 -0.38724 0
-0.349729 -0.36697 0
-0.404759 -0.300374 0
-0.402535 -0.348251 0
-0.371936 -0.322466 0
-0.441372 -0.321859 0
-0.444978 -0.393849 0
-0.402902 -0.348562 0
-0.351076 -0.26271 0
-0.376013 -0.233509 0
-0.399095 -0.262428 0
-0.273002 -0.295384 0
-0.239954 -0.287701 0
-0.263712 -0.263945 0
-0.28795 -0.239693 0
-0.31531 -0.207655 0
-0.31778 -0.250592 0
-0.404969 -0.299938 0
-0.399482 -0.262701 0
-0.437792 -0.277846 0
-0.360847 -0.291678 0
-0.371557 -0.322252 0
-0.332962 -0.292897 0
-0.399045 -0.262622 0
-0.360999 -0.291378 0
-0.351025 -0.262904 0
-0.40462 -0.300184 0
-0.371797 -0.322276 0
-0.361087 -0.291702 0
-0.441356 -0.321309 0
-0.405109 -0.300135 0
-0.437932 -0.278043 0
-0.441238 -0.321545 0
-0.402768 -0.348248 0
-0.404991 -0.300371 0
-0.480078 -0.294588 0
-0.441608 -0.321291 0
-0.438184 -0.278024 0
-0.480768 -0.35886 0
-0.44524 -0.393883 0
-0.441634 -0.321893 0
-0.349203 -0.366781 0
-0.306989 -0.355729 0
-0.314332 -0.323725 0
-0.349419 -0.36667 0
-0.314548 -0.323613 0
-0.371457 -0.322605 0
-0.327152 -0.400632 0
-0.307032 -0.355987 0
-0.349246 -0.367039 0
-0.262803 -0.350534 0
-0.250887 -0.317922 0
-0.273035 -0.295775 0
-0.361179 -0.291502 0
-0.399225 -0.262746 0
-0.404712 -0.299984 0
-0.318048 -0.250953 0
-0.35066 -0.262869 0
-0.332749 -0.292562 0
-0.318087 -0.25071 0
-0.34429 -0.220028 0
-0.350699 -0.262625 0
-0.435286 -0.21582 0
-0.437893 -0.277564 0
-0.399584 -0.262418 0
-0.480221 -0.294858 0
-0.480886 -0.358528 0
-0.441751 -0.321561 0
-0.290168 -0.426255 0
-0.230667 -0.425343 0
-0.275881 -0.387152 0
-0.25053 -0.203613 0
-0.228245 -0.194802 0
-0.242683 -0.176489 0
-0.255908 -0.156706 0
-0.267303 -0.136359 0
-0.278882 -0.164216 0
-0.234982 -0.220547 0
-0.220547 -0.234983 0
-0.212237 -0.212237 0
-0.260131 -0.229595 0
-0.235243 -0.220501 0
-0.250612 -0.203876 0
-0.260112 -0.229732 0
-0.244997 -0.244846 0
-0.235224 -0.220639 0
-0.348674 -0.14869 0
-0.382531 -0.162007 0
-0.33928 -0.172669 0
-0.319322 -0.147876 0
-0.348462 -0.148642 0
-0.339068 -0.172622 0
-0.358156 -0.124461 0
-0.390131 -0.135821 0
-0.348763 -0.148441 0
-0.207152 -0.31545 0
-0.172881 -0.33892 0
-0.167043 -0.308587 0
-0.219969 -0.344483 0
-0.262567 -0.350891 0
-0.233367 -0.37583 0
-0.250761 -0.203706 0
-0.264777 -0.185926 0
-0.27514 -0.213345 0
-0.272959 -0.295564 0
-0.25081 -0.317712 0
-0.239911 -0.287882 0
-0.31404 -0.323211 0
-0.273356 -0.295534 0
-0.295505 -0.273387 0
-0.313931 -0.32347 0
-0.263014 -0.350553 0
-0.273247 -0.295793 0
-0.275691 -0.386984 0
-0.230476 -0.425175 0
-0.233446 -0.37622 0
-0.285418 0.0926415 0
-0.309171 0.0962075 0
-0.291748 0.0701968 0
-0.999691 -0.19963 0
-0.907863 -0.188807 0
-0.999691 -0.10063 0
-0.669693 -0.074637 0
-0.67098 -0.011262 0
-0.739443 -0.008963 0
-0.680231 -0.161728 0
-0.66972 -0.0753797 0
-0.738453 -0.0805633 0
-0.605063 -0.0830935 0
-0.607097 -0.0353689 0
-0.66903 -0.0749656 0
-0.73847 0.0804941 0
-0.671024 0.0644322 0
-0.68382 0.151976 0
-0.815996 0.0864209 0
-0.73917 0.080627 0
-0.748317 0.169732 0
-0.816227 0.0858736 0
-0.816941 0.0066524 0
-0.7394 0.0800797 0
-0.738657 0.0799566 0
-0.739674 -0.00819461 0
-0.671212 0.0638947 0
-0.90262 0.0929644 0
-0.816796 0.0864918 0
-0.823829 0.178609 0
-0.740421 -0.00894265 0
-0.816945 0.0057812 0
-0.81623 -0.0855941 0
-0.670548 -0.0107253 0
-0.609361 0.0132211 0
-0.670548 0.063663 0
-0.738653 -0.0800514 0
-0.66992 -0.0748679 0
-0.73967 -0.00919384 0
-0.607115 -0.0348341 0
-0.609148 0.0128905 0
-0.670335 -0.0110558 0
-0.669249 -0.0747249 0
-0.607316 -0.0351281 0
-0.670537 -0.0113498 0
-0.604477 -0.0831309 0
-0.549083 -0.0807873 0
-0.551696 -0.0407348 0
-0.571914 -0.121586 0
-0.564656 -0.160977 0
-0.523461 -0.112695 0
-0.744221 -0.242631 0
-0.670894 -0.236371 0
-0.680254 -0.162809 0
-0.476616 -0.229347 0
-0.480195 -0.294279 0
-0.438301 -0.277716 0
-0.572362 -0.260042 0
-0.522591 -0.243774 0
-0.557371 -0.2014 0
-0.544065 -0.292427 0
-0.516877 -0.323289 0
-0.480684 -0.294642 0
-0.572318 -0.260346 0
-0.544391 -0.292047 0
-0.522548 -0.244078 0
-0.572473 -0.260675 0
-0.568716 -0.342003 0
-0.544545 -0.292376 0
-0.670985 -0.0107982 0
-0.670985 0.0635901 0
-0.739447 -0.00849915 0
-0.554525 -7.31443e-05 0
-0.60876 0.0129274 0
-0.606726 -0.0347972 0
-0.551721 -0.0403044 0
-0.554334 -0.000251774 0
-0.606535 -0.0349759 0
-0.60467 -0.0829781 0
-0.55189 -0.040582 0
-0.606704 -0.0352535 0
-0.548741 -0.0807179 0
-0.502424 -0.0624389 0
-0.551354 -0.0406653 0
-0.504194 0.0461257 0
-0.499036 0.0786948 0
-0.548571 0.0807905 0
-0.55136 0.0406101 0
-0.50437 0.0459979 0
-0.548747 0.0806627 0
-0.504565 0.000213469 0
-0.460057 0.0181738 0
-0.503917 0.0456538 0
-0.551213 0.0403404 0
-0.504871 0.000287854 0
-0.504223 0.0457281 0
-0.518655 0.127525 0
-0.498853 0.079046 0
-0.479231 0.104398 0
-0.588119 0.0969489 0
-0.549084 0.0811484 0
-0.568321 0.134883 0
-0.55138 0.0401874 0
-0.553993 0.000134856 0
-0.505038 0.000134856 0
-0.608558 0.0573635 0
-0.55171 0.0406483 0
-0.549097 0.0807008 0
-0.608758 0.0571375 0
-0.608758 0.0133703 0
-0.55191 0.0404223 0
-0.670273 0.0641702 0
-0.609087 0.0574954 0
-0.588661 0.0966333 0
-0.608575 0.0131792 0
-0.554341 0.000178629 0
-0.551727 0.0402312 0
-0.910049 0.370896 0
-0.826688 0.349065 0
-0.836442 0.429536 0
-0.999702 0.300569 0
-0.911174 0.370633 0
-0.999702 0.399569 0
-0.906986 0.276792 0
-0.826925 0.348552 0
-0.910286 0.370383 0
-0.999691 0.200587 0
-0.907863 0.276061 0
-0.999691 0.299587 0
-0.906687 0.189254 0
-0.823867 0.179493 0
-0.823867 0.254331 0
-0.676168 0.227386 0
-0.740481 0.249742 0
-0.747854 0.170769 0
-0.613926 0.213433 0
-0.675529 0.227205 0
-0.683419 0.152965 0
-0.621 0.288542 0
-0.569143 0.34233 0
-0.625201 0.362813 0
-0.675553 0.227966 0
-0.621549 0.28797 0
-0.682927 0.306098 0
-0.613113 0.213783 0
-0.550744 0.213668 0
-0.565176 0.271156 0
-0.518989 0.378169 0
-0.584233 0.416967 0
-0.568664 0.342811 0
-0.751161 0.326991 0
-0.694204 0.378852 0
-0.759998 0.404864 0
-0.683002 0.306853 0
-0.625824 0.362995 0
-0.693527 0.378644 0
-0.740517 0.250526 0
-0.683578 0.306301 0
-0.75106 0.326232 0
-0.67532 0.227657 0
-0.613718 0.213885 0
-0.621317 0.287661 0
-0.317289 0.0712009 0
-0.291855 0.0701248 0
-0.309278 0.0961355 0
-0.357199 0.129679 0
-0.328488 0.120976 0
-0.349281 0.154339 0
-0.381905 0.153703 0
-0.357378 0.129789 0
-0.34946 0.154449 0
-0.365196 0.104784 0
-0.336067 0.100411 0
-0.357278 0.129444 0
-0.373646 0.0791256 0
-0.346255 0.072465 0
-0.365285 0.104523 0
-0.291749 0.141584 0
-0.27718 0.114966 0
-0.267417 0.136144 0
-0.328201 0.120914 0
-0.301579 0.117776 0
-0.319131 0.1476 0
-0.328168 0.120742 0
-0.309346 0.09646 0
-0.301546 0.117604 0
-0.317437 0.0713018 0
-0.309425 0.0962364 0
-0.335747 0.100188 0
-0.285343 0.092862 0
-0.277272 0.114741 0
-0.301295 0.117572 0
-0.903875 0.00290813 0
-0.999356 -0.000298197 0
-0.903498 -0.092069 0
-0.817062 -0.0858837 0
-0.903264 0.00262093 0
-0.902886 -0.0923562 0
-0.903498 0.0920906 0
-0.999356 0.000319788 0
-0.903875 0.00352611 0
-0.32836 0.121037 0
-0.31929 0.147723 0
-0.349154 0.154399 0
-0.309461 0.0964021 0
-0.328283 0.120684 0
-0.335783 0.100354 0
-0.309203 0.0963662 0
-0.285451 0.0928003 0
-0.301402 0.117511 0
-0.267423 0.136309 0
-0.279003 0.164166 0
-0.291755 0.141749 0
-0.907863 0.188807 0
-0.999691 0.19963 0
-0.999691 0.10063 0
-0.90351 0.0930434 0
-0.90754 0.188449 0
-0.999368 0.100273 0
-0.999677 0.000642326 0
-0.90382 0.0924131 0
-0.999677 0.0996423 0
-0.747874 0.169954 0
-0.738727 0.0808482 0
-0.684078 0.15233 0
-0.823876 0.255187 0
-0.826635 0.348166 0
-0.906696 0.276406 0
-0.278882 0.164216 0
-0.267303 0.136359 0
-0.255908 0.156706 0
-0.250652 0.203582 0
-0.264668 0.185803 0
-0.242805 0.176458 0
-0.519001 0.127949 0
-0.513567 0.175029 0
-0.567971 0.135301 0
-0.548852 0.0812514 0
-0.519119 0.127634 0
-0.56809 0.134986 0
-0.47913 0.104594 0
-0.468537 0.137195 0
-0.518553 0.12772 0
-0.518667 0.127956 0
-0.468651 0.137431 0
-0.513233 0.175036 0
-0.457835 0.0593131 0
-0.479027 0.104169 0
-0.498649 0.0788171 0
-0.457636 0.0593741 0
-0.439458 0.0970062 0
-0.478829 0.104231 0
-0.427832 0.132836 0
-0.420104 0.170226 0
-0.460831 0.179331 0
-0.273001 0.295384 0
-0.26371 0.263945 0
-0.239954 0.287701 0
-0.315174 0.207386 0
-0.288995 0.196197 0
-0.275437 0.213392 0
-0.335077 0.229765 0
-0.31547 0.207623 0
-0.317936 0.250558 0
-0.352326 0.208674 0
-0.332742 0.182073 0
-0.315578 0.207323 0
-0.260205 0.229875 0
-0.245091 0.244989 0
-0.263685 0.263583 0
-0.275249 0.213611 0
-0.260386 0.22969 0
-0.287622 0.239642 0
-0.31517 0.207531 0
-0.275433 0.213537 0
-0.287806 0.239567 0
-0.288826 0.196125 0
-0.264904 0.185901 0
-0.275268 0.213319 0
-0.235092 0.220657 0
-0.220657 0.235092 0
-0.244863 0.244863 0
-0.250612 0.203876 0
-0.235243 0.220501 0
-0.260128 0.229594 0
-0.250505 0.20376 0
-0.22822 0.19495 0
-0.235136 0.220385 0
-0.448881 0.264296 0
-0.489983 0.281863 0
-0.476684 0.229261 0
-0.25053 0.203613 0
-0.242683 0.176489 0
-0.228245 0.194802 0
-0.403847 0.194738 0
-0.425515 0.230026 0
-0.460769 0.179738 0
-0.382294 0.153973 0
-0.403566 0.194453 0
-0.41976 0.170347 0
-0.387407 0.218975 0
-0.425268 0.230158 0
-0.403601 0.19487 0
-0.3527 0.208704 0
-0.387062 0.218852 0
-0.373073 0.179559 0
-0.349348 0.154708 0
-0.332924 0.181799 0
-0.372881 0.179255 0
-0.335355 0.229763 0
-0.363869 0.248361 0
-0.352496 0.20897 0
-0.315586 0.207482 0
-0.335193 0.229625 0
-0.352334 0.208833 0
-0.318014 0.25078 0
-0.338623 0.273898 0
-0.335155 0.229988 0
-0.364198 0.248504 0
-0.399177 0.262333 0
-0.387188 0.219262 0
-0.352669 0.208934 0
-0.364042 0.248325 0
-0.387032 0.219083 0
-0.295384 0.273001 0
-0.287701 0.239954 0
-0.263945 0.26371 0
-0.332608 0.181735 0
-0.319169 0.147968 0
-0.308578 0.166874 0
-0.262567 0.350891 0
-0.219969 0.344483 0
-0.233367 0.37583 0
-0.324664 0.392381 0
-0.36662 0.421399 0
-0.358318 0.358727 0
-0.276268 0.386832 0
-0.324208 0.392282 0
-0.312259 0.363746 0
-0.290784 0.426261 0
-0.366394 0.421626 0
-0.324438 0.392607 0
-0.250709 0.318085 0
-0.220028 0.34429 0
-0.262625 0.350697 0
-0.312137 0.363441 0
-0.300918 0.336858 0
-0.263101 0.350824 0
-0.239733 0.287911 0
-0.219782 0.304367 0
-0.250632 0.317741 0
-0.907554 0.275691 0
-0.999382 0.200218 0
-0.907554 0.189395 0
-0.823071 0.255026 0
-0.740985 0.250353 0
-0.751528 0.32606 0
-0.906965 0.189577 0
-0.824146 0.254654 0
-0.906965 0.275873 0
-0.823312 0.179696 0
-0.741226 0.249862 0
-0.823312 0.254534 0
-0.902922 0.0933074 0
-0.824132 0.178952 0
-0.906952 0.188714 0
-0.748347 0.170608 0
-0.740974 0.249581 0
-0.82306 0.179414 0
-0.816279 0.0867506 0
-0.748599 0.170062 0
-0.823313 0.178868 0
-0.683867 0.15282 0
-0.675978 0.227061 0
-0.747664 0.170444 0
-0.322046 0.0489437 0
-0.346032 0.0721853 0
-0.35023 0.0510692 0
-0.291812 0.0699602 0
-0.317246 0.0710363 0
-0.296362 0.047088 0
-0.350454 0.0509413 0
-0.382008 0.053321 0
-0.352984 0.0295608 0
-0.324624 0.0227923 0
-0.321982 0.0487062 0
-0.352697 0.0294512 0
-0.346205 0.072286 0
-0.373596 0.0789465 0
-0.350403 0.0511699 0
-0.335869 0.100108 0
-0.345969 0.0724238 0
-0.317559 0.0712219 0
-0.336029 0.10022 0
-0.365159 0.104593 0
-0.346129 0.0725358 0
-0.328443 0.120795 0
-0.357154 0.129498 0
-0.335943 0.100465 0
-0.332935 0.18198 0
-0.352518 0.20858 0
-0.372892 0.179436 0
-0.319305 0.147927 0
-0.332744 0.181694 0
-0.349169 0.154603 0
-0.308566 0.167073 0
-0.315431 0.207183 0
-0.332595 0.181934 0
-0.292026 0.141796 0
-0.308442 0.16674 0
-0.319033 0.147834 0
-0.289106 0.196042 0
-0.315285 0.207231 0
-0.30842 0.16712 0
-0.382253 0.153751 0
-0.419719 0.170126 0
-0.391164 0.128459 0
-0.357518 0.129701 0
-0.382044 0.153616 0
-0.390956 0.128323 0
-0.373227 0.179295 0
-0.40341 0.194483 0
-0.382138 0.154003 0
-0.315312 0.207656 0
-0.287948 0.239692 0
-0.317778 0.250591 0
-0.27913 0.164449 0
-0.288984 0.195898 0
-0.308298 0.166977 0
-0.278985 0.164512 0
-0.264917 0.185737 0
-0.288839 0.195961 0
-0.461306 0.179669 0
-0.476803 0.228622 0
-0.513069 0.175514 0
-0.427994 0.132726 0
-0.460993 0.179221 0
-0.468173 0.137461 0
-0.420024 0.170433 0
-0.403829 0.194538 0
-0.460751 0.179538 0
-0.324372 0.0226099 0
-0.300079 0.000154068 0
-0.299163 0.0234564 0
-0.296401 0.0468588 0
-0.321709 0.0487674 0
-0.299142 0.0237001 0
-0.324638 0.0225314 0
-0.353559 7.56078e-05 0
-0.325482 7.56078e-05 0
-0.420347 0.0196016 0
-0.457508 0.0588278 0
-0.459621 0.0182827 0
-0.373893 0.0790152 0
-0.403183 0.0903572 0
-0.382254 0.0536182 0
-0.350523 0.0511068 0
-0.373716 0.0788835 0
-0.382078 0.0534865 0
-0.365476 0.104583 0
-0.403127 0.0905282 0
-0.373837 0.0791862 0
-0.439254 0.0968452 0
-0.457432 0.0592131 0
-0.418003 0.0562395 0
-0.391261 0.128122 0
-0.427544 0.132399 0
-0.403393 0.0907849 0
-0.427921 0.132451 0
-0.4681 0.137187 0
-0.439322 0.0973608 0
-0.317584 -0.0712465 0
-0.34174 -0.0792753 0
-0.335855 -0.100131 0
-0.299236 -0.0236314 0
-0.324445 -0.0263813 0
-0.321803 -0.0486987 0
-0.336088 -0.100326 0
-0.370841 -0.0847677 0
-0.358049 -0.124129 0
-0.322032 -0.0489666 0
-0.350216 -0.0510922 0
-0.341802 -0.0790368 0
-0.296462 -0.0470174 0
-0.32177 -0.048926 0
-0.317386 -0.0709674 0
-0.324615 -0.0264729 0
-0.350158 -0.0509158 0
-0.321974 -0.0487903 0
-0.353099 -0.0218324 0
-0.384529 -0.020777 0
-0.382122 -0.0531942 0
-0.382339 0.0533088 0
-0.41757 0.0559657 0
-0.384745 0.0208915 0
-0.40352 0.0904263 0
-0.439073 0.0969499 0
-0.417822 0.0563443 0
-0.382401 0.0535416 0
-0.40333 0.0902806 0
-0.417632 0.0561986 0
-0.419964 0.0196 0
-0.384871 0.0207784 0
-0.417696 0.0558526 0
-0.321803 0.0486866 0
-0.324445 0.0227728 0
-0.299236 0.0236193 0
-0.345922 0.0722523 0
-0.321936 0.0490107 0
-0.317513 0.0710504 0
-0.350253 0.0509261 0
-0.352783 0.0295456 0
-0.322068 0.0488006 0
-0.365533 0.104747 0
-0.391053 0.128029 0
-0.403185 0.0906921 0
-0.498732 0.078622 0
-0.50389 0.0460529 0
-0.457918 0.0591181 0
-0.390452 -0.136019 0
-0.419717 -0.170178 0
-0.38294 -0.161956 0
-0.348845 -0.148566 0
-0.390214 -0.135946 0
-0.382702 -0.161884 0
-0.398062 -0.109723 0
-0.433935 -0.115108 0
-0.39055 -0.13566 0
-0.459894 -0.018426 0
-0.501814 -0.0622918 0
-0.457781 -0.0589711 0
-0.57245 -0.121337 0
-0.604861 -0.0835172 0
-0.643255 -0.115677 0
-0.502329 -0.0626791 0
-0.548646 -0.080958 0
-0.523174 -0.112231 0
-0.502277 -0.0621692 0
-0.504864 -0.000343027 0
-0.551207 -0.0403956 0
-0.910343 0.371278 0
-0.836736 0.429918 0
-0.914202 0.463027 0
-0.999393 0.300157 0
-0.907565 0.27663 0
-0.910865 0.370221 0
-0.426374 0.290237 0
-0.448411 0.264436 0
-0.399589 0.262623 0
-0.387641 0.376271 0
-0.402778 0.411002 0
-0.427982 0.366724 0
-0.620799 0.288237 0
-0.565263 0.271835 0
-0.568941 0.342025 0
-0.522244 0.244182 0
-0.490425 0.282037 0
-0.535457 0.301283 0
-0.522048 0.24394 0
-0.476929 0.229193 0
-0.490229 0.281795 0
-0.564873 0.271257 0
-0.55044 0.213769 0
-0.522543 0.243853 0
-0.568656 0.34207 0
-0.564978 0.271879 0
-0.535862 0.301577 0
-0.620948 0.287807 0
-0.613349 0.214032 0
-0.565412 0.271405 0
-0.550268 0.213448 0
-0.513519 0.175677 0
-0.522371 0.243532 0
-0.535707 0.301248 0
-0.564823 0.271551 0
-0.522494 0.244147 0
-0.589997 0.173272 0
-0.568209 0.135453 0
-0.513805 0.175181 0
-0.613197 0.213456 0
-0.590271 0.17366 0
-0.550828 0.213341 0
-0.613439 0.213222 0
-0.622843 0.143733 0
-0.590513 0.173427 0
-0.228092 0.194978 0
-0.212262 0.212102 0
-0.235008 0.220413 0
-0.20376 0.250504 0
-0.220385 0.235136 0
-0.19495 0.22822 0
-0.263566 0.263827 0
-0.229858 0.260347 0
-0.239809 0.287584 0
-0.235225 0.220639 0
-0.244995 0.244845 0
-0.260109 0.229731 0
-0.220639 0.235225 0
-0.229731 0.260109 0
-0.244845 0.244995 0
-0.194978 0.228092 0
-0.220413 0.235008 0
-0.212102 0.212262 0
-0.203876 0.250611 0
-0.229594 0.260128 0
-0.220501 0.235243 0
-0.213612 0.275251 0
-0.239642 0.287622 0
-0.22969 0.260386 0
-0.183436 0.266437 0
-0.191049 0.292212 0
-0.213295 0.275287 0
-0.17645 0.24281 0
-0.183355 0.266189 0
-0.203574 0.250657 0
-0.176294 0.242827 0
-0.156903 0.255784 0
-0.183198 0.266206 0
-0.219658 0.304225 0
-0.239608 0.287769 0
-0.213579 0.275398 0
-0.19117 0.292339 0
-0.219496 0.304241 0
-0.213416 0.275414 0
-0.199595 0.321023 0
-0.219712 0.344145 0
-0.219545 0.304566 0
-0.162091 0.382617 0
-0.191797 0.363722 0
-0.154684 0.349484 0
-0.219884 0.344135 0
-0.250565 0.31793 0
-0.219716 0.304556 0
-0.177122 0.33521 0
-0.191997 0.363469 0
-0.19936 0.32119 0
-0.167031 0.308595 0
-0.177038 0.335026 0
-0.199276 0.321006 0
-0.154734 0.349325 0
-0.191847 0.363563 0
-0.176972 0.335305 0
-0.233554 0.375972 0
-0.275799 0.386735 0
-0.262754 0.351033 0
-0.192252 0.363683 0
-0.233131 0.375873 0
-0.219733 0.344526 0
-0.199503 0.32122 0
-0.19214 0.3635 0
-0.219621 0.344343 0
-0.162181 0.382966 0
-0.170403 0.419743 0
-0.202924 0.397839 0
-0.248363 0.410656 0
-0.290228 0.426206 0
-0.27594 0.387103 0
-0.191959 0.363884 0
-0.162254 0.382779 0
-0.202997 0.397652 0
-0.264542 0.44868 0
-0.294439 0.480063 0
-0.290344 0.426644 0
-0.248074 0.410892 0
-0.215727 0.43536 0
-0.264138 0.448478 0
-0.129816 0.357381 0
-0.161883 0.382596 0
-0.154476 0.349463 0
-0.128388 0.391318 0
-0.132665 0.4276 0
-0.170055 0.419871 0
-0.129728 0.35752 0
-0.128351 0.39096 0
-0.161796 0.382735 0
-0.104634 0.441087 0
-0.0770877 0.454123 0
-0.104315 0.478822 0
-0.0907065 0.403559 0
-0.104774 0.440747 0
-0.13232 0.427711 0
-0.090521 0.403647 0
-0.0770414 0.453871 0
-0.104588 0.440835 0
-0.426558 0.290419 0
-0.454503 0.317009 0
-0.448595 0.264618 0
-0.36392 0.248763 0
-0.338875 0.274075 0
-0.364332 0.284949 0
-0.364217 0.285146 0
-0.33876 0.274272 0
-0.329701 0.30747 0
-0.399195 0.262806 0
-0.364629 0.285163 0
-0.392326 0.324073 0
-0.399101 0.262553 0
-0.364122 0.248724 0
-0.364534 0.28491 0
-0.263017 0.350991 0
-0.276062 0.386694 0
-0.312053 0.363608 0
-0.387915 0.48496 0
-0.323957 0.516964 0
-0.387827 0.535407 0
-0.433811 0.502206 0
-0.388283 0.484911 0
-0.388195 0.535358 0
-0.366464 0.421879 0
-0.290855 0.426514 0
-0.345433 0.468209 0
-0.229303 0.476652 0
-0.294234 0.480231 0
-0.264338 0.448848 0
-0.621381 0.288422 0
-0.625582 0.362692 0
-0.682759 0.30655 0
-0.427947 0.366435 0
-0.392499 0.324723 0
-0.387607 0.375981 0
-0.518279 0.378257 0
-0.472037 0.372316 0
-0.468604 0.413615 0
-0.454321 0.317463 0
-0.392723 0.324527 0
-0.428171 0.366238 0
-0.323805 0.517244 0
-0.342531 0.568496 0
-0.387674 0.535688 0
-0.399382 0.262272 0
-0.425254 0.230384 0
-0.387392 0.219202 0
-0.914748 0.462927 0
-0.999417 0.400114 0
-0.910889 0.371178 0
-0.275125 0.213491 0
-0.250745 0.203853 0
-0.260262 0.22957 0
-0.27514 0.213345 0
-0.264777 0.185926 0
-0.250761 0.203706 0
-0.278874 0.164381 0
-0.255899 0.156872 0
-0.264806 0.185606 0
-0.291892 0.141851 0
-0.27914 0.164268 0
-0.308308 0.166795 0
-0.301457 0.117846 0
-0.292003 0.141632 0
-0.319009 0.14767 0
-0.301317 0.117736 0
-0.277294 0.114904 0
-0.291863 0.141522 0
-0.255778 0.156912 0
-0.242822 0.176302 0
-0.264685 0.185646 0
-0.161726 0.280747 0
-0.190876 0.29223 0
-0.183263 0.266455 0
-0.13635 0.267308 0
-0.161454 0.280628 0
-0.156697 0.255914 0
-0.191123 0.292491 0
-0.199499 0.320849 0
-0.219449 0.304393 0
-0.203698 0.250765 0
-0.183479 0.266297 0
-0.213338 0.275148 0
-0.167077 0.308452 0
-0.199323 0.320863 0
-0.190947 0.292505 0
-0.141842 0.291898 0
-0.166786 0.308316 0
-0.161506 0.280886 0
-0.1363 0.267429 0
-0.14174 0.291761 0
-0.161404 0.280749 0
-0.117797 0.30156 0
-0.127944 0.328203 0
-0.147624 0.319131 0
-0.147951 0.319177 0
-0.176866 0.33502 0
-0.166858 0.308589 0
-0.166951 0.308318 0
-0.190821 0.292371 0
-0.161671 0.280887 0
-0.465433 0.91341 0
-0.400552 0.999709 0
-0.499552 0.999709 0
-0.599571 0.999762 0
-0.571286 0.929048 0
-0.500571 0.999762 0
-0.433495 0.833319 0
-0.344618 0.82966 0
-0.370894 0.91005 0
-0.571541 0.928053 0
-0.642255 0.857339 0
-0.53426 0.844893 0
-0.500123 0.999471 0
-0.570838 0.928757 0
-0.466004 0.913172 0
-0.600127 0.99954 0
-0.666127 0.93354 0
-0.571841 0.928825 0
-0.203613 0.25053 0
-0.194802 0.228245 0
-0.176489 0.242683 0
-0.156854 0.25591 0
-0.161611 0.280625 0
-0.183149 0.266333 0
-0.220547 0.234983 0
-0.234983 0.220547 0
-0.212237 0.212237 0
-0.213492 0.275128 0
-0.22957 0.260262 0
-0.203853 0.250745 0
-0.300712 0.336705 0
-0.25098 0.318059 0
-0.262896 0.350672 0
-0.338433 0.274212 0
-0.295676 0.273241 0
-0.30052 0.301199 0
-0.239911 0.287882 0
-0.25081 0.317712 0
-0.272958 0.295564 0
-0.117733 0.301299 0
-0.141522 0.291863 0
-0.114904 0.277294 0
-0.433899 0.833598 0
-0.371299 0.910328 0
-0.465115 0.912555 0
-0.0963662 0.309203 0
-0.117508 0.301384 0
-0.0928003 0.285451 0
-0.342143 0.568594 0
-0.323417 0.517342 0
-0.271953 0.564916 0
-0.203234 0.397629 0
-0.233075 0.376051 0
-0.192197 0.363861 0
-0.179607 0.460857 0
-0.215185 0.435433 0
-0.170502 0.42013 0
-0.247929 0.410525 0
-0.233262 0.376208 0
-0.203421 0.397786 0
-0.271485 0.565339 0
-0.237734 0.591478 0
-0.287887 0.620874 0
-0.162943 0.536781 0
-0.127909 0.519079 0
-0.13526 0.568049 0
-0.24358 0.522348 0
-0.189983 0.506923 0
-0.21348 0.550163 0
-0.179412 0.461256 0
-0.137652 0.468437 0
-0.189514 0.506446 0
-0.189342 0.506638 0
-0.137479 0.46863 0
-0.128004 0.518645 0
-0.24787 0.410723 0
-0.203362 0.397984 0
-0.215523 0.435191 0
-0.170226 0.420104 0
-0.132836 0.427834 0
-0.179331 0.460831 0
-0.137118 0.468278 0
-0.104836 0.441135 0
-0.104517 0.47887 0
-0.134835 0.568425 0
-0.0928177 0.561042 0
-0.0706826 0.607119 0
-0.155031 0.752917 0
-0.242359 0.7445 0
-0.162536 0.680534 0
-0.399586 0.262423 0
-0.448408 0.264236 0
-0.425459 0.230535 0
-0.324135 0.392491 0
-0.276195 0.387042 0
-0.290482 0.426145 0
-0.358136 0.358534 0
-0.312534 0.363651 0
-0.324483 0.392187 0
-0.387289 0.376279 0
-0.358528 0.358673 0
-0.36683 0.421345 0
-0.392175 0.324494 0
-0.360031 0.315925 0
-0.358522 0.358148 0
-0.300747 0.336521 0
-0.273162 0.295727 0
-0.251014 0.317875 0
-0.329402 0.307941 0
-0.30114 0.336714 0
-0.312359 0.363297 0
-0.329362 0.307733 0
-0.300508 0.301523 0
-0.3011 0.336507 0
-0.263583 0.263685 0
-0.244989 0.245091 0
-0.229875 0.260205 0
-0.295335 0.273187 0
-0.263896 0.263896 0
-0.273187 0.295335 0
-0.287584 0.239809 0
-0.260347 0.229858 0
-0.263827 0.263566 0
-0.233505 0.376171 0
-0.248172 0.410489 0
-0.27575 0.386935 0
-0.345302 0.468707 0
-0.29482 0.480431 0
-0.323504 0.516726 0
-0.295564 0.272958 0
-0.317712 0.25081 0
-0.287882 0.239911 0
-0.300302 0.30127 0
-0.295457 0.273313 0
-0.273309 0.29546 0
-0.300912 0.336466 0
-0.30032 0.301482 0
-0.273328 0.295672 0
-0.329488 0.307525 0
-0.338546 0.274327 0
-0.300634 0.301314 0
-0.338491 0.274043 0
-0.317882 0.250925 0
-0.295734 0.273073 0
-0.359842 0.315625 0
-0.364288 0.285285 0
-0.329772 0.307609 0
-0.358312 0.358092 0
-0.359821 0.31587 0
-0.329752 0.307854 0
-0.392195 0.32425 0
-0.364497 0.285341 0
-0.360051 0.315681 0
-0.363823 0.248578 0
-0.335309 0.22998 0
-0.338777 0.273891 0
-0.248324 0.410862 0
-0.264388 0.448448 0
-0.290189 0.426412 0
-0.271835 0.565263 0
-0.288237 0.620799 0
-0.342025 0.568941 0
-0.283521 0.519818 0
-0.244087 0.52244 0
-0.271491 0.56477 0
-0.294614 0.480602 0
-0.283863 0.519518 0
-0.323298 0.516896 0
-0.294348 0.48062 0
-0.244164 0.522158 0
-0.283598 0.519536 0
-0.237301 0.591839 0
-0.202506 0.618786 0
-0.22745 0.675239 0
-0.213732 0.550588 0
-0.237485 0.591242 0
-0.271236 0.565103 0
-0.213501 0.550767 0
-0.20246 0.618369 0
-0.237254 0.591421 0
-0.298633 0.688512 0
-0.371271 0.699341 0
-0.346037 0.640301 0
-0.243055 0.74427 0
-0.297809 0.688782 0
-0.227788 0.675983 0
-0.243258 0.744964 0
-0.260188 0.820696 0
-0.326053 0.751533 0
-0.344714 0.829174 0
-0.43359 0.832833 0
-0.399399 0.765222 0
-0.92877 0.571841 0
-0.916984 0.666127 0
-0.999484 0.600127 0
-0.999762 0.500571 0
-0.929048 0.571286 0
-0.999762 0.599571 0
-0.820244 0.518785 0
-0.83594 0.430451 0
-0.766408 0.47492 0
-0.999715 0.400545 0
-0.915046 0.463358 0
-0.999715 0.499545 0
-0.913901 0.463522 0
-0.836435 0.430413 0
-0.820739 0.518747 0
-0.713011 0.554029 0
-0.765641 0.475111 0
-0.713947 0.452269 0
-0.619058 0.692497 0
-0.518529 0.66342 0
-0.527845 0.738374 0
-0.759629 0.618407 0
-0.819812 0.519681 0
-0.713345 0.554733 0
-0.509235 0.592625 0
-0.501206 0.528023 0
-0.45846 0.584686 0
-0.621836 0.627091 0
-0.558859 0.57532 0
-0.518642 0.662655 0
-0.712464 0.555314 0
-0.622933 0.627098 0
-0.693001 0.6847 0
-0.639479 0.567029 0
-0.655927 0.510009 0
-0.57668 0.519128 0
-0.712285 0.554921 0
-0.639822 0.567539 0
-0.622754 0.626705 0
-0.712398 0.55453 0
-0.656383 0.510127 0
-0.639934 0.567148 0
-0.655858 0.509656 0
-0.618902 0.46204 0
-0.576611 0.518776 0
-0.786153 0.714109 0
-0.866296 0.732966 0
-0.836315 0.642824 0
-0.826187 0.34918 0
-0.760723 0.405108 0
-0.835941 0.429651 0
-0.750904 0.326662 0
-0.683421 0.306731 0
-0.693947 0.378522 0
-0.823356 0.255354 0
-0.751814 0.326389 0
-0.826115 0.348333 0
-0.740264 0.250195 0
-0.675951 0.22784 0
-0.683326 0.305971 0
-0.39986 0.76464 0
-0.470154 0.769314 0
-0.446032 0.71863 0
-0.141584 0.291749 0
-0.136144 0.267417 0
-0.114966 0.27718 0
-0.14791 0.319313 0
-0.154587 0.349177 0
-0.176825 0.335156 0
-0.141796 0.292026 0
-0.147834 0.319033 0
-0.166741 0.308444 0
-0.128067 0.328363 0
-0.154423 0.349154 0
-0.147747 0.31929 0
-0.0487674 0.321709 0
-0.0468588 0.296401 0
-0.0237001 0.299142 0
-0.0489369 0.321764 0
-0.07422 0.315446 0
-0.0470283 0.296456 0
-0.0294512 0.352697 0
-0.0487062 0.321982 0
-0.0227923 0.324624 0
-0.0510922 0.350216 0
-0.0790364 0.3418 0
-0.0489666 0.322032 0
-0.371185 0.910885 0
-0.400121 0.999411 0
-0.465002 0.913112 0
-0.260367 0.821494 0
-0.279135 0.905442 0
-0.343732 0.829605 0
-0.300569 0.999702 0
-0.399569 0.999702 0
-0.370634 0.911175 0
-0.0227728 0.324445 0
-0.0486866 0.321803 0
-0.0236193 0.299236 0
-0.999667 0.999667 0
-0.999667 0.900667 0
-0.900667 0.999667 0
-0.925167 0.850667 0
-0.900417 0.999167 0
-0.999417 0.900167 0
-0.99975 0.8005 0
-0.9255 0.85 0
-0.99975 0.8995 0
-0.924667 0.850667 0
-0.850417 0.900167 0
-0.899917 0.999167 0
-0.999472 0.700139 0
-0.916972 0.667139 0
-0.925222 0.774389 0
-0.85 0.900667 0
-0.8005 0.999667 0
-0.8995 0.999667 0
-0.924717 0.7754 0
-0.840567 0.81995 0
-0.924717 0.84965 0
-0.759298 0.880102 0
-0.643327 0.857473 0
-0.666898 0.932902 0
-0.839767 0.820467 0
-0.760567 0.879867 0
-0.849667 0.899667 0
-0.924467 0.850067 0
-0.840317 0.820367 0
-0.850217 0.899567 0
-0.866308 0.733559 0
-0.786165 0.714702 0
-0.839908 0.819359 0
-0.7142 0.786267 0
-0.643486 0.856981 0
-0.759457 0.87961 0
-0.924778 0.7745 0
-0.916528 0.66725 0
-0.867028 0.73325 0
-0.849533 0.900267 0
-0.760433 0.880467 0
-0.800033 0.999267 0
-0.8394 0.819533 0
-0.785657 0.714876 0
-0.714943 0.78559 0
-0.924522 0.775011 0
-0.866772 0.733761 0
-0.840372 0.819561 0
-0.9995 0.800083 0
-0.92525 0.775333 0
-0.92525 0.849583 0
-0.99975 0.799583 0
-0.99975 0.700583 0
-0.9255 0.774833 0
-0.916232 0.666808 0
-0.836751 0.642666 0
-0.866732 0.732808 0
-0.999722 0.600556 0
-0.917222 0.666556 0
-0.999722 0.699556 0
-0.799533 0.9996 0
-0.759933 0.8808 0
-0.700533 0.9996 0
-0.65233 0.421316 0
-0.713504 0.451505 0
-0.693718 0.379323 0
-0.819833 0.519201 0
-0.765997 0.475336 0
-0.713366 0.554253 0
-0.836073 0.641793 0
-0.820224 0.519973 0
-0.760041 0.618699 0
-0.928164 0.570895 0
-0.914209 0.463993 0
-0.821047 0.519218 0
-0.83574 0.430071 0
-0.760521 0.405528 0
-0.766208 0.47454 0
-0.625356 0.363506 0
-0.584866 0.41718 0
-0.651671 0.421149 0
-0.760114 0.879486 0
-0.839314 0.820086 0
-0.714857 0.786143 0
-0.836636 0.641635 0
-0.927903 0.571491 0
-0.820787 0.519814 0
-0.785796 0.713728 0
-0.835958 0.642443 0
-0.759925 0.619349 0
-0.916439 0.666268 0
-0.928224 0.571982 0
-0.836957 0.642126 0
-0.533669 0.845079 0
-0.466117 0.912654 0
-0.57095 0.928239 0
-0.999477 0.500116 0
-0.914808 0.463929 0
-0.928763 0.570831 0
-0.666556 0.933778 0
-0.600556 0.999778 0
-0.699556 0.999778 0
-0.759489 0.880578 0
-0.667089 0.933378 0
-0.700089 0.999378 0
-0.642698 0.857635 0
-0.571984 0.928349 0
-0.66627 0.933063 0
-0.693551 0.685761 0
-0.714453 0.785142 0
-0.785168 0.714427 0
-0.712921 0.555287 0
-0.693459 0.684673 0
-0.759205 0.61896 0
-0.617446 0.761056 0
-0.713891 0.785298 0
-0.692988 0.685917 0
-0.55911 0.57464 0
-0.639154 0.567246 0
-0.576356 0.519345 0
-0.527888 0.739208 0
-0.534027 0.843941 0
-0.616293 0.76143 0
-0.999667 -0.900667 0
-0.999667 -0.999667 0
-0.900667 -0.999667 0
-0.850667 -0.924667 0
-0.900167 -0.850417 0
-0.999167 -0.899917 0
-0.849533 -0.925233 0
-0.800033 -0.999483 0
-0.760433 -0.920283 0
-0.899567 -0.850217 0
-0.850067 -0.924467 0
-0.820367 -0.840317 0
-0.8995 -0.99975 0
-0.8005 -0.99975 0
-0.85 -0.9255 0
-0.900667 -0.85 0
-0.999667 -0.8005 0
-0.999667 -0.8995 0
-0.900167 -0.999417 0
-0.850667 -0.925167 0
-0.999167 -0.900417 0
-0.820467 -0.839767 0
-0.879867 -0.760567 0
-0.899667 -0.849667 0
-0.759933 -0.920533 0
-0.799533 -0.999733 0
-0.700533 -0.999733 0
-0.6672 -0.9164 0
-0.7332 -0.8339 0
-0.7596 -0.9197 0
-0.600556 -0.999722 0
-0.666556 -0.917222 0
-0.699556 -0.999722 0
-0.570831 -0.928763 0
-0.500116 -0.999477 0
-0.463928 -0.914806 0
-0.8199 -0.84055 0
-0.8496 -0.9247 0
-0.7605 -0.91975 0
-0.627379 -0.833558 0
-0.571472 -0.927936 0
-0.528431 -0.833472 0
-0.880467 -0.760433 0
-0.999267 -0.800033 0
-0.900267 -0.849533 0
-0.8808 -0.759933 0
-0.9996 -0.700533 0
-0.9996 -0.799533 0
-0.733844 -0.833078 0
-0.799844 -0.750578 0
-0.819644 -0.839678 0
-0.700089 -0.999456 0
-0.667089 -0.916956 0
-0.759489 -0.920256 0
-0.452407 -0.699401 0
-0.410597 -0.75491 0
-0.372001 -0.69976 0
-0.372971 -0.909612 0
-0.399577 -0.999697 0
-0.300577 -0.999697 0
-0.433517 -0.833302 0
-0.373247 -0.908477 0
-0.349086 -0.826672 0
-0.462934 -0.914741 0
-0.400122 -0.999412 0
-0.373516 -0.909327 0
-0.627997 -0.8327 0
-0.59273 -0.753081 0
-0.692112 -0.751733 0
-0.571934 -0.928214 0
-0.627841 -0.833837 0
-0.66622 -0.916428 0
-0.5285 -0.832886 0
-0.592181 -0.753354 0
-0.627448 -0.832973 0
-0.464022 -0.91425 0
-0.527883 -0.833742 0
-0.570924 -0.928206 0
-0.483891 -0.77302 0
-0.5917 -0.753153 0
-0.528019 -0.832685 0
-0.410907 -0.755601 0
-0.482972 -0.773028 0
-0.43409 -0.832611 0
-0.628468 -0.832969 0
-0.692582 -0.752002 0
-0.732846 -0.83306 0
-0.453289 -0.699405 0
-0.562916 -0.683683 0
-0.483545 -0.772342 0
-0.563343 -0.682875 0
-0.495526 -0.643088 0
-0.569027 -0.58704 0
-0.499545 -0.999715 0
-0.400545 -0.999715 0
-0.463357 -0.915044 0
-0.867156 -0.667089 0
-0.999156 -0.700089 0
-0.880356 -0.759489 0
-0.829607 -0.343722 0
-0.821495 -0.260358 0
-0.906698 -0.276408 0
-0.693156 -0.751724 0
-0.79942 -0.750283 0
-0.73342 -0.832783 0
-0.66676 -0.916111 0
-0.628381 -0.833519 0
-0.73276 -0.833611 0
-0.568856 -0.586626 0
-0.495355 -0.642673 0
-0.512294 -0.559387 0
-0.592353 -0.75229 0
-0.563915 -0.683498 0
-0.643266 -0.66416 0
-0.591818 -0.752653 0
-0.48401 -0.772521 0
-0.563381 -0.683862 0
-0.468062 -0.163978 0
-0.435456 -0.215132 0
-0.420153 -0.17045 0
-0.565092 -0.161462 0
-0.618465 -0.155309 0
-0.607308 -0.22399 0
-0.513683 -0.17536 0
-0.564574 -0.161451 0
-0.557315 -0.200842 0
-0.572233 -0.121728 0
-0.618347 -0.154966 0
-0.564974 -0.161119 0
-0.54888 -0.0811548 0
-0.571862 -0.121318 0
-0.523408 -0.112427 0
-0.549152 -0.0810574 0
-0.604545 -0.083401 0
-0.572134 -0.121221 0
-0.557174 -0.201117 0
-0.522394 -0.243491 0
-0.513542 -0.175635 0
-0.523265 -0.112875 0
-0.56446 -0.161156 0
-0.513569 -0.175065 0
-0.52224 -0.244193 0
-0.544083 -0.292162 0
-0.480702 -0.294377 0
-0.60713 -0.224474 0
-0.572645 -0.259977 0
-0.557655 -0.201336 0
-0.607364 -0.224731 0
-0.627456 -0.278073 0
-0.57288 -0.260235 0
-0.54436 -0.292587 0
-0.56853 -0.342214 0
-0.517172 -0.323449 0
-0.670532 -0.236942 0
-0.688371 -0.297956 0
-0.628053 -0.27824 0
-0.64279 -0.194397 0
-0.670312 -0.236416 0
-0.607742 -0.224372 0
-0.618725 -0.155419 0
-0.642617 -0.194125 0
-0.607569 -0.2241 0
-0.679915 -0.162646 0
-0.670554 -0.236209 0
-0.643032 -0.19419 0
-0.744533 -0.243363 0
-0.75536 -0.319792 0
-0.689044 -0.298116 0
-0.593327 -0.408067 0
-0.619239 -0.477512 0
-0.548656 -0.452738 0
-0.699221 -0.371671 0
-0.652836 -0.418056 0
-0.640181 -0.346438 0
-0.699836 -0.371929 0
-0.759902 -0.405207 0
-0.71697 -0.436492 0
-0.910049 -0.370894 0
-0.833317 -0.433494 0
-0.829658 -0.344618 0
-0.410458 -0.755779 0
-0.433641 -0.832789 0
-0.349211 -0.82616 0
-0.453328 -0.698973 0
-0.495138 -0.643463 0
-0.562955 -0.683251 0
-0.41097 -0.755154 0
-0.452779 -0.699645 0
-0.483035 -0.772582 0
-0.418824 -0.652845 0
-0.494654 -0.643361 0
-0.452844 -0.698871 0
-0.346438 -0.640181 0
-0.418056 -0.652836 0
-0.371671 -0.699221 0
-0.441157 -0.574281 0
-0.494615 -0.642943 0
-0.418784 -0.652427 0
-0.733711 -0.833644 0
-0.819511 -0.840244 0
-0.760111 -0.919444 0
-0.716532 -0.436937 0
-0.675881 -0.491491 0
-0.653013 -0.41876 0
-0.832503 -0.434151 0
-0.73588 -0.506278 0
-0.760409 -0.405648 0
-0.643697 -0.664387 0
-0.692164 -0.751168 0
-0.592783 -0.752517 0
-0.676068 -0.492278 0
-0.735123 -0.507068 0
-0.690272 -0.583771 0
-0.62296 -0.539217 0
-0.675691 -0.492385 0
-0.689896 -0.583879 0
-0.619862 -0.477679 0
-0.652689 -0.418897 0
-0.675557 -0.491628 0
-0.690546 -0.584527 0
-0.778287 -0.566454 0
-0.71475 -0.658926 0
-0.866368 -0.666354 0
-0.789521 -0.654768 0
-0.854653 -0.585223 0
-0.689611 -0.584609 0
-0.643612 -0.663276 0
-0.569944 -0.586779 0
-0.778356 -0.565946 0
-0.690615 -0.584018 0
-0.735466 -0.507315 0
-0.778616 -0.56669 0
-0.788761 -0.654682 0
-0.715079 -0.659161 0
-0.866489 -0.667256 0
-0.879689 -0.759656 0
-0.800489 -0.749756 0
-0.714299 -0.659251 0
-0.644096 -0.663519 0
-0.690095 -0.584853 0
-0.799679 -0.749382 0
-0.71515 -0.659774 0
-0.788832 -0.655295 0
-0.692572 -0.750857 0
-0.644105 -0.664076 0
-0.714308 -0.659809 0
-0.755449 -0.320578 0
-0.760031 -0.404818 0
-0.699965 -0.37154 0
-0.736158 -0.506617 0
-0.832781 -0.43449 0
-0.84322 -0.506785 0
-0.755881 -0.320486 0
-0.828899 -0.344353 0
-0.760464 -0.404726 0
-0.843936 -0.507502 0
-0.928042 -0.571258 0
-0.855042 -0.584412 0
-0.910327 -0.371298 0
-0.912554 -0.465115 0
-0.833595 -0.433898 0
-0.906996 -0.276777 0
-0.910296 -0.370368 0
-0.829905 -0.344092 0
-0.999411 -0.400121 0
-0.91311 -0.465002 0
-0.910883 -0.371185 0
-0.999762 -0.500571 0
-0.999762 -0.599571 0
-0.929048 -0.571286 0
-0.879533 -0.760233 0
-0.820133 -0.839433 0
-0.800333 -0.750333 0
-0.306787 -0.356054 0
-0.326907 -0.400699 0
-0.276258 -0.386835 0
-0.350803 -0.263005 0
-0.360777 -0.291479 0
-0.332893 -0.292698 0
-0.398471 -0.418324 0
-0.444899 -0.394515 0
-0.422048 -0.451267 0
-0.349344 -0.431418 0
-0.327382 -0.400953 0
-0.3759 -0.38763 0
-0.337508 -0.500128 0
-0.313176 -0.46187 0
-0.373036 -0.465105 0
-0.290735 -0.426322 0
-0.327096 -0.401083 0
-0.349059 -0.431547 0
-0.349714 -0.366753 0
-0.371751 -0.322689 0
-0.402351 -0.348474 0
-0.571841 -0.92877 0
-0.666127 -0.916984 0
-0.600127 -0.999484 0
-0.500571 -0.999762 0
-0.571286 -0.929048 0
-0.599571 -0.999762 0
-0.527491 -0.832952 0
-0.434482 -0.832871 0
-0.483363 -0.773288 0
-0.254977 -0.823095 0
-0.235835 -0.748382 0
-0.326011 -0.751553 0
-0.507671 -0.49978 0
-0.511972 -0.55858 0
-0.460254 -0.488166 0
-0.486787 -0.423936 0
-0.507586 -0.499328 0
-0.460169 -0.487714 0
-0.558688 -0.512275 0
-0.512303 -0.558661 0
-0.508001 -0.499861 0
-0.527425 -0.833424 0
-0.463564 -0.913932 0
-0.434415 -0.833343 0
-0.452433 -0.699059 0
-0.372027 -0.699418 0
-0.418412 -0.653033 0
0.999667 0.999667 0
0.900667 0.999667 0
0.999667 0.900667 0
0.866556 0.933778 0
0.899556 0.999778 0
0.800556 0.999778 0
0.760489 0.920311 0
0.866089 0.933511 0
0.800089 0.999511 0
0.933 0.867333 0
0.9 0.999333 0
0.867 0.933333 0
0.879978 0.760622 0
0.932778 0.866222 0
0.820578 0.839822 0
0.999444 0.900222 0
0.900444 0.999222 0
0.933444 0.867222 0
0.820133 0.839433 0
0.800333 0.750333 0
0.879533 0.760233 0
0.760556 0.919778 0
0.819956 0.840578 0
0.866156 0.932978 0
0.733844 0.833078 0
0.799844 0.750578 0
0.819644 0.839678 0
0.999778 0.800556 0
0.999778 0.899556 0
0.933778 0.866556 0
0.700089 0.999456 0
0.667089 0.916956 0
0.759489 0.920256 0
0.628381 0.83352 0
0.73276 0.833611 0
0.66676 0.916111 0
0.555341 0.796416 0
0.51413 0.732881 0
0.626244 0.756444 0
0.399834 0.765058 0
0.474382 0.780365 0
0.434026 0.83267 0
0.514121 0.732509 0
0.552577 0.685332 0
0.626235 0.756071 0
0.445757 0.708587 0
0.513257 0.732666 0
0.4748 0.779842 0
0.44578 0.708207 0
0.481661 0.666691 0
0.51328 0.732286 0
0.371939 0.699822 0
0.445032 0.708425 0
0.399528 0.764373 0
0.535278 0.592789 0
0.464197 0.600759 0
0.447958 0.540688 0
0.371994 0.699436 0
0.415877 0.649415 0
0.445087 0.70804 0
0.371692 0.699185 0
0.355168 0.633286 0
0.415576 0.649164 0
0.753321 0.584973 0
0.772903 0.478971 0
0.845228 0.50447 0
0.701904 0.737745 0
0.685134 0.619912 0
0.789645 0.65355 0
0.60406 0.590389 0
0.536225 0.592728 0
0.591353 0.532634 0
0.668198 0.55777 0
0.604503 0.590272 0
0.591796 0.532517 0
0.617633 0.652081 0
0.536313 0.593128 0
0.604148 0.59079 0
0.554834 0.796496 0
0.475166 0.780137 0
0.513623 0.732961 0
0.627655 0.832864 0
0.555722 0.796752 0
0.626625 0.756779 0
0.627322 0.833629 0
0.571415 0.928006 0
0.511481 0.854327 0
0.434477 0.405844 0
0.416048 0.458366 0
0.387718 0.418496 0
0.466432 0.482591 0
0.539997 0.44793 0
0.520469 0.508508 0
0.446995 0.349634 0
0.489533 0.365419 0
0.434921 0.405303 0
0.53615 0.382935 0
0.540113 0.44732 0
0.485502 0.42561 0
0.469872 0.30638 0
0.53528 0.301769 0
0.489945 0.364929 0
0.586338 0.401352 0
0.540451 0.447238 0
0.536489 0.382853 0
0.484749 0.425724 0
0.416373 0.45839 0
0.434802 0.405868 0
0.879689 0.759656 0
0.800489 0.749756 0
0.866489 0.667256 0
0.999156 0.700089 0
0.880356 0.759489 0
0.867156 0.667089 0
0.999378 0.800089 0
0.933378 0.866089 0
0.880578 0.760489 0
0.466004 0.913172 0
0.570838 0.928757 0
0.500123 0.999471 0
0.627842 0.833838 0
0.66622 0.916428 0
0.571934 0.928214 0
0.466041 0.912686 0
0.51094 0.854593 0
0.570874 0.928271 0
0.627113 0.756585 0
0.70117 0.738802 0
0.628143 0.83267 0
0.759933 0.920533 0
0.799533 0.999733 0
0.700533 0.999733 0
0.7332 0.8339 0
0.7596 0.9197 0
0.6672 0.9164 0
0.733711 0.833644 0
0.819511 0.840244 0
0.760111 0.919444 0
0.932733 0.8668 0
0.866733 0.9328 0
0.820533 0.8404 0
0.699556 0.999722 0
0.600556 0.999722 0
0.666556 0.917222 0
0.46367 0.601119 0
0.416066 0.648699 0
0.409721 0.592289 0
0.513637 0.732208 0
0.482018 0.666613 0
0.552093 0.685032 0
0.445454 0.707929 0
0.416244 0.649304 0
0.481335 0.666413 0
0.670552 -0.0112399 0
0.609366 -0.0132946 0
0.670548 -0.0637367 0
0.73843 -0.0800228 0
0.670985 -0.0114639 0
0.670981 -0.0639607 0
0.739673 0.00916491 0
0.739673 0.071429 0
0.669927 0.0748393 0
0.572479 0.121361 0
0.607355 0.0707663 0
0.626113 0.131202 0
0.551957 0.0659373 0
0.55283 0.0257478 0
0.59343 0.0282071 0
0.564573 0.16134 0
0.557234 0.200715 0
0.513683 0.142901 0
0.571961 0.121701 0
0.564622 0.161075 0
0.513733 0.142636 0
0.572337 0.121664 0
0.625971 0.131505 0
0.564999 0.161038 0
0.902624 0.0929441 0
0.823832 0.178589 0
0.817513 0.0804319 0
0.823849 0.179527 0
0.906669 0.189288 0
0.818686 0.2645 0
0.741208 0.249896 0
0.823294 0.17973 0
0.81813 0.264703 0
0.817494 0.0795364 0
0.817735 0.000277659 0
0.90298 0.00348398 0
0.751427 0.162393 0
0.817005 0.080665 0
0.823325 0.178822 0
0.669361 0.0755179 0
0.683445 0.152183 0
0.626691 0.131321 0
0.81669 0.0797934 0
0.740166 0.0714456 0
0.740166 0.00918153 0
0.750703 0.162275 0
0.684095 0.152276 0
0.739757 0.0722001 0
0.669697 0.0745636 0
0.670984 -0.0107032 0
0.739443 0.00888929 0
0.902924 0.0933075 0
0.906952 0.188714 0
0.824132 0.178952 0
0.564867 0.271258 0
0.514222 0.2563 0
0.557237 0.201462 0
0.348816 0.825921 0
0.326872 0.751621 0
0.399055 0.764939 0
0.168657 0.827388 0
0.259481 0.82149 0
0.189235 0.906692 0
0.243258 0.744964 0
0.326054 0.751537 0
0.260188 0.820696 0
0.278239 0.628056 0
0.306066 0.682953 0
0.227934 0.675575 0
0.371543 0.699966 0
0.399132 0.764517 0
0.326948 0.751198 0
0.354803 0.6334 0
0.371327 0.699299 0
0.306802 0.68305 0
0.651911 0.487229 0
0.636322 0.422545 0
0.711644 0.44297 0
0.591954 0.532174 0
0.651618 0.487978 0
0.668356 0.557427 0
0.593809 0.466594 0
0.540644 0.447519 0
0.58653 0.401633 0
0.591705 0.531871 0
0.594197 0.467163 0
0.651369 0.487675 0
0.591268 0.531941 0
0.521067 0.508738 0
0.593759 0.467234 0
0.222573 0.538266 0
0.188306 0.563096 0
0.203572 0.499323 0
0.256145 0.513938 0
0.2228 0.538101 0
0.2038 0.499158 0
0.256372 0.514158 0
0.271332 0.564809 0
0.223027 0.538321 0
0.184415 0.648881 0
0.227108 0.675646 0
0.152867 0.683536 0
0.224028 0.607598 0
0.184375 0.648451 0
0.143805 0.623017 0
0.224308 0.607773 0
0.227347 0.675392 0
0.184655 0.648627 0
0.332585 0.181954 0
0.315418 0.207203 0
0.304717 0.172845 0
0.386896 0.275801 0
0.364237 0.248646 0
0.41045 0.248224 0
0.291393 0.263406 0
0.317767 0.250921 0
0.30808 0.28239 0
0.77291 0.478103 0
0.765047 0.399834 0
0.835777 0.430064 0
0.732876 0.833017 0
0.628498 0.832926 0
0.701525 0.739058 0
0.712476 0.442864 0
0.764633 0.399877 0
0.772497 0.478146 0
0.711784 0.442608 0
0.636462 0.422183 0
0.693663 0.379298 0
0.76437 0.399545 0
0.712213 0.442532 0
0.694092 0.379222 0
0.720632 0.518494 0
0.752557 0.585284 0
0.669124 0.557706 0
0.855383 0.583548 0
0.790387 0.65292 0
0.753413 0.58582 0
0.354984 0.632716 0
0.323246 0.585693 0
0.409047 0.592184 0
0.675529 0.227205 0
0.613926 0.213433 0
0.683423 0.152965 0
0.750489 0.162795 0
0.675987 0.227035 0
0.683881 0.152795 0
0.740283 0.250168 0
0.688768 0.297833 0
0.675969 0.227812 0
0.633178 0.354465 0
0.627932 0.278636 0
0.688249 0.298351 0
0.632835 0.354547 0
0.585816 0.32281 0
0.627589 0.278718 0
0.999556 0.699556 0
0.867556 0.666556 0
0.999556 0.600556 0
0.9996 0.700533 0
0.9996 0.799533 0
0.8808 0.759933 0
0.373523 0.909323 0
0.46501 0.913106 0
0.400129 0.999406 0
0.445376 0.708694 0
0.47442 0.779949 0
0.399872 0.764642 0
0.571286 0.929048 0
0.599571 0.999762 0
0.500571 0.999762 0
0.510917 0.853711 0
0.475157 0.780542 0
0.554825 0.796901 0
0.666127 0.916984 0
0.600127 0.999484 0
0.571841 0.92877 0
0.510482 0.854274 0
0.465582 0.912367 0
0.434366 0.833409 0
0.474753 0.780663 0
0.510513 0.853832 0
0.434397 0.832967 0
0.555335 0.797077 0
0.627268 0.83319 0
0.511427 0.853888 0
0.400552 0.999709 0
0.465433 0.91341 0
0.499552 0.999709 0
0.373636 0.908766 0
0.433907 0.833592 0
0.465123 0.91255 0
0.300577 0.999697 0
0.372971 0.909613 0
0.399577 0.999697 0
0.349087 0.826675 0
0.433518 0.833304 0
0.373247 0.908478 0
0.300165 0.999388 0
0.276638 0.907559 0
0.372559 0.909304 0
0.387104 0.275941 0
0.410658 0.248363 0
0.426206 0.290228 0
-0.242602 0.744242 0
-0.227335 0.675954 0
-0.162779 0.680275 0
-0.0866986 0.816296 0
-0.178816 0.823332 0
-0.154565 0.753635 0
-0.326947 0.751195 0
-0.399132 0.764517 0
-0.371543 0.699966 0
-0.243853 0.522543 0
-0.213753 0.550358 0
-0.271257 0.564872 0
-0.323221 0.517179 0
-0.283787 0.519801 0
-0.271757 0.564752 0
-0.228885 0.476985 0
-0.190034 0.506678 0
-0.243632 0.522103 0
-0.135443 0.568669 0
-0.143568 0.622787 0
-0.201885 0.618533 0
-0.22867 0.476781 0
-0.179717 0.461284 0
-0.18982 0.506474 0
-0.0925381 0.560993 0
-0.0515027 0.553782 0
-0.070403 0.60707 0
-0.127674 0.519159 0
-0.093009 0.560746 0
-0.135026 0.568129 0
-0.127486 0.518927 0
-0.0790071 0.499125 0
-0.092821 0.560515 0
-0.0460269 0.50421 0
-0.0513745 0.553231 0
-0.078596 0.499051 0
-0.0767902 0.454252 0
-0.0413117 0.459871 0
-0.0786653 0.498572 0
-0.00020297 0.504877 0
-0.0150443 0.55325 0
-0.0456433 0.504229 0
-0.034024 0.703725 0
0.0108974 0.671095 0
0.00859837 0.739557 0
-0.0798574 0.738767 0
-0.0343286 0.703952 0
0.00829382 0.739784 0
-0.0746486 0.669572 0
0.010618 0.67086 0
-0.0343034 0.70349 0
-0.227736 0.675247 0
-0.28774 0.621243 0
-0.237587 0.591847 0
-0.434044 0.502539 0
-0.388429 0.535692 0
-0.457832 0.584411 0
-0.500955 0.52772 0
-0.434422 0.502513 0
-0.458209 0.584384 0
-0.387773 0.484736 0
-0.345614 0.468721 0
-0.323816 0.51674 0
-0.419108 0.449235 0
-0.388387 0.484622 0
-0.433915 0.501917 0
-0.418884 0.448967 0
-0.367035 0.422009 0
-0.388162 0.484353 0
-0.528556 0.433306 0
-0.468668 0.414119 0
-0.480901 0.467941 0
-0.36679 0.422074 0
-0.345758 0.468404 0
-0.387917 0.484419 0
-0.402679 0.411429 0
-0.367084 0.421764 0
-0.418932 0.448722 0
-0.402573 0.411186 0
-0.387436 0.376455 0
-0.366978 0.421521 0
-0.468042 0.413981 0
-0.403018 0.411403 0
-0.419271 0.448696 0
-0.468072 0.413707 0
-0.428251 0.36685 0
-0.403048 0.411128 0
-0.480535 0.467993 0
-0.468302 0.414171 0
-0.419531 0.448886 0
-0.503876 0.327965 0
-0.535396 0.301564 0
-0.490364 0.282318 0
-0.428436 0.366397 0
-0.47169 0.371955 0
-0.454586 0.317622 0
-0.51872 0.377872 0
-0.568395 0.342514 0
-0.504081 0.328421 0
-0.392267 0.324696 0
-0.358613 0.358349 0
-0.387374 0.375954 0
-0.399402 0.262824 0
-0.392533 0.32409 0
-0.426186 0.290437 0
-0.329594 0.308013 0
-0.312551 0.363369 0
-0.358153 0.358251 0
-0.290614 0.42671 0
-0.29471 0.480129 0
-0.345192 0.468405 0
-0.229234 0.476897 0
-0.243981 0.522015 0
-0.294166 0.480476 0
-0.713582 0.452385 0
-0.65663 0.509742 0
-0.712645 0.554145 0
-0.760113 0.405601 0
-0.714105 0.451771 0
-0.765799 0.474613 0
-0.652205 0.421752 0
-0.656427 0.509298 0
-0.713379 0.451941 0
-0.62572 0.363378 0
-0.652035 0.421021 0
-0.693423 0.379027 0
-0.619155 0.461715 0
-0.656111 0.509331 0
-0.651889 0.421785 0
-0.584845 0.417508 0
-0.618916 0.461407 0
-0.65165 0.421477 0
-0.584434 0.417548 0
-0.529403 0.433296 0
-0.618505 0.461446 0
-0.56902 0.342761 0
-0.584589 0.416917 0
-0.625079 0.363243 0
-0.528984 0.433855 0
-0.501664 0.527271 0
-0.575795 0.51874 0
-0.535658 0.301766 0
-0.504138 0.328166 0
-0.568452 0.342259 0
-0.419417 0.44918 0
-0.434224 0.501862 0
-0.480421 0.468287 0
-0.454715 0.316981 0
-0.48991 0.282158 0
-0.448807 0.264591 0
-0.392717 0.324273 0
-0.454315 0.317209 0
-0.42637 0.290619 0
-0.472155 0.37203 0
-0.518397 0.377971 0
-0.503758 0.32852 0
-0.454838 0.317495 0
-0.471942 0.371827 0
-0.503545 0.328318 0
-0.428482 0.366719 0
-0.468302 0.413576 0
-0.471736 0.372277 0
-0.5841 0.41727 0
-0.518856 0.378472 0
-0.529069 0.433018 0
-0.503606 0.328017 0
-0.490094 0.28237 0
-0.454899 0.317194 0
-0.400824 0.587315 0
-0.346524 0.639771 0
-0.414597 0.642021 0
-0.759448 0.619492 0
-0.693702 0.685205 0
-0.785319 0.713871 0
-0.759873 0.405281 0
-0.694079 0.379269 0
-0.713865 0.451451 0
-0.445703 0.718396 0
-0.371941 0.699856 0
-0.39953 0.764407 0
-0.51795 0.663506 0
-0.446618 0.718188 0
-0.527266 0.73846 0
-0.414833 0.642658 0
-0.371993 0.699447 0
-0.445754 0.717988 0
-0.517574 0.663184 0
-0.415321 0.642536 0
-0.446243 0.717866 0
-0.400722 0.586722 0
-0.387932 0.535921 0
-0.342789 0.568729 0
-0.457811 0.585049 0
-0.401198 0.587131 0
-0.414971 0.641838 0
-0.457721 0.584693 0
-0.388318 0.535974 0
-0.401108 0.586776 0
-0.76044 0.404763 0
-0.825904 0.348835 0
-0.751603 0.32689 0
-0.460051 -0.018229 0
-0.504558 -0.000268643 0
-0.501971 -0.0620948 0
-0.417939 -0.0559807 0
-0.420207 -0.0197281 0
-0.457368 -0.0589543 0
-0.45991 0.0179604 0
-0.504417 -1.02445e-09 0
-0.45991 -0.0179604 0
-0.401765 0.00113778 0
-0.3847 -0.0204538 0
-0.3847 0.0204615 0
-0.457508 -0.0588278 0
-0.420347 -0.0196016 0
-0.459621 -0.0182827 0
-0.417696 -0.0558526 0
-0.384871 -0.0207784 0
-0.419964 -0.0196 0
-0.457788 0.0589159 0
-0.50376 0.0458507 0
-0.459901 0.0183708 0
-0.439493 0.097267 0
-0.468271 0.137093 0
-0.478864 0.104491 0
-0.403553 0.0906811 0
-0.427704 0.132295 0
-0.439106 0.0972048 0
-0.357462 0.129537 0
-0.3909 0.12816 0
-0.36538 0.104877 0
-0.349513 0.154614 0
-0.373046 0.179161 0
-0.381957 0.153869 0
-0.461013 0.179852 0
-0.425759 0.23014 0
-0.47651 0.228805 0
-0.391316 0.128388 0
-0.419871 0.170055 0
-0.427599 0.132665 0
-0.373244 0.179512 0
-0.387232 0.218805 0
-0.403427 0.1947 0
-0.588707 0.0969201 0
-0.623027 0.142979 0
-0.67032 0.064457 0
-0.549219 0.0808889 0
-0.588254 0.0966894 0
-0.60868 0.0575515 0
-0.568568 0.135092 0
-0.622686 0.143216 0
-0.588366 0.0971571 0
-0.499085 0.0789676 0
-0.518887 0.127446 0
-0.548621 0.0810634 0
-0.513745 0.175442 0
-0.550495 0.213214 0
-0.589938 0.173533 0
-0.461278 0.179364 0
-0.513041 0.175209 0
-0.468459 0.137604 0
-0.448666 0.264124 0
-0.476468 0.229088 0
-0.425717 0.230423 0
-0.522125 0.243584 0
-0.513273 0.175729 0
-0.477007 0.228837 0
-0.623345 0.143165 0
-0.683434 0.152186 0
-0.670638 0.0646425 0
-0.0790152 0.373893 0
-0.0536182 0.382254 0
-0.0903572 0.403183 0
-0.0793161 0.342023 0
-0.0791486 0.373632 0
-0.104546 0.365271 0
-0.079137 0.341973 0
-0.0511929 0.350389 0
-0.0789695 0.373582 0
-0.0962473 0.309418 0
-0.074556 0.315536 0
-0.100199 0.33574 0
-0.0511068 0.350523 0
-0.0534865 0.382078 0
-0.0788835 0.373716 0
-0.0743276 0.315598 0
-0.0490446 0.321915 0
-0.0791143 0.341684 0
0.000148043 0.325518 0
0.0226039 0.324636 0
0.0216611 0.352709 0
-0.0225314 0.324639 0
-7.56099e-05 0.325521 0
-7.56099e-05 0.353557 0
-0.0225314 0.324459 0
-7.56089e-05 0.300167 0
-7.56099e-05 0.325342 0
-0.000154068 0.300079 0
-0.0226099 0.324372 0
-0.0234564 0.299163 0
-0.02062 0.384879 0
-0.00016237 0.420729 0
-0.0279283 0.419216 0
-0.0509413 0.350454 0
-0.0295608 0.352984 0
-0.053321 0.382008 0
0.0204576 0.384763 0
-1.02445e-09 0.420613 0
-0.0204577 0.384763 0
-0.278618 0.905702 0
-0.25985 0.821753 0
-0.189604 0.906955 0
-0.200227 0.999377 0
-0.278418 0.906298 0
-0.189404 0.907551 0
-0.370378 0.910293 0
-0.344102 0.829903 0
-0.279504 0.90574 0
-0.202256 0.619082 0
-0.162644 0.679855 0
-0.2272 0.675534 0
-0.129537 0.357462 0
-0.104877 0.36538 0
-0.12816 0.390901 0
-0.128007 0.32849 0
-0.129702 0.357199 0
-0.154362 0.349281 0
-0.127826 0.328445 0
-0.100488 0.335943 0
-0.129522 0.357154 0
0.000586452 0.90339 0
0.0798452 0.817778 0
0.0955044 0.902261 0
-0.0952375 0.90287 0
-0.00031959 0.904 0
-0.000319589 0.999354 0
-0.0955247 0.902259 0
-0.0859051 0.81706 0
-0.00060679 0.903388 0
0.0328948 0.550921 0
0.000262868 0.504869 0
0.0457032 0.504222 0
-0.0510526 0.553763 0
-0.0151061 0.553763 0
-0.0132653 0.60858 0
-0.0511618 0.553413 0
-0.0458143 0.504392 0
-0.0152153 0.553413 0
0.168109 0.827659 0
0.188688 0.906963 0
0.0964287 0.902306 0
0.0719842 0.740193 0
0.169683 0.748326 0
0.080332 0.816717 0
0.170746 0.74787 0
0.227362 0.676181 0
0.242628 0.744468 0
0.0829531 0.604669 0
0.0352285 0.606703 0
0.0331363 0.551597 0
-0.0708514 0.607326 0
-0.143128 0.622749 0
-0.135003 0.568632 0
-0.01345 0.60876 0
-0.0701376 0.60723 0
-0.0512373 0.553942 0
-0.0752837 0.669092 0
-0.142928 0.623086 0
-0.070651 0.607663 0
0.0106887 0.670544 0
-0.074578 0.669256 0
-0.0132577 0.609357 0
-0.0805633 0.738453 0
-0.161729 0.680235 0
-0.0753797 0.66972 0
-0.135677 0.568427 0
-0.202119 0.618292 0
-0.21316 0.55069 0
-0.0135292 0.609146 0
-0.0748495 0.669045 0
-0.0702168 0.607617 0
-0.162363 0.67968 0
-0.201976 0.618906 0
-0.143658 0.623159 0
0.188807 0.907864 0
0.19963 0.999691 0
0.10063 0.999691 0
0.326638 0.750926 0
0.306708 0.683445 0
0.371233 0.699694 0
0.348184 0.826629 0
0.276423 0.906688 0
0.260373 0.821488 0
0.433605 0.832823 0
0.349174 0.826194 0
0.399413 0.765212 0
0.372721 0.908725 0
0.2768 0.906981 0
0.348561 0.826922 0
0.243412 0.744504 0
0.306279 0.683595 0
0.326209 0.751077 0
0.170549 0.748375 0
0.242431 0.744973 0
0.168537 0.826602 0
0.0806542 0.817008 0
0.170006 0.748617 0
0.167994 0.826844 0
0.15282 0.683867 0
0.227061 0.675978 0
0.170445 0.747667 0
0.227816 0.675964 0
0.305948 0.683343 0
0.243082 0.744252 0
0.168836 0.826846 0
0.24273 0.745217 0
0.259661 0.820948 0
0.000154068 0.300079 0
0.0234564 0.299163 0
0.0226099 0.324372 0
-0.32661 0.750941 0
-0.371205 0.699712 0
-0.298568 0.688883 0
-0.243385 0.744522 0
-0.326181 0.751092 0
-0.298139 0.689034 0
-0.344356 0.828902 0
-0.39904 0.764949 0
-0.326856 0.751628 0
-0.533539 0.843968 0
-0.5274 0.739236 0
-0.470874 0.769648 0
-0.465659 0.912335 0
-0.533211 0.84476 0
-0.434442 0.833378 0
-0.643009 0.856585 0
-0.713723 0.785871 0
-0.617279 0.761628 0
-0.298355 0.688251 0
-0.345759 0.64004 0
-0.288338 0.621448 0
-0.639308 0.567606 0
-0.559264 0.575001 0
-0.622241 0.626772 0
-0.529376 0.433635 0
-0.576187 0.518521 0
-0.618478 0.461785 0
-0.501764 0.527743 0
-0.558649 0.574508 0
-0.575894 0.519212 0
-0.48101 0.46832 0
-0.501346 0.527102 0
-0.528666 0.433686 0
-0.518469 0.378461 0
-0.468794 0.413819 0
-0.528682 0.433006 0
-0.434497 0.502124 0
-0.50103 0.527332 0
-0.480694 0.46855 0
-0.619387 0.692824 0
-0.528174 0.738701 0
-0.616579 0.760923 0
-0.509627 0.593043 0
-0.518265 0.662541 0
-0.558483 0.575205 0
-0.501541 0.527989 0
-0.509571 0.592592 0
-0.558427 0.574754 0
-0.458517 0.585138 0
-0.51793 0.662575 0
-0.509292 0.593077 0
-0.458201 0.585302 0
-0.415361 0.642091 0
-0.517615 0.662739 0
-0.34265 0.569077 0
-0.346283 0.639526 0
-0.400583 0.58707 0
-0.619939 0.692646 0
-0.617131 0.760745 0
-0.692673 0.685606 0
-0.622622 0.627557 0
-0.619957 0.692199 0
-0.692691 0.685159 0
-0.622039 0.627483 0
-0.518845 0.663047 0
-0.619374 0.692124 0
-0.470581 0.769228 0
-0.527107 0.738815 0
-0.446459 0.718543 0
-0.434011 0.832634 0
-0.470114 0.769697 0
-0.399819 0.765022 0
-0.434459 0.8329 0
-0.533228 0.844282 0
-0.470562 0.769963 0
-0.534412 0.844335 0
-0.642407 0.856781 0
-0.616677 0.761824 0
-0.297959 0.68837 0
-0.287943 0.621567 0
-0.227939 0.675571 0
-0.414499 0.642397 0
-0.346426 0.640146 0
-0.371659 0.699186 0
-0.342273 0.569191 0
-0.288485 0.621048 0
-0.345906 0.63964 0
0.0722257 0.739748 0
0.152301 0.684081 0
0.169925 0.747881 0
0.0114717 0.67098 0
0.0748467 0.669693 0
0.0714367 0.739443 0
-0.0801367 0.738532 0
-0.0749532 0.669799 0
-0.0346079 0.703717 0
-0.0128905 0.609148 0
0.0348341 0.607115 0
0.0110558 0.670335 0
0.0834546 0.605117 0
0.142971 0.623078 0
0.0753267 0.669083 0
0.0113498 0.670537 0
0.0351281 0.607316 0
0.0747248 0.669249 0
0.104491 0.478865 0
0.0972672 0.439495 0
0.137093 0.468272 0
0.187855 0.563228 0
0.148644 0.563148 0
0.142815 0.513698 0
0.0588249 0.45751 0
0.00031945 0.460329 0
0.036691 0.420349 0
0.000122462 0.460206 0
0.000122462 0.420984 0
0.036494 0.420227 0
-0.132399 0.427545 0
-0.128122 0.391263 0
-0.0907849 0.403393 0
-0.10493 0.440964 0
-0.137212 0.468107 0
-0.132476 0.427928 0
-0.0788764 0.498636 0
-0.104229 0.479015 0
-0.0770013 0.454316 0
-0.0790459 0.498852 0
-0.127525 0.518655 0
-0.104398 0.479231 0
-0.170153 0.419721 0
-0.161931 0.382944 0
-0.128487 0.391168 0
-0.137461 0.468174 0
-0.179221 0.460993 0
-0.132726 0.427995 0
-0.215663 0.43558 0
-0.229039 0.476502 0
-0.264074 0.448698 0
-0.170581 0.419919 0
-0.215264 0.435222 0
-0.203103 0.398015 0
-0.179803 0.461046 0
-0.228756 0.476543 0
-0.215381 0.435622 0
-0.000173639 0.353649 0
-0.0292884 0.352803 0
-0.0226295 0.32473 0
0.020599 0.384434 0
0.000141315 0.353849 0
0.0216544 0.353004 0
0.0204576 0.38454 0
-0.0204577 0.38454 0
-1.02445e-09 0.353955 0
-0.0902806 0.40333 0
-0.0535416 0.382401 0
-0.0561986 0.417632 0
-0.104616 0.365144 0
-0.100243 0.336015 0
-0.0793869 0.341897 0
-0.12803 0.391055 0
-0.104747 0.365533 0
-0.0906921 0.403185 0
-0.0744551 0.315389 0
-0.0961464 0.309271 0
-0.0701357 0.291849 0
-0.0470989 0.296355 0
-0.0742906 0.315345 0
-0.0699711 0.291806 0
-0.0792858 0.341731 0
-0.100142 0.335849 0
-0.0744991 0.315644 0
-0.129444 0.357278 0
-0.100411 0.336067 0
-0.104784 0.365196 0
-0.0962075 0.309171 0
-0.0926415 0.285418 0
-0.0701968 0.291748 0
-0.127715 0.328285 0
-0.0964257 0.309461 0
-0.100377 0.335783 0
-0.11757 0.301277 0
-0.114741 0.277272 0
-0.092862 0.285343 0
-0.127773 0.32817 0
-0.117626 0.301527 0
-0.0964836 0.309346 0
-0.117843 0.301439 0
-0.14767 0.319009 0
-0.141632 0.292003 0
0.224621 0.607704 0
0.277966 0.627804 0
0.22766 0.675322 0
0.152587 0.68336 0
0.143566 0.623271 0
0.184135 0.648705 0
0.242664 0.467235 0
0.215655 0.435423 0
0.248002 0.410955 0
0.242396 0.467615 0
0.20361 0.498746 0
0.179809 0.461227 0
0.294325 0.480165 0
0.243027 0.467476 0
0.277762 0.438271 0
0.29445 0.480645 0
0.301409 0.535495 0
0.256711 0.513867 0
0.188039 0.563013 0
0.142999 0.513484 0
0.203305 0.49924 0
0.148646 0.563513 0
0.187858 0.563593 0
0.143565 0.622586 0
0.0836994 0.604763 0
0.148297 0.563651 0
0.143215 0.622724 0
0.0813454 0.548818 0
0.142458 0.51365 0
0.148286 0.563099 0
0.081113 0.548603 0
0.0790172 0.499067 0
0.142226 0.513435 0
0.0326918 0.551086 0
-0.0147815 0.553408 0
5.98998e-05 0.505034 0
0.0831059 0.604476 0
0.0332891 0.551404 0
0.0807623 0.549082 0
0.0349009 0.606532 0
-0.0146645 0.553748 0
0.0328087 0.551426 0
0.0749656 0.66903 0
0.0353689 0.607097 0
0.0830935 0.605063 0
-0.0129774 0.608758 0
-0.0148182 0.553941 0
0.0347473 0.606724 0
0.0790955 0.498834 0
0.104448 0.479214 0
0.142304 0.513202 0
0.0461257 0.504194 0
0.0786947 0.499036 0
0.0807905 0.548572 0
0.0331645 0.551068 0
0.0459729 0.504369 0
0.0806377 0.548746 0
0.000152997 0.504567 0
0.000152997 0.460766 0
0.0455933 0.503919 0
0.0457903 0.503762 0
0.000349985 0.460609 0
0.0588554 0.45779 0
0.137461 0.468174 0
0.132726 0.427995 0
0.179221 0.460993 0
0.14297 0.513143 0
0.179476 0.46138 0
0.203276 0.498899 0
-0.18846 0.907539 0
-0.0962011 0.902882 0
-0.100283 0.999366 0
-0.300166 0.999389 0
-0.37023 0.910862 0
-0.279357 0.906309 0
-0.242415 0.744978 0
-0.155088 0.753395 0
-0.179339 0.823093 0
-0.0808288 0.738732 0
-0.154489 0.752898 0
-0.161994 0.680514 0
-0.143234 0.623329 0
-0.0755901 0.669334 0
-0.161939 0.679849 0
0.00840822 0.740163 0
-0.000238579 0.816926 0
-0.079743 0.739146 0
-0.0865024 0.816793 0
-0.0961221 0.901992 0
-0.17862 0.82383 0
0.0490337 0.321922 0
0.071075 0.317538 0
0.0791038 0.341693 0
0.0218312 0.352792 0
0.0227739 0.324719 0
0.0508133 0.350262 0
0.0470174 0.296462 0
0.0709674 0.317386 0
0.048926 0.32177 0
0.0468588 0.296401 0
0.0487674 0.321709 0
0.0237001 0.299142 0
-0.0863689 0.816013 0
-0.154235 0.753352 0
-0.080575 0.739187 0
0.0795256 0.817494 0
0.000266863 0.903107 0
0.000266863 0.817733 0
-0.188724 0.906951 0
-0.178963 0.824132 0
-0.0964651 0.902294 0
-0.299597 0.999687 0
-0.278788 0.906607 0
-0.200597 0.999687 0
-0.259518 0.821478 0
-0.17951 0.823861 0
-0.189271 0.90668 0
-0.326391 0.751816 0
-0.260526 0.820978 0
-0.343891 0.82909 0
-0.242767 0.745205 0
-0.17969 0.823319 0
-0.259697 0.820937 0
-0.000287201 0.81773 0
-0.000287201 0.903104 0
-0.0855855 0.816777 0
-0.0800593 0.739401 0
-0.000554892 0.817181 0
-0.0858532 0.816227 0
0.00894277 0.740424 0
0.0795547 0.816948 0
0.000295977 0.817187 0
-0.10063 0.999691 0
-0.19963 0.999691 0
-0.188807 0.907864 0
0.0961355 0.309278 0
0.0712025 0.317329 0
0.0701248 0.291855 0
0.135393 0.357907 0
0.100508 0.335946 0
0.127845 0.328445 0
0.104528 0.365285 0
0.0738137 0.378013 0
0.0792986 0.34204 0
0.260551 0.340689 0
0.235971 0.331673 0
0.263062 0.304956 0
0.297632 0.315843 0
0.260757 0.340635 0
0.263268 0.304903 0
0.286948 0.350587 0
0.248725 0.363883 0
0.260673 0.340949 0
0.248223 0.410448 0
0.248646 0.364237 0
0.275801 0.386895 0
0.208991 0.352486 0
0.23575 0.331909 0
0.248381 0.363859 0
0.194531 0.403395 0
0.162203 0.382811 0
0.185345 0.367825 0
0.215398 0.435132 0
0.194821 0.403635 0
0.218926 0.387441 0
0.170375 0.419763 0
0.162153 0.382986 0
0.19448 0.403569 0
0.247923 0.410688 0
0.215576 0.435156 0
0.219105 0.387465 0
0.137187 0.468101 0
0.0973611 0.439324 0
0.132451 0.427922 0
0.172881 0.33892 0
0.167043 0.308587 0
0.207152 0.31545 0
0.185428 0.367509 0
0.172947 0.339241 0
0.20857 0.352523 0
0.218873 0.387045 0
0.185582 0.36767 0
0.208724 0.352683 0
0.16213 0.382596 0
0.172792 0.339342 0
0.185272 0.36761 0
0.218826 0.387215 0
0.194721 0.403409 0
0.185535 0.36784 0
0.248325 0.364044 0
0.219084 0.387033 0
0.208935 0.352671 0
0.179255 0.461278 0
0.142749 0.513041 0
0.137495 0.468459 0
0.194658 0.403744 0
0.215236 0.435241 0
0.170553 0.419938 0
0.215427 0.435591 0
0.242436 0.467403 0
0.179849 0.461016 0
0.170502 0.42013 0
0.215185 0.435433 0
0.179607 0.460857 0
0.24821 0.410964 0
0.277607 0.438039 0
0.242872 0.467244 0
0.132332 0.427703 0
0.0972423 0.439104 0
0.101808 0.402755 0
0.170055 0.419871 0
0.132665 0.4276 0
0.128388 0.391318 0
0.170226 0.420104 0
0.179331 0.460831 0
0.132836 0.427834 0
0.147681 0.319009 0
0.12118 0.301457 0
0.141643 0.292003 0
0.135409 0.358215 0
0.12818 0.390904 0
0.104897 0.365383 0
0.147683 0.31932 0
0.135552 0.357851 0
0.128003 0.32839 0
0.161815 0.382738 0
0.128371 0.390962 0
0.1356 0.358273 0
0.0963774 0.309203 0
0.0928115 0.285451 0
0.120845 0.301402 0
0.127783 0.328168 0
0.0964948 0.309346 0
0.120963 0.301546 0
0.100188 0.335747 0
0.0713034 0.317476 0
0.0962364 0.309425 0
0.278664 0.627914 0
0.354492 0.63316 0
0.306491 0.682811 0
0.256635 0.514149 0
0.301332 0.535777 0
0.271594 0.5648 0
0.242652 0.467791 0
0.256212 0.513702 0
0.203866 0.498922 0
0.242956 0.467729 0
0.294254 0.480418 0
0.256515 0.51364 0
0.148088 0.563404 0
0.0834912 0.604516 0
0.0811476 0.549123 0
0.22404 0.607313 0
0.143818 0.622733 0
0.188111 0.56374 0
0.152222 0.683429 0
0.0755574 0.669346 0
0.143201 0.623341 0
7.24337e-05 0.325615 0
0.0215855 0.352806 0
7.24337e-05 0.353652 0
0.0486866 0.321803 0
0.0227728 0.324445 0
0.0236193 0.299236 0
0.0487781 0.321974 0
0.0509037 0.350158 0
0.0228643 0.324615 0
0.0470549 0.38155 0
0.0367201 0.419842 0
0.0208063 0.38475 0
0.101539 0.402505 0
0.0752906 0.413839 0
0.0737903 0.378378 0
0.104603 0.365488 0
0.101637 0.402343 0
0.0738887 0.378216 0
0.12816 0.39126 0
0.132436 0.427542 0
0.101912 0.402594 0
0.0969091 0.439242 0
0.0592768 0.457419 0
0.0752266 0.414226 0
0.101617 0.402709 0
0.0970512 0.439058 0
0.0753687 0.414043 0
0.100431 0.336069 0
0.135316 0.35803 0
0.104804 0.365199 0
0.161931 0.382944 0
0.170153 0.419721 0
0.128487 0.391168 0
0.137245 0.468519 0
0.142499 0.513101 0
0.104643 0.479112 0
-0.0407927 0.459912 0
-0.000136889 0.460618 0
-0.000136889 0.504419 0
-0.0785619 0.498739 0
-0.0412083 0.460038 0
-0.0459928 0.503897 0
-0.0767145 0.453982 0
-0.0561121 0.41806 0
-0.041236 0.459601 0
-0.104583 0.365476 0
-0.0791862 0.373837 0
-0.0905282 0.403127 0
-0.0409457 0.460057 0
-0.000289887 0.504564 0
-0.0457302 0.503917 0
-0.0279963 0.419599 0
-0.000230377 0.460333 0
-0.0408862 0.459628 0
-0.0532153 0.382344 0
-0.020798 0.38475 0
-0.0281063 0.419087 0
0.020649 0.384881 0
0.0365628 0.419974 0
0.000191343 0.420731 0
0.078817 0.498648 0
0.0593131 0.457835 0
0.10417 0.479028 0
0.248457 0.364238 0
0.248033 0.41045 0
0.219215 0.387227 0
0.337629 0.275886 0
0.318108 0.25085 0
0.363763 0.248656 0
0.386652 0.275894 0
0.337859 0.27597 0
0.363993 0.24874 0
0.35899 0.30364 0
0.327975 0.309755 0
0.337646 0.276267 0
0.327805 0.309685 0
0.308267 0.282629 0
0.337476 0.276196 0
0.349476 0.339507 0
0.328015 0.309967 0
0.359029 0.303853 0
0.298006 0.315666 0
0.308135 0.282762 0
0.327673 0.309817 0
0.287285 0.350502 0
0.297884 0.316072 0
0.312208 0.36337 0
0.276143 0.386693 0
0.287212 0.350739 0
0.312135 0.363607 0
0.248554 0.36382 0
0.235923 0.33187 0
0.260502 0.340886 0
0.26309 0.304593 0
0.239925 0.287772 0
0.264983 0.275911 0
0.287112 0.350426 0
0.260837 0.340788 0
0.297712 0.315996 0
0.235902 0.331496 0
0.239828 0.287959 0
0.262992 0.304779 0
0.291325 0.263263 0
0.28787 0.239879 0
0.3177 0.250778 0
0.265304 0.275756 0
0.291217 0.263489 0
0.307904 0.282473 0
0.265236 0.275613 0
0.287694 0.239963 0
0.291149 0.263347 0
0.29779 0.315649 0
0.263427 0.304709 0
0.307919 0.282745 0
0.239814 0.287624 0
0.229862 0.260387 0
0.264871 0.275762 0
0.448448 0.264388 0
0.426412 0.290189 0
0.410863 0.248324 0
0.43146 0.222055 0
0.476488 0.22906 0
0.448685 0.264096 0
0.514149 0.256635 0
0.564795 0.271593 0
0.535679 0.30129 0
0.426603 0.290666 0
0.469364 0.30629 0
0.446899 0.349053 0
0.375307 0.364305 0
0.400963 0.327344 0
0.446499 0.34937 0
0.448936 0.264468 0
0.513541 0.256626 0
0.469662 0.305893 0
0.277718 0.43777 0
0.248321 0.410695 0
0.275898 0.387142 0
0.387581 0.418182 0
0.375222 0.364797 0
0.43434 0.40553 0
0.396315 0.513874 0
0.330908 0.496081 0
0.371324 0.452233 0
0.37542 0.364567 0
0.446612 0.349631 0
0.434538 0.4053 0
0.371353 0.451602 0
0.348705 0.402848 0
0.387281 0.418463 0
0.337443 0.275999 0
0.308234 0.282432 0
0.317922 0.250963 0
0.40071 0.326896 0
0.359398 0.303698 0
0.386847 0.276248 0
0.349319 0.339707 0
0.312516 0.363314 0
0.327859 0.310167 0
0.348591 0.402294 0
0.349597 0.340019 0
0.374808 0.364525 0
0.312343 0.363234 0
0.29802 0.315936 0
0.327687 0.310087 0
0.248777 0.364036 0
0.286999 0.35074 0
0.275931 0.386694 0
0.401135 0.327097 0
0.426374 0.290736 0
0.44667 0.349123 0
0.349772 0.339767 0
0.400639 0.327312 0
0.374983 0.364273 0
0.387071 0.276204 0
0.426174 0.290491 0
0.400935 0.326852 0
0.27141 0.565419 0
0.278112 0.627435 0
0.224768 0.607335 0
0.188375 0.563458 0
0.222642 0.538627 0
0.224305 0.607031 0
0.301553 0.536016 0
0.322608 0.585279 0
0.271816 0.565039 0
0.271738 0.565346 0
0.322531 0.585585 0
0.27844 0.627362 0
0.224583 0.607037 0
0.22292 0.538633 0
0.271225 0.565121 0
0.536151 0.382247 0
0.490168 0.365183 0
0.535503 0.302023 0
0.585187 0.32298 0
0.536469 0.382105 0
0.535822 0.301881 0
0.396915 0.513851 0
0.416182 0.458942 0
0.465604 0.482645 0
0.409602 0.591637 0
0.396832 0.514488 0
0.447313 0.540395 0
0.349122 0.535484 0
0.330834 0.49636 0
0.39624 0.514153 0
0.409274 0.591621 0
0.349385 0.535804 0
0.396503 0.514473 0
0.301656 0.535435 0
0.294697 0.480586 0
0.330335 0.496248 0
0.307332 0.408535 0
0.277916 0.437763 0
0.276096 0.387134 0
0.37116 0.451693 0
0.329762 0.445397 0
0.348512 0.402938 0
0.415836 0.45852 0
0.371579 0.451789 0
0.387506 0.41865 0
0.415867 0.458839 0
0.3966 0.513749 0
0.371609 0.452108 0
0.294614 0.480091 0
0.278052 0.438198 0
0.32927 0.44561 0
0.307511 0.408731 0
0.329314 0.44537 0
0.278095 0.437958 0
0.312203 0.3638 0
0.307448 0.408287 0
0.276211 0.386886 0
0.3483 0.402794 0
0.329549 0.445252 0
0.307747 0.408613 0
0.349388 0.340016 0
0.348382 0.402291 0
0.312584 0.363623 0
0.374934 0.364787 0
0.387293 0.418172 0
0.348717 0.402557 0
0.307689 0.408339 0
0.312444 0.363853 0
0.348242 0.40252 0
0.330685 0.495852 0
0.329702 0.445709 0
0.3711 0.452005 0
0.301837 0.53562 0
0.330517 0.496432 0
0.348805 0.535556 0
0.29479 0.480285 0
0.329446 0.445804 0
0.330429 0.495947 0
0.354547 0.632835 0
0.278718 0.627589 0
0.322808 0.585812 0
0.141584 0.291749 0
0.114966 0.27718 0
0.136144 0.267417 0
0.100377 0.335783 0
0.0964257 0.309461 0
0.127714 0.328283 0
0.0928732 0.285343 0
0.114752 0.277272 0
0.120907 0.301295 0
0.14174 0.291761 0
0.1363 0.267429 0
0.161408 0.280768 0
0.0590756 0.457355 0
0.0369416 0.420194 0
0.0750254 0.414162 0
0.104231 0.478829 0
0.0593741 0.457636 0
0.0970064 0.439459 0
0.078622 0.498732 0
0.0460529 0.50389 0
0.0591181 0.457918 0
-0.0768793 0.453794 0
-0.0903589 0.40357 0
-0.0562769 0.417872 0
-0.0281833 0.419456 0
-0.0410731 0.459485 0
-0.0559492 0.417944 0
-0.0533334 0.382454 0
-0.0282244 0.419198 0
-0.0559904 0.417685 0
-9.3489e-05 0.420982 0
-9.3489e-05 0.460204 0
-0.0278594 0.419469 0
-0.163229 0.536887 0
-0.135546 0.568154 0
-0.21303 0.550417 0
-0.189714 0.506971 0
-0.16341 0.536681 0
-0.213211 0.550211 0
-0.189428 0.506866 0
-0.12809 0.518873 0
-0.163125 0.536576 0
-0.104594 0.47913 0
-0.12772 0.518553 0
-0.137195 0.468537 0
-0.0787522 0.499241 0
-0.0515307 0.55342 0
-0.0925661 0.560631 0
0.0472792 0.381296 0
0.0510681 0.350535 0
0.0735278 0.378095 0
0.0751088 0.413769 0
0.0473599 0.381508 0
0.0736085 0.378308 0
0.0207562 0.384526 0
0.0218117 0.353096 0
0.0470049 0.381326 0
0.101819 0.402386 0
0.104784 0.365531 0
0.128067 0.391052 0
0.0369019 0.41994 0
0.0472367 0.381648 0
0.0749856 0.413908 0
0.051175 0.350404 0
0.0791195 0.34199 0
0.0736347 0.377963 0
0.0219128 0.352982 0
0.0508949 0.350451 0
0.047106 0.381211 0
-0.0295456 0.352783 0
-0.0509261 0.350253 0
-0.0488006 0.322068 0
-0.0206246 0.384434 0
-0.0292816 0.353004 0
-0.000166911 0.353849 0
-0.0208026 0.384529 0
-0.0532198 0.382122 0
-0.0294597 0.353099 0
7.56078e-05 0.325342 0
7.56088e-05 0.300167 0
0.0225314 0.324459 0
0.0793873 0.341899 0
0.100243 0.336015 0
0.104616 0.365144 0
0.0489666 0.322032 0
0.0790368 0.341802 0
0.0510922 0.350216 0
0.0712465 0.317584 0
0.100131 0.335855 0
0.0792753 0.34174 0
0.0699602 0.291812 0
0.071038 0.317285 0
0.047088 0.296362 0
0.0701968 0.291748 0
0.0926415 0.285418 0
0.0962075 0.309171 0
0.135749 0.358099 0
0.172625 0.33931 0
0.161964 0.382564 0
0.275891 0.906957 0
0.189595 0.906959 0
0.259841 0.821757 0
0.326407 0.751809 0
0.348352 0.82611 0
0.260541 0.820968 0
0.299587 0.999691 0
0.200587 0.999691 0
0.276061 0.907863 0
-0.0955709 0.903192 0
-0.000652922 0.999675 0
-0.0996529 0.999675 0
0.183198 0.266206 0
0.156903 0.255784 0
0.176294 0.242827 0
0.141842 0.291898 0
0.16151 0.280905 0
0.166786 0.308314 0
0.147834 0.319033 0
0.141796 0.292026 0
0.16674 0.308442 0
0.12107 0.301317 0
0.114915 0.277294 0
0.141533 0.291863 0
0.13635 0.267309 0
0.156697 0.255914 0
0.161458 0.280647 0
0.196196 0.288993 0
0.213392 0.275439 0
0.207385 0.315172 0
0.194802 0.228245 0
0.203613 0.25053 0
0.176489 0.242683 0
0.194978 0.228092 0
0.212102 0.212262 0
0.220413 0.235008 0
0.195888 0.288988 0
0.166967 0.308304 0
0.161691 0.280895 0
0.183479 0.266297 0
0.203698 0.250765 0
0.213338 0.275148 0
0.235613 0.331747 0
0.208854 0.352324 0
0.207502 0.315572 0
0.147635 0.319131 0
0.127955 0.328201 0
0.121134 0.301579 0
0.172682 0.338932 0
0.147937 0.31919 0
0.166844 0.308599 0
0.172578 0.339098 0
0.135701 0.357887 0
0.147833 0.319355 0
0.613136 0.213742 0
0.565199 0.271115 0
0.557569 0.201319 0
0.564906 0.161577 0
0.613135 0.213374 0
0.557568 0.200951 0
0.676177 0.22736 0
0.750679 0.16312 0
0.74049 0.249716 0
0.68847 0.298687 0
0.693575 0.378591 0
0.633399 0.3548 0
0.675593 0.227906 0
0.688392 0.297927 0
0.628075 0.278212 0
0.75589 0.320483 0
0.825933 0.348794 0
0.764957 0.399035 0
0.740549 0.250477 0
0.75535 0.319817 0
0.689035 0.298141 0
0.740982 0.250366 0
0.817904 0.265173 0
0.755783 0.319706 0
0.908487 0.373233 0
0.836437 0.429544 0
0.826683 0.349073 0
0.999378 0.300182 0
0.909294 0.372576 0
0.904835 0.281984 0
0.999715 0.400545 0
0.999715 0.499545 0
0.915046 0.463358 0
0.846286 0.504372 0
0.914294 0.463943 0
0.928248 0.570845 0
0.753598 0.585323 0
0.845505 0.504819 0
0.855568 0.583051 0
0.83652 0.430363 0
0.913986 0.463472 0
0.845978 0.503901 0
0.355295 0.632928 0
0.409358 0.592395 0
0.415702 0.648805 0
0.000319588 0.904 0
0.0952375 0.90287 0
0.000319589 0.999354 0
0.0714456 0.740166 0
0.0797934 0.81669 0
0.00918153 0.740166 0
0.0112506 0.671215 0
0.0712156 0.739678 0
0.00895152 0.739678 0
0.0753182 0.669736 0
0.151983 0.683819 0
0.0719083 0.739486 0
0.0955709 0.903192 0
0.0996529 0.999675 0
0.000652922 0.999675 0
0.167746 0.827359 0
0.0960653 0.902006 0
0.0804061 0.817522 0
0.18846 0.907539 0
0.100283 0.999366 0
0.0962011 0.902882 0
0.208644 0.352349 0
0.173021 0.339067 0
0.207292 0.315597 0
0.265133 0.275501 0
0.260354 0.229899 0
0.28759 0.23985 0
0.220639 0.235225 0
0.244846 0.244996 0
0.229731 0.260109 0
0.235224 0.220639 0
0.260112 0.229732 0
0.244997 0.244846 0
0.189395 0.907555 0
0.275691 0.907554 0
0.200218 0.999382 0
0.234982 0.220547 0
0.220547 0.234983 0
0.212237 0.212237 0
0.266206 0.183198 0
0.242827 0.176294 0
0.255784 0.156903 0
0.275148 0.213338 0
0.250765 0.203698 0
0.266297 0.183479 0
0.250657 0.203574 0
0.24281 0.17645 0
0.266189 0.183355 0
0.228245 0.194802 0
0.242683 0.176489 0
0.25053 0.203613 0
0.280892 0.161529 0
0.291885 0.141861 0
0.304465 0.172558 0
0.292358 0.190841 0
0.280893 0.161694 0
0.304467 0.172722 0
0.266333 0.183149 0
0.25591 0.156854 0
0.280644 0.161615 0
0.328363 0.128067 0
0.349154 0.154423 0
0.31929 0.147747 0
0.287808 0.239568 0
0.275435 0.213538 0
0.31517 0.207531 0
0.220385 0.235136 0
0.20376 0.250504 0
0.19495 0.22822 0
0.244864 0.244864 0
0.220657 0.235092 0
0.235092 0.220657 0
0.229594 0.260128 0
0.203876 0.250611 0
0.220501 0.235243 0
0.264889 0.27562 0
0.22988 0.260245 0
0.244995 0.245131 0
0.213312 0.275276 0
0.196116 0.288829 0
0.183453 0.266425 0
0.239642 0.287622 0
0.213612 0.275251 0
0.22969 0.260386 0
0.239567 0.287806 0
0.207531 0.315168 0
0.213538 0.275435 0
0.212262 0.212102 0
0.228092 0.194978 0
0.235008 0.220413 0
0.291748 0.0701967 0
0.309152 0.0962047 0
0.285418 0.0926415 0
0.349169 0.154603 0
0.332746 0.181694 0
0.319305 0.147927 0
0.397809 0.109799 0
0.39101 0.143834 0
0.357572 0.129606 0
0.372881 0.179255 0
0.332926 0.1818 0
0.349348 0.154708 0
0.357409 0.129756 0
0.390848 0.143983 0
0.34949 0.154416 0
0.410623 0.186676 0
0.387256 0.218779 0
0.373268 0.179485 0
0.319131 0.147635 0
0.30156 0.12113 0
0.328203 0.127956 0
0.391385 0.144021 0
0.427665 0.132692 0
0.43966 0.16264 0
0.349543 0.154582 0
0.390901 0.144149 0
0.373076 0.179128 0
0.398044 0.109808 0
0.427526 0.132515 0
0.391245 0.143843 0
0.304593 0.172512 0
0.292013 0.141816 0
0.31902 0.147853 0
0.928763 0.570831 0
0.914808 0.463929 0
0.999477 0.500116 0
0.867317 0.666127 0
0.928603 0.571841 0
0.999317 0.600127 0
0.845506 0.503951 0
0.77318 0.478453 0
0.836047 0.430414 0
0.866837 0.666071 0
0.856223 0.583545 0
0.928123 0.571786 0
0.790029 0.653986 0
0.79964 0.749639 0
0.702288 0.738181 0
0.255914 0.156697 0
0.267309 0.13635 0
0.280647 0.161458 0
0.702099 0.738781 0
0.79945 0.750239 0
0.73345 0.832739 0
0.552925 0.685065 0
0.617764 0.65294 0
0.626583 0.755804 0
0.790579 0.653746 0
0.86619 0.6669 0
0.80019 0.7494 0
0.684899 0.619084 0
0.669004 0.558044 0
0.752437 0.585621 0
0.789816 0.653041 0
0.685305 0.619402 0
0.752843 0.58594 0
0.618129 0.652169 0
0.604645 0.590878 0
0.684235 0.619416 0
0.62708 0.755982 0
0.618261 0.653118 0
0.701137 0.738199 0
0.552622 0.684521 0
0.53614 0.593443 0
0.61746 0.652395 0
0.855762 0.583818 0
0.866376 0.666345 0
0.790766 0.653191 0
0.49922 0.203348 0
0.513464 0.143042 0
0.557015 0.200856 0
0.514001 0.256073 0
0.499221 0.203727 0
0.557016 0.201235 0
0.476727 0.228767 0
0.452848 0.194779 0
0.498748 0.203614 0
0.513733 0.256166 0
0.476931 0.228973 0
0.498953 0.20382 0
0.535361 0.301406 0
0.469952 0.306017 0
0.513831 0.25675 0
0.585283 0.32261 0
0.535918 0.301511 0
0.565034 0.271814 0
0.627362 0.27844 0
0.58559 0.322533 0
0.565341 0.271737 0
0.448147 0.540381 0
0.520393 0.509185 0
0.535466 0.592482 0
0.635928 0.422625 0
0.651518 0.487309 0
0.594345 0.466797 0
0.482092 0.666148 0
0.535686 0.593489 0
0.552167 0.684567 0
0.463776 0.600756 0
0.409827 0.591926 0
0.447537 0.540685 0
0.481797 0.665868 0
0.46431 0.601179 0
0.535391 0.593209 0
0.481397 0.666055 0
0.416306 0.648946 0
0.463911 0.601366 0
0.323226 0.585368 0
0.349139 0.536042 0
0.409028 0.591859 0
0.39702 0.514123 0
0.465709 0.482917 0
0.447501 0.540031 0
0.720439 0.517785 0
0.652194 0.487548 0
0.711926 0.44329 0
0.752904 0.58502 0
0.720978 0.51823 0
0.772486 0.479018 0
0.668787 0.55738 0
0.652049 0.487931 0
0.720294 0.518167 0
0.77235 0.478542 0
0.720842 0.517754 0
0.712329 0.44326 0
0.70133 0.737742 0
0.618454 0.652662 0
0.684559 0.619909 0
0.593589 0.466952 0
0.520896 0.508455 0
0.540423 0.447878 0
0.684404 0.6191 0
0.604814 0.590563 0
0.668509 0.558061 0
0.535946 0.592455 0
0.520873 0.509158 0
0.591074 0.532362 0
0.586979 0.401175 0
0.632866 0.355288 0
0.635841 0.421964 0
0.594128 0.466509 0
0.586849 0.401548 0
0.635711 0.422337 0
0.466313 0.482313 0
0.485268 0.425944 0
0.539879 0.447653 0
0.447914 0.540013 0
0.466122 0.4829 0
0.52016 0.508817 0
0.416478 0.458647 0
0.484854 0.425981 0
0.465899 0.48235 0
0.489649 0.365088 0
0.447111 0.349303 0
0.469576 0.30654 0
0.485334 0.425336 0
0.489999 0.365597 0
0.535982 0.38266 0
0.484995 0.425413 0
0.435048 0.405557 0
0.489661 0.365674 0
0.633223 0.355214 0
0.693399 0.379005 0
0.636198 0.42189 0
0.585357 0.323312 0
0.586489 0.400936 0
0.536639 0.382437 0
0.483017 0.169664 0
0.452673 0.194446 0
0.44005 0.162932 0
0.513115 0.142716 0
0.483315 0.169406 0
0.468532 0.137462 0
0.49877 0.203417 0
0.45287 0.194581 0
0.483214 0.1698 0
0.44896 0.264211 0
0.476763 0.229175 0
0.513565 0.256369 0
0.448465 0.26416 0
0.41088 0.248096 0
0.43124 0.222119 0
0.301812 0.535918 0
0.348779 0.535854 0
0.322866 0.585181 0
0.448645 0.264581 0
0.46937 0.306007 0
0.426609 0.290383 0
0.58568 0.32322 0
0.632698 0.354957 0
0.586811 0.400843 0
0.239642 0.287994 0
0.235716 0.331531 0
0.207605 0.315356 0
0.213492 0.275128 0
0.203853 0.250745 0
0.22957 0.260262 0
0.16712 0.30842 0
0.196041 0.289103 0
0.20723 0.315283 0
0.183355 0.266189 0
0.17645 0.24281 0
0.203574 0.250657 0
0.161746 0.280755 0
0.18328 0.266443 0
0.195943 0.288847 0
0.161615 0.280644 0
0.156854 0.25591 0
0.183149 0.266333 0
0.359187 0.303527 0
0.337843 0.276154 0
0.386636 0.276078 0
0.245097 0.24503 0
0.260212 0.229916 0
0.26499 0.275518 0
0.27545 0.213375 0
0.292375 0.191129 0
0.315186 0.207369 0
0.260388 0.229691 0
0.275251 0.213612 0
0.287624 0.239643 0
0.260264 0.229571 0
0.250745 0.203853 0
0.275128 0.213492 0
0.250611 0.203876 0
0.260131 0.229595 0
0.235243 0.220501 0
0.22822 0.19495 0
0.250504 0.20376 0
0.235136 0.220385 0
0.266437 0.183436 0
0.292212 0.191049 0
0.275287 0.213295 0
0.349719 0.339565 0
0.359273 0.30391 0
0.400586 0.327109 0
0.30781 0.282611 0
0.263317 0.304575 0
0.26521 0.275893 0
0.28795 0.239693 0
0.315312 0.207656 0
0.31778 0.250592 0
0.319009 0.147681 0
0.292003 0.141643 0
0.301439 0.121176 0
0.335356 0.229763 0
0.352496 0.20897 0
0.363871 0.248361 0
0.31547 0.207623 0
0.335078 0.229766 0
0.317938 0.250558 0
0.315586 0.207482 0
0.352334 0.208833 0
0.335194 0.229626 0
0.304582 0.172875 0
0.315283 0.207233 0
0.292473 0.190993 0
0.352669 0.208934 0
0.387032 0.219083 0
0.364044 0.248325 0
0.332744 0.182074 0
0.352326 0.208674 0
0.315578 0.207323 0
0.332937 0.18198 0
0.372892 0.179436 0
0.352518 0.20858 0
0.319156 0.147987 0
0.332597 0.181755 0
0.304729 0.172646 0
0.373073 0.179559 0
0.387062 0.218852 0
0.3527 0.208704 0
0.357486 0.129476 0
0.365405 0.104816 0
0.397724 0.109668 0
0.32849 0.128007 0
0.3572 0.129703 0
0.349281 0.154362 0
0.328445 0.127826 0
0.335945 0.100489 0
0.357155 0.129522 0
0.431035 0.221968 0
0.410675 0.247945 0
0.38745 0.219126 0
0.452403 0.194699 0
0.431254 0.221682 0
0.411035 0.186736 0
0.452622 0.19484 0
0.476501 0.228828 0
0.431473 0.221823 0
0.29223 0.190876 0
0.266455 0.183263 0
0.280766 0.161729 0
0.267429 0.1363 0
0.291761 0.14174 0
0.280768 0.161408 0
0.267417 0.136144 0
0.27718 0.114966 0
0.291749 0.141584 0
0.907544 0.189413 0
0.999372 0.200236 0
0.904829 0.281037 0
0.818955 0.264841 0
0.906939 0.189629 0
0.904224 0.281254 0
0.903512 0.0930435 0
0.999368 0.100273 0
0.90754 0.188449 0
0.277272 0.114752 0
0.285343 0.0928731 0
0.301277 0.120902 0
0.315389 0.0744551 0
0.309253 0.0961437 0
0.291849 0.0701357 0
0.296355 0.0470989 0
0.315345 0.0742905 0
0.291806 0.0699711 0
0.335785 0.100378 0
0.328285 0.127715 0
0.309443 0.096423 0
0.315536 0.074556 0
0.335743 0.100199 0
0.3094 0.0962446 0
0.341897 0.0793869 0
0.365146 0.104617 0
0.336017 0.100243 0
0.613371 0.213999 0
0.627455 0.278076 0
0.565434 0.271372 0
0.999697 0.399577 0
0.909612 0.372971 0
0.999697 0.300577 0
0.929048 0.571286 0
0.999762 0.500571 0
0.999762 0.599571 0
0.856153 0.583004 0
0.846091 0.504772 0
0.928053 0.571244 0
0.836731 0.429926 0
0.908781 0.373616 0
0.914197 0.463035 0
0.826202 0.34916 0
0.835956 0.429631 0
0.765225 0.399402 0
0.694237 0.378813 0
0.755448 0.320584 0
0.764515 0.399136 0
0.818686 0.265373 0
0.903954 0.281786 0
0.826608 0.348218 0
0.909327 0.373516 0
0.999412 0.400122 0
0.914742 0.462935 0
0.321725 0.048934 0
0.315446 0.07422 0
0.296456 0.0470283 0
0.309328 0.096492 0
0.32817 0.127784 0
0.301527 0.120958 0
0.285451 0.0928115 0
0.309185 0.0963747 0
0.301384 0.120841 0
0.315644 0.0744991 0
0.341731 0.0792858 0
0.335851 0.100142 0
0.418061 0.0561122 0
0.459601 0.041236 0
0.453983 0.0767145 0
0.417697 0.0558527 0
0.384871 0.0207784 0
0.419964 0.0196 0
0.36546 0.104647 0
0.373821 0.0792501 0
0.397778 0.109499 0
0.350456 0.0509158 0
0.352984 0.0219336 0
0.38201 0.0532955 0
0.321993 0.0489637 0
0.350218 0.0510923 0
0.3418 0.0790363 0
0.324372 0.0226099 0
0.299163 0.0234564 0
0.300079 0.000154068 0
0.384747 -0.0208915 0
0.382341 -0.0533089 0
0.417571 -0.0559659 0
0.401884 -0.00127152 0
0.38482 -0.0205952 0
0.419912 -0.0194168 0
0.384818 0.0205876 0
0.401884 -0.00100393 0
0.419911 0.0194092 0
0.3847 0.0204538 0
0.384702 -0.0204614 0
0.401766 -0.00113772 0
0.384434 0.020599 0
0.353004 0.0216544 0
0.353851 0.000141315 0
0.374086 0.0790354 0
0.417678 0.0562953 0
0.424845 0.0936604 0
0.503769 0.0166799 0
0.45991 0.0408482 0
0.460617 0.000192401 0
0.501802 0.0624276 0
0.454264 0.0767357 0
0.459882 0.0412572 0
0.565136 0.161345 0
0.626108 0.131812 0
0.613365 0.213142 0
0.532396 0.105127 0
0.571852 0.121513 0
0.513624 0.142448 0
0.552068 0.066398 0
0.607107 0.0705488 0
0.572231 0.121143 0
0.504218 0.0168366 0
0.552365 0.0256972 0
0.502279 0.0621752 0
0.739674 0.00837136 0
0.671216 -0.0112211 0
0.73866 -0.0797801 0
0.816948 0.0795547 0
0.740424 0.00894277 0
0.817189 0.000295977 0
0.638226 0.0304986 0
0.609257 -0.0129784 0
0.670444 -0.0109237 0
0.669358 0.0746371 0
0.638428 0.0307926 0
0.670645 -0.0106297 0
0.607178 0.0702374 0
0.552139 0.0660866 0
0.593613 0.0283564 0
0.593906 0.02796 0
0.609001 -0.0128479 0
0.63797 0.0306291 0
0.607466 0.0701194 0
0.593901 0.0282384 0
0.637964 0.0309075 0
0.552836 0.0254772 0
0.553709 -0.0147124 0
0.593436 0.0279365 0
0.553762 -0.0151061 0
0.553763 -0.0510526 0
0.608585 -0.0132651 0
0.504228 -0.0165375 0
0.553248 -0.0148913 0
0.504227 0.0164376 0
0.607626 -0.0701805 0
0.670337 -0.0639345 0
0.609155 -0.0134924 0
0.513101 0.142499 0
0.468518 0.137244 0
0.479111 0.104643 0
0.439809 0.162988 0
0.452431 0.194502 0
0.411064 0.186539 0
0.391328 0.144201 0
0.439604 0.16282 0
0.410859 0.186371 0
0.427923 0.13267 0
0.468102 0.137406 0
0.439918 0.162617 0
0.478826 0.104609 0
0.468233 0.137211 0
0.428053 0.132475 0
0.501867 0.0626387 0
0.479026 0.104174 0
0.454328 0.0769468 0
0.502127 0.0627322 0
0.532048 0.104803 0
0.479287 0.104268 0
0.513217 0.142937 0
0.498973 0.203243 0
0.483417 0.169627 0
0.387225 0.219214 0
0.410451 0.248034 0
0.364238 0.248457 0
0.3181 0.250696 0
0.33524 0.229903 0
0.363755 0.248501 0
0.410817 0.186818 0
0.431036 0.221763 0
0.38745 0.21892 0
0.291863 0.141533 0
0.277294 0.114915 0
0.301299 0.121066 0
0.336069 0.100411 0
0.365198 0.104785 0
0.357279 0.129444 0
0.299142 0.0237001 0
0.32167 0.0487645 0
0.296401 0.0468588 0
0.384531 -0.0208025 0
0.353099 -0.0294597 0
0.382124 -0.05322 0
0.417571 0.0559659 0
0.38234 0.0533089 0
0.384745 0.0208915 0
0.459488 0.0410446 0
0.417948 0.0559207 0
0.420214 0.019668 0
0.424779 0.0938388 0
0.397977 0.109463 0
0.37402 0.0792138 0
0.453867 0.0768904 0
0.425112 0.0936532 0
0.417945 0.0562881 0
0.454071 0.0770515 0
0.478769 0.104279 0
0.425317 0.0938143 0
0.353654 7.24337e-05 0
0.352806 0.0215855 0
0.325577 7.24337e-05 0
0.384436 -0.0206245 0
0.353851 -0.000166911 0
0.353004 -0.0292816 0
0.384541 -0.0204576 0
0.38454 0.0204576 0
0.353957 -8.19564e-10 0
0.315598 0.0743276 0
0.321876 0.0490417 0
0.341684 0.0791143 0
0.324459 0.0225314 0
0.300166 7.56088e-05 0
0.325303 7.56078e-05 0
0.999682 0.299605 0
0.905139 0.281407 0
0.999682 0.200605 0
0.353651 -0.000185749 0
0.32473 -0.026238 0
0.352803 -0.0293005 0
0.324636 0.0226039 0
0.325479 0.000148043 0
0.352709 0.0216611 0
0.350264 0.0508134 0
0.324719 0.0227739 0
0.352792 0.0218312 0
0.321764 0.0486836 0
0.299236 0.0236193 0
0.324444 0.0227727 0
0.300082 -7.84591e-05 0
0.299166 -0.0233808 0
0.325218 -7.84601e-05 0
0.370787 -0.0846174 0
0.341918 -0.0793201 0
0.336034 -0.100176 0
0.407675 -0.0827626 0
0.382262 -0.0536112 0
0.371161 -0.0844731 0
0.427686 -0.132358 0
0.439089 -0.0972687 0
0.398203 -0.109652 0
0.42003 -0.019283 0
0.420029 0.0192754 0
0.402002 -0.00113772 0
0.457369 -0.0589544 0
0.420208 -0.019728 0
0.417941 -0.0559809 0
0.460205 -8.53712e-10 0
0.420224 0.0192792 0
0.420226 -0.0192792 0
0.350382 -0.0512114 0
0.341966 -0.0791558 0
0.370835 -0.084453 0
0.38207 -0.053505 0
0.350516 -0.0511253 0
0.370969 -0.084367 0
0.352792 -0.0294705 0
0.324719 -0.026408 0
0.350264 -0.0508511 0
0.373634 0.0791488 0
0.365273 0.104546 0
0.342023 0.0793161 0
0.350391 0.051193 0
0.373584 0.0789697 0
0.341973 0.079137 0
0.382304 0.0535036 0
0.417535 0.0561605 0
0.373943 0.0789006 0
0.32167 -0.0487645 0
0.299142 -0.0237001 0
0.296401 -0.0468588 0
0.324615 0.0228643 0
0.35016 0.0509038 0
0.321935 0.0487752 0
0.324638 -0.02614 0
0.353559 -8.77191e-05 0
0.325482 -8.77191e-05 0
0.384529 0.020777 0
0.382124 0.0531944 0
0.353099 0.0218324 0
0.3253 -0.000166178 0
0.299248 -0.0234685 0
0.324456 -0.0262185 0
0.552525 0.0258623 0
0.551652 0.0660519 0
0.502438 0.0623404 0
0.55341 -0.0147505 0
0.552537 0.0254391 0
0.504389 0.0165784 0
0.553896 -0.0148415 0
0.608719 -0.0130005 0
0.593624 0.0278074 0
0.613762 0.213113 0
0.626505 0.131783 0
0.683258 0.152645 0
0.53229 0.104676 0
0.50237 0.0626049 0
0.551584 0.0663164 0
0.571981 0.121259 0
0.532524 0.104872 0
0.551817 0.0665132 0
0.513314 0.142391 0
0.479325 0.104535 0
0.532085 0.10507 0
0.56812 -0.135502 0
0.513715 -0.17523 0
0.563244 -0.18792 0
0.439089 -0.0969246 0
0.417839 -0.0563188 0
0.408021 -0.0828133 0
0.4681 -0.137187 0
0.439324 -0.0973611 0
0.427921 -0.132451 0
0.502282 -0.0622609 0
0.553242 -0.0512226 0
0.504221 -0.0169222 0
0.45793 -0.0589662 0
0.501962 -0.0622869 0
0.503901 -0.0169482 0
0.479243 -0.104344 0
0.518665 -0.12747 0
0.502083 -0.0628083 0
0.439459 -0.0970064 0
0.478829 -0.104231 0
0.457637 -0.0593742 0
0.468651 -0.137431 0
0.513233 -0.175036 0
0.518667 -0.127956 0
0.291863 -0.141533 0
0.301317 -0.12107 0
0.277294 -0.114915 0
0.308316 -0.166786 0
0.291898 -0.141842 0
0.280886 -0.161506 0
0.308444 -0.166741 0
0.319033 -0.147834 0
0.292026 -0.141796 0
0.344526 -0.219733 0
0.375873 -0.233131 0
0.363681 -0.192252 0
0.332876 -0.182059 0
0.344382 -0.219562 0
0.363537 -0.19208 0
0.315499 -0.207588 0
0.317967 -0.250524 0
0.344171 -0.219843 0
0.358049 -0.124129 0
0.370841 -0.0847677 0
0.336088 -0.100326 0
0.906991 -0.276785 0
0.8299 -0.344099 0
0.908734 -0.372706 0
0.999691 -0.200587 0
0.907863 -0.276061 0
0.999691 -0.299587 0
0.906687 -0.189254 0
0.823867 -0.179493 0
0.823867 -0.254331 0
0.563771 -0.188035 0
0.613361 -0.213232 0
0.626108 -0.131903 0
0.518553 -0.12772 0
0.47913 -0.104594 0
0.468537 -0.137195 0
0.567971 -0.135301 0
0.519001 -0.127949 0
0.513567 -0.175029 0
0.560642 -0.0925116 0
0.553431 -0.0514762 0
0.502471 -0.0625145 0
0.568129 -0.135026 0
0.560746 -0.093009 0
0.519159 -0.127674 0
0.568488 -0.135038 0
0.625949 -0.131323 0
0.561105 -0.0930212 0
0.608764 -0.0134498 0
0.553942 -0.0512373 0
0.607235 -0.0701379 0
0.553413 -0.0151179 0
0.504393 -0.016764 0
0.553413 -0.0510644 0
0.479039 -0.104115 0
0.501878 -0.0625794 0
0.457847 -0.0592587 0
0.38201 -0.0533211 0
0.352984 -0.0295608 0
0.350456 -0.0509414 0
0.407831 -0.0826676 0
0.417649 -0.0561732 0
0.382418 -0.0535162 0
0.397909 -0.109444 0
0.407727 -0.0829499 0
0.371214 -0.0846605 0
0.398137 -0.109486 0
0.439023 -0.097103 0
0.407955 -0.0829917 0
0.417697 -0.0558527 0
0.419965 -0.0195999 0
0.384873 -0.0207784 0
0.503917 0.0164875 0
0.460764 -9.76647e-10 0
0.503917 -0.0164875 0
0.503908 0.0168881 0
0.501969 0.0622268 0
0.460049 0.0410564 0
0.368721 -0.293534 0
0.404737 -0.299991 0
0.399251 -0.262753 0
0.332917 -0.292704 0
0.368319 -0.293511 0
0.350827 -0.263011 0
0.318046 -0.250953 0
0.332748 -0.292561 0
0.350658 -0.262868 0
0.314383 -0.323439 0
0.339068 -0.34412 0
0.332697 -0.293076 0
0.388153 -0.339847 0
0.4047 -0.30025 0
0.368684 -0.293793 0
0.430507 -0.332896 0
0.469348 -0.306194 0
0.438111 -0.278102 0
0.348571 -0.497415 0
0.301876 -0.535733 0
0.342327 -0.56843 0
0.395733 -0.458728 0
0.349038 -0.497046 0
0.387937 -0.535253 0
0.317707 -0.462045 0
0.314791 -0.412789 0
0.27808 -0.438028 0
0.395618 -0.45839 0
0.353726 -0.434705 0
0.348923 -0.496709 0
0.395861 -0.458085 0
0.421147 -0.405861 0
0.353968 -0.4344 0
0.388357 -0.340217 0
0.404254 -0.371467 0
0.430123 -0.333323 0
0.565034 -0.271814 0
0.536016 -0.301553 0
0.585279 -0.322608 0
0.565136 -0.271187 0
0.613073 -0.213814 0
0.538653 -0.222884 0
0.435152 -0.215571 0
0.397944 -0.203409 0
0.39945 -0.26217 0
0.53807 -0.22255 0
0.513371 -0.175593 0
0.490413 -0.209361 0
0.382735 -0.161803 0
0.390246 -0.135866 0
0.35827 -0.124506 0
0.460831 -0.179331 0
0.427832 -0.132836 0
0.420104 -0.170226 0
0.457791 -0.058758 0
0.503762 -0.01674 0
0.46061 -0.000252503 0
0.439255 -0.0968454 0
0.457433 -0.0592132 0
0.418005 -0.0562396 0
0.439495 -0.0972672 0
0.468271 -0.137093 0
0.478865 -0.104491 0
0.449095 -0.554628 0
0.388309 -0.535856 0
0.406923 -0.581448 0
0.450051 -0.436062 0
0.434326 -0.501818 0
0.480523 -0.468243 0
0.396018 -0.458745 0
0.388221 -0.53527 0
0.433837 -0.502118 0
0.352832 -0.386846 0
0.353824 -0.434161 0
0.421003 -0.405622 0
0.352477 -0.38687 0
0.31516 -0.412525 0
0.353469 -0.434184 0
0.675342 0.227624 0
0.627824 0.277929 0
0.61374 0.213852 0
0.823069 0.179389 0
0.740983 0.249555 0
0.751172 0.162959 0
0.818189 0.265502 0
0.826112 0.348346 0
0.756068 0.320035 0
0.908715 0.372739 0
0.82691 0.348578 0
0.904256 0.282147 0
0.755194 0.320247 0
0.693983 0.378475 0
0.688878 0.298571 0
0.669107 0.0752442 0
0.626437 0.131047 0
0.607679 0.0706115 0
0.638217 0.0310641 0
0.669147 0.0749086 0
0.607719 0.070276 0
0.739486 0.0719083 0
0.683823 0.151984 0
0.66974 0.0753185 0
0.350525 0.0511069 0
0.382079 0.0534866 0
0.373718 0.0788837 0
0.478682 0.104464 0
0.427909 0.13233 0
0.425229 0.0939998 0
0.391106 0.144256 0
0.410636 0.186426 0
0.373281 0.179235 0
0.424959 0.0940171 0
0.427639 0.132348 0
0.398157 0.109641 0
0.468287 0.137529 0
0.48307 0.169473 0
0.440103 0.162741 0
0.490155 -0.209217 0
0.513114 -0.175449 0
0.461351 -0.179604 0
0.435666 -0.215315 0
0.489895 -0.209351 0
0.461091 -0.179738 0
0.467761 -0.242672 0
0.513673 -0.256232 0
0.490179 -0.209698 0
0.538321 -0.223027 0
0.514158 -0.256372 0
0.564804 -0.27133 0
0.513615 -0.175522 0
0.538314 -0.222479 0
0.563144 -0.188212 0
0.490415 -0.209632 0
0.513909 -0.256165 0
0.538071 -0.22282 0
0.438121 -0.277498 0
0.467326 -0.242763 0
0.435513 -0.215754 0
0.438235 -0.277801 0
0.469472 -0.305893 0
0.467439 -0.243066 0
0.535777 -0.301332 0
0.564795 -0.271593 0
0.51415 -0.256635 0
0.625278 -0.362715 0
0.627559 -0.278744 0
0.585786 -0.322836 0
0.460993 -0.179221 0
0.468173 -0.137461 0
0.427994 -0.132726 0
0.467499 -0.242535 0
0.489917 -0.209562 0
0.435687 -0.215526 0
0.513041 -0.175209 0
0.468459 -0.137604 0
0.461278 -0.179364 0
0.467692 -0.242994 0
0.469725 -0.305821 0
0.513604 -0.256554 0
0.561235 -0.0928052 0
0.62608 -0.131107 0
0.607317 -0.0706704 0
0.502355 -0.0627694 0
0.518938 -0.127431 0
0.560526 -0.0927665 0
0.563621 -0.187774 0
0.625958 -0.131641 0
0.568496 -0.135356 0
0.9035 -0.0920691 0
0.999356 -0.000298197 0
0.903875 0.00290813 0
0.999691 0.10063 0
0.999691 0.19963 0
0.907863 0.188807 0
0.420356 0.019481 0
0.460337 0.0002018 0
0.45963 0.0408576 0
CELLS 2326 9304
3 0 1 2
3 3 4 5
3 6 7 8
3 9 10 11
3 12 13 14
3 15 16 17
3 18 19 20
3 21 22 23
3 24 25 26
3 27 28 29
3 30 31 32
3 33 34 35
3 36 37 38
3 39 40 41
3 42 43 44
3 45 46 47
3 48 49 50
3 51 52 53
3 54 55 56
3 57 58 59
3 60 61 62
3 63 64 65
3 66 67 68
3 69 70 71
3 72 73 74
3 75 76 77
3 78 79 80
3 81 82 83
3 84 85 86
3 87 88 89
3 90 91 92
3 93 94 95
3 96 97 98
3 99 100 101
3 102 103 104
3 105 106 107
3 108 109 110
3 111 112 113
3 114 115 116
3 117 118 119
3 120 121 122
3 123 124 125
3 126 127 128
3 129 130 131
3 132 133 134
3 135 136 137
3 138 139 140
3 141 142 143
3 144 145 146
3 147 148 149
3 150 151 152
3 153 154 155
3 156 157 158
3 159 160 161
3 162 163 164
3 165 166 167
3 168 169 170
3 171 172 173
3 174 175 176
3 177 178 179
3 180 181 182
3 183 184 185
3 186 187 188
3 189 190 191
3 192 193 194
3 195 196 197
3 198 199 200
3 201 202 203
3 204 205 206
3 207 208 209
3 210 211 212
3 213 214 215
3 216 217 218
3 219 220 221
3 222 223 224
3 225 226 227
3 228 229 230
3 231 232 233
3 234 235 236
3 237 238 239
3 240 241 242
3 243 244 245
3 246 247 248
3 249 250 251
3 252 253 254
3 255 256 257
3 258 259 260
3 261 262 263
3 264 265 266
3 267 268 269
3 270 271 272
3 273 274 275
3 276 277 278
3 279 280 281
3 282 283 284
3 285 286 287
3 288 289 290
3 291 292 293
3 294 295 296
3 297 298 299
3 300 301 302
3 303 304 305
3 306 307 308
3 309 310 311
3 312 313 314
3 315 316 317
3 318 319 320
3 321 322 323
3 324 325 326
3 327 328 329
3 330 331 332
3 333 334 335
3 336 337 338
3 339 340 341
3 342 343 344
3 345 346 347
3 348 349 350
3 351 352 353
3 354 355 356
3 357 358 359
3 360 361 362
3 363 364 365
3 366 367 368
3 369 370 371
3 372 373 374
3 375 376 377
3 378 379 380
3 381 382 383
3 384 385 386
3 387 388 389
3 390 391 392
3 393 394 395
3 396 397 398
3 399 400 401
3 402 403 404
3 405 406 407
3 408 409 410
3 411 412 413
3 414 415 416
3 417 418 419
3 420 421 422
3 423 424 425
3 426 427 428
3 429 430 431
3 432 433 434
3 435 436 437
3 438 439 440
3 441 442 443
3 444 445 446
3 447 448 449
3 450 451 452
3 453 454 455
3 456 457 458
3 459 460 461
3 462 463 464
3 465 466 467
3 468 469 470
3 471 472 473
3 474 475 476
3 477 478 479
3 480 481 482
3 483 484 485
3 486 487 488
3 489 490 491
3 492 493 494
3 495 496 497
3 498 499 500
3 501 502 503
3 504 505 506
3 507 508 509
3 510 511 512
3 513 514 515
3 516 517 518
3 519 520 521
3 522 523 524
3 525 526 527
3 528 529 530
3 531 532 533
3 534 535 536
3 537 538 539
3 540 541 542
3 543 544 545
3 546 547 548
3 549 550 551
3 552 553 554
3 555 556 557
3 558 559 560
3 561 562 563
3 564 565 566
3 567 568 569
3 570 571 572
3 573 574 575
3 576 577 578
3 579 580 581
3 582 583 584
3 585 586 587
3 588 589 590
3 591 592 593
3 594 595 596
3 597 598 599
3 600 601 602
3 603 604 605
3 606 607 608
3 609 610 611
3 612 613 614
3 615 616 617
3 618 619 620
3 621 622 623
3 624 625 626
3 627 628 629
3 630 631 632
3 633 634 635
3 636 637 638
3 639 640 641
3 642 643 644
3 645 646 647
3 648 649 650
3 651 652 653
3 654 655 656
3 657 658 659
3 660 661 662
3 663 664 665
3 666 667 668
3 669 670 671
3 672 673 674
3 675 676 677
3 678 679 680
3 681 682 683
3 684 685 686
3 687 688 689
3 690 691 692
3 693 694 695
3 696 697 698
3 699 700 701
3 702 703 704
3 705 706 707
3 708 709 710
3 711 712 713
3 714 715 716
3 717 718 719
3 720 721 722
3 723 724 725
3 726 727 728
3 729 730 731
3 732 733 734
3 735 736 737
3 738 739 740
3 741 742 743
3 744 745 746
3 747 748 749
3 750 751 752
3 753 754 755
3 756 757 758
3 759 760 761
3 762 763 764
3 765 766 767
3 768 769 770
3 771 772 773
3 774 775 776
3 777 778 779
3 780 781 782
3 783 784 785
3 786 787 788
3 789 790 791
3 792 793 794
3 795 796 797
3 798 799 800
3 801 802 803
3 804 805 806
3 807 808 809
3 810 811 812
3 813 814 815
3 816 817 818
3 819 820 821
3 822 823 824
3 825 826 827
3 828 829 830
3 831 832 833
3 834 835 836
3 837 838 839
3 840 841 842
3 843 844 845
3 846 847 848
3 849 850 851
3 852 853 854
3 855 856 857
3 858 859 860
3 861 862 863
3 864 865 866
3 867 868 869
3 870 871 872
3 873 874 875
3 876 877 878
3 879 880 881
3 882 883 884
3 885 886 887
3 888 889 890
3 891 892 893
3 894 895 896
3 897 898 899
3 900 901 902
3 903 904 905
3 906 907 908
3 909 910 911
3 912 913 914
3 915 916 917
3 918 919 920
3 921 922 923
3 924 925 926
3 927 928 929
3 930 931 932
3 933 934 935
3 936 937 938
3 939 940 941
3 942 943 944
3 945 946 947
3 948 949 950
3 951 952 953
3 954 955 956
3 957 958 959
3 960 961 962
3 963 964 965
3 966 967 968
3 969 970 971
3 972 973 974
3 975 976 977
3 978 979 980
3 981 982 983
3 984 985 986
3 987 988 989
3 990 991 992
3 993 994 995
3 996 997 998
3 999 1000 1001
3 1002 1003 1004
3 1005 1006 1007
3 1008 1009 1010
3 1011 1012 1013
3 1014 1015 1016
3 1017 1018 1019
3 1020 1021 1022
3 1023 1024 1025
3 1026 1027 1028
3 1029 1030 1031
3 1032 1033 1034
3 1035 1036 1037
3 1038 1039 1040
3 1041 1042 1043
3 1044 1045 1046
3 1047 1048 1049
3 1050 1051 1052
3 1053 1054 1055
3 1056 1057 1058
3 1059 1060 1061
3 1062 1063 1064
3 1065 1066 1067
3 1068 1069 1070
3 1071 1072 1073
3 1074 1075 1076
3 1077 1078 1079
3 1080 1081 1082
3 1083 1084 1085
3 1086 1087 1088
3 1089 1090 1091
3 1092 1093 1094
3 1095 1096 1097
3 1098 1099 1100
3 1101 1102 1103
3 1104 1105 1106
3 1107 1108 1109
3 1110 1111 1112
3 1113 1114 1115
3 1116 1117 1118
3 1119 1120 1121
3 1122 1123 1124
3 1125 1126 1127
3 1128 1129 1130
3 1131 1132 1133
3 1134 1135 1136
3 1137 1138 1139
3 1140 1141 1142
3 1143 1144 1145
3 1146 1147 1148
3 1149 1150 1151
3 1152 1153 1154
3 1155 1156 1157
3 1158 1159 1160
3 1161 1162 1163
3 1164 1165 1166
3 1167 1168 1169
3 1170 1171 1172
3 1173 1174 1175
3 1176 1177 1178
3 1179 1180 1181
3 1182 1183 1184
3 1185 1186 1187
3 1188 1189 1190
3 1191 1192 1193
3 1194 1195 1196
3 1197 1198 1199
3 1200 1201 1202
3 1203 1204 1205
3 1206 1207 1208
3 1209 1210 1211
3 1212 1213 1214
3 1215 1216 1217
3 1218 1219 1220
3 1221 1222 1223
3 1224 1225 1226
3 1227 1228 1229
3 1230 1231 1232
3 1233 1234 1235
3 1236 1237 1238
3 1239 1240 1241
3 1242 1243 1244
3 1245 1246 1247
3 1248 1249 1250
3 1251 1252 1253
3 1254 1255 1256
3 1257 1258 1259
3 1260 1261 1262
3 1263 1264 1265
3 1266 1267 1268
3 1269 1270 1271
3 1272 1273 1274
3 1275 1276 1277
3 1278 1279 1280
3 1281 1282 1283
3 1284 1285 1286
3 1287 1288 1289
3 1290 1291 1292
3 1293 1294 1295
3 1296 1297 1298
3 1299 1300 1301
3 1302 1303 1304
3 1305 1306 1307
3 1308 1309 1310
3 1311 1312 1313
3 1314 1315 1316
3 1317 1318 1319
3 1320 1321 1322
3 1323 1324 1325
3 1326 1327 1328
3 1329 1330 1331
3 1332 1333 1334
3 1335 1336 1337
3 1338 1339 1340
3 1341 1342 1343
3 1344 1345 1346
3 1347 1348 1349
3 1350 1351 1352
3 1353 1354 1355
3 1356 1357 1358
3 1359 1360 1361
3 1362 1363 1364
3 1365 1366 1367
3 1368 1369 1370
3 1371 1372 1373
3 1374 1375 1376
3 1377 1378 1379
3 1380 1381 1382
3 1383 1384 1385
3 1386 1387 1388
3 1389 1390 1391
3 1392 1393 1394
3 1395 1396 1397
3 1398 1399 1400
3 1401 1402 1403
3 1404 1405 1406
3 1407 1408 1409
3 1410 1411 1412
3 1413 1414 1415
3 1416 1417 1418
3 1419 1420 1421
3 1422 1423 1424
3 1425 1426 1427
3 1428 1429 1430
3 1431 1432 1433
3 1434 1435 1436
3 1437 1438 1439
3 1440 1441 1442
3 1443 1444 1445
3 1446 1447 1448
3 1449 1450 1451
3 1452 1453 1454
3 1455 1456 1457
3 1458 1459 1460
3 1461 1462 1463
3 1464 1465 1466
3 1467 1468 1469
3 1470 1471 1472
3 1473 1474 1475
3 1476 1477 1478
3 1479 1480 1481
3 1482 1483 1484
3 1485 1486 1487
3 1488 1489 1490
3 1491 1492 1493
3 1494 1495 1496
3 1497 1498 1499
3 1500 1501 1502
3 1503 1504 1505
3 1506 1507 1508
3 1509 1510 1511
3 1512 1513 1514
3 1515 1516 1517
3 1518 1519 1520
3 1521 1522 1523
3 1524 1525 1526
3 1527 1528 1529
3 1530 1531 1532
3 1533 1534 1535
3 1536 1537 1538
3 1539 1540 1541
3 1542 1543 1544
3 1545 1546 1547
3 1548 1549 1550
3 1551 1552 1553
3 1554 1555 1556
3 1557 1558 1559
3 1560 1561 1562
3 1563 1564 1565
3 1566 1567 1568
3 1569 1570 1571
3 1572 1573 1574
3 1575 1576 1577
3 1578 1579 1580
3 1581 1582 1583
3 1584 1585 1586
3 1587 1588 1589
3 1590 1591 1592
3 1593 1594 1595
3 1596 1597 1598
3 1599 1600 1601
3 1602 1603 1604
3 1605 1606 1607
3 1608 1609 1610
3 1611 1612 1613
3 1614 1615 1616
3 1617 1618 1619
3 1620 1621 1622
3 1623 1624 1625
3 1626 1627 1628
3 1629 1630 1631
3 1632 1633 1634
3 1635 1636 1637
3 1638 1639 1640
3 1641 1642 1643
3 1644 1645 1646
3 1647 1648 1649
3 1650 1651 1652
3 1653 1654 1655
3 1656 1657 1658
3 1659 1660 1661
3 1662 1663 1664
3 1665 1666 1667
3 1668 1669 1670
3 1671 1672 1673
3 1674 1675 1676
3 1677 1678 1679
3 1680 1681 1682
3 1683 1684 1685
3 1686 1687 1688
3 1689 1690 1691
3 1692 1693 1694
3 1695 1696 1697
3 1698 1699 1700
3 1701 1702 1703
3 1704 1705 1706
3 1707 1708 1709
3 1710 1711 1712
3 1713 1714 1715
3 1716 1717 1718
3 1719 1720 1721
3 1722 1723 1724
3 1725 1726 1727
3 1728 1729 1730
3 1731 1732 1733
3 1734 1735 1736
3 1737 1738 1739
3 1740 1741 1742
3 1743 1744 1745
3 1746 1747 1748
3 1749 1750 1751
3 1752 1753 1754
3 1755 1756 1757
3 1758 1759 1760
3 1761 1762 1763
3 1764 1765 1766
3 1767 1768 1769
3 1770 1771 1772
3 1773 1774 1775
3 1776 1777 1778
3 1779 1780 1781
3 1782 1783 1784
3 1785 1786 1787
3 1788 1789 1790
3 1791 1792 1793
3 1794 1795 1796
3 1797 1798 1799
3 1800 1801 1802
3 1803 1804 1805
3 1806 1807 1808
3 1809 1810 1811
3 1812 1813 1814
3 1815 1816 1817
3 1818 1819 1820
3 1821 1822 1823
3 1824 1825 1826
3 1827 1828 1829
3 1830 1831 1832
3 1833 1834 1835
3 1836 1837 1838
3 1839 1840 1841
3 1842 1843 1844
3 1845 1846 1847
3 1848 1849 1850
3 1851 1852 1853
3 1854 1855 1856
3 1857 1858 1859
3 1860 1861 1862
3 1863 1864 1865
3 1866 1867 1868
3 1869 1870 1871
3 1872 1873 1874
3 1875 1876 1877
3 1878 1879 1880
3 1881 1882 1883
3 1884 1885 1886
3 1887 1888 1889
3 1890 1891 1892
3 1893 1894 1895
3 1896 1897 1898
3 1899 1900 1901
3 1902 1903 1904
3 1905 1906 1907
3 1908 1909 1910
3 1911 1912 1913
3 1914 1915 1916
3 1917 1918 1919
3 1920 1921 1922
3 1923 1924 1925
3 1926 1927 1928
3 1929 1930 1931
3 1932 1933 1934
3 1935 1936 1937
3 1938 1939 1940
3 1941 1942 1943
3 1944 1945 1946
3 1947 1948 1949
3 1950 1951 1952
3 1953 1954 1955
3 1956 1957 1958
3 1959 1960 1961
3 1962 1963 1964
3 1965 1966 1967
3 1968 1969 1970
3 1971 1972 1973
3 1974 1975 1976
3 1977 1978 1979
3 1980 1981 1982
3 1983 1984 1985
3 1986 1987 1988
3 1989 1990 1991
3 1992 1993 1994
3 1995 1996 1997
3 1998 1999 2000
3 2001 2002 2003
3 2004 2005 2006
3 2007 2008 2009
3 2010 2011 2012
3 2013 2014 2015
3 2016 2017 2018
3 2019 2020 2021
3 2022 2023 2024
3 2025 2026 2027
3 2028 2029 2030
3 2031 2032 2033
3 2034 2035 2036
3 2037 2038 2039
3 2040 2041 2042
3 2043 2044 2045
3 2046 2047 2048
3 2049 2050 2051
3 2052 2053 2054
3 2055 2056 2057
3 2058 2059 2060
3 2061 2062 2063
3 2064 2065 2066
3 2067 2068 2069
3 2070 2071 2072
3 2073 2074 2075
3 2076 2077 2078
3 2079 2080 2081
3 2082 2083 2084
3 2085 2086 2087
3 2088 2089 2090
3 2091 2092 2093
3 2094 2095 2096
3 2097 2098 2099
3 2100 2101 2102
3 2103 2104 2105
3 2106 2107 2108
3 2109 2110 2111
3 2112 2113 2114
3 2115 2116 2117
3 2118 2119 2120
3 2121 2122 2123
3 2124 2125 2126
3 2127 2128 2129
3 2130 2131 2132
3 2133 2134 2135
3 2136 2137 2138
3 2139 2140 2141
3 2142 2143 2144
3 2145 2146 2147
3 2148 2149 2150
3 2151 2152 2153
3 2154 2155 2156
3 2157 2158 2159
3 2160 2161 2162
3 2163 2164 2165
3 2166 2167 2168
3 2169 2170 2171
3 2172 2173 2174
3 2175 2176 2177
3 2178 2179 2180
3 2181 2182 2183
3 2184 2185 2186
3 2187 2188 2189
3 2190 2191 2192
3 2193 2194 2195
3 2196 2197 2198
3 2199 2200 2201
3 2202 2203 2204
3 2205 2206 2207
3 2208 2209 2210
3 2211 2212 2213
3 2214 2215 2216
3 2217 2218 2219
3 2220 2221 2222
3 2223 2224 2225
3 2226 2227 2228
3 2229 2230 2231
3 2232 2233 2234
3 2235 2236 2237
3 2238 2239 2240
3 2241 2242 2243
3 2244 2245 2246
3 2247 2248 2249
3 2250 2251 2252
3 2253 2254 2255
3 2256 2257 2258
3 2259 2260 2261
3 2262 2263 2264
3 2265 2266 2267
3 2268 2269 2270
3 2271 2272 2273
3 2274 2275 2276
3 2277 2278 2279
3 2280 2281 2282
3 2283 2284 2285
3 2286 2287 2288
3 2289 2290 2291
3 2292 2293 2294
3 2295 2296 2297
3 2298 2299 2300
3 2301 2302 2303
3 2304 2305 2306
3 2307 2308 2309
3 2310 2311 2312
3 2313 2314 2315
3 2316 2317 2318
3 2319 2320 2321
3 2322 2323 2324
3 2325 2326 2327
3 2328 2329 2330
3 2331 2332 2333
3 2334 2335 2336
3 2337 2338 2339
3 2340 2341 2342
3 2343 2344 2345
3 2346 2347 2348
3 2349 2350 2351
3 2352 2353 2354
3 2355 2356 2357
3 2358 2359 2360
3 2361 2362 2363
3 2364 2365 2366
3 2367 2368 2369
3 2370 2371 2372
3 2373 2374 2375
3 2376 2377 2378
3 2379 2380 2381
3 2382 2383 2384
3 2385 2386 2387
3 2388 2389 2390
3 2391 2392 2393
3 2394 2395 2396
3 2397 2398 2399
3 2400 2401 2402
3 2403 2404 2405
3 2406 2407 2408
3 2409 2410 2411
3 2412 2413 2414
3 2415 2416 2417
3 2418 2419 2420
3 2421 2422 2423
3 2424 2425 2426
3 2427 2428 2429
3 2430 2431 2432
3 2433 2434 2435
3 2436 2437 2438
3 2439 2440 2441
3 2442 2443 2444
3 2445 2446 2447
3 2448 2449 2450
3 2451 2452 2453
3 2454 2455 2456
3 2457 2458 2459
3 2460 2461 2462
3 2463 2464 2465
3 2466 2467 2468
3 2469 2470 2471
3 2472 2473 2474
3 2475 2476 2477
3 2478 2479 2480
3 2481 2482 2483
3 2484 2485 2486
3 2487 2488 2489
3 2490 2491 2492
3 2493 2494 2495
3 2496 2497 2498
3 2499 2500 2501
3 2502 2503 2504
3 2505 2506 2507
3 2508 2509 2510
3 2511 2512 2513
3 2514 2515 2516
3 2517 2518 2519
3 2520 2521 2522
3 2523 2524 2525
3 2526 2527 2528
3 2529 2530 2531
3 2532 2533 2534
3 2535 2536 2537
3 2538 2539 2540
3 2541 2542 2543
3 2544 2545 2546
3 2547 2548 2549
3 2550 2551 2552
3 2553 2554 2555
3 2556 2557 2558
3 2559 2560 2561
3 2562 2563 2564
3 2565 2566 2567
3 2568 2569 2570
3 2571 2572 2573
3 2574 2575 2576
3 2577 2578 2579
3 2580 2581 2582
3 2583 2584 2585
3 2586 2587 2588
3 2589 2590 2591
3 2592 2593 2594
3 2595 2596 2597
3 2598 2599 2600
3 2601 2602 2603
3 2604 2605 2606
3 2607 2608 2609
3 2610 2611 2612
3 2613 2614 2615
3 2616 2617 2618
3 2619 2620 2621
3 2622 2623 2624
3 2625 2626 2627
3 2628 2629 2630
3 2631 2632 2633
3 2634 2635 2636
3 2637 2638 2639
3 2640 2641 2642
3 2643 2644 2645
3 2646 2647 2648
3 2649 2650 2651
3 2652 2653 2654
3 2655 2656 2657
3 2658 2659 2660
3 2661 2662 2663
3 2664 2665 2666
3 2667 2668 2669
3 2670 2671 2672
3 2673 2674 2675
3 2676 2677 2678
3 2679 2680 2681
3 2682 2683 2684
3 2685 2686 2687
3 2688 2689 2690
3 2691 2692 2693
3 2694 2695 2696
3 2697 2698 2699
3 2700 2701 2702
3 2703 2704 2705
3 2706 2707 2708
3 2709 2710 2711
3 2712 2713 2714
3 2715 2716 2717
3 2718 2719 2720
3 2721 2722 2723
3 2724 2725 2726
3 2727 2728 2729
3 2730 2731 2732
3 2733 2734 2735
3 2736 2737 2738
3 2739 2740 2741
3 2742 2743 2744
3 2745 2746 2747
3 2748 2749 2750
3 2751 2752 2753
3 2754 2755 2756
3 2757 2758 2759
3 2760 2761 2762
3 2763 2764 2765
3 2766 2767 2768
3 2769 2770 2771
3 2772 2773 2774
3 2775 2776 2777
3 2778 2779 2780
3 2781 2782 2783
3 2784 2785 2786
3 2787 2788 2789
3 2790 2791 2792
3 2793 2794 2795
3 2796 2797 2798
3 2799 2800 2801
3 2802 2803 2804
3 2805 2806 2807
3 2808 2809 2810
3 2811 2812 2813
3 2814 2815 2816
3 2817 2818 2819
3 2820 2821 2822
3 2823 2824 2825
3 2826 2827 2828
3 2829 2830 2831
3 2832 2833 2834
3 2835 2836 2837
3 2838 2839 2840
3 2841 2842 2843
3 2844 2845 2846
3 2847 2848 2849
3 2850 2851 2852
3 2853 2854 2855
3 2856 2857 2858
3 2859 2860 2861
3 2862 2863 2864
3 2865 2866 2867
3 2868 2869 2870
3 2871 2872 2873
3 2874 2875 2876
3 2877 2878 2879
3 2880 2881 2882
3 2883 2884 2885
3 2886 2887 2888
3 2889 2890 2891
3 2892 2893 2894
3 2895 2896 2897
3 2898 2899 2900
3 2901 2902 2903
3 2904 2905 2906
3 2907 2908 2909
3 2910 2911 2912
3 2913 2914 2915
3 2916 2917 2918
3 2919 2920 2921
3 2922 2923 2924
3 2925 2926 2927
3 2928 2929 2930
3 2931 2932 2933
3 2934 2935 2936
3 2937 2938 2939
3 2940 2941 2942
3 2943 2944 2945
3 2946 2947 2948
3 2949 2950 2951
3 2952 2953 2954
3 2955 2956 2957
3 2958 2959 2960
3 2961 2962 2963
3 2964 2965 2966
3 2967 2968 2969
3 2970 2971 2972
3 2973 2974 2975
3 2976 2977 2978
3 2979 2980 2981
3 2982 2983 2984
3 2985 2986 2987
3 2988 2989 2990
3 2991 2992 2993
3 2994 2995 2996
3 2997 2998 2999
3 3000 3001 3002
3 3003 3004 3005
3 3006 3007 3008
3 3009 3010 3011
3 3012 3013 3014
3 3015 3016 3017
3 3018 3019 3020
3 3021 3022 3023
3 3024 3025 3026
3 3027 3028 3029
3 3030 3031 3032
3 3033 3034 3035
3 3036 3037 3038
3 3039 3040 3041
3 3042 3043 3044
3 3045 3046 3047
3 3048 3049 3050
3 3051 3052 3053
3 3054 3055 3056
3 3057 3058 3059
3 3060 3061 3062
3 3063 3064 3065
3 3066 3067 3068
3 3069 3070 3071
3 3072 3073 3074
3 3075 3076 3077
3 3078 3079 3080
3 3081 3082 3083
3 3084 3085 3086
3 3087 3088 3089
3 3090 3091 3092
3 3093 3094 3095
3 3096 3097 3098
3 3099 3100 3101
3 3102 3103 3104
3 3105 3106 3107
3 3108 3109 3110
3 3111 3112 3113
3 3114 3115 3116
3 3117 3118 3119
3 3120 3121 3122
3 3123 3124 3125
3 3126 3127 3128
3 3129 3130 3131
3 3132 3133 3134
3 3135 3136 3137
3 3138 3139 3140
3 3141 3142 3143
3 3144 3145 3146
3 3147 3148 3149
3 3150 3151 3152
3 3153 3154 3155
3 3156 3157 3158
3 3159 3160 3161
3 3162 3163 3164
3 3165 3166 3167
3 3168 3169 3170
3 3171 3172 3173
3 3174 3175 3176
3 3177 3178 3179
3 3180 3181 3182
3 3183 3184 3185
3 3186 3187 3188
3 3189 3190 3191
3 3192 3193 3194
3 3195 3196 3197
3 3198 3199 3200
3 3201 3202 3203
3 3204 3205 3206
3 3207 3208 3209
3 3210 3211 3212
3 3213 3214 3215
3 3216 3217 3218
3 3219 3220 3221
3 3222 3223 3224
3 3225 3226 3227
3 3228 3229 3230
3 3231 3232 3233
3 3234 3235 3236
3 3237 3238 3239
3 3240 3241 3242
3 3243 3244 3245
3 3246 3247 3248
3 3249 3250 3251
3 3252 3253 3254
3 3255 3256 3257
3 3258 3259 3260
3 3261 3262 3263
3 3264 3265 3266
3 3267 3268 3269
3 3270 3271 3272
3 3273 3274 3275
3 3276 3277 3278
3 3279 3280 3281
3 3282 3283 3284
3 3285 3286 3287
3 3288 3289 3290
3 3291 3292 3293
3 3294 3295 3296
3 3297 3298 3299
3 3300 3301 3302
3 3303 3304 3305
3 3306 3307 3308
3 3309 3310 3311
3 3312 3313 3314
3 3315 3316 3317
3 3318 3319 3320
3 3321 3322 3323
3 3324 3325 3326
3 3327 3328 3329
3 3330 3331 3332
3 3333 3334 3335
3 3336 3337 3338
3 3339 3340 3341
3 3342 3343 3344
3 3345 3346 3347
3 3348 3349 3350
3 3351 3352 3353
3 3354 3355 3356
3 3357 3358 3359
3 3360 3361 3362
3 3363 3364 3365
3 3366 3367 3368
3 3369 3370 3371
3 3372 3373 3374
3 3375 3376 3377
3 3378 3379 3380
3 3381 3382 3383
3 3384 3385 3386
3 3387 3388 3389
3 3390 3391 3392
3 3393 3394 3395
3 3396 3397 3398
3 3399 3400 3401
3 3402 3403 3404
3 3405 3406 3407
3 3408 3409 3410
3 3411 3412 3413
3 3414 3415 3416
3 3417 3418 3419
3 3420 3421 3422
3 3423 3424 3425
3 3426 3427 3428
3 3429 3430 3431
3 3432 3433 3434
3 3435 3436 3437
3 3438 3439 3440
3 3441 3442 3443
3 3444 3445 3446
3 3447 3448 3449
3 3450 3451 3452
3 3453 3454 3455
3 3456 3457 3458
3 3459 3460 3461
3 3462 3463 3464
3 3465 3466 3467
3 3468 3469 3470
3 3471 3472 3473
3 3474 3475 3476
3 3477 3478 3479
3 3480 3481 3482
3 3483 3484 3485
3 3486 3487 3488
3 3489 3490 3491
3 3492 3493 3494
3 3495 3496 3497
3 3498 3499 3500
3 3501 3502 3503
3 3504 3505 3506
3 3507 3508 3509
3 3510 3511 3512
3 3513 3514 3515
3 3516 3517 3518
3 3519 3520 3521
3 3522 3523 3524
3 3525 3526 3527
3 3528 3529 3530
3 3531 3532 3533
3 3534 3535 3536
3 3537 3538 3539
3 3540 3541 3542
3 3543 3544 3545
3 3546 3547 3548
3 3549 3550 3551
3 3552 3553 3554
3 3555 3556 3557
3 3558 3559 3560
3 3561 3562 3563
3 3564 3565 3566
3 3567 3568 3569
3 3570 3571 3572
3 3573 3574 3575
3 3576 3577 3578
3 3579 3580 3581
3 3582 3583 3584
3 3585 3586 3587
3 3588 3589 3590
3 3591 3592 3593
3 3594 3595 3596
3 3597 3598 3599
3 3600 3601 3602
3 3603 3604 3605
3 3606 3607 3608
3 3609 3610 3611
3 3612 3613 3614
3 3615 3616 3617
3 3618 3619 3620
3 3621 3622 3623
3 3624 3625 3626
3 3627 3628 3629
3 3630 3631 3632
3 3633 3634 3635
3 3636 3637 3638
3 3639 3640 3641
3 3642 3643 3644
3 3645 3646 3647
3 3648 3649 3650
3 3651 3652 3653
3 3654 3655 3656
3 3657 3658 3659
3 3660 3661 3662
3 3663 3664 3665
3 3666 3667 3668
3 3669 3670 3671
3 3672 3673 3674
3 3675 3676 3677
3 3678 3679 3680
3 3681 3682 3683
3 3684 3685 3686
3 3687 3688 3689
3 3690 3691 3692
3 3693 3694 3695
3 3696 3697 3698
3 3699 3700 3701
3 3702 3703 3704
3 3705 3706 3707
3 3708 3709 3710
3 3711 3712 3713
3 3714 3715 3716
3 3717 3718 3719
3 3720 3721 3722
3 3723 3724 3725
3 3726 3727 3728
3 3729 3730 3731
3 3732 3733 3734
3 3735 3736 3737
3 3738 3739 3740
3 3741 3742 3743
3 3744 3745 3746
3 3747 3748 3749
3 3750 3751 3752
3 3753 3754 3755
3 3756 3757 3758
3 3759 3760 3761
3 3762 3763 3764
3 3765 3766 3767
3 3768 3769 3770
3 3771 3772 3773
3 3774 3775 3776
3 3777 3778 3779
3 3780 3781 3782
3 3783 3784 3785
3 3786 3787 3788
3 3789 3790 3791
3 3792 3793 3794
3 3795 3796 3797
3 3798 3799 3800
3 3801 3802 3803
3 3804 3805 3806
3 3807 3808 3809
3 3810 3811 3812
3 3813 3814 3815
3 3816 3817 3818
3 3819 3820 3821
3 3822 3823 3824
3 3825 3826 3827
3 3828 3829 3830
3 3831 3832 3833
3 3834 3835 3836
3 3837 3838 3839
3 3840 3841 3842
3 3843 3844 3845
3 3846 3847 3848
3 3849 3850 3851
3 3852 3853 3854
3 3855 3856 3857
3 3858 3859 3860
3 3861 3862 3863
3 3864 3865 3866
3 3867 3868 3869
3 3870 3871 3872
3 3873 3874 3875
3 3876 3877 3878
3 3879 3880 3881
3 3882 3883 3884
3 3885 3886 3887
3 3888 3889 3890
3 3891 3892 3893
3 3894 3895 3896
3 3897 3898 3899
3 3900 3901 3902
3 3903 3904 3905
3 3906 3907 3908
3 3909 3910 3911
3 3912 3913 3914
3 3915 3916 3917
3 3918 3919 3920
3 3921 3922 3923
3 3924 3925 3926
3 3927 3928 3929
3 3930 3931 3932
3 3933 3934 3935
3 3936 3937 3938
3 3939 3940 3941
3 3942 3943 3944
3 3945 3946 3947
3 3948 3949 3950
3 3951 3952 3953
3 3954 3955 3956
3 3957 3958 3959
3 3960 3961 3962
3 3963 3964 3965
3 3966 3967 3968
3 3969 3970 3971
3 3972 3973 3974
3 3975 3976 3977
3 3978 3979 3980
3 3981 3982 3983
3 3984 3985 3986
3 3987 3988 3989
3 3990 3991 3992
3 3993 3994 3995
3 3996 3997 3998
3 3999 4000 4001
3 4002 4003 4004
3 4005 4006 4007
3 4008 4009 4010
3 4011 4012 4013
3 4014 4015 4016
3 4017 4018 4019
3 4020 4021 4022
3 4023 4024 4025
3 4026 4027 4028
3 4029 4030 4031
3 4032 4033 4034
3 4035 4036 4037
3 4038 4039 4040
3 4041 4042 4043
3 4044 4045 4046
3 4047 4048 4049
3 4050 4051 4052
3 4053 4054 4055
3 4056 4057 4058
3 4059 4060 4061
3 4062 4063 4064
3 4065 4066 4067
3 4068 4069 4070
3 4071 4072 4073
3 4074 4075 4076
3 4077 4078 4079
3 4080 4081 4082
3 4083 4084 4085
3 4086 4087 4088
3 4089 4090 4091
3 4092 4093 4094
3 4095 4096 4097
3 4098 4099 4100
3 4101 4102 4103
3 4104 4105 4106
3 4107 4108 4109
3 4110 4111 4112
3 4113 4114 4115
3 4116 4117 4118
3 4119 4120 4121
3 4122 4123 4124
3 4125 4126 4127
3 4128 4129 4130
3 4131 4132 4133
3 4134 4135 4136
3 4137 4138 4139
3 4140 4141 4142
3 4143 4144 4145
3 4146 4147 4148
3 4149 4150 4151
3 4152 4153 4154
3 4155 4156 4157
3 4158 4159 4160
3 4161 4162 4163
3 4164 4165 4166
3 4167 4168 4169
3 4170 4171 4172
3 4173 4174 4175
3 4176 4177 4178
3 4179 4180 4181
3 4182 4183 4184
3 4185 4186 4187
3 4188 4189 4190
3 4191 4192 4193
3 4194 4195 4196
3 4197 4198 4199
3 4200 4201 4202
3 4203 4204 4205
3 4206 4207 4208
3 4209 4210 4211
3 4212 4213 4214
3 4215 4216 4217
3 4218 4219 4220
3 4221 4222 4223
3 4224 4225 4226
3 4227 4228 4229
3 4230 4231 4232
3 4233 4234 4235
3 4236 4237 4238
3 4239 4240 4241
3 4242 4243 4244
3 4245 4246 4247
3 4248 4249 4250
3 4251 4252 4253
3 4254 4255 4256
3 4257 4258 4259
3 4260 4261 4262
3 4263 4264 4265
3 4266 4267 4268
3 4269 4270 4271
3 4272 4273 4274
3 4275 4276 4277
3 4278 4279 4280
3 4281 4282 4283
3 4284 4285 4286
3 4287 4288 4289
3 4290 4291 4292
3 4293 4294 4295
3 4296 4297 4298
3 4299 4300 4301
3 4302 4303 4304
3 4305 4306 4307
3 4308 4309 4310
3 4311 4312 4313
3 4314 4315 4316
3 4317 4318 4319
3 4320 4321 4322
3 4323 4324 4325
3 4326 4327 4328
3 4329 4330 4331
3 4332 4333 4334
3 4335 4336 4337
3 4338 4339 4340
3 4341 4342 4343
3 4344 4345 4346
3 4347 4348 4349
3 4350 4351 4352
3 4353 4354 4355
3 4356 4357 4358
3 4359 4360 4361
3 4362 4363 4364
3 4365 4366 4367
3 4368 4369 4370
3 4371 4372 4373
3 4374 4375 4376
3 4377 4378 4379
3 4380 4381 4382
3 4383 4384 4385
3 4386 4387 4388
3 4389 4390 4391
3 4392 4393 4394
3 4395 4396 4397
3 4398 4399 4400
3 4401 4402 4403
3 4404 4405 4406
3 4407 4408 4409
3 4410 4411 4412
3 4413 4414 4415
3 4416 4417 4418
3 4419 4420 4421
3 4422 4423 4424
3 4425 4426 4427
3 4428 4429 4430
3 4431 4432 4433
3 4434 4435 4436
3 4437 4438 4439
3 4440 4441 4442
3 4443 4444 4445
3 4446 4447 4448
3 4449 4450 4451
3 4452 4453 4454
3 4455 4456 4457
3 4458 4459 4460
3 4461 4462 4463
3 4464 4465 4466
3 4467 4468 4469
3 4470 4471 4472
3 4473 4474 4475
3 4476 4477 4478
3 4479 4480 4481
3 4482 4483 4484
3 4485 4486 4487
3 4488 4489 4490
3 4491 4492 4493
3 4494 4495 4496
3 4497 4498 4499
3 4500 4501 4502
3 4503 4504 4505
3 4506 4507 4508
3 4509 4510 4511
3 4512 4513 4514
3 4515 4516 4517
3 4518 4519 4520
3 4521 4522 4523
3 4524 4525 4526
3 4527 4528 4529
3 4530 4531 4532
3 4533 4534 4535
3 4536 4537 4538
3 4539 4540 4541
3 4542 4543 4544
3 4545 4546 4547
3 4548 4549 4550
3 4551 4552 4553
3 4554 4555 4556
3 4557 4558 4559
3 4560 4561 4562
3 4563 4564 4565
3 4566 4567 4568
3 4569 4570 4571
3 4572 4573 4574
3 4575 4576 4577
3 4578 4579 4580
3 4581 4582 4583
3 4584 4585 4586
3 4587 4588 4589
3 4590 4591 4592
3 4593 4594 4595
3 4596 4597 4598
3 4599 4600 4601
3 4602 4603 4604
3 4605 4606 4607
3 4608 4609 4610
3 4611 4612 4613
3 4614 4615 4616
3 4617 4618 4619
3 4620 4621 4622
3 4623 4624 4625
3 4626 4627 4628
3 4629 4630 4631
3 4632 4633 4634
3 4635 4636 4637
3 4638 4639 4640
3 4641 4642 4643
3 4644 4645 4646
3 4647 4648 4649
3 4650 4651 4652
3 4653 4654 4655
3 4656 4657 4658
3 4659 4660 4661
3 4662 4663 4664
3 4665 4666 4667
3 4668 4669 4670
3 4671 4672 4673
3 4674 4675 4676
3 4677 4678 4679
3 4680 4681 4682
3 4683 4684 4685
3 4686 4687 4688
3 4689 4690 4691
3 4692 4693 4694
3 4695 4696 4697
3 4698 4699 4700
3 4701 4702 4703
3 4704 4705 4706
3 4707 4708 4709
3 4710 4711 4712
3 4713 4714 4715
3 4716 4717 4718
3 4719 4720 4721
3 4722 4723 4724
3 4725 4726 4727
3 4728 4729 4730
3 4731 4732 4733
3 4734 4735 4736
3 4737 4738 4739
3 4740 4741 4742
3 4743 4744 4745
3 4746 4747 4748
3 4749 4750 4751
3 4752 4753 4754
3 4755 4756 4757
3 4758 4759 4760
3 4761 4762 4763
3 4764 4765 4766
3 4767 4768 4769
3 4770 4771 4772
3 4773 4774 4775
3 4776 4777 4778
3 4779 4780 4781
3 4782 4783 4784
3 4785 4786 4787
3 4788 4789 4790
3 4791 4792 4793
3 4794 4795 4796
3 4797 4798 4799
3 4800 4801 4802
3 4803 4804 4805
3 4806 4807 4808
3 4809 4810 4811
3 4812 4813 4814
3 4815 4816 4817
3 4818 4819 4820
3 4821 4822 4823
3 4824 4825 4826
3 4827 4828 4829
3 4830 4831 4832
3 4833 4834 4835
3 4836 4837 4838
3 4839 4840 4841
3 4842 4843 4844
3 4845 4846 4847
3 4848 4849 4850
3 4851 4852 4853
3 4854 4855 4856
3 4857 4858 4859
3 4860 4861 4862
3 4863 4864 4865
3 4866 4867 4868
3 4869 4870 4871
3 4872 4873 4874
3 4875 4876 4877
3 4878 4879 4880
3 4881 4882 4883
3 4884 4885 4886
3 4887 4888 4889
3 4890 4891 4892
3 4893 4894 4895
3 4896 4897 4898
3 4899 4900 4901
3 4902 4903 4904
3 4905 4906 4907
3 4908 4909 4910
3 4911 4912 4913
3 4914 4915 4916
3 4917 4918 4919
3 4920 4921 4922
3 4923 4924 4925
3 4926 4927 4928
3 4929 4930 4931
3 4932 4933 4934
3 4935 4936 4937
3 4938 4939 4940
3 4941 4942 4943
3 4944 4945 4946
3 4947 4948 4949
3 4950 4951 4952
3 4953 4954 4955
3 4956 4957 4958
3 4959 4960 4961
3 4962 4963 4964
3 4965 4966 4967
3 4968 4969 4970
3 4971 4972 4973
3 4974 4975 4976
3 4977 4978 4979
3 4980 4981 4982
3 4983 4984 4985
3 4986 4987 4988
3 4989 4990 4991
3 4992 4993 4994
3 4995 4996 4997
3 4998 4999 5000
3 5001 5002 5003
3 5004 5005 5006
3 5007 5008 5009
3 5010 5011 5012
3 5013 5014 5015
3 5016 5017 5018
3 5019 5020 5021
3 5022 5023 5024
3 5025 5026 5027
3 5028 5029 5030
3 5031 5032 5033
3 5034 5035 5036
3 5037 5038 5039
3 5040 5041 5042
3 5043 5044 5045
3 5046 5047 5048
3 5049 5050 5051
3 5052 5053 5054
3 5055 5056 5057
3 5058 5059 5060
3 5061 5062 5063
3 5064 5065 5066
3 5067 5068 5069
3 5070 5071 5072
3 5073 5074 5075
3 5076 5077 5078
3 5079 5080 5081
3 5082 5083 5084
3 5085 5086 5087
3 5088 5089 5090
3 5091 5092 5093
3 5094 5095 5096
3 5097 5098 5099
3 5100 5101 5102
3 5103 5104 5105
3 5106 5107 5108
3 5109 5110 5111
3 5112 5113 5114
3 5115 5116 5117
3 5118 5119 5120
3 5121 5122 5123
3 5124 5125 5126
3 5127 5128 5129
3 5130 5131 5132
3 5133 5134 5135
3 5136 5137 5138
3 5139 5140 5141
3 5142 5143 5144
3 5145 5146 5147
3 5148 5149 5150
3 5151 5152 5153
3 5154 5155 5156
3 5157 5158 5159
3 5160 5161 5162
3 5163 5164 5165
3 5166 5167 5168
3 5169 5170 5171
3 5172 5173 5174
3 5175 5176 5177
3 5178 5179 5180
3 5181 5182 5183
3 5184 5185 5186
3 5187 5188 5189
3 5190 5191 5192
3 5193 5194 5195
3 5196 5197 5198
3 5199 5200 5201
3 5202 5203 5204
3 5205 5206 5207
3 5208 5209 5210
3 5211 5212 5213
3 5214 5215 5216
3 5217 5218 5219
3 5220 5221 5222
3 5223 5224 5225
3 5226 5227 5228
3 5229 5230 5231
3 5232 5233 5234
3 5235 5236 5237
3 5238 5239 5240
3 5241 5242 5243
3 5244 5245 5246
3 5247 5248 5249
3 5250 5251 5252
3 5253 5254 5255
3 5256 5257 5258
3 5259 5260 5261
3 5262 5263 5264
3 5265 5266 5267
3 5268 5269 5270
3 5271 5272 5273
3 5274 5275 5276
3 5277 5278 5279
3 5280 5281 5282
3 5283 5284 5285
3 5286 5287 5288
3 5289 5290 5291
3 5292 5293 5294
3 5295 5296 5297
3 5298 5299 5300
3 5301 5302 5303
3 5304 5305 5306
3 5307 5308 5309
3 5310 5311 5312
3 5313 5314 5315
3 5316 5317 5318
3 5319 5320 5321
3 5322 5323 5324
3 5325 5326 5327
3 5328 5329 5330
3 5331 5332 5333
3 5334 5335 5336
3 5337 5338 5339
3 5340 5341 5342
3 5343 5344 5345
3 5346 5347 5348
3 5349 5350 5351
3 5352 5353 5354
3 5355 5356 5357
3 5358 5359 5360
3 5361 5362 5363
3 5364 5365 5366
3 5367 5368 5369
3 5370 5371 5372
3 5373 5374 5375
3 5376 5377 5378
3 5379 5380 5381
3 5382 5383 5384
3 5385 5386 5387
3 5388 5389 5390
3 5391 5392 5393
3 5394 5395 5396
3 5397 5398 5399
3 5400 5401 5402
3 5403 5404 5405
3 5406 5407 5408
3 5409 5410 5411
3 5412 5413 5414
3 5415 5416 5417
3 5418 5419 5420
3 5421 5422 5423
3 5424 5425 5426
3 5427 5428 5429
3 5430 5431 5432
3 5433 5434 5435
3 5436 5437 5438
3 5439 5440 5441
3 5442 5443 5444
3 5445 5446 5447
3 5448 5449 5450
3 5451 5452 5453
3 5454 5455 5456
3 5457 5458 5459
3 5460 5461 5462
3 5463 5464 5465
3 5466 5467 5468
3 5469 5470 5471
3 5472 5473 5474
3 5475 5476 5477
3 5478 5479 5480
3 5481 5482 5483
3 5484 5485 5486
3 5487 5488 5489
3 5490 5491 5492
3 5493 5494 5495
3 5496 5497 5498
3 5499 5500 5501
3 5502 5503 5504
3 5505 5506 5507
3 5508 5509 5510
3 5511 5512 5513
3 5514 5515 5516
3 5517 5518 5519
3 5520 5521 5522
3 5523 5524 5525
3 5526 5527 5528
3 5529 5530 5531
3 5532 5533 5534
3 5535 5536 5537
3 5538 5539 5540
3 5541 5542 5543
3 5544 5545 5546
3 5547 5548 5549
3 5550 5551 5552
3 5553 5554 5555
3 5556 5557 5558
3 5559 5560 5561
3 5562 5563 5564
3 5565 5566 5567
3 5568 5569 5570
3 5571 5572 5573
3 5574 5575 5576
3 5577 5578 5579
3 5580 5581 5582
3 5583 5584 5585
3 5586 5587 5588
3 5589 5590 5591
3 5592 5593 5594
3 5595 5596 5597
3 5598 5599 5600
3 5601 5602 5603
3 5604 5605 5606
3 5607 5608 5609
3 5610 5611 5612
3 5613 5614 5615
3 5616 5617 5618
3 5619 5620 5621
3 5622 5623 5624
3 5625 5626 5627
3 5628 5629 5630
3 5631 5632 5633
3 5634 5635 5636
3 5637 5638 5639
3 5640 5641 5642
3 5643 5644 5645
3 5646 5647 5648
3 5649 5650 5651
3 5652 5653 5654
3 5655 5656 5657
3 5658 5659 5660
3 5661 5662 5663
3 5664 5665 5666
3 5667 5668 5669
3 5670 5671 5672
3 5673 5674 5675
3 5676 5677 5678
3 5679 5680 5681
3 5682 5683 5684
3 5685 5686 5687
3 5688 5689 5690
3 5691 5692 5693
3 5694 5695 5696
3 5697 5698 5699
3 5700 5701 5702
3 5703 5704 5705
3 5706 5707 5708
3 5709 5710 5711
3 5712 5713 5714
3 5715 5716 5717
3 5718 5719 5720
3 5721 5722 5723
3 5724 5725 5726
3 5727 5728 5729
3 5730 5731 5732
3 5733 5734 5735
3 5736 5737 5738
3 5739 5740 5741
3 5742 5743 5744
3 5745 5746 5747
3 5748 5749 5750
3 5751 5752 5753
3 5754 5755 5756
3 5757 5758 5759
3 5760 5761 5762
3 5763 5764 5765
3 5766 5767 5768
3 5769 5770 5771
3 5772 5773 5774
3 5775 5776 5777
3 5778 5779 5780
3 5781 5782 5783
3 5784 5785 5786
3 5787 5788 5789
3 5790 5791 5792
3 5793 5794 5795
3 5796 5797 5798
3 5799 5800 5801
3 5802 5803 5804
3 5805 5806 5807
3 5808 5809 5810
3 5811 5812 5813
3 5814 5815 5816
3 5817 5818 5819
3 5820 5821 5822
3 5823 5824 5825
3 5826 5827 5828
3 5829 5830 5831
3 5832 5833 5834
3 5835 5836 5837
3 5838 5839 5840
3 5841 5842 5843
3 5844 5845 5846
3 5847 5848 5849
3 5850 5851 5852
3 5853 5854 5855
3 5856 5857 5858
3 5859 5860 5861
3 5862 5863 5864
3 5865 5866 5867
3 5868 5869 5870
3 5871 5872 5873
3 5874 5875 5876
3 5877 5878 5879
3 5880 5881 5882
3 5883 5884 5885
3 5886 5887 5888
3 5889 5890 5891
3 5892 5893 5894
3 5895 5896 5897
3 5898 5899 5900
3 5901 5902 5903
3 5904 5905 5906
3 5907 5908 5909
3 5910 5911 5912
3 5913 5914 5915
3 5916 5917 5918
3 5919 5920 5921
3 5922 5923 5924
3 5925 5926 5927
3 5928 5929 5930
3 5931 5932 5933
3 5934 5935 5936
3 5937 5938 5939
3 5940 5941 5942
3 5943 5944 5945
3 5946 5947 5948
3 5949 5950 5951
3 5952 5953 5954
3 5955 5956 5957
3 5958 5959 5960
3 5961 5962 5963
3 5964 5965 5966
3 5967 5968 5969
3 5970 5971 5972
3 5973 5974 5975
3 5976 5977 5978
3 5979 5980 5981
3 5982 5983 5984
3 5985 5986 5987
3 5988 5989 5990
3 5991 5992 5993
3 5994 5995 5996
3 5997 5998 5999
3 6000 6001 6002
3 6003 6004 6005
3 6006 6007 6008
3 6009 6010 6011
3 6012 6013 6014
3 6015 6016 6017
3 6018 6019 6020
3 6021 6022 6023
3 6024 6025 6026
3 6027 6028 6029
3 6030 6031 6032
3 6033 6034 6035
3 6036 6037 6038
3 6039 6040 6041
3 6042 6043 6044
3 6045 6046 6047
3 6048 6049 6050
3 6051 6052 6053
3 6054 6055 6056
3 6057 6058 6059
3 6060 6061 6062
3 6063 6064 6065
3 6066 6067 6068
3 6069 6070 6071
3 6072 6073 6074
3 6075 6076 6077
3 6078 6079 6080
3 6081 6082 6083
3 6084 6085 6086
3 6087 6088 6089
3 6090 6091 6092
3 6093 6094 6095
3 6096 6097 6098
3 6099 6100 6101
3 6102 6103 6104
3 6105 6106 6107
3 6108 6109 6110
3 6111 6112 6113
3 6114 6115 6116
3 6117 6118 6119
3 6120 6121 6122
3 6123 6124 6125
3 6126 6127 6128
3 6129 6130 6131
3 6132 6133 6134
3 6135 6136 6137
3 6138 6139 6140
3 6141 6142 6143
3 6144 6145 6146
3 6147 6148 6149
3 6150 6151 6152
3 6153 6154 6155
3 6156 6157 6158
3 6159 6160 6161
3 6162 6163 6164
3 6165 6166 6167
3 6168 6169 6170
3 6171 6172 6173
3 6174 6175 6176
3 6177 6178 6179
3 6180 6181 6182
3 6183 6184 6185
3 6186 6187 6188
3 6189 6190 6191
3 6192 6193 6194
3 6195 6196 6197
3 6198 6199 6200
3 6201 6202 6203
3 6204 6205 6206
3 6207 6208 6209
3 6210 6211 6212
3 6213 6214 6215
3 6216 6217 6218
3 6219 6220 6221
3 6222 6223 6224
3 6225 6226 6227
3 6228 6229 6230
3 6231 6232 6233
3 6234 6235 6236
3 6237 6238 6239
3 6240 6241 6242
3 6243 6244 6245
3 6246 6247 6248
3 6249 6250 6251
3 6252 6253 6254
3 6255 6256 6257
3 6258 6259 6260
3 6261 6262 6263
3 6264 6265 6266
3 6267 6268 6269
3 6270 6271 6272
3 6273 6274 6275
3 6276 6277 6278
3 6279 6280 6281
3 6282 6283 6284
3 6285 6286 6287
3 6288 6289 6290
3 6291 6292 6293
3 6294 6295 6296
3 6297 6298 6299
3 6300 6301 6302
3 6303 6304 6305
3 6306 6307 6308
3 6309 6310 6311
3 6312 6313 6314
3 6315 6316 6317
3 6318 6319 6320
3 6321 6322 6323
3 6324 6325 6326
3 6327 6328 6329
3 6330 6331 6332
3 6333 6334 6335
3 6336 6337 6338
3 6339 6340 6341
3 6342 6343 6344
3 6345 6346 6347
3 6348 6349 6350
3 6351 6352 6353
3 6354 6355 6356
3 6357 6358 6359
3 6360 6361 6362
3 6363 6364 6365
3 6366 6367 6368
3 6369 6370 6371
3 6372 6373 6374
3 6375 6376 6377
3 6378 6379 6380
3 6381 6382 6383
3 6384 6385 6386
3 6387 6388 6389
3 6390 6391 6392
3 6393 6394 6395
3 6396 6397 6398
3 6399 6400 6401
3 6402 6403 6404
3 6405 6406 6407
3 6408 6409 6410
3 6411 6412 6413
3 6414 6415 6416
3 6417 6418 6419
3 6420 6421 6422
3 6423 6424 6425
3 6426 6427 6428
3 6429 6430 6431
3 6432 6433 6434
3 6435 6436 6437
3 6438 6439 6440
3 6441 6442 6443
3 6444 6445 6446
3 6447 6448 6449
3 6450 6451 6452
3 6453 6454 6455
3 6456 6457 6458
3 6459 6460 6461
3 6462 6463 6464
3 6465 6466 6467
3 6468 6469 6470
3 6471 6472 6473
3 6474 6475 6476
3 6477 6478 6479
3 6480 6481 6482
3 6483 6484 6485
3 6486 6487 6488
3 6489 6490 6491
3 6492 6493 6494
3 6495 6496 6497
3 6498 6499 6500
3 6501 6502 6503
3 6504 6505 6506
3 6507 6508 6509
3 6510 6511 6512
3 6513 6514 6515
3 6516 6517 6518
3 6519 6520 6521
3 6522 6523 6524
3 6525 6526 6527
3 6528 6529 6530
3 6531 6532 6533
3 6534 6535 6536
3 6537 6538 6539
3 6540 6541 6542
3 6543 6544 6545
3 6546 6547 6548
3 6549 6550 6551
3 6552 6553 6554
3 6555 6556 6557
3 6558 6559 6560
3 6561 6562 6563
3 6564 6565 6566
3 6567 6568 6569
3 6570 6571 6572
3 6573 6574 6575
3 6576 6577 6578
3 6579 6580 6581
3 6582 6583 6584
3 6585 6586 6587
3 6588 6589 6590
3 6591 6592 6593
3 6594 6595 6596
3 6597 6598 6599
3 6600 6601 6602
3 6603 6604 6605
3 6606 6607 6608
3 6609 6610 6611
3 6612 6613 6614
3 6615 6616 6617
3 6618 6619 6620
3 6621 6622 6623
3 6624 6625 6626
3 6627 6628 6629
3 6630 6631 6632
3 6633 6634 6635
3 6636 6637 6638
3 6639 6640 6641
3 6642 6643 6644
3 6645 6646 6647
3 6648 6649 6650
3 6651 6652 6653
3 6654 6655 6656
3 6657 6658 6659
3 6660 6661 6662
3 6663 6664 6665
3 6666 6667 6668
3 6669 6670 6671
3 6672 6673 6674
3 6675 6676 6677
3 6678 6679 6680
3 6681 6682 6683
3 6684 6685 6686
3 6687 6688 6689
3 6690 6691 6692
3 6693 6694 6695
3 6696 6697 6698
3 6699 6700 6701
3 6702 6703 6704
3 6705 6706 6707
3 6708 6709 6710
3 6711 6712 6713
3 6714 6715 6716
3 6717 6718 6719
3 6720 6721 6722
3 6723 6724 6725
3 6726 6727 6728
3 6729 6730 6731
3 6732 6733 6734
3 6735 6736 6737
3 6738 6739 6740
3 6741 6742 6743
3 6744 6745 6746
3 6747 6748 6749
3 6750 6751 6752
3 6753 6754 6755
3 6756 6757 6758
3 6759 6760 6761
3 6762 6763 6764
3 6765 6766 6767
3 6768 6769 6770
3 6771 6772 6773
3 6774 6775 6776
3 6777 6778 6779
3 6780 6781 6782
3 6783 6784 6785
3 6786 6787 6788
3 6789 6790 6791
3 6792 6793 6794
3 6795 6796 6797
3 6798 6799 6800
3 6801 6802 6803
3 6804 6805 6806
3 6807 6808 6809
3 6810 6811 6812
3 6813 6814 6815
3 6816 6817 6818
3 6819 6820 6821
3 6822 6823 6824
3 6825 6826 6827
3 6828 6829 6830
3 6831 6832 6833
3 6834 6835 6836
3 6837 6838 6839
3 6840 6841 6842
3 6843 6844 6845
3 6846 6847 6848
3 6849 6850 6851
3 6852 6853 6854
3 6855 6856 6857
3 6858 6859 6860
3 6861 6862 6863
3 6864 6865 6866
3 6867 6868 6869
3 6870 6871 6872
3 6873 6874 6875
3 6876 6877 6878
3 6879 6880 6881
3 6882 6883 6884
3 6885 6886 6887
3 6888 6889 6890
3 6891 6892 6893
3 6894 6895 6896
3 6897 6898 6899
3 6900 6901 6902
3 6903 6904 6905
3 6906 6907 6908
3 6909 6910 6911
3 6912 6913 6914
3 6915 6916 6917
3 6918 6919 6920
3 6921 6922 6923
3 6924 6925 6926
3 6927 6928 6929
3 6930 6931 6932
3 6933 6934 6935
3 6936 6937 6938
3 6939 6940 6941
3 6942 6943 6944
3 6945 6946 6947
3 6948 6949 6950
3 6951 6952 6953
3 6954 6955 6956
3 6957 6958 6959
3 6960 6961 6962
3 6963 6964 6965
3 6966 6967 6968
3 6969 6970 6971
3 6972 6973 6974
3 6975 6976 6977
CELL_TYPES 2326
5
5
5
5
5
5
5
5
5
5
5
5
5
5
5
5
5
5
5
5
5
5
5
5
5
5
5
5
5
5
5
5
5
5
5
5
5
5
5
5
5
5
5
5
5
5
5
5
5
5
5
5
5
5
5
5
5
5
5
5
5
5
5
5
5
5
5
5
5
5
5
5
5
5
5
5
5
5
5
5
5
5
5
5
5
5
5
5
5
5
5
5
5
5
5
5
5
5
5
5
5
5
5
5
5
5
5
5
5
5
5
5
5
5
5
5
5
5
5
5
5
5
5
5
5
5
5
5
5
5
5
5
5
5
5
5
5
5
5
5
5
5
5
5
5
5
5
5
5
5
5
5
5
5
5
5
5
5
5
5
5
5
5
5
5
5
5
5
5
5
5
5
5
5
5
5
5
5
5
5
5
5
5
5
5
5
5
5
5
5
5
5
5
5
5
5
5
5
5
5
5
5
5
5
5
5
5
5
5
5
5
5
5
5
5
5
5
5
5
5
5
5
5
5
5
5
5
5
5
5
5
5
5
5
5
5
5
5
5
5
5
5
5
5
5
5
5
5
5
5
5
5
5
5
5
5
5
5
5
5
5
5
5
5
5
5
5
5
5
5
5
5
5
5
5
5
5
5
5
5
5
5
5
5
5
5
5
5
5
5
5
5
5
5
5
5
5
5
5
5
5
5
5
5
5
5
5
5
5
5
5
5
5
5
5
5
5
5
5
5
5
5
5
5
5
5
5
5
5
5
5
5
5
5
5
5
5
5
5
5
5
5
5
5
5
5
5
5
5
5
5
5
5
5
5
5
5
5
5
5
5
5
5
5
5
5
5
5
5
5
5
5
5
5
5
5
5
5
5
5
5
5
5
5
5
5
5
5
5
5
5
5
5
5
5
5
5
5
5
5
5
5
5
5
5
5
5
5
5
5
5
5
5
5
5
5
5
5
5
5
5
5
5
5
5
5
5
5
5
5
5
5
5
5
5
5
5
5
5
5
5
5
5
5
5
5
5
5
5
5
5
5
5
5
5
5
5
5
5
5
5
5
5
5
5
5
5
5
5
5
5
5
5
5
5
5
5
5
5
5
5
5
5
5
5
5
5
5
5
5
5
5
5
5
5
5
5
5
5
5
5
5
5
5
5
5
5
5
5
5
5
5
5
5
5
5
5
5
5
5
5
5
5
5
5
5
5
5
5
5
5
5
5
5
5
5
5
5
5
5
5
5
5
5
5
5
5
5
5
5
5
5
5
5
5
5
5
5
5
5
5
5
5
5
5
5
5
5
5
5
5
5
5
5
5
5
5
5
5
5
5
5
5
5
5
5
5
5
5
5
5
5
5
5
5
5
5
5
5
5
5
5
5
5
5
5
5
5
5
5
5
5
5
5
5
5
5
5
5
5
5
5
5
5
5
5
5
5
5
5
5
5
5
5
5
5
5
5
5
5
5
5
5
5
5
5
5
5
5
5
5
5
5
5
5
5
5
5
5
5
5
5
5
5
5
5
5
5
5
5
5
5
5
5
5
5
5
5
5
5
5
5
5
5
5
5
5
5
5
5
5
5
5
5
5
5
5
5
5
5
5
5
5
5
5
5
5
5
5
5
5
5
5
5
5
5
5
5
5
5
5
5
5
5
5
5
5
5
5
5
5
5
5
5
5
5
5
5
5
5
5
5
5
5
5
5
5
5
5
5
5
5
5
5
5
5
5
5
5
5
5
5
5
5
5
5
5
5
5
5
5
5
5
5
5
5
5
5
5
5
5
5
5
5
5
5
5
5
5
5
5
5
5
5
5
5
5
5
5
5
5
5
5
5
5
5
5
5
5
5
5
5
5
5
5
5
5
5
5
5
5
5
5
5
5
5
5
5
5
5
5
5
5
5
5
5
5
5
5
5
5
5
5
5
5
5
5
5
5
5
5
5
5
5
5
5
5
5
5
5
5
5
5
5
5
5
5
5
5
5
5
5
5
5
5
5
5
5
5
5
5
5
5
5
5
5
5
5
5
5
5
5
5
5
5
5
5
5
5
5
5
5
5
5
5
5
5
5
5
5
5
5
5
5
5
5
5
5
5
5
5
5
5
5
5
5
5
5
5
5
5
5
5
5
5
5
5
5
5
5
5
5
5
5
5
5
5
5
5
5
5
5
5
5
5
5
5
5
5
5
5
5
5
5
5
5
5
5
5
5
5
5
5
5
5
5
5
5
5
5
5
5
5
5
5
5
5
5
5
5
5
5
5
5
5
5
5
5
5
5
5
5
5
5
5
5
5
5
5
5
5
5
5
5
5
5
5
5
5
5
5
5
5
5
5
5
5
5
5
5
5
5
5
5
5
5
5
5
5
5
5
5
5
5
5
5
5
5
5
5
5
5
5
5
5
5
5
5
5
5
5
5
5
5
5
5
5
5
5
5
5
5
5
5
5
5
5
5
5
5
5
5
5
5
5
5
5
5
5
5
5
5
5
5
5
5
5
5
5
5
5
5
5
5
5
5
5
5
5
5
5
5
5
5
5
5
5
5
5
5
5
5
5
5
5
5
5
5
5
5
5
5
5
5
5
5
5
5
5
5
5
5
5
5
5
5
5
5
5
5
5
5
5
5
5
5
5
5
5
5
5
5
5
5
5
5
5
5
5
5
5
5
5
5
5
5
5
5
5
5
5
5
5
5
5
5
5
5
5
5
5
5
5
5
5
5
5
5
5
5
5
5
5
5
5
5
5
5
5
5
5
5
5
5
5
5
5
5
5
5
5
5
5
5
5
5
5
5
5
5
5
5
5
5
5
5
5
5
5
5
5
5
5
5
5
5
5
5
5
5
5
5
5
5
5
5
5
5
5
5
5
5
5
5
5
5
5
5
5
5
5
5
5
5
5
5
5
5
5
5
5
5
5
5
5
5
5
5
5
5
5
5
5
5
5
5
5
5
5
5
5
5
5
5
5
5
5
5
5
5
5
5
5
5
5
5
5
5
5
5
5
5
5
5
5
5
5
5
5
5
5
5
5
5
5
5
5
5
5
5
5
5
5
5
5
5
5
5
5
5
5
5
5
5
5
5
5
5
5
5
5
5
5
5
5
5
5
5
5
5
5
5
5
5
5
5
5
5
5
5
5
5
5
5
5
5
5
5
5
5
5
5
5
5
5
5
5
5
5
5
5
5
5
5
5
5
5
5
5
5
5
5
5
5
5
5
5
5
5
5
5
5
5
5
5
5
5
5
5
5
5
5
5
5
5
5
5
5
5
5
5
5
5
5
5
5
5
5
5
5
5
5
5
5
5
5
5
5
5
5
5
5
5
5
5
5
5
5
5
5
5
5
5
5
5
5
5
5
5
5
5
5
5
5
5
5
5
5
5
5
5
5
5
5
5
5
5
5
5
5
5
5
5
5
5
5
5
5
5
5
5
5
5
5
5
5
5
5
5
5
5
5
5
5
5
5
5
5
5
5
5
5
5
5
5
5
5
5
5
5
5
5
5
5
5
5
5
5
5
5
5
5
5
5
5
5
5
5
5
5
5
5
5
5
5
5
5
5
5
5
5
5
5
5
5
5
5
5
5
5
5
5
5
5
5
5
5
5
5
5
5
5
5
5
5
5
5
5
5
5
5
5
5
5
5
5
5
5
5
5
5
5
5
5
5
5
5
5
5
5
5
5
5
5
5
5
5
5
5
5
5
5
5
5
5
5
5
5
5
5
5
5
5
5
5
5
5
5
5
5
5
5
5
5
5
5
5
5
5
5
5
5
5
5
5
5
5
5
5
5
5
5
5
5
5
5
5
5
5
5
5
5
5
5
5
5
5
5
5
5
5
5
5
5
5
5
5
5
5
5
5
5
5
5
5
5
5
5
5
5
5
5
5
5
5
5
5
5
5
5
5
5
5
5
5
5
5
5
5
5
5
5
5
5
5
5
5
5
5
5
5
5
5
5
5
5
5
5
5
5
5
5
5
5
5
5
5
5
5
5
5
5
5
5
5
5
5
5
5
5
5
5
5
5
5
5
5
5
5
5
5
5
5
5
5
5
5
5
5
5
5
5
5
5
5
5
5
5
5
5
5
5
5
5
5
5
5
5
5
5
5
5
5
5
5
5
5
5
5
5
5
5
5
5
5
5
5
5
5
5
5
5
5
5
5
5
5
5
5
5
5
5
5
5
5
5
5
5
5
5
5
5
5
5
5
5
5
5
5
5
5
5
5
5
5
5
5
5
5
5
5
5
5
5
5
5
5
5
5
5
5
5
5
5
5
5
5
5
5
5
5
5
5
5
5
5
5
5
5
5
5
5
5
5
5
5
5
5
5
5
5
5
5
5
5
5
5
5
5
5
5
5
5
5
5
5
5
5
5
5
5
5
5
5
5
5
5
5
5
5
5
5
5
5
5
5
5
5
5
5
5
5
5
5
5
5
5
5
5
5
5
5
5
5
5
5
5
5
5
5
5
5
5
5
5
5
5
5
5
5
5
5
5
5
5
5
5
5
5
5
5
5
5
5
5
5
5
5
5
5
5
5
5
5
5
5
5
5
5
5
5
5
5
5
5
5
5
5
5
5
5
5
5
5
5
5
5
5
5
5
5
5
5
5
5
5
5
5
5
5
5
5
5
5
5
5
5
5
5
5
5
5
5
5
5
5
5
5
5
5
5
5
5
5
5
5
5
5
5
5
5
5
5
5
5
5
5
5
5
5
5
5
5
5
5
5
5
5
5
5
5
5
5
5
5
5
5
5
5
5
5
5
5
5
5
5
5
5
5
5
5
5
5
5
5
5
5
5
5
5
5
5
5
5
5
5
5
5
5
5
5
5
5
5
5
5
5
5
5
5
5
5
5
5
5
5
5
5
5
5
5
5
5
5
5
5
5
5
5
5
5
5
5
5
5
5
5
5
5
5
5
5
5
5
5
5
5
5
5
5
5
5
5
5
5
5
5
5
5
5
5
5
5
5
5
5
5
5
5
5
5
5
5
5
5
5
5
5
5
5
5
5
5
5
5
5
5
5
5
5
5
5
5
5
5
5
5
5
5
5
5
5
5
5
5
5
5
5
5
5
5
5
5
5
5
5
5
5
5
5
5
5
5
5
5
5
5
5
5
5
5
5
5
5
5
5
5
5
5
5
5
5
5
5
5
5
5
5
5
5
5
5
5
5
5
5
5
5
5
5
5
5
5
5
5
5
5
5
5
5
5
5
5
5
5
5
5
5
5
5
5
5
5
5
5
5
5
5
5
5
5
5
5
5
5
5
