# vtk DataFile Version 2.0
Maillage initial
ASCII
DATASET UNSTRUCTURED_GRID
POINTS 11652 float
0.161268 -0.0145299 0
0.161982 -8.78569e-05 0
0.149618 -0.011739 0
0.299005 0.0234535 0
0.277094 0.0217291 0
0.29992 0.000151112 0
0.148237 -0.0234418 0
0.159996 -0.0253043 0
0.161257 -0.0146534 0
0.277077 -0.0201379 0
0.274674 -0.0415934 0
0.29892 -0.0235867 0
0.277871 -6.68478e-05 0
0.277091 -0.0199203 0
0.299849 -6.68468e-05 0
0.277023 0.0216506 0
0.27787 7.2652e-05 0
0.299849 7.2653e-05 0
0.276878 0.0217067 0
0.256694 0.0167846 0
0.277726 0.000128732 0
0.256616 0.0169076 0
0.2768 0.0218297 0
0.254525 0.0367839 0
0.238217 4.61101e-05 0
0.257086 4.61101e-05 0
0.23768 0.0137411 0
0.220628 4.61101e-05 0
0.238095 4.61101e-05 0
0.237558 0.0137411 0
0.237679 -0.013741 0
0.257086 -4.61117e-05 0
0.238217 -4.61117e-05 0
0.256693 -0.0167787 0
0.276946 -0.0199764 0
0.277726 -0.000122928 0
0.183817 -0.0441813 0
0.179828 -0.0583215 0
0.198384 -0.0476786 0
0.245684 -0.076239 0
0.26463 -0.0840762 0
0.270023 -0.0649533 0
0.17026 -0.0408249 0
0.183745 -0.0440625 0
0.186612 -0.0296527 0
0.172877 -0.0274274 0
0.170223 -0.0407691 0
0.186575 -0.0295969 0
0.188362 -0.0149199 0
0.172938 -0.0273406 0
0.186636 -0.0295102 0
0.159944 -0.0253724 0
0.148185 -0.0235099 0
0.14591 -0.0349461 0
0.174405 -0.0137782 0
0.161387 -0.0146277 0
0.172807 -0.0272871 0
0.161222 -0.0146081 0
0.149572 -0.0118172 0
0.148202 -0.0233966 0
0.172759 -0.0273258 0
0.161339 -0.0146664 0
0.160078 -0.0253174 0
0.174369 -0.013687 0
0.162065 -9.43936e-05 0
0.161351 -0.0145364 0
0.157621 -0.0378885 0
0.166412 -0.0539779 0
0.170105 -0.0408856 0
0.172788 -0.0274133 0
0.160108 -0.0254049 0
0.170135 -0.040755 0
0.145872 -0.0351048 0
0.142707 -0.0463272 0
0.15403 -0.0500062 0
0.150333 -0.0601527 0
0.154045 -0.0500903 0
0.142722 -0.0464112 0
0.141594 -0.102749 0
0.15105 -0.0880479 0
0.138204 -0.0847301 0
0.16513 -0.119923 0
0.171594 -0.109655 0
0.15301 -0.111118 0
0.171772 -0.109567 0
0.193306 -0.105549 0
0.178237 -0.0992985 0
0.18959 -0.143703 0
0.181868 -0.124523 0
0.17461 -0.134513 0
0.189685 -0.143669 0
0.202946 -0.124501 0
0.181963 -0.124489 0
0.227787 -0.0690109 0
0.213889 -0.0815504 0
0.232555 -0.0833433 0
0.174594 -0.0722516 0
0.179679 -0.0584677 0
0.163127 -0.0632989 0
0.156007 -0.079368 0
0.174515 -0.0723217 0
0.163047 -0.063369 0
0.18543 -0.0848638 0
0.191463 -0.0702001 0
0.174708 -0.0723629 0
0.209824 -0.112227 0
0.21791 -0.0955858 0
0.201199 -0.0901472 0
0.179652 -0.0584068 0
0.166462 -0.0541213 0
0.163099 -0.063238 0
0.209623 -0.0680809 0
0.19851 -0.0477978 0
0.191623 -0.0700618 0
0.159976 -0.0254203 0
0.145942 -0.0349939 0
0.157519 -0.0377733 0
0.191523 -0.0700293 0
0.19841 -0.0477654 0
0.179854 -0.0584083 0
0.214388 -0.0513559 0
0.217733 -0.0345438 0
0.201719 -0.0320076 0
0.256683 -0.0169178 0
0.274532 -0.041571 0
0.276935 -0.0201155 0
0.231646 -0.0555659 0
0.249994 -0.0599708 0
0.234321 -0.0421238 0
0.214543 -0.0514598 0
0.231527 -0.0555373 0
0.234202 -0.0420953 0
0.227904 -0.0688464 0
0.249972 -0.0600605 0
0.231624 -0.0556555 0
0.277161 -0.0199988 0
0.299005 -0.0234477 0
0.29992 -0.000145306 0
0.250186 -0.0600067 0
0.270001 -0.0647639 0
0.253439 -0.0436584 0
0.234393 -0.0420836 0
0.250067 -0.0599306 0
0.253319 -0.0435823 0
0.245635 -0.0761586 0
0.269975 -0.0648729 0
0.25016 -0.0601157 0
0.296243 -0.046835 0
0.298984 -0.0236763 0
0.274738 -0.041683 0
0.133702 -0.068172 0
0.138156 -0.0845661 0
0.14431 -0.073577 0
0.150281 -0.0601772 0
0.142671 -0.0464357 0
0.138635 -0.0573751 0
0.133703 -0.0680811 0
0.144311 -0.0734862 0
0.138585 -0.057492 0
0.163014 -0.0632102 0
0.166377 -0.0540935 0
0.154167 -0.0501262 0
0.166486 -0.0540465 0
0.179676 -0.058332 0
0.170179 -0.0409542 0
0.270177 -0.0649326 0
0.264784 -0.0840554 0
0.291549 -0.0700634 0
0.296204 -0.0470671 0
0.270283 -0.0648085 0
0.291654 -0.0699393 0
0.274498 -0.0418094 0
0.25352 -0.0435973 0
0.270083 -0.0647028 0
0.214522 -0.0515495 0
0.227785 -0.0688179 0
0.231506 -0.055627 0
0.237753 -0.0983108 0
0.264522 -0.0841881 0
0.245576 -0.0763509 0
0.227893 -0.0689931 0
0.232661 -0.0833255 0
0.245436 -0.07625 0
0.250019 -0.0601293 0
0.227951 -0.0689153 0
0.245494 -0.0761721 0
0.174689 -0.0722744 0
0.191444 -0.0701116 0
0.179774 -0.0584905 0
0.193352 -0.105467 0
0.185448 -0.0850715 0
0.178282 -0.0992163 0
0.20103 -0.0899712 0
0.191551 -0.0702592 0
0.185518 -0.0849228 0
0.209742 -0.112261 0
0.201118 -0.0901806 0
0.19351 -0.105528 0
0.213724 -0.08157 0
0.209706 -0.0682603 0
0.201185 -0.0899533 0
0.217924 -0.0954833 0
0.213751 -0.0816613 0
0.201213 -0.0900446 0
0.218029 -0.0954611 0
0.232523 -0.0834321 0
0.213856 -0.0816391 0
0.214449 -0.0515913 0
0.209797 -0.0680895 0
0.227712 -0.0688597 0
0.214351 -0.0515205 0
0.198586 -0.0477356 0
0.209699 -0.0680186 0
0.217841 -0.0345775 0
0.214497 -0.0513895 0
0.234156 -0.042025 0
0.256422 -0.0168511 0
0.23767 -0.0138901 0
0.236019 -0.0278419 0
0.186782 -0.0295293 0
0.201579 -0.0318729 0
0.203443 -0.0161145 0
0.174496 -0.013779 0
0.172897 -0.0272879 0
0.188321 -0.0148671 0
0.18384 -0.0440852 0
0.198407 -0.0475825 0
0.186706 -0.0296754 0
0.179734 -0.0582989 0
0.183722 -0.0441586 0
0.170237 -0.0409211 0
0.198467 -0.0475419 0
0.201562 -0.0319784 0
0.186765 -0.0296348 0
0.219727 -0.0172394 0
0.204186 -0.00011106 0
0.203562 -0.0159671 0
0.204032 -2.90302e-05 0
0.188812 0.00602997 0
0.188473 -0.0147097 0
0.186738 -0.0294723 0
0.203399 -0.0160575 0
0.188464 -0.014882 0
0.196273 0.0558226 0
0.206768 0.045459 0
0.211349 0.0620587 0
0.187818 0.0178842 0
0.203447 0.0160754 0
0.201582 0.0318337 0
0.219946 0.0173402 0
0.237548 0.0139069 0
0.235747 0.0323209 0
0.201736 0.0318935 0
0.219766 0.0174074 0
0.217752 0.0344301 0
0.203562 0.0159671 0
0.204186 0.000111057 0
0.219727 0.0172393 0
0.155932 -0.0795207 0
0.151184 -0.087999 0
0.164073 -0.093345 0
0.185356 -0.0849062 0
0.174634 -0.0724054 0
0.169451 -0.0828407 0
0.162957 -0.063296 0
0.150398 -0.0602745 0
0.153105 -0.0696051 0
0.169352 -0.0828223 0
0.174536 -0.072387 0
0.156028 -0.0794333 0
0.164134 -0.0933279 0
0.169317 -0.0828926 0
0.155993 -0.0795036 0
0.164208 -0.0933939 0
0.178131 -0.0991688 0
0.169392 -0.0829586 0
0.15408 -0.0499778 0
0.157499 -0.0378557 0
0.145922 -0.0350763 0
0.16296 -0.0632307 0
0.154113 -0.0501467 0
0.150401 -0.0602092 0
0.166358 -0.0540086 0
0.157567 -0.0379192 0
0.154148 -0.0500413 0
0.196469 -0.196295 0
0.209956 -0.181705 0
0.193374 -0.169645 0
0.204465 -0.13892 0
0.18977 -0.143815 0
0.205953 -0.153743 0
0.219219 -0.134475 0
0.204563 -0.138889 0
0.206052 -0.153711 0
0.203022 -0.124549 0
0.18976 -0.143717 0
0.204455 -0.138822 0
0.225626 -0.161719 0
0.21929 -0.134551 0
0.206122 -0.153788 0
0.209749 -0.112375 0
0.193516 -0.105642 0
0.203052 -0.124333 0
0.237543 -0.0984838 0
0.218097 -0.0956285 0
0.229172 -0.116642 0
0.193423 -0.105682 0
0.181975 -0.124362 0
0.202959 -0.124373 0
0.201111 -0.0899151 0
0.209632 -0.0682222 0
0.191632 -0.0702031 0
0.229079 -0.116688 0
0.218004 -0.0956749 0
0.209918 -0.112316 0
0.213813 -0.0814995 0
0.22771 -0.06896 0
0.209795 -0.0681899 0
0.237554 -0.0983725 0
0.232602 -0.0834882 0
0.218108 -0.0955172 0
0.237646 -0.0983082 0
0.245469 -0.0763483 0
0.232694 -0.0834239 0
0.193318 -0.105633 0
0.171785 -0.109651 0
0.181871 -0.124312 0
0.174608 -0.134614 0
0.181102 -0.154566 0
0.189587 -0.143804 0
0.274641 -0.0418207 0
0.270226 -0.0647141 0
0.296147 -0.0469727 0
0.185368 -0.0849959 0
0.169463 -0.0829304 0
0.178202 -0.0991406 0
0.285269 -0.0926011 0
0.2916 -0.0701563 0
0.264835 -0.0841483 0
0.153043 -0.0696394 0
0.150335 -0.0603087 0
0.144415 -0.0735008 0
0.155873 -0.0793934 0
0.153061 -0.0697034 0
0.144434 -0.0735648 0
0.155935 -0.0793591 0
0.162975 -0.0633601 0
0.153124 -0.0696692 0
0.256776 -0.10619 0
0.285153 -0.092722 0
0.264718 -0.0842692 0
0.138101 -0.0845822 0
0.133647 -0.068188 0
0.127949 -0.0783615 0
0.264559 -0.0842883 0
0.23779 -0.098411 0
0.256617 -0.106209 0
0.121407 -0.0881587 0
0.131039 -0.0951567 0
0.127885 -0.0784636 0
0.256531 -0.10641 0
0.229334 -0.11677 0
0.247491 -0.126021 0
0.285194 -0.0928241 0
0.256817 -0.106292 0
0.277123 -0.114703 0
0.237672 -0.0985197 0
0.229301 -0.116678 0
0.256498 -0.106318 0
0.256757 -0.106437 0
0.267299 -0.136026 0
0.277063 -0.114848 0
0.114142 -0.0973791 0
0.130993 -0.0952201 0
0.121361 -0.0882222 0
0.129048 -0.137827 0
0.110654 -0.135545 0
0.11795 -0.147439 0
0.129058 -0.137757 0
0.120851 -0.126472 0
0.110664 -0.135474 0
0.165044 -0.120039 0
0.143829 -0.122771 0
0.155221 -0.132501 0
0.152802 -0.111074 0
0.141583 -0.102922 0
0.133161 -0.113605 0
0.113177 -0.115915 0
0.103833 -0.124353 0
0.120775 -0.126362 0
0.130999 -0.095277 0
0.114148 -0.097436 0
0.123201 -0.105168 0
0.106061 -0.106125 0
0.0974986 -0.11404 0
0.113107 -0.115813 0
0.185524 -0.0850409 0
0.193429 -0.105436 0
0.201036 -0.0900892 0
0.219465 -0.134403 0
0.23684 -0.145051 0
0.247392 -0.126209 0
0.209922 -0.112446 0
0.219314 -0.134263 0
0.229084 -0.116818 0
0.203121 -0.124518 0
0.204554 -0.138791 0
0.219209 -0.134377 0
0.219392 -0.134522 0
0.225729 -0.16169 0
0.236767 -0.14517 0
0.181206 -0.154631 0
0.205875 -0.153795 0
0.189692 -0.143868 0
0.181093 -0.154765 0
0.168527 -0.16836 0
0.193184 -0.169462 0
0.242692 -0.176222 0
0.255648 -0.156832 0
0.22587 -0.161868 0
0.247618 -0.126086 0
0.267201 -0.136064 0
0.256658 -0.106475 0
0.21944 -0.134309 0
0.247366 -0.126115 0
0.229209 -0.116863 0
0.237 -0.145057 0
0.267135 -0.136193 0
0.247552 -0.126215 0
0.0882505 -0.121338 0
0.103671 -0.12433 0
0.0974075 -0.11412 0
0.086314 -0.137095 0
0.102778 -0.141523 0
0.0952318 -0.131137 0
0.132144 -0.12464 0
0.141913 -0.135161 0
0.143674 -0.122796 0
0.132095 -0.12469 0
0.1292 -0.13775 0
0.141865 -0.135212 0
0.118031 -0.147563 0
0.125913 -0.160412 0
0.137995 -0.150142 0
0.141991 -0.135188 0
0.155144 -0.132552 0
0.143752 -0.122822 0
0.138085 -0.150025 0
0.141885 -0.135297 0
0.12922 -0.137835 0
0.138157 -0.150062 0
0.150463 -0.148935 0
0.141956 -0.135334 0
0.113839 -0.169318 0
0.134417 -0.17447 0
0.125887 -0.160566 0
0.15052 -0.148877 0
0.155166 -0.132639 0
0.142013 -0.135275 0
0.150591 -0.148919 0
0.163372 -0.147748 0
0.155238 -0.132681 0
0.147772 -0.163351 0
0.150482 -0.149029 0
0.138176 -0.150157 0
0.147857 -0.163343 0
0.163347 -0.147851 0
0.150567 -0.149022 0
0.126013 -0.160465 0
0.14769 -0.163389 0
0.138094 -0.150195 0
0.16853 -0.168451 0
0.181872 -0.181793 0
0.193187 -0.169552 0
0.163518 -0.147886 0
0.168428 -0.168288 0
0.180994 -0.154692 0
0.158349 -0.177782 0
0.181755 -0.181821 0
0.168413 -0.168478 0
0.134602 -0.174538 0
0.147052 -0.186468 0
0.147749 -0.163557 0
0.126001 -0.160546 0
0.134531 -0.174451 0
0.147678 -0.163471 0
0.124497 -0.181887 0
0.135904 -0.195256 0
0.134487 -0.174628 0
0.167068 -0.195484 0
0.181751 -0.181911 0
0.158344 -0.177872 0
0.181014 -0.15458 0
0.17452 -0.134627 0
0.163538 -0.147773 0
0.0952412 -0.131027 0
0.103664 -0.124387 0
0.0882433 -0.121395 0
0.134413 -0.174542 0
0.113834 -0.16939 0
0.124423 -0.181801 0
0.196283 -0.19648 0
0.167191 -0.195644 0
0.180425 -0.211139 0
0.196287 -0.196383 0
0.181878 -0.181973 0
0.167196 -0.195546 0
0.228008 -0.194848 0
0.210124 -0.181841 0
0.212178 -0.211973 0
0.210096 -0.181537 0
0.225595 -0.161876 0
0.206091 -0.153946 0
0.212073 -0.211978 0
0.210018 -0.181847 0
0.196532 -0.196437 0
0.22811 -0.194729 0
0.242548 -0.176415 0
0.210226 -0.181722 0
0.158235 -0.17772 0
0.168299 -0.168417 0
0.147899 -0.163508 0
0.24254 -0.176305 0
0.225717 -0.161951 0
0.210218 -0.181612 0
0.0828808 -0.169323 0
0.0933163 -0.16414 0
0.0759628 -0.157625 0
0.0781156 -0.188485 0
0.082818 -0.169462 0
0.0723826 -0.174645 0
0.0926451 -0.181785 0
0.0933722 -0.164221 0
0.0829368 -0.169404 0
0.174434 -0.134554 0
0.155318 -0.132633 0
0.163452 -0.1477 0
0.122972 -0.114736 0
0.133 -0.113625 0
0.123238 -0.105287 0
0.120839 -0.12633 0
0.122898 -0.114814 0
0.113241 -0.115883 0
0.120902 -0.126359 0
0.132004 -0.124583 0
0.122961 -0.114843 0
0.118042 -0.147487 0
0.138005 -0.150066 0
0.12914 -0.137876 0
0.171675 -0.109527 0
0.178139 -0.099258 0
0.164216 -0.093483 0
0.152105 -0.0993477 0
0.171587 -0.109527 0
0.164129 -0.0934833 0
0.165226 -0.119968 0
0.181776 -0.12436 0
0.17169 -0.109699 0
0.143821 -0.1227 0
0.165036 -0.119967 0
0.152916 -0.111161 0
0.174529 -0.134434 0
0.181786 -0.124443 0
0.165236 -0.120051 0
0.237028 -0.145159 0
0.255767 -0.156642 0
0.267162 -0.136296 0
0.209835 -0.112471 0
0.203138 -0.124429 0
0.219227 -0.134288 0
0.22585 -0.161764 0
0.255629 -0.156728 0
0.236889 -0.145244 0
0.113193 -0.115784 0
0.123115 -0.105266 0
0.106147 -0.106096 0
0.1233 -0.105248 0
0.133062 -0.113586 0
0.141484 -0.102903 0
0.10615 -0.106034 0
0.123118 -0.105204 0
0.114065 -0.0974721 0
0.113249 -0.115813 0
0.122905 -0.114743 0
0.123171 -0.105295 0
0.123293 -0.105186 0
0.141477 -0.102841 0
0.13109 -0.0952952 0
0.132045 -0.124541 0
0.13303 -0.11369 0
0.123001 -0.114801 0
0.129129 -0.137721 0
0.132025 -0.12466 0
0.120922 -0.126436 0
0.143645 -0.122724 0
0.133099 -0.113717 0
0.132114 -0.124568 0
0.143714 -0.122679 0
0.152809 -0.11114 0
0.133168 -0.113672 0
0.17444 -0.134461 0
0.165147 -0.120078 0
0.155324 -0.13254 0
0.16406 -0.0934113 0
0.151171 -0.0880653 0
0.152036 -0.0992757 0
0.151961 -0.0993072 0
0.151096 -0.0880968 0
0.14164 -0.102798 0
0.152865 -0.111026 0
0.151967 -0.0993841 0
0.141646 -0.102875 0
0.152966 -0.111049 0
0.17155 -0.109586 0
0.152067 -0.0994066 0
0.138092 -0.0846726 0
0.127941 -0.0784519 0
0.131095 -0.095145 0
0.141527 -0.102773 0
0.138138 -0.0847542 0
0.13114 -0.0952266 0
0.144367 -0.07346 0
0.150287 -0.0602679 0
0.13864 -0.0574658 0
0.151059 -0.0879502 0
0.144368 -0.0736434 0
0.138214 -0.0846325 0
0.151118 -0.0879328 0
0.155866 -0.0794545 0
0.144427 -0.073626 0
0.0951829 -0.131069 0
0.0881849 -0.121437 0
0.0862651 -0.137028 0
0.0880533 -0.151047 0
0.102754 -0.14159 0
0.0862899 -0.137162 0
0.103755 -0.124312 0
0.113099 -0.115874 0
0.0974908 -0.114101 0
0.110493 -0.135445 0
0.103739 -0.124434 0
0.0953159 -0.131074 0
0.110579 -0.135429 0
0.120766 -0.126427 0
0.103824 -0.124419 0
0.193406 -0.169503 0
0.209988 -0.181563 0
0.205983 -0.153971 0
0.181219 -0.154716 0
0.193309 -0.169413 0
0.205887 -0.153881 0
0.181966 -0.181886 0
0.196375 -0.196296 0
0.19328 -0.169646 0
0.102813 -0.141659 0
0.088112 -0.151115 0
0.10379 -0.157672 0
0.11784 -0.147525 0
0.102912 -0.141647 0
0.10389 -0.15766 0
0.110491 -0.135502 0
0.095313 -0.131131 0
0.102859 -0.141518 0
0.0862089 -0.137017 0
0.0881287 -0.121427 0
0.0784336 -0.127905 0
0.0681453 -0.13367 0
0.0718525 -0.145061 0
0.0783188 -0.127973 0
0.0880805 -0.151191 0
0.0934266 -0.16408 0
0.103759 -0.157748 0
0.0680754 -0.133706 0
0.0574863 -0.138587 0
0.0717825 -0.145097 0
0.103926 -0.157753 0
0.11371 -0.169219 0
0.117877 -0.147618 0
0.110566 -0.135557 0
0.102935 -0.141573 0
0.117863 -0.147451 0
0.0934773 -0.164161 0
0.103172 -0.17551 0
0.103809 -0.157829 0
0.196375 -0.196589 0
0.180518 -0.211247 0
0.194792 -0.22796 0
0.168317 -0.168317 0
0.163407 -0.147915 0
0.147916 -0.163408 0
0.164795 -0.223743 0
0.176358 -0.242593 0
0.194672 -0.228156 0
0.167085 -0.195734 0
0.164716 -0.22353 0
0.180319 -0.21123 0
0.134309 -0.21944 0
0.116863 -0.229209 0
0.126115 -0.247366 0
0.136193 -0.267135 0
0.145057 -0.237 0
0.126215 -0.247552 0
0.148306 -0.209941 0
0.135984 -0.195499 0
0.134447 -0.219202 0
0.166978 -0.19573 0
0.148511 -0.209956 0
0.164609 -0.223526 0
0.134263 -0.219314 0
0.112445 -0.209921 0
0.116818 -0.229084 0
0.135904 -0.195476 0
0.124508 -0.20309 0
0.134367 -0.219179 0
0.13587 -0.195351 0
0.124464 -0.181982 0
0.124475 -0.202965 0
0.148452 -0.209833 0
0.16692 -0.195606 0
0.147162 -0.186693 0
0.194686 -0.228051 0
0.180412 -0.211338 0
0.164808 -0.223639 0
0.194897 -0.227963 0
0.212022 -0.212133 0
0.196481 -0.196592 0
0.0717622 -0.14515 0
0.057466 -0.138641 0
0.0620221 -0.14964 0
0.164629 -0.223773 0
0.145319 -0.236839 0
0.176193 -0.242622 0
0.0669422 -0.161732 0
0.0541801 -0.166441 0
0.0722494 -0.174545 0
0.0758396 -0.157635 0
0.0670149 -0.161703 0
0.0723221 -0.174516 0
0.0879873 -0.15119 0
0.07598 -0.157565 0
0.0933334 -0.164079 0
0.0879154 -0.151127 0
0.0719105 -0.145218 0
0.0759081 -0.157501 0
0.0619814 -0.149747 0
0.0501649 -0.154107 0
0.0668944 -0.161608 0
0.0758052 -0.157552 0
0.0620674 -0.149759 0
0.0669805 -0.16162 0
0.0861866 -0.137174 0
0.071945 -0.14515 0
0.0879499 -0.151059 0
0.0861544 -0.137097 0
0.0783792 -0.127984 0
0.0719129 -0.145072 0
0.057381 -0.138633 0
0.0464416 -0.142668 0
0.0619371 -0.149632 0
0.145159 -0.237028 0
0.136296 -0.267162 0
0.156642 -0.255767 0
0.145051 -0.23684 0
0.134403 -0.219465 0
0.126209 -0.247392 0
0.176166 -0.242729 0
0.145292 -0.236946 0
0.156776 -0.255685 0
0.164536 -0.223663 0
0.148438 -0.210094 0
0.145226 -0.236729 0
0.106168 -0.256633 0
0.0827309 -0.243575 0
0.0875268 -0.263509 0
0.116678 -0.229301 0
0.0985197 -0.237672 0
0.106318 -0.256498 0
0.116627 -0.229179 0
0.0912483 -0.220117 0
0.0984691 -0.23755 0
-0.0171813 -0.219895 0
-0.00485673 -0.237846 0
0.006121 -0.220326 0
-0.016131 -0.203548 0
-0.0318894 -0.201683 0
-0.0344256 -0.217696 0
-0.000111059 -0.204186 0
-0.0159672 -0.203563 0
-0.0172393 -0.219726 0
0.0159303 -0.203564 0
7.41745e-05 -0.204188 0
0.00624823 -0.220159 0
0.0159589 -0.203407 0
0.0147835 -0.188472 0
0.000102816 -0.18905 0
-0.0295102 -0.186636 0
-0.01492 -0.188363 0
-0.0273406 -0.172938 0
-0.0344316 -0.217865 0
-0.03239 -0.235682 0
-0.017409 -0.219879 0
0.0320268 -0.201552 0
0.0475904 -0.198457 0
0.0440931 -0.18389 0
0.0689244 -0.227723 0
0.0767247 -0.215573 0
0.0622071 -0.211484 0
0.0620837 -0.149704 0
0.0758214 -0.157496 0
0.0718238 -0.145213 0
0.0252949 -0.159957 0
0.0234325 -0.148197 0
0.0118531 -0.149568 0
0.106475 -0.256658 0
0.136064 -0.267201 0
0.126086 -0.247618 0
0.0360157 -0.157865 0
0.0499717 -0.154081 0
0.0350702 -0.145923 0
0.0235454 -0.148178 0
0.0359271 -0.157845 0
0.0349815 -0.145903 0
0.0274273 -0.172877 0
0.0295968 -0.186574 0
0.0407691 -0.170223 0
0.0360352 -0.157946 0
0.0408661 -0.170065 0
0.0499911 -0.154162 0
0.0584372 -0.179691 0
0.0722209 -0.174605 0
0.0541515 -0.166501 0
0.0827674 -0.243489 0
0.106204 -0.256546 0
0.0984059 -0.237719 0
0.0296526 -0.186611 0
0.0440625 -0.183745 0
0.0408249 -0.17026 0
0.0253756 -0.159984 0
0.0358948 -0.157892 0
0.0235131 -0.148225 0
0.0137652 -0.174363 0
0.0252656 -0.160084 0
0.0127579 -0.161565 0
0.027397 -0.172747 0
0.0359079 -0.157974 0
0.0253886 -0.160067 0
0.106275 -0.256745 0
0.0876341 -0.263622 0
0.114686 -0.27705 0
0.136026 -0.267299 0
0.106437 -0.256757 0
0.114848 -0.277063 0
0.126021 -0.247491 0
0.11677 -0.229334 0
0.10641 -0.256531 0
0.0910361 -0.220132 0
0.0690405 -0.227844 0
0.0826185 -0.243334 0
0.098039 -0.206754 0
0.0844552 -0.203792 0
0.0911392 -0.219929 0
0.112239 -0.209849 0
0.0981323 -0.206774 0
0.0912325 -0.219949 0
0.112287 -0.20976 0
0.105554 -0.193528 0
0.0981803 -0.206685 0
0.0780898 -0.188665 0
0.0632026 -0.194158 0
0.084295 -0.203646 0
0.021852 -0.276798 0
0.0401091 -0.254133 0
0.0202532 -0.256483 0
0.0698737 -0.291667 0
0.0452559 -0.274172 0
0.0470015 -0.296217 0
0.0555109 -0.231531 0
0.0483032 -0.214732 0
0.0373539 -0.235143 0
0.0688467 -0.227905 0
0.0556555 -0.231624 0
0.0600605 -0.249972 0
0.0767763 -0.215493 0
0.0842875 -0.203793 0
0.0622586 -0.211403 0
0.0910166 -0.220039 0
0.0768214 -0.215602 0
0.0690211 -0.227751 0
0.0910682 -0.219959 0
0.0843842 -0.203822 0
0.076873 -0.215521 0
0.0983553 -0.237597 0
0.0911345 -0.220165 0
0.0827168 -0.243367 0
0.103281 -0.175688 0
0.105611 -0.193331 0
0.124292 -0.181884 0
0.103877 -0.157846 0
0.103239 -0.175528 0
0.113661 -0.169313 0
0.0927533 -0.181903 0
0.105505 -0.193331 0
0.103175 -0.175688 0
0.116673 -0.229086 0
0.112301 -0.209924 0
0.0912947 -0.220024 0
0.112471 -0.209834 0
0.134288 -0.219227 0
0.124429 -0.203138 0
0.0621364 -0.211537 0
0.0556625 -0.231496 0
0.0688537 -0.227776 0
0.0148671 -0.188321 0
0.0272878 -0.172897 0
0.013779 -0.174496 0
0.0318688 -0.201528 0
0.0295253 -0.186731 0
0.0149351 -0.188458 0
0.0203902 -0.218924 0
0.0318421 -0.201686 0
0.0160838 -0.203551 0
-0.00473677 -0.237905 0
0.0185656 -0.237367 0
0.00624096 -0.220385 0
0.0483596 -0.214543 0
0.0620412 -0.211383 0
0.0477051 -0.198592 0
0.0372835 -0.235097 0
0.0482328 -0.214686 0
0.0345512 -0.217846 0
0.0555938 -0.231451 0
0.0620677 -0.211493 0
0.0483861 -0.214653 0
0.0320407 -0.201655 0
0.0482589 -0.21451 0
0.0476044 -0.19856 0
0.0441969 -0.183865 0
0.0476942 -0.198432 0
0.0629668 -0.194125 0
0.0540575 -0.166532 0
0.0442027 -0.18371 0
0.0583432 -0.179722 0
0.0296229 -0.186716 0
0.0319665 -0.201512 0
0.0440328 -0.18385 0
0.0874222 -0.263694 0
0.0650192 -0.270153 0
0.0925948 -0.285194 0
0.11464 -0.277146 0
0.0875887 -0.263717 0
0.0927613 -0.285217 0
0.0825148 -0.243434 0
0.0689369 -0.227945 0
0.0601506 -0.250012 0
0.0842418 -0.203722 0
0.0631493 -0.194234 0
0.0622129 -0.211332 0
0.0925992 -0.181981 0
0.0781885 -0.188624 0
0.0843937 -0.203605 0
0.0980871 -0.206665 0
0.105461 -0.193507 0
0.0845032 -0.203704 0
0.103134 -0.175591 0
0.09344 -0.164242 0
0.0927129 -0.181805 0
0.103308 -0.175608 0
0.124319 -0.181804 0
0.113729 -0.169393 0
0.0844851 -0.203621 0
0.105443 -0.193424 0
0.0926906 -0.181997 0
0.112375 -0.209748 0
0.124333 -0.203052 0
0.105642 -0.193515 0
0.124373 -0.202959 0
0.124362 -0.181976 0
0.105682 -0.193422 0
0.134477 -0.21934 0
0.145125 -0.236715 0
0.148337 -0.210079 0
0.147131 -0.186478 0
0.158164 -0.177781 0
0.147828 -0.163568 0
0.148349 -0.209832 0
0.147059 -0.186692 0
0.136026 -0.19539 0
0.166952 -0.195499 0
0.158228 -0.177888 0
0.147195 -0.186586 0
0.13598 -0.195272 0
0.147013 -0.186574 0
0.134562 -0.174644 0
0.125832 -0.160476 0
0.11795 -0.147627 0
0.113783 -0.169228 0
0.0925941 -0.181866 0
0.0828858 -0.169486 0
0.0781834 -0.18851 0
-0.0202775 -0.256347 0
-0.0324076 -0.235926 0
-0.0368307 -0.254388 0
0.0204518 -0.218972 0
0.0344403 -0.217749 0
0.0319037 -0.201734 0
0.0186496 -0.237304 0
0.0203135 -0.219099 0
0.00632502 -0.220322 0
0.018753 -0.237354 0
0.0371377 -0.235178 0
0.0204169 -0.219149 0
0.0401557 -0.253931 0
0.0372039 -0.235294 0
0.0188193 -0.23747 0
0.000129554 -0.257147 0
0.0201087 -0.256362 0
0.0186282 -0.237552 0
0.0452823 -0.273946 0
0.0647693 -0.27007 0
0.0600121 -0.250255 0
0.0402935 -0.253973 0
0.0599037 -0.250072 0
0.0373418 -0.235337 0
-0.0252981 -0.159997 0
-0.0127904 -0.161477 0
-0.0234356 -0.148237 0
-0.0349461 -0.14591 0
-0.0253724 -0.159944 0
-0.0235099 -0.148185 0
-0.0272808 -0.172808 0
-0.013772 -0.174407 0
-0.0127647 -0.161607 0
-0.0295841 -0.186578 0
-0.0274146 -0.17288 0
-0.036945 -0.170984 0
-0.0127451 -0.161442 0
-0.011811 -0.149573 0
-0.0233903 -0.148202 0
-0.0273195 -0.17276 0
-0.0128034 -0.161559 0
-0.0253111 -0.160079 0
-0.0136384 -0.174415 0
-4.57674e-05 -0.174949 0
-4.57674e-05 -0.162111 0
-0.0148672 -0.188322 0
-0.0137791 -0.174496 0
-0.0272879 -0.172897 0
-0.0147302 -0.188378 0
-4.94311e-05 -0.188955 0
-4.94311e-05 -0.175086 0
0.0409264 -0.170093 0
0.0540188 -0.166401 0
0.0500515 -0.154191 0
0.0274487 -0.172781 0
0.0407905 -0.170127 0
0.0359596 -0.158008 0
0.0441442 -0.183678 0
0.053999 -0.1665 0
0.0409066 -0.170192 0
0.0780032 -0.188585 0
0.0584865 -0.17983 0
0.063116 -0.194078 0
0.078034 -0.18852 0
0.072301 -0.174679 0
0.0585173 -0.179765 0
0.0828105 -0.169358 0
0.0758926 -0.15766 0
0.0723751 -0.174541 0
0.0500063 -0.15403 0
0.0463272 -0.142707 0
0.0351048 -0.145872 0
0.066868 -0.161664 0
0.0501385 -0.154162 0
0.0541059 -0.166373 0
0.0619127 -0.149684 0
0.0464171 -0.14272 0
0.0500962 -0.154043 0
0.0118173 -0.149613 0
0.0127514 -0.161481 0
0.0252591 -0.160001 0
0.0599549 -0.249997 0
0.05555 -0.231649 0
0.037393 -0.235262 0
0.0452003 -0.273893 0
0.0599301 -0.250201 0
0.0403199 -0.254103 0
0.0649104 -0.270035 0
0.0873133 -0.263577 0
0.0601532 -0.25022 0
8.16042e-05 -0.150037 0
0.0126669 -0.161448 0
0.0117328 -0.149579 0
0.0648026 -0.270209 0
0.0453156 -0.274085 0
0.0699334 -0.29158 0
0.0925367 -0.285288 0
0.0649611 -0.270246 0
0.0700919 -0.291618 0
0.0873726 -0.263488 0
0.0825767 -0.243553 0
0.0602125 -0.250131 0
0.0450951 -0.274123 0
0.0219576 -0.276998 0
0.0468407 -0.296168 0
0.0185448 -0.23749 0
-0.00475756 -0.238028 0
4.61101e-05 -0.257085 0
0.0202428 -0.256352 0
0.0400987 -0.254002 0
0.0187624 -0.237541 0
-0.00165756 -0.27766 0
0.0216448 -0.27688 0
6.68459e-05 -0.257349 0
0.0218855 -0.277082 0
0.0236099 -0.298992 0
0.0467686 -0.296251 0
0.000139922 -0.257278 0
0.0217179 -0.276809 0
0.020119 -0.256494 0
-0.00165756 -0.277803 0
6.68469e-05 -0.299849 0
0.0216448 -0.277023 0
0.0371904 -0.235112 0
0.034458 -0.217861 0
0.0204696 -0.219084 0
0.0442327 -0.183802 0
0.0630027 -0.194062 0
0.0583732 -0.179814 0
0.0345335 -0.217734 0
0.0482151 -0.214574 0
0.0319969 -0.201719 0
0.0620905 -0.211314 0
0.0630269 -0.194217 0
0.0477543 -0.198524 0
4.57652e-05 -0.162111 0
4.57652e-05 -0.174949 0
0.0136383 -0.174415 0
-0.0116904 -0.149581 0
-3.92306e-05 -0.161944 0
-3.92296e-05 -0.150039 0
-0.0126734 -0.161571 0
-0.0136807 -0.17437 0
-8.81421e-05 -0.162066 0
8.81399e-05 -0.162066 0
0.0136807 -0.17437 0
0.0126734 -0.161571 0
-0.0147759 -0.188329 0
-9.51974e-05 -0.175037 0
-0.0136878 -0.174503 0
4.94289e-05 -0.188955 0
0.0147301 -0.188377 0
4.94289e-05 -0.175086 0
9.51951e-05 -0.175037 0
0.0147759 -0.188329 0
0.0136878 -0.174503 0
-4.94311e-05 -0.204033 0
-4.94311e-05 -0.189052 0
-0.0147302 -0.188475 0
5.33864e-05 -0.204083 0
0.0159095 -0.203459 0
5.33864e-05 -0.189102 0
0.0203046 -0.218986 0
0.0159981 -0.203613 0
0.00631612 -0.220209 0
0.0318237 -0.201584 0
0.0148899 -0.188514 0
0.0160653 -0.203449 0
0.0295101 -0.186635 0
0.0273406 -0.172938 0
0.0149199 -0.188362 0
0.0273228 -0.172802 0
0.0253145 -0.160122 0
0.0138141 -0.174401 0
-0.0187363 -0.237479 0
-0.0323469 -0.235869 0
-0.0202167 -0.25629 0
-0.0049494 -0.238025 0
-0.0186443 -0.237486 0
-0.0201248 -0.256298 0
-0.0049398 -0.237903 0
-0.0172643 -0.219952 0
-0.0186347 -0.237365 0
-8.16053e-05 -0.161983 0
-0.0117328 -0.149619 0
-0.0126669 -0.161488 0
-0.0377799 -0.157602 0
-0.0369658 -0.170844 0
-0.0254269 -0.160059 0
-0.066868 -0.161664 0
-0.0541057 -0.166372 0
-0.0501384 -0.154162 0
-0.0440726 -0.183841 0
-0.0438384 -0.198814 0
-0.0296629 -0.186707 0
-0.0681081 -0.209615 0
-0.0559256 -0.196218 0
-0.0700891 -0.191616 0
-0.0680459 -0.209692 0
-0.0515477 -0.214343 0
-0.0558634 -0.196294 0
-0.0700566 -0.191516 0
-0.0558931 -0.196118 0
-0.0584356 -0.179846 0
-0.0187267 -0.237357 0
-0.0173563 -0.219945 0
-0.0323373 -0.235747 0
-0.0442027 -0.18371 0
-0.0540574 -0.166531 0
-0.0583429 -0.179721 0
0.0401924 -0.254192 0
0.0219353 -0.276857 0
0.0450728 -0.273982 0
-0.0274005 -0.172791 0
-0.0253921 -0.16011 0
-0.036931 -0.170895 0
-0.0254203 -0.159976 0
-0.0349939 -0.145942 0
-0.0377733 -0.157519 0
-0.0668958 -0.16175 0
-0.0584191 -0.179647 0
-0.0541335 -0.166458 0
-0.124452 -0.202979 0
-0.11767 -0.186003 0
-0.135847 -0.195364 0
-0.0858473 -0.168492 0
-0.0991504 -0.178199 0
-0.0850057 -0.185365 0
-0.109676 -0.171704 0
-0.119945 -0.16524 0
-0.117567 -0.185798 0
-0.0987914 -0.161243 0
-0.109544 -0.171665 0
-0.0992758 -0.178129 0
-0.120012 -0.165262 0
-0.129543 -0.17838 0
-0.117634 -0.18582 0
-0.0682217 -0.209816 0
-0.0909878 -0.220019 0
-0.0689919 -0.227731 0
-0.0200625 -0.256363 0
-8.34446e-05 -0.257148 0
-0.00488712 -0.238091 0
-0.0218408 -0.276799 0
-0.020242 -0.256484 0
-0.0367952 -0.254526 0
-0.0217236 -0.276877 0
-0.00187014 -0.277657 0
-0.0201248 -0.256562 0
-8.42652e-05 -0.299923 0
-0.00180868 -0.277877 0
-0.0233866 -0.299007 0
0.000151112 -0.29992 0
0.0234535 -0.299005 0
0.0217291 -0.277094 0
-3.68837e-05 -0.204242 0
-0.0171651 -0.219782 0
0.00613717 -0.220213 0
-0.0295293 -0.186782 0
-0.0318729 -0.201579 0
-0.0161145 -0.203444 0
-0.0148821 -0.188465 0
-0.0294723 -0.186738 0
-0.0160575 -0.2034 0
-0.000102819 -0.204081 0
-0.0147835 -0.188523 0
-0.015959 -0.203458 0
4.23737e-05 -0.161984 0
0.0126277 -0.16149 0
4.23747e-05 -0.150079 0
-0.0370826 -0.170953 0
-0.053986 -0.166502 0
-0.0441314 -0.18368 0
-0.053965 -0.166415 0
-0.0370616 -0.170865 0
-0.0378757 -0.157624 0
-0.0441602 -0.183873 0
-0.055758 -0.196156 0
-0.043926 -0.198846 0
-0.0370009 -0.17102 0
-0.0440497 -0.183748 0
-0.0296399 -0.186614 0
-0.0583488 -0.17982 0
-0.0558064 -0.196092 0
-0.0442086 -0.183809 0
-0.0343769 -0.217757 0
-0.0173543 -0.219772 0
-0.0160822 -0.203609 0
-0.0554488 -0.231543 0
-0.0325177 -0.235721 0
-0.0345592 -0.217904 0
-0.0600605 -0.249972 0
-0.0556555 -0.231624 0
-0.0688464 -0.227904 0
-0.0599232 -0.250098 0
-0.0370102 -0.254391 0
-0.046439 -0.242857 0
-0.0599075 -0.250204 0
-0.0417713 -0.274436 0
-0.0369946 -0.254497 0
-0.0700634 -0.291549 0
-0.0649326 -0.270177 0
-0.0840554 -0.264784 0
-0.0699393 -0.291654 0
-0.0470671 -0.296204 0
-0.0648085 -0.270283 0
-0.0217348 -0.277019 0
-0.0234593 -0.29893 0
-0.00188133 -0.2778 0
-7.30767e-05 -0.257281 0
-0.0200521 -0.256496 0
-0.00179749 -0.277592 0
-0.0415993 -0.274674 0
-0.0235926 -0.29892 0
-0.0218681 -0.277009 0
-0.0600007 -0.250257 0
-0.0647578 -0.270072 0
-0.0418645 -0.274488 0
-0.0465014 -0.242781 0
-0.0555806 -0.231674 0
-0.0599855 -0.250022 0
-0.0324951 -0.235881 0
-0.046347 -0.242809 0
-0.0369182 -0.254343 0
-0.0325574 -0.235804 0
-0.0554885 -0.231627 0
-0.0464093 -0.242733 0
-0.0761586 -0.245635 0
-0.0648729 -0.269975 0
-0.0601157 -0.25016 0
-0.046835 -0.296243 0
-0.0236763 -0.298984 0
-0.0416831 -0.274738 0
-0.0368671 -0.254586 0
-0.0416438 -0.274525 0
-0.0219127 -0.27686 0
-0.0351048 -0.145872 0
-0.0463272 -0.142707 0
-0.0500062 -0.15403 0
-0.0619371 -0.149632 0
-0.0464416 -0.142668 0
-0.057381 -0.138633 0
-0.0734862 -0.144311 0
-0.057492 -0.138585 0
-0.0680811 -0.133703 0
-0.0418208 -0.274642 0
-0.0647141 -0.270226 0
-0.0469727 -0.296147 0
-0.0829454 -0.139017 0
-0.0681825 -0.13365 0
-0.078356 -0.127952 0
-0.0882222 -0.121361 0
-0.0973791 -0.114142 0
-0.0952201 -0.130993 0
-0.102903 -0.141484 0
-0.105248 -0.1233 0
-0.113586 -0.133062 0
-0.120041 -0.145301 0
-0.102952 -0.141557 0
-0.113635 -0.133136 0
-0.0830359 -0.139009 0
-0.0784464 -0.127944 0
-0.0951395 -0.131098 0
-0.147732 -0.16357 0
-0.147035 -0.18648 0
-0.129734 -0.178377 0
-0.181755 -0.18182 0
-0.158349 -0.177782 0
-0.168412 -0.168478 0
-0.146996 -0.186587 0
-0.135963 -0.195284 0
-0.129694 -0.178483 0
-0.166952 -0.195499 0
-0.147195 -0.186585 0
-0.158228 -0.177888 0
-0.166919 -0.195606 0
-0.148452 -0.209832 0
-0.147162 -0.186692 0
-0.0500962 -0.154043 0
-0.0464171 -0.14272 0
-0.0619127 -0.149684 0
-0.0668944 -0.161608 0
-0.0501649 -0.154106 0
-0.0619814 -0.149747 0
-0.0540086 -0.166358 0
-0.0379192 -0.157567 0
-0.0500413 -0.154148 0
-0.076239 -0.245684 0
-0.0840762 -0.26463 0
-0.0649533 -0.270024 0
-0.0515913 -0.214449 0
-0.0680895 -0.209797 0
-0.0688597 -0.227712 0
-0.0346227 -0.217832 0
-0.0514348 -0.214488 0
-0.0555122 -0.231472 0
-0.0345185 -0.217681 0
-0.0319823 -0.201668 0
-0.0438142 -0.198977 0
-0.106437 -0.256757 0
-0.136026 -0.267299 0
-0.114848 -0.277063 0
-0.0928241 -0.285194 0
-0.106292 -0.256817 0
-0.114703 -0.277123 0
-0.145125 -0.236715 0
-0.134477 -0.21934 0
-0.148337 -0.210079 0
-0.0985197 -0.237672 0
-0.116678 -0.229301 0
-0.106318 -0.256498 0
-0.0984691 -0.23755 0
-0.0912483 -0.220117 0
-0.116627 -0.229179 0
-0.0690442 -0.227807 0
-0.0910401 -0.220095 0
-0.0838098 -0.232485 0
-0.0901664 -0.201125 0
-0.105513 -0.193518 0
-0.108052 -0.212099 0
-0.0584905 -0.179774 0
-0.0722744 -0.174689 0
-0.0701116 -0.191444 0
-0.11677 -0.229334 0
-0.126021 -0.247491 0
-0.10641 -0.256531 0
-0.0378557 -0.157499 0
-0.0350763 -0.145922 0
-0.0499778 -0.15408 0
-0.0689153 -0.227951 0
-0.0761721 -0.245494 0
-0.0601293 -0.250019 0
-0.0515495 -0.214522 0
-0.0688179 -0.227785 0
-0.055627 -0.231506 0
-0.0439505 -0.198948 0
-0.0557825 -0.196258 0
-0.0514669 -0.214307 0
-0.0345837 -0.217724 0
-0.0438794 -0.19902 0
-0.0513957 -0.214379 0
-0.0319658 -0.201564 0
-0.0296222 -0.186767 0
-0.0437978 -0.198874 0
-0.0702031 -0.191632 0
-0.0899151 -0.201111 0
-0.0682222 -0.209632 0
-0.0682922 -0.209727 0
-0.0899851 -0.201206 0
-0.0910582 -0.21993 0
-0.092722 -0.285153 0
-0.0842692 -0.264718 0
-0.10619 -0.256776 0
-0.0926011 -0.285269 0
-0.0701563 -0.2916 0
-0.0841483 -0.264835 0
-0.097436 -0.114148 0
-0.105168 -0.123201 0
-0.095277 -0.130999 0
-0.0723629 -0.174708 0
-0.0848638 -0.18543 0
-0.0702001 -0.191463 0
-0.0669566 -0.161777 0
-0.0722638 -0.17459 0
-0.0584799 -0.179675 0
-0.0879447 -0.151062 0
-0.0736379 -0.144371 0
-0.0829957 -0.13913 0
-0.0574717 -0.138638 0
-0.0734659 -0.144365 0
-0.0620278 -0.149638 0
-0.0849228 -0.185518 0
-0.0899712 -0.20103 0
-0.0702592 -0.191551 0
-0.067048 -0.161739 0
-0.0856976 -0.168401 0
-0.0723552 -0.174552 0
-0.0858933 -0.168411 0
-0.098712 -0.161232 0
-0.0991964 -0.178118 0
-0.120861 -0.126464 0
-0.129068 -0.137749 0
-0.113725 -0.13306 0
-0.0839081 -0.232517 0
-0.0911385 -0.220128 0
-0.0983593 -0.237561 0
-0.0763498 -0.245468 0
-0.0838585 -0.232602 0
-0.0983097 -0.237646 0
-0.0762514 -0.245436 0
-0.0689946 -0.227892 0
-0.0837601 -0.23257 0
-0.108004 -0.212188 0
-0.0911915 -0.219939 0
-0.0901184 -0.201214 0
-0.135903 -0.195475 0
-0.134367 -0.219179 0
-0.124508 -0.20309 0
-0.116659 -0.229094 0
-0.0912806 -0.220032 0
-0.108093 -0.212282 0
-0.0842883 -0.264559 0
-0.098411 -0.23779 0
-0.106209 -0.256617 0
-0.0841881 -0.264522 0
-0.0763509 -0.245576 0
-0.0983108 -0.237753 0
-0.0735393 -0.144422 0
-0.0793679 -0.155862 0
-0.0621013 -0.149695 0
-0.0829293 -0.139072 0
-0.0735715 -0.144313 0
-0.0681665 -0.133705 0
-0.0881587 -0.121407 0
-0.0951567 -0.131039 0
-0.0784636 -0.127885 0
-0.0794252 -0.155982 0
-0.0857213 -0.168338 0
-0.0670717 -0.161677 0
-0.0879328 -0.151118 0
-0.0794545 -0.155866 0
-0.073626 -0.144427 0
-0.0952536 -0.131147 0
-0.1028 -0.141534 0
-0.0927893 -0.140273 0
-0.0988309 -0.161159 0
-0.111047 -0.152996 0
-0.109584 -0.17158 0
-0.088038 -0.151216 0
-0.0986746 -0.161142 0
-0.0858558 -0.168321 0
-0.111118 -0.15301 0
-0.119923 -0.16513 0
-0.109655 -0.171594 0
-0.0857576 -0.16848 0
-0.084916 -0.185353 0
-0.0724151 -0.174631 0
-0.0879736 -0.151198 0
-0.0857915 -0.168303 0
-0.0794954 -0.155946 0
-0.0880949 -0.151126 0
-0.102796 -0.14167 0
-0.0987314 -0.161052 0
-0.0620793 -0.149753 0
-0.0793459 -0.155919 0
-0.0669924 -0.161614 0
-0.115784 -0.113193 0
-0.105266 -0.123115 0
-0.106096 -0.106147 0
-0.129066 -0.137812 0
-0.120129 -0.145288 0
-0.113723 -0.133124 0
-0.195591 -0.167146 0
-0.209915 -0.181648 0
-0.182018 -0.181829 0
-0.168489 -0.168401 0
-0.181055 -0.154806 0
-0.181831 -0.181743 0
-0.209956 -0.148511 0
-0.223526 -0.164609 0
-0.19573 -0.166978 0
-0.0992163 -0.178282 0
-0.105467 -0.193352 0
-0.0850715 -0.185448 0
-0.134447 -0.219202 0
-0.135983 -0.195498 0
-0.148306 -0.20994 0
-0.108263 -0.212192 0
-0.124415 -0.203146 0
-0.134274 -0.219235 0
-0.108167 -0.212106 0
-0.105628 -0.193524 0
-0.124319 -0.20306 0
-0.117687 -0.185921 0
-0.129596 -0.178481 0
-0.135864 -0.195282 0
-0.10566 -0.193437 0
-0.117568 -0.185997 0
-0.124351 -0.202972 0
-0.105576 -0.193354 0
-0.099325 -0.178284 0
-0.117484 -0.185914 0
-0.0850409 -0.185525 0
-0.105436 -0.193429 0
-0.0900892 -0.201036 0
-0.0993386 -0.178211 0
-0.109607 -0.171747 0
-0.117498 -0.185841 0
-0.147131 -0.186478 0
-0.147828 -0.163568 0
-0.158164 -0.177781 0
-0.111153 -0.152922 0
-0.12009 -0.145446 0
-0.119958 -0.165042 0
-0.147899 -0.163508 0
-0.168299 -0.168416 0
-0.158235 -0.17772 0
-0.133662 -0.164356 0
-0.147687 -0.163496 0
-0.129689 -0.178303 0
-0.120065 -0.16519 0
-0.133569 -0.164362 0
-0.129596 -0.178308 0
-0.120033 -0.16508 0
-0.120165 -0.145484 0
-0.133538 -0.164252 0
-0.15052 -0.148877 0
-0.142013 -0.135275 0
-0.155166 -0.132639 0
-0.145159 -0.237028 0
-0.156642 -0.255767 0
-0.136296 -0.267162 0
-0.134403 -0.219465 0
-0.145051 -0.23684 0
-0.126209 -0.247392 0
-0.161764 -0.22585 0
-0.156728 -0.255629 0
-0.145244 -0.236889 0
-0.156832 -0.255648 0
-0.161868 -0.22587 0
-0.176222 -0.242692 0
-0.126086 -0.247618 0
-0.136064 -0.267201 0
-0.106475 -0.256658 0
-0.134309 -0.21944 0
-0.126115 -0.247366 0
-0.116863 -0.229209 0
-0.108237 -0.212279 0
-0.134249 -0.219322 0
-0.116803 -0.229092 0
-0.148428 -0.2101 0
-0.161736 -0.225697 0
-0.145216 -0.236736 0
-0.145057 -0.237 0
-0.136193 -0.267135 0
-0.126215 -0.247552 0
-0.133062 -0.113586 0
-0.1233 -0.105248 0
-0.141484 -0.102903 0
-0.132038 -0.12458 0
-0.120935 -0.126355 0
-0.133023 -0.113729 0
-0.141913 -0.135161 0
-0.132144 -0.12464 0
-0.143674 -0.122796 0
-0.129129 -0.137721 0
-0.120922 -0.126436 0
-0.132025 -0.12466 0
-0.141865 -0.135212 0
-0.1292 -0.13775 0
-0.132095 -0.12469 0
-0.163373 -0.147748 0
-0.150592 -0.148919 0
-0.155238 -0.132681 0
-0.138085 -0.150025 0
-0.12922 -0.137835 0
-0.141885 -0.135297 0
-0.163408 -0.147916 0
-0.168316 -0.168316 0
-0.147916 -0.163408 0
-0.178272 -0.129685 0
-0.163466 -0.147684 0
-0.155331 -0.132617 0
-0.178446 -0.129745 0
-0.189599 -0.143787 0
-0.181114 -0.15455 0
-0.167195 -0.195545 0
-0.181878 -0.181973 0
-0.196287 -0.196382 0
-0.150567 -0.149022 0
-0.163348 -0.147851 0
-0.147857 -0.163343 0
-0.138176 -0.150157 0
-0.150482 -0.14903 0
-0.147772 -0.163351 0
-0.138157 -0.150063 0
-0.141956 -0.135334 0
-0.150463 -0.148936 0
-0.181146 -0.154802 0
-0.195494 -0.167056 0
-0.181922 -0.181739 0
-0.163519 -0.147887 0
-0.180994 -0.154692 0
-0.168427 -0.168287 0
-0.189657 -0.143912 0
-0.19552 -0.166929 0
-0.181172 -0.154675 0
-0.16516 -0.120062 0
-0.178278 -0.129592 0
-0.155336 -0.132524 0
-0.209843 -0.148441 0
-0.195616 -0.166908 0
-0.189753 -0.143891 0
-0.196282 -0.19648 0
-0.180425 -0.211139 0
-0.16719 -0.195643 0
-0.147716 -0.163402 0
-0.13369 -0.164262 0
-0.13812 -0.150208 0
-0.120032 -0.145367 0
-0.111096 -0.152843 0
-0.102944 -0.141624 0
-0.138013 -0.150059 0
-0.12021 -0.145345 0
-0.129147 -0.137869 0
-0.138028 -0.150147 0
-0.133598 -0.164202 0
-0.120225 -0.145433 0
-0.105204 -0.123118 0
-0.0974721 -0.114065 0
-0.106034 -0.10615 0
-0.113646 -0.133012 0
-0.105308 -0.123249 0
-0.120781 -0.126415 0
-0.102873 -0.141676 0
-0.111024 -0.152896 0
-0.0988083 -0.161058 0
-0.0927652 -0.14034 0
-0.102776 -0.141601 0
-0.0880748 -0.151057 0
-0.0830597 -0.139117 0
-0.092699 -0.140331 0
-0.0880087 -0.151049 0
-0.0830838 -0.13905 0
-0.0951874 -0.131139 0
-0.0927231 -0.140264 0
-0.0952952 -0.13109 0
-0.105186 -0.123293 0
-0.102841 -0.141477 0
-0.123201 -0.105168 0
-0.114148 -0.097436 0
-0.130999 -0.095277 0
-0.120881 -0.126317 0
-0.115926 -0.113228 0
-0.132969 -0.113691 0
-0.11587 -0.113104 0
-0.114097 -0.0974958 0
-0.123151 -0.105228 0
-0.138603 -0.0574535 0
-0.149602 -0.0620097 0
-0.133721 -0.0680426 0
-0.167075 -0.195741 0
-0.18031 -0.211236 0
-0.161916 -0.225564 0
-0.136025 -0.195389 0
-0.147059 -0.186692 0
-0.148348 -0.209831 0
-0.158344 -0.177872 0
-0.18175 -0.181911 0
-0.167068 -0.195483 0
-0.212073 -0.211978 0
-0.196531 -0.196437 0
-0.210019 -0.181847 0
-0.166968 -0.195736 0
-0.161809 -0.22556 0
-0.148501 -0.209963 0
-0.211974 -0.212077 0
-0.180575 -0.211194 0
-0.196433 -0.196535 0
-0.194725 -0.228114 0
-0.176411 -0.242552 0
-0.180451 -0.211401 0
-0.180341 -0.211393 0
-0.176301 -0.242544 0
-0.161947 -0.225721 0
-0.123293 -0.105186 0
-0.13109 -0.0952952 0
-0.141477 -0.102841 0
-0.209918 -0.181746 0
-0.196431 -0.196336 0
-0.182021 -0.181927 0
-0.223526 -0.16472 0
-0.210054 -0.181591 0
-0.19573 -0.167089 0
-0.21934 -0.134477 0
-0.236715 -0.145125 0
-0.210079 -0.148337 0
-0.242593 -0.176358 0
-0.228156 -0.194672 0
-0.223743 -0.164795 0
-0.211969 -0.212182 0
-0.194844 -0.228012 0
-0.18057 -0.211299 0
-0.137017 -0.0862089 0
-0.121427 -0.0881287 0
-0.127905 -0.0784336 0
-0.228008 -0.194848 0
-0.212178 -0.211973 0
-0.210124 -0.181842 0
-0.114142 -0.0973791 0
-0.121361 -0.0882222 0
-0.130993 -0.0952201 0
-0.144276 -0.0735562 0
-0.12797 -0.0783245 0
-0.133668 -0.068151 0
-0.165044 -0.120039 0
-0.155221 -0.132501 0
-0.143829 -0.122771 0
-0.187896 -0.115205 0
-0.165255 -0.119927 0
-0.174071 -0.106733 0
-0.178519 -0.129645 0
-0.202935 -0.124518 0
-0.189673 -0.143686 0
-0.2012 -0.0901475 0
-0.217911 -0.0955861 0
-0.209824 -0.112227 0
-0.236959 -0.14513 0
-0.246667 -0.127795 0
-0.255699 -0.156614 0
-0.203139 -0.124549 0
-0.219227 -0.134408 0
-0.209967 -0.148268 0
-0.227634 -0.119816 0
-0.246573 -0.127671 0
-0.236865 -0.145007 0
-0.219308 -0.134273 0
-0.209916 -0.112455 0
-0.227453 -0.119729 0
-0.189778 -0.143749 0
-0.20304 -0.124581 0
-0.209868 -0.148299 0
-0.188142 -0.115239 0
-0.20973 -0.112407 0
-0.203034 -0.124365 0
-0.178387 -0.129535 0
-0.165269 -0.120004 0
-0.187911 -0.115282 0
-0.202929 -0.124423 0
-0.178514 -0.129549 0
-0.188037 -0.115297 0
-0.178358 -0.129759 0
-0.181027 -0.154563 0
-0.163552 -0.147758 0
-0.174148 -0.1066 0
-0.181903 -0.0927556 0
-0.194456 -0.102617 0
-0.218025 -0.0954743 0
-0.213852 -0.0816522 0
-0.231171 -0.087284 0
-0.209706 -0.0682603 0
-0.213724 -0.0815701 0
-0.201186 -0.0899536 0
-0.25602 -0.107847 0
-0.263619 -0.0876393 0
-0.277048 -0.114691 0
-0.267297 -0.136031 0
-0.256032 -0.10801 0
-0.27706 -0.114853 0
-0.236387 -0.101458 0
-0.263483 -0.0875949 0
-0.255883 -0.107803 0
-0.218087 -0.0956487 0
-0.23614 -0.101524 0
-0.227536 -0.119563 0
-0.245568 -0.0763724 0
-0.263448 -0.0874894 0
-0.236352 -0.101352 0
-0.267195 -0.136237 0
-0.2558 -0.156584 0
-0.246768 -0.127765 0
-0.223635 -0.164813 0
-0.228047 -0.19469 0
-0.210163 -0.181683 0
-0.223773 -0.164629 0
-0.236839 -0.145319 0
-0.242622 -0.176193 0
-0.147093 -0.0947658 0
-0.161077 -0.0987811 0
-0.152914 -0.110997 0
-0.13117 -0.0952601 0
-0.146955 -0.0947267 0
-0.141556 -0.102806 0
-0.137158 -0.0862146 0
-0.144351 -0.073671 0
-0.146984 -0.094599 0
-0.149621 -0.0620635 0
-0.144348 -0.0735016 0
-0.13374 -0.0680965 0
-0.149763 -0.0620552 0
-0.16297 -0.0633227 0
-0.157556 -0.0757929 0
-0.142683 -0.0464018 0
-0.154006 -0.0500808 0
-0.138647 -0.0573412 0
-0.180331 -0.0552888 0
-0.183818 -0.044171 0
-0.198385 -0.0476682 0
-0.176797 -0.0665564 0
-0.180284 -0.0554386 0
-0.191453 -0.0700823 0
-0.176714 -0.0665028 0
-0.16651 -0.0541221 0
-0.1802 -0.055385 0
-0.236946 -0.145292 0
-0.255685 -0.156776 0
-0.242729 -0.176166 0
-0.210094 -0.148438 0
-0.236729 -0.145226 0
-0.223663 -0.164536 0
-0.219399 -0.134382 0
-0.227543 -0.119838 0
-0.236773 -0.145029 0
-0.156979 -0.039699 0
-0.154067 -0.0500216 0
-0.142745 -0.0463426 0
-0.143752 -0.122822 0
-0.155144 -0.132552 0
-0.141991 -0.135188 0
-0.133099 -0.113717 0
-0.143645 -0.122724 0
-0.132114 -0.124568 0
-0.115933 -0.113158 0
-0.123214 -0.105282 0
-0.132977 -0.11362 0
-0.105315 -0.123183 0
-0.115833 -0.11326 0
-0.120788 -0.126349 0
-0.106125 -0.106061 0
-0.11404 -0.0974986 0
-0.115813 -0.113107 0
-0.141583 -0.102922 0
-0.152802 -0.111074 0
-0.133161 -0.113605 0
-0.141629 -0.102859 0
-0.147028 -0.0947795 0
-0.152849 -0.111011 0
-0.137114 -0.0862868 0
-0.14694 -0.0946712 0
-0.131155 -0.0952046 0
-0.121437 -0.0881849 0
-0.137028 -0.0862651 0
-0.131069 -0.0951829 0
-0.14446 -0.0736112 0
-0.157526 -0.0759108 0
-0.159268 -0.0870187 0
-0.152975 -0.111081 0
-0.161137 -0.0988654 0
-0.165094 -0.119887 0
-0.133168 -0.113672 0
-0.152809 -0.11114 0
-0.143714 -0.122679 0
-0.161207 -0.0988507 0
-0.173981 -0.106678 0
-0.165165 -0.119872 0
-0.127982 -0.0783849 0
-0.144287 -0.0736166 0
-0.137094 -0.0861602 0
-0.152916 -0.111161 0
-0.165036 -0.119967 0
-0.143821 -0.1227 0
-0.159369 -0.0871172 0
-0.170895 -0.0803276 0
-0.161178 -0.098653 0
-0.147114 -0.0946859 0
-0.159289 -0.0871654 0
-0.161098 -0.0987012 0
-0.157615 -0.0759331 0
-0.170883 -0.0802514 0
-0.159357 -0.087041 0
-0.209912 -0.112326 0
-0.217999 -0.0956849 0
-0.227448 -0.119599 0
-0.219227 -0.134288 0
-0.203138 -0.124429 0
-0.209834 -0.112471 0
-0.19464 -0.102627 0
-0.201122 -0.0901712 0
-0.209745 -0.11225 0
-0.188113 -0.115167 0
-0.194596 -0.102711 0
-0.209702 -0.112334 0
-0.187994 -0.115148 0
-0.174169 -0.106675 0
-0.194477 -0.102692 0
-0.1868 -0.0295781 0
-0.202474 -0.0245216 0
-0.208232 -0.038085 0
-0.170259 -0.0408248 0
-0.186611 -0.0296526 0
-0.183745 -0.0440623 0
-0.17289 -0.0273499 0
-0.174032 -0.0177001 0
-0.186587 -0.0295194 0
-0.227632 -0.11967 0
-0.236236 -0.101631 0
-0.246571 -0.127526 0
-0.191525 -0.0700192 0
-0.180357 -0.0553755 0
-0.198411 -0.047755 0
-0.186777 -0.0814009 0
-0.191555 -0.0702474 0
-0.201035 -0.0899597 0
-0.181967 -0.0926295 0
-0.186745 -0.081476 0
-0.201003 -0.0900348 0
-0.181866 -0.0925968 0
-0.171056 -0.0802884 0
-0.186644 -0.0814433 0
-0.194547 -0.102561 0
-0.181993 -0.0927002 0
-0.201029 -0.0901056 0
-0.174037 -0.106587 0
-0.161263 -0.0987596 0
-0.181791 -0.0927426 0
-0.180178 -0.0552993 0
-0.166488 -0.0540363 0
-0.17018 -0.040944 0
-0.186627 -0.0813563 0
-0.171038 -0.0802014 0
-0.17675 -0.0666769 0
-0.166357 -0.0540147 0
-0.154147 -0.0500474 0
-0.157058 -0.0397247 0
-0.170896 -0.080172 0
-0.157627 -0.0758537 0
-0.163041 -0.0633835 0
-0.191474 -0.0701691 0
-0.186696 -0.0813226 0
-0.176819 -0.0666432 0
-0.181781 -0.0926546 0
-0.161253 -0.0986716 0
-0.17097 -0.0803462 0
-0.149752 -0.0619692 0
-0.154111 -0.0501526 0
-0.162958 -0.0632367 0
-0.180236 -0.0552661 0
-0.170238 -0.0409108 0
-0.183723 -0.0441483 0
-0.163089 -0.0632653 0
-0.166452 -0.0541485 0
-0.176656 -0.0665293 0
-0.163014 -0.0632102 0
-0.154167 -0.0501262 0
-0.166377 -0.0540935 0
-0.138671 -0.0573934 0
-0.154029 -0.050133 0
-0.14967 -0.0619496 0
-0.157112 -0.039694 0
-0.170103 -0.0408916 0
-0.16641 -0.0539839 0
-0.145882 -0.03507 0
-0.156951 -0.0396488 0
-0.142717 -0.0462924 0
-0.14594 -0.035 0
-0.159974 -0.0254263 0
-0.157009 -0.0395788 0
-0.160083 -0.0252723 0
-0.161637 -0.0108964 0
-0.173906 -0.0176309 0
-0.219417 0.0140953 0
-0.204184 8.79266e-05 0
-0.203378 0.0121951 0
-0.219475 0.0140545 0
-0.220456 4.71618e-05 0
-0.204241 4.71618e-05 0
-0.2373 0.0187025 0
-0.219579 0.0142111 0
-0.218598 0.0282185 0
-0.237365 0.0186081 0
-0.238092 0.000109447 0
-0.219644 0.0141168 0
-0.25715 6.72687e-05 0
-0.238281 6.72687e-05 0
-0.256365 0.0200464 0
-0.237365 -0.0186081 0
-0.219644 -0.0141168 0
-0.238092 -0.000109449 0
-0.219463 -0.0142304 0
-0.218481 -0.0282378 0
-0.202618 -0.0244373 0
-0.238035 -4.71639e-05 0
-0.219588 -0.0140545 0
-0.220569 -4.71639e-05 0
-0.2373 -0.0187025 0
-0.218598 -0.0282185 0
-0.219579 -0.0142111 0
-0.245247 -0.0309536 0
-0.253302 -0.043485 0
-0.234376 -0.0419863 0
-0.256322 -0.0202116 0
-0.245268 -0.030798 0
-0.237512 -0.0187311 0
-0.256376 -0.0202944 0
-0.253376 -0.0434122 0
-0.245321 -0.0308808 0
-0.144425 -0.0736739 0
-0.159233 -0.0870814 0
-0.147058 -0.0946019 0
-0.149701 -0.0620895 0
-0.157494 -0.0758271 0
-0.144428 -0.0735275 0
-0.163104 -0.0633525 0
-0.176671 -0.0666165 0
-0.17096 -0.080141 0
-0.148185 -0.0235099 0
-0.159944 -0.0253724 0
-0.14591 -0.0349461 0
-0.148197 -0.0234325 0
-0.149568 -0.0118531 0
-0.159957 -0.0252949 0
-0.15709 -0.0395982 0
-0.160055 -0.0254458 0
-0.170081 -0.0407958 0
-0.231337 -0.0872859 0
-0.24546 -0.0763717 0
-0.236245 -0.101352 0
-0.2181 -0.0955406 0
-0.231245 -0.0873503 0
-0.236153 -0.101416 0
-0.22658 -0.0736488 0
-0.245428 -0.0762787 0
-0.231305 -0.087193 0
-0.21388 -0.081579 0
-0.226474 -0.0736666 0
-0.231199 -0.0872108 0
-0.201214 -0.090045 0
-0.213752 -0.0816614 0
-0.217924 -0.0954835 0
-0.20979 -0.0682055 0
-0.226402 -0.0736028 0
-0.213809 -0.0815152 0
-0.234234 -0.0418949 0
-0.218647 -0.0283114 0
-0.237349 -0.0187954 0
-0.249994 -0.0599709 0
-0.231647 -0.0555661 0
-0.23432 -0.0421238 0
-0.214501 -0.0513691 0
-0.21857 -0.0284207 0
-0.234157 -0.0420042 0
-0.20981 -0.0680451 0
-0.214462 -0.0515472 0
-0.231446 -0.0556246 0
-0.209699 -0.0680186 0
-0.198585 -0.0477354 0
-0.214352 -0.0515207 0
-0.219475 -0.0140545 0
-0.204241 -4.71639e-05 0
-0.220456 -4.71639e-05 0
-0.198406 -0.0475823 0
-0.183839 -0.044085 0
-0.186705 -0.0296753 0
-0.208218 -0.0381623 0
-0.198488 -0.0475624 0
-0.186787 -0.0296554 0
-0.214414 -0.0513562 0
-0.208378 -0.0381708 0
-0.218484 -0.0284079 0
-0.214347 -0.0514208 0
-0.198581 -0.0476354 0
-0.208311 -0.0382353 0
-0.209623 -0.0680809 0
-0.191623 -0.0700618 0
-0.198509 -0.0477976 0
-0.188327 -0.0147889 0
-0.174045 -0.0175597 0
-0.175035 -0.00010819 0
-0.203222 -0.0122075 0
-0.18847 -0.0147811 0
-0.188589 -0.0031299 0
-0.202408 -0.0244438 0
-0.186734 -0.0295004 0
-0.188461 -0.0149102 0
-0.160108 -0.0254049 0
-0.172788 -0.0274133 0
-0.170134 -0.0407549 0
-0.188592 -0.00301067 0
-0.188712 0.0086405 0
-0.204031 1.88278e-05 0
-0.203275 -0.0121581 0
-0.188641 -0.00308047 0
-0.20408 -5.09661e-05 0
-0.188376 -0.0147403 0
-0.175084 -5.96312e-05 0
-0.188495 -0.00308913 0
-0.16012 -0.0253275 0
-0.173943 -0.017686 0
-0.172801 -0.0273358 0
-0.161647 -0.0107531 0
-0.162068 -3.60854e-05 0
-0.174906 -3.60854e-05 0
-0.150037 -7.53139e-05 0
-0.161522 -0.0107924 0
-0.149579 -0.0117265 0
-0.255931 -0.108053 0
-0.267195 -0.136074 0
-0.246769 -0.127602 0
-0.208311 0.0382353 0
-0.198581 0.0476354 0
-0.214347 0.0514208 0
-0.20258 0.0245173 0
-0.208338 0.0380807 0
-0.218444 0.0283178 0
-0.202471 0.0245314 0
-0.185872 0.0325086 0
-0.208229 0.0380948 0
-0.219412 0.0141768 0
-0.203372 0.0122766 0
-0.202567 0.0243837 0
-0.187607 0.0209092 0
-0.174493 0.0137993 0
-0.172894 0.0273081 0
-0.263694 -0.0874221 0
-0.270153 -0.0650193 0
-0.285194 -0.0925948 0
-0.269975 -0.064873 0
-0.245636 -0.0761588 0
-0.25016 -0.0601159 0
-0.277146 -0.11464 0
-0.263717 -0.0875886 0
-0.285217 -0.0927613 0
-0.255827 -0.107937 0
-0.246665 -0.127486 0
-0.236331 -0.101592 0
-0.231528 -0.0555375 0
-0.214544 -0.0514601 0
-0.234201 -0.0420952 0
-0.263561 -0.0873673 0
-0.245681 -0.0762503 0
-0.27002 -0.0649644 0
-0.234323 -0.0419035 0
-0.237438 -0.0188039 0
-0.245194 -0.0308708 0
-0.208338 -0.0380807 0
-0.20258 -0.0245173 0
-0.218444 -0.0283178 0
-0.201112 -0.0899155 0
-0.191632 -0.0702031 0
-0.209632 -0.0682222 0
-0.170223 -0.040769 0
-0.172877 -0.0274273 0
-0.186574 -0.0295968 0
-0.203378 -0.0121951 0
-0.204184 -8.79287e-05 0
-0.219417 -0.0140953 0
-0.202567 -0.0243837 0
-0.203372 -0.0122766 0
-0.219412 -0.0141768 0
-0.202463 -0.024386 0
-0.188516 -0.0148524 0
-0.203269 -0.0122789 0
-0.277802 -0.00165759 0
-0.277023 0.0216448 0
-0.299849 6.68468e-05 0
-0.238281 -6.72708e-05 0
-0.25715 -6.72708e-05 0
-0.256365 -0.0200464 0
-0.256494 0.020119 0
-0.276809 0.0217179 0
-0.257279 0.000139922 0
-0.161555 -0.0108769 0
-0.160001 -0.0252528 0
-0.149613 -0.011811 0
-0.149619 0.0117328 0
-0.161488 0.0126669 0
-0.161983 8.16032e-05 0
-0.186639 -0.0294776 0
-0.174084 -0.0176583 0
-0.188366 -0.0148874 0
-0.149581 0.0116904 0
-0.161944 3.92285e-05 0
-0.150039 3.92295e-05 0
-0.256299 -0.0201087 0
-0.237488 -0.0186282 0
-0.238215 -0.000129556 0
-0.296168 -0.0468407 0
-0.274123 -0.045095 0
-0.276998 -0.0219576 0
-0.231606 -0.0557253 0
-0.245429 -0.0761731 0
-0.226581 -0.0735432 0
-0.20985 -0.0681188 0
-0.231486 -0.0556983 0
-0.226461 -0.0735162 0
-0.234393 -0.0420836 0
-0.253318 -0.0435822 0
-0.250067 -0.0599307 0
-0.273911 -0.0450783 0
-0.253472 -0.0434598 0
-0.256472 -0.0203421 0
-0.250032 -0.060085 0
-0.245507 -0.076128 0
-0.231684 -0.0556802 0
-0.273957 -0.0452272 0
-0.270081 -0.0647143 0
-0.253518 -0.0436087 0
-0.270247 -0.0649611 0
-0.291618 -0.0700919 0
-0.285288 -0.0925367 0
-0.253438 -0.0436583 0
-0.270001 -0.0647639 0
-0.250187 -0.0600068 0
-0.274085 -0.0453156 0
-0.29158 -0.0699334 0
-0.270209 -0.0648027 0
-0.276865 -0.0218684 0
-0.27399 -0.0450059 0
-0.25655 -0.0202696 0
-0.296217 -0.0470015 0
-0.291667 -0.0698737 0
-0.274172 -0.0452558 0
-0.148225 0.0235131 0
-0.157892 0.0358949 0
-0.159984 0.0253756 0
-0.27702 -0.0217349 0
-0.277799 -0.00188135 0
-0.29893 -0.0234593 0
-0.296251 -0.0467686 0
-0.277082 -0.0218855 0
-0.298992 -0.0236099 0
-0.256497 -0.0200522 0
-0.257282 -7.3077e-05 0
-0.277591 -0.00179751 0
-0.270283 0.0648086 0
-0.291654 0.0699393 0
-0.296204 0.0470671 0
-0.254171 0.0403244 0
-0.270085 0.0646919 0
-0.274501 0.0417984 0
-0.25016 0.0601159 0
-0.245635 0.0761586 0
-0.269975 0.064873 0
-0.145903 0.0349815 0
-0.157845 0.0359271 0
-0.148178 0.0235454 0
-0.169121 0.0447068 0
-0.166482 0.0540591 0
-0.179672 0.0583446 0
-0.172864 0.0274884 0
-0.169155 0.0445702 0
-0.183695 0.0440676 0
-0.185704 0.0324609 0
-0.187645 0.0209718 0
-0.172932 0.0273707 0
-0.198403 0.0475921 0
-0.185776 0.0326058 0
-0.183836 0.0440948 0
-0.202402 0.0244739 0
-0.187743 0.0209621 0
-0.185803 0.0324511 0
-0.174401 0.0138141 0
-0.160122 0.0253145 0
-0.172802 0.0273228 0
-0.157942 0.0360478 0
-0.154159 0.0500036 0
-0.169007 0.0446187 0
-0.157496 0.0758214 0
-0.149704 0.0620837 0
-0.145213 0.0718238 0
-0.172747 0.027397 0
-0.160067 0.0253886 0
-0.157975 0.0359079 0
-0.162066 8.81399e-05 0
-0.161571 0.0126734 0
-0.17437 0.0136807 0
-0.188567 0.00869647 0
-0.175038 7.47944e-05 0
-0.174504 0.0136674 0
-0.161564 -0.0107531 0
-0.150079 -3.60844e-05 0
-0.161984 -3.60854e-05 0
-0.149568 0.0118531 0
-0.148197 0.0234325 0
-0.159957 0.0252949 0
-0.145872 0.0351048 0
-0.142707 0.0463272 0
-0.15403 0.0500062 0
-0.185858 0.0325859 0
-0.198485 0.0475722 0
-0.208215 0.0381721 0
-0.29892 0.0235926 0
-0.277009 0.0218681 0
-0.274673 0.0415992 0
-0.277876 -0.0018087 0
-0.299923 -8.42653e-05 0
-0.299007 -0.0233866 0
-0.256562 -0.0201248 0
-0.277657 -0.00187016 0
-0.276877 -0.0217237 0
-0.25735 6.68458e-05 0
-0.27688 0.0216448 0
-0.27766 -0.00165759 0
-0.254126 0.0401755 0
-0.274455 0.0416495 0
-0.256476 0.0203196 0
-0.299005 0.0234535 0
-0.29992 0.000151112 0
-0.277094 0.0217291 0
-0.154187 0.050064 0
-0.166397 0.0540313 0
-0.169035 0.044679 0
-0.149684 0.0619127 0
-0.154043 0.0500962 0
-0.14272 0.0464171 0
-0.149752 0.0619691 0
-0.162958 0.0632365 0
-0.154111 0.0501526 0
-0.149632 0.0619371 0
-0.142668 0.0464416 0
-0.138633 0.057381 0
-0.133706 0.0680754 0
-0.145097 0.0717825 0
-0.138587 0.0574863 0
-0.194547 0.102561 0
-0.201029 0.0901055 0
-0.181992 0.0926998 0
-0.174148 0.1066 0
-0.194456 0.102617 0
-0.181902 0.0927551 0
-0.188091 0.115207 0
-0.202983 0.124333 0
-0.194573 0.102751 0
-0.27706 0.114853 0
-0.256032 0.10801 0
-0.267297 0.136031 0
-0.214504 0.0513532 0
-0.235099 0.0372734 0
-0.218573 0.0284048 0
-0.194226 0.0629911 0
-0.2143 0.0515038 0
-0.198533 0.0477185 0
-0.227785 0.0688179 0
-0.231506 0.0556272 0
-0.214523 0.0515498 0
-0.236217 0.101335 0
-0.245432 0.0763546 0
-0.223026 0.0822786 0
-0.264784 0.0840554 0
-0.291549 0.0700634 0
-0.270178 0.0649327 0
-0.2916 0.0701563 0
-0.264835 0.0841483 0
-0.285269 0.0926011 0
-0.209797 0.0680895 0
-0.227712 0.0688597 0
-0.21445 0.0515916 0
-0.188685 0.0780357 0
-0.209599 0.0681589 0
-0.194177 0.0631482 0
-0.201244 0.0900471 0
-0.217955 0.0954857 0
-0.222817 0.0823048 0
-0.23747 0.0188193 0
-0.235294 0.0372039 0
-0.253931 0.0401557 0
-0.238215 0.000129554 0
-0.237488 0.0186282 0
-0.256299 0.0201087 0
-0.238035 4.71618e-05 0
-0.220569 4.71618e-05 0
-0.219588 0.0140545 0
-0.209685 0.0680701 0
-0.214338 0.0515721 0
-0.194263 0.0630594 0
-0.222879 0.082143 0
-0.227741 0.0689622 0
-0.209825 0.068192 0
-0.236125 0.101399 0
-0.222934 0.0823429 0
-0.218072 0.0955238 0
-0.245404 0.0762461 0
-0.22786 0.0689892 0
-0.222998 0.0821701 0
-0.227904 0.0688464 0
-0.249973 0.0600606 0
-0.231625 0.0556557 0
-0.218484 0.0284079 0
-0.208378 0.0381708 0
-0.214414 0.0513562 0
-0.237352 0.0187795 0
-0.21865 0.0282955 0
-0.235176 0.0371641 0
-0.20322 0.0122466 0
-0.188706 0.00876117 0
-0.187756 0.020842 0
-0.218481 0.0282378 0
-0.219463 0.0142304 0
-0.202618 0.0244373 0
-0.204081 6.97929e-05 0
-0.188761 0.00869147 0
-0.203275 0.0121769 0
-0.183816 0.0441811 0
-0.179828 0.0583215 0
-0.198383 0.0476784 0
-0.185691 0.0325382 0
-0.172919 0.0274481 0
-0.18375 0.0440272 0
-0.203266 0.0122991 0
-0.187802 0.0208945 0
-0.202461 0.0244063 0
-0.18861 0.00876618 0
-0.174546 0.0137371 0
-0.18766 0.020847 0
-0.174949 4.57652e-05 0
-0.162111 4.57652e-05 0
-0.174415 0.0136383 0
-0.188495 -0.00301067 0
-0.175085 1.88278e-05 0
-0.188614 0.0086405 0
-0.173956 -0.0175464 0
-0.161687 -0.0108119 0
-0.174946 -9.48447e-05 0
-0.172777 0.0274613 0
-0.158005 0.0359722 0
-0.169069 0.044543 0
-0.161565 0.0127579 0
-0.160084 0.0252656 0
-0.174363 0.0137652 0
-0.161481 0.0127514 0
-0.149613 0.0118173 0
-0.160001 0.0252591 0
-0.166462 0.0541212 0
-0.163099 0.0632379 0
-0.179652 0.0584068 0
-0.145923 0.0350702 0
-0.154081 0.0499716 0
-0.157865 0.0360158 0
-0.22279 0.0822135 0
-0.209736 0.0682625 0
-0.201216 0.0899558 0
-0.179863 0.0583847 0
-0.19411 0.0630141 0
-0.198418 0.0477416 0
-0.179764 0.0585171 0
-0.174679 0.072301 0
-0.18852 0.078034 0
-0.231531 0.0555216 0
-0.235143 0.0373644 0
-0.214547 0.0514442 0
-0.245494 0.0761721 0
-0.250019 0.0601295 0
-0.227951 0.0689153 0
-0.249998 0.0599551 0
-0.235262 0.037393 0
-0.23165 0.0555502 0
-0.250073 0.0599039 0
-0.253973 0.0402935 0
-0.235337 0.0373418 0
-0.26463 0.0840762 0
-0.270024 0.0649534 0
-0.245684 0.076239 0
-0.270004 0.064753 0
-0.25409 0.0403855 0
-0.250189 0.0599958 0
-0.298984 0.0236763 0
-0.274738 0.041683 0
-0.296243 0.046835 0
-0.276867 0.021857 0
-0.256552 0.0202581 0
-0.274531 0.041588 0
-0.256352 0.0202428 0
-0.237541 0.0187624 0
-0.254002 0.0400987 0
-0.174169 0.106675 0
-0.187994 0.115148 0
-0.194477 0.102692 0
-0.274641 0.0418207 0
-0.270226 0.0647142 0
-0.296147 0.0469727 0
-0.139017 0.0829455 0
-0.13365 0.0681825 0
-0.127952 0.078356 0
-0.145218 0.0719105 0
-0.151127 0.0879154 0
-0.157501 0.0759081 0
-0.138641 0.057466 0
-0.14515 0.0717622 0
-0.14964 0.0620221 0
-0.139133 0.0829901 0
-0.151065 0.0879392 0
-0.145156 0.0719343 0
-0.131098 0.0951395 0
-0.139009 0.0830359 0
-0.127944 0.0784464 0
-0.131147 0.0952536 0
-0.141534 0.1028 0
-0.140273 0.0927893 0
-0.250217 0.0929033 0
-0.264564 0.0841699 0
-0.245617 0.0763328 0
-0.236308 0.101371 0
-0.250122 0.092961 0
-0.245523 0.0763905 0
-0.236342 0.101476 0
-0.255839 0.107821 0
-0.250157 0.0930665 0
-0.212275 0.108108 0
-0.229087 0.116674 0
-0.218013 0.095661 0
-0.255934 0.107764 0
-0.264598 0.0842754 0
-0.250252 0.0930088 0
-0.229266 0.116754 0
-0.247422 0.126005 0
-0.236244 0.101616 0
-0.27712 0.114708 0
-0.285192 0.0928294 0
-0.256092 0.107865 0
-0.256051 0.107763 0
-0.28515 0.0927273 0
-0.264716 0.0842745 0
-0.131039 0.0951567 0
-0.127885 0.0784636 0
-0.121407 0.0881587 0
-0.212181 0.108019 0
-0.217919 0.095572 0
-0.201208 0.0901334 0
-0.203146 0.124415 0
-0.219235 0.134274 0
-0.212192 0.108263 0
-0.193345 0.169368 0
-0.207981 0.151224 0
-0.189739 0.143908 0
-0.219322 0.134249 0
-0.229092 0.116803 0
-0.212279 0.108237 0
-0.225633 0.16171 0
-0.219297 0.134542 0
-0.208188 0.151167 0
-0.225729 0.16169 0
-0.236767 0.14517 0
-0.219392 0.134522 0
-0.247552 0.126215 0
-0.237 0.145057 0
-0.267135 0.136193 0
-0.255933 0.108047 0
-0.247615 0.126091 0
-0.267198 0.136069 0
-0.229209 0.116863 0
-0.21944 0.134309 0
-0.247366 0.126115 0
-0.141676 0.102873 0
-0.152896 0.111024 0
-0.161058 0.0988083 0
-0.113631 0.169334 0
-0.0988051 0.161235 0
-0.0992899 0.178122 0
-0.128514 0.168343 0
-0.113815 0.16937 0
-0.124403 0.181779 0
-0.1431 0.167728 0
-0.128612 0.168337 0
-0.124501 0.181773 0
-0.132491 0.155262 0
-0.111223 0.152965 0
-0.128532 0.168199 0
-0.111024 0.152896 0
-0.102873 0.141676 0
-0.0988083 0.161058 0
-0.12847 0.168246 0
-0.11116 0.153012 0
-0.11377 0.169273 0
-0.132523 0.155135 0
-0.129129 0.137886 0
-0.120192 0.145362 0
-0.111061 0.152988 0
-0.0988446 0.161151 0
-0.113671 0.169249 0
-0.120032 0.145367 0
-0.102944 0.141624 0
-0.111096 0.152843 0
-0.120861 0.126464 0
-0.113725 0.13306 0
-0.129068 0.137749 0
-0.120775 0.126362 0
-0.113177 0.115915 0
-0.103833 0.124353 0
-0.0926991 0.140331 0
-0.0830598 0.139117 0
-0.0880088 0.151049 0
-0.0952536 0.131147 0
-0.0927893 0.140273 0
-0.1028 0.141534 0
-0.0951874 0.131139 0
-0.0830838 0.13905 0
-0.0927232 0.140265 0
-0.103713 0.124454 0
-0.0952902 0.131094 0
-0.102836 0.141481 0
-0.120776 0.126419 0
-0.103834 0.12441 0
-0.113641 0.133016 0
-0.113099 0.115874 0
-0.0974908 0.114101 0
-0.103755 0.124312 0
-0.0881587 0.121407 0
-0.0784636 0.127885 0
-0.0951567 0.131039 0
-0.0795128 0.155989 0
-0.0803021 0.170884 0
-0.0986275 0.161166 0
-0.208157 0.151325 0
-0.210103 0.181529 0
-0.225602 0.161868 0
-0.208049 0.151351 0
-0.193413 0.169495 0
-0.209995 0.181554 0
-0.177782 0.158349 0
-0.168478 0.168412 0
-0.18182 0.181755 0
-0.188527 0.0781483 0
-0.174686 0.0724152 0
-0.181884 0.092559 0
-0.169178 0.0446736 0
-0.17973 0.0583115 0
-0.183718 0.0441711 0
-0.188615 0.0782074 0
-0.181972 0.0926181 0
-0.201009 0.0900238 0
-0.209622 0.0682488 0
-0.188708 0.0781256 0
-0.201102 0.089942 0
-0.194077 0.0631157 0
-0.17983 0.0584863 0
-0.188585 0.0780032 0
-0.163126 0.0632987 0
-0.174594 0.0722516 0
-0.179679 0.0584677 0
-0.168321 0.0858558 0
-0.151216 0.0880382 0
-0.161142 0.0986746 0
-0.163052 0.063357 0
-0.157639 0.0758273 0
-0.17452 0.0723098 0
-0.162969 0.0633226 0
-0.149763 0.0620552 0
-0.157556 0.0757929 0
-0.154167 0.0501262 0
-0.163013 0.0632101 0
-0.166377 0.0540935 0
-0.157579 0.0759546 0
-0.151204 0.0879619 0
-0.168309 0.0857796 0
-0.133707 0.0681608 0
-0.139075 0.0829237 0
-0.145098 0.0718679 0
-0.165044 0.120039 0
-0.143828 0.122771 0
-0.15522 0.1325 0
-0.14034 0.0927652 0
-0.141601 0.102776 0
-0.151057 0.088075 0
-0.139117 0.0830598 0
-0.140331 0.0926991 0
-0.151049 0.0880088 0
-0.13905 0.0830838 0
-0.131139 0.0951874 0
-0.140265 0.0927231 0
-0.131027 0.0952412 0
-0.121395 0.0882433 0
-0.124387 0.103664 0
-0.11412 0.0974075 0
-0.12433 0.103671 0
-0.121338 0.0882505 0
-0.174508 0.134639 0
-0.163528 0.147786 0
-0.177741 0.158122 0
-0.128156 0.118576 0
-0.120909 0.126415 0
-0.129116 0.1377 0
-0.124425 0.103816 0
-0.128189 0.11841 0
-0.135435 0.110571 0
-0.12435 0.103834 0
-0.11327 0.11582 0
-0.128114 0.118428 0
-0.112229 0.189069 0
-0.113676 0.169427 0
-0.0993349 0.178215 0
-0.153228 0.157684 0
-0.144337 0.144427 0
-0.132684 0.155198 0
-0.15817 0.177699 0
-0.15331 0.157837 0
-0.143295 0.16768 0
-0.163346 0.147817 0
-0.144439 0.144402 0
-0.153331 0.157659 0
-0.120041 0.145301 0
-0.113635 0.133136 0
-0.102952 0.141557 0
-0.132463 0.155186 0
-0.120132 0.145412 0
-0.111195 0.152889 0
-0.129066 0.137812 0
-0.113723 0.133124 0
-0.120129 0.145288 0
-0.1355 0.110634 0
-0.128253 0.118473 0
-0.143639 0.122692 0
-0.152818 0.11113 0
-0.135582 0.11061 0
-0.143722 0.122668 0
-0.141518 0.102859 0
-0.131131 0.095313 0
-0.135502 0.110491 0
-0.103671 0.12433 0
-0.0974075 0.11412 0
-0.0882505 0.121338 0
-0.124434 0.103739 0
-0.135445 0.110493 0
-0.131074 0.0953159 0
-0.113223 0.11575 0
-0.124303 0.103764 0
-0.114092 0.0974997 0
-0.113258 0.115896 0
-0.120856 0.126342 0
-0.128103 0.118503 0
-0.203064 0.124309 0
-0.21211 0.108157 0
-0.194654 0.102727 0
-0.208014 0.151074 0
-0.203034 0.12459 0
-0.189772 0.143758 0
-0.208113 0.151043 0
-0.219221 0.134418 0
-0.203133 0.124559 0
-0.23684 0.145051 0
-0.247392 0.126209 0
-0.219465 0.134403 0
-0.255629 0.156728 0
-0.236889 0.145244 0
-0.22585 0.161765 0
-0.255767 0.156642 0
-0.267162 0.136296 0
-0.237028 0.145159 0
-0.236146 0.101514 0
-0.218093 0.0956389 0
-0.229167 0.116652 0
-0.114031 0.0975075 0
-0.106116 0.10607 0
-0.113162 0.115757 0
-0.25583 0.107932 0
-0.236333 0.101587 0
-0.247512 0.125975 0
-0.177891 0.158225 0
-0.193244 0.169392 0
-0.189638 0.143932 0
-0.174596 0.134625 0
-0.177828 0.158109 0
-0.189576 0.143815 0
-0.181759 0.181903 0
-0.158352 0.177865 0
-0.169519 0.193218 0
-0.242692 0.176222 0
-0.255648 0.156832 0
-0.22587 0.161868 0
-0.17772 0.158235 0
-0.163508 0.147899 0
-0.168416 0.168299 0
-0.228162 0.194663 0
-0.2426 0.176349 0
-0.225778 0.161995 0
-0.106061 0.106125 0
-0.0974986 0.11404 0
-0.113107 0.115813 0
-0.0952412 0.131027 0
-0.103664 0.124387 0
-0.0882433 0.121395 0
-0.06336 0.162975 0
-0.0793593 0.155935 0
-0.0696692 0.153124 0
-0.0584068 0.179652 0
-0.0632379 0.163099 0
-0.0541213 0.166462 0
-0.0378121 0.157639 0
-0.0274674 0.172776 0
-0.0445492 0.169068 0
-0.0558931 0.196118 0
-0.0700564 0.191515 0
-0.0584356 0.179846 0
-0.0584576 0.179682 0
-0.0692675 0.175333 0
-0.0632887 0.163129 0
-0.147116 0.186492 0
-0.158149 0.177795 0
-0.143275 0.167776 0
-0.124563 0.181834 0
-0.147003 0.186506 0
-0.143162 0.167789 0
-0.136025 0.195389 0
-0.148348 0.209831 0
-0.147059 0.186692 0
-0.116863 0.229209 0
-0.126115 0.247366 0
-0.134309 0.21944 0
-0.124444 0.203203 0
-0.116858 0.229061 0
-0.134303 0.219291 0
-0.101616 0.236244 0
-0.126005 0.247422 0
-0.116753 0.229265 0
-0.181903 0.181759 0
-0.193218 0.169519 0
-0.177865 0.158352 0
-0.196295 0.196375 0
-0.181886 0.181965 0
-0.169646 0.19328 0
-0.196375 0.196295 0
-0.19328 0.169646 0
-0.181965 0.181886 0
-0.134477 0.21934 0
-0.145125 0.236715 0
-0.148337 0.210079 0
-0.176358 0.242593 0
-0.194672 0.228156 0
-0.164795 0.223744 0
-0.129193 0.137688 0
-0.143618 0.122783 0
-0.128232 0.118564 0
-0.103774 0.124461 0
-0.102898 0.141487 0
-0.113581 0.133066 0
-0.132603 0.155132 0
-0.144256 0.14436 0
-0.129209 0.137882 0
-0.124508 0.20309 0
-0.134367 0.219179 0
-0.135903 0.195475 0
-0.124463 0.181982 0
-0.124475 0.202965 0
-0.13587 0.19535 0
-0.0956389 0.218093 0
-0.101514 0.236146 0
-0.116652 0.229167 0
-0.168468 0.0857833 0
-0.181816 0.0925846 0
-0.174619 0.0724409 0
-0.157657 0.0759024 0
-0.168387 0.0857273 0
-0.174538 0.0723849 0
-0.161244 0.0986901 0
-0.181771 0.0926727 0
-0.168423 0.0858714 0
-0.14167 0.102796 0
-0.161052 0.0987314 0
-0.151127 0.088095 0
-0.152975 0.111081 0
-0.165094 0.119887 0
-0.161137 0.0988654 0
-0.135575 0.110543 0
-0.15281 0.111064 0
-0.141591 0.102912 0
-0.155323 0.13254 0
-0.174439 0.134461 0
-0.165147 0.120078 0
-0.188782 0.129304 0
-0.174633 0.134529 0
-0.189612 0.143718 0
-0.20113 0.090157 0
-0.194648 0.102613 0
-0.212103 0.108042 0
-0.174071 0.106733 0
-0.165255 0.119927 0
-0.187896 0.115205 0
-0.161263 0.0987596 0
-0.174037 0.106587 0
-0.18179 0.0927422 0
-0.165256 0.12002 0
-0.174548 0.134403 0
-0.187898 0.115298 0
-0.161207 0.0988507 0
-0.165165 0.119872 0
-0.173981 0.106678 0
-0.152916 0.111161 0
-0.143821 0.122699 0
-0.165036 0.119967 0
-0.129247 0.137774 0
-0.144293 0.144252 0
-0.143672 0.122869 0
-0.163453 0.1477 0
-0.174433 0.134553 0
-0.155317 0.132632 0
-0.188871 0.129175 0
-0.202964 0.124422 0
-0.188072 0.115296 0
-0.174627 0.134434 0
-0.188776 0.129209 0
-0.187977 0.115329 0
-0.189707 0.143685 0
-0.20297 0.124517 0
-0.188877 0.129271 0
-0.087933 0.151119 0
-0.0736261 0.144427 0
-0.0794547 0.155867 0
-0.073638 0.144371 0
-0.0879449 0.151062 0
-0.0829958 0.139131 0
-0.21017 0.181674 0
-0.228054 0.194681 0
-0.225669 0.162013 0
-0.169646 0.193374 0
-0.181705 0.209956 0
-0.196295 0.196469 0
-0.212178 0.211973 0
-0.228008 0.194848 0
-0.210124 0.181842 0
-0.169403 0.193234 0
-0.158236 0.17788 0
-0.147203 0.186578 0
-0.19469 0.228047 0
-0.181683 0.210163 0
-0.164813 0.223635 0
-0.181755 0.18182 0
-0.168412 0.168478 0
-0.158349 0.177782 0
-0.196531 0.196437 0
-0.212073 0.211978 0
-0.210019 0.181847 0
-0.193374 0.169646 0
-0.196469 0.196295 0
-0.209956 0.181705 0
-0.181847 0.210019 0
-0.211978 0.212073 0
-0.196437 0.196531 0
-0.164728 0.223519 0
-0.181599 0.210047 0
-0.16954 0.193465 0
-0.194848 0.228008 0
-0.211973 0.212178 0
-0.181842 0.210124 0
-0.112313 0.189082 0
-0.124348 0.181849 0
-0.11376 0.169439 0
-0.100148 0.196393 0
-0.112184 0.18916 0
-0.0992895 0.178306 0
-0.100178 0.196506 0
-0.108107 0.212069 0
-0.112213 0.189273 0
-0.16937 0.193341 0
-0.14717 0.186685 0
-0.14846 0.209825 0
-0.164617 0.223518 0
-0.169429 0.193465 0
-0.148519 0.209948 0
-0.168317 0.168397 0
-0.153394 0.15784 0
-0.158254 0.177701 0
-0.100057 0.196381 0
-0.0991985 0.178293 0
-0.0850531 0.185457 0
-0.0955264 0.217876 0
-0.100043 0.196574 0
-0.0844761 0.20375 0
-0.108189 0.212091 0
-0.124341 0.203046 0
-0.112294 0.189295 0
-0.146979 0.186598 0
-0.124539 0.181927 0
-0.135945 0.195295 0
-0.143127 0.16764 0
-0.132598 0.155311 0
-0.128639 0.168248 0
-0.163426 0.147897 0
-0.153411 0.15774 0
-0.168335 0.168297 0
-0.14438 0.144235 0
-0.155151 0.132582 0
-0.143759 0.122852 0
-0.14321 0.167604 0
-0.153225 0.157762 0
-0.13268 0.155276 0
-0.163352 0.147733 0
-0.155217 0.132665 0
-0.144446 0.144318 0
-0.0735716 0.144313 0
-0.0829294 0.139072 0
-0.0681665 0.133705 0
-0.134447 0.219202 0
-0.148306 0.20994 0
-0.135983 0.195498 0
-0.108204 0.212224 0
-0.11677 0.229037 0
-0.124356 0.203179 0
-0.124384 0.181961 0
-0.112349 0.189194 0
-0.124396 0.202945 0
-0.095661 0.218013 0
-0.116674 0.229087 0
-0.108107 0.212274 0
-0.126215 0.247551 0
-0.136193 0.267135 0
-0.145057 0.237 0
-0.145319 0.236839 0
-0.176193 0.242622 0
-0.164629 0.223773 0
-0.0601771 0.150281 0
-0.0573751 0.138635 0
-0.0464356 0.142671 0
-0.0830359 0.139009 0
-0.0951395 0.131098 0
-0.0784464 0.127944 0
-0.0681825 0.13365 0
-0.0829455 0.139017 0
-0.078356 0.127952 0
-0.088075 0.151057 0
-0.102776 0.141601 0
-0.0927652 0.14034 0
-0.0986534 0.1611 0
-0.088017 0.151175 0
-0.0795387 0.155923 0
-0.0987314 0.161052 0
-0.102796 0.14167 0
-0.088095 0.151127 0
-0.0680811 0.133703 0
-0.057492 0.138585 0
-0.0734863 0.144311 0
-0.0500903 0.154045 0
-0.0601527 0.150333 0
-0.0464112 0.142722 0
-0.125975 0.247511 0
-0.101587 0.236333 0
-0.107932 0.25583 0
-0.156642 0.255767 0
-0.145159 0.237028 0
-0.136296 0.267162 0
-0.145226 0.236729 0
-0.164536 0.223664 0
-0.148437 0.210093 0
-0.126209 0.247391 0
-0.145051 0.23684 0
-0.134403 0.219465 0
-0.156776 0.255685 0
-0.176166 0.242729 0
-0.145292 0.236946 0
-0.0692904 0.175428 0
-0.0584805 0.179777 0
-0.0701013 0.191445 0
-0.0848534 0.185431 0
-0.0693789 0.175447 0
-0.0701898 0.191464 0
-0.0801501 0.170955 0
-0.0633615 0.163099 0
-0.0693403 0.175304 0
-0.0602091 0.150401 0
-0.0501467 0.154113 0
-0.0632306 0.16296 0
-0.037767 0.157479 0
-0.0349877 0.145902 0
-0.0235515 0.148177 0
-0.0632101 0.163013 0
-0.0501262 0.154167 0
-0.0540935 0.166377 0
-0.0696052 0.153105 0
-0.0602744 0.150397 0
-0.0632959 0.162956 0
-0.0735649 0.144434 0
-0.0697035 0.153061 0
-0.0793936 0.155873 0
-0.0735009 0.144415 0
-0.0603087 0.150335 0
-0.0696394 0.153043 0
-0.07346 0.144367 0
-0.0574658 0.13864 0
-0.0602678 0.150287 0
-0.0377347 0.157526 0
-0.0235193 0.148224 0
-0.0253818 0.159983 0
-0.126091 0.247615 0
-0.108047 0.255933 0
-0.136069 0.267198 0
-0.0861646 0.231477 0
-0.101412 0.236154 0
-0.0955366 0.218101 0
-0.0859642 0.264317 0
-0.0927559 0.285219 0
-0.114635 0.277148 0
-0.093832 0.25002 0
-0.0859448 0.264128 0
-0.107772 0.255931 0
-0.101479 0.236341 0
-0.0938841 0.249927 0
-0.107824 0.255838 0
-0.101406 0.23626 0
-0.0861588 0.231584 0
-0.0938114 0.249845 0
-0.0762446 0.245682 0
-0.064959 0.270022 0
-0.0857428 0.264161 0
-0.0463272 0.142707 0
-0.0351048 0.145872 0
-0.0500062 0.15403 0
-0.0540591 0.166482 0
-0.0447068 0.169121 0
-0.0583446 0.179672 0
-0.0127579 0.161565 0
-0.0137652 0.174363 0
-0.0252656 0.160084 0
-0.0118173 0.149613 0
-0.0127514 0.161481 0
-0.0252591 0.160001 0
0.00181909 0.161994 0
-0.00393196 0.174753 0
-0.0126344 0.161572 0
-0.0442084 0.183808 0
-0.0558064 0.196092 0
-0.0583488 0.17982 0
-0.0446736 0.169178 0
-0.0441711 0.183718 0
-0.0583115 0.17973 0
-0.0296475 0.186711 0
-0.0393 0.200055 0
-0.0440572 0.183845 0
-0.0253145 0.160122 0
-0.0138141 0.174401 0
-0.0273228 0.172802 0
-0.0245254 0.202447 0
-0.0392344 0.200117 0
-0.029582 0.186773 0
-0.0141168 0.219644 0
-0.000109449 0.238091 0
-0.0186081 0.237365 0
-0.0147709 0.188471 0
-9.01957e-05 0.189049 0
-0.0121973 0.203224 0
0.0142419 0.219573 0
0.0282493 0.218593 0
0.0278811 0.235831 0
4.71618e-05 0.204242 0
0.0140545 0.219474 0
4.71618e-05 0.220455 0
0.0122766 0.203373 0
0.0243837 0.202567 0
0.0141768 0.219411 0
-0.0407396 0.216495 0
-0.0620424 0.211381 0
-0.0558071 0.196307 0
-0.0324469 0.235673 0
-0.0405488 0.216651 0
-0.0283526 0.218582 0
-0.0325379 0.235716 0
-0.0554694 0.23154 0
-0.0406398 0.216694 0
-0.0767759 0.215492 0
-0.0842871 0.203792 0
-0.0622582 0.211402 0
-0.0859936 0.231441 0
-0.0768042 0.215639 0
-0.0690039 0.227789 0
-0.0860823 0.231408 0
-0.0954543 0.218032 0
-0.0768929 0.215606 0
-0.0393876 0.200086 0
-0.0557427 0.19616 0
-0.0441448 0.183876 0
-0.040559 0.216478 0
-0.0392713 0.200217 0
-0.0245622 0.202546 0
-0.0406636 0.216457 0
-0.0557311 0.196269 0
-0.0393759 0.200196 0
-0.107842 0.256022 0
-0.0860148 0.264219 0
-0.114685 0.27705 0
-0.136031 0.267297 0
-0.10801 0.256032 0
-0.114853 0.27706 0
-0.0937265 0.249985 0
-0.0763411 0.245615 0
-0.0858394 0.264093 0
0.0141006 0.219586 0
0.0137881 0.237495 0
9.32725e-05 0.220566 0
0.013741 0.237679 0
4.61096e-05 0.257086 0
4.61096e-05 0.238217 0
0.0514601 0.214544 0
0.0555375 0.231528 0
0.0420952 0.234201 0
0.045095 0.274123 0
0.0468407 0.296168 0
0.0219576 0.276998 0
-0.0601159 0.25016 0
-0.064873 0.269975 0
-0.0761586 0.245635 0
-0.0555684 0.231459 0
-0.0620416 0.211499 0
-0.0407388 0.216613 0
-8.16042e-05 0.150037 0
-0.0126669 0.161448 0
-0.0117328 0.149579 0
0.0217179 0.276878 0
0.000139922 0.277725 0
0.020119 0.256563 0
-0.0415992 0.274673 0
-0.0218681 0.277009 0
-0.0235926 0.29892 0
-0.0416437 0.274525 0
-0.0368669 0.254586 0
-0.0219127 0.27686 0
-0.0699393 0.291654 0
-0.0648086 0.270283 0
-0.0470671 0.296204 0
-0.0367839 0.254525 0
-0.0169076 0.256616 0
-0.0218297 0.2768 0
-0.0599076 0.250205 0
-0.0369944 0.254496 0
-0.0417712 0.274435 0
-0.0556627 0.231496 0
-0.0688534 0.227775 0
-0.062136 0.211536 0
-0.036918 0.254342 0
-0.046347 0.242809 0
-0.0324949 0.23588 0
-0.0600606 0.249973 0
-0.0688464 0.227904 0
-0.0556557 0.231625 0
-0.0647579 0.270072 0
-0.0600008 0.250257 0
-0.0418644 0.274487 0
-0.0469727 0.296147 0
-0.0647142 0.270226 0
-0.0418207 0.274641 0
-0.0701619 0.291598 0
-0.0926067 0.285268 0
-0.0858149 0.264365 0
-0.0768873 0.215514 0
-0.0954487 0.217939 0
-0.0843984 0.203814 0
-0.0762589 0.245432 0
-0.0859918 0.231541 0
-0.069002 0.227889 0
-0.0763419 0.245506 0
-0.0937273 0.249876 0
-0.0860747 0.231615 0
-0.070069 0.291547 0
-0.0857221 0.264315 0
-0.0649383 0.270176 0
-0.0378877 0.157576 0
-0.0446248 0.169005 0
-0.0500098 0.154157 0
-0.0350763 0.145922 0
-0.0378557 0.157499 0
-0.0499778 0.15408 0
-0.0253948 0.160066 0
-0.0274032 0.172746 0
-0.0377478 0.157608 0
-0.0118531 0.149568 0
-0.0252949 0.159957 0
-0.0234325 0.148197 0
0.0140953 0.219417 0
8.79266e-05 0.204184 0
0.0121951 0.203378 0
-0.0405222 0.21654 0
-0.0245255 0.202608 0
-0.028326 0.218471 0
0.00899709 0.181299 0
0.00538589 0.17142 0
0.017558 0.174009 0
-0.00398401 0.174794 0
-0.0136938 0.174413 0
-0.0126865 0.161614 0
0.0208429 0.187732 0
0.0122475 0.203196 0
0.00903103 0.181451 0
-4.71639e-05 0.204242 0
-4.71639e-05 0.220455 0
-0.0140545 0.219474 0
-0.0039453 0.174932 0
-6.25043e-05 0.188954 0
-0.0147432 0.188377 0
0.0142304 0.219462 0
0.0244373 0.202618 0
0.0282378 0.218481 0
4.07637e-05 0.189101 0
0.0121479 0.203277 0
4.07637e-05 0.204083 0
0.0208945 0.187802 0
0.0244063 0.202461 0
0.0122991 0.203267 0
-0.0148671 0.188321 0
-0.0272878 0.172897 0
-0.013779 0.174496 0
-0.0761721 0.245494 0
-0.0689153 0.227951 0
-0.0601295 0.250019 0
-0.0849868 0.185372 0
-0.0991323 0.178208 0
-0.0803221 0.171039 0
-0.0843409 0.203626 0
-0.0849036 0.185526 0
-0.0702401 0.191559 0
-0.0844408 0.203642 0
-0.100008 0.196466 0
-0.0850035 0.185542 0
-0.062236 0.211322 0
-0.0842649 0.203712 0
-0.070164 0.191645 0
-0.0956055 0.217904 0
-0.108052 0.212165 0
-0.100122 0.196602 0
-0.0465014 0.242781 0
-0.0599856 0.250023 0
-0.0555808 0.231675 0
-0.0325572 0.235803 0
-0.0464093 0.242733 0
-0.0554887 0.231628 0
-0.0370101 0.25439 0
-0.0599233 0.250099 0
-0.0464391 0.242857 0
-3.60843e-05 0.150078 0
0.00183216 0.161911 0
-0.0126214 0.161489 0
4.55199e-05 0.150038 0
0.0116967 0.149581 0
0.00191376 0.161871 0
-0.0236763 0.298984 0
-0.046835 0.296243 0
-0.041683 0.274738 0
-0.000151112 0.29992 0
-0.0234535 0.299005 0
-0.0217291 0.277094 0
0.0234418 0.148237 0
0.0253043 0.159996 0
0.0146534 0.161257 0
0.0218684 0.276865 0
0.0202696 0.25655 0
0.0450059 0.27399 0
0.000151112 0.29992 0
0.0217291 0.277094 0
0.0234535 0.299005 0
-0.000128734 0.277726 0
-0.0217067 0.276878 0
-0.0167846 0.256694 0
7.2653e-05 0.299849 0
7.2652e-05 0.27787 0
0.0216506 0.277023 0
-7.2653e-05 0.299849 0
-0.0216506 0.277023 0
-7.2654e-05 0.27787 0
0.0209905 0.187642 0
0.0273893 0.17293 0
0.0380214 0.184945 0
-0.01874 0.237543 0
-0.0168973 0.256484 0
-0.0367735 0.254394 0
-0.0282795 0.218652 0
-0.0187634 0.237354 0
-0.0323738 0.235742 0
-0.000118367 0.238214 0
-0.0167743 0.25643 0
-0.018617 0.237488 0
6.72687e-05 0.277659 0
6.72687e-05 0.257281 0
0.0200464 0.256497 0
-5.60814e-05 0.27766 0
-0.016712 0.256628 0
-5.60814e-05 0.257282 0
0.0382039 0.184906 0
0.0446534 0.169182 0
0.0582916 0.179735 0
0.0176712 0.174035 0
0.0273211 0.172893 0
0.0209222 0.187605 0
0.017686 0.173943 0
0.0253275 0.16012 0
0.0273358 0.172801 0
0.0633834 0.16304 0
0.0758537 0.157627 0
0.080172 0.170896 0
0.0500903 0.154045 0
0.0464112 0.142722 0
0.0601527 0.150333 0
0.0632306 0.16296 0
0.0501468 0.154113 0
0.0602091 0.150401 0
0.0500159 0.154156 0
0.0446307 0.169003 0
0.0396932 0.157067 0
0.0464356 0.142671 0
0.0573751 0.138635 0
0.0601771 0.150281 0
0.0218855 0.277082 0
0.0467686 0.296251 0
0.0236099 0.298992 0
0.0556802 0.231684 0
0.076128 0.245507 0
0.060085 0.250032 0
0.0421238 0.23432 0
0.0555661 0.231647 0
0.0599709 0.249994 0
0.0202846 0.256345 0
0.027952 0.23607 0
0.0434024 0.253345 0
0.0284207 0.21857 0
0.0513691 0.214501 0
0.0420042 0.234157 0
0.0739981 0.207442 0
0.0631908 0.194161 0
0.0848455 0.185547 0
0.0381708 0.208378 0
0.0513562 0.214414 0
0.0284079 0.218484 0
0.0477185 0.198533 0
0.0629914 0.194227 0
0.0515038 0.2143 0
0.0698737 0.291667 0
0.0470015 0.296217 0
0.0452558 0.274172 0
0.0601159 0.25016 0
0.0761588 0.245636 0
0.064873 0.269975 0
0.07346 0.144367 0
0.0602678 0.150287 0
0.0574658 0.13864 0
0.0735716 0.144313 0
0.0681665 0.133705 0
0.0829294 0.139072 0
0.0879449 0.151062 0
0.073638 0.144371 0
0.0829958 0.139131 0
0.0758212 0.157496 0
0.0603294 0.15035 0
0.0735216 0.14443 0
0.027853 0.236018 0
0.0201856 0.256292 0
0.0139013 0.237669 0
0.0599307 0.250067 0
0.0435822 0.253318 0
0.0420836 0.234393 0
0.0840763 0.264631 0
0.0649534 0.270024 0
0.0762392 0.245684 0
0.0647639 0.270001 0
0.0436583 0.253438 0
0.0600068 0.250187 0
0.0450783 0.273911 0
0.0203421 0.256472 0
0.0434598 0.253472 0
0.0934266 0.16408 0
0.0880805 0.151191 0
0.103759 0.157748 0
0.0632101 0.163013 0
0.0540936 0.166377 0
0.0501262 0.154167 0
0.0734863 0.144311 0
0.057492 0.138585 0
0.0680811 0.133703 0
0.0842693 0.264718 0
0.10619 0.256775 0
0.092722 0.285153 0
0.0701563 0.2916 0
0.0841484 0.264835 0
0.0926011 0.285269 0
0.0985854 0.237641 0
0.116743 0.22927 0
0.125995 0.247427 0
0.0842884 0.264559 0
0.0984107 0.237789 0
0.106209 0.256616 0
0.0644887 0.219545 0
0.0556127 0.231479 0
0.0515352 0.214495 0
0.0647143 0.270081 0
0.0452272 0.273957 0
0.0436087 0.253518 0
0.0700634 0.291549 0
0.0649327 0.270178 0
0.0840556 0.264785 0
0.0699334 0.29158 0
0.0453156 0.274085 0
0.0648027 0.270209 0
0.0849674 0.185325 0
0.0803026 0.170992 0
0.0933378 0.164238 0
0.124313 0.203079 0
0.10816 0.212124 0
0.103925 0.199147 0
0.0713587 0.182471 0
0.0584649 0.179706 0
0.0632958 0.163153 0
0.0631822 0.194077 0
0.0714465 0.182593 0
0.0848369 0.185464 0
0.0630937 0.194058 0
0.0584642 0.17981 0
0.071358 0.182574 0
0.0738865 0.207539 0
0.0515916 0.21433 0
0.0630792 0.194257 0
0.0954582 0.217904 0
0.0741233 0.207574 0
0.0900197 0.201193 0
0.0780687 0.224911 0
0.0761883 0.245423 0
0.0557405 0.2316 0
0.0954186 0.217983 0
0.0781943 0.224739 0
0.0740836 0.207653 0
0.0955 0.218083 0
0.0983548 0.237528 0
0.0782758 0.224839 0
0.0462924 0.142717 0
0.0396488 0.156951 0
0.03507 0.145882 0
0.058407 0.179653 0
0.0541214 0.166463 0
0.0632379 0.163099 0
0.0381465 0.185099 0
0.0475909 0.198482 0
0.0381908 0.208213 0
0.04455 0.169159 0
0.0381005 0.184883 0
0.0274684 0.172868 0
0.0336402 0.16483 0
0.044535 0.169092 0
0.0274534 0.1728 0
0.0540592 0.166483 0
0.0583448 0.179673 0
0.0447066 0.16912 0
0.0583017 0.179833 0
0.0476584 0.198387 0
0.038214 0.185004 0
0.115238 0.18794 0
0.106765 0.174115 0
0.12949 0.178417 0
0.139898 0.19266 0
0.124505 0.202945 0
0.129632 0.178529 0
0.143596 0.178155 0
0.139962 0.192576 0
0.129696 0.178446 0
0.134309 0.21944 0
0.126115 0.247366 0
0.116863 0.229209 0
0.124444 0.203203 0
0.134303 0.219291 0
0.116858 0.229061 0
0.151212 0.20824 0
0.164546 0.223657 0
0.145235 0.236723 0
0.0956287 0.218098 0
0.116641 0.229171 0
0.0984836 0.237542 0
0.099781 0.186797 0
0.103782 0.199055 0
0.0901333 0.20106 0
0.124356 0.203179 0
0.11677 0.229037 0
0.108204 0.212224 0
0.0382353 0.208311 0
0.0476354 0.198581 0
0.0514208 0.214347 0
0.0245173 0.20258 0
0.0380807 0.208338 0
0.0283178 0.218444 0
0.02455 0.202468 0
0.0380692 0.185112 0
0.0381135 0.208226 0
-0.0142111 0.219578 0
-0.0187025 0.2373 0
-0.0282185 0.218598 0
0.0253724 0.159944 0
0.0235099 0.148185 0
0.0349461 0.14591 0
0.0463426 0.142745 0
0.0500217 0.154068 0
0.039699 0.156979 0
0.0145362 0.161268 0
0.00196239 0.161908 0
0.0117453 0.149618 0
0.0176434 0.173905 0
0.0146339 0.161343 0
0.0252848 0.160082 0
0.0175767 0.173943 0
0.00540458 0.171353 0
0.0145672 0.161381 0
0.0335759 0.1648 0
0.0273892 0.17277 0
0.0253808 0.16009 0
0.0395741 0.157072 0
0.0336168 0.164747 0
0.0254217 0.160037 0
0.0396384 0.157103 0
0.0445759 0.169039 0
0.0336811 0.164777 0
0.035 0.14594 0
0.0395788 0.157009 0
0.0254263 0.159974 0
0.050064 0.154187 0
0.0540314 0.166397 0
0.0446788 0.169035 0
-0.0149102 0.188461 0
-0.0244438 0.202408 0
-0.0295004 0.186734 0
-0.00399107 0.174884 0
-0.0147889 0.188328 0
-0.0137008 0.174502 0
7.06985e-05 0.189025 0
0.00896132 0.181455 0
0.0121778 0.203201 0
-0.0121479 0.203277 0
-4.07658e-05 0.189101 0
-4.07658e-05 0.204083 0
0.00904902 0.181353 0
0.0176099 0.174064 0
0.0208609 0.187634 0
-0.00386594 0.174909 0
0.00890748 0.18136 0
1.68603e-05 0.18893 0
0.00535211 0.171313 0
0.00194094 0.161981 0
0.0145147 0.16134 0
-0.00384816 0.17485 0
0.00531406 0.171423 0
0.00892526 0.181302 0
-0.0038718 0.174785 0
0.00187924 0.162026 0
0.00529041 0.171358 0
-0.0767244 0.215572 0
-0.0622067 0.211483 0
-0.0689241 0.227722 0
-0.0802223 0.17103 0
-0.0694125 0.175378 0
-0.0848871 0.185363 0
-0.0986935 0.161241 0
-0.0803681 0.170958 0
-0.0991783 0.178127 0
-0.0793946 0.155995 0
-0.0633953 0.163035 0
-0.0801838 0.17089 0
-0.0559055 0.196223 0
-0.0621409 0.211297 0
-0.0700688 0.19162 0
-0.0440174 0.183754 0
-0.0274382 0.172922 0
-0.0296077 0.18662 0
-0.0440676 0.183695 0
-0.0445702 0.169155 0
-0.0274884 0.172864 0
-0.0540313 0.166397 0
-0.050064 0.154187 0
-0.044679 0.169035 0
-0.0149199 0.188362 0
-0.0295101 0.186635 0
-0.0273406 0.172938 0
-5.60814e-05 0.23828 0
-5.60814e-05 0.25715 0
-0.016712 0.256496 0
-0.0140545 0.219587 0
-4.71639e-05 0.220568 0
-4.71639e-05 0.238035 0
-0.0244373 0.202618 0
-0.0142304 0.219462 0
-0.0282378 0.218481 0
-0.0121951 0.203378 0
-8.79287e-05 0.204184 0
-0.0140953 0.219417 0
-0.0243837 0.202567 0
-0.0122766 0.203373 0
-0.0141768 0.219411 0
-0.024386 0.202463 0
-0.0148524 0.188516 0
-0.0122789 0.203269 0
0.0138082 0.23774 0
0.0200925 0.256363 0
0.000113379 0.257147 0
4.61096e-05 0.220628 0
0.013741 0.237557 0
4.61096e-05 0.238095 0
0.0280248 0.235997 0
0.0419765 0.234345 0
0.0434752 0.253271 0
0.0141937 0.219637 0
0.0278329 0.235895 0
0.0138812 0.237546 0
0.0283422 0.218642 0
0.0419257 0.234229 0
0.027974 0.23588 0
-0.0187921 0.237474 0
-0.0368256 0.254324 0
-0.0324024 0.235862 0
0.0146081 0.161222 0
0.0118172 0.149572 0
0.0233966 0.148202 0
0.0998743 0.18667 0
0.106666 0.174142 0
0.115138 0.187968 0
0.103866 0.199011 0
0.0998649 0.186753 0
0.115129 0.188051 0
0.124337 0.202998 0
0.103948 0.199066 0
0.115211 0.188106 0
0.108064 0.212174 0
0.0956179 0.217912 0
0.103828 0.199196 0
0.0850326 0.185378 0
0.0934029 0.164291 0
0.0997292 0.186628 0
0.0715037 0.182516 0
0.0802294 0.171054 0
0.0848941 0.185387 0
0.0714315 0.182441 0
0.0633685 0.163123 0
0.0801571 0.170979 0
0.0477416 0.198418 0
0.0583849 0.179863 0
0.0630145 0.194111 0
0.0380117 0.185043 0
0.0244926 0.2024 0
0.0209808 0.187741 0
0.0602952 0.150412 0
0.075787 0.157558 0
0.0633167 0.162971 0
0.07598 0.157565 0
0.0879873 0.15119 0
0.0933334 0.164079 0
0.078356 0.127952 0
0.0829455 0.139017 0
0.0681825 0.13365 0
0.0952201 0.130993 0
0.0882222 0.121361 0
0.0973791 0.114142 0
0.0759138 0.157499 0
0.0736142 0.144433 0
0.0879211 0.151124 0
0.0784636 0.127885 0
0.0881587 0.121407 0
0.0951567 0.131039 0
0.0983105 0.237752 0
0.0841882 0.264522 0
0.0763511 0.245576 0
0.136064 0.267201 0
0.106475 0.256658 0
0.126086 0.247617 0
0.114703 0.277123 0
0.0928241 0.285194 0
0.106292 0.256817 0
0.158235 0.17772 0
0.147899 0.163508 0
0.168299 0.168416 0
0.145051 0.23684 0
0.126209 0.247391 0
0.134403 0.219465 0
0.106715 0.173954 0
0.103929 0.157812 0
0.125761 0.160525 0
0.0849354 0.185571 0
0.0899844 0.201084 0
0.074088 0.207466 0
0.0985506 0.237732 0
0.12596 0.247518 0
0.106349 0.256559 0
0.095661 0.218013 0
0.108107 0.212274 0
0.116674 0.229087 0
0.0763311 0.245443 0
0.0782114 0.224931 0
0.0982905 0.23762 0
0.0901191 0.201165 0
0.103768 0.199159 0
0.0955577 0.217876 0
0.06455 0.219465 0
0.0515966 0.214415 0
0.0738914 0.207624 0
0.078091 0.224744 0
0.0646389 0.2195 0
0.0739803 0.207658 0
0.0780297 0.224824 0
0.0557016 0.231513 0
0.0645776 0.21958 0
0.0850214 0.185501 0
0.099718 0.186751 0
0.0900704 0.201015 0
0.124559 0.203133 0
0.151043 0.208113 0
0.134418 0.219221 0
0.129549 0.178514 0
0.124423 0.202929 0
0.115297 0.188037 0
0.145319 0.236839 0
0.164629 0.223773 0
0.176193 0.242622 0
0.136296 0.267162 0
0.145159 0.237028 0
0.156642 0.255767 0
0.134487 0.219334 0
0.151112 0.208225 0
0.145134 0.236709 0
0.13997 0.192759 0
0.151061 0.208024 0
0.124577 0.203044 0
0.14007 0.192725 0
0.154412 0.193034 0
0.151161 0.20799 0
0.136026 0.267299 0
0.114848 0.277063 0
0.106437 0.256757 0
0.105168 0.123201 0
0.095277 0.130999 0
0.097436 0.114148 0
0.0927652 0.14034 0
0.102776 0.141601 0
0.088075 0.151057 0
0.0951874 0.131139 0
0.0927231 0.140265 0
0.0830838 0.13905 0
0.0952536 0.131147 0
0.1028 0.141534 0
0.0927893 0.140273 0
0.11337 0.150743 0
0.122727 0.143798 0
0.125846 0.1604 0
0.102897 0.141658 0
0.113231 0.150727 0
0.103874 0.157671 0
0.10293 0.141575 0
0.113613 0.133154 0
0.113263 0.150644 0
0.11333 0.150651 0
0.113679 0.133161 0
0.122686 0.143707 0
0.088112 0.151115 0
0.102813 0.141659 0
0.10379 0.157672 0
0.0952952 0.13109 0
0.105186 0.123293 0
0.102841 0.141477 0
0.0784464 0.127944 0
0.0951395 0.131098 0
0.0830359 0.139009 0
0.105248 0.1233 0
0.113586 0.133062 0
0.102903 0.141484 0
0.106034 0.10615 0
0.105204 0.123118 0
0.0974721 0.114065 0
0.106125 0.106061 0
0.11404 0.0974986 0
0.115813 0.113107 0
0.105325 0.123174 0
0.115842 0.113251 0
0.123652 0.123703 0
0.147662 0.163483 0
0.129663 0.17829 0
0.125984 0.160558 0
0.133542 0.133677 0
0.122754 0.14365 0
0.113747 0.133104 0
0.152326 0.135076 0
0.133742 0.133614 0
0.143715 0.122825 0
0.144279 0.144337 0
0.135148 0.152328 0
0.133686 0.133744 0
0.152328 0.135148 0
0.144337 0.144279 0
0.133744 0.133686 0
0.160406 0.125919 0
0.152415 0.13505 0
0.143804 0.1228 0
0.160471 0.126003 0
0.163397 0.14768 0
0.152481 0.135134 0
0.14768 0.163397 0
0.126003 0.160471 0
0.135134 0.152481 0
0.2101 0.181533 0
0.208154 0.15133 0
0.22464 0.163308 0
0.176358 0.242593 0
0.164795 0.223744 0
0.194672 0.228156 0
0.169239 0.113768 0
0.160485 0.125816 0
0.150828 0.11334 0
0.18907 0.112229 0
0.169426 0.113676 0
0.178215 0.0993349 0
0.181754 0.124395 0
0.160589 0.125853 0
0.169343 0.113805 0
0.181771 0.124464 0
0.174513 0.134454 0
0.160607 0.125923 0
0.189296 0.112295 0
0.212091 0.108189 0
0.203045 0.124341 0
0.185457 0.0850531 0
0.196381 0.100057 0
0.178293 0.0991985 0
0.202098 0.0870244 0
0.207584 0.0740986 0
0.219926 0.0910677 0
0.185537 0.0850124 0
0.201946 0.0870908 0
0.19646 0.100017 0
0.18552 0.0849125 0
0.191553 0.0702489 0
0.201929 0.0869909 0
0.18959 0.143703 0
0.17461 0.134513 0
0.181868 0.124524 0
0.193345 0.169368 0
0.18974 0.143909 0
0.207981 0.151224 0
0.180994 0.154692 0
0.168427 0.168287 0
0.163519 0.147887 0
0.193255 0.16938 0
0.181164 0.154683 0
0.18965 0.14392 0
0.193184 0.169462 0
0.168527 0.168359 0
0.181093 0.154765 0
0.163328 0.147836 0
0.147836 0.163328 0
0.144421 0.144421 0
0.181538 0.210096 0
0.164667 0.223568 0
0.151334 0.208151 0
0.0926991 0.140331 0
0.0880088 0.151049 0
0.0830598 0.139117 0
0.125783 0.160447 0
0.103951 0.157734 0
0.113307 0.15079 0
0.13505 0.152415 0
0.125919 0.160406 0
0.1228 0.143804 0
0.133614 0.133742 0
0.135076 0.152326 0
0.122825 0.143715 0
0.144327 0.144436 0
0.147742 0.163343 0
0.135195 0.152427 0
0.129526 0.178325 0
0.106801 0.174023 0
0.125847 0.160593 0
0.0933075 0.164145 0
0.0802724 0.170899 0
0.0759541 0.157631 0
0.106607 0.173966 0
0.0934888 0.164156 0
0.103821 0.157824 0
0.106593 0.174063 0
0.0998016 0.18659 0
0.0934753 0.164253 0
0.141484 0.102903 0
0.133062 0.113586 0
0.1233 0.105248 0
0.157659 0.103812 0
0.141645 0.102835 0
0.147044 0.0947554 0
0.150651 0.11333 0
0.143707 0.122686 0
0.133161 0.113679 0
0.157671 0.103874 0
0.150727 0.113231 0
0.141658 0.102897 0
0.157764 0.103911 0
0.16923 0.113694 0
0.150819 0.113267 0
0.163408 0.147916 0
0.168316 0.168316 0
0.147916 0.163408 0
0.152427 0.135195 0
0.163343 0.147742 0
0.144436 0.144327 0
0.174608 0.134614 0
0.189587 0.143804 0
0.181102 0.154566 0
0.181755 0.18182 0
0.158349 0.177782 0
0.168412 0.168478 0
0.209956 0.181705 0
0.196469 0.196295 0
0.193374 0.169646 0
0.181554 0.209995 0
0.151351 0.208049 0
0.169495 0.193413 0
0.143622 0.178057 0
0.129722 0.178348 0
0.147721 0.163542 0
0.158153 0.177752 0
0.143718 0.178055 0
0.147816 0.16354 0
0.158175 0.177851 0
0.154448 0.192884 0
0.14374 0.178154 0
0.193187 0.169553 0
0.181872 0.181793 0
0.168529 0.16845 0
0.154387 0.192934 0
0.140045 0.192625 0
0.143679 0.178203 0
0.169427 0.193255 0
0.154534 0.192935 0
0.158261 0.177902 0
0.169404 0.193356 0
0.15126 0.207992 0
0.15451 0.193036 0
0.156776 0.255685 0
0.145292 0.236946 0
0.176166 0.242729 0
0.145057 0.237 0
0.136193 0.267135 0
0.126215 0.247551 0
0.181759 0.181903 0
0.169519 0.193218 0
0.158352 0.177865 0
0.196375 0.196295 0
0.181965 0.181886 0
0.19328 0.169646 0
0.196295 0.196375 0
0.169646 0.19328 0
0.181886 0.181965 0
0.194848 0.228008 0
0.181842 0.210124 0
0.211973 0.212178 0
0.19469 0.228047 0
0.164813 0.223635 0
0.181683 0.210163 0
0.150644 0.113263 0
0.133154 0.113613 0
0.141575 0.10293 0
0.174452 0.134532 0
0.163471 0.147678 0
0.160545 0.126001 0
0.123644 0.123769 0
0.113655 0.133003 0
0.105317 0.12324 0
0.132978 0.113682 0
0.123745 0.123671 0
0.115935 0.11322 0
0.133546 0.13361 0
0.11375 0.133038 0
0.123739 0.123804 0
0.209995 0.181554 0
0.193413 0.169495 0
0.208049 0.151351 0
0.212178 0.211973 0
0.210124 0.181842 0
0.228008 0.194848 0
0.196295 0.196469 0
0.181705 0.209956 0
0.169646 0.193374 0
0.212073 0.211978 0
0.196531 0.196437 0
0.210019 0.181847 0
0.211978 0.212073 0
0.181847 0.210019 0
0.196437 0.196531 0
0.139009 0.0830359 0
0.131098 0.0951395 0
0.127944 0.0784464 0
0.22805 0.194685 0
0.210166 0.181679 0
0.224707 0.163453 0
0.141477 0.102841 0
0.123293 0.105186 0
0.13109 0.0952952 0
0.144311 0.0734863 0
0.133703 0.0680811 0
0.138585 0.057492 0
0.142671 0.0464356 0
0.150281 0.0601771 0
0.138635 0.0573751 0
0.155835 0.0795085 0
0.147029 0.0946079 0
0.139155 0.0830377 0
0.150401 0.0602091 0
0.154113 0.0501468 0
0.16296 0.0632306 0
0.142722 0.0464112 0
0.154045 0.0500903 0
0.150333 0.0601527 0
0.142707 0.0463272 0
0.145872 0.0351048 0
0.15403 0.0500063 0
0.157472 0.0903139 0
0.147091 0.0946323 0
0.155897 0.079533 0
0.168325 0.0857996 0
0.157544 0.0902843 0
0.155968 0.0795033 0
0.168331 0.0858809 0
0.157783 0.103741 0
0.15755 0.0903656 0
0.224908 0.163308 0
0.255645 0.156837 0
0.242689 0.176227 0
0.228159 0.194668 0
0.224816 0.163435 0
0.242597 0.176354 0
0.229265 0.116753 0
0.236244 0.101616 0
0.247422 0.126005 0
0.219439 0.134308 0
0.229209 0.116863 0
0.247366 0.126115 0
0.219291 0.134303 0
0.203202 0.124444 0
0.229061 0.116858 0
0.208225 0.151112 0
0.219333 0.134486 0
0.236708 0.145134 0
0.208014 0.151074 0
0.189772 0.143758 0
0.203033 0.12459 0
0.236885 0.145249 0
0.255625 0.156733 0
0.224888 0.163204 0
0.208243 0.151208 0
0.236726 0.14523 0
0.224729 0.163186 0
0.236333 0.101587 0
0.25583 0.107932 0
0.247511 0.125975 0
0.163126 0.0632987 0
0.17968 0.0584679 0
0.174594 0.0722516 0
0.153124 0.0696692 0
0.162975 0.06336 0
0.155935 0.0793593 0
0.166463 0.0541214 0
0.179653 0.058407 0
0.163099 0.0632379 0
0.162081 0.0449012 0
0.166374 0.0540322 0
0.154164 0.0500648 0
0.157919 0.0360486 0
0.162053 0.0448409 0
0.154135 0.0500044 0
0.157975 0.036005 0
0.170852 0.0370247 0
0.162109 0.0447973 0
0.162137 0.0448577 0
0.170881 0.037085 0
0.16643 0.0539886 0
0.181963 0.12449 0
0.202946 0.1245 0
0.189685 0.143669 0
0.139017 0.0829455 0
0.127952 0.078356 0
0.13365 0.0681825 0
0.155827 0.0794381 0
0.139147 0.0829672 0
0.144387 0.0736094 0
0.130999 0.095277 0
0.123201 0.105168 0
0.114148 0.097436 0
0.146947 0.0946605 0
0.131162 0.0951939 0
0.139073 0.0830903 0
0.146955 0.0947267 0
0.141556 0.102806 0
0.13117 0.0952601 0
0.226534 0.0736827 0
0.243329 0.082634 0
0.220127 0.0910517 0
0.183748 0.0440497 0
0.17102 0.0370009 0
0.186613 0.0296398 0
0.191462 0.0701999 0
0.185429 0.0848634 0
0.174708 0.0723629 0
0.211298 0.0621413 0
0.19162 0.0700688 0
0.196222 0.0559052 0
0.207489 0.0740286 0
0.202003 0.0869544 0
0.191627 0.0702124 0
0.150287 0.0602678 0
0.144367 0.07346 0
0.13864 0.0574658 0
0.166377 0.0540936 0
0.163013 0.0632101 0
0.154167 0.0501262 0
0.153043 0.0696394 0
0.144415 0.0735009 0
0.150335 0.0603087 0
0.162956 0.0632959 0
0.153105 0.0696052 0
0.150397 0.0602744 0
0.155873 0.0793936 0
0.144434 0.0735649 0
0.153061 0.0697035 0
0.24343 0.0825304 0
0.226635 0.0735791 0
0.250008 0.0601662 0
0.255701 0.156609 0
0.236961 0.145125 0
0.247513 0.126284 0
0.203132 0.124558 0
0.219221 0.134417 0
0.208113 0.151043 0
0.189274 0.112214 0
0.196506 0.100178 0
0.212069 0.108107 0
0.169438 0.11376 0
0.189082 0.112313 0
0.181849 0.124349 0
0.178306 0.0992895 0
0.196393 0.100148 0
0.18916 0.112184 0
0.212335 0.108127 0
0.236126 0.101556 0
0.229147 0.116693 0
0.247391 0.126209 0
0.23684 0.14505 0
0.219465 0.134403 0
0.267198 0.136069 0
0.247615 0.126091 0
0.255933 0.108047 0
0.267198 0.136232 0
0.255803 0.156579 0
0.247614 0.126254 0
0.174533 0.0723968 0
0.168382 0.0857395 0
0.156025 0.0794433 0
0.191443 0.0701114 0
0.174689 0.0722744 0
0.179775 0.0584907 0
0.185352 0.0849157 0
0.168481 0.0857579 0
0.174631 0.0724151 0
0.219942 0.0911815 0
0.21219 0.107994 0
0.202113 0.0871381 0
0.1782 0.0991508 0
0.168493 0.0858476 0
0.185364 0.0850054 0
0.202035 0.087168 0
0.212112 0.108023 0
0.196549 0.100094 0
0.226415 0.0736539 0
0.220008 0.0910229 0
0.207665 0.0740537 0
0.212224 0.108204 0
0.229037 0.11677 0
0.203178 0.124356 0
0.181962 0.124385 0
0.189194 0.112349 0
0.202944 0.124395 0
0.220056 0.0912296 0
0.236096 0.101471 0
0.212304 0.108042 0
0.157712 0.103771 0
0.147097 0.0947136 0
0.157479 0.0903952 0
0.169322 0.113648 0
0.157855 0.103864 0
0.178111 0.0993069 0
0.1604 0.125846 0
0.143798 0.122727 0
0.150743 0.11337 0
0.178108 0.0992138 0
0.157852 0.103771 0
0.1684 0.0859106 0
0.17452 0.134627 0
0.181014 0.15458 0
0.163539 0.147774 0
0.133104 0.113747 0
0.14365 0.122754 0
0.133677 0.133542 0
0.123804 0.123739 0
0.133038 0.11375 0
0.13361 0.133546 0
0.106096 0.106147 0
0.115784 0.113193 0
0.105266 0.123115 0
0.123214 0.105282 0
0.132977 0.11362 0
0.115933 0.113158 0
0.114097 0.0974958 0
0.123151 0.105228 0
0.11587 0.113104 0
0.114142 0.0973791 0
0.121361 0.0882222 0
0.130993 0.0952201 0
0.131039 0.0951567 0
0.121407 0.0881587 0
0.127885 0.0784636 0
0.139072 0.0829294 0
0.133705 0.0681665 0
0.144313 0.0735716 0
0.157845 0.0359271 0
0.145903 0.0349815 0
0.148178 0.0235454 0
0.18368 0.0441314 0
0.166502 0.0539862 0
0.170953 0.0370826 0
0.154081 0.0499717 0
0.145923 0.0350702 0
0.157865 0.0360158 0
0.157892 0.0358949 0
0.148225 0.0235131 0
0.159984 0.0253756 0
0.255908 0.10774 0
0.243573 0.0827362 0
0.263507 0.0875321 0
0.243362 0.082727 0
0.2362 0.101386 0
0.22016 0.0911446 0
0.263488 0.0873726 0
0.243553 0.0825767 0
0.250131 0.0602125 0
0.270035 0.0649104 0
0.263577 0.0873133 0
0.25022 0.0601532 0
0.274487 0.0418644 0
0.270072 0.0647578 0
0.250257 0.0600007 0
0.291618 0.0700919 0
0.285288 0.0925367 0
0.270246 0.0649611 0
0.285217 0.0927613 0
0.277146 0.11464 0
0.263717 0.0875887 0
0.255816 0.107787 0
0.23632 0.101442 0
0.243482 0.0827828 0
0.277048 0.114691 0
0.25602 0.107847 0
0.263619 0.0876393 0
0.27706 0.114853 0
0.267297 0.136031 0
0.256032 0.10801 0
0.16006 0.0254207 0
0.170845 0.0369597 0
0.157968 0.03594 0
0.149568 0.0118531 0
0.159957 0.0252949 0
0.148197 0.0234325 0
0.161565 0.0127579 0
0.174363 0.0137652 0
0.160084 0.0252656 0
0.181456 -0.00527386 0
0.174861 0.00383251 0
0.174479 -0.0136429 0
0.18835 -0.0147935 0
0.181501 -0.00533637 0
0.174525 -0.0137054 0
0.188398 -0.0147273 0
0.188737 0.00601238 0
0.181549 -0.0052702 0
0.17279 0.0274004 0
0.170895 0.036931 0
0.16011 0.025392 0
0.174401 0.0138141 0
0.172802 0.0273228 0
0.160122 0.0253145 0
0.188668 0.00613824 0
0.174504 0.0136718 0
0.174885 0.00396204 0
0.187666 0.0179142 0
0.186633 0.0295201 0
0.172935 0.0273506 0
0.188711 0.00618464 0
0.187678 0.0177906 0
0.174546 0.0137182 0
0.188808 0.00619226 0
0.203404 0.0159893 0
0.187775 0.0177982 0
0.183809 0.0442086 0
0.196091 0.055806 0
0.179821 0.058349 0
0.166532 0.0540575 0
0.18371 0.0442027 0
0.179722 0.0583432 0
0.186716 0.0296229 0
0.201512 0.0319665 0
0.18385 0.0440328 0
0.174493 0.0137891 0
0.187625 0.0178614 0
0.172895 0.0272978 0
0.188862 0.00613279 0
0.204083 7.37871e-05 0
0.203459 0.0159299 0
0.181504 -0.0052077 0
0.188691 0.00607488 0
0.174909 0.00389868 0
0.219895 0.0172321 0
0.220567 0.000103781 0
0.237497 0.0137988 0
0.20752 0.0739456 0
0.191658 0.0701294 0
0.211336 0.0622018 0
0.196117 0.0558927 0
0.191515 0.0700564 0
0.179847 0.0584358 0
0.23162 0.0556711 0
0.249968 0.060076 0
0.226595 0.0734889 0
0.206808 0.0452872 0
0.201693 0.0319871 0
0.217708 0.0345236 0
0.218785 0.0502672 0
0.206865 0.0453486 0
0.217766 0.034585 0
0.235678 0.0324999 0
0.218882 0.0502241 0
0.217862 0.0345419 0
0.231466 0.0556006 0
0.211507 0.0620744 0
0.218846 0.0503934 0
0.196181 0.0557625 0
0.183899 0.0441651 0
0.206676 0.045399 0
0.254586 0.0368669 0
0.27686 0.0219127 0
0.274525 0.0416437 0
0.235869 0.0323193 0
0.23767 0.0139053 0
0.256423 0.0168662 0
0.242809 0.0463469 0
0.23588 0.0324949 0
0.254342 0.036918 0
0.250098 0.0599232 0
0.242857 0.046439 0
0.25439 0.0370101 0
0.231627 0.0554885 0
0.235803 0.0325572 0
0.242733 0.0464092 0
0.217866 0.0344318 0
0.21988 0.0174091 0
0.235681 0.0323898 0
0.211424 0.0620404 0
0.206844 0.0454407 0
0.218764 0.0503593 0
0.219784 0.017186 0
0.204243 5.767e-05 0
0.220456 5.767e-05 0
0.201689 0.0318319 0
0.203554 0.0160736 0
0.219719 0.0173458 0
0.201526 0.0318789 0
0.186729 0.0295353 0
0.187762 0.0179294 0
0.257148 -0.000102192 0
0.23774 -0.0137971 0
0.256493 -0.016758 0
0.231547 0.0555016 0
0.218928 0.0502944 0
0.235724 0.0325703 0
0.220628 -4.61117e-05 0
0.237557 -0.013741 0
0.238095 -4.61117e-05 0
0.170984 0.0369451 0
0.172879 0.0274145 0
0.186577 0.029584 0
0.256604 -0.0169961 0
0.253475 -0.0434372 0
0.274453 -0.0416493 0
0.257148 0.000102191 0
0.256494 0.0167581 0
0.237741 0.0137972 0
0.27766 -5.60811e-05 0
0.257282 -5.60811e-05 0
0.256627 -0.0167119 0
0.27766 5.60794e-05 0
0.256628 0.016712 0
0.257282 5.60794e-05 0
0.235878 -0.0279947 0
0.217913 -0.034499 0
0.234228 -0.0419464 0
0.23583 -0.0279123 0
0.219881 -0.017394 0
0.217865 -0.0344166 0
0.253272 -0.0434752 0
0.235997 -0.0280248 0
0.234346 -0.0419766 0
0.237547 -0.0138917 0
0.219947 -0.0173252 0
0.235896 -0.0278435 0
0.256479 0.0169431 0
0.254388 0.0368194 0
0.235926 0.0323962 0
0.220567 -0.000103783 0
0.219895 -0.0172321 0
0.237496 -0.0137987 0
0.220456 -5.7672e-05 0
0.204243 -5.7672e-05 0
0.219784 -0.017186 0
0.160057 -0.0254397 0
0.1576 -0.0377927 0
0.170084 -0.0407899 0
0.214324 -0.0513998 0
0.201655 -0.0320514 0
0.198559 -0.0476149 0
0.203457 -0.0159589 0
0.204081 -0.000102818 0
0.188523 -0.0147835 0
0.217751 -0.0344299 0
0.219766 -0.0174074 0
0.201737 -0.0318937 0
0.20169 -0.0318321 0
0.219719 -0.0173458 0
0.203554 -0.0160736 0
0.174515 0.0723217 0
0.156007 0.0793682 0
0.163047 0.0633689 0
0.161448 0.0126669 0
0.149579 0.0117328 0
0.150037 8.16042e-05 0
0.174413 0.0136938 0
0.161614 0.0126865 0
0.174794 0.00398401 0
0.160001 0.0252591 0
0.149613 0.0118173 0
0.161481 0.0127514 0
0.16149 0.0126277 0
0.150079 4.23747e-05 0
0.161984 4.23737e-05 0
0.211453 0.0622133 0
0.226386 0.0735572 0
0.207637 0.0739571 0
0.183917 0.0440854 0
0.201579 0.0320191 0
0.206694 0.0453193 0
0.231491 0.0556781 0
0.226466 0.0734959 0
0.211533 0.062152 0
0.24278 0.0465013 0
0.250022 0.0599855 0
0.231674 0.0555806 0
0.29892 0.0235926 0
0.274673 0.0415992 0
0.277009 0.0218681 0
0.296204 0.0470671 0
0.291654 0.0699393 0
0.270283 0.0648085 0
0.270153 0.0650192 0
0.285194 0.0925948 0
0.263694 0.0874222 0
0.16211 -3.26939e-05 0
0.174414 -0.0136253 0
0.174796 0.0038501 0
0.161572 0.0126407 0
0.162067 5.54471e-05 0
0.174753 0.00393824 0
0.150039 -3.92296e-05 0
0.149581 -0.0116904 0
0.161944 -3.92306e-05 0
0.250204 0.0599075 0
0.254496 0.0369944 0
0.274435 0.0417712 0
0.270226 0.0647141 0
0.274641 0.0418207 0
0.296147 0.0469727 0
0.236071 -0.0279409 0
0.253346 -0.0433912 0
0.256475 -0.0169501 0
0.298984 0.0236763 0
0.296243 0.046835 0
0.274738 0.041683 0
0.309152 -0.0962047 0
0.291748 -0.0701967 0
0.285418 -0.0926415 0
0.301402 -0.120845 0
0.309185 -0.0963747 0
0.285451 -0.0928115 0
0.321764 -0.0486837 0
0.324405 -0.0227741 0
0.299236 -0.0236193 0
0.341684 -0.0791143 0
0.321876 -0.0490417 0
0.315598 -0.0743276 0
0.3418 -0.0790363 0
0.350218 -0.0510923 0
0.321993 -0.0489637 0
0.350382 -0.0512114 0
0.341964 -0.0791554 0
0.370833 -0.0844527 0
0.38207 -0.053505 0
0.350516 -0.0511253 0
0.370967 -0.0843666 0
0.352794 -0.0218311 0
0.32468 -0.0227752 0
0.350264 -0.0508134 0
0.296355 -0.0470989 0
0.291806 -0.0699711 0
0.315345 -0.0742906 0
0.903266 0.00264126 0
0.817779 -0.0798238 0
0.90289 -0.092336 0
0.999369 0.100262 0
0.907543 0.188439 0
0.903889 0.0898461 0
0.74051 -0.000259219 0
0.740167 -0.0711701 0
0.816693 -0.00633618 0
0.703897 0.038309 0
0.671532 0.000128553 0
0.739903 0.000128553 0
0.738772 0.0799009 0
0.704123 0.0385767 0
0.740129 0.000396245 0
0.669578 0.0746999 0
0.671296 0.000378792 0
0.703661 0.0385592 0
0.618975 0.154951 0
0.643665 0.116053 0
0.679748 0.162114 0
0.607621 0.0702172 0
0.609146 0.0135292 0
0.669049 0.0748498 0
0.572458 0.121294 0
0.607412 0.070714 0
0.643268 0.115634 0
0.618496 0.202032 0
0.561635 0.167546 0
0.618496 0.155257 0
0.519089 0.127619 0
0.536041 0.0902884 0
0.571804 0.1214 0
0.553942 0.0512373 0
0.60876 0.01345 0
0.607235 0.0701379 0
0.622607 -0.143521 0
0.568406 -0.135384 0
0.563609 -0.187813 0
0.669338 -0.0755904 0
0.623333 -0.143235 0
0.679849 -0.161939 0
0.607331 -0.0708517 0
0.568552 -0.134991 0
0.622754 -0.143129 0
0.63813 -0.0362212 0
0.580787 -0.0201909 0
0.607423 -0.0701102 0
0.669262 0.0746152 0
0.609358 0.0132946 0
0.670979 0.000294011 0
0.580504 -0.0202413 0
0.553847 -0.0512601 0
0.60714 -0.0701607 0
0.553853 0.0148685 0
0.580509 -0.0197419 0
0.60867 0.0130277 0
0.553668 0.0146538 0
0.553668 -0.0509755 0
0.580324 -0.0199567 0
0.553763 0.0510526 0
0.553763 0.0151061 0
0.60858 0.0132653 0
0.553413 0.0511618 0
0.504392 0.0458143 0
0.553413 0.0152153 0
0.459901 0.0183708 0
0.50376 0.0458507 0
0.457789 0.058916 0
0.55325 -0.0511119 0
0.504878 -0.000324002 0
0.504229 -0.0457643 0
0.55325 0.0150443 0
0.504229 0.0456433 0
0.504878 0.000202967 0
0.296456 -0.0470283 0
0.315446 -0.07422 0
0.321725 -0.048934 0
0.285343 -0.0928732 0
0.277272 -0.114752 0
0.301295 -0.120907 0
0.669698 -0.0748101 0
0.739444 -0.0713999 0
0.671416 -0.000488998 0
0.623091 -0.142928 0
0.669096 -0.075284 0
0.607668 -0.0706514 0
0.680137 -0.161854 0
0.709178 -0.117848 0
0.669626 -0.0755052 0
0.675517 -0.227238 0
0.679838 -0.162681 0
0.613914 -0.213466 0
0.621317 -0.287661 0
0.67532 -0.227657 0
0.613718 -0.213885 0
0.740484 -0.249742 0
0.747857 -0.17077 0
0.676168 -0.227386 0
0.66936 -0.0746919 0
0.671078 -0.000370777 0
0.638639 -0.0361702 0
0.709377 -0.117546 0
0.739572 -0.0717927 0
0.669826 -0.0752029 0
0.747767 -0.170112 0
0.70944 -0.118166 0
0.680399 -0.162171 0
0.747967 -0.169809 0
0.739834 -0.0721102 0
0.70964 -0.117863 0
0.816947 -0.0797848 0
0.81695 -0.00660305 0
0.740423 -0.071437 0
0.824141 -0.178933 0
0.908806 -0.183007 0
0.90293 -0.0932884 0
0.740977 -0.249581 0
0.823062 -0.179415 0
0.74835 -0.170609 0
0.823873 -0.254312 0
0.908541 -0.183547 0
0.823875 -0.179474 0
0.907864 0.188807 0
0.999691 0.10063 0
0.999691 0.19963 0
0.906967 0.275874 0
0.824148 0.254655 0
0.906967 0.189577 0
0.999382 0.200218 0
0.907555 0.275691 0
0.907555 0.189395 0
0.999388 0.300165 0
0.909303 0.372558 0
0.907561 0.276638 0
0.748323 0.169712 0
0.739176 0.0806069 0
0.816714 0.080361 0
0.817493 -0.0795352 0
0.902979 0.00292979 0
0.817495 -0.0063535 0
0.999679 0.000631597 0
0.999679 0.0996316 0
0.904198 0.0892159 0
0.999356 -0.000298197 0
0.903875 0.00290813 0
0.9035 -0.0920691 0
0.561147 0.167185 0
0.519173 0.127877 0
0.571888 0.121658 0
0.61834 0.154987 0
0.56148 0.167276 0
0.572221 0.121749 0
0.550293 0.213226 0
0.507053 0.189728 0
0.561034 0.167698 0
0.618268 0.202226 0
0.550666 0.213268 0
0.561408 0.16774 0
0.390993 0.128416 0
0.400509 0.156567 0
0.349633 0.154453 0
0.47651 0.228806 0
0.425758 0.23014 0
0.461012 0.179852 0
0.425196 0.230258 0
0.376243 0.233228 0
0.393199 0.210467 0
0.460793 0.179711 0
0.425539 0.229999 0
0.411045 0.186714 0
0.476469 0.229088 0
0.448666 0.264124 0
0.425717 0.230423 0
0.291749 -0.141584 0
0.27718 -0.114966 0
0.267417 -0.136144 0
0.291863 -0.141533 0
0.301317 -0.12107 0
0.277294 -0.114915 0
0.308316 -0.166786 0
0.291898 -0.141842 0
0.280886 -0.161506 0
0.308444 -0.166741 0
0.319033 -0.147834 0
0.292026 -0.141796 0
0.264916 -0.185884 0
0.275282 -0.213303 0
0.292207 -0.191057 0
0.255905 -0.156862 0
0.264812 -0.185597 0
0.28062 -0.16162 0
0.25076 -0.203706 0
0.275143 -0.213346 0
0.264777 -0.185926 0
0.371023 -0.0848605 0
0.358235 -0.124223 0
0.390923 -0.128075 0
0.321019 -0.199262 0
0.338941 -0.172855 0
0.308608 -0.167016 0
0.344566 -0.219875 0
0.364017 -0.248362 0
0.387004 -0.21912 0
0.242805 -0.176458 0
0.250652 -0.203582 0
0.264668 -0.185803 0
0.387463 -0.219104 0
0.410689 -0.247923 0
0.435155 -0.215576 0
0.37327 -0.179486 0
0.387256 -0.218779 0
0.410624 -0.186676 0
0.364238 -0.248457 0
0.410451 -0.248034 0
0.387225 -0.219214 0
0.3094 -0.0962446 0
0.335743 -0.100199 0
0.315536 -0.074556 0
0.348643 -0.148747 0
0.339248 -0.172727 0
0.372902 -0.179205 0
0.32849 -0.120939 0
0.348557 -0.148391 0
0.357951 -0.124411 0
0.319324 -0.147876 0
0.339068 -0.172622 0
0.348463 -0.148642 0
0.301579 -0.121111 0
0.319131 -0.147611 0
0.328203 -0.120925 0
0.308602 -0.166844 0
0.338934 -0.172683 0
0.31919 -0.147937 0
0.429635 0.0664712 0
0.457472 0.0592475 0
0.439294 0.0968797 0
0.403561 0.0904609 0
0.429454 0.0665759 0
0.439113 0.0969845 0
0.398734 0.0556942 0
0.420049 0.036901 0
0.429374 0.0662587 0
0.38488 0.00602709 0
0.419973 -0.019295 0
0.419972 0.00853038 0
0.420222 0.00844956 0
0.420223 -0.0193758 0
0.459496 -0.0180569 0
0.384879 0.0328042 0
0.419972 0.00880698 0
0.419971 0.0366323 0
0.384761 0.0327021 0
0.384762 0.00620158 0
0.419854 0.00870486 0
0.350456 -0.0509158 0
0.38201 -0.0532955 0
0.352986 -0.0219335 0
0.445971 -0.0872835 0
0.434376 -0.114984 0
0.474102 -0.120948 0
0.498594 -0.0789659 0
0.446186 -0.0871626 0
0.474317 -0.120827 0
0.457455 -0.0591797 0
0.418027 -0.0562062 0
0.44586 -0.0868803 0
0.291761 -0.14174 0
0.267429 -0.1363 0
0.280749 -0.161404 0
0.417571 -0.0559659 0
0.384747 -0.0208915 0
0.382341 -0.0533089 0
0.457509 -0.0588279 0
0.459622 -0.0182827 0
0.420348 -0.0196015 0
0.498732 -0.078622 0
0.50389 -0.0460529 0
0.457919 -0.0591181 0
0.518639 -0.12758 0
0.498837 -0.0791015 0
0.47456 -0.120963 0
0.53593 -0.0897816 0
0.553355 -0.0514121 0
0.504334 -0.0460645 0
0.518845 -0.127477 0
0.535797 -0.0901461 0
0.499042 -0.0789981 0
0.519076 -0.127665 0
0.567967 -0.135005 0
0.536028 -0.090334 0
0.553415 -0.0509089 0
0.553415 0.0147203 0
0.505043 -0.000121033 0
0.420222 0.00875788 0
0.459495 0.0181721 0
0.420222 0.0365832 0
0.280628 -0.161454 0
0.267308 -0.13635 0
0.255914 -0.156697 0
0.242822 -0.176302 0
0.264685 -0.185646 0
0.255778 -0.156912 0
0.381957 -0.153849 0
0.348786 -0.148684 0
0.373045 -0.179141 0
0.335948 -0.100448 0
0.328448 -0.120778 0
0.357909 -0.12425 0
0.370839 -0.0847674 0
0.33609 -0.100327 0
0.358051 -0.12413 0
0.341731 -0.0792858 0
0.315644 -0.0744991 0
0.335851 -0.100142 0
0.301457 -0.12118 0
0.292003 -0.141643 0
0.319009 -0.147681 0
0.309443 -0.0963994 0
0.328285 -0.120685 0
0.335785 -0.100354 0
0.291849 -0.0701357 0
0.309253 -0.0961437 0
0.315389 -0.0744551 0
0.301546 -0.120939 0
0.32817 -0.120754 0
0.309328 -0.0964684 0
0.387142 -0.275898 0
0.43777 -0.277718 0
0.410696 -0.248321 0
0.622758 -0.143783 0
0.56376 -0.188075 0
0.613349 -0.213271 0
0.553699 -0.0514937 0
0.536275 -0.0898632 0
0.606992 -0.0703943 0
0.519 -0.127949 0
0.513566 -0.175029 0
0.567892 -0.135289 0
0.607041 -0.0706739 0
0.536324 -0.0901428 0
0.568262 -0.134814 0
0.638135 -0.0359428 0
0.608953 0.0128572 0
0.580792 -0.0199124 0
0.669147 -0.0749266 0
0.638427 -0.0364049 0
0.607719 -0.0702939 0
0.670876 -7.67651e-05 0
0.609255 0.0129238 0
0.638438 -0.0358762 0
0.417697 -0.0558527 0
0.419965 -0.0195999 0
0.384873 -0.0207784 0
0.434139 -0.114882 0
0.445734 -0.0871816 0
0.403597 -0.0905894 0
0.457369 -0.0589544 0
0.420208 -0.019728 0
0.417941 -0.0559809 0
0.504565 -0.000213471 0
0.460058 -0.0181738 0
0.503917 -0.0456538 0
0.459621 0.0183403 0
0.457509 0.0588854 0
0.420347 0.0367514 0
0.504417 -9.1518e-10 0
0.45991 0.0179604 0
0.459911 -0.0179603 0
0.504565 0.000213469 0
0.503917 0.0456538 0
0.460057 0.0181738 0
0.467827 -0.2029 0
0.435613 -0.215504 0
0.467425 -0.242513 0
0.513327 -0.215444 0
0.468088 -0.2029 0
0.467686 -0.242513 0
0.46814 -0.163989 0
0.411211 -0.18657 0
0.467748 -0.202541 0
0.518667 -0.128044 0
0.468651 -0.163702 0
0.513233 -0.175124 0
0.474041 -0.121169 0
0.434315 -0.115205 0
0.427924 -0.15315 0
0.535748 -0.0898732 0
0.504151 -0.0461561 0
0.498993 -0.0787252 0
0.387035 -0.218889 0
0.373048 -0.179596 0
0.344597 -0.219644 0
0.467638 -0.202713 0
0.411101 -0.186742 0
0.435424 -0.215316 0
0.427473 -0.153303 0
0.391192 -0.128403 0
0.38228 -0.153695 0
0.348427 -0.148469 0
0.32836 -0.121017 0
0.319288 -0.147703 0
0.381907 -0.153666 0
0.358131 -0.124521 0
0.348736 -0.148501 0
0.410607 -0.186459 0
0.382164 -0.153976 0
0.373253 -0.179268 0
0.39096 -0.128306 0
0.358272 -0.124453 0
0.382048 -0.153598 0
0.41079 -0.186372 0
0.427539 -0.153497 0
0.382346 -0.15389 0
0.433957 -0.115019 0
0.403414 -0.0907266 0
0.391284 -0.128064 0
0.370785 -0.084617 0
0.341916 -0.0793197 0
0.336036 -0.100176 0
0.467475 -0.243027 0
0.438271 -0.277762 0
0.480165 -0.294325 0
0.435422 -0.215655 0
0.410956 -0.248002 0
0.467234 -0.242664 0
0.513479 -0.215219 0
0.513215 -0.175546 0
0.468241 -0.202675 0
0.410832 -0.186796 0
0.387464 -0.218899 0
0.435155 -0.215371 0
0.403204 -0.090625 0
0.371174 -0.0847477 0
0.391074 -0.127963 0
0.339234 -0.172964 0
0.344436 -0.21949 0
0.372888 -0.179442 0
0.364237 -0.248646 0
0.386895 -0.275801 0
0.41045 -0.248224 0
0.242435 -0.467402 0
0.215426 -0.43559 0
0.179849 -0.461016 0
0.305821 -0.469725 0
0.242994 -0.467692 0
0.256554 -0.513604 0
0.305935 -0.469433 0
0.290311 -0.426671 0
0.243108 -0.467401 0
0.344335 -0.219981 0
0.318129 -0.250662 0
0.363786 -0.248468 0
0.203582 -0.250652 0
0.176458 -0.242805 0
0.185803 -0.264668 0
0.585095 -0.6891 0
0.52806 -0.738691 0
0.616465 -0.760911 0
0.707411 -0.694125 0
0.585697 -0.68895 0
0.617067 -0.760762 0
0.642403 -0.638599 0
0.583724 -0.588912 0
0.585368 -0.68819 0
0.757409 -0.62104 0
0.69675 -0.589231 0
0.708252 -0.693324 0
0.583344 -0.588798 0
0.529281 -0.604465 0
0.584989 -0.688075 0
0.38425 -0.45513 0
0.419532 -0.419849 0
0.376033 -0.399825 0
0.348641 -0.490782 0
0.383923 -0.4555 0
0.348956 -0.439509 0
0.348904 -0.491011 0
0.42731 -0.507839 0
0.384186 -0.45573 0
0.491023 -0.658282 0
0.446529 -0.718174 0
0.527177 -0.738445 0
0.58468 -0.688306 0
0.528973 -0.604696 0
0.491491 -0.657734 0
0.458112 -0.585287 0
0.415272 -0.642077 0
0.490687 -0.657515 0
0.751123 -0.327032 0
0.687886 -0.385686 0
0.755043 -0.410223 0
0.428014 -0.508306 0
0.458137 -0.584319 0
0.485473 -0.501837 0
0.371661 -0.69919 0
0.414501 -0.6424 0
0.346428 -0.640151 0
0.371943 -0.699859 0
0.399531 -0.76441 0
0.445704 -0.7184 0
0.68298 -0.306876 0
0.625803 -0.363018 0
0.687226 -0.385461 0
0.455393 -0.454883 0
0.495745 -0.414531 0
0.45557 -0.384497 0
0.748326 -0.169683 0
0.816717 -0.080332 0
0.740193 -0.0719842 0
0.675966 -0.227093 0
0.747655 -0.170477 0
0.680287 -0.162537 0
0.741229 -0.249863 0
0.823312 -0.254534 0
0.823314 -0.179696 0
0.346217 0.072268 0
0.35042 0.0511521 0
0.377978 0.0736117 0
0.299163 -0.0234564 0
0.324333 -0.0226112 0
0.300079 -0.000154072 0
0.368324 0.0990861 0
0.403196 0.0906734 0
0.391064 0.128011 0
0.328448 0.120778 0
0.335946 0.100447 0
0.357909 0.12425 0
0.429571 0.0662699 0
0.420246 0.0369123 0
0.457408 0.0590463 0
0.384667 0.0330843 0
0.398445 0.0557057 0
0.378267 0.0734959 0
0.384807 0.0329611 0
0.4199 0.0367893 0
0.398584 0.0555825 0
0.353851 9.27801e-05 0
0.384435 0.00613566 0
0.353004 0.0216059 0
0.398507 0.0558978 0
0.403254 0.0903473 0
0.378329 0.073688 0
0.420355 0.00857494 0
0.459629 -0.0179316 0
0.459628 0.0179891 0
0.457725 -0.0592554 0
0.446131 -0.086956 0
0.498538 -0.0787593 0
0.459902 -0.0183708 0
0.457789 -0.058916 0
0.50376 -0.0458507 0
0.417846 -0.0563109 0
0.403542 -0.0903928 0
0.445679 -0.0869851 0
0.535797 0.0901461 0
0.518844 0.127477 0
0.499042 0.0789981 0
0.504151 0.0461561 0
0.535748 0.0898732 0
0.498993 0.0787252 0
0.553699 0.0514937 0
0.606992 0.0703943 0
0.536275 0.0898632 0
0.498837 0.0791015 0
0.518639 0.12758 0
0.47456 0.120963 0
0.439581 0.0971277 0
0.498571 0.0789993 0
0.474294 0.120861 0
0.504334 0.0460645 0
0.553355 0.0514121 0
0.53593 0.0897815 0
0.909399 -0.183706 0
0.904837 -0.281018 0
0.999379 -0.200216 0
0.908811 -0.183888 0
0.824143 -0.254653 0
0.904249 -0.281201 0
0.999697 -0.100611 0
0.909717 -0.1831 0
0.999697 -0.199611 0
0.816996 -0.0806906 0
0.748605 -0.170042 0
0.823318 -0.178848 0
0.751586 -0.326908 0
0.755506 -0.4101 0
0.825887 -0.348853 0
0.823356 -0.255354 0
0.751814 -0.326389 0
0.826115 -0.348333 0
0.740268 -0.250196 0
0.675951 -0.22784 0
0.683326 -0.305971 0
0.902624 -0.0929441 0
0.817513 -0.0804319 0
0.823834 -0.178589 0
0.999374 -0.100253 0
0.903518 -0.0930243 0
0.909394 -0.182743 0
0.999677 -0.0996423 0
0.999677 -0.000642326 0
0.903821 -0.0924133 0
0.332705 -0.577325 0
0.312812 -0.527009 0
0.271886 -0.564977 0
0.687689 -0.386113 0
0.692268 -0.454346 0
0.754846 -0.410651 0
0.526797 -0.312557 0
0.564765 -0.27163 0
0.51412 -0.256672 0
0.682759 -0.30655 0
0.621381 -0.288422 0
0.625582 -0.362692 0
0.750883 -0.326684 0
0.6834 -0.306754 0
0.687646 -0.385339 0
0.75106 -0.326232 0
0.74052 -0.250526 0
0.683578 -0.306301 0
0.29071 -0.426334 0
0.348548 -0.439098 0
0.319938 -0.396918 0
0.408535 -0.307332 0
0.437763 -0.277916 0
0.387134 -0.276096 0
0.306288 -0.469339 0
0.348502 -0.439341 0
0.290664 -0.426577 0
0.44537 -0.329314 0
0.437958 -0.278095 0
0.408731 -0.307511 0
0.575911 -0.399692 0
0.634577 -0.437719 0
0.625269 -0.363503 0
0.536769 -0.373959 0
0.496417 -0.414311 0
0.575153 -0.399649 0
0.445672 -0.329793 0
0.455489 -0.383847 0
0.481388 -0.345023 0
0.454901 -0.455139 0
0.419797 -0.420034 0
0.384515 -0.455316 0
0.392581 -0.594124 0
0.346498 -0.639798 0
0.414571 -0.642047 0
0.526514 -0.312634 0
0.513837 -0.256749 0
0.480615 -0.294487 0
0.428038 -0.153312 0
0.468217 -0.163607 0
0.474155 -0.121332 0
0.391366 -0.128274 0
0.427647 -0.153174 0
0.434038 -0.115229 0
0.411077 -0.186405 0
0.468006 -0.163825 0
0.427826 -0.153531 0
0.438039 -0.277607 0
0.467243 -0.242872 0
0.410965 -0.24821 0
0.513798 -0.21517 0
0.563062 -0.188187 0
0.513533 -0.175498 0
0.480418 -0.294254 0
0.51364 -0.256515 0
0.467728 -0.242956 0
0.564391 -0.229648 0
0.613154 -0.21356 0
0.563564 -0.188363 0
0.613349 -0.214032 0
0.565412 -0.271405 0
0.620948 -0.287807 0
0.468521 -0.163521 0
0.518537 -0.127864 0
0.474459 -0.121246 0
0.46809 -0.202503 0
0.513064 -0.175374 0
0.468481 -0.163952 0
0.513751 -0.256251 0
0.51348 -0.215623 0
0.467839 -0.242692 0
0.514245 -0.256396 0
0.56489 -0.271354 0
0.564064 -0.230069 0
0.563244 -0.18792 0
0.56804 -0.13549 0
0.513715 -0.17523 0
0.564058 -0.229654 0
0.563232 -0.188369 0
0.513967 -0.215352 0
0.514073 -0.256208 0
0.563893 -0.229882 0
0.513802 -0.21558 0
0.565222 -0.271211 0
0.613159 -0.213838 0
0.564396 -0.229926 0
0.613738 -0.213185 0
0.679662 -0.162401 0
0.623147 -0.143696 0
0.235136 -0.220385 0
0.250504 -0.20376 0
0.22822 -0.19495 0
0.908781 -0.373616 0
0.836731 -0.429926 0
0.914197 -0.463035 0
0.999412 -0.400122 0
0.909327 -0.373516 0
0.914742 -0.462935 0
0.903973 -0.281752 0
0.823867 -0.255205 0
0.826626 -0.348184 0
0.999682 -0.200605 0
0.90514 -0.281407 0
0.999682 -0.299605 0
0.904258 -0.282147 0
0.82691 -0.348578 0
0.908715 -0.372739 0
0.220547 -0.234982 0
0.234983 -0.220547 0
0.212237 -0.212237 0
0.213492 -0.275128 0
0.229571 -0.260264 0
0.203853 -0.250745 0
0.203876 -0.250611 0
0.229595 -0.260131 0
0.220501 -0.235243 0
0.275128 -0.213492 0
0.250745 -0.203853 0
0.260262 -0.22957 0
0.317792 -0.250649 0
0.31936 -0.224798 0
0.287962 -0.239749 0
0.292225 -0.190884 0
0.280742 -0.161734 0
0.264934 -0.185711 0
0.220413 -0.235008 0
0.212102 -0.212262 0
0.194978 -0.228092 0
0.250611 -0.203876 0
0.235243 -0.220501 0
0.260128 -0.229594 0
0.287622 -0.239642 0
0.275251 -0.213612 0
0.260386 -0.22969 0
0.242683 -0.176489 0
0.228245 -0.194802 0
0.25053 -0.203613 0
0.228092 -0.194978 0
0.212262 -0.212102 0
0.235008 -0.220413 0
0.243082 -0.744252 0
0.305947 -0.683339 0
0.227816 -0.675964 0
0.617497 -0.761085 0
0.71394 -0.785327 0
0.707842 -0.694449 0
0.58345 -0.58796 0
0.615816 -0.499452 0
0.529993 -0.542697 0
0.583545 -0.856223 0
0.571786 -0.928123 0
0.666071 -0.866837 0
0.527352 -0.739157 0
0.470826 -0.76957 0
0.519096 -0.819931 0
0.519232 -0.821036 0
0.468009 -0.910779 0
0.570908 -0.928152 0
0.346066 -0.640287 0
0.306772 -0.683069 0
0.371299 -0.699326 0
0.760489 -0.880578 0
0.800089 -0.999378 0
0.866089 -0.933378 0
0.287697 -0.621296 0
0.224654 -0.607682 0
0.227693 -0.6753 0
0.332871 -0.577889 0
0.288454 -0.621078 0
0.345877 -0.639674 0
0.271441 -0.565392 0
0.2248 -0.607313 0
0.287844 -0.620928 0
0.332623 -0.57764 0
0.271803 -0.565292 0
0.288205 -0.620828 0
0.312557 -0.526797 0
0.256672 -0.51412 0
0.27163 -0.564765 0
0.365722 -0.532543 0
0.313127 -0.5269 0
0.33302 -0.577216 0
0.348381 -0.490829 0
0.348696 -0.439556 0
0.306482 -0.469554 0
0.392997 -0.593493 0
0.457827 -0.584627 0
0.427704 -0.508613 0
0.496438 -0.414639 0
0.543129 -0.471699 0
0.575174 -0.399977 0
0.481827 -0.345272 0
0.496104 -0.414129 0
0.536456 -0.373777 0
0.455494 -0.455275 0
0.485691 -0.501094 0
0.495846 -0.414923 0
0.496139 -0.414979 0
0.485984 -0.50115 0
0.542829 -0.472038 0
0.420034 -0.419797 0
0.455139 -0.454901 0
0.455316 -0.384515 0
0.402864 -0.348856 0
0.419859 -0.419441 0
0.455141 -0.384159 0
0.375796 -0.39989 0
0.349047 -0.439204 0
0.384014 -0.455195 0
0.428005 -0.507874 0
0.485464 -0.501405 0
0.455266 -0.455587 0
0.366304 -0.532535 0
0.39269 -0.593318 0
0.427397 -0.508439 0
0.313179 -0.526612 0
0.365774 -0.532255 0
0.348461 -0.49133 0
0.333286 -0.57744 0
0.392374 -0.59355 0
0.365988 -0.532767 0
0.490647 -0.65796 0
0.415232 -0.642522 0
0.446154 -0.717852 0
0.485813 -0.501953 0
0.458477 -0.584435 0
0.529141 -0.542694 0
0.392954 -0.59394 0
0.414944 -0.641864 0
0.457784 -0.585074 0
0.348844 -0.491268 0
0.366157 -0.532193 0
0.42725 -0.508096 0
0.33322 -0.577798 0
0.346225 -0.639583 0
0.392308 -0.593908 0
0.529424 -0.542318 0
0.542941 -0.472466 0
0.486096 -0.501577 0
0.495833 -0.414164 0
0.481556 -0.345306 0
0.455658 -0.38413 0
0.577393 -0.333335 0
0.537041 -0.373687 0
0.575425 -0.399377 0
0.526595 -0.313193 0
0.481929 -0.344933 0
0.536558 -0.373438 0
0.427666 -0.50772 0
0.454928 -0.455433 0
0.384541 -0.45561 0
0.402599 -0.348907 0
0.376094 -0.399469 0
0.419594 -0.419492 0
0.354335 -0.334464 0
0.35903 -0.30385 0
0.323694 -0.314272 0
0.303947 -0.358935 0
0.35415 -0.334648 0
0.323509 -0.314457 0
0.349657 -0.366794 0
0.402293 -0.348515 0
0.354566 -0.334789 0
0.480091 -0.294614 0
0.438198 -0.278052 0
0.44561 -0.32927 0
0.408272 -0.307419 0
0.386871 -0.276183 0
0.359422 -0.303632 0
0.306362 -0.469846 0
0.31298 -0.526402 0
0.348261 -0.491121 0
0.319695 -0.396743 0
0.27618 -0.387057 0
0.290467 -0.42616 0
0.375582 -0.399694 0
0.320223 -0.396829 0
0.348833 -0.439008 0
0.359274 -0.303436 0
0.386723 -0.275986 0
0.364065 -0.248832 0
0.349728 -0.367011 0
0.37586 -0.399293 0
0.402365 -0.348731 0
0.408309 -0.307764 0
0.354763 -0.334591 0
0.40249 -0.348317 0
0.303919 -0.359317 0
0.319984 -0.396453 0
0.349212 -0.367037 0
0.354618 -0.334441 0
0.408164 -0.307614 0
0.359314 -0.303828 0
0.290117 -0.426475 0
0.248252 -0.410926 0
0.242914 -0.467204 0
0.303483 -0.359231 0
0.262989 -0.350978 0
0.276034 -0.38668 0
0.304034 -0.35911 0
0.349327 -0.36683 0
0.354236 -0.334824 0
0.295564 -0.272959 0
0.317712 -0.25081 0
0.287882 -0.239911 0
0.323211 -0.31404 0
0.295534 -0.273356 0
0.273387 -0.295505 0
0.320494 -0.281318 0
0.317821 -0.250949 0
0.295674 -0.273098 0
0.323369 -0.313993 0
0.320512 -0.281529 0
0.295692 -0.273309 0
0.323581 -0.314095 0
0.358918 -0.303673 0
0.320725 -0.281631 0
0.248002 -0.410956 0
0.215655 -0.435422 0
0.242664 -0.467234 0
0.275941 -0.387104 0
0.248363 -0.410658 0
0.290228 -0.426206 0
0.27575 -0.386936 0
0.233506 -0.376173 0
0.248173 -0.41049 0
0.303674 -0.359384 0
0.276224 -0.386833 0
0.319739 -0.396519 0
0.375584 -0.399453 0
0.349452 -0.367171 0
0.320225 -0.396588 0
0.292738 -0.332887 0
0.263045 -0.350798 0
0.303539 -0.35905 0
0.24787 -0.410724 0
0.203361 -0.397982 0
0.215523 -0.43519 0
0.262755 -0.351034 0
0.233555 -0.375973 0
0.275799 -0.386737 0
0.262567 -0.350892 0
0.21997 -0.344485 0
0.233367 -0.375831 0
0.363706 -0.248673 0
0.31805 -0.250867 0
0.320722 -0.281236 0
0.179221 -0.460993 0
0.132726 -0.427995 0
0.137461 -0.468174 0
0.203102 -0.398013 0
0.170581 -0.419919 0
0.215264 -0.435221 0
0.202924 -0.397838 0
0.162181 -0.382966 0
0.170403 -0.419743 0
0.2563 -0.514222 0
0.201462 -0.557237 0
0.271258 -0.564867 0
0.319549 -0.224731 0
0.31798 -0.250582 0
0.344187 -0.219901 0
0.321073 -0.199612 0
0.319559 -0.22456 0
0.344197 -0.21973 0
0.320823 -0.199496 0
0.292465 -0.191121 0
0.296647 -0.218709 0
0.235092 -0.220657 0
0.220657 -0.235092 0
0.244864 -0.244864 0
0.213392 -0.275439 0
0.196197 -0.288995 0
0.207386 -0.315174 0
0.239568 -0.287808 0
0.213538 -0.275435 0
0.207531 -0.31517 0
0.24499 -0.245092 0
0.229876 -0.260207 0
0.263584 -0.263686 0
0.260205 -0.229875 0
0.245091 -0.24499 0
0.263685 -0.263584 0
0.260109 -0.229731 0
0.235225 -0.220639 0
0.244996 -0.244846 0
0.244846 -0.244997 0
0.220639 -0.235224 0
0.229732 -0.260112 0
0.203706 -0.25076 0
0.185926 -0.264777 0
0.213346 -0.275143 0
0.196125 -0.288826 0
0.21332 -0.27527 0
0.185901 -0.264904 0
0.999667 -0.999667 0
0.999667 -0.900667 0
0.900667 -0.999667 0
0.933511 -0.667089 0
0.920311 -0.759489 0
0.999511 -0.700089 0
0.9 -0.999333 0
0.933 -0.867333 0
0.867 -0.933333 0
0.999778 -0.899556 0
0.999778 -0.800556 0
0.933778 -0.866556 0
0.933444 -0.867222 0
0.900444 -0.999222 0
0.999444 -0.900222 0
0.999511 -0.800089 0
0.920311 -0.760489 0
0.933511 -0.866089 0
0.800556 -0.999778 0
0.899556 -0.999778 0
0.866556 -0.933778 0
0.759489 -0.880356 0
0.667089 -0.867156 0
0.700089 -0.999156 0
0.839822 -0.820578 0
0.760622 -0.879978 0
0.866222 -0.932778 0
0.839314 -0.820086 0
0.714857 -0.786143 0
0.760114 -0.879486 0
0.99954 -0.600127 0
0.928825 -0.571841 0
0.93354 -0.666127 0
0.759537 -0.879641 0
0.714279 -0.786298 0
0.667137 -0.866441 0
0.9328 -0.866733 0
0.8404 -0.820533 0
0.8668 -0.932733 0
0.919286 -0.760048 0
0.786343 -0.71479 0
0.840086 -0.819448 0
0.8394 -0.819533 0
0.785657 -0.714876 0
0.714943 -0.78559 0
0.999733 -0.700533 0
0.920533 -0.759933 0
0.999733 -0.799533 0
0.857114 -0.643486 0
0.7864 -0.7142 0
0.919343 -0.759457 0
0.933035 -0.666898 0
0.857606 -0.643327 0
0.919835 -0.759298 0
0.999778 -0.600556 0
0.933778 -0.666556 0
0.999778 -0.699556 0
0.928349 -0.571984 0
0.857635 -0.642698 0
0.933063 -0.66627 0
0.999762 -0.500571 0
0.929048 -0.571286 0
0.999762 -0.599571 0
0.819964 -0.557765 0
0.835934 -0.430675 0
0.764965 -0.502925 0
0.820463 -0.557633 0
0.9139 -0.463652 0
0.836434 -0.430544 0
0.692525 -0.454737 0
0.764269 -0.502515 0
0.755103 -0.411041 0
0.69632 -0.588474 0
0.696847 -0.529051 0
0.639988 -0.558933 0
0.642961 -0.638167 0
0.696139 -0.58884 0
0.639807 -0.5593 0
0.757597 -0.620404 0
0.764292 -0.503663 0
0.696938 -0.588594 0
0.785363 -0.713907 0
0.757707 -0.621459 0
0.708549 -0.693743 0
0.819702 -0.558401 0
0.764704 -0.503562 0
0.758009 -0.620303 0
0.826683 -0.349073 0
0.836437 -0.429544 0
0.908487 -0.373233 0
0.740988 -0.250354 0
0.751528 -0.32606 0
0.823071 -0.255026 0
0.755789 -0.410445 0
0.835924 -0.429669 0
0.82617 -0.349197 0
0.577841 -0.332928 0
0.62523 -0.362781 0
0.621029 -0.288511 0
0.565292 -0.271803 0
0.57764 -0.332623 0
0.620828 -0.288205 0
0.526406 -0.312929 0
0.480507 -0.294783 0
0.481741 -0.344669 0
0.564977 -0.271886 0
0.527009 -0.312812 0
0.577325 -0.332705 0
0.445252 -0.329549 0
0.408613 -0.307747 0
0.402794 -0.3483 0
0.455226 -0.383858 0
0.445409 -0.329805 0
0.40295 -0.348555 0
0.481471 -0.344725 0
0.480237 -0.294838 0
0.445755 -0.329494 0
0.82058 -0.558702 0
0.857257 -0.642337 0
0.927972 -0.571623 0
0.914208 -0.464124 0
0.820771 -0.558104 0
0.928163 -0.571025 0
0.764089 -0.503356 0
0.697264 -0.528865 0
0.696736 -0.588287 0
0.755583 -0.410959 0
0.764749 -0.502433 0
0.835718 -0.430183 0
0.692331 -0.455131 0
0.697249 -0.528418 0
0.764075 -0.502909 0
0.999477 -0.500116 0
0.914808 -0.463929 0
0.928763 -0.570831 0
0.999715 -0.499545 0
0.999715 -0.400545 0
0.915046 -0.463358 0
0.682927 -0.306098 0
0.675553 -0.227966 0
0.621549 -0.28797 0
0.909612 -0.372971 0
0.999697 -0.399577 0
0.999697 -0.300577 0
0.856688 -0.642502 0
0.820011 -0.558867 0
0.758318 -0.620769 0
0.625642 -0.363457 0
0.63495 -0.437673 0
0.687065 -0.3859 0
0.708404 -0.694292 0
0.714503 -0.78517 0
0.785218 -0.714456 0
0.491068 -0.657388 0
0.528549 -0.60435 0
0.458492 -0.585161 0
0.639431 -0.559298 0
0.583905 -0.58848 0
0.642585 -0.638166 0
0.707869 -0.693383 0
0.696367 -0.58929 0
0.64319 -0.638617 0
0.69658 -0.528752 0
0.616561 -0.499307 0
0.639721 -0.558634 0
0.616032 -0.498715 0
0.634439 -0.438414 0
0.543727 -0.472109 0
0.639342 -0.558833 0
0.616183 -0.499506 0
0.583817 -0.588015 0
0.696755 -0.528405 0
0.691836 -0.455117 0
0.616736 -0.498959 0
0.785859 -0.713736 0
0.856574 -0.643022 0
0.758203 -0.621289 0
0.691629 -0.454815 0
0.634935 -0.438356 0
0.616528 -0.498657 0
0.470102 -0.76971 0
0.399807 -0.765036 0
0.430037 -0.835767 0
0.527109 -0.738817 0
0.446461 -0.718546 0
0.470583 -0.76923 0
0.707498 -0.693716 0
0.642819 -0.63895 0
0.585784 -0.688541 0
0.528677 -0.603966 0
0.529284 -0.543036 0
0.458621 -0.584777 0
0.527641 -0.738346 0
0.584676 -0.688755 0
0.491487 -0.658183 0
0.583159 -0.588311 0
0.529702 -0.543048 0
0.529095 -0.603978 0
0.414834 -0.642661 0
0.371994 -0.699451 0
0.445756 -0.717991 0
0.999378 -0.300182 0
0.904837 -0.281984 0
0.909294 -0.372576 0
0.141749 -0.291755 0
0.164166 -0.279003 0
0.136309 -0.267423 0
0.203613 -0.25053 0
0.194802 -0.228245 0
0.176489 -0.242683 0
0.250953 -0.318048 0
0.262869 -0.35066 0
0.292562 -0.332749 0
0.273135 -0.295715 0
0.250988 -0.317864 0
0.292596 -0.332565 0
0.323202 -0.314238 0
0.273378 -0.295703 0
0.292839 -0.332553 0
0.303742 -0.358928 0
0.323304 -0.31445 0
0.292941 -0.332765 0
0.359053 -0.303454 0
0.363844 -0.24885 0
0.32086 -0.281412 0
0.263711 -0.263946 0
0.239955 -0.287704 0
0.273002 -0.295385 0
0.239693 -0.28795 0
0.207656 -0.315312 0
0.250592 -0.31778 0
0.213612 -0.275251 0
0.239643 -0.287624 0
0.229691 -0.260388 0
0.207589 -0.315501 0
0.219844 -0.344173 0
0.250525 -0.317969 0
0.220385 -0.235136 0
0.19495 -0.22822 0
0.20376 -0.250504 0
0.176302 -0.242822 0
0.156912 -0.255778 0
0.185646 -0.264685 0
0.172511 -0.304591 0
0.141816 -0.292013 0
0.147853 -0.31902 0
0.571286 -0.929048 0
0.500571 -0.999762 0
0.599571 -0.999762 0
0.700533 -0.9996 0
0.799533 -0.9996 0
0.759933 -0.8808 0
0.370633 -0.911174 0
0.300569 -0.999702 0
0.399569 -0.999702 0
0.429932 -0.836724 0
0.371291 -0.910332 0
0.467043 -0.910772 0
0.571294 -0.927969 0
0.583054 -0.856068 0
0.519618 -0.820852 0
0.399387 -0.765235 0
0.3447 -0.829183 0
0.429617 -0.835966 0
0.278599 -0.905708 0
0.259831 -0.821759 0
0.183897 -0.908809 0
0.200208 -0.999384 0
0.278399 -0.906304 0
0.183697 -0.909405 0
0.300166 -0.999389 0
0.37023 -0.910861 0
0.279357 -0.906309 0
0.429521 -0.836452 0
0.344604 -0.829669 0
0.370881 -0.910059 0
0.399112 -0.764534 0
0.371523 -0.699984 0
0.320559 -0.755464 0
0.666659 -0.866045 0
0.713802 -0.785903 0
0.617359 -0.761661 0
0.371213 -0.699712 0
0.306685 -0.683455 0
0.320248 -0.755192 0
0.919778 -0.760556 0
0.840578 -0.819956 0
0.932978 -0.866156 0
0.615681 -0.499064 0
0.543376 -0.472457 0
0.529859 -0.542309 0
0.687287 -0.386205 0
0.635173 -0.437978 0
0.691866 -0.454438 0
0.575637 -0.400055 0
0.543591 -0.471778 0
0.634303 -0.438083 0
0.577689 -0.3333 0
0.57572 -0.399342 0
0.625078 -0.363153 0
0.577231 -0.333046 0
0.526914 -0.313153 0
0.536878 -0.373398 0
0.666556 -0.867556 0
0.600556 -0.999556 0
0.699556 -0.999556 0
0.470156 -0.769317 0
0.446034 -0.718633 0
0.399861 -0.764643 0
0.51877 -0.820256 0
0.470501 -0.769895 0
0.430437 -0.835952 0
0.467537 -0.910471 0
0.51876 -0.820728 0
0.430427 -0.836424 0
0.583205 -0.855511 0
0.616431 -0.761741 0
0.519769 -0.820294 0
0.519584 -0.819904 0
0.616245 -0.76135 0
0.52784 -0.73913 0
0.571841 -0.928603 0
0.600127 -0.999317 0
0.666127 -0.867317 0
0.616922 -0.761895 0
0.583697 -0.855665 0
0.666223 -0.866279 0
0.467945 -0.911378 0
0.50013 -0.999465 0
0.570844 -0.928751 0
0.104491 -0.478865 0
0.137093 -0.468272 0
0.0972672 -0.439495 0
0.0593742 -0.457637 0
0.104231 -0.478829 0
0.0970064 -0.439459 0
0.0789699 -0.498897 0
0.104857 -0.532037 0
0.104322 -0.479277 0
0.066174 -0.551479 0
0.0786457 -0.499046 0
0.0460767 -0.504204 0
0.142499 -0.513101 0
0.137245 -0.468519 0
0.104643 -0.479112 0
0.0664751 -0.55186 0
0.10991 -0.58473 0
0.104834 -0.532567 0
0.189532 -0.506596 0
0.179429 -0.461406 0
0.142924 -0.513169 0
0.233263 -0.376209 0
0.203421 -0.397784 0
0.24793 -0.410526 0
0.233076 -0.376053 0
0.192196 -0.363859 0
0.203234 -0.397628 0
0.25071 -0.318087 0
0.220028 -0.344291 0
0.262625 -0.350699 0
0.20736 -0.31555 0
0.18211 -0.332715 0
0.219614 -0.344223 0
0.295384 -0.273002 0
0.287701 -0.239954 0
0.263945 -0.263712 0
0.141584 -0.291749 0
0.136144 -0.267417 0
0.114966 -0.27718 0
0.0928731 -0.285343 0
0.120902 -0.301277 0
0.114752 -0.277272 0
0.164512 -0.278985 0
0.195961 -0.288839 0
0.185737 -0.264917 0
0.121176 -0.301439 0
0.147681 -0.319009 0
0.141643 -0.292003 0
0.181953 -0.332583 0
0.207203 -0.315418 0
0.172844 -0.304714 0
0.263828 -0.263567 0
0.287584 -0.239809 0
0.260347 -0.229858 0
0.23981 -0.287586 0
0.263566 -0.263829 0
0.229859 -0.26035 0
0.239912 -0.287884 0
0.250811 -0.317714 0
0.272958 -0.295565 0
0.273188 -0.295336 0
0.295335 -0.273188 0
0.263897 -0.263897 0
0.292371 -0.190821 0
0.308318 -0.166951 0
0.280887 -0.161671 0
0.296494 -0.218756 0
0.292313 -0.191167 0
0.275388 -0.213414 0
0.320863 -0.199323 0
0.308452 -0.167077 0
0.292505 -0.190947 0
0.296737 -0.218821 0
0.3194 -0.224557 0
0.320914 -0.199608 0
0.287743 -0.239606 0
0.296479 -0.218918 0
0.275372 -0.213576 0
0.287891 -0.239643 0
0.319289 -0.224692 0
0.296626 -0.218956 0
0.344263 -0.219557 0
0.33906 -0.173031 0
0.321138 -0.199439 0
0.164216 -0.278882 0
0.156706 -0.255908 0
0.136359 -0.267303 0
0.172567 -0.304457 0
0.164287 -0.279127 0
0.141871 -0.29188 0
0.172748 -0.304447 0
0.195918 -0.288971 0
0.164469 -0.279117 0
0.161931 -0.382944 0
0.128487 -0.391168 0
0.170153 -0.419721 0
0.467373 -0.911616 0
0.400558 -0.999703 0
0.499558 -0.999703 0
0.219734 -0.344528 0
0.192252 -0.363681 0
0.233131 -0.375874 0
0.164381 -0.278874 0
0.185606 -0.264806 0
0.156872 -0.255899 0
0.162254 -0.382779 0
0.202996 -0.39765 0
0.191959 -0.363882 0
0.154684 -0.349484 0
0.162091 -0.382617 0
0.191797 -0.36372 0
0.128388 -0.391318 0
0.132665 -0.4276 0
0.170055 -0.419871 0
0.127715 -0.328285 0
0.096423 -0.309443 0
0.100378 -0.335785 0
0.127784 -0.32817 0
0.120958 -0.301527 0
0.096492 -0.309328 0
0.127956 -0.328203 0
0.147635 -0.319131 0
0.12113 -0.30156 0
0.124274 -0.357909 0
0.127808 -0.328448 0
0.100471 -0.335948 0
0.0847677 -0.370841 0
0.12413 -0.358051 0
0.100327 -0.33609 0
0.128333 -0.390962 0
0.161778 -0.382738 0
0.124481 -0.358275 0
0.15475 -0.349317 0
0.191863 -0.363554 0
0.181841 -0.332893 0
0.124455 -0.357954 0
0.154345 -0.349284 0
0.127989 -0.328492 0
0.124568 -0.358135 0
0.161866 -0.382598 0
0.154458 -0.349465 0
0.181754 -0.332595 0
0.172645 -0.304727 0
0.147987 -0.319156 0
0.141533 -0.291863 0
0.114915 -0.277294 0
0.121066 -0.301299 0
0.0926415 -0.285418 0
0.0701967 -0.291748 0
0.0962047 -0.309152 0
0.371191 -0.910877 0
0.400128 -0.999405 0
0.466943 -0.911318 0
0.259462 -0.821497 0
0.168637 -0.827394 0
0.183528 -0.908546 0
0.320002 -0.756084 0
0.260505 -0.820992 0
0.343869 -0.829102 0
0.24273 -0.745217 0
0.168836 -0.826846 0
0.259661 -0.820948 0
0.319665 -0.755802 0
0.243236 -0.744978 0
0.260167 -0.82071 0
0.39902 -0.764967 0
0.320467 -0.755896 0
0.344334 -0.828914 0
0.306256 -0.683605 0
0.243391 -0.744518 0
0.319819 -0.755342 0
0.19208 -0.7137 0
0.155131 -0.753032 0
0.242458 -0.744611 0
0.227434 -0.676065 0
0.192323 -0.713442 0
0.242701 -0.744353 0
0.2271 -0.675872 0
0.142926 -0.686567 0
0.191988 -0.713248 0
0.0227727 -0.324444 0
0.0486836 -0.321764 0
0.0236193 -0.299236 0
0.000154068 -0.300079 0
0.0226099 -0.324372 0
0.0234564 -0.299163 0
0.0228643 -0.324615 0
0.0509038 -0.35016 0
0.0487752 -0.321935 0
0.100132 -0.335858 0
0.0712465 -0.317584 0
0.0792753 -0.34174 0
0.172891 -0.304568 0
0.20725 -0.315272 0
0.196061 -0.289093 0
0.128067 -0.328363 0
0.154423 -0.349154 0
0.147747 -0.31929 0
0.19208 -0.363537 0
0.219563 -0.344384 0
0.182059 -0.332876 0
0.120841 -0.301384 0
0.0928115 -0.285451 0
0.0963747 -0.309185 0
0.0699602 -0.291812 0
0.047088 -0.296362 0
0.071038 -0.317285 0
-1.02445e-09 -0.353957 0
-0.0204577 -0.38454 0
0.0204576 -0.38454 0
7.24337e-05 -0.325577 0
7.24337e-05 -0.353654 0
0.0215855 -0.352806 0
-0.0292819 -0.353006 0
-0.0206246 -0.384434 0
-0.000166912 -0.353851 0
-8.77049e-05 -0.325482 0
-0.0261358 -0.3246 0
-8.77049e-05 -0.353559 0
-0.0509413 -0.350454 0
-0.053321 -0.382008 0
-0.029561 -0.352986 0
0.279135 -0.905442 0
0.343732 -0.829603 0
0.260367 -0.821494 0
-0.0184642 -0.459601 0
-0.0560357 -0.41806 0
-0.0766381 -0.453983 0
0.0561987 -0.417634 0
0.0902809 -0.403332 0
0.0535418 -0.382403 0
0.0182827 -0.459621 0
0.0588279 -0.457509 0
0.0196016 -0.420347 0
0.0969501 -0.439074 0
0.0904266 -0.403522 0
0.0563444 -0.417824 0
0.0592132 -0.457433 0
0.0968454 -0.439255 0
0.0562396 -0.418005 0
0.0458508 -0.50376 0
0.058916 -0.457789 0
0.0183708 -0.459901 0
0.078817 -0.498648 0
0.10417 -0.479028 0
0.0593132 -0.457836 0
0.137187 -0.468101 0
0.132451 -0.427922 0
0.0973611 -0.439324 0
0.0489231 -0.321731 0
0.0709674 -0.317386 0
0.0470174 -0.296462 0
0.0218312 -0.352792 0
0.0508134 -0.350264 0
0.0227739 -0.324719 0
0.0791038 -0.341693 0
0.071075 -0.317538 0
0.0490308 -0.321883 0
0.0510923 -0.350218 0
0.0790367 -0.341802 0
0.0489637 -0.321993 0
0.020777 -0.384529 0
0.0531944 -0.382124 0
0.0218324 -0.353099 0
0.084453 -0.370835 0
0.0791558 -0.341966 0
0.0512114 -0.350382 0
0.0208915 -0.384745 0
0.0559659 -0.417571 0
0.0533089 -0.38234 0
0.128075 -0.390923 0
0.124223 -0.358235 0
0.0848608 -0.371025 0
0.100188 -0.335749 0
0.0962337 -0.309407 0
0.0713034 -0.317476 0
0.0846174 -0.370787 0
0.100176 -0.336036 0
0.0793201 -0.341918 0
0.147927 -0.319305 0
0.154603 -0.349169 0
0.181694 -0.332744 0
-0.0196 -0.419964 0
-0.0207784 -0.384871 0
-0.0558526 -0.417696 0
0.046053 -0.50389 0
0.078622 -0.498732 0
0.0591181 -0.457919 0
0.000148043 -0.325479 0
0.0216611 -0.352709 0
0.0226039 -0.324636 0
7.56088e-05 -0.300166 0
7.56078e-05 -0.325303 0
0.0225314 -0.324459 0
-0.0262338 -0.324691 0
-0.0293007 -0.352805 0
-0.000185735 -0.353651 0
-0.0234685 -0.299248 0
-0.0262142 -0.324417 0
-0.000166164 -0.3253 0
-0.0487902 -0.321974 0
-0.0509158 -0.350158 0
-0.0264686 -0.324577 0
0.053505 -0.38207 0
0.084367 -0.370969 0
0.0511253 -0.350516 0
0.0196 -0.419964 0
0.0558527 -0.417697 0
0.0207784 -0.384871 0
0.0903759 -0.403176 0
0.0844987 -0.371146 0
0.0536367 -0.382247 0
0.0197281 -0.420207 0
0.0589544 -0.457369 0
0.0559808 -0.417941 0
0.132399 -0.427545 0
0.128122 -0.391263 0
0.0907852 -0.403394 0
-0.0233808 -0.299166 0
-7.84601e-05 -0.325218 0
-7.84591e-05 -0.300082 0
0.0532955 -0.38201 0
0.0509158 -0.350456 0
0.0219336 -0.352984 0
0.0487645 -0.32167 0
0.0468588 -0.296401 0
0.0237001 -0.299142 0
0.00290813 -0.903875 0
-0.092069 -0.903498 0
-0.000298197 -0.999356 0
0.0993441 -0.999679 0
0.00355045 -0.904198 0
0.000344129 -0.999679 0
0.0955653 -0.901967 0
0.0919105 -0.815582 0
0.00672438 -0.817483 0
-0.0402312 -0.551727 0
-0.0131792 -0.608575 0
-0.000178631 -0.554341 0
-0.121135 -0.572148 0
-0.0576341 -0.608631 0
-0.0809709 -0.549165 0
-0.150885 -0.51516 0
-0.121552 -0.571748 0
-0.112661 -0.523295 0
-0.104589 -0.4793 0
-0.150829 -0.51485 0
-0.112604 -0.522984 0
-0.189673 -0.506899 0
-0.213171 -0.550139 0
-0.151449 -0.515033 0
-0.143039 -0.622767 0
-0.0578423 -0.608878 0
-0.121343 -0.572395 0
0.155257 -0.619103 0
0.142803 -0.686251 0
0.226976 -0.675556 0
0.200967 -0.557727 0
0.155442 -0.618445 0
0.224122 -0.607279 0
0.10996 -0.585286 0
0.0706759 -0.607455 0
0.115596 -0.643311 0
0.148425 -0.563571 0
0.110352 -0.585056 0
0.154886 -0.61839 0
0.148258 -0.563283 0
0.105109 -0.532605 0
0.110185 -0.584768 0
0.0340607 -0.580347 0
-0.0128276 -0.608951 0
0.0306494 -0.637922 0
0.0661071 -0.552094 0
0.0344572 -0.580054 0
0.0702579 -0.607133 0
7.03263e-05 -0.554436 0
-0.0129302 -0.60867 0
0.0339581 -0.580067 0
0.045814 -0.504389 0
0.000373662 -0.553992 0
0.0659114 -0.551663 0
-0.0461257 -0.504195 0
-0.0786948 -0.499036 0
-0.0807905 -0.548571 0
-0.0406101 -0.55136 0
-0.0459979 -0.50437 0
-0.0806627 -0.548747 0
-0.057364 -0.608562 0
-0.0406483 -0.55171 0
-0.0807008 -0.549097 0
-0.000134858 -0.553993 0
-0.000134858 -0.505038 0
-0.0401874 -0.55138 0
-0.000213471 -0.504565 0
-0.0181738 -0.460057 0
-0.0456538 -0.503917 0
0.0753426 -0.66974 0
0.089013 -0.736781 0
0.142074 -0.686625 0
0.031064 -0.638215 0
0.0749086 -0.669147 0
0.070276 -0.607719 0
-0.0108974 -0.671095 0
-0.00859837 -0.739557 0
0.0340241 -0.703727 0
0.115987 -0.643687 0
0.14243 -0.686144 0
0.154885 -0.618996 0
0.110242 -0.585324 0
0.115879 -0.643348 0
0.154777 -0.618658 0
0.0754322 -0.669428 0
0.142163 -0.686313 0
0.11572 -0.643856 0
0.00623055 -0.81681 0
0.048312 -0.776108 0
-0.0084933 -0.740286 0
0.154452 -0.752917 0
0.142339 -0.686904 0
0.0892785 -0.73706 0
0.0961058 -0.902 0
0.167786 -0.827352 0
0.092451 -0.815615 0
0.168485 -0.826619 0
0.242379 -0.74499 0
0.155052 -0.75341 0
0.148649 -0.562959 0
0.189429 -0.506937 0
0.142821 -0.51351 0
0.148844 -0.563105 0
0.200829 -0.557207 0
0.189623 -0.507083 0
0.105217 -0.532366 0
0.148366 -0.563044 0
0.142538 -0.513595 0
0.104535 -0.479325 0
0.10507 -0.532085 0
0.142391 -0.513314 0
0.0663599 -0.552111 0
0.0705107 -0.607149 0
0.109795 -0.58498 0
0.0705593 -0.607737 0
0.0751919 -0.669165 0
0.11548 -0.643592 0
0.22451 -0.6071 0
0.271151 -0.565179 0
0.201355 -0.557548 0
0.22725 -0.675292 0
0.22421 -0.607673 0
0.15553 -0.61884 0
0.154796 -0.752838 0
0.191745 -0.713506 0
0.142683 -0.686825 0
0.306098 -0.682927 0
0.28797 -0.621549 0
0.227966 -0.675553 0
0.306493 -0.682808 0
0.345788 -0.640026 0
0.288365 -0.62143 0
-0.224553 -0.607082 0
-0.213688 -0.550641 0
-0.271194 -0.565161 0
-0.0533088 -0.382339 0
-0.0559657 -0.41757 0
-0.0208915 -0.384745 0
-0.0236314 -0.299236 0
-0.0486987 -0.321803 0
-0.0263771 -0.324406 0
-0.0112254 -0.670985 0
-0.0637225 -0.670989 0
-0.00892638 -0.739447 0
-0.0403404 -0.551213 0
-0.000287856 -0.504871 0
-0.0457282 -0.504223 0
0.0181738 -0.460057 0
0.000213469 -0.504565 0
0.0456538 -0.503917 0
-0.0461123 -0.503879 0
-0.0768063 -0.454401 0
-0.0786814 -0.49872 0
0.0179604 -0.45991 0
-0.0179604 -0.45991 0
-1.02445e-09 -0.504417 0
-0.0192187 -0.420222 0
0.0180208 -0.459495 0
0.0193397 -0.420222 0
-0.143165 -0.623345 0
-0.152186 -0.683434 0
-0.0646429 -0.670642 0
-0.151415 -0.515297 0
-0.213137 -0.550402 0
-0.179342 -0.585413 0
-0.294254 -0.480418 0
-0.256515 -0.51364 0
-0.242956 -0.467729 0
-0.287845 -0.620932 0
-0.224801 -0.607318 0
-0.271443 -0.565397 0
-0.385462 -0.68723 0
-0.306877 -0.682984 0
-0.36302 -0.625808 0
-0.385666 -0.687905 0
-0.410203 -0.755061 0
-0.320643 -0.755392 0
-0.213795 -0.55033 0
-0.256341 -0.514198 0
-0.271301 -0.564849 0
-0.121775 -0.571957 0
-0.151108 -0.515369 0
-0.179035 -0.585486 0
-0.190025 -0.506895 0
-0.256068 -0.514004 0
-0.213522 -0.550135 0
-0.0195916 -0.420214 0
-0.0558442 -0.417946 0
-0.0182727 -0.459488 0
-0.0180253 -0.459628 0
0.0178954 -0.459628 0
-0.0193441 -0.420354 0
0.00113778 -0.401765 0
0.0204615 -0.3847 0
-0.0204538 -0.3847 0
0.019283 -0.420029 0
0.00113778 -0.402002 0
-0.0192754 -0.420029 0
0.0194168 -0.419911 0
0.0205953 -0.384818 0
0.00127158 -0.401883 0
-0.0468588 -0.296401 0
-0.0487674 -0.321709 0
-0.0237001 -0.299142 0
-0.0742166 -0.315428 0
-0.0489369 -0.321764 0
-0.0470283 -0.296456 0
0.000141315 -0.353851 0
0.020599 -0.384434 0
0.0216544 -0.353004 0
-0.0532198 -0.382122 0
-0.0208026 -0.384529 0
-0.0294599 -0.353101 0
-0.0194092 -0.419911 0
0.00100399 -0.401883 0
-0.0205876 -0.384818 0
-0.0962075 -0.309171 0
-0.0701968 -0.291748 0
-0.0926415 -0.285418 0
-0.0294707 -0.352794 0
-0.0264038 -0.32468 0
-0.0508509 -0.350261 0
-0.0470989 -0.296355 0
-0.0699711 -0.291805 0
-0.0742872 -0.315327 0
0.0955817 -0.90287 0
0.00387004 -0.903873 0
0.0996637 -0.999354 0
0.199611 -0.999697 0
0.183101 -0.909718 0
0.100611 -0.999697 0
-0.0844987 -0.371146 0
-0.0903759 -0.403176 0
-0.0536366 -0.382245 0
-0.0928115 -0.285451 0
-0.120841 -0.301384 0
-0.0963774 -0.309203 0
-0.0903592 -0.403571 0
-0.0768794 -0.453795 0
-0.0562769 -0.417872 0
-0.153174 -0.427648 0
-0.115229 -0.434037 0
-0.128274 -0.391366 0
-0.153204 -0.427905 0
-0.137316 -0.468084 0
-0.115259 -0.434294 0
-0.215239 -0.435401 0
-0.179662 -0.460826 0
-0.186665 -0.411078 0
-0.0902809 -0.403332 0
-0.0561986 -0.417632 0
-0.0535416 -0.382401 0
-0.127963 -0.391074 0
-0.0906253 -0.403205 0
-0.0847481 -0.371176 0
-0.114848 -0.434165 0
-0.0770759 -0.45385 0
-0.0905558 -0.403626 0
-0.137153 -0.468255 0
-0.104551 -0.478848 0
-0.115096 -0.434465 0
-0.0766041 -0.45427 0
-0.0459102 -0.503748 0
-0.0184302 -0.459889 0
-0.104229 -0.479016 0
-0.0788764 -0.498637 0
-0.0770013 -0.454317 0
-0.114894 -0.434418 0
-0.10435 -0.478801 0
-0.0771222 -0.454102 0
-0.137273 -0.468524 0
-0.150911 -0.514667 0
-0.104671 -0.479117 0
-0.0404223 -0.55191 0
-0.057138 -0.608762 0
-0.0133703 -0.608758 0
-0.112285 -0.523163 0
-0.0810125 -0.548635 0
-0.0789168 -0.4991 0
-0.112427 -0.523408 0
-0.121318 -0.571862 0
-0.0811548 -0.548879 0
0.200714 -0.55758 0
0.148728 -0.563478 0
0.155189 -0.618298 0
0.000152997 -0.50488 0
0.000152997 -0.553835 0
0.0455933 -0.504232 0
0.0342231 -0.704078 0
-0.00839936 -0.739908 0
0.0484059 -0.77573 0
0.074982 -0.669798 0
0.0346365 -0.703713 0
0.0886525 -0.736838 0
0.0747884 -0.669468 0
0.0309437 -0.638536 0
0.0344429 -0.703384 0
0.0306566 -0.63854 0
-0.0107657 -0.670756 0
0.0341558 -0.703388 0
0.0343391 -0.580342 0
0.0309278 -0.637917 0
0.0701399 -0.607421 0
-0.0129786 -0.609253 0
-0.0109238 -0.67044 0
0.0304985 -0.638224 0
0.0658725 -0.551916 0
0.000334765 -0.554245 0
0.0342225 -0.579877 0
-0.05704 -0.60916 0
-0.0112176 -0.670342 0
-0.0132723 -0.609155 0
-0.0644037 -0.671032 0
-0.151947 -0.683824 0
-0.071872 -0.739494 0
-0.0572099 -0.609366 0
-0.0638845 -0.670552 0
-0.0113874 -0.670548 0
-0.057651 -0.609207 0
-0.142848 -0.623096 0
-0.0643257 -0.670393 0
-0.0713928 -0.739681 0
-0.00912828 -0.739678 0
-0.0639244 -0.671219 0
-0.154428 -0.752916 0
-0.0721741 -0.739768 0
-0.152249 -0.684098 0
-0.183697 -0.909405 0
-0.278398 -0.906303 0
-0.200208 -0.999384 0
-0.242729 -0.745213 0
-0.25966 -0.820946 0
-0.168836 -0.826846 0
-0.196579 -0.713641 0
-0.242473 -0.744608 0
-0.155146 -0.753031 0
-0.152665 -0.68401 0
-0.196277 -0.713437 0
-0.154845 -0.752828 0
-0.152779 -0.683653 0
-0.188715 -0.646541 0
-0.196391 -0.713081 0
-0.236852 -0.670904 0
-0.305979 -0.683326 0
-0.243112 -0.744232 0
-0.320002 -0.756084 0
-0.343869 -0.829102 0
-0.260504 -0.82099 0
-0.0923562 -0.902886 0
0.00262093 -0.903264 0
-0.0858837 -0.817062 0
-0.0858534 -0.815972 0
-0.00920187 -0.740163 0
-0.0714663 -0.740167 0
-0.279357 -0.906308 0
-0.37023 -0.910861 0
-0.300166 -0.999389 0
-0.260367 -0.821491 0
-0.343732 -0.829603 0
-0.279135 -0.905441 0
-0.196852 -0.713365 0
-0.236485 -0.671005 0
-0.242746 -0.744332 0
-0.306733 -0.683419 0
-0.385319 -0.687664 0
-0.320296 -0.755151 0
-0.24339 -0.744515 0
-0.306257 -0.683609 0
-0.319819 -0.755342 0
-0.288423 -0.621386 0
-0.362694 -0.625587 0
-0.306551 -0.682764 0
-0.410444 -0.755792 0
-0.433627 -0.832802 0
-0.34475 -0.82914 0
-0.0996423 -0.999677 0
-0.000642326 -0.999677 0
-0.0924131 -0.90382 0
0.0923824 -0.814817 0
0.154285 -0.753346 0
0.0891108 -0.737489 0
-0.0855542 -0.816775 0
0.00295038 -0.902977 0
0.00582111 -0.81749 0
0.370377 -0.910292 0
0.344101 -0.829901 0
0.279504 -0.90574 0
0.0926471 -0.815117 0
0.167983 -0.826855 0
0.154549 -0.753646 0
0.278788 -0.906607 0
0.200597 -0.999687 0
0.299597 -0.999687 0
0.0964096 -0.902312 0
0.182981 -0.908817 0
0.16809 -0.827665 0
0.096182 -0.902889 0
0.100264 -0.999372 0
0.182753 -0.909393 0
0.0712025 -0.317329 0
0.0961328 -0.309259 0
0.0701248 -0.291855 0
0.0906253 -0.403205 0
0.127963 -0.391074 0
0.0847481 -0.371176 0
0.097205 -0.439107 0
0.132295 -0.427706 0
0.0906814 -0.403555 0
0.0663708 -0.551573 0
0.10473 -0.532279 0
0.0788425 -0.49914 0
0.179607 -0.460857 0
0.215185 -0.435432 0
0.170502 -0.42013 0
0.142749 -0.513041 0
0.179255 -0.461278 0
0.137495 -0.468459 0
0.189866 -0.506443 0
0.24235 -0.46764 0
0.179763 -0.461253 0
0.132836 -0.427834 0
0.179331 -0.460831 0
0.170226 -0.420104 0
0.256788 -0.513801 0
0.312673 -0.526478 0
0.306055 -0.469922 0
0.190122 -0.506619 0
0.256166 -0.513728 0
0.242606 -0.467816 0
0.189983 -0.506919 0
0.201189 -0.557042 0
0.256027 -0.514027 0
-0.084453 -0.370835 0
-0.0512113 -0.35038 0
-0.0791558 -0.341966 0
-0.141538 -0.291882 0
-0.121066 -0.301299 0
-0.114915 -0.277294 0
-0.12413 -0.358051 0
-0.0847677 -0.370841 0
-0.100326 -0.336088 0
-0.0791147 -0.341686 0
-0.0490446 -0.321915 0
-0.0743243 -0.31558 0
0.0489242 -0.776093 0
0.0920289 -0.814893 0
0.0887573 -0.737565 0
0.0345484 -0.704069 0
0.0487313 -0.775721 0
0.0885644 -0.737194 0
0.00656694 -0.817061 0
0.0917531 -0.81516 0
0.0486484 -0.77636 0
-0.0855941 -0.81623 0
0.0057812 -0.816945 0
-0.00894265 -0.740421 0
0.00355717 -0.903264 0
0.0952688 -0.902261 0
0.0064279 -0.817777 0
-0.161875 -0.382968 0
-0.153331 -0.427476 0
-0.12843 -0.391194 0
-0.172891 -0.304568 0
-0.19606 -0.28909 0
-0.207249 -0.31527 0
-0.154602 -0.349167 0
-0.147926 -0.319303 0
-0.181694 -0.332744 0
-0.164381 -0.278874 0
-0.156872 -0.255899 0
-0.185606 -0.264807 0
-0.147853 -0.319018 0
-0.14182 -0.292032 0
-0.172511 -0.304591 0
-0.136359 -0.267303 0
-0.156706 -0.255908 0
-0.164216 -0.278882 0
-0.215342 -0.435175 0
-0.186767 -0.410852 0
-0.210262 -0.393347 0
-0.242664 -0.467235 0
-0.215655 -0.435422 0
-0.248002 -0.410955 0
-0.179455 -0.4608 0
-0.153584 -0.427803 0
-0.186458 -0.411053 0
-0.242436 -0.467403 0
-0.179849 -0.461015 0
-0.215426 -0.43559 0
-0.179283 -0.461283 0
-0.151162 -0.514607 0
-0.137523 -0.468465 0
-0.147987 -0.319154 0
-0.172645 -0.304727 0
-0.181754 -0.332595 0
-0.128067 -0.328363 0
-0.147746 -0.319288 0
-0.154423 -0.349152 0
-0.161865 -0.382597 0
-0.124568 -0.358135 0
-0.154458 -0.349463 0
-0.0961464 -0.309271 0
-0.0744518 -0.315371 0
-0.0701357 -0.291849 0
-0.127784 -0.32817 0
-0.0964948 -0.309346 0
-0.120958 -0.301527 0
-0.100199 -0.33574 0
-0.0745527 -0.315518 0
-0.0962473 -0.309418 0
-0.124274 -0.357909 0
-0.100471 -0.335946 0
-0.127808 -0.328448 0
-0.154344 -0.349282 0
-0.124455 -0.357954 0
-0.127989 -0.328492 0
-0.128075 -0.390923 0
-0.0848608 -0.371025 0
-0.124223 -0.358235 0
-0.0792862 -0.341733 0
-0.0744958 -0.315626 0
-0.100142 -0.335849 0
-0.141753 -0.291774 0
-0.136309 -0.267423 0
-0.164166 -0.279003 0
-0.121176 -0.301439 0
-0.141647 -0.292022 0
-0.14768 -0.319007 0
-0.127956 -0.328203 0
-0.12113 -0.30156 0
-0.147634 -0.319128 0
-0.0928731 -0.285343 0
-0.114752 -0.277272 0
-0.120902 -0.301277 0
-0.114966 -0.27718 0
-0.136144 -0.267417 0
-0.141588 -0.291768 0
-0.100253 -0.999374 0
-0.0930242 -0.903517 0
-0.182743 -0.909396 0
-0.185646 -0.264686 0
-0.156912 -0.255778 0
-0.176302 -0.242822 0
-0.213961 -0.347557 0
-0.207519 -0.315556 0
-0.23563 -0.331731 0
-0.185737 -0.264917 0
-0.19596 -0.288836 0
-0.164512 -0.278985 0
-0.213781 -0.347561 0
-0.18209 -0.332726 0
-0.207339 -0.315559 0
-0.191797 -0.36372 0
-0.162091 -0.382616 0
-0.154684 -0.349482 0
-0.279504 -0.905739 0
-0.344101 -0.829901 0
-0.370377 -0.910292 0
-0.183528 -0.908546 0
-0.168637 -0.827394 0
-0.259462 -0.821494 0
-0.100611 -0.999697 0
-0.183101 -0.909718 0
-0.199611 -0.999697 0
-0.0932518 -0.902941 0
-0.16808 -0.827667 0
-0.18297 -0.908819 0
-0.242378 -0.744987 0
-0.168485 -0.826619 0
-0.155052 -0.75341 0
-0.203582 -0.250652 0
-0.185803 -0.264669 0
-0.176458 -0.242805 0
-0.229595 -0.260131 0
-0.203876 -0.250611 0
-0.220501 -0.235243 0
-0.229571 -0.260264 0
-0.213492 -0.275128 0
-0.203853 -0.250745 0
-0.172844 -0.304714 0
-0.207202 -0.315416 0
-0.181953 -0.332583 0
-0.164469 -0.279117 0
-0.195917 -0.288969 0
-0.172748 -0.304447 0
-0.194802 -0.228245 0
-0.203613 -0.25053 0
-0.176489 -0.242683 0
-0.203706 -0.25076 0
-0.213346 -0.275143 0
-0.185926 -0.264777 0
-0.213538 -0.275435 0
-0.239568 -0.287808 0
-0.207531 -0.315168 0
-0.185901 -0.264905 0
-0.21332 -0.27527 0
-0.196124 -0.288824 0
-0.229691 -0.260388 0
-0.239643 -0.287624 0
-0.213612 -0.275251 0
-0.188537 -0.64624 0
-0.152602 -0.683352 0
-0.14358 -0.623263 0
-0.179234 -0.586093 0
-0.188627 -0.645913 0
-0.14367 -0.622937 0
-0.236305 -0.670677 0
-0.196671 -0.713037 0
-0.188995 -0.646498 0
-0.306129 -0.682914 0
-0.237002 -0.670492 0
-0.288002 -0.621536 0
-0.319665 -0.755802 0
-0.260166 -0.820708 0
-0.243235 -0.744975 0
-0.20376 -0.250504 0
-0.19495 -0.22822 0
-0.220385 -0.235136 0
-0.789777 -0.477129 0
-0.760593 -0.405552 0
-0.832686 -0.434054 0
-0.91226 -0.465734 0
-0.822243 -0.555713 0
-0.833302 -0.434518 0
-0.586758 -0.408749 0
-0.590962 -0.48145 0
-0.545291 -0.456987 0
-0.568729 -0.342814 0
-0.586652 -0.408054 0
-0.535921 -0.387958 0
-0.642106 -0.430457 0
-0.591287 -0.481361 0
-0.587082 -0.40866 0
-0.759876 -0.405283 0
-0.713868 -0.451453 0
-0.694083 -0.379271 0
-0.713363 -0.451959 0
-0.660276 -0.505132 0
-0.642759 -0.430681 0
-0.821508 -0.556078 0
-0.736099 -0.531472 0
-0.789657 -0.477959 0
-0.602086 -0.624026 0
-0.608246 -0.702116 0
-0.529263 -0.696816 0
-0.488708 -0.584739 0
-0.541245 -0.567988 0
-0.50794 -0.638413 0
-0.596866 -0.550533 0
-0.692639 -0.5885 0
-0.602595 -0.623157 0
-0.759283 -0.618561 0
-0.693627 -0.588423 0
-0.735569 -0.53205 0
-0.759144 -0.61915 0
-0.694136 -0.70743 0
-0.693488 -0.589012 0
-0.71385 -0.785419 0
-0.604496 -0.774462 0
-0.693686 -0.708607 0
-0.735738 -0.531123 0
-0.714106 -0.452202 0
-0.789297 -0.47761 0
-0.53583 -0.301252 0
-0.522519 -0.244109 0
-0.572294 -0.260379 0
-0.933063 -0.66627 0
-0.857635 -0.642698 0
-0.928349 -0.571984 0
-0.999778 -0.699556 0
-0.933778 -0.666556 0
-0.999778 -0.600556 0
-0.879486 -0.760114 0
-0.820086 -0.839314 0
-0.786143 -0.714857 0
-0.755885 -0.320488 0
-0.828901 -0.344354 0
-0.760467 -0.404728 0
-0.929048 -0.571286 0
-0.999762 -0.500571 0
-0.999762 -0.599571 0
-0.908766 -0.373636 0
-0.91255 -0.465123 0
-0.833592 -0.433907 0
-0.909323 -0.373523 0
-0.999406 -0.400129 0
-0.913106 -0.46501 0
-0.137531 -0.468174 0
-0.153419 -0.427995 0
-0.17929 -0.460992 0
-0.18956 -0.506601 0
-0.151336 -0.514735 0
-0.179457 -0.461411 0
-0.112363 -0.522931 0
-0.0789951 -0.498867 0
-0.104348 -0.479246 0
-0.535555 -0.301325 0
-0.490426 -0.282037 0
-0.522244 -0.244182 0
-0.266425 -0.183453 0
-0.288829 -0.196116 0
-0.275276 -0.213312 0
-0.255784 -0.156903 0
-0.266206 -0.183198 0
-0.242827 -0.176294 0
-0.280755 -0.161746 0
-0.288847 -0.195943 0
-0.266443 -0.18328 0
-0.266297 -0.183479 0
-0.275148 -0.213338 0
-0.250765 -0.203698 0
-0.338938 -0.172855 0
-0.321021 -0.199263 0
-0.308606 -0.167016 0
-0.302079 -0.223998 0
-0.275395 -0.213448 0
-0.288949 -0.196252 0
-0.387033 -0.219084 0
-0.364044 -0.248325 0
-0.352671 -0.208935 0
-0.244846 -0.244997 0
-0.229732 -0.260112 0
-0.220639 -0.235224 0
-0.279415 -0.241284 0
-0.26951 -0.270738 0
-0.245175 -0.245052 0
-0.275224 -0.213617 0
-0.279485 -0.241042 0
-0.260358 -0.229695 0
-0.300199 -0.253533 0
-0.269695 -0.270767 0
-0.2796 -0.241313 0
-0.269344 -0.270802 0
-0.229896 -0.260231 0
-0.245009 -0.245116 0
-0.331529 -0.235817 0
-0.300482 -0.253359 0
-0.302305 -0.224263 0
-0.235716 -0.331531 0
-0.207605 -0.315356 0
-0.239643 -0.287996 0
-0.234983 -0.220547 0
-0.220547 -0.234982 0
-0.212237 -0.212237 0
-0.260128 -0.229594 0
-0.235243 -0.220501 0
-0.250611 -0.203876 0
-0.260109 -0.229731 0
-0.244996 -0.244846 0
-0.235225 -0.220639 0
-0.235092 -0.220657 0
-0.244864 -0.244864 0
-0.220657 -0.235092 0
-0.302047 -0.224148 0
-0.279625 -0.241023 0
-0.275364 -0.213598 0
-0.302131 -0.224281 0
-0.300308 -0.253377 0
-0.279709 -0.241157 0
-0.213392 -0.275439 0
-0.207385 -0.315172 0
-0.196196 -0.288993 0
-0.124481 -0.358275 0
-0.161778 -0.382736 0
-0.128333 -0.390962 0
-0.21373 -0.347722 0
-0.192061 -0.363548 0
-0.182039 -0.332887 0
-0.233257 -0.375777 0
-0.214047 -0.34776 0
-0.235716 -0.331933 0
-0.233111 -0.375884 0
-0.192232 -0.363692 0
-0.213901 -0.347866 0
-0.0907269 -0.403416 0
-0.128064 -0.391284 0
-0.115019 -0.433955 0
-0.0511252 -0.350514 0
-0.084367 -0.370969 0
-0.0535049 -0.382068 0
-0.0793201 -0.341918 0
-0.100176 -0.336034 0
-0.0846174 -0.370787 0
-0.0489666 -0.322032 0
-0.0790368 -0.341802 0
-0.0510922 -0.350216 0
-0.100377 -0.335783 0
-0.0964257 -0.309461 0
-0.127715 -0.328285 0
-0.141875 -0.291898 0
-0.164287 -0.279127 0
-0.172567 -0.304457 0
-0.181841 -0.332893 0
-0.191863 -0.363554 0
-0.15475 -0.349315 0
-0.186528 -0.410578 0
-0.162198 -0.382821 0
-0.191904 -0.363925 0
-0.1864 -0.410792 0
-0.153525 -0.427542 0
-0.162069 -0.383034 0
-0.194978 -0.228092 0
-0.212102 -0.212262 0
-0.220413 -0.235008 0
-0.212262 -0.212102 0
-0.228092 -0.194978 0
-0.235008 -0.220413 0
-0.287728 -0.621284 0
-0.236729 -0.67024 0
-0.224685 -0.607669 0
-0.167962 -0.826859 0
-0.0866621 -0.816307 0
-0.154529 -0.75365 0
-0.278598 -0.905707 0
-0.183897 -0.908809 0
-0.259831 -0.821757 0
-0.0929279 -0.902632 0
-0.0864554 -0.816807 0
-0.167756 -0.827359 0
-0.08634 -0.816017 0
-0.0719529 -0.740211 0
-0.154207 -0.753359 0
-0.25053 -0.203613 0
-0.228245 -0.194802 0
-0.242683 -0.176489 0
-0.503424 -0.764844 0
-0.603257 -0.774847 0
-0.533902 -0.844071 0
-0.822376 -0.556762 0
-0.927978 -0.571617 0
-0.857263 -0.642331 0
-0.760116 -0.618825 0
-0.821812 -0.55692 0
-0.8567 -0.642489 0
-0.789982 -0.477633 0
-0.832892 -0.434558 0
-0.821833 -0.555753 0
-0.78559 -0.714943 0
-0.819533 -0.8394 0
-0.714876 -0.785657 0
-0.321782 -0.441334 0
-0.348485 -0.402864 0
-0.370986 -0.433512 0
-0.294785 -0.480205 0
-0.321489 -0.441735 0
-0.336984 -0.476033 0
-0.277916 -0.437763 0
-0.276097 -0.387136 0
-0.307332 -0.408535 0
-0.818696 -0.264472 0
-0.825832 -0.17416 0
-0.907716 -0.186453 0
-0.908726 -0.372724 0
-0.829893 -0.344118 0
-0.904266 -0.282132 0
-0.755194 -0.320247 0
-0.693983 -0.378475 0
-0.688878 -0.298571 0
-0.235136 -0.220385 0
-0.22822 -0.19495 0
-0.250504 -0.20376 0
-0.280644 -0.161615 0
-0.266333 -0.183149 0
-0.25591 -0.156854 0
-0.289122 -0.196014 0
-0.308438 -0.167094 0
-0.320854 -0.199341 0
-0.572756 -0.26063 0
-0.627331 -0.278468 0
-0.568988 -0.341955 0
-0.535985 -0.301581 0
-0.572449 -0.260707 0
-0.568682 -0.342032 0
-0.741215 -0.249878 0
-0.825273 -0.174373 0
-0.818137 -0.264685 0
-0.563529 -0.188406 0
-0.618349 -0.202451 0
-0.572708 -0.259862 0
-0.50389 -0.0170027 0
-0.498732 -0.0785245 0
-0.457918 -0.0590206 0
-0.553248 0.0148913 0
-0.504228 -0.0164375 0
-0.504228 0.0165375 0
-0.550901 -0.0330599 0
-0.499044 -0.0784374 0
-0.504202 -0.0169156 0
-0.618386 -0.154885 0
-0.563651 -0.148434 0
-0.585096 -0.110355 0
-0.563079 -0.148561 0
-0.51355 -0.175073 0
-0.518984 -0.127994 0
-0.518639 -0.12758 0
-0.47456 -0.120963 0
-0.498837 -0.0791015 0
-0.584763 -0.110264 0
-0.563318 -0.148343 0
-0.519223 -0.127776 0
-0.607135 -0.0705594 0
-0.58501 -0.109847 0
-0.549203 -0.0809764 0
-0.607451 -0.0706756 0
-0.643307 -0.115596 0
-0.585326 -0.109963 0
-0.513233 -0.175124 0
-0.468652 -0.163702 0
-0.518667 -0.128044 0
-0.902887 -0.0961917 0
-0.999369 -0.100274 0
-0.908578 -0.185643 0
-0.880578 -0.759489 0
-0.933378 -0.667089 0
-0.999378 -0.700089 0
-0.733559 -0.866308 0
-0.714702 -0.786165 0
-0.819359 -0.839908 0
-0.928757 -0.570838 0
-0.913172 -0.466004 0
-0.999471 -0.500123 0
-0.93354 -0.666127 0
-0.928825 -0.571841 0
-0.99954 -0.600127 0
-0.821407 -0.556549 0
-0.759711 -0.618454 0
-0.735998 -0.531943 0
-0.301579 -0.117776 0
-0.328201 -0.120914 0
-0.319128 -0.1476 0
-0.277294 -0.114904 0
-0.301317 -0.117736 0
-0.291882 -0.141526 0
-0.309328 -0.0964572 0
-0.328168 -0.120742 0
-0.301546 -0.117604 0
-0.640128 -0.346502 0
-0.693444 -0.379002 0
-0.642625 -0.429907 0
-0.627556 -0.278754 0
-0.639662 -0.345874 0
-0.569213 -0.342241 0
-0.627955 -0.278607 0
-0.688273 -0.298322 0
-0.640061 -0.345726 0
-0.618563 -0.202752 0
-0.627498 -0.278001 0
-0.572922 -0.260163 0
-0.829591 -0.343758 0
-0.818696 -0.265358 0
-0.903964 -0.281771 0
-0.833314 -0.433503 0
-0.829655 -0.344626 0
-0.908488 -0.373232 0
-0.756078 -0.32002 0
-0.8182 -0.265487 0
-0.829095 -0.343886 0
-0.694222 -0.378832 0
-0.755433 -0.320603 0
-0.760015 -0.404843 0
-0.740982 -0.250366 0
-0.817904 -0.265173 0
-0.755783 -0.319706 0
-0.618922 -0.202611 0
-0.679695 -0.218182 0
-0.627856 -0.27786 0
-0.748317 -0.169732 0
-0.73917 -0.080627 0
-0.815996 -0.0864209 0
-0.740981 -0.249563 0
-0.748353 -0.17059 0
-0.825039 -0.174057 0
-0.680231 -0.161728 0
-0.66972 -0.0753797 0
-0.738453 -0.0805633 0
-0.680301 -0.217688 0
-0.680297 -0.162505 0
-0.747666 -0.170445 0
-0.67987 -0.217795 0
-0.619096 -0.202224 0
-0.679866 -0.162612 0
-0.688783 -0.297801 0
-0.680305 -0.218407 0
-0.740297 -0.250137 0
-0.703895 -0.0383089 0
-0.671532 -0.000128554 0
-0.739903 -0.000128554 0
-0.747862 -0.169986 0
-0.680493 -0.162046 0
-0.738715 -0.0808808 0
-0.563228 -0.148762 0
-0.563148 -0.187944 0
-0.513698 -0.175275 0
-0.548908 -0.0811677 0
-0.584715 -0.110038 0
-0.519175 -0.127551 0
-0.618314 -0.155146 0
-0.563499 -0.187876 0
-0.563579 -0.148694 0
-0.8808 -0.759933 0
-0.9996 -0.700533 0
-0.9996 -0.799533 0
-0.786267 -0.7142 0
-0.856981 -0.643486 0
-0.87961 -0.759457 0
-0.507592 -0.638641 0
-0.437541 -0.635871 0
-0.48836 -0.584966 0
-0.525084 -0.505274 0
-0.596102 -0.550068 0
-0.541661 -0.567426 0
-0.528444 -0.696889 0
-0.457629 -0.708543 0
-0.507794 -0.639258 0
-0.603241 -0.774355 0
-0.503407 -0.764352 0
-0.528916 -0.697527 0
-0.533336 -0.844266 0
-0.434567 -0.832883 0
-0.502858 -0.765039 0
-0.857473 -0.643327 0
-0.932902 -0.666898 0
-0.880102 -0.759298 0
-0.759996 -0.619352 0
-0.85658 -0.643016 0
-0.785865 -0.71373 0
-0.822561 -0.556171 0
-0.912578 -0.466192 0
-0.928163 -0.571026 0
-0.309185 -0.0963635 0
-0.301402 -0.117511 0
-0.285451 -0.0928003 0
-0.358273 -0.124481 0
-0.39096 -0.128333 0
-0.382736 -0.161778 0
-0.308599 -0.166844 0
-0.319188 -0.147937 0
-0.338932 -0.172682 0
-0.33605 -0.100153 0
-0.346148 -0.0724687 0
-0.370799 -0.084594 0
-0.317437 -0.0713018 0
-0.335749 -0.100188 0
-0.309407 -0.0962336 0
-0.371174 -0.0847477 0
-0.403204 -0.090625 0
-0.391072 -0.127962 0
-0.33609 -0.100327 0
-0.370839 -0.0847674 0
-0.358049 -0.124129 0
-0.346196 -0.0723044 0
-0.350394 -0.0511883 0
-0.370847 -0.0844297 0
-0.296401 -0.0468588 0
-0.299142 -0.0237001 0
-0.321709 -0.0487674 0
-0.382245 -0.0536366 0
-0.403174 -0.0903756 0
-0.371144 -0.0844983 0
-0.24281 -0.17645 0
-0.266189 -0.183355 0
-0.250657 -0.203574 0
-0.280895 -0.161691 0
-0.308304 -0.166967 0
-0.288988 -0.195888 0
-0.267309 -0.13635 0
-0.280647 -0.161458 0
-0.255914 -0.156697 0
-0.267429 -0.1363 0
-0.29178 -0.141744 0
-0.280768 -0.161408 0
-0.321143 -0.199613 0
-0.352343 -0.208827 0
-0.331766 -0.235586 0
-0.289101 -0.196205 0
-0.320833 -0.199531 0
-0.302231 -0.223951 0
-0.339085 -0.172994 0
-0.352367 -0.208617 0
-0.321168 -0.199403 0
-0.301295 -0.117572 0
-0.277272 -0.114741 0
-0.285343 -0.092862 0
-0.308442 -0.16674 0
-0.292045 -0.1418 0
-0.319031 -0.147833 0
-0.267417 -0.136144 0
-0.27718 -0.114966 0
-0.291768 -0.141588 0
-0.476482 -0.228856 0
-0.425731 -0.230191 0
-0.452603 -0.194868 0
-0.317559 -0.0712219 0
-0.345969 -0.0724238 0
-0.335872 -0.100109 0
-0.448881 -0.264296 0
-0.476684 -0.229261 0
-0.489983 -0.281863 0
-0.328445 -0.120778 0
-0.335948 -0.100448 0
-0.357907 -0.12425 0
-0.292022 -0.141636 0
-0.301457 -0.117846 0
-0.319007 -0.147669 0
-0.309443 -0.0963994 0
-0.335785 -0.100354 0
-0.328283 -0.120684 0
-0.909613 -0.372971 0
-0.999697 -0.300577 0
-0.999697 -0.399577 0
-0.999709 -0.499552 0
-0.91341 -0.465433 0
-0.999709 -0.400552 0
-0.563011 -0.188262 0
-0.522413 -0.243448 0
-0.513562 -0.175592 0
-0.607223 -0.0699889 0
-0.551612 -0.0329326 0
-0.608756 0.0126996 0
-0.518888 -0.127446 0
-0.499085 -0.0789676 0
-0.548621 -0.0810634 0
-0.468522 -0.163521 0
-0.474459 -0.121246 0
-0.518537 -0.127864 0
-0.452868 -0.194468 0
-0.468431 -0.163925 0
-0.513013 -0.175347 0
-0.452583 -0.194395 0
-0.427967 -0.153558 0
-0.468146 -0.163852 0
-0.522125 -0.243584 0
-0.477007 -0.228837 0
-0.513273 -0.175729 0
-0.425294 -0.230131 0
-0.387432 -0.218949 0
-0.410798 -0.186846 0
-0.439579 -0.0971275 0
-0.498572 -0.0789993 0
-0.474295 -0.120861 0
-0.457508 -0.0588278 0
-0.420348 -0.0196015 0
-0.459622 -0.0182827 0
-0.689035 -0.298141 0
-0.740549 -0.250477 0
-0.75535 -0.319817 0
-0.640282 -0.346062 0
-0.688493 -0.298657 0
-0.693598 -0.378562 0
-0.628089 -0.27818 0
-0.679929 -0.218501 0
-0.688406 -0.297895 0
-0.291917 -0.141846 0
-0.308314 -0.166786 0
-0.280905 -0.16151 0
-0.357949 -0.124411 0
-0.348555 -0.148391 0
-0.328488 -0.120939 0
-0.328358 -0.121017 0
-0.348425 -0.148469 0
-0.319286 -0.147703 0
-0.476567 0.228704 0
-0.468252 0.164173 0
-0.435646 0.215328 0
-0.563832 0.229786 0
-0.506941 0.190079 0
-0.51405 0.256123 0
-0.562959 0.187972 0
-0.51351 0.142953 0
-0.506937 0.189561 0
-0.626527 0.131746 0
-0.618929 0.201903 0
-0.683275 0.152607 0
-0.468611 0.1638 0
-0.50662 0.18948 0
-0.513193 0.142872 0
-0.564563 0.229934 0
-0.620967 0.287632 0
-0.618514 0.202683 0
-0.55149 0.0660221 0
-0.504215 0.0169719 0
-0.502275 0.0623105 0
-0.459629 -0.0180252 0
-0.420355 -0.0193441 0
-0.459629 0.0178954 0
-0.460056 0.0180208 0
-0.503915 0.016548 0
-0.503915 -0.016427 0
-0.417822 -0.0563443 0
-0.439073 -0.0969499 0
-0.40352 -0.0904263 0
-0.50376 -0.0168005 0
-0.457788 -0.0588184 0
-0.459902 -0.0182733 0
-0.498516 -0.0787927 0
-0.439524 -0.0969209 0
-0.457702 -0.0592888 0
-0.427665 -0.153114 0
-0.391381 -0.128214 0
-0.439065 -0.0973999 0
-0.468218 -0.163607 0
-0.428039 -0.153313 0
-0.474155 -0.121332 0
-0.410605 -0.186696 0
-0.38724 -0.218799 0
-0.367863 -0.185508 0
-0.452391 -0.194471 0
-0.411023 -0.186508 0
-0.427775 -0.153634 0
-0.452383 -0.194727 0
-0.425512 -0.23005 0
-0.411016 -0.186764 0
-0.417696 -0.0558526 0
-0.384873 -0.0207784 0
-0.419965 -0.0195999 0
-0.41757 -0.0559657 0
-0.382339 -0.0533088 0
-0.384747 -0.0208915 0
-0.3913 -0.128004 0
-0.403431 -0.0906667 0
-0.438984 -0.0971904 0
-0.390921 -0.128075 0
-0.358233 -0.124222 0
-0.371023 -0.0848605 0
-0.474058 -0.121109 0
-0.427942 -0.15309 0
-0.439342 -0.0973761 0
-0.348461 -0.148642 0
-0.339066 -0.172621 0
-0.319322 -0.147876 0
-0.382594 -0.161846 0
-0.348736 -0.148528 0
-0.358131 -0.124548 0
-0.382626 -0.162049 0
-0.367641 -0.185191 0
-0.348768 -0.148731 0
-0.32177 -0.048926 0
-0.317347 -0.0709657 0
-0.296462 -0.0470174 0
-0.352697 -0.0294512 0
-0.321982 -0.0487062 0
-0.324585 -0.0227936 0
-0.35023 -0.0510692 0
-0.346032 -0.0721853 0
-0.322046 -0.0489437 0
-0.324333 -0.0226112 0
-0.299163 -0.0234564 0
-0.300079 -0.000154072 0
-0.299166 0.0233808 0
-0.325218 7.84581e-05 0
-0.300082 7.84591e-05 0
-0.321936 -0.0490107 0
-0.345922 -0.0722523 0
-0.317513 -0.0710504 0
-0.352783 -0.0295456 0
-0.350253 -0.0509261 0
-0.322068 -0.0488006 0
-0.382068 -0.0535049 0
-0.370967 -0.0843666 0
-0.350514 -0.0511252 0
-0.309152 -0.0962047 0
-0.285418 -0.0926415 0
-0.291748 -0.0701967 0
-0.309259 -0.0961328 0
-0.291855 -0.0701248 0
-0.317289 -0.0712009 0
-0.907997 -0.185889 0
-0.826112 -0.173596 0
-0.902306 -0.0964378 0
-0.904833 -0.281028 0
-0.908585 -0.186596 0
-0.999376 -0.200226 0
-0.904227 -0.281245 0
-0.818959 -0.264832 0
-0.90798 -0.186813 0
-0.909295 -0.372577 0
-0.904835 -0.281984 0
-0.999378 -0.300182 0
-0.829159 -0.344733 0
-0.832818 -0.43361 0
-0.760726 -0.405107 0
-0.296362 -0.047088 0
-0.317246 -0.0710363 0
-0.291812 -0.0699602 0
-0.739793 0.000213612 0
-0.671421 0.000213612 0
-0.670991 0.0636565 0
-0.739682 0.0713636 0
-0.740022 0.00045237 0
-0.67122 0.0638953 0
-0.683827 0.151947 0
-0.739494 0.071872 0
-0.671032 0.0644037 0
-0.751434 0.162375 0
-0.825304 0.173465 0
-0.817015 0.0806473 0
-0.680503 -0.217981 0
-0.747868 -0.170738 0
-0.740496 -0.24971 0
-0.816944 -0.00665232 0
-0.816227 -0.0858736 0
-0.7394 -0.0800797 0
-0.817493 -0.00639542 0
-0.902978 -0.00352474 0
-0.816776 -0.0856168 0
-0.74017 0.0711296 0
-0.816693 -0.00585867 0
-0.74051 0.000218296 0
-0.902 -0.0961042 0
-0.825806 -0.173262 0
-0.8168 -0.0864845 0
-0.553757 0.0153031 0
-0.552011 0.0659995 0
-0.608579 0.05723 0
-0.551083 -0.0327473 0
-0.504385 -0.0166029 0
-0.553405 0.014726 0
-0.502127 0.0627322 0
-0.479288 0.104268 0
-0.532048 0.104803 0
-0.46005 0.0182845 0
-0.501969 0.0621503 0
-0.503908 0.0168117 0
-0.353006 0.0292819 0
-0.384436 0.0206245 0
-0.353851 0.00016691 0
-0.439074 0.0969501 0
-0.417822 0.0563443 0
-0.403522 0.0904266 0
-0.38482 0.0205876 0
-0.419912 0.0194091 0
-0.401885 -0.00100398 0
-0.417696 0.0558526 0
-0.419965 0.0195999 0
-0.384873 0.0207784 0
-0.459496 0.0180208 0
-0.420223 -0.0192187 0
-0.420223 0.0193396 0
-0.478829 0.104231 0
-0.457636 0.0593741 0
-0.439459 0.0970064 0
-0.299236 -0.0236193 0
-0.324406 -0.0227741 0
-0.321803 -0.0486866 0
-0.999667 -0.900667 0
-0.999667 -0.999667 0
-0.900667 -0.999667 0
-0.85 -0.9255 0
-0.8995 -0.99975 0
-0.8005 -0.99975 0
-0.775333 -0.92525 0
-0.849583 -0.92525 0
-0.800083 -0.9995 0
-0.700583 -0.99975 0
-0.774833 -0.9255 0
-0.799583 -0.99975 0
-0.733761 -0.866772 0
-0.819561 -0.840372 0
-0.775011 -0.924522 0
-0.900167 -0.850417 0
-0.999167 -0.899917 0
-0.850667 -0.924667 0
-0.81995 -0.840567 0
-0.84965 -0.924717 0
-0.7754 -0.924717 0
-0.900667 -0.85 0
-0.999667 -0.8005 0
-0.999667 -0.8995 0
-0.900167 -0.999417 0
-0.850667 -0.925167 0
-0.999167 -0.900417 0
-0.820467 -0.839767 0
-0.879867 -0.760567 0
-0.899667 -0.849667 0
-0.850067 -0.924467 0
-0.820367 -0.840317 0
-0.899567 -0.850217 0
-0.732968 -0.866365 0
-0.643397 -0.856937 0
-0.714111 -0.786222 0
-0.774389 -0.925278 0
-0.700139 -0.999528 0
-0.667139 -0.933528 0
-0.900267 -0.849533 0
-0.880467 -0.760433 0
-0.999267 -0.800033 0
-0.66725 -0.933083 0
-0.73325 -0.867083 0
-0.7745 -0.924833 0
-0.600556 -0.999778 0
-0.666556 -0.933778 0
-0.699556 -0.999778 0
-0.533204 -0.844766 0
-0.463583 -0.91397 0
-0.434435 -0.833383 0
-0.600127 -0.99954 0
-0.571841 -0.928825 0
-0.666127 -0.93354 0
-0.599571 -0.999762 0
-0.500571 -0.999762 0
-0.571286 -0.929048 0
-0.416309 -0.585992 0
-0.436819 -0.63583 0
-0.363558 -0.625311 0
-0.323296 -0.585646 0
-0.415928 -0.585823 0
-0.363177 -0.625143 0
-0.433384 -0.529296 0
-0.488042 -0.584432 0
-0.416713 -0.585499 0
-0.33724 -0.475877 0
-0.321744 -0.441579 0
-0.370949 -0.433758 0
-0.604143 -0.774185 0
-0.608801 -0.702657 0
-0.693334 -0.708329 0
-0.411051 -0.755162 0
-0.457218 -0.709156 0
-0.502524 -0.764327 0
-0.660518 -0.505925 0
-0.735238 -0.531672 0
-0.693296 -0.588045 0
-0.597059 -0.55014 0
-0.660054 -0.505987 0
-0.692832 -0.588107 0
-0.591532 -0.481685 0
-0.64235 -0.430781 0
-0.659867 -0.505232 0
-0.525249 -0.504987 0
-0.590927 -0.482082 0
-0.596267 -0.549782 0
-0.433745 -0.529027 0
-0.524363 -0.505259 0
-0.488403 -0.584163 0
-0.545084 -0.457309 0
-0.590755 -0.481772 0
-0.525077 -0.504677 0
-0.502371 -0.434432 0
-0.544787 -0.45715 0
-0.524781 -0.504518 0
-0.502407 -0.434042 0
-0.535559 -0.388426 0
-0.544823 -0.456761 0
-0.587 -0.407914 0
-0.569077 -0.342674 0
-0.639526 -0.346307 0
-0.639771 -0.3466 0
-0.642269 -0.430005 0
-0.587245 -0.408207 0
-0.488055 -0.584789 0
-0.437236 -0.635694 0
-0.416726 -0.585856 0
-0.468311 -0.481024 0
-0.524295 -0.504913 0
-0.433677 -0.52868 0
-0.39614 -0.467275 0
-0.467881 -0.480898 0
-0.433247 -0.528554 0
-0.502115 -0.434511 0
-0.524525 -0.504597 0
-0.468541 -0.480708 0
-0.602919 -0.623684 0
-0.692964 -0.589027 0
-0.693611 -0.707445 0
-0.54192 -0.567822 0
-0.59636 -0.550464 0
-0.602089 -0.623088 0
-0.50832 -0.638543 0
-0.541624 -0.568117 0
-0.601793 -0.623383 0
-0.488764 -0.584292 0
-0.524724 -0.505388 0
-0.541301 -0.567541 0
-0.591378 -0.482084 0
-0.659714 -0.505631 0
-0.596719 -0.549784 0
-0.436716 -0.636169 0
-0.385898 -0.687073 0
-0.363455 -0.625651 0
-0.322977 -0.585124 0
-0.31311 -0.526911 0
-0.370485 -0.527964 0
-0.604325 -0.774959 0
-0.713679 -0.785915 0
-0.642965 -0.85663 0
-0.534368 -0.84438 0
-0.603724 -0.775155 0
-0.642363 -0.856826 0
-0.694444 -0.707849 0
-0.759452 -0.619569 0
-0.785321 -0.713947 0
-0.714456 -0.785218 0
-0.694293 -0.708405 0
-0.78517 -0.714503 0
-0.608796 -0.702153 0
-0.602637 -0.624063 0
-0.693329 -0.707825 0
-0.529268 -0.69732 0
-0.608251 -0.70262 0
-0.603592 -0.774148 0
-0.528927 -0.696604 0
-0.508277 -0.638974 0
-0.601751 -0.623814 0
-0.43703 -0.636447 0
-0.456916 -0.708502 0
-0.386211 -0.687351 0
-0.278787 -0.906606 0
-0.299597 -0.999687 0
-0.200597 -0.999687 0
-0.433495 -0.833319 0
-0.370894 -0.910049 0
-0.344618 -0.829658 0
-0.433892 -0.833603 0
-0.46304 -0.91419 0
-0.371291 -0.910333 0
-0.410065 -0.755534 0
-0.344371 -0.828882 0
-0.320504 -0.755865 0
-0.533662 -0.845084 0
-0.570943 -0.928244 0
-0.464041 -0.914288 0
-0.410973 -0.755576 0
-0.502447 -0.764741 0
-0.434157 -0.832586 0
-0.642255 -0.857339 0
-0.571541 -0.928053 0
-0.53426 -0.844893 0
-0.457323 -0.70834 0
-0.437437 -0.636285 0
-0.507488 -0.639055 0
-0.502918 -0.764133 0
-0.457612 -0.708962 0
-0.528427 -0.697308 0
-0.41066 -0.754905 0
-0.386123 -0.687749 0
-0.456828 -0.708899 0
-0.73281 -0.866857 0
-0.66681 -0.932857 0
-0.643238 -0.857429 0
-0.210467 -0.393347 0
-0.247894 -0.410707 0
-0.215547 -0.435174 0
-0.192065 -0.36396 0
-0.210184 -0.393108 0
-0.186689 -0.410613 0
-0.233286 -0.376192 0
-0.247953 -0.410509 0
-0.210527 -0.393149 0
-0.19222 -0.363844 0
-0.233099 -0.376035 0
-0.21034 -0.392992 0
-0.235879 -0.331944 0
-0.262621 -0.35085 0
-0.23342 -0.375788 0
-0.250745 -0.203853 0
-0.275128 -0.213492 0
-0.260262 -0.22957 0
-0.426255 -0.290168 0
-0.387152 -0.275881 0
-0.425344 -0.230667 0
-0.35502 -0.295018 0
-0.325956 -0.293446 0
-0.342974 -0.264509 0
-0.342791 -0.264371 0
-0.325773 -0.293307 0
-0.300598 -0.253685 0
-0.363827 -0.248566 0
-0.343023 -0.264162 0
-0.331877 -0.235935 0
-0.364011 -0.2487 0
-0.386669 -0.275855 0
-0.343207 -0.264296 0
-0.280664 -0.321347 0
-0.298089 -0.292265 0
-0.331157 -0.331274 0
-0.312297 -0.363326 0
-0.280712 -0.321585 0
-0.331205 -0.331513 0
-0.262778 -0.350668 0
-0.236036 -0.331762 0
-0.280228 -0.321544 0
-0.269757 -0.270936 0
-0.300261 -0.253702 0
-0.297949 -0.291837 0
-0.280424 -0.321255 0
-0.259509 -0.303949 0
-0.297848 -0.292173 0
-0.23983 -0.28761 0
-0.229878 -0.260374 0
-0.269327 -0.270945 0
-0.279384 -0.241147 0
-0.245144 -0.244915 0
-0.260257 -0.2298 0
-0.302374 -0.224083 0
-0.320976 -0.199664 0
-0.331598 -0.235637 0
-0.348623 -0.148767 0
-0.367495 -0.185227 0
-0.339228 -0.172747 0
-0.387022 -0.275643 0
-0.387352 -0.219247 0
-0.425214 -0.230429 0
-0.386817 -0.275704 0
-0.364159 -0.248549 0
-0.387148 -0.219308 0
-0.312054 -0.363609 0
-0.276063 -0.386695 0
-0.263018 -0.350993 0
-0.366805 -0.349221 0
-0.331636 -0.331378 0
-0.355119 -0.295428 0
-0.331909 -0.23575 0
-0.352486 -0.208991 0
-0.363859 -0.248381 0
-0.568479 -0.342273 0
-0.51207 -0.332432 0
-0.535782 -0.301822 0
-0.405264 -0.334074 0
-0.387085 -0.276228 0
-0.426188 -0.290515 0
-0.248321 -0.410695 0
-0.275899 -0.387143 0
-0.277718 -0.43777 0
-0.367051 -0.349231 0
-0.355365 -0.295438 0
-0.40496 -0.334335 0
-0.248172 -0.410489 0
-0.233505 -0.376171 0
-0.27575 -0.386936 0
-0.297812 -0.292005 0
-0.259472 -0.303781 0
-0.26962 -0.271104 0
-0.44885 -0.264588 0
-0.489953 -0.282155 0
-0.467701 -0.316186 0
-0.325727 -0.293659 0
-0.331309 -0.331181 0
-0.29824 -0.292172 0
-0.300448 -0.253778 0
-0.325623 -0.2934 0
-0.298137 -0.291913 0
-0.354982 -0.295242 0
-0.331499 -0.331192 0
-0.325917 -0.29367 0
-0.38664 -0.27601 0
-0.355224 -0.29496 0
-0.343177 -0.264451 0
-0.386847 -0.276244 0
-0.405026 -0.33409 0
-0.355431 -0.295193 0
-0.476775 -0.228673 0
-0.452896 -0.194685 0
-0.513041 -0.175564 0
-0.490229 -0.281795 0
-0.47693 -0.229193 0
-0.522047 -0.24394 0
-0.448665 -0.264123 0
-0.425718 -0.230424 0
-0.476469 -0.229088 0
-0.426461 -0.290129 0
-0.42555 -0.230628 0
-0.448497 -0.264328 0
-0.410791 -0.186399 0
-0.383034 -0.162069 0
-0.427542 -0.153525 0
-0.367669 -0.185582 0
-0.387045 -0.218873 0
-0.352683 -0.208724 0
-0.339241 -0.172947 0
-0.367508 -0.185428 0
-0.352523 -0.20857 0
-0.382834 -0.162176 0
-0.41059 -0.186506 0
-0.367848 -0.185318 0
-0.382968 -0.161875 0
-0.391193 -0.12843 0
-0.427476 -0.153331 0
-0.51207 -0.33272 0
-0.568479 -0.342561 0
-0.535671 -0.387705 0
-0.500116 -0.999477 0
-0.463928 -0.914806 0
-0.570831 -0.928763 0
-0.370633 -0.911174 0
-0.399569 -0.999702 0
-0.300569 -0.999702 0
-0.713475 -0.451536 0
-0.642871 -0.430259 0
-0.69369 -0.379355 0
-0.789379 -0.477189 0
-0.714188 -0.451781 0
-0.760196 -0.405611 0
-0.735306 -0.531216 0
-0.660586 -0.50547 0
-0.713674 -0.452296 0
-0.307484 -0.408717 0
-0.321334 -0.441368 0
-0.278068 -0.437945 0
-0.312203 -0.363801 0
-0.307447 -0.408287 0
-0.276212 -0.386887 0
-0.348273 -0.40278 0
-0.32157 -0.44125 0
-0.30772 -0.408599 0
-0.312445 -0.363853 0
-0.348242 -0.40252 0
-0.307689 -0.408339 0
-0.259278 -0.303767 0
-0.239928 -0.287756 0
-0.269425 -0.27109 0
-0.236024 -0.331605 0
-0.259301 -0.304081 0
-0.280216 -0.321387 0
-0.235889 -0.331493 0
-0.239816 -0.287958 0
-0.259166 -0.303969 0
-0.366719 -0.349687 0
-0.34844 -0.402324 0
-0.312643 -0.363657 0
-0.331493 -0.331606 0
-0.366663 -0.34945 0
-0.312586 -0.363419 0
-0.263033 -0.350774 0
-0.280483 -0.32165 0
-0.312069 -0.36339 0
-0.342811 -0.264178 0
-0.300618 -0.253493 0
-0.331665 -0.235951 0
-0.405054 -0.334617 0
-0.383441 -0.379611 0
-0.367146 -0.349514 0
-0.467906 -0.316702 0
-0.511576 -0.332569 0
-0.488539 -0.368372 0
-0.42659 -0.290705 0
-0.467477 -0.316502 0
-0.445224 -0.350534 0
-0.490164 -0.282382 0
-0.511581 -0.332281 0
-0.467911 -0.316413 0
-0.463295 -0.402871 0
-0.501809 -0.434023 0
-0.438266 -0.436517 0
-0.409939 -0.407263 0
-0.462986 -0.402781 0
-0.437957 -0.436428 0
-0.488492 -0.368998 0
-0.501978 -0.433796 0
-0.463463 -0.402644 0
-0.409963 -0.406977 0
-0.445154 -0.35121 0
-0.46301 -0.402495 0
-0.511802 -0.332808 0
-0.535403 -0.387792 0
-0.488765 -0.36861 0
-0.336955 -0.476317 0
-0.312903 -0.526388 0
-0.294757 -0.480489 0
-0.278025 -0.438184 0
-0.321291 -0.441608 0
-0.294588 -0.480078 0
-0.395815 -0.467432 0
-0.432923 -0.528711 0
-0.37113 -0.527577 0
-0.337486 -0.476276 0
-0.395495 -0.467256 0
-0.37081 -0.527401 0
-0.38347 -0.380134 0
-0.409451 -0.407177 0
-0.371396 -0.433322 0
-0.366956 -0.349741 0
-0.383252 -0.379838 0
-0.348677 -0.402378 0
-0.409697 -0.406901 0
-0.383716 -0.379858 0
-0.444887 -0.351134 0
-0.437928 -0.436887 0
-0.467897 -0.480591 0
-0.396156 -0.466967 0
-0.438282 -0.436778 0
-0.501826 -0.434283 0
-0.468252 -0.480481 0
-0.409714 -0.407478 0
-0.437732 -0.436642 0
-0.39596 -0.466722 0
-0.371438 -0.433613 0
-0.409492 -0.407468 0
-0.395738 -0.466712 0
-0.337487 -0.475962 0
-0.371196 -0.433843 0
-0.395496 -0.466942 0
-0.348691 -0.402658 0
-0.383266 -0.380119 0
-0.371193 -0.433307 0
-0.383702 -0.379615 0
-0.405315 -0.334622 0
-0.444873 -0.350892 0
-0.445016 -0.350593 0
-0.405458 -0.334324 0
-0.426382 -0.290765 0
-0.448638 -0.264615 0
-0.467488 -0.316214 0
-0.426602 -0.290417 0
-0.488302 -0.36872 0
-0.463273 -0.402367 0
-0.445416 -0.351082 0
-0.535842 -0.38834 0
-0.586573 -0.408436 0
-0.545106 -0.456675 0
-0.370533 -0.5276 0
-0.313157 -0.526546 0
-0.33721 -0.476475 0
-0.416321 -0.585309 0
-0.371199 -0.527972 0
-0.432991 -0.529106 0
-0.415953 -0.585498 0
-0.323322 -0.585321 0
-0.370831 -0.528161 0
-0.288478 -0.62106 0
-0.322868 -0.585764 0
-0.362749 -0.625261 0
-0.288173 -0.620859 0
-0.271771 -0.565324 0
-0.322563 -0.585563 0
-0.271632 -0.56477 0
-0.256672 -0.514119 0
-0.312557 -0.526797 0
-0.312634 -0.526514 0
-0.256749 -0.513837 0
-0.294487 -0.480615 0
-0.572386 -0.26 0
-0.522611 -0.243731 0
-0.563208 -0.188545 0
-0.462926 -0.914746 0
-0.400114 -0.999417 0
-0.371178 -0.910889 0
-0.642698 -0.857635 0
-0.66627 -0.933063 0
-0.571984 -0.928349 0
-0.499545 -0.999715 0
-0.400545 -0.999715 0
-0.463357 -0.915044 0
-0.322646 -0.585249 0
-0.271853 -0.565009 0
-0.312779 -0.527035 0
-0.189088 -0.646144 0
-0.224354 -0.607753 0
-0.236398 -0.670323 0
-0.179586 -0.585722 0
-0.213381 -0.55071 0
-0.224245 -0.607151 0
-0.188897 -0.645861 0
-0.179504 -0.586041 0
-0.224163 -0.60747 0
-0.143445 -0.62269 0
-0.121749 -0.572317 0
-0.179009 -0.585846 0
-0.242606 -0.467817 0
-0.256166 -0.513728 0
-0.190122 -0.506619 0
-0.242872 -0.467244 0
-0.24821 -0.410964 0
-0.277607 -0.438039 0
-0.179763 -0.461253 0
-0.24235 -0.467641 0
-0.189866 -0.506443 0
-0.467684 -0.316763 0
-0.488317 -0.368433 0
-0.445431 -0.350794 0
-0.53552 -0.301621 0
-0.511808 -0.332231 0
-0.490391 -0.282332 0
-0.535371 -0.388131 0
-0.502219 -0.433747 0
-0.488733 -0.368949 0
-0.243027 -0.467476 0
-0.277762 -0.438271 0
-0.294325 -0.480165 0
-0.275799 -0.386737 0
-0.233554 -0.375972 0
-0.262755 -0.351034 0
0.999667 0.999667 0
0.900667 0.999667 0
0.999667 0.900667 0
0.850444 0.925056 0
0.932944 0.867306 0
0.899944 0.999306 0
0.85 0.9255 0
0.8995 0.99975 0
0.8005 0.99975 0
0.933778 0.866556 0
0.999778 0.800556 0
0.999778 0.899556 0
0.900444 0.999222 0
0.933444 0.867222 0
0.999444 0.900222 0
0.849889 0.849444 0
0.800389 0.799944 0
0.866389 0.733944 0
0.850278 0.924556 0
0.850278 0.850306 0
0.932778 0.866806 0
0.84975 0.92475 0
0.7755 0.92475 0
0.84975 0.8505 0
0.700139 0.999528 0
0.667139 0.933528 0
0.774389 0.925278 0
0.850306 0.849361 0
0.866806 0.733861 0
0.924556 0.775111 0
0.774833 0.9255 0
0.799583 0.99975 0
0.700583 0.99975 0
0.799944 0.800389 0
0.849444 0.849889 0
0.733944 0.866389 0
0.849583 0.92525 0
0.800083 0.9995 0
0.775333 0.92525 0
0.9255 0.774833 0
0.99975 0.700583 0
0.99975 0.799583 0
0.467945 0.911378 0
0.570844 0.928751 0
0.50013 0.999465 0
0.66725 0.933083 0
0.73325 0.867083 0
0.7745 0.924833 0
0.531499 0.845659 0
0.481576 0.786316 0
0.527429 0.739297 0
0.642356 0.856831 0
0.532292 0.846015 0
0.603717 0.775161 0
0.57095 0.928238 0
0.46805 0.910865 0
0.531599 0.846708 0
0.480992 0.785854 0
0.411033 0.755175 0
0.473415 0.69152 0
0.37363 0.908771 0
0.429939 0.836717 0
0.46705 0.910767 0
0.349198 0.826173 0
0.410446 0.755793 0
0.429668 0.835922 0
0.372115 0.699373 0
0.42423 0.6476 0
0.473095 0.690871 0
0.714111 0.786222 0
0.732968 0.866365 0
0.643397 0.856937 0
0.364943 0.543538 0
0.322921 0.585206 0
0.301866 0.535943 0
0.785524 0.71481 0
0.799667 0.799667 0
0.71481 0.785524 0
0.714635 0.786032 0
0.799492 0.800175 0
0.733492 0.866175 0
0.702618 0.60825 0
0.697317 0.529267 0
0.774146 0.603592 0
0.708328 0.693333 0
0.702655 0.608801 0
0.774183 0.604142 0
0.58571 0.695773 0
0.603513 0.774263 0
0.528018 0.738755 0
0.473901 0.690995 0
0.510127 0.645551 0
0.527331 0.738309 0
0.621935 0.604294 0
0.70743 0.693622 0
0.586372 0.695054 0
0.688449 0.29871 0
0.68727 0.385406 0
0.633373 0.354821 0
0.751875 0.488145 0
0.829306 0.438202 0
0.815666 0.524131 0
0.688857 0.298594 0
0.755173 0.320269 0
0.687678 0.38529 0
0.850384 0.588194 0
0.92827 0.571801 0
0.916484 0.666087 0
0.815811 0.525017 0
0.849534 0.587829 0
0.775034 0.603509 0
0.816324 0.524909 0
0.927933 0.571327 0
0.850047 0.587721 0
0.697481 0.528865 0
0.751296 0.488712 0
0.77431 0.603191 0
0.82985 0.43812 0
0.913864 0.463565 0
0.816209 0.524048 0
0.755825 0.319624 0
0.7484 0.235814 0
0.823112 0.254956 0
0.755521 0.410078 0
0.755858 0.32052 0
0.825902 0.348831 0
0.68906 0.298093 0
0.74795 0.235959 0
0.755375 0.319768 0
0.627932 0.278636 0
0.688249 0.298351 0
0.633174 0.354463 0
0.756086 0.320001 0
0.823373 0.255334 0
0.826129 0.348312 0
0.914194 0.464011 0
0.928149 0.570912 0
0.816539 0.524494 0
0.866175 0.733492 0
0.800175 0.799492 0
0.786032 0.714635 0
0.999472 0.700139 0
0.925222 0.774389 0
0.916972 0.667139 0
0.924778 0.775556 0
0.933028 0.866306 0
0.850528 0.849806 0
0.916528 0.66725 0
0.924778 0.7745 0
0.867028 0.73325 0
0.999528 0.800139 0
0.933528 0.866139 0
0.925278 0.775389 0
0.849361 0.850306 0
0.775111 0.924556 0
0.733861 0.866806 0
0.666127 0.93354 0
0.600127 0.99954 0
0.571841 0.928825 0
0.393141 0.210142 0
0.373289 0.179457 0
0.410644 0.186647 0
0.425312 0.230102 0
0.393315 0.210312 0
0.410819 0.186817 0
0.375973 0.233192 0
0.344626 0.219795 0
0.392929 0.210432 0
0.386984 0.275691 0
0.376222 0.233446 0
0.425176 0.230476 0
0.402839 0.325075 0
0.358542 0.358081 0
0.355329 0.295437 0
0.445314 0.329414 0
0.403366 0.324963 0
0.426376 0.290663 0
0.445347 0.329703 0
0.436224 0.376862 0
0.403399 0.325252 0
0.350891 0.262567 0
0.344485 0.21997 0
0.375831 0.233367 0
0.321274 0.292112 0
0.283358 0.299928 0
0.295561 0.273298 0
0.358403 0.358684 0
0.39187 0.408286 0
0.324749 0.392337 0
0.35509 0.295458 0
0.358303 0.358103 0
0.331608 0.331408 0
0.39609 0.367634 0
0.436022 0.377266 0
0.392368 0.408265 0
0.402975 0.325316 0
0.395867 0.367293 0
0.358678 0.358323 0
0.403234 0.325378 0
0.436058 0.376988 0
0.396126 0.367356 0
0.292562 0.332749 0
0.262869 0.35066 0
0.250953 0.318048 0
0.321265 0.292311 0
0.292866 0.332494 0
0.283349 0.300126 0
0.331436 0.331621 0
0.358131 0.358316 0
0.303987 0.359071 0
0.317741 0.250632 0
0.287911 0.239733 0
0.304367 0.219782 0
0.29263 0.33258 0
0.251021 0.317879 0
0.283113 0.300212 0
0.219467 0.304384 0
0.199516 0.32084 0
0.19619 0.289108 0
0.213433 0.275402 0
0.219513 0.304232 0
0.196237 0.288956 0
0.239733 0.287914 0
0.250632 0.317743 0
0.219783 0.30437 0
0.344617 0.219615 0
0.373068 0.179567 0
0.392919 0.210252 0
0.917222 0.666556 0
0.999722 0.600556 0
0.999722 0.699556 0
0.229239 0.476702 0
0.264274 0.448899 0
0.27521 0.495412 0
0.633194 0.355288 0
0.68709 0.385872 0
0.634975 0.437645 0
0.371298 0.699322 0
0.306773 0.683073 0
0.346065 0.640283 0
0.604325 0.774959 0
0.713679 0.785915 0
0.642965 0.85663 0
0.571534 0.928059 0
0.532184 0.846528 0
0.642248 0.857345 0
0.585398 0.695341 0
0.527706 0.738324 0
0.510501 0.645566 0
0.346532 0.639806 0
0.393869 0.592776 0
0.42388 0.647073 0
0.708606 0.693686 0
0.774461 0.604495 0
0.785419 0.71385 0
0.604543 0.774415 0
0.707798 0.694493 0
0.713897 0.785371 0
0.621397 0.603978 0
0.585834 0.694738 0
0.547163 0.599519 0
0.424316 0.646923 0
0.394305 0.592626 0
0.47643 0.59515 0
0.509782 0.645246 0
0.473557 0.69069 0
0.424692 0.647418 0
0.546428 0.599322 0
0.510202 0.644766 0
0.477226 0.595165 0
0.546791 0.599657 0
0.585462 0.694876 0
0.510565 0.6451 0
0.371691 0.699203 0
0.346457 0.640163 0
0.423805 0.64743 0
0.751674 0.487765 0
0.755517 0.410935 0
0.829104 0.437822 0
0.637941 0.508775 0
0.691907 0.45515 0
0.696826 0.528437 0
0.635172 0.437978 0
0.687287 0.386205 0
0.691866 0.454438 0
0.32639 0.751817 0
0.348334 0.826118 0
0.255354 0.823356 0
0.481251 0.786641 0
0.531174 0.845984 0
0.430513 0.836092 0
0.410888 0.755659 0
0.480847 0.786338 0
0.430109 0.835788 0
0.527837 0.739258 0
0.603332 0.774766 0
0.531908 0.84562 0
0.66627 0.933063 0
0.571984 0.928349 0
0.642698 0.857635 0
0.73281 0.866857 0
0.66681 0.932857 0
0.643238 0.857429 0
0.699556 0.999778 0
0.600556 0.999778 0
0.666556 0.933778 0
0.599571 0.999762 0
0.500571 0.999762 0
0.571286 0.929048 0
0.499558 0.999703 0
0.400558 0.999703 0
0.467373 0.911616 0
0.250505 0.20376 0
0.235136 0.220385 0
0.22822 0.19495 0
0.242683 0.176489 0
0.25053 0.203613 0
0.228245 0.194802 0
0.344291 0.220028 0
0.350697 0.262625 0
0.318085 0.250709 0
0.319128 0.1476 0
0.30156 0.117774 0
0.328203 0.120914 0
0.35016 0.0509038 0
0.321935 0.0487752 0
0.324615 0.0228643 0
0.425343 0.230667 0
0.426255 0.290168 0
0.387152 0.275881 0
0.540006 0.382828 0
0.537171 0.449629 0
0.473836 0.430651 0
0.632662 0.354993 0
0.585324 0.402023 0
0.577741 0.333279 0
0.634465 0.438152 0
0.58235 0.489925 0
0.585346 0.402825 0
0.754846 0.410651 0
0.692268 0.454346 0
0.687689 0.386113 0
0.637368 0.508592 0
0.582525 0.49028 0
0.63464 0.438507 0
0.6917 0.454848 0
0.637734 0.508473 0
0.635006 0.438388 0
0.696808 0.529266 0
0.702108 0.60825 0
0.622287 0.603454 0
0.480859 0.336648 0
0.436483 0.3769 0
0.445607 0.329742 0
0.577237 0.333073 0
0.540317 0.382045 0
0.527026 0.313222 0
0.536918 0.449965 0
0.464664 0.482765 0
0.473583 0.430987 0
0.564556 0.543911 0
0.54673 0.59872 0
0.513271 0.516067 0
0.581876 0.490655 0
0.564674 0.543548 0
0.513389 0.515704 0
0.582292 0.490632 0
0.637134 0.508945 0
0.565089 0.543525 0
0.391812 0.40854 0
0.341144 0.43435 0
0.324691 0.392591 0
0.481773 0.381248 0
0.473305 0.430404 0
0.436579 0.377386 0
0.426365 0.444296 0
0.40769 0.501026 0
0.373191 0.466506 0
0.512628 0.516057 0
0.476886 0.594553 0
0.442098 0.544998 0
0.53705 0.450248 0
0.512905 0.515367 0
0.464796 0.483048 0
0.565221 0.543903 0
0.637266 0.509322 0
0.62163 0.603172 0
0.585021 0.402864 0
0.582026 0.489964 0
0.537683 0.449895 0
0.604115 0.774114 0
0.586312 0.695624 0
0.70737 0.694192 0
0.512978 0.516237 0
0.546437 0.598891 0
0.477236 0.594734 0
0.622324 0.604005 0
0.702145 0.6088 0
0.707818 0.693333 0
0.564918 0.544204 0
0.621327 0.603473 0
0.547092 0.599014 0
0.637707 0.509272 0
0.696591 0.528934 0
0.622071 0.603122 0
0.441375 0.544779 0
0.365693 0.543288 0
0.407715 0.501619 0
0.441329 0.545082 0
0.393992 0.592113 0
0.365647 0.543591 0
0.512586 0.515683 0
0.442056 0.544625 0
0.464477 0.483364 0
0.476489 0.594809 0
0.394364 0.592285 0
0.441701 0.545254 0
0.537443 0.450272 0
0.581785 0.490342 0
0.513298 0.515391 0
0.473049 0.691231 0
0.410667 0.754886 0
0.37207 0.699733 0
0.476818 0.595325 0
0.509793 0.644926 0
0.424703 0.647098 0
0.527235 0.73878 0
0.481382 0.785799 0
0.473805 0.691465 0
0.346194 0.6396 0
0.323164 0.585717 0
0.393531 0.59257 0
0.539847 0.382285 0
0.482145 0.380952 0
0.481327 0.336837 0
0.585015 0.402115 0
0.540512 0.382344 0
0.577432 0.333371 0
0.584881 0.402505 0
0.537544 0.449535 0
0.540378 0.382734 0
0.473121 0.430614 0
0.426795 0.443763 0
0.436395 0.377596 0
0.539821 0.382599 0
0.473652 0.430422 0
0.482119 0.381266 0
0.464295 0.482745 0
0.426889 0.444116 0
0.473214 0.430967 0
0.290638 0.426562 0
0.340744 0.434667 0
0.306262 0.469323 0
0.290482 0.426145 0
0.276195 0.387043 0
0.324135 0.392492 0
0.481277 0.336317 0
0.480506 0.294755 0
0.526505 0.31294 0
0.436605 0.377072 0
0.480981 0.33682 0
0.481799 0.380934 0
0.445753 0.329466 0
0.480235 0.29481 0
0.481006 0.336373 0
0.448681 0.264543 0
0.480063 0.294439 0
0.426644 0.290344 0
0.448848 0.264338 0
0.476652 0.229303 0
0.480231 0.294234 0
0.425549 0.230628 0
0.448498 0.264329 0
0.426461 0.290129 0
0.476897 0.229234 0
0.522015 0.243981 0
0.480476 0.294166 0
0.522489 0.244147 0
0.572265 0.260416 0
0.52695 0.312517 0
0.627856 0.27786 0
0.618922 0.202611 0
0.679695 0.218182 0
0.527134 0.312814 0
0.572449 0.260714 0
0.577345 0.332666 0
0.522568 0.243815 0
0.550383 0.213716 0
0.572343 0.260085 0
0.506678 0.190034 0
0.522103 0.243632 0
0.476985 0.228885 0
0.572785 0.260598 0
0.627361 0.278437 0
0.577682 0.33255 0
0.643835 0.115786 0
0.669407 0.0754982 0
0.679918 0.161847 0
0.572496 0.121576 0
0.643305 0.115917 0
0.618615 0.154815 0
0.607737 0.0705593 0
0.669165 0.0751919 0
0.643592 0.11548 0
0.522182 0.244261 0
0.526642 0.312632 0
0.480643 0.294446 0
0.67987 0.162612 0
0.67987 0.217795 0
0.619096 0.202224 0
0.866777 0.732627 0
0.850177 0.588734 0
0.916277 0.666627 0
0.714503 0.78517 0
0.708404 0.694292 0
0.785218 0.714456 0
0.751215 0.487821 0
0.692481 0.454687 0
0.755059 0.410992 0
0.774706 0.603177 0
0.751692 0.488698 0
0.815483 0.524684 0
0.697205 0.528368 0
0.692287 0.455081 0
0.751021 0.488215 0
0.334121 0.504926 0
0.301605 0.535515 0
0.275685 0.495796 0
0.372545 0.466603 0
0.334462 0.504609 0
0.306515 0.469691 0
0.364982 0.543269 0
0.301904 0.535675 0
0.334421 0.505086 0
0.372884 0.466709 0
0.407383 0.501229 0
0.3348 0.504714 0
0.334775 0.504971 0
0.407358 0.501485 0
0.365335 0.543154 0
0.391974 0.408787 0
0.372854 0.466165 0
0.341306 0.434597 0
0.42667 0.444351 0
0.464076 0.48298 0
0.407995 0.501081 0
0.392259 0.408818 0
0.426313 0.443986 0
0.373139 0.466197 0
0.392471 0.408521 0
0.436124 0.377522 0
0.426525 0.443689 0
0.464126 0.483317 0
0.441706 0.544577 0
0.408046 0.501418 0
0.393595 0.592248 0
0.323228 0.585395 0
0.365251 0.543727 0
0.375973 0.233555 0
0.386735 0.275799 0
0.351033 0.262754 0
-0.900667 0.999667 0
-0.999667 0.999667 0
-0.999667 0.900667 0
-0.933444 0.867222 0
-0.900444 0.999222 0
-0.999444 0.900222 0
-0.932944 0.867222 0
-0.850444 0.900222 0
-0.899944 0.999222 0
-0.999778 0.800556 0
-0.933778 0.866556 0
-0.999778 0.899556 0
-0.920089 0.759489 0
-0.999289 0.700089 0
-0.867289 0.667089 0
-0.920311 0.760489 0
-0.933511 0.866089 0
-0.999511 0.800089 0
-0.999733 0.700533 0
-0.920533 0.759933 0
-0.999733 0.799533 0
-0.866575 0.667137 0
-0.786432 0.714279 0
-0.919375 0.759537 0
-0.999556 0.699556 0
-0.999556 0.600556 0
-0.867556 0.666556 0
-0.8005 0.999667 0
-0.8995 0.999667 0
-0.85 0.900667 0
-0.867317 0.666127 0
-0.999317 0.600127 0
-0.928603 0.571841 0
-0.843021 0.506976 0
-0.769645 0.470785 0
-0.739233 0.52731 0
-0.912555 0.465115 0
-0.910328 0.371299 0
-0.833598 0.433899 0
-0.843813 0.506648 0
-0.912332 0.46557 0
-0.833374 0.434353 0
-0.76996 0.470473 0
-0.843335 0.506664 0
-0.832897 0.43437 0
-0.855042 0.584413 0
-0.928042 0.571258 0
-0.843938 0.507503 0
-0.999709 0.499552 0
-0.999709 0.400552 0
-0.91341 0.465433 0
-0.57764 0.332623 0
-0.620832 0.288207 0
-0.565297 0.271805 0
-0.679674 0.218214 0
-0.6189 0.202644 0
-0.621353 0.287593 0
-0.750707 0.163065 0
-0.680526 0.217931 0
-0.744492 0.242571 0
-0.683454 0.152896 0
-0.619108 0.202192 0
-0.679882 0.217762 0
-0.372855 0.308273 0
-0.400756 0.326912 0
-0.386892 0.276264 0
-0.346801 0.290867 0
-0.372674 0.308152 0
-0.386711 0.276143 0
-0.346659 0.291078 0
-0.344464 0.338909 0
-0.372532 0.308362 0
-0.372624 0.308571 0
-0.344556 0.339118 0
-0.373998 0.353297 0
-0.44896 0.26421 0
-0.513565 0.256369 0
-0.476763 0.229175 0
-0.401054 0.327299 0
-0.406137 0.368609 0
-0.442925 0.331821 0
-0.387071 0.276204 0
-0.400935 0.326852 0
-0.426174 0.290491 0
-0.373961 0.353755 0
-0.337478 0.378991 0
-0.368784 0.405765 0
-0.300491 0.404795 0
-0.368537 0.405937 0
-0.337232 0.379162 0
-0.301949 0.535516 0
-0.373422 0.536623 0
-0.351905 0.493658 0
-0.373639 0.537077 0
-0.333286 0.577429 0
-0.385355 0.587406 0
-0.44346 0.331621 0
-0.48696 0.341247 0
-0.480247 0.294834 0
-0.401122 0.327038 0
-0.442993 0.33156 0
-0.426361 0.290677 0
-0.447664 0.369765 0
-0.48685 0.341498 0
-0.443351 0.331872 0
-0.446247 0.717904 0
-0.514932 0.663105 0
-0.418871 0.652978 0
-0.54921 0.557972 0
-0.544458 0.489606 0
-0.494289 0.527693 0
-0.549546 0.557959 0
-0.594199 0.523808 0
-0.544793 0.489593 0
-0.572526 0.618771 0
-0.549339 0.558621 0
-0.504685 0.592772 0
-0.572827 0.618541 0
-0.594293 0.524241 0
-0.54964 0.558391 0
-0.738377 0.527931 0
-0.649212 0.561367 0
-0.707675 0.601855 0
-0.663606 0.487194 0
-0.594928 0.52381 0
-0.648585 0.56097 0
-0.663432 0.486823 0
-0.596486 0.4504 0
-0.594753 0.523439 0
-0.544203 0.489037 0
-0.502571 0.432788 0
-0.464789 0.482904 0
-0.504422 0.592468 0
-0.549076 0.558317 0
-0.494155 0.528039 0
-0.595781 0.450104 0
-0.503011 0.432678 0
-0.544643 0.488927 0
-0.769174 0.470571 0
-0.702458 0.443343 0
-0.738761 0.527097 0
-0.536878 0.373397 0
-0.577231 0.333046 0
-0.526914 0.313153 0
-0.647582 0.410871 0
-0.598126 0.38837 0
-0.596444 0.449694 0
-0.647728 0.410524 0
-0.639827 0.346468 0
-0.598271 0.388024 0
-0.680318 0.218383 0
-0.688796 0.297777 0
-0.744285 0.243023 0
-0.527009 0.312812 0
-0.577325 0.332705 0
-0.564982 0.271887 0
-0.64004 0.345759 0
-0.688251 0.298355 0
-0.621452 0.288339 0
-0.640301 0.346037 0
-0.699341 0.371271 0
-0.688512 0.298633 0
-0.577889 0.332871 0
-0.639669 0.345875 0
-0.621082 0.288455 0
-0.537115 0.373648 0
-0.597693 0.387856 0
-0.577468 0.333296 0
-0.494702 0.385231 0
-0.53647 0.373667 0
-0.487319 0.34169 0
-0.447835 0.369945 0
-0.494405 0.385218 0
-0.487022 0.341677 0
-0.502646 0.432078 0
-0.536521 0.37397 0
-0.494754 0.385534 0
-0.502985 0.432293 0
-0.595755 0.449719 0
-0.53686 0.374186 0
-0.464068 0.482931 0
-0.431998 0.442547 0
-0.399368 0.48712 0
-0.544175 0.489355 0
-0.46476 0.483222 0
-0.494006 0.527443 0
-0.5023 0.432537 0
-0.463428 0.414131 0
-0.464518 0.482653 0
-0.597755 0.388247 0
-0.537178 0.374038 0
-0.596073 0.449571 0
-0.462998 0.413783 0
-0.406308 0.369266 0
-0.432018 0.441922 0
-0.46305 0.413542 0
-0.44746 0.370131 0
-0.40636 0.369025 0
-0.480526 0.294771 0
-0.487238 0.341184 0
-0.526425 0.312917 0
-0.480045 0.294664 0
-0.426626 0.290568 0
-0.443257 0.331451 0
-0.464424 0.483477 0
-0.444208 0.565249 0
-0.493671 0.527697 0
-0.463192 0.414164 0
-0.432212 0.442302 0
-0.464282 0.482686 0
-0.494509 0.385668 0
-0.463528 0.413806 0
-0.502401 0.432211 0
-0.494325 0.385459 0
-0.447756 0.370186 0
-0.463345 0.413598 0
-0.383121 0.445339 0
-0.332202 0.453469 0
-0.352038 0.493078 0
-0.418104 0.652466 0
-0.385548 0.588 0
-0.346486 0.639812 0
-0.764531 0.39911 0
-0.755467 0.32056 0
-0.69998 0.371521 0
-0.387258 0.218779 0
-0.410623 0.186676 0
-0.373268 0.179485 0
-0.448698 0.264074 0
-0.476502 0.229039 0
-0.43558 0.215663 0
-0.480063 0.294439 0
-0.44868 0.264542 0
-0.426644 0.290344 0
-0.480355 0.294326 0
-0.513577 0.256587 0
-0.448972 0.264429 0
-0.476805 0.228618 0
-0.506498 0.189767 0
-0.468489 0.164088 0
-0.387465 0.219105 0
-0.410688 0.247923 0
-0.435156 0.215576 0
-0.513758 0.25612 0
-0.50665 0.190076 0
-0.476957 0.228927 0
-0.332628 0.577375 0
-0.301508 0.535916 0
-0.260674 0.572473 0
-0.213152 0.613746 0
-0.143664 0.623159 0
-0.152685 0.683247 0
-0.287662 0.621321 0
-0.213884 0.613713 0
-0.227656 0.675316 0
-0.260083 0.572338 0
-0.243815 0.522568 0
-0.213716 0.550383 0
-0.647802 0.4112 0
-0.596664 0.450024 0
-0.66361 0.486447 0
-0.699412 0.371969 0
-0.648274 0.410792 0
-0.701922 0.442625 0
-0.639592 0.346208 0
-0.577812 0.333204 0
-0.598037 0.387764 0
-0.999762 0.500571 0
-0.929048 0.571286 0
-0.999762 0.599571 0
-0.913112 0.465002 0
-0.999411 0.400121 0
-0.910885 0.371185 0
-0.353559 8.77029e-05 0
-0.325482 8.77029e-05 0
-0.3246 0.0261358 0
-0.350454 0.0509413 0
-0.382008 0.053321 0
-0.352986 0.029561 0
-0.384436 -0.0206245 0
-0.353004 -0.0292816 0
-0.353851 -0.000166911 0
-0.905139 -0.281407 0
-0.999682 -0.200605 0
-0.999682 -0.299605 0
-0.352984 -0.0295608 0
-0.382008 -0.053321 0
-0.350454 -0.0509413 0
-0.300166 -7.56132e-05 0
-0.325303 -7.56142e-05 0
-0.32442 -0.0225327 0
-0.382401 0.0535416 0
-0.403332 0.0902809 0
-0.417632 0.0561986 0
-0.324417 0.0262142 0
-0.3253 0.000166162 0
-0.299248 0.0234685 0
-0.291855 0.0701248 0
-0.309259 0.0961328 0
-0.317329 0.0712025 0
-0.420208 0.019728 0
-0.417939 0.0559807 0
-0.457368 0.0589543 0
-0.353101 0.0294599 0
-0.382122 0.0532198 0
-0.384531 0.0208025 0
-0.324691 0.0262338 0
-0.352805 0.0293007 0
-0.353651 0.000185733 0
-0.324406 0.0263771 0
-0.299236 0.0236314 0
-0.321803 0.0486987 0
-0.371146 0.0844987 0
-0.403176 0.0903759 0
-0.382245 0.0536366 0
-0.563177 0.187745 0
-0.571877 0.121776 0
-0.513727 0.142725 0
-0.572157 0.121085 0
-0.608641 0.057585 0
-0.552073 0.0663545 0
-0.532524 0.104872 0
-0.571902 0.121244 0
-0.551818 0.0665132 0
-0.50237 0.0626048 0
-0.53229 0.104676 0
-0.551584 0.0663164 0
-0.513624 0.142448 0
-0.571774 0.121499 0
-0.532396 0.105127 0
-0.563708 0.187977 0
-0.618528 0.202022 0
-0.626125 0.131865 0
-0.750504 0.162763 0
-0.683895 0.152764 0
-0.680323 0.21763 0
-0.820943 0.259679 0
-0.825296 0.174332 0
-0.745211 0.242749 0
-0.81695 0.0797441 0
-0.81695 -0.0055918 0
-0.740427 0.0713964 0
-0.751148 0.162034 0
-0.816729 0.0803066 0
-0.740206 0.0719589 0
-0.826119 0.173565 0
-0.908815 0.182978 0
-0.903315 0.0900731 0
-0.817783 0.0798133 0
-0.903269 0.0891387 0
-0.903269 -0.00265195 0
-0.739146 -0.0797925 0
-0.740507 -0.000288154 0
-0.81669 -0.00636512 0
-0.670554 0.0637003 0
-0.670984 0.000257384 0
-0.609367 0.0132578 0
-0.572406 0.121303 0
-0.626122 0.13116 0
-0.608889 0.0578025 0
-0.684095 0.152276 0
-0.750703 0.162275 0
-0.739761 0.0722004 0
-0.748606 -0.170044 0
-0.816285 -0.0867326 0
-0.825292 -0.173511 0
-0.643588 -0.115479 0
-0.607732 -0.0705589 0
-0.669161 -0.0751916 0
-0.618892 -0.202014 0
-0.618887 -0.155239 0
-0.679661 -0.162402 0
-0.618502 -0.202101 0
-0.563683 -0.188055 0
-0.618498 -0.155325 0
-0.70412 -0.0385766 0
-0.740129 -0.000396246 0
-0.738769 -0.0799006 0
-0.6698 -0.0749673 0
-0.703884 -0.0388268 0
-0.738533 -0.0801509 0
-0.669465 -0.0748202 0
-0.638746 -0.0362987 0
-0.70355 -0.0386797 0
-0.999694 -0.199621 0
-0.908903 -0.18599 0
-0.999694 -0.100621 0
-0.553407 0.0151675 0
-0.504387 0.0168137 0
-0.551662 0.0658639 0
-0.608769 0.0132853 0
-0.553947 0.0151263 0
-0.608769 0.0570531 0
-0.670346 0.0638915 0
-0.60916 0.0134489 0
-0.60916 0.0572168 0
-0.638424 -0.0364048 0
-0.669143 -0.0749263 0
-0.607715 -0.0702936 0
-0.609047 0.012689 0
-0.638223 -0.0361108 0
-0.607513 -0.0699996 0
-0.671192 -0.000249091 0
-0.703555 -0.0384295 0
-0.638752 -0.0360485 0
-0.64383 -0.115786 0
-0.669403 -0.0754979 0
-0.679914 -0.161847 0
-0.61897 -0.15495 0
-0.643661 -0.116052 0
-0.679744 -0.162113 0
-0.618653 -0.154776 0
-0.585363 -0.110245 0
-0.643344 -0.115878 0
-0.551412 -0.0332461 0
-0.607022 -0.0703024 0
-0.54909 -0.0807194 0
-0.499193 -0.0786516 0
-0.55105 -0.0332741 0
-0.548729 -0.0807474 0
-0.553755 0.0148252 0
-0.608577 0.0129843 0
-0.551433 -0.032648 0
-0.60926 0.0129236 0
-0.670876 -7.67652e-05 0
-0.638435 -0.0358761 0
-0.317552 0.0710521 0
-0.34592 0.0722523 0
-0.321936 0.0490107 0
-0.296462 0.0470174 0
-0.317386 0.0709674 0
-0.32177 0.048926 0
-0.309407 0.0962337 0
-0.335749 0.100188 0
-0.317476 0.0713034 0
-0.47873 0.104475 0
-0.439359 0.0972513 0
-0.427957 0.132341 0
-0.532085 0.10507 0
-0.479325 0.104535 0
-0.513314 0.142391 0
-0.501878 0.0625793 0
-0.457846 0.0592586 0
-0.479039 0.104115 0
-0.439107 0.097205 0
-0.403555 0.0906814 0
-0.427704 0.132295 0
-0.468234 0.163482 0
-0.478827 0.104698 0
-0.428053 0.132563 0
-0.457432 0.0592131 0
-0.418003 0.0562395 0
-0.439255 0.0968454 0
-0.459895 0.018426 0
-0.457781 0.0589711 0
-0.501814 0.0622918 0
-0.459622 0.0182827 0
-0.420348 0.0196015 0
-0.457508 0.0588278 0
-0.370841 0.0847677 0
-0.33609 0.100327 0
-0.358049 0.124129 0
-0.325482 -7.56143e-05 0
-0.353559 -7.56143e-05 0
-0.3246 -0.0225327 0
-0.296401 0.0468588 0
-0.321709 0.0487674 0
-0.299142 0.0237001 0
-0.353651 -0.000173644 0
-0.352803 -0.0292884 0
-0.324691 -0.0226308 0
-0.384541 0.0204576 0
-0.384541 -0.0204576 0
-0.353957 -1.02445e-09 0
-0.41757 0.0559657 0
-0.384747 0.0208915 0
-0.382339 0.0533088 0
-0.401885 -0.00127156 0
-0.419912 -0.0194168 0
-0.38482 -0.0205952 0
-0.384702 0.0204538 0
-0.401767 -0.00113777 0
-0.384702 -0.0204614 0
-0.42003 0.0192753 0
-0.42003 -0.019283 0
-0.402003 -0.00113777 0
-0.459909 -0.0180158 0
-0.459909 0.0179048 0
-0.503767 -0.016543 0
-0.417632 -0.0561986 0
-0.40333 -0.0902806 0
-0.382401 -0.0535416 0
-0.457368 -0.0589543 0
-0.417939 -0.0559807 0
-0.420208 -0.019728 0
-0.457432 -0.0592131 0
-0.439254 -0.0968452 0
-0.418003 -0.0562395 0
-0.382122 -0.0532198 0
-0.353099 -0.0294597 0
-0.384531 -0.0208025 0
-0.291748 0.0701967 0
-0.285418 0.0926415 0
-0.309152 0.0962047 0
-0.999354 -0.0996637 0
-0.902871 -0.0955817 0
-0.903875 -0.00387 0
-0.277294 0.114915 0
-0.291863 0.141533 0
-0.301299 0.121066 0
-0.267417 0.136144 0
-0.291749 0.141584 0
-0.27718 0.114966 0
-0.909718 0.183101 0
-0.999697 0.199611 0
-0.999697 0.100611 0
-0.999357 0.000287468 0
-0.903878 -0.00291881 0
-0.903878 0.0888719 0
-0.755213 0.320222 0
-0.688898 0.298546 0
-0.699726 0.371184 0
-0.903263 -0.00382386 0
-0.90226 -0.0955356 0
-0.81706 -0.0859159 0
-0.817495 0.0794946 0
-0.902981 -0.00297067 0
-0.817495 -0.00584136 0
-0.999679 -0.000344129 0
-0.999679 -0.0993441 0
-0.904199 -0.00355041 0
-0.526514 0.312634 0
-0.513837 0.256749 0
-0.480615 0.294487 0
-0.526797 0.312557 0
-0.56477 0.271632 0
-0.514119 0.256672 0
-0.6267 0.131285 0
-0.683449 0.152147 0
-0.670653 0.064603 0
-0.609218 0.0576111 0
-0.626451 0.130968 0
-0.670404 0.0642858 0
-0.572254 0.121739 0
-0.563553 0.187707 0
-0.62597 0.131595 0
-0.56437 0.229601 0
-0.618321 0.20235 0
-0.563501 0.188305 0
-0.621586 0.287912 0
-0.688385 0.297928 0
-0.679907 0.218534 0
-0.563997 0.229559 0
-0.563128 0.188263 0
-0.507106 0.189851 0
-0.564895 0.271355 0
-0.564026 0.230059 0
-0.514244 0.256396 0
-0.565253 0.271461 0
-0.620788 0.287863 0
-0.564384 0.230165 0
-0.39119 0.128333 0
-0.382279 0.153625 0
-0.427473 0.132609 0
-0.304717 0.172845 0
-0.315416 0.207202 0
-0.332585 0.181954 0
-0.410656 0.248363 0
-0.387104 0.275941 0
-0.426206 0.290228 0
-0.43536 0.215727 0
-0.410892 0.248074 0
-0.448478 0.264138 0
-0.387227 0.219215 0
-0.364238 0.248457 0
-0.41045 0.248033 0
-0.410831 0.186796 0
-0.387465 0.218899 0
-0.435156 0.215371 0
-0.352486 0.208991 0
-0.331909 0.23575 0
-0.363859 0.248381 0
-0.332937 0.18198 0
-0.35252 0.208581 0
-0.372892 0.179436 0
-0.315572 0.207502 0
-0.331747 0.235613 0
-0.352324 0.208854 0
-0.304459 0.172567 0
-0.29188 0.141871 0
-0.279127 0.164287 0
-0.332597 0.181755 0
-0.319156 0.147987 0
-0.304729 0.172646 0
-0.382047 0.153598 0
-0.390958 0.128306 0
-0.35827 0.124453 0
-0.410606 0.186458 0
-0.382162 0.153976 0
-0.373251 0.179268 0
-0.410788 0.186302 0
-0.427539 0.132804 0
-0.382345 0.15382 0
-0.328168 0.120753 0
-0.309328 0.0964684 0
-0.301527 0.120934 0
-0.357907 0.12425 0
-0.335948 0.100448 0
-0.328445 0.120778 0
-0.381907 0.153686 0
-0.358131 0.124541 0
-0.349463 0.154431 0
-0.390921 0.128075 0
-0.371025 0.0848608 0
-0.358233 0.124222 0
-0.350261 0.0508509 0
-0.352794 0.0294707 0
-0.32468 0.0264038 0
-0.321974 0.0487902 0
-0.350158 0.0509158 0
-0.324577 0.0264686 0
-0.291812 0.0699602 0
-0.317285 0.071038 0
-0.296362 0.047088 0
-0.34603 0.0721852 0
-0.35023 0.0510692 0
-0.322046 0.0489437 0
-0.370801 0.0845944 0
-0.346145 0.0724686 0
-0.33605 0.100153 0
-0.370849 0.08443 0
-0.350394 0.0511883 0
-0.346194 0.0723043 0
-0.370969 0.084367 0
-0.382068 0.0535049 0
-0.350514 0.0511252 0
-0.301277 0.120902 0
-0.285343 0.0928731 0
-0.277272 0.114752 0
-0.349284 0.154321 0
-0.357952 0.124431 0
-0.32849 0.120959 0
-0.335872 0.100109 0
-0.345967 0.0724237 0
-0.317599 0.0712235 0
-0.301439 0.121176 0
-0.292003 0.141643 0
-0.319009 0.147681 0
-0.328201 0.120925 0
-0.30156 0.121106 0
-0.319131 0.147611 0
-0.349154 0.154399 0
-0.32836 0.121037 0
-0.31929 0.147723 0
-0.335785 0.100354 0
-0.309443 0.0963994 0
-0.328283 0.120684 0
-0.309185 0.0963747 0
-0.285451 0.0928115 0
-0.301384 0.120841 0
-0.267303 0.136359 0
-0.255908 0.156706 0
-0.278882 0.164216 0
-0.906304 0.278399 0
-0.999384 0.200208 0
-0.909405 0.183697 0
-0.278874 0.164381 0
-0.255899 0.156872 0
-0.264807 0.185606 0
-0.448448 0.264388 0
-0.410862 0.248324 0
-0.426412 0.290189 0
-0.427826 0.132837 0
-0.411076 0.186336 0
-0.468006 0.163756 0
-0.513101 0.142587 0
-0.479112 0.104731 0
-0.468519 0.163515 0
-0.381957 0.153869 0
-0.349513 0.154614 0
-0.373046 0.179161 0
-0.403394 0.0907852 0
-0.391261 0.128122 0
-0.427544 0.132399 0
-0.403205 0.0906253 0
-0.371176 0.0847481 0
-0.391072 0.127962 0
-0.373074 0.179559 0
-0.352702 0.208704 0
-0.387063 0.218853 0
-0.279117 0.164469 0
-0.288969 0.195917 0
-0.304449 0.172749 0
-0.267423 0.136309 0
-0.279002 0.164165 0
-0.291755 0.141749 0
-0.255778 0.156912 0
-0.242822 0.176302 0
-0.264686 0.185646 0
-0.235008 0.220413 0
-0.228092 0.194978 0
-0.212262 0.212102 0
-0.235243 0.220501 0
-0.260131 0.229595 0
-0.250611 0.203876 0
-0.19495 0.22822 0
-0.20376 0.250505 0
-0.220385 0.235136 0
-0.203698 0.250766 0
-0.183479 0.266297 0
-0.213337 0.275145 0
-0.22957 0.260262 0
-0.203853 0.250745 0
-0.213491 0.275125 0
-0.194802 0.228245 0
-0.176489 0.242683 0
-0.203613 0.25053 0
-0.275143 0.213346 0
-0.264777 0.185926 0
-0.25076 0.203706 0
-0.304571 0.172892 0
-0.28909 0.19606 0
-0.31527 0.207249 0
-0.332746 0.181694 0
-0.349169 0.154603 0
-0.319305 0.147927 0
-0.352328 0.208674 0
-0.332744 0.182074 0
-0.315575 0.207322 0
-0.372881 0.179255 0
-0.349348 0.154708 0
-0.332926 0.1818 0
-0.31902 0.147853 0
-0.292013 0.141816 0
-0.304593 0.172512 0
-0.264669 0.185803 0
-0.242805 0.176458 0
-0.250652 0.203582 0
-0.278984 0.164512 0
-0.264917 0.185737 0
-0.288836 0.19596 0
-0.242683 0.176489 0
-0.228245 0.194802 0
-0.25053 0.203613 0
-0.903897 0.0898271 0
-0.909397 0.182732 0
-0.999376 0.100243 0
-0.999679 0.000631597 0
-0.904199 0.089216 0
-0.999679 0.0996316 0
-0.817523 0.0804035 0
-0.825812 0.173221 0
-0.903009 0.0897289 0
-0.744977 0.242424 0
-0.825062 0.174007 0
-0.751192 0.162917 0
-0.821491 0.259481 0
-0.908541 0.183547 0
-0.825844 0.174134 0
-0.755805 0.319666 0
-0.82071 0.260167 0
-0.744978 0.243236 0
-0.689048 0.298117 0
-0.755364 0.319793 0
-0.744536 0.243364 0
-0.764964 0.399019 0
-0.828916 0.344334 0
-0.7559 0.320468 0
-0.911175 0.370634 0
-0.999702 0.399569 0
-0.999702 0.300569 0
-0.829903 0.344102 0
-0.910293 0.370378 0
-0.90574 0.279504 0
-0.829174 0.344714 0
-0.765222 0.399399 0
-0.832833 0.43359 0
-0.199664 0.320975 0
-0.235637 0.331596 0
-0.224082 0.302371 0
-0.345877 0.639674 0
-0.332869 0.577884 0
-0.288455 0.621082 0
-0.326638 0.750926 0
-0.371234 0.699697 0
-0.306708 0.683445 0
-0.71481 0.785524 0
-0.799667 0.799667 0
-0.785524 0.71481 0
-0.38351 0.445011 0
-0.431627 0.44215 0
-0.36913 0.406282 0
-0.332258 0.453178 0
-0.383177 0.445048 0
-0.368797 0.406319 0
-0.399098 0.486994 0
-0.431728 0.442421 0
-0.383611 0.445282 0
-0.352262 0.493191 0
-0.398831 0.487164 0
-0.383344 0.445452 0
-0.29487 0.480302 0
-0.351742 0.493195 0
-0.331906 0.453586 0
-0.373747 0.536462 0
-0.398799 0.487469 0
-0.35223 0.493496 0
-0.374054 0.536703 0
-0.443589 0.565293 0
-0.399106 0.48771 0
-0.294768 0.480576 0
-0.301685 0.535328 0
-0.351641 0.49347 0
-0.385725 0.587366 0
-0.443544 0.565627 0
-0.374009 0.537038 0
-0.399408 0.487531 0
-0.443892 0.565114 0
-0.464108 0.483342 0
-0.346202 0.639562 0
-0.385263 0.587749 0
-0.333194 0.577772 0
-0.34644 0.640186 0
-0.371673 0.699225 0
-0.418058 0.652839 0
-0.649066 0.560982 0
-0.738231 0.527546 0
-0.664087 0.487207 0
-0.0487674 0.321709 0
-0.0468588 0.296401 0
-0.0237001 0.299142 0
-0.120939 0.328488 0
-0.124411 0.357949 0
-0.148391 0.348556 0
-0.141636 0.292022 0
-0.117846 0.301457 0
-0.147669 0.319007 0
-0.100448 0.335948 0
-0.12425 0.357907 0
-0.120778 0.328445 0
-0.0963994 0.309443 0
-0.100354 0.335785 0
-0.120684 0.328283 0
-0.0793202 0.341918 0
-0.0846174 0.370787 0
-0.100176 0.336036 0
-0.0226295 0.32473 0
-0.00017364 0.353651 0
-0.0292886 0.352806 0
-0.0847677 0.370841 0
-0.124129 0.358049 0
-0.100327 0.33609 0
-0.132734 0.427697 0
-0.162682 0.439693 0
-0.156608 0.400932 0
-0.179205 0.372902 0
-0.172727 0.339248 0
-0.148747 0.348642 0
-0.0964572 0.309328 0
-0.120742 0.328168 0
-0.117604 0.301546 0
-0.0928003 0.285451 0
-0.0963635 0.309185 0
-0.117511 0.301402 0
-0.0712465 0.317584 0
-0.0792753 0.34174 0
-0.100132 0.335858 0
-0.0490337 0.321922 0
-0.0791038 0.341693 0
-0.071075 0.317538 0
-0.128409 0.391072 0
-0.15656 0.40059 0
-0.152395 0.373809 0
-0.22398 0.302088 0
-0.21343 0.275404 0
-0.191186 0.292334 0
-0.212102 0.212262 0
-0.194978 0.228092 0
-0.220413 0.235008 0
-0.199514 0.320844 0
-0.223933 0.30224 0
-0.191139 0.292486 0
-0.320165 0.269868 0
-0.308144 0.304936 0
-0.346362 0.290836 0
-0.266684 0.260581 0
-0.286275 0.281635 0
-0.287682 0.239973 0
-0.26657 0.260783 0
-0.253668 0.300176 0
-0.286161 0.281837 0
-0.230191 0.425731 0
-0.194869 0.452604 0
-0.228856 0.476481 0
-0.262468 0.399551 0
-0.23058 0.425425 0
-0.277614 0.43786 0
-0.262272 0.399382 0
-0.219202 0.387394 0
-0.230384 0.425255 0
-0.435426 0.215187 0
-0.468032 0.164032 0
-0.411101 0.186612 0
-0.829104 0.34387 0
-0.820992 0.260505 0
-0.756088 0.320004 0
-0.833319 0.433495 0
-0.91005 0.370894 0
-0.82966 0.344618 0
-0.769697 0.470114 0
-0.832634 0.434011 0
-0.765022 0.399819 0
-0.699802 0.371931 0
-0.702311 0.442587 0
-0.764353 0.39952 0
-0.739517 0.527691 0
-0.85441 0.584267 0
-0.843305 0.507357 0
-0.594355 0.523447 0
-0.596088 0.450408 0
-0.54495 0.489232 0
-0.702106 0.443398 0
-0.664265 0.486812 0
-0.738409 0.527151 0
-0.701803 0.443009 0
-0.648155 0.411176 0
-0.663962 0.486423 0
-0.764586 0.399849 0
-0.702544 0.442916 0
-0.76926 0.470144 0
-0.699205 0.371646 0
-0.640165 0.346413 0
-0.648066 0.410469 0
-0.780252 0.627929 0
-0.785965 0.713838 0
-0.866108 0.666695 0
-0.739305 0.528093 0
-0.780056 0.627034 0
-0.854198 0.584668 0
-0.708019 0.602619 0
-0.711129 0.690153 0
-0.779473 0.627636 0
-0.928757 0.570838 0
-0.999471 0.500123 0
-0.913172 0.466004 0
-0.905442 0.279135 0
-0.821494 0.260367 0
-0.829605 0.343732 0
-0.999687 0.200597 0
-0.906607 0.278788 0
-0.999687 0.299597 0
-0.908809 0.183897 0
-0.821759 0.259831 0
-0.905708 0.278599 0
-0.27527 0.21332 0
-0.288824 0.196124 0
-0.264905 0.185901 0
-0.219084 0.387033 0
-0.248325 0.364042 0
-0.208935 0.352671 0
-0.194727 0.452384 0
-0.23005 0.425512 0
-0.186765 0.411017 0
-0.262333 0.399177 0
-0.248504 0.364198 0
-0.219263 0.387189 0
-0.208617 0.352367 0
-0.199403 0.321168 0
-0.172995 0.339087 0
-0.186676 0.410624 0
-0.218779 0.387258 0
-0.179486 0.37327 0
-0.17956 0.373075 0
-0.218853 0.387063 0
-0.208704 0.352702 0
-0.331981 0.453044 0
-0.368519 0.406184 0
-0.300474 0.405042 0
-0.287808 0.239568 0
-0.315168 0.207531 0
-0.275435 0.213538 0
-0.287996 0.239643 0
-0.331531 0.235716 0
-0.315356 0.207605 0
-0.245101 0.244979 0
-0.266454 0.260424 0
-0.260217 0.229866 0
-0.235224 0.220639 0
-0.244997 0.244846 0
-0.260112 0.229732 0
-0.2298 0.260257 0
-0.241147 0.279384 0
-0.244915 0.245144 0
-0.281729 0.342762 0
-0.235993 0.331875 0
-0.248625 0.363825 0
-0.346443 0.291067 0
-0.308225 0.305167 0
-0.344249 0.338899 0
-0.253358 0.300481 0
-0.224263 0.302303 0
-0.235817 0.331527 0
-0.30778 0.305069 0
-0.286357 0.282047 0
-0.271255 0.318544 0
-0.241042 0.279485 0
-0.229695 0.260358 0
-0.213616 0.275222 0
-0.266419 0.260775 0
-0.241298 0.27957 0
-0.253517 0.300168 0
-0.266391 0.260591 0
-0.245038 0.245145 0
-0.241269 0.279385 0
-0.260359 0.229848 0
-0.266597 0.260407 0
-0.287595 0.2398 0
-0.253515 0.300536 0
-0.235973 0.331582 0
-0.270905 0.318695 0
-0.364044 0.248325 0
-0.387033 0.219084 0
-0.352671 0.208935 0
-0.320303 0.269496 0
-0.363751 0.248584 0
-0.331801 0.235953 0
-0.386896 0.275801 0
-0.410448 0.248223 0
-0.364237 0.248646 0
-0.172615 0.304748 0
-0.147956 0.319175 0
-0.172702 0.338921 0
-0.190968 0.292494 0
-0.172848 0.304598 0
-0.199343 0.320852 0
-0.190877 0.292232 0
-0.183263 0.266454 0
-0.161726 0.280747 0
-0.235136 0.220385 0
-0.250504 0.20376 0
-0.22822 0.19495 0
-0.260264 0.229571 0
-0.275128 0.213492 0
-0.250745 0.203853 0
-0.241156 0.279708 0
-0.22428 0.302129 0
-0.253376 0.300307 0
-0.235092 0.220657 0
-0.220657 0.235092 0
-0.244864 0.244864 0
-0.213598 0.275361 0
-0.224147 0.302045 0
-0.241023 0.279625 0
-0.220501 0.235243 0
-0.203876 0.250612 0
-0.229594 0.260128 0
-0.244846 0.244996 0
-0.220639 0.235225 0
-0.229731 0.260109 0
-0.234982 0.220547 0
-0.212237 0.212237 0
-0.220547 0.234983 0
-0.183436 0.266436 0
-0.19105 0.292214 0
-0.213294 0.275284 0
-0.287861 0.240004 0
-0.286453 0.281666 0
-0.319897 0.26962 0
-0.208827 0.352343 0
-0.235585 0.331764 0
-0.199613 0.321143 0
-0.346772 0.290668 0
-0.386682 0.275944 0
-0.364023 0.248789 0
-0.312398 0.341214 0
-0.293824 0.368441 0
-0.337022 0.378824 0
-0.236068 0.331724 0
-0.281804 0.342611 0
-0.271 0.318836 0
-0.248753 0.364136 0
-0.262581 0.399114 0
-0.293363 0.368585 0
-0.405993 0.36924 0
-0.369206 0.406027 0
-0.431703 0.441895 0
-0.44308 0.331964 0
-0.406293 0.368751 0
-0.447393 0.369857 0
-0.37388 0.353532 0
-0.344438 0.339354 0
-0.337397 0.378768 0
-0.400824 0.327372 0
-0.374297 0.353458 0
-0.405907 0.368681 0
-0.400713 0.32717 0
-0.372812 0.308531 0
-0.374186 0.353257 0
-0.307765 0.305272 0
-0.27124 0.318747 0
-0.282045 0.342522 0
-0.319964 0.269838 0
-0.286521 0.281883 0
-0.307943 0.304906 0
-0.363801 0.248768 0
-0.320352 0.269679 0
-0.346549 0.290647 0
-0.331547 0.235923 0
-0.288012 0.23985 0
-0.320048 0.269466 0
-0.286176 0.282031 0
-0.253683 0.300369 0
-0.271073 0.318529 0
-0.299939 0.404969 0
-0.262701 0.399482 0
-0.277846 0.437792 0
-0.344232 0.339312 0
-0.312567 0.341117 0
-0.337191 0.378726 0
-0.281922 0.342885 0
-0.248817 0.363947 0
-0.293428 0.368397 0
-0.208991 0.352486 0
-0.248381 0.363857 0
-0.235749 0.331907 0
-0.374191 0.353721 0
-0.369013 0.405732 0
-0.4058 0.368944 0
-0.312214 0.341094 0
-0.282134 0.342808 0
-0.29364 0.36832 0
-0.308111 0.305335 0
-0.31247 0.34087 0
-0.344135 0.339066 0
-0.307903 0.305346 0
-0.282182 0.342597 0
-0.312262 0.340882 0
-0.30017 0.405149 0
-0.278078 0.437972 0
-0.331677 0.45315 0
-0.293784 0.368654 0
-0.30024 0.404669 0
-0.336981 0.379037 0
-0.293535 0.368722 0
-0.262753 0.399251 0
-0.299991 0.404737 0
-0.315172 0.207385 0
-0.288993 0.196196 0
-0.275439 0.213392 0
-0.161526 0.280873 0
-0.141866 0.291904 0
-0.172557 0.304463 0
-0.190841 0.29236 0
-0.16169 0.280874 0
-0.172722 0.304464 0
-0.183149 0.266333 0
-0.156854 0.25591 0
-0.161611 0.280625 0
-0.17645 0.24281 0
-0.183355 0.266189 0
-0.203574 0.250657 0
-0.176294 0.242827 0
-0.156903 0.255784 0
-0.183198 0.266206 0
-0.999389 0.300166 0
-0.906309 0.279357 0
-0.910862 0.37023 0
-0.473606 0.792453 0
-0.527119 0.738895 0
-0.446471 0.718624 0
-0.78621 0.714724 0
-0.800352 0.799581 0
-0.919152 0.759981 0
-0.779566 0.627092 0
-0.738814 0.528151 0
-0.708112 0.602075 0
-0.928119 0.57179 0
-0.855119 0.584945 0
-0.866834 0.666076 0
-0.928236 0.570861 0
-0.91265 0.466028 0
-0.844131 0.507106 0
-0.64781 0.648275 0
-0.617284 0.760615 0
-0.710385 0.690751 0
-0.515767 0.663308 0
-0.52773 0.738378 0
-0.587196 0.693319 0
-0.572691 0.619455 0
-0.515918 0.662909 0
-0.587347 0.69292 0
-0.504058 0.593233 0
-0.419065 0.65256 0
-0.515126 0.662686 0
-0.385874 0.587752 0
-0.418431 0.652218 0
-0.443693 0.566014 0
-0.371943 0.699859 0
-0.399531 0.76441 0
-0.445704 0.7184 0
-0.473967 0.792804 0
-0.553975 0.823165 0
-0.527479 0.739246 0
-0.643397 0.856937 0
-0.732968 0.866365 0
-0.714111 0.786222 0
-0.699556 0.999778 0
-0.666556 0.933778 0
-0.600556 0.999778 0
-0.700139 0.999528 0
-0.774389 0.925278 0
-0.667139 0.933528 0
-0.700583 0.99975 0
-0.799583 0.99975 0
-0.774833 0.9255 0
-0.733944 0.866556 0
-0.849444 0.899556 0
-0.799944 0.800556 0
-0.800844 0.800089 0
-0.932844 0.866089 0
-0.919644 0.760489 0
-0.800611 0.800556 0
-0.850111 0.899556 0
-0.932611 0.866556 0
-0.775333 0.925167 0
-0.800083 0.999417 0
-0.849583 0.900417 0
-0.733861 0.866972 0
-0.775111 0.924722 0
-0.849361 0.899972 0
-0.73325 0.867083 0
-0.66725 0.933083 0
-0.7745 0.924833 0
-0.13635 0.267308 0
-0.161454 0.280628 0
-0.156697 0.255914 0
-0.288169 0.620857 0
-0.332583 0.57766 0
-0.260629 0.572758 0
-0.227434 0.676061 0
-0.192322 0.713439 0
-0.2427 0.744349 0
-0.152259 0.683426 0
-0.143238 0.623338 0
-0.0863374 0.667202 0
-0.191778 0.713494 0
-0.152651 0.684014 0
-0.154829 0.752828 0
-0.242457 0.744608 0
-0.19208 0.713698 0
-0.155131 0.753032 0
-0.227132 0.675858 0
-0.152893 0.683756 0
-0.192021 0.713236 0
-0.227204 0.675525 0
-0.213432 0.613921 0
-0.152965 0.683422 0
-0.305948 0.683343 0
-0.227815 0.67596 0
-0.243081 0.744248 0
-0.287771 0.620977 0
-0.260231 0.572878 0
-0.213993 0.613369 0
-0.0856267 0.667549 0
-0.0115079 0.670973 0
-0.0714733 0.739439 0
-0.135034 0.568544 0
-0.0836549 0.604779 0
-0.143172 0.622745 0
-0.0414035 0.459956 0
-0.0787569 0.498655 0
-0.10411 0.479035 0
0.019481 0.420356 0
0.0408577 0.459631 0
0.000201801 0.460337 0
-0.0480138 0.526112 0
-0.0483072 0.578232 0
-0.0806952 0.54891 0
-0.0486448 0.637018 0
-0.0830488 0.604861 0
-0.0483172 0.57879 0
-0.0111882 0.670437 0
-0.0482872 0.637339 0
-0.0132429 0.60925 0
-0.0857904 0.666987 0
-0.0831745 0.605157 0
-0.0487706 0.637314 0
-0.134974 0.56801 0
-0.127634 0.519119 0
-0.0812513 0.548852 0
-0.169633 0.533938 0
-0.203333 0.499042 0
-0.169717 0.483486 0
-0.13527 0.567961 0
-0.169265 0.534288 0
-0.12793 0.51907 0
-0.213279 0.550177 0
-0.203479 0.499266 0
-0.169779 0.534162 0
-0.259982 0.572642 0
-0.213615 0.550687 0
-0.213744 0.613133 0
-0.243626 0.522323 0
-0.203727 0.499226 0
-0.213527 0.550137 0
-0.0811031 0.549139 0
-0.0834467 0.604532 0
-0.134826 0.568297 0
0.01624 0.528394 0
0.0325821 0.578255 0
-0.0147277 0.553577 0
0.154752 0.618473 0
0.0836938 0.604765 0
0.135073 0.568529 0
0.0857454 0.666987 0
0.0353687 0.637314 0
0.0831295 0.605157 0
-0.0114309 0.670631 0
-0.0855497 0.667207 0
-0.0485298 0.637534 0
-0.399057 0.764942 0
-0.326872 0.751621 0
-0.348816 0.825922 0
-0.399133 0.76452 0
-0.371544 0.69997 0
-0.326948 0.751198 0
-0.373234 0.908489 0
-0.429544 0.836437 0
-0.349073 0.826685 0
-0.446044 0.718711 0
-0.399871 0.764721 0
-0.473179 0.79254 0
-0.515295 0.663391 0
-0.446611 0.718191 0
-0.527259 0.738462 0
-0.418391 0.6531 0
-0.372006 0.699486 0
-0.445768 0.718026 0
-0.799492 0.800175 0
-0.714635 0.786032 0
-0.733492 0.866175 0
-0.536577 0.373425 0
-0.526613 0.313181 0
-0.487426 0.341448 0
-0.710688 0.690221 0
-0.707579 0.602686 0
-0.648113 0.647746 0
-0.785227 0.714445 0
-0.71117 0.691054 0
-0.714513 0.785159 0
-0.785446 0.713918 0
-0.779733 0.628009 0
-0.711389 0.690527 0
-0.780482 0.627497 0
-0.866338 0.666263 0
-0.854624 0.585132 0
-0.346066 0.640287 0
-0.306773 0.683073 0
-0.371299 0.699326 0
-0.141588 0.291768 0
-0.136144 0.267417 0
-0.114966 0.27718 0
-0.0926415 0.285418 0
-0.0701967 0.291748 0
-0.0962047 0.309152 0
-0.147853 0.319018 0
-0.172511 0.304591 0
-0.14182 0.292032 0
-0.117776 0.301579 0
-0.120914 0.328201 0
-0.1476 0.319128 0
-0.114904 0.277294 0
-0.117736 0.301317 0
-0.141526 0.291882 0
-0.114741 0.277272 0
-0.092862 0.285343 0
-0.117572 0.301295 0
-0.172874 0.338928 0
-0.199282 0.321008 0
-0.172787 0.304754 0
-0.148642 0.348462 0
-0.172622 0.339068 0
-0.147876 0.319322 0
-0.121017 0.328358 0
-0.148469 0.348426 0
-0.147703 0.319286 0
-0.124449 0.358242 0
-0.128301 0.39093 0
-0.152288 0.373667 0
-0.179406 0.372915 0
-0.20855 0.352541 0
-0.172928 0.339261 0
-0.66627 0.933063 0
-0.642698 0.857635 0
-0.571984 0.928349 0
-0.288367 0.621434 0
-0.306494 0.682812 0
-0.345788 0.640026 0
-0.429631 0.835956 0
-0.399402 0.765225 0
-0.349161 0.826205 0
-0.400129 0.999406 0
-0.465009 0.913105 0
-0.373523 0.909323 0
-0.465858 0.91213 0
-0.553769 0.823745 0
-0.47376 0.793384 0
-0.73281 0.866857 0
-0.643238 0.857429 0
-0.66681 0.932857 0
-0.473126 0.792933 0
-0.399818 0.765114 0
-0.430047 0.835844 0
-0.465444 0.912172 0
-0.473346 0.793426 0
-0.430268 0.836338 0
-0.554453 0.82306 0
-0.616362 0.761361 0
-0.527957 0.73914 0
-0.713723 0.785871 0
-0.617279 0.761629 0
-0.643009 0.856585 0
-0.647906 0.647314 0
-0.707371 0.602255 0
-0.648908 0.561768 0
-0.573335 0.618965 0
-0.647456 0.647371 0
-0.648459 0.561824 0
-0.594624 0.524251 0
-0.573158 0.618551 0
-0.648281 0.56141 0
-0.504572 0.593121 0
-0.51564 0.662574 0
-0.572413 0.61912 0
-0.587934 0.693343 0
-0.616873 0.760623 0
-0.647399 0.648284 0
-0.573132 0.619404 0
-0.587787 0.692869 0
-0.647253 0.64781 0
-0.444341 0.565615 0
-0.504071 0.592492 0
-0.493804 0.528063 0
-0.444089 0.566031 0
-0.418826 0.652235 0
-0.503819 0.592909 0
-0.528068 0.738706 0
-0.616473 0.760927 0
-0.587534 0.693647 0
-0.642475 0.856711 0
-0.616746 0.761755 0
-0.554837 0.823454 0
-0.71395 0.785316 0
-0.710607 0.691211 0
-0.617506 0.761074 0
-0.243412 0.744501 0
-0.326209 0.751077 0
-0.306279 0.683595 0
-0.260373 0.821485 0
-0.276423 0.906688 0
-0.348184 0.826629 0
-0.161404 0.280749 0
-0.1363 0.267429 0
-0.141744 0.29178 0
-0.0712025 0.317329 0
-0.0961328 0.309259 0
-0.0701248 0.291855 0
-0.348352 0.82611 0
-0.326407 0.751809 0
-0.26054 0.820966 0
-0.372721 0.908725 0
-0.348561 0.826922 0
-0.2768 0.906981 0
-0.499552 0.999709 0
-0.465432 0.913408 0
-0.400552 0.999709 0
-0.57161 0.927983 0
-0.642324 0.857269 0
-0.554686 0.824012 0
-0.466185 0.912582 0
-0.571019 0.928169 0
-0.554095 0.824198 0
-0.373623 0.908777 0
-0.465109 0.912559 0
-0.429933 0.836725 0
-0.500123 0.999471 0
-0.570838 0.928757 0
-0.466004 0.91317 0
-0.500571 0.999762 0
-0.599571 0.999762 0
-0.571286 0.929048 0
-0.571841 0.928825 0
-0.600127 0.99954 0
-0.666127 0.93354 0
-0.071038 0.317285 0
-0.0699602 0.291812 0
-0.047088 0.296362 0
-0.100188 0.335749 0
-0.0962337 0.309407 0
-0.0713034 0.317476 0
-0.00636539 0.81669 0
-0.0711996 0.740169 0
-0.00893513 0.740166 0
-0.19963 0.999691 0
-0.188807 0.907863 0
-0.10063 0.999691 0
-0.167983 0.826855 0
-0.154549 0.753646 0
-0.0926471 0.815117 0
-0.0897509 0.903008 0
-0.167765 0.827356 0
-0.0924297 0.815618 0
-0.189235 0.90669 0
-0.259481 0.821488 0
-0.168657 0.827388 0
-0.300165 0.999388 0
-0.372559 0.909304 0
-0.276638 0.907559 0
-0.154227 0.753355 0
-0.071973 0.740207 0
-0.0923249 0.814826 0
-0.242378 0.744987 0
-0.155052 0.75341 0
-0.168485 0.826619 0
-0.326054 0.751537 0
-0.243257 0.744961 0
-0.260188 0.820693 0
-0.306099 0.682931 0
-0.287971 0.621553 0
-0.227965 0.675549 0
-0.143733 0.622847 0
-0.213221 0.613434 0
-0.173419 0.590469 0
-0.0294515 0.352699 0
-0.0487062 0.321982 0
-0.0227923 0.324624 0
-0.0470174 0.296462 0
-0.048926 0.32177 0
-0.0709674 0.317386 0
-0.0234564 0.299163 0
-0.000154068 0.300079 0
-0.0226099 0.324372 0
0.0487674 0.321709 0
0.0237001 0.299142 0
0.0468588 0.296401 0
0.0508509 0.350261 0
0.0294707 0.352794 0
0.0264038 0.32468 0
0.0790368 0.341802 0
0.0510922 0.350216 0
0.0489666 0.322032 0
0.0962337 0.309407 0
0.100188 0.335749 0
0.0713034 0.317476 0
0.153666 0.381907 0
0.124521 0.358131 0
0.148501 0.348736 0
0.132665 0.4276 0
0.128388 0.391318 0
0.170055 0.41987 0
0.179331 0.460831 0
0.132836 0.427834 0
0.170226 0.420103 0
0.097205 0.439107 0
0.0906814 0.403555 0
0.132295 0.427706 0
0.0906253 0.403205 0
0.0847481 0.371176 0
0.127963 0.391074 0
0.053321 0.382008 0
0.029561 0.352986 0
0.0509413 0.350454 0
0.0791558 0.341966 0
0.084453 0.370835 0
0.0512113 0.35038 0
0.0558526 0.417696 0
0.0196 0.419964 0
0.0207784 0.384871 0
-7.56099e-05 0.325303 0
-0.0225314 0.324459 0
-7.56089e-05 0.300166 0
0.0292819 0.353006 0
0.0206246 0.384434 0
0.00016691 0.353851 0
0.0487902 0.321974 0
0.0509158 0.350158 0
0.0264686 0.324577 0
0.0236314 0.299236 0
0.0486987 0.321803 0
0.0263771 0.324406 0
0.071075 0.317538 0
0.0791038 0.341693 0
0.0490337 0.321922 0
0.0532198 0.382122 0
0.0208026 0.384529 0
0.0294599 0.353101 0
-7.56099e-05 0.353559 0
-0.0225314 0.324638 0
-7.56099e-05 0.325482 0
0.0261358 0.3246 0
8.77029e-05 0.353559 0
8.77029e-05 0.325482 0
-0.00602716 0.38488 0
0.019295 0.419971 0
-0.00853044 0.419972 0
-0.275891 0.906957 0
-0.259841 0.821755 0
-0.189595 0.906957 0
-0.200218 0.999382 0
-0.275691 0.907554 0
-0.189395 0.907554 0
-0.300577 0.999697 0
-0.399577 0.999697 0
-0.372971 0.909613 0
-0.173505 0.589963 0
-0.213178 0.550481 0
-0.169678 0.534467 0
-0.143472 0.622696 0
-0.173157 0.590318 0
-0.135335 0.568495 0
-0.213455 0.613192 0
-0.213325 0.550746 0
-0.173652 0.590227 0
-0.294279 0.480195 0
-0.277716 0.438301 0
-0.229347 0.476616 0
-0.156493 0.40077 0
-0.128343 0.391252 0
-0.132619 0.427535 0
-0.179278 0.373315 0
-0.156844 0.400654 0
-0.186468 0.410669 0
-0.152355 0.373525 0
-0.148496 0.348707 0
-0.124516 0.358101 0
-0.179164 0.373191 0
-0.152566 0.373749 0
-0.15673 0.40053 0
-0.179137 0.373017 0
-0.148679 0.348757 0
-0.152539 0.373575 0
0.000586453 0.903392 0
0.0798454 0.81778 0
0.0955044 0.902261 0
0.000246403 0.903107 0
-0.00583065 0.817493 0
0.0795054 0.817496 0
0.000319589 0.999354 0
0.000319588 0.904001 0
0.0952375 0.90287 0
-0.000631597 0.999679 0
-0.0996316 0.999679 0
-0.089216 0.904199 0
-0.0918297 0.81504 0
-0.0714778 0.74042 0
-0.00664356 0.816941 0
-0.168836 0.826846 0
-0.25966 0.820946 0
-0.242729 0.745213 0
-0.0900738 0.903314 0
-0.188666 0.906965 0
-0.168088 0.827662 0
-0.200587 0.999691 0
-0.299587 0.999691 0
-0.276061 0.907863 0
0.127833 0.51861 0
0.121215 0.474531 0
0.154326 0.490158 0
0.0812513 0.548852 0
0.127634 0.519119 0
0.134974 0.56801 0
0.0329018 0.578239 0
0.0165597 0.528378 0
0.0805385 0.548918 0
0.0351916 0.637018 0
0.0329722 0.57879 0
0.0829525 0.604861 0
-0.012985 0.608663 0
-0.0148258 0.553846 0
0.032484 0.578524 0
0.0787326 0.498523 0
0.0413791 0.459823 0
0.096861 0.439532 0
0.0831054 0.604566 0
0.0331251 0.578495 0
0.0807618 0.549173 0
0.0162782 0.527981 0
-0.0163357 0.504142 0
0.0455921 0.504143 0
0.0805822 0.548669 0
0.0166034 0.52813 0
0.0459173 0.504292 0
-0.0148925 0.553328 0
-0.0165387 0.504307 0
0.0160752 0.528146 0
0.0785619 0.498739 0
0.0459929 0.503898 0
0.0412084 0.460039 0
0.12758 0.518639 0
0.0791015 0.498837 0
0.120963 0.47456 0
0.127446 0.518888 0
0.0810634 0.548621 0
0.0789676 0.499085 0
-0.0479716 0.578524 0
-0.0150958 0.553846 0
-0.0132549 0.608663 0
-0.048411 0.637032 0
-0.0480834 0.578804 0
-0.0133667 0.608942 0
-0.0831567 0.604566 0
-0.0808131 0.549173 0
-0.0484252 0.578495 0
-0.0413286 0.459533 0
-0.0968104 0.439242 0
-0.0636656 0.411974 0
-0.0166799 0.503769 0
-0.0408483 0.459911 0
-0.000192403 0.460617 0
0.0455378 0.503917 0
-0.01639 0.503917 0
9.74832e-05 0.460764 0
-0.0481157 0.525847 0
-0.0807972 0.548644 0
-0.0787014 0.499108 0
-0.0151065 0.553321 0
-0.0476889 0.52588 0
-0.0167527 0.5043 0
-0.0152117 0.553569 0
-0.0480875 0.578247 0
-0.047794 0.526128 0
-0.169464 0.483553 0
-0.128045 0.518787 0
-0.16938 0.534005 0
-0.0414645 0.459757 0
-0.104171 0.478836 0
-0.0969463 0.439466 0
-0.0790459 0.498852 0
-0.127525 0.518655 0
-0.104399 0.479232 0
-0.0169426 0.503897 0
-0.0784644 0.498739 0
-0.041111 0.460039 0
-0.0810634 0.548621 0
-0.127446 0.518888 0
-0.0789676 0.499085 0
0.019668 0.420214 0
0.0559206 0.417946 0
0.0410447 0.459489 0
0.134826 0.568297 0
0.0834467 0.604532 0
0.0811031 0.549139 0
0.048926 0.32177 0
0.0470174 0.296462 0
0.0709674 0.317386 0
-0.0845164 0.371132 0
-0.0589197 0.377885 0
-0.0903936 0.403161 0
-0.00599442 0.384541 0
4.85333e-05 0.353957 0
0.0205062 0.38454 0
0.0193927 0.419853 0
-0.00592951 0.384762 0
0.0205711 0.384761 0
-0.0327715 0.384539 0
-0.0293429 0.353109 0
-0.00627091 0.384538 0
-0.0906253 0.403205 0
-0.127962 0.391072 0
-0.0847481 0.371176 0
-0.00880704 0.419972 0
-0.0366325 0.419973 0
-0.0328044 0.384881 0
-0.00620165 0.384762 0
-0.00870493 0.419854 0
-0.0327023 0.384763 0
0.0193154 0.420224 0
3.6137e-05 0.460205 0
-0.00851009 0.420225 0
-0.097205 0.439107 0
-0.132295 0.427704 0
-0.0906814 0.403555 0
-0.0509261 0.350253 0
-0.0488006 0.322068 0
-0.0295459 0.352785 0
0.0561794 0.41801 0
0.0967853 0.439262 0
0.0413035 0.459553 0
7.84581e-05 0.325218 0
7.84591e-05 0.300082 0
0.0233808 0.299166 0
-0.0236193 0.299236 0
-0.0227728 0.324445 0
-0.0486866 0.321803 0
0.000166162 0.3253 0
0.0234685 0.299248 0
0.0262142 0.324417 0
-0.244109 0.522519 0
-0.260377 0.572289 0
-0.301211 0.535732 0
-0.169664 0.483017 0
-0.194446 0.452673 0
-0.162932 0.440051 0
-0.127937 0.518567 0
-0.169357 0.483333 0
-0.137412 0.468551 0
-0.203417 0.49877 0
-0.194582 0.45287 0
-0.1698 0.483214 0
-0.294166 0.480476 0
-0.229234 0.476897 0
-0.243981 0.522015 0
-0.301886 0.535797 0
-0.333006 0.577255 0
-0.373359 0.536904 0
-0.186846 0.410799 0
-0.230131 0.425294 0
-0.218949 0.387432 0
-0.331659 0.453402 0
-0.278059 0.438223 0
-0.294622 0.480118 0
-0.260388 0.229691 0
-0.287624 0.239643 0
-0.275251 0.213612 0
-0.277502 0.438118 0
-0.230468 0.425683 0
-0.229133 0.476433 0
-0.173245 0.590022 0
-0.169418 0.534526 0
-0.135422 0.568199 0
-0.228931 0.476959 0
-0.203779 0.498981 0
-0.243678 0.522077 0
-0.228767 0.476726 0
-0.194779 0.452849 0
-0.203614 0.498748 0
-0.301325 0.535425 0
-0.294408 0.480673 0
-0.244223 0.522211 0
-0.132399 0.427544 0
-0.128122 0.391261 0
-0.0907852 0.403394 0
-0.137187 0.4681 0
-0.132451 0.427921 0
-0.0973611 0.439324 0
-0.137529 0.468287 0
-0.169473 0.48307 0
-0.162741 0.440103 0
0.0461257 0.504195 0
0.0786947 0.499036 0
0.0807905 0.548572 0
0.288173 0.620859 0
0.271771 0.565324 0
0.322563 0.585563 0
0.326184 0.751088 0
0.236007 0.747914 0
0.306254 0.683606 0
0.202707 0.6186 0
0.237503 0.591657 0
0.287657 0.621058 0
0.218213 0.67967 0
0.202643 0.618895 0
0.287593 0.621353 0
0.155102 0.618335 0
0.135423 0.568391 0
0.187852 0.563595 0
0.187943 0.563057 0
0.128174 0.518962 0
0.189511 0.506955 0
0.034724 0.637339 0
-0.0109097 0.670437 0
-0.0129644 0.60925 0
0.0326508 0.578803 0
0.0348702 0.637032 0
-0.0128182 0.608942 0
0.0856008 0.667313 0
0.0400311 0.70227 0
0.035224 0.63764 0
0.162014 0.679827 0
0.0864089 0.667176 0
0.154851 0.619054 0
0.0885356 0.737195 0
0.0346437 0.777113 0
0.040039 0.70297 0
-0.0834907 0.605109 0
-0.0861066 0.666939 0
-0.143007 0.623075 0
0.154588 0.618803 0
0.0861455 0.666925 0
0.0835296 0.605095 0
-0.00895152 0.739678 0
-0.071216 0.739681 0
-0.0112506 0.671215 0
0.271339 0.565014 0
0.237586 0.591149 0
0.243933 0.52268 0
-0.0719448 0.739482 0
-0.15202 0.683816 0
-0.0860982 0.667592 0
0.0926415 0.285418 0
0.0962047 0.309152 0
0.0701967 0.291748 0
0.0963747 0.309185 0
0.0928115 0.285451 0
0.120845 0.301402 0
0.127783 0.328168 0
0.096492 0.309328 0
0.120963 0.301546 0
0.0712025 0.317329 0
0.0701248 0.291855 0
0.0961328 0.309259 0
0.0955709 0.903192 0
0.0996529 0.999675 0
0.000652922 0.999675 0
-0.000318726 0.903395 0
-0.0889031 0.903269 0
-0.00639578 0.817781 0
0.217794 0.679866 0
0.162612 0.67987 0
0.202223 0.619092 0
0.202013 0.618887 0
0.162402 0.679665 0
0.155239 0.618892 0
0.306068 0.682946 0
0.21856 0.679885 0
0.28794 0.621568 0
0.305892 0.683369 0
0.235645 0.747677 0
0.218385 0.680308 0
0.217879 0.680541 0
0.23514 0.74791 0
0.155193 0.752932 0
0.345786 0.640021 0
0.306494 0.682812 0
0.288367 0.621434 0
0.371233 0.699694 0
0.326638 0.750926 0
0.306708 0.683445 0
0.254449 0.823348 0
0.168794 0.826865 0
0.235307 0.748635 0
0.0886695 0.737577 0
0.0799369 0.816808 0
0.0347776 0.777495 0
0.167942 0.826861 0
0.0806025 0.817027 0
0.154509 0.753652 0
0.275854 0.906972 0
0.183871 0.908821 0
0.254635 0.824152 0
0.0960654 0.902006 0
0.0804064 0.817525 0
0.167746 0.827359 0
-0.152249 0.684102 0
-0.0721741 0.739768 0
-0.154428 0.752916 0
0.0395619 0.702623 0
-0.00857979 0.739553 0
-0.0108788 0.671091 0
0.0349008 0.637651 0
0.0397078 0.702281 0
-0.0107329 0.670749 0
0.0857803 0.667646 0
0.0887072 0.736827 0
0.0402106 0.702603 0
0.154518 0.752895 0
0.0893445 0.737038 0
0.162023 0.680509 0
0.154244 0.753352 0
0.0803378 0.816727 0
0.0890704 0.737496 0
0.0341649 0.777504 0
-0.00601181 0.816815 0
-0.00858156 0.740291 0
0.0397136 0.702979 0
0.0343183 0.777122 0
-0.00842812 0.739909 0
0.0796202 0.817075 0
-0.00571583 0.817073 0
0.0344609 0.777762 0
-0.0898462 0.90389 0
-0.100262 0.999369 0
-0.188439 0.907541 0
-0.00670306 0.817486 0
-0.0892104 0.902974 0
-0.0918892 0.815585 0
-0.000298265 0.904004 0
-0.000298264 0.999357 0
-0.0888827 0.903878 0
0.0891152 0.736752 0
0.0861883 0.667571 0
0.161794 0.680222 0
0.100471 0.335948 0
0.127808 0.328445 0
0.124274 0.357909 0
0.0712465 0.317584 0
0.100132 0.335858 0
0.0792753 0.34174 0
0.0964229 0.309443 0
0.127714 0.328283 0
0.100378 0.335785 0
0.114752 0.277272 0
0.120907 0.301295 0
0.0928732 0.285343 0
0.114966 0.27718 0
0.136144 0.267417 0
0.141588 0.291768 0
0.0208915 0.384745 0
0.0533088 0.382339 0
0.0559657 0.41757 0
-0.0510922 0.350216 0
-0.0790368 0.341802 0
-0.0489666 0.322032 0
-0.0329212 0.384424 0
-0.0508728 0.350462 0
-0.0294926 0.352995 0
-0.084453 0.370835 0
-0.0791558 0.341966 0
-0.0512113 0.35038 0
-0.058788 0.377708 0
-0.0843847 0.370955 0
-0.0511429 0.3505 0
-0.0330189 0.384507 0
-0.0586156 0.377754 0
-0.0509705 0.350545 0
-0.0329877 0.384853 0
-0.0368158 0.419945 0
-0.0634371 0.41166 0
-0.000118378 0.353851 0
-0.00616133 0.384435 0
-0.0292333 0.353006 0
-0.137195 0.468537 0
-0.104594 0.47913 0
-0.12772 0.518553 0
-0.162617 0.439918 0
-0.13267 0.427923 0
-0.137406 0.468102 0
-0.18654 0.411065 0
-0.162989 0.439809 0
-0.194502 0.452432 0
-0.186413 0.410892 0
-0.156789 0.400876 0
-0.162862 0.439636 0
-0.0972672 0.439495 0
-0.104491 0.478865 0
-0.137093 0.468271 0
-0.0638305 0.411786 0
-0.0969753 0.439054 0
-0.0904517 0.403502 0
-0.0366598 0.420223 0
-0.00883436 0.420222 0
-0.040944 0.459496 0
-0.0634644 0.411911 0
-0.0368431 0.420195 0
-0.0411274 0.459469 0
-0.0588499 0.378021 0
-0.0637025 0.411582 0
-0.0903238 0.403297 0
-0.0586577 0.377958 0
-0.033061 0.384712 0
-0.0635104 0.411519 0
0.000289885 0.460617 0
0.0409458 0.459911 0
0.0457302 0.50377 0
-0.0479015 0.525698 0
-0.0784872 0.498959 0
-0.0169654 0.504117 0
-0.0408216 0.459631 0
-0.00871189 0.420357 0
-0.000165665 0.460337 0
-0.128075 0.390921 0
-0.124222 0.358233 0
-0.0848608 0.371025 0
0.000185733 0.353651 0
0.0262338 0.324691 0
0.0293007 0.352805 0
0.0699602 0.291812 0
0.071038 0.317285 0
0.047088 0.296362 0
0.148493 0.348427 0
0.128047 0.328358 0
0.147726 0.319286 0
0.179205 0.372902 0
0.148747 0.348643 0
0.172727 0.339248 0
0.124435 0.357951 0
0.127969 0.328488 0
0.148414 0.348557 0
0.170126 0.419718 0
0.128459 0.391166 0
0.153751 0.382254 0
0.0846174 0.370787 0
0.0793201 0.341918 0
0.100176 0.336036 0
0.19596 0.288836 0
0.164512 0.278985 0
0.185737 0.264917 0
0.233554 0.375972 0
0.262755 0.351034 0
0.275799 0.386737 0
0.203421 0.397784 0
0.233262 0.376208 0
0.247929 0.410525 0
0.20892 0.352538 0
0.229712 0.335397 0
0.23322 0.375805 0
0.179507 0.373111 0
0.208651 0.352737 0
0.20311 0.397581 0
0.229951 0.335197 0
0.250743 0.318056 0
0.262659 0.350668 0
0.199592 0.321155 0
0.2296 0.335213 0
0.208807 0.352354 0
0.199629 0.320994 0
0.219579 0.304538 0
0.229636 0.335053 0
0.147956 0.319175 0
0.172615 0.304748 0
0.172702 0.338921 0
0.263584 0.263686 0
0.229876 0.260207 0
0.24499 0.245092 0
0.317712 0.25081 0
0.295564 0.272959 0
0.287882 0.239911 0
0.23981 0.287586 0
0.229859 0.26035 0
0.263566 0.263829 0
0.229807 0.335043 0
0.21975 0.304528 0
0.250599 0.317902 0
0.213612 0.275251 0
0.229691 0.260388 0
0.239643 0.287624 0
0.219659 0.304228 0
0.213579 0.275398 0
0.239609 0.287771 0
0.196124 0.288824 0
0.185901 0.264905 0
0.21332 0.27527 0
0.172865 0.304587 0
0.196034 0.289109 0
0.19936 0.320841 0
0.172874 0.338928 0
0.172787 0.304754 0
0.199282 0.321008 0
0.147853 0.319018 0
0.14182 0.292032 0
0.172511 0.304591 0
0.148642 0.348463 0
0.147876 0.319322 0
0.172622 0.339068 0
0.164216 0.278882 0
0.136359 0.267303 0
0.156706 0.255908 0
0.12118 0.301457 0
0.141647 0.292022 0
0.14768 0.319007 0
0.12107 0.301317 0
0.114915 0.277294 0
0.141538 0.291882 0
0.183101 0.909718 0
0.199611 0.999697 0
0.100611 0.999697 0
0.16809 0.827665 0
0.182981 0.908817 0
0.0964096 0.902312 0
0.16862 0.827402 0
0.254275 0.823885 0
0.183511 0.908554 0
0.096182 0.902889 0
0.182753 0.909393 0
0.100264 0.999372 0
0.172748 0.304447 0
0.164469 0.279117 0
0.195917 0.288969 0
0.156912 0.255778 0
0.176302 0.242822 0
0.185646 0.264686 0
0.276638 0.907559 0
0.372559 0.909304 0
0.300165 0.999388 0
0.200587 0.999691 0
0.276061 0.907863 0
0.299587 0.999691 0
0.467579 0.910558 0
0.430467 0.836507 0
0.531128 0.8464 0
0.234974 0.7484 0
0.16846 0.826631 0
0.155027 0.753422 0
0.0973069 0.439344 0
0.132397 0.427942 0
0.12104 0.474058 0
0.0511252 0.350514 0
0.084367 0.370969 0
0.0535049 0.382068 0
0.0847677 0.370841 0
0.100327 0.33609 0
0.12413 0.358051 0
0.234983 0.220547 0
0.220547 0.234982 0
0.212237 0.212237 0
0.217635 0.680314 0
0.154949 0.752705 0
0.162453 0.680318 0
0.326012 0.751556 0
0.254977 0.823095 0
0.235835 0.748382 0
0.410101 0.75551 0
0.348853 0.82589 0
0.326909 0.751589 0
0.348166 0.826637 0
0.276406 0.906696 0
0.255187 0.823876 0
0.37158 0.699934 0
0.410177 0.755087 0
0.326985 0.751167 0
0.372971 0.909613 0
0.399577 0.999697 0
0.300577 0.999697 0
0.429543 0.836435 0
0.373234 0.908489 0
0.349073 0.826685 0
0.46695 0.911313 0
0.400135 0.9994 0
0.37353 0.909317 0
0.275672 0.90756 0
0.200199 0.999388 0
0.183688 0.909409 0
0.235008 0.220413 0
0.212262 0.212102 0
0.228092 0.194978 0
0.260128 0.229594 0
0.235243 0.220501 0
0.250612 0.203876 0
0.244846 0.244997 0
0.229732 0.260112 0
0.220639 0.235224 0
0.235092 0.220657 0
0.244864 0.244864 0
0.220657 0.235092 0
0.260205 0.229875 0
0.263685 0.263584 0
0.245091 0.24499 0
0.266297 0.183479 0
0.275145 0.213337 0
0.250766 0.203698 0
0.229571 0.260264 0
0.213492 0.275128 0
0.203853 0.250745 0
0.287584 0.239809 0
0.263828 0.263567 0
0.260347 0.229858 0
0.321574 0.291913 0
0.318009 0.25095 0
0.350621 0.262866 0
0.26393 0.263913 0
0.295369 0.273203 0
0.283166 0.299833 0
0.263945 0.263712 0
0.287701 0.239954 0
0.295384 0.273002 0
0.255904 0.156863 0
0.278879 0.164373 0
0.266327 0.183158 0
0.916984 0.666127 0
0.92877 0.571841 0
0.999484 0.600127 0
0.255784 0.156903 0
0.266206 0.183198 0
0.242827 0.176294 0
0.248172 0.410489 0
0.233505 0.376171 0
0.27575 0.386936 0
0.153849 0.381957 0
0.148684 0.348786 0
0.179141 0.373045 0
0.170296 0.419658 0
0.153922 0.382194 0
0.179214 0.373283 0
0.128306 0.39096 0
0.124453 0.358272 0
0.153598 0.382048 0
0.127955 0.328201 0
0.121134 0.301579 0
0.147634 0.319128 0
0.164381 0.278874 0
0.156872 0.255899 0
0.185606 0.264807 0
0.141875 0.291898 0
0.164287 0.279127 0
0.172567 0.304457 0
0.141753 0.291774 0
0.136309 0.267423 0
0.164166 0.279003 0
0.194802 0.228245 0
0.203613 0.25053 0
0.176489 0.242683 0
0.194978 0.228092 0
0.212102 0.212262 0
0.220413 0.235008 0
0.18833 0.563069 0
0.189898 0.506967 0
0.243496 0.522392 0
0.155325 0.618503 0
0.188076 0.563763 0
0.202099 0.618498 0
0.135332 0.568059 0
0.127992 0.519167 0
0.187761 0.563262 0
0.154555 0.490266 0
0.189399 0.506711 0
0.128062 0.518718 0
0.17924 0.46122 0
0.154499 0.489966 0
0.121388 0.474339 0
0.179469 0.461328 0
0.189572 0.506518 0
0.154728 0.490074 0
0.0903759 0.403176 0
0.0536366 0.382245 0
0.0844987 0.371146 0
0.264388 0.448448 0
0.248324 0.410862 0
0.290189 0.426412 0
0.179803 0.461045 0
0.21538 0.435621 0
0.228756 0.476543 0
0.170461 0.41971 0
0.179379 0.373335 0
0.202982 0.397805 0
0.20855 0.352541 0
0.179406 0.372915 0
0.172928 0.339261 0
0.233131 0.376014 0
0.20329 0.39759 0
0.208831 0.352747 0
0.215264 0.435221 0
0.170581 0.419918 0
0.203102 0.398013 0
0.121315 0.474131 0
0.132672 0.428015 0
0.179167 0.461012 0
0.0902809 0.403332 0
0.0561986 0.417632 0
0.0535416 0.382401 0
0.124223 0.358235 0
0.128075 0.390923 0
0.0848608 0.371025 0
0.0969501 0.439074 0
0.0563443 0.417822 0
0.0904266 0.403522 0
0.128122 0.391263 0
0.132399 0.427545 0
0.0907852 0.403394 0
0.120861 0.474295 0
0.0789993 0.498571 0
0.0971277 0.439581 0
0.172995 0.339087 0
0.199403 0.321168 0
0.208617 0.352367 0
0.237734 0.591479 0
0.271486 0.565344 0
0.287888 0.620879 0
0.188351 0.563672 0
0.23717 0.591465 0
0.202374 0.618407 0
0.188489 0.563351 0
0.243655 0.522674 0
0.237308 0.591143 0
0.24787 0.410723 0
0.215523 0.43519 0
0.203361 0.397982 0
0.290228 0.426206 0
0.248363 0.410656 0
0.275941 0.387104 0
0.264138 0.448478 0
0.215727 0.435359 0
0.248074 0.410892 0
0.190034 0.506678 0
0.228885 0.476985 0
0.243632 0.522103 0
0.179607 0.460856 0
0.170502 0.420128 0
0.215185 0.435432 0
0.445571 0.329312 0
0.426633 0.290561 0
0.480053 0.294656 0
0.526704 0.313233 0
0.539996 0.382057 0
0.481477 0.33661 0
0.39583 0.367571 0
0.392109 0.408203 0
0.358641 0.358601 0
0.324352 0.392651 0
0.340805 0.43441 0
0.290699 0.426304 0
0.263045 0.350798 0
0.292738 0.332887 0
0.303539 0.35905 0
0.403171 0.324784 0
0.387078 0.276197 0
0.426181 0.290484 0
0.303768 0.358986 0
0.292967 0.332822 0
0.331217 0.331536 0
0.276239 0.386819 0
0.303689 0.359369 0
0.32418 0.392268 0
0.276034 0.38668 0
0.262989 0.350978 0
0.303483 0.359231 0
0.355424 0.295162 0
0.38684 0.276212 0
0.402933 0.3248 0
0.321634 0.29229 0
0.354967 0.295237 0
0.331485 0.331187 0
0.321699 0.292061 0
0.350745 0.263014 0
0.355032 0.295008 0
0.585515 0.402373 0
0.632853 0.355343 0
0.634635 0.4377 0
0.30129 0.535805 0
0.271552 0.564828 0
0.244147 0.522494 0
0.341019 0.434801 0
0.372567 0.466369 0
0.306537 0.469457 0
0.322608 0.585279 0
0.271816 0.565039 0
0.301553 0.536016 0
0.288421 0.621109 0
0.322812 0.585813 0
0.345841 0.639696 0
0.301303 0.535573 0
0.24416 0.522263 0
0.275384 0.495854 0
0.358108 0.358519 0
0.324454 0.392173 0
0.303963 0.359274 0
0.18982 0.506474 0
0.179717 0.461283 0
0.22867 0.47678 0
0.331277 0.331312 0
0.293026 0.332599 0
0.321426 0.292415 0
0.32139 0.291948 0
0.295677 0.273133 0
0.317824 0.250985 0
0.386666 0.276005 0
0.35525 0.294955 0
0.350963 0.26296 0
0.250844 0.317729 0
0.239945 0.287899 0
0.282936 0.300062 0
0.2334 0.375799 0
0.229893 0.335391 0
0.2626 0.350862 0
0.239989 0.287719 0
0.263744 0.263961 0
0.28298 0.299882 0
0.244996 0.244846 0
0.235225 0.220639 0
0.260109 0.229731 0
0.203876 0.250611 0
0.220501 0.235243 0
0.229595 0.260131 0
0.185926 0.264777 0
0.203706 0.25076 0
0.213346 0.275143 0
0.185803 0.264669 0
0.176458 0.242805 0
0.203582 0.250652 0
0.20376 0.250504 0
0.19495 0.22822 0
0.220385 0.235136 0
0.304393 0.219449 0
0.292491 0.191123 0
0.320849 0.199499 0
0.260386 0.22969 0
0.275249 0.213611 0
0.287622 0.239642 0
0.260262 0.22957 0
0.250745 0.203853 0
0.275125 0.213491 0
0.264581 0.448644 0
0.290383 0.426609 0
0.306007 0.46937 0
0.275467 0.495388 0
0.264531 0.448875 0
0.305957 0.469601 0
0.334137 0.504706 0
0.275701 0.495575 0
0.30619 0.469788 0
0.243918 0.522066 0
0.22917 0.476948 0
0.275142 0.495657 0
0.229039 0.476501 0
0.215663 0.435579 0
0.264074 0.448698 0
0.550704 0.213577 0
0.618306 0.202536 0
0.572664 0.259946 0
0.506923 0.189983 0
0.550163 0.21348 0
0.522348 0.24358 0
0.506948 0.189442 0
0.518955 0.128105 0
0.560929 0.167413 0
0.348561 0.826922 0
0.372721 0.908725 0
0.2768 0.906981 0
0.929048 0.571286 0
0.999762 0.500571 0
0.999762 0.599571 0
0.849434 0.588461 0
0.785891 0.713497 0
0.774934 0.604142 0
0.915046 0.463358 0
0.999715 0.400545 0
0.999715 0.499545 0
0.849741 0.588893 0
0.866341 0.732785 0
0.786198 0.713928 0
0.688406 0.297895 0
0.628089 0.27818 0
0.679929 0.218501 0
0.319311 0.14791 0
0.349175 0.154586 0
0.335155 0.176825 0
0.279127 0.164287 0
0.291898 0.141875 0
0.304459 0.172567 0
0.328363 0.121037 0
0.349152 0.154399 0
0.319288 0.147723 0
0.928763 0.570831 0
0.914808 0.463929 0
0.999477 0.500116 0
0.291882 0.141526 0
0.277294 0.114904 0
0.301299 0.117733 0
0.301277 0.11757 0
0.277272 0.114741 0
0.285343 0.092862 0
0.317599 0.0712235 0
0.345967 0.0724237 0
0.33587 0.100108 0
0.291855 0.0701248 0
0.317329 0.0712025 0
0.309278 0.0961355 0
0.291812 0.0699602 0
0.296362 0.047088 0
0.317285 0.071038 0
0.304556 0.219716 0
0.344137 0.219884 0
0.31793 0.250565 0
0.304566 0.219545 0
0.321023 0.199595 0
0.344147 0.219713 0
0.275396 0.213578 0
0.304225 0.219658 0
0.287769 0.239608 0
0.275411 0.213415 0
0.292339 0.19117 0
0.304241 0.219496 0
0.266437 0.183436 0
0.292212 0.191049 0
0.275284 0.213294 0
0.24281 0.17645 0
0.266189 0.183355 0
0.250657 0.203574 0
0.279001 0.164487 0
0.292224 0.190885 0
0.266449 0.183273 0
0.335335 0.17693 0
0.349354 0.154691 0
0.372891 0.179239 0
0.304743 0.172802 0
0.335012 0.177057 0
0.320993 0.199296 0
0.304737 0.17263 0
0.319162 0.14797 0
0.335006 0.176885 0
0.279128 0.164452 0
0.304461 0.172732 0
0.292352 0.19085 0
0.292022 0.141636 0
0.301439 0.117843 0
0.319007 0.147669 0
0.304593 0.172512 0
0.292032 0.14182 0
0.319018 0.147853 0
0.279002 0.164166 0
0.267423 0.136309 0
0.291774 0.141753 0
0.267303 0.136359 0
0.278882 0.164216 0
0.255908 0.156706 0
0.267417 0.136144 0
0.27718 0.114966 0
0.291768 0.141588 0
0.335318 0.177147 0
0.372874 0.179456 0
0.344423 0.219504 0
0.292492 0.190967 0
0.304601 0.172849 0
0.32085 0.199342 0
0.328492 0.120959 0
0.357954 0.124431 0
0.349282 0.154321 0
0.914174 0.463061 0
0.83016 0.437615 0
0.908759 0.373642 0
0.321897 0.0490078 0
0.34592 0.0722522 0
0.317552 0.071052 0
0.296462 0.0470174 0
0.321731 0.0489231 0
0.317386 0.0709674 0
0.324719 0.0227739 0
0.352792 0.0218312 0
0.350264 0.0508134 0
0.748375 0.235063 0
0.748375 0.17056 0
0.823087 0.179366 0
0.755395 0.320644 0
0.755058 0.410202 0
0.687901 0.385664 0
0.906697 0.276406 0
0.826635 0.348166 0
0.823879 0.255187 0
0.829354 0.437357 0
0.755767 0.41047 0
0.826148 0.349223 0
0.680528 0.217932 0
0.747896 0.17069 0
0.747896 0.235192 0
0.688808 0.297752 0
0.68033 0.218359 0
0.747698 0.235619 0
0.577883 0.332866 0
0.627562 0.278752 0
0.632804 0.354579 0
0.572922 0.260163 0
0.618563 0.202752 0
0.627498 0.278001 0
0.816996 0.0806906 0
0.823318 0.178848 0
0.748605 0.170042 0
0.999357 0.000309059 0
0.903877 0.0888933 0
0.903877 0.00351538 0
0.906955 0.188703 0
0.824136 0.178942 0
0.903301 0.0901101 0
0.999691 0.299587 0
0.907864 0.276061 0
0.999691 0.200587 0
0.823869 0.254332 0
0.823869 0.179493 0
0.906688 0.189254 0
0.680301 0.162505 0
0.74767 0.170446 0
0.680301 0.217688 0
0.680235 0.161729 0
0.669724 0.07538 0
0.738457 0.0805635 0
0.32442 -0.0225327 0
0.325303 -7.56142e-05 0
0.300166 -7.56132e-05 0
0.324444 0.0227727 0
0.321764 0.0486836 0
0.299236 0.0236193 0
0.300079 0.000154068 0
0.324372 0.0226099 0
0.299163 0.0234564 0
0.346277 0.072428 0
0.378037 0.0737717 0
0.36809 0.0988437 0
0.309425 0.0962364 0
0.317476 0.0713034 0
0.335747 0.100188 0
0.350548 0.0510206 0
0.384507 0.0330686 0
0.378106 0.0734802 0
0.322007 0.0489407 0
0.350232 0.0510693 0
0.34603 0.0721852 0
0.352992 0.0218651 0
0.384422 0.0328954 0
0.350464 0.0508474 0
0.429318 0.066438 0
0.403425 0.090323 0
0.398678 0.0558735 0
0.50389 0.0460529 0
0.498732 0.078622 0
0.457919 0.0591181 0
0.490073 0.154728 0
0.506518 0.189572 0
0.461328 0.179469 0
0.474338 0.121388 0
0.489965 0.154499 0
0.46122 0.17924 0
0.47453 0.121215 0
0.51861 0.127833 0
0.490158 0.154326 0
0.607053 0.0706283 0
0.572099 0.121208 0
0.536336 0.0900971 0
0.427602 0.132814 0
0.410852 0.186312 0
0.400837 0.156688 0
0.427803 0.13289 0
0.4608 0.179385 0
0.411053 0.186388 0
0.403394 0.0907852 0
0.427545 0.132399 0
0.391263 0.128122 0
0.47413 0.121314 0
0.461012 0.179167 0
0.428015 0.132672 0
0.457703 0.0592888 0
0.498516 0.0787927 0
0.439525 0.0969211 0
0.518718 0.128062 0
0.506711 0.189399 0
0.490266 0.154555 0
0.506474 0.18982 0
0.476781 0.22867 0
0.461283 0.179717 0
0.309203 0.0963662 0
0.301384 0.117508 0
0.285451 0.0928003 0
0.291748 0.0701968 0
0.309171 0.0962075 0
0.285418 0.0926415 0
0.335783 0.100354 0
0.328285 0.120685 0
0.309461 0.0964021 0
0.309346 0.09646 0
0.32817 0.120742 0
0.301527 0.117602 0
0.296401 0.0468588 0
0.299142 0.0237001 0
0.32167 0.0487645 0
0.367989 0.0991057 0
0.358042 0.124178 0
0.336078 0.100375 0
0.346136 0.0725167 0
0.367949 0.0989324 0
0.336038 0.100201 0
0.378228 0.0738324 0
0.403153 0.0904916 0
0.368281 0.0989043 0
0.390913 0.128123 0
0.358226 0.124271 0
0.368173 0.0991989 0
0.439107 0.097205 0
0.427706 0.132295 0
0.403555 0.0906814 0
0.400449 0.156737 0
0.37311 0.179171 0
0.349573 0.154623 0
0.427536 0.132619 0
0.400771 0.156493 0
0.391254 0.128343 0
0.410669 0.186468 0
0.373315 0.179278 0
0.400654 0.156844 0
0.390851 0.128308 0
0.349491 0.154345 0
0.358163 0.124456 0
0.335145 0.177214 0
0.34425 0.219571 0
0.321125 0.199453 0
0.823339 0.254486 0
0.748626 0.235345 0
0.823339 0.179648 0
0.999412 0.400122 0
0.914742 0.462935 0
0.909327 0.373516 0
0.908465 0.373259 0
0.829867 0.437233 0
0.826661 0.349098 0
0.906982 0.2768 0
0.908724 0.372721 0
0.82692 0.34856 0
0.999697 0.300577 0
0.999697 0.399577 0
0.909612 0.372971 0
0.618892 0.155239 0
0.679665 0.162402 0
0.618892 0.202014 0
0.817781 0.0798346 0
0.903267 0.00378225 0
0.903267 0.0891602 0
0.474057 0.12104 0
0.427942 0.132397 0
0.439344 0.0973069 0
0.353654 7.24337e-05 0
0.352806 0.0215855 0
0.325577 7.24337e-05 0
0.384436 -0.0205989 0
0.353851 -0.000141316 0
0.353006 -0.0216543 0
0.384538 0.00624524 0
0.384537 0.0327457 0
0.353107 0.0217155 0
0.384541 -0.0205061 0
0.384541 0.00599435 0
0.353957 -4.85354e-05 0
0.384763 -0.020571 0
0.419855 -0.0193926 0
0.384762 0.00592944 0
0.817493 0.0795159 0
0.817495 -0.00581977 0
0.902979 0.00346352 0
0.823836 0.178578 0
0.817514 0.0804212 0
0.903001 0.0897467 0
0.73915 0.0800392 0
0.740507 0.000534556 0
0.816687 0.0797933 0
0.816948 0.0795051 0
0.740768 0.000246402 0
0.816951 -0.00583056 0
0.680497 0.162046 0
0.738719 0.080881 0
0.747866 0.169987 0
0.669804 0.0749676 0
0.703887 0.0388269 0
0.738536 0.0801511 0
0.671652 -0.000238758 0
0.73968 -0.0711497 0
0.740023 -0.000238758 0
0.32167 -0.0487645 0
0.299142 -0.0237001 0
0.296401 -0.0468588 0
0.35016 -0.0509038 0
0.324576 -0.0228656 0
0.321935 -0.0487752 0
0.382124 -0.0531944 0
0.384531 -0.0207769 0
0.353101 -0.0218324 0
0.403174 -0.0903756 0
0.382247 -0.0536367 0
0.371144 -0.0844983 0
0.40333 -0.0902806 0
0.417634 -0.0561987 0
0.382403 -0.0535418 0
0.352709 0.0216611 0
0.324636 0.0226039 0
0.325479 0.000148043 0
0.325303 7.56078e-05 0
0.324459 0.0225314 0
0.300166 7.56088e-05 0
0.352711 -0.0216611 0
0.325479 -0.000148049 0
0.324597 -0.0226052 0
0.352808 -0.0215855 0
0.353654 -7.24355e-05 0
0.325577 -7.24355e-05 0
CELLS 3884 15536
3 0 1 2
3 3 4 5
3 6 7 8
3 9 10 11
3 12 13 14
3 15 16 17
3 18 19 20
3 21 22 23
3 24 25 26
3 27 28 29
3 30 31 32
3 33 34 35
3 36 37 38
3 39 40 41
3 42 43 44
3 45 46 47
3 48 49 50
3 51 52 53
3 54 55 56
3 57 58 59
3 60 61 62
3 63 64 65
3 66 67 68
3 69 70 71
3 72 73 74
3 75 76 77
3 78 79 80
3 81 82 83
3 84 85 86
3 87 88 89
3 90 91 92
3 93 94 95
3 96 97 98
3 99 100 101
3 102 103 104
3 105 106 107
3 108 109 110
3 111 112 113
3 114 115 116
3 117 118 119
3 120 121 122
3 123 124 125
3 126 127 128
3 129 130 131
3 132 133 134
3 135 136 137
3 138 139 140
3 141 142 143
3 144 145 146
3 147 148 149
3 150 151 152
3 153 154 155
3 156 157 158
3 159 160 161
3 162 163 164
3 165 166 167
3 168 169 170
3 171 172 173
3 174 175 176
3 177 178 179
3 180 181 182
3 183 184 185
3 186 187 188
3 189 190 191
3 192 193 194
3 195 196 197
3 198 199 200
3 201 202 203
3 204 205 206
3 207 208 209
3 210 211 212
3 213 214 215
3 216 217 218
3 219 220 221
3 222 223 224
3 225 226 227
3 228 229 230
3 231 232 233
3 234 235 236
3 237 238 239
3 240 241 242
3 243 244 245
3 246 247 248
3 249 250 251
3 252 253 254
3 255 256 257
3 258 259 260
3 261 262 263
3 264 265 266
3 267 268 269
3 270 271 272
3 273 274 275
3 276 277 278
3 279 280 281
3 282 283 284
3 285 286 287
3 288 289 290
3 291 292 293
3 294 295 296
3 297 298 299
3 300 301 302
3 303 304 305
3 306 307 308
3 309 310 311
3 312 313 314
3 315 316 317
3 318 319 320
3 321 322 323
3 324 325 326
3 327 328 329
3 330 331 332
3 333 334 335
3 336 337 338
3 339 340 341
3 342 343 344
3 345 346 347
3 348 349 350
3 351 352 353
3 354 355 356
3 357 358 359
3 360 361 362
3 363 364 365
3 366 367 368
3 369 370 371
3 372 373 374
3 375 376 377
3 378 379 380
3 381 382 383
3 384 385 386
3 387 388 389
3 390 391 392
3 393 394 395
3 396 397 398
3 399 400 401
3 402 403 404
3 405 406 407
3 408 409 410
3 411 412 413
3 414 415 416
3 417 418 419
3 420 421 422
3 423 424 425
3 426 427 428
3 429 430 431
3 432 433 434
3 435 436 437
3 438 439 440
3 441 442 443
3 444 445 446
3 447 448 449
3 450 451 452
3 453 454 455
3 456 457 458
3 459 460 461
3 462 463 464
3 465 466 467
3 468 469 470
3 471 472 473
3 474 475 476
3 477 478 479
3 480 481 482
3 483 484 485
3 486 487 488
3 489 490 491
3 492 493 494
3 495 496 497
3 498 499 500
3 501 502 503
3 504 505 506
3 507 508 509
3 510 511 512
3 513 514 515
3 516 517 518
3 519 520 521
3 522 523 524
3 525 526 527
3 528 529 530
3 531 532 533
3 534 535 536
3 537 538 539
3 540 541 542
3 543 544 545
3 546 547 548
3 549 550 551
3 552 553 554
3 555 556 557
3 558 559 560
3 561 562 563
3 564 565 566
3 567 568 569
3 570 571 572
3 573 574 575
3 576 577 578
3 579 580 581
3 582 583 584
3 585 586 587
3 588 589 590
3 591 592 593
3 594 595 596
3 597 598 599
3 600 601 602
3 603 604 605
3 606 607 608
3 609 610 611
3 612 613 614
3 615 616 617
3 618 619 620
3 621 622 623
3 624 625 626
3 627 628 629
3 630 631 632
3 633 634 635
3 636 637 638
3 639 640 641
3 642 643 644
3 645 646 647
3 648 649 650
3 651 652 653
3 654 655 656
3 657 658 659
3 660 661 662
3 663 664 665
3 666 667 668
3 669 670 671
3 672 673 674
3 675 676 677
3 678 679 680
3 681 682 683
3 684 685 686
3 687 688 689
3 690 691 692
3 693 694 695
3 696 697 698
3 699 700 701
3 702 703 704
3 705 706 707
3 708 709 710
3 711 712 713
3 714 715 716
3 717 718 719
3 720 721 722
3 723 724 725
3 726 727 728
3 729 730 731
3 732 733 734
3 735 736 737
3 738 739 740
3 741 742 743
3 744 745 746
3 747 748 749
3 750 751 752
3 753 754 755
3 756 757 758
3 759 760 761
3 762 763 764
3 765 766 767
3 768 769 770
3 771 772 773
3 774 775 776
3 777 778 779
3 780 781 782
3 783 784 785
3 786 787 788
3 789 790 791
3 792 793 794
3 795 796 797
3 798 799 800
3 801 802 803
3 804 805 806
3 807 808 809
3 810 811 812
3 813 814 815
3 816 817 818
3 819 820 821
3 822 823 824
3 825 826 827
3 828 829 830
3 831 832 833
3 834 835 836
3 837 838 839
3 840 841 842
3 843 844 845
3 846 847 848
3 849 850 851
3 852 853 854
3 855 856 857
3 858 859 860
3 861 862 863
3 864 865 866
3 867 868 869
3 870 871 872
3 873 874 875
3 876 877 878
3 879 880 881
3 882 883 884
3 885 886 887
3 888 889 890
3 891 892 893
3 894 895 896
3 897 898 899
3 900 901 902
3 903 904 905
3 906 907 908
3 909 910 911
3 912 913 914
3 915 916 917
3 918 919 920
3 921 922 923
3 924 925 926
3 927 928 929
3 930 931 932
3 933 934 935
3 936 937 938
3 939 940 941
3 942 943 944
3 945 946 947
3 948 949 950
3 951 952 953
3 954 955 956
3 957 958 959
3 960 961 962
3 963 964 965
3 966 967 968
3 969 970 971
3 972 973 974
3 975 976 977
3 978 979 980
3 981 982 983
3 984 985 986
3 987 988 989
3 990 991 992
3 993 994 995
3 996 997 998
3 999 1000 1001
3 1002 1003 1004
3 1005 1006 1007
3 1008 1009 1010
3 1011 1012 1013
3 1014 1015 1016
3 1017 1018 1019
3 1020 1021 1022
3 1023 1024 1025
3 1026 1027 1028
3 1029 1030 1031
3 1032 1033 1034
3 1035 1036 1037
3 1038 1039 1040
3 1041 1042 1043
3 1044 1045 1046
3 1047 1048 1049
3 1050 1051 1052
3 1053 1054 1055
3 1056 1057 1058
3 1059 1060 1061
3 1062 1063 1064
3 1065 1066 1067
3 1068 1069 1070
3 1071 1072 1073
3 1074 1075 1076
3 1077 1078 1079
3 1080 1081 1082
3 1083 1084 1085
3 1086 1087 1088
3 1089 1090 1091
3 1092 1093 1094
3 1095 1096 1097
3 1098 1099 1100
3 1101 1102 1103
3 1104 1105 1106
3 1107 1108 1109
3 1110 1111 1112
3 1113 1114 1115
3 1116 1117 1118
3 1119 1120 1121
3 1122 1123 1124
3 1125 1126 1127
3 1128 1129 1130
3 1131 1132 1133
3 1134 1135 1136
3 1137 1138 1139
3 1140 1141 1142
3 1143 1144 1145
3 1146 1147 1148
3 1149 1150 1151
3 1152 1153 1154
3 1155 1156 1157
3 1158 1159 1160
3 1161 1162 1163
3 1164 1165 1166
3 1167 1168 1169
3 1170 1171 1172
3 1173 1174 1175
3 1176 1177 1178
3 1179 1180 1181
3 1182 1183 1184
3 1185 1186 1187
3 1188 1189 1190
3 1191 1192 1193
3 1194 1195 1196
3 1197 1198 1199
3 1200 1201 1202
3 1203 1204 1205
3 1206 1207 1208
3 1209 1210 1211
3 1212 1213 1214
3 1215 1216 1217
3 1218 1219 1220
3 1221 1222 1223
3 1224 1225 1226
3 1227 1228 1229
3 1230 1231 1232
3 1233 1234 1235
3 1236 1237 1238
3 1239 1240 1241
3 1242 1243 1244
3 1245 1246 1247
3 1248 1249 1250
3 1251 1252 1253
3 1254 1255 1256
3 1257 1258 1259
3 1260 1261 1262
3 1263 1264 1265
3 1266 1267 1268
3 1269 1270 1271
3 1272 1273 1274
3 1275 1276 1277
3 1278 1279 1280
3 1281 1282 1283
3 1284 1285 1286
3 1287 1288 1289
3 1290 1291 1292
3 1293 1294 1295
3 1296 1297 1298
3 1299 1300 1301
3 1302 1303 1304
3 1305 1306 1307
3 1308 1309 1310
3 1311 1312 1313
3 1314 1315 1316
3 1317 1318 1319
3 1320 1321 1322
3 1323 1324 1325
3 1326 1327 1328
3 1329 1330 1331
3 1332 1333 1334
3 1335 1336 1337
3 1338 1339 1340
3 1341 1342 1343
3 1344 1345 1346
3 1347 1348 1349
3 1350 1351 1352
3 1353 1354 1355
3 1356 1357 1358
3 1359 1360 1361
3 1362 1363 1364
3 1365 1366 1367
3 1368 1369 1370
3 1371 1372 1373
3 1374 1375 1376
3 1377 1378 1379
3 1380 1381 1382
3 1383 1384 1385
3 1386 1387 1388
3 1389 1390 1391
3 1392 1393 1394
3 1395 1396 1397
3 1398 1399 1400
3 1401 1402 1403
3 1404 1405 1406
3 1407 1408 1409
3 1410 1411 1412
3 1413 1414 1415
3 1416 1417 1418
3 1419 1420 1421
3 1422 1423 1424
3 1425 1426 1427
3 1428 1429 1430
3 1431 1432 1433
3 1434 1435 1436
3 1437 1438 1439
3 1440 1441 1442
3 1443 1444 1445
3 1446 1447 1448
3 1449 1450 1451
3 1452 1453 1454
3 1455 1456 1457
3 1458 1459 1460
3 1461 1462 1463
3 1464 1465 1466
3 1467 1468 1469
3 1470 1471 1472
3 1473 1474 1475
3 1476 1477 1478
3 1479 1480 1481
3 1482 1483 1484
3 1485 1486 1487
3 1488 1489 1490
3 1491 1492 1493
3 1494 1495 1496
3 1497 1498 1499
3 1500 1501 1502
3 1503 1504 1505
3 1506 1507 1508
3 1509 1510 1511
3 1512 1513 1514
3 1515 1516 1517
3 1518 1519 1520
3 1521 1522 1523
3 1524 1525 1526
3 1527 1528 1529
3 1530 1531 1532
3 1533 1534 1535
3 1536 1537 1538
3 1539 1540 1541
3 1542 1543 1544
3 1545 1546 1547
3 1548 1549 1550
3 1551 1552 1553
3 1554 1555 1556
3 1557 1558 1559
3 1560 1561 1562
3 1563 1564 1565
3 1566 1567 1568
3 1569 1570 1571
3 1572 1573 1574
3 1575 1576 1577
3 1578 1579 1580
3 1581 1582 1583
3 1584 1585 1586
3 1587 1588 1589
3 1590 1591 1592
3 1593 1594 1595
3 1596 1597 1598
3 1599 1600 1601
3 1602 1603 1604
3 1605 1606 1607
3 1608 1609 1610
3 1611 1612 1613
3 1614 1615 1616
3 1617 1618 1619
3 1620 1621 1622
3 1623 1624 1625
3 1626 1627 1628
3 1629 1630 1631
3 1632 1633 1634
3 1635 1636 1637
3 1638 1639 1640
3 1641 1642 1643
3 1644 1645 1646
3 1647 1648 1649
3 1650 1651 1652
3 1653 1654 1655
3 1656 1657 1658
3 1659 1660 1661
3 1662 1663 1664
3 1665 1666 1667
3 1668 1669 1670
3 1671 1672 1673
3 1674 1675 1676
3 1677 1678 1679
3 1680 1681 1682
3 1683 1684 1685
3 1686 1687 1688
3 1689 1690 1691
3 1692 1693 1694
3 1695 1696 1697
3 1698 1699 1700
3 1701 1702 1703
3 1704 1705 1706
3 1707 1708 1709
3 1710 1711 1712
3 1713 1714 1715
3 1716 1717 1718
3 1719 1720 1721
3 1722 1723 1724
3 1725 1726 1727
3 1728 1729 1730
3 1731 1732 1733
3 1734 1735 1736
3 1737 1738 1739
3 1740 1741 1742
3 1743 1744 1745
3 1746 1747 1748
3 1749 1750 1751
3 1752 1753 1754
3 1755 1756 1757
3 1758 1759 1760
3 1761 1762 1763
3 1764 1765 1766
3 1767 1768 1769
3 1770 1771 1772
3 1773 1774 1775
3 1776 1777 1778
3 1779 1780 1781
3 1782 1783 1784
3 1785 1786 1787
3 1788 1789 1790
3 1791 1792 1793
3 1794 1795 1796
3 1797 1798 1799
3 1800 1801 1802
3 1803 1804 1805
3 1806 1807 1808
3 1809 1810 1811
3 1812 1813 1814
3 1815 1816 1817
3 1818 1819 1820
3 1821 1822 1823
3 1824 1825 1826
3 1827 1828 1829
3 1830 1831 1832
3 1833 1834 1835
3 1836 1837 1838
3 1839 1840 1841
3 1842 1843 1844
3 1845 1846 1847
3 1848 1849 1850
3 1851 1852 1853
3 1854 1855 1856
3 1857 1858 1859
3 1860 1861 1862
3 1863 1864 1865
3 1866 1867 1868
3 1869 1870 1871
3 1872 1873 1874
3 1875 1876 1877
3 1878 1879 1880
3 1881 1882 1883
3 1884 1885 1886
3 1887 1888 1889
3 1890 1891 1892
3 1893 1894 1895
3 1896 1897 1898
3 1899 1900 1901
3 1902 1903 1904
3 1905 1906 1907
3 1908 1909 1910
3 1911 1912 1913
3 1914 1915 1916
3 1917 1918 1919
3 1920 1921 1922
3 1923 1924 1925
3 1926 1927 1928
3 1929 1930 1931
3 1932 1933 1934
3 1935 1936 1937
3 1938 1939 1940
3 1941 1942 1943
3 1944 1945 1946
3 1947 1948 1949
3 1950 1951 1952
3 1953 1954 1955
3 1956 1957 1958
3 1959 1960 1961
3 1962 1963 1964
3 1965 1966 1967
3 1968 1969 1970
3 1971 1972 1973
3 1974 1975 1976
3 1977 1978 1979
3 1980 1981 1982
3 1983 1984 1985
3 1986 1987 1988
3 1989 1990 1991
3 1992 1993 1994
3 1995 1996 1997
3 1998 1999 2000
3 2001 2002 2003
3 2004 2005 2006
3 2007 2008 2009
3 2010 2011 2012
3 2013 2014 2015
3 2016 2017 2018
3 2019 2020 2021
3 2022 2023 2024
3 2025 2026 2027
3 2028 2029 2030
3 2031 2032 2033
3 2034 2035 2036
3 2037 2038 2039
3 2040 2041 2042
3 2043 2044 2045
3 2046 2047 2048
3 2049 2050 2051
3 2052 2053 2054
3 2055 2056 2057
3 2058 2059 2060
3 2061 2062 2063
3 2064 2065 2066
3 2067 2068 2069
3 2070 2071 2072
3 2073 2074 2075
3 2076 2077 2078
3 2079 2080 2081
3 2082 2083 2084
3 2085 2086 2087
3 2088 2089 2090
3 2091 2092 2093
3 2094 2095 2096
3 2097 2098 2099
3 2100 2101 2102
3 2103 2104 2105
3 2106 2107 2108
3 2109 2110 2111
3 2112 2113 2114
3 2115 2116 2117
3 2118 2119 2120
3 2121 2122 2123
3 2124 2125 2126
3 2127 2128 2129
3 2130 2131 2132
3 2133 2134 2135
3 2136 2137 2138
3 2139 2140 2141
3 2142 2143 2144
3 2145 2146 2147
3 2148 2149 2150
3 2151 2152 2153
3 2154 2155 2156
3 2157 2158 2159
3 2160 2161 2162
3 2163 2164 2165
3 2166 2167 2168
3 2169 2170 2171
3 2172 2173 2174
3 2175 2176 2177
3 2178 2179 2180
3 2181 2182 2183
3 2184 2185 2186
3 2187 2188 2189
3 2190 2191 2192
3 2193 2194 2195
3 2196 2197 2198
3 2199 2200 2201
3 2202 2203 2204
3 2205 2206 2207
3 2208 2209 2210
3 2211 2212 2213
3 2214 2215 2216
3 2217 2218 2219
3 2220 2221 2222
3 2223 2224 2225
3 2226 2227 2228
3 2229 2230 2231
3 2232 2233 2234
3 2235 2236 2237
3 2238 2239 2240
3 2241 2242 2243
3 2244 2245 2246
3 2247 2248 2249
3 2250 2251 2252
3 2253 2254 2255
3 2256 2257 2258
3 2259 2260 2261
3 2262 2263 2264
3 2265 2266 2267
3 2268 2269 2270
3 2271 2272 2273
3 2274 2275 2276
3 2277 2278 2279
3 2280 2281 2282
3 2283 2284 2285
3 2286 2287 2288
3 2289 2290 2291
3 2292 2293 2294
3 2295 2296 2297
3 2298 2299 2300
3 2301 2302 2303
3 2304 2305 2306
3 2307 2308 2309
3 2310 2311 2312
3 2313 2314 2315
3 2316 2317 2318
3 2319 2320 2321
3 2322 2323 2324
3 2325 2326 2327
3 2328 2329 2330
3 2331 2332 2333
3 2334 2335 2336
3 2337 2338 2339
3 2340 2341 2342
3 2343 2344 2345
3 2346 2347 2348
3 2349 2350 2351
3 2352 2353 2354
3 2355 2356 2357
3 2358 2359 2360
3 2361 2362 2363
3 2364 2365 2366
3 2367 2368 2369
3 2370 2371 2372
3 2373 2374 2375
3 2376 2377 2378
3 2379 2380 2381
3 2382 2383 2384
3 2385 2386 2387
3 2388 2389 2390
3 2391 2392 2393
3 2394 2395 2396
3 2397 2398 2399
3 2400 2401 2402
3 2403 2404 2405
3 2406 2407 2408
3 2409 2410 2411
3 2412 2413 2414
3 2415 2416 2417
3 2418 2419 2420
3 2421 2422 2423
3 2424 2425 2426
3 2427 2428 2429
3 2430 2431 2432
3 2433 2434 2435
3 2436 2437 2438
3 2439 2440 2441
3 2442 2443 2444
3 2445 2446 2447
3 2448 2449 2450
3 2451 2452 2453
3 2454 2455 2456
3 2457 2458 2459
3 2460 2461 2462
3 2463 2464 2465
3 2466 2467 2468
3 2469 2470 2471
3 2472 2473 2474
3 2475 2476 2477
3 2478 2479 2480
3 2481 2482 2483
3 2484 2485 2486
3 2487 2488 2489
3 2490 2491 2492
3 2493 2494 2495
3 2496 2497 2498
3 2499 2500 2501
3 2502 2503 2504
3 2505 2506 2507
3 2508 2509 2510
3 2511 2512 2513
3 2514 2515 2516
3 2517 2518 2519
3 2520 2521 2522
3 2523 2524 2525
3 2526 2527 2528
3 2529 2530 2531
3 2532 2533 2534
3 2535 2536 2537
3 2538 2539 2540
3 2541 2542 2543
3 2544 2545 2546
3 2547 2548 2549
3 2550 2551 2552
3 2553 2554 2555
3 2556 2557 2558
3 2559 2560 2561
3 2562 2563 2564
3 2565 2566 2567
3 2568 2569 2570
3 2571 2572 2573
3 2574 2575 2576
3 2577 2578 2579
3 2580 2581 2582
3 2583 2584 2585
3 2586 2587 2588
3 2589 2590 2591
3 2592 2593 2594
3 2595 2596 2597
3 2598 2599 2600
3 2601 2602 2603
3 2604 2605 2606
3 2607 2608 2609
3 2610 2611 2612
3 2613 2614 2615
3 2616 2617 2618
3 2619 2620 2621
3 2622 2623 2624
3 2625 2626 2627
3 2628 2629 2630
3 2631 2632 2633
3 2634 2635 2636
3 2637 2638 2639
3 2640 2641 2642
3 2643 2644 2645
3 2646 2647 2648
3 2649 2650 2651
3 2652 2653 2654
3 2655 2656 2657
3 2658 2659 2660
3 2661 2662 2663
3 2664 2665 2666
3 2667 2668 2669
3 2670 2671 2672
3 2673 2674 2675
3 2676 2677 2678
3 2679 2680 2681
3 2682 2683 2684
3 2685 2686 2687
3 2688 2689 2690
3 2691 2692 2693
3 2694 2695 2696
3 2697 2698 2699
3 2700 2701 2702
3 2703 2704 2705
3 2706 2707 2708
3 2709 2710 2711
3 2712 2713 2714
3 2715 2716 2717
3 2718 2719 2720
3 2721 2722 2723
3 2724 2725 2726
3 2727 2728 2729
3 2730 2731 2732
3 2733 2734 2735
3 2736 2737 2738
3 2739 2740 2741
3 2742 2743 2744
3 2745 2746 2747
3 2748 2749 2750
3 2751 2752 2753
3 2754 2755 2756
3 2757 2758 2759
3 2760 2761 2762
3 2763 2764 2765
3 2766 2767 2768
3 2769 2770 2771
3 2772 2773 2774
3 2775 2776 2777
3 2778 2779 2780
3 2781 2782 2783
3 2784 2785 2786
3 2787 2788 2789
3 2790 2791 2792
3 2793 2794 2795
3 2796 2797 2798
3 2799 2800 2801
3 2802 2803 2804
3 2805 2806 2807
3 2808 2809 2810
3 2811 2812 2813
3 2814 2815 2816
3 2817 2818 2819
3 2820 2821 2822
3 2823 2824 2825
3 2826 2827 2828
3 2829 2830 2831
3 2832 2833 2834
3 2835 2836 2837
3 2838 2839 2840
3 2841 2842 2843
3 2844 2845 2846
3 2847 2848 2849
3 2850 2851 2852
3 2853 2854 2855
3 2856 2857 2858
3 2859 2860 2861
3 2862 2863 2864
3 2865 2866 2867
3 2868 2869 2870
3 2871 2872 2873
3 2874 2875 2876
3 2877 2878 2879
3 2880 2881 2882
3 2883 2884 2885
3 2886 2887 2888
3 2889 2890 2891
3 2892 2893 2894
3 2895 2896 2897
3 2898 2899 2900
3 2901 2902 2903
3 2904 2905 2906
3 2907 2908 2909
3 2910 2911 2912
3 2913 2914 2915
3 2916 2917 2918
3 2919 2920 2921
3 2922 2923 2924
3 2925 2926 2927
3 2928 2929 2930
3 2931 2932 2933
3 2934 2935 2936
3 2937 2938 2939
3 2940 2941 2942
3 2943 2944 2945
3 2946 2947 2948
3 2949 2950 2951
3 2952 2953 2954
3 2955 2956 2957
3 2958 2959 2960
3 2961 2962 2963
3 2964 2965 2966
3 2967 2968 2969
3 2970 2971 2972
3 2973 2974 2975
3 2976 2977 2978
3 2979 2980 2981
3 2982 2983 2984
3 2985 2986 2987
3 2988 2989 2990
3 2991 2992 2993
3 2994 2995 2996
3 2997 2998 2999
3 3000 3001 3002
3 3003 3004 3005
3 3006 3007 3008
3 3009 3010 3011
3 3012 3013 3014
3 3015 3016 3017
3 3018 3019 3020
3 3021 3022 3023
3 3024 3025 3026
3 3027 3028 3029
3 3030 3031 3032
3 3033 3034 3035
3 3036 3037 3038
3 3039 3040 3041
3 3042 3043 3044
3 3045 3046 3047
3 3048 3049 3050
3 3051 3052 3053
3 3054 3055 3056
3 3057 3058 3059
3 3060 3061 3062
3 3063 3064 3065
3 3066 3067 3068
3 3069 3070 3071
3 3072 3073 3074
3 3075 3076 3077
3 3078 3079 3080
3 3081 3082 3083
3 3084 3085 3086
3 3087 3088 3089
3 3090 3091 3092
3 3093 3094 3095
3 3096 3097 3098
3 3099 3100 3101
3 3102 3103 3104
3 3105 3106 3107
3 3108 3109 3110
3 3111 3112 3113
3 3114 3115 3116
3 3117 3118 3119
3 3120 3121 3122
3 3123 3124 3125
3 3126 3127 3128
3 3129 3130 3131
3 3132 3133 3134
3 3135 3136 3137
3 3138 3139 3140
3 3141 3142 3143
3 3144 3145 3146
3 3147 3148 3149
3 3150 3151 3152
3 3153 3154 3155
3 3156 3157 3158
3 3159 3160 3161
3 3162 3163 3164
3 3165 3166 3167
3 3168 3169 3170
3 3171 3172 3173
3 3174 3175 3176
3 3177 3178 3179
3 3180 3181 3182
3 3183 3184 3185
3 3186 3187 3188
3 3189 3190 3191
3 3192 3193 3194
3 3195 3196 3197
3 3198 3199 3200
3 3201 3202 3203
3 3204 3205 3206
3 3207 3208 3209
3 3210 3211 3212
3 3213 3214 3215
3 3216 3217 3218
3 3219 3220 3221
3 3222 3223 3224
3 3225 3226 3227
3 3228 3229 3230
3 3231 3232 3233
3 3234 3235 3236
3 3237 3238 3239
3 3240 3241 3242
3 3243 3244 3245
3 3246 3247 3248
3 3249 3250 3251
3 3252 3253 3254
3 3255 3256 3257
3 3258 3259 3260
3 3261 3262 3263
3 3264 3265 3266
3 3267 3268 3269
3 3270 3271 3272
3 3273 3274 3275
3 3276 3277 3278
3 3279 3280 3281
3 3282 3283 3284
3 3285 3286 3287
3 3288 3289 3290
3 3291 3292 3293
3 3294 3295 3296
3 3297 3298 3299
3 3300 3301 3302
3 3303 3304 3305
3 3306 3307 3308
3 3309 3310 3311
3 3312 3313 3314
3 3315 3316 3317
3 3318 3319 3320
3 3321 3322 3323
3 3324 3325 3326
3 3327 3328 3329
3 3330 3331 3332
3 3333 3334 3335
3 3336 3337 3338
3 3339 3340 3341
3 3342 3343 3344
3 3345 3346 3347
3 3348 3349 3350
3 3351 3352 3353
3 3354 3355 3356
3 3357 3358 3359
3 3360 3361 3362
3 3363 3364 3365
3 3366 3367 3368
3 3369 3370 3371
3 3372 3373 3374
3 3375 3376 3377
3 3378 3379 3380
3 3381 3382 3383
3 3384 3385 3386
3 3387 3388 3389
3 3390 3391 3392
3 3393 3394 3395
3 3396 3397 3398
3 3399 3400 3401
3 3402 3403 3404
3 3405 3406 3407
3 3408 3409 3410
3 3411 3412 3413
3 3414 3415 3416
3 3417 3418 3419
3 3420 3421 3422
3 3423 3424 3425
3 3426 3427 3428
3 3429 3430 3431
3 3432 3433 3434
3 3435 3436 3437
3 3438 3439 3440
3 3441 3442 3443
3 3444 3445 3446
3 3447 3448 3449
3 3450 3451 3452
3 3453 3454 3455
3 3456 3457 3458
3 3459 3460 3461
3 3462 3463 3464
3 3465 3466 3467
3 3468 3469 3470
3 3471 3472 3473
3 3474 3475 3476
3 3477 3478 3479
3 3480 3481 3482
3 3483 3484 3485
3 3486 3487 3488
3 3489 3490 3491
3 3492 3493 3494
3 3495 3496 3497
3 3498 3499 3500
3 3501 3502 3503
3 3504 3505 3506
3 3507 3508 3509
3 3510 3511 3512
3 3513 3514 3515
3 3516 3517 3518
3 3519 3520 3521
3 3522 3523 3524
3 3525 3526 3527
3 3528 3529 3530
3 3531 3532 3533
3 3534 3535 3536
3 3537 3538 3539
3 3540 3541 3542
3 3543 3544 3545
3 3546 3547 3548
3 3549 3550 3551
3 3552 3553 3554
3 3555 3556 3557
3 3558 3559 3560
3 3561 3562 3563
3 3564 3565 3566
3 3567 3568 3569
3 3570 3571 3572
3 3573 3574 3575
3 3576 3577 3578
3 3579 3580 3581
3 3582 3583 3584
3 3585 3586 3587
3 3588 3589 3590
3 3591 3592 3593
3 3594 3595 3596
3 3597 3598 3599
3 3600 3601 3602
3 3603 3604 3605
3 3606 3607 3608
3 3609 3610 3611
3 3612 3613 3614
3 3615 3616 3617
3 3618 3619 3620
3 3621 3622 3623
3 3624 3625 3626
3 3627 3628 3629
3 3630 3631 3632
3 3633 3634 3635
3 3636 3637 3638
3 3639 3640 3641
3 3642 3643 3644
3 3645 3646 3647
3 3648 3649 3650
3 3651 3652 3653
3 3654 3655 3656
3 3657 3658 3659
3 3660 3661 3662
3 3663 3664 3665
3 3666 3667 3668
3 3669 3670 3671
3 3672 3673 3674
3 3675 3676 3677
3 3678 3679 3680
3 3681 3682 3683
3 3684 3685 3686
3 3687 3688 3689
3 3690 3691 3692
3 3693 3694 3695
3 3696 3697 3698
3 3699 3700 3701
3 3702 3703 3704
3 3705 3706 3707
3 3708 3709 3710
3 3711 3712 3713
3 3714 3715 3716
3 3717 3718 3719
3 3720 3721 3722
3 3723 3724 3725
3 3726 3727 3728
3 3729 3730 3731
3 3732 3733 3734
3 3735 3736 3737
3 3738 3739 3740
3 3741 3742 3743
3 3744 3745 3746
3 3747 3748 3749
3 3750 3751 3752
3 3753 3754 3755
3 3756 3757 3758
3 3759 3760 3761
3 3762 3763 3764
3 3765 3766 3767
3 3768 3769 3770
3 3771 3772 3773
3 3774 3775 3776
3 3777 3778 3779
3 3780 3781 3782
3 3783 3784 3785
3 3786 3787 3788
3 3789 3790 3791
3 3792 3793 3794
3 3795 3796 3797
3 3798 3799 3800
3 3801 3802 3803
3 3804 3805 3806
3 3807 3808 3809
3 3810 3811 3812
3 3813 3814 3815
3 3816 3817 3818
3 3819 3820 3821
3 3822 3823 3824
3 3825 3826 3827
3 3828 3829 3830
3 3831 3832 3833
3 3834 3835 3836
3 3837 3838 3839
3 3840 3841 3842
3 3843 3844 3845
3 3846 3847 3848
3 3849 3850 3851
3 3852 3853 3854
3 3855 3856 3857
3 3858 3859 3860
3 3861 3862 3863
3 3864 3865 3866
3 3867 3868 3869
3 3870 3871 3872
3 3873 3874 3875
3 3876 3877 3878
3 3879 3880 3881
3 3882 3883 3884
3 3885 3886 3887
3 3888 3889 3890
3 3891 3892 3893
3 3894 3895 3896
3 3897 3898 3899
3 3900 3901 3902
3 3903 3904 3905
3 3906 3907 3908
3 3909 3910 3911
3 3912 3913 3914
3 3915 3916 3917
3 3918 3919 3920
3 3921 3922 3923
3 3924 3925 3926
3 3927 3928 3929
3 3930 3931 3932
3 3933 3934 3935
3 3936 3937 3938
3 3939 3940 3941
3 3942 3943 3944
3 3945 3946 3947
3 3948 3949 3950
3 3951 3952 3953
3 3954 3955 3956
3 3957 3958 3959
3 3960 3961 3962
3 3963 3964 3965
3 3966 3967 3968
3 3969 3970 3971
3 3972 3973 3974
3 3975 3976 3977
3 3978 3979 3980
3 3981 3982 3983
3 3984 3985 3986
3 3987 3988 3989
3 3990 3991 3992
3 3993 3994 3995
3 3996 3997 3998
3 3999 4000 4001
3 4002 4003 4004
3 4005 4006 4007
3 4008 4009 4010
3 4011 4012 4013
3 4014 4015 4016
3 4017 4018 4019
3 4020 4021 4022
3 4023 4024 4025
3 4026 4027 4028
3 4029 4030 4031
3 4032 4033 4034
3 4035 4036 4037
3 4038 4039 4040
3 4041 4042 4043
3 4044 4045 4046
3 4047 4048 4049
3 4050 4051 4052
3 4053 4054 4055
3 4056 4057 4058
3 4059 4060 4061
3 4062 4063 4064
3 4065 4066 4067
3 4068 4069 4070
3 4071 4072 4073
3 4074 4075 4076
3 4077 4078 4079
3 4080 4081 4082
3 4083 4084 4085
3 4086 4087 4088
3 4089 4090 4091
3 4092 4093 4094
3 4095 4096 4097
3 4098 4099 4100
3 4101 4102 4103
3 4104 4105 4106
3 4107 4108 4109
3 4110 4111 4112
3 4113 4114 4115
3 4116 4117 4118
3 4119 4120 4121
3 4122 4123 4124
3 4125 4126 4127
3 4128 4129 4130
3 4131 4132 4133
3 4134 4135 4136
3 4137 4138 4139
3 4140 4141 4142
3 4143 4144 4145
3 4146 4147 4148
3 4149 4150 4151
3 4152 4153 4154
3 4155 4156 4157
3 4158 4159 4160
3 4161 4162 4163
3 4164 4165 4166
3 4167 4168 4169
3 4170 4171 4172
3 4173 4174 4175
3 4176 4177 4178
3 4179 4180 4181
3 4182 4183 4184
3 4185 4186 4187
3 4188 4189 4190
3 4191 4192 4193
3 4194 4195 4196
3 4197 4198 4199
3 4200 4201 4202
3 4203 4204 4205
3 4206 4207 4208
3 4209 4210 4211
3 4212 4213 4214
3 4215 4216 4217
3 4218 4219 4220
3 4221 4222 4223
3 4224 4225 4226
3 4227 4228 4229
3 4230 4231 4232
3 4233 4234 4235
3 4236 4237 4238
3 4239 4240 4241
3 4242 4243 4244
3 4245 4246 4247
3 4248 4249 4250
3 4251 4252 4253
3 4254 4255 4256
3 4257 4258 4259
3 4260 4261 4262
3 4263 4264 4265
3 4266 4267 4268
3 4269 4270 4271
3 4272 4273 4274
3 4275 4276 4277
3 4278 4279 4280
3 4281 4282 4283
3 4284 4285 4286
3 4287 4288 4289
3 4290 4291 4292
3 4293 4294 4295
3 4296 4297 4298
3 4299 4300 4301
3 4302 4303 4304
3 4305 4306 4307
3 4308 4309 4310
3 4311 4312 4313
3 4314 4315 4316
3 4317 4318 4319
3 4320 4321 4322
3 4323 4324 4325
3 4326 4327 4328
3 4329 4330 4331
3 4332 4333 4334
3 4335 4336 4337
3 4338 4339 4340
3 4341 4342 4343
3 4344 4345 4346
3 4347 4348 4349
3 4350 4351 4352
3 4353 4354 4355
3 4356 4357 4358
3 4359 4360 4361
3 4362 4363 4364
3 4365 4366 4367
3 4368 4369 4370
3 4371 4372 4373
3 4374 4375 4376
3 4377 4378 4379
3 4380 4381 4382
3 4383 4384 4385
3 4386 4387 4388
3 4389 4390 4391
3 4392 4393 4394
3 4395 4396 4397
3 4398 4399 4400
3 4401 4402 4403
3 4404 4405 4406
3 4407 4408 4409
3 4410 4411 4412
3 4413 4414 4415
3 4416 4417 4418
3 4419 4420 4421
3 4422 4423 4424
3 4425 4426 4427
3 4428 4429 4430
3 4431 4432 4433
3 4434 4435 4436
3 4437 4438 4439
3 4440 4441 4442
3 4443 4444 4445
3 4446 4447 4448
3 4449 4450 4451
3 4452 4453 4454
3 4455 4456 4457
3 4458 4459 4460
3 4461 4462 4463
3 4464 4465 4466
3 4467 4468 4469
3 4470 4471 4472
3 4473 4474 4475
3 4476 4477 4478
3 4479 4480 4481
3 4482 4483 4484
3 4485 4486 4487
3 4488 4489 4490
3 4491 4492 4493
3 4494 4495 4496
3 4497 4498 4499
3 4500 4501 4502
3 4503 4504 4505
3 4506 4507 4508
3 4509 4510 4511
3 4512 4513 4514
3 4515 4516 4517
3 4518 4519 4520
3 4521 4522 4523
3 4524 4525 4526
3 4527 4528 4529
3 4530 4531 4532
3 4533 4534 4535
3 4536 4537 4538
3 4539 4540 4541
3 4542 4543 4544
3 4545 4546 4547
3 4548 4549 4550
3 4551 4552 4553
3 4554 4555 4556
3 4557 4558 4559
3 4560 4561 4562
3 4563 4564 4565
3 4566 4567 4568
3 4569 4570 4571
3 4572 4573 4574
3 4575 4576 4577
3 4578 4579 4580
3 4581 4582 4583
3 4584 4585 4586
3 4587 4588 4589
3 4590 4591 4592
3 4593 4594 4595
3 4596 4597 4598
3 4599 4600 4601
3 4602 4603 4604
3 4605 4606 4607
3 4608 4609 4610
3 4611 4612 4613
3 4614 4615 4616
3 4617 4618 4619
3 4620 4621 4622
3 4623 4624 4625
3 4626 4627 4628
3 4629 4630 4631
3 4632 4633 4634
3 4635 4636 4637
3 4638 4639 4640
3 4641 4642 4643
3 4644 4645 4646
3 4647 4648 4649
3 4650 4651 4652
3 4653 4654 4655
3 4656 4657 4658
3 4659 4660 4661
3 4662 4663 4664
3 4665 4666 4667
3 4668 4669 4670
3 4671 4672 4673
3 4674 4675 4676
3 4677 4678 4679
3 4680 4681 4682
3 4683 4684 4685
3 4686 4687 4688
3 4689 4690 4691
3 4692 4693 4694
3 4695 4696 4697
3 4698 4699 4700
3 4701 4702 4703
3 4704 4705 4706
3 4707 4708 4709
3 4710 4711 4712
3 4713 4714 4715
3 4716 4717 4718
3 4719 4720 4721
3 4722 4723 4724
3 4725 4726 4727
3 4728 4729 4730
3 4731 4732 4733
3 4734 4735 4736
3 4737 4738 4739
3 4740 4741 4742
3 4743 4744 4745
3 4746 4747 4748
3 4749 4750 4751
3 4752 4753 4754
3 4755 4756 4757
3 4758 4759 4760
3 4761 4762 4763
3 4764 4765 4766
3 4767 4768 4769
3 4770 4771 4772
3 4773 4774 4775
3 4776 4777 4778
3 4779 4780 4781
3 4782 4783 4784
3 4785 4786 4787
3 4788 4789 4790
3 4791 4792 4793
3 4794 4795 4796
3 4797 4798 4799
3 4800 4801 4802
3 4803 4804 4805
3 4806 4807 4808
3 4809 4810 4811
3 4812 4813 4814
3 4815 4816 4817
3 4818 4819 4820
3 4821 4822 4823
3 4824 4825 4826
3 4827 4828 4829
3 4830 4831 4832
3 4833 4834 4835
3 4836 4837 4838
3 4839 4840 4841
3 4842 4843 4844
3 4845 4846 4847
3 4848 4849 4850
3 4851 4852 4853
3 4854 4855 4856
3 4857 4858 4859
3 4860 4861 4862
3 4863 4864 4865
3 4866 4867 4868
3 4869 4870 4871
3 4872 4873 4874
3 4875 4876 4877
3 4878 4879 4880
3 4881 4882 4883
3 4884 4885 4886
3 4887 4888 4889
3 4890 4891 4892
3 4893 4894 4895
3 4896 4897 4898
3 4899 4900 4901
3 4902 4903 4904
3 4905 4906 4907
3 4908 4909 4910
3 4911 4912 4913
3 4914 4915 4916
3 4917 4918 4919
3 4920 4921 4922
3 4923 4924 4925
3 4926 4927 4928
3 4929 4930 4931
3 4932 4933 4934
3 4935 4936 4937
3 4938 4939 4940
3 4941 4942 4943
3 4944 4945 4946
3 4947 4948 4949
3 4950 4951 4952
3 4953 4954 4955
3 4956 4957 4958
3 4959 4960 4961
3 4962 4963 4964
3 4965 4966 4967
3 4968 4969 4970
3 4971 4972 4973
3 4974 4975 4976
3 4977 4978 4979
3 4980 4981 4982
3 4983 4984 4985
3 4986 4987 4988
3 4989 4990 4991
3 4992 4993 4994
3 4995 4996 4997
3 4998 4999 5000
3 5001 5002 5003
3 5004 5005 5006
3 5007 5008 5009
3 5010 5011 5012
3 5013 5014 5015
3 5016 5017 5018
3 5019 5020 5021
3 5022 5023 5024
3 5025 5026 5027
3 5028 5029 5030
3 5031 5032 5033
3 5034 5035 5036
3 5037 5038 5039
3 5040 5041 5042
3 5043 5044 5045
3 5046 5047 5048
3 5049 5050 5051
3 5052 5053 5054
3 5055 5056 5057
3 5058 5059 5060
3 5061 5062 5063
3 5064 5065 5066
3 5067 5068 5069
3 5070 5071 5072
3 5073 5074 5075
3 5076 5077 5078
3 5079 5080 5081
3 5082 5083 5084
3 5085 5086 5087
3 5088 5089 5090
3 5091 5092 5093
3 5094 5095 5096
3 5097 5098 5099
3 5100 5101 5102
3 5103 5104 5105
3 5106 5107 5108
3 5109 5110 5111
3 5112 5113 5114
3 5115 5116 5117
3 5118 5119 5120
3 5121 5122 5123
3 5124 5125 5126
3 5127 5128 5129
3 5130 5131 5132
3 5133 5134 5135
3 5136 5137 5138
3 5139 5140 5141
3 5142 5143 5144
3 5145 5146 5147
3 5148 5149 5150
3 5151 5152 5153
3 5154 5155 5156
3 5157 5158 5159
3 5160 5161 5162
3 5163 5164 5165
3 5166 5167 5168
3 5169 5170 5171
3 5172 5173 5174
3 5175 5176 5177
3 5178 5179 5180
3 5181 5182 5183
3 5184 5185 5186
3 5187 5188 5189
3 5190 5191 5192
3 5193 5194 5195
3 5196 5197 5198
3 5199 5200 5201
3 5202 5203 5204
3 5205 5206 5207
3 5208 5209 5210
3 5211 5212 5213
3 5214 5215 5216
3 5217 5218 5219
3 5220 5221 5222
3 5223 5224 5225
3 5226 5227 5228
3 5229 5230 5231
3 5232 5233 5234
3 5235 5236 5237
3 5238 5239 5240
3 5241 5242 5243
3 5244 5245 5246
3 5247 5248 5249
3 5250 5251 5252
3 5253 5254 5255
3 5256 5257 5258
3 5259 5260 5261
3 5262 5263 5264
3 5265 5266 5267
3 5268 5269 5270
3 5271 5272 5273
3 5274 5275 5276
3 5277 5278 5279
3 5280 5281 5282
3 5283 5284 5285
3 5286 5287 5288
3 5289 5290 5291
3 5292 5293 5294
3 5295 5296 5297
3 5298 5299 5300
3 5301 5302 5303
3 5304 5305 5306
3 5307 5308 5309
3 5310 5311 5312
3 5313 5314 5315
3 5316 5317 5318
3 5319 5320 5321
3 5322 5323 5324
3 5325 5326 5327
3 5328 5329 5330
3 5331 5332 5333
3 5334 5335 5336
3 5337 5338 5339
3 5340 5341 5342
3 5343 5344 5345
3 5346 5347 5348
3 5349 5350 5351
3 5352 5353 5354
3 5355 5356 5357
3 5358 5359 5360
3 5361 5362 5363
3 5364 5365 5366
3 5367 5368 5369
3 5370 5371 5372
3 5373 5374 5375
3 5376 5377 5378
3 5379 5380 5381
3 5382 5383 5384
3 5385 5386 5387
3 5388 5389 5390
3 5391 5392 5393
3 5394 5395 5396
3 5397 5398 5399
3 5400 5401 5402
3 5403 5404 5405
3 5406 5407 5408
3 5409 5410 5411
3 5412 5413 5414
3 5415 5416 5417
3 5418 5419 5420
3 5421 5422 5423
3 5424 5425 5426
3 5427 5428 5429
3 5430 5431 5432
3 5433 5434 5435
3 5436 5437 5438
3 5439 5440 5441
3 5442 5443 5444
3 5445 5446 5447
3 5448 5449 5450
3 5451 5452 5453
3 5454 5455 5456
3 5457 5458 5459
3 5460 5461 5462
3 5463 5464 5465
3 5466 5467 5468
3 5469 5470 5471
3 5472 5473 5474
3 5475 5476 5477
3 5478 5479 5480
3 5481 5482 5483
3 5484 5485 5486
3 5487 5488 5489
3 5490 5491 5492
3 5493 5494 5495
3 5496 5497 5498
3 5499 5500 5501
3 5502 5503 5504
3 5505 5506 5507
3 5508 5509 5510
3 5511 5512 5513
3 5514 5515 5516
3 5517 5518 5519
3 5520 5521 5522
3 5523 5524 5525
3 5526 5527 5528
3 5529 5530 5531
3 5532 5533 5534
3 5535 5536 5537
3 5538 5539 5540
3 5541 5542 5543
3 5544 5545 5546
3 5547 5548 5549
3 5550 5551 5552
3 5553 5554 5555
3 5556 5557 5558
3 5559 5560 5561
3 5562 5563 5564
3 5565 5566 5567
3 5568 5569 5570
3 5571 5572 5573
3 5574 5575 5576
3 5577 5578 5579
3 5580 5581 5582
3 5583 5584 5585
3 5586 5587 5588
3 5589 5590 5591
3 5592 5593 5594
3 5595 5596 5597
3 5598 5599 5600
3 5601 5602 5603
3 5604 5605 5606
3 5607 5608 5609
3 5610 5611 5612
3 5613 5614 5615
3 5616 5617 5618
3 5619 5620 5621
3 5622 5623 5624
3 5625 5626 5627
3 5628 5629 5630
3 5631 5632 5633
3 5634 5635 5636
3 5637 5638 5639
3 5640 5641 5642
3 5643 5644 5645
3 5646 5647 5648
3 5649 5650 5651
3 5652 5653 5654
3 5655 5656 5657
3 5658 5659 5660
3 5661 5662 5663
3 5664 5665 5666
3 5667 5668 5669
3 5670 5671 5672
3 5673 5674 5675
3 5676 5677 5678
3 5679 5680 5681
3 5682 5683 5684
3 5685 5686 5687
3 5688 5689 5690
3 5691 5692 5693
3 5694 5695 5696
3 5697 5698 5699
3 5700 5701 5702
3 5703 5704 5705
3 5706 5707 5708
3 5709 5710 5711
3 5712 5713 5714
3 5715 5716 5717
3 5718 5719 5720
3 5721 5722 5723
3 5724 5725 5726
3 5727 5728 5729
3 5730 5731 5732
3 5733 5734 5735
3 5736 5737 5738
3 5739 5740 5741
3 5742 5743 5744
3 5745 5746 5747
3 5748 5749 5750
3 5751 5752 5753
3 5754 5755 5756
3 5757 5758 5759
3 5760 5761 5762
3 5763 5764 5765
3 5766 5767 5768
3 5769 5770 5771
3 5772 5773 5774
3 5775 5776 5777
3 5778 5779 5780
3 5781 5782 5783
3 5784 5785 5786
3 5787 5788 5789
3 5790 5791 5792
3 5793 5794 5795
3 5796 5797 5798
3 5799 5800 5801
3 5802 5803 5804
3 5805 5806 5807
3 5808 5809 5810
3 5811 5812 5813
3 5814 5815 5816
3 5817 5818 5819
3 5820 5821 5822
3 5823 5824 5825
3 5826 5827 5828
3 5829 5830 5831
3 5832 5833 5834
3 5835 5836 5837
3 5838 5839 5840
3 5841 5842 5843
3 5844 5845 5846
3 5847 5848 5849
3 5850 5851 5852
3 5853 5854 5855
3 5856 5857 5858
3 5859 5860 5861
3 5862 5863 5864
3 5865 5866 5867
3 5868 5869 5870
3 5871 5872 5873
3 5874 5875 5876
3 5877 5878 5879
3 5880 5881 5882
3 5883 5884 5885
3 5886 5887 5888
3 5889 5890 5891
3 5892 5893 5894
3 5895 5896 5897
3 5898 5899 5900
3 5901 5902 5903
3 5904 5905 5906
3 5907 5908 5909
3 5910 5911 5912
3 5913 5914 5915
3 5916 5917 5918
3 5919 5920 5921
3 5922 5923 5924
3 5925 5926 5927
3 5928 5929 5930
3 5931 5932 5933
3 5934 5935 5936
3 5937 5938 5939
3 5940 5941 5942
3 5943 5944 5945
3 5946 5947 5948
3 5949 5950 5951
3 5952 5953 5954
3 5955 5956 5957
3 5958 5959 5960
3 5961 5962 5963
3 5964 5965 5966
3 5967 5968 5969
3 5970 5971 5972
3 5973 5974 5975
3 5976 5977 5978
3 5979 5980 5981
3 5982 5983 5984
3 5985 5986 5987
3 5988 5989 5990
3 5991 5992 5993
3 5994 5995 5996
3 5997 5998 5999
3 6000 6001 6002
3 6003 6004 6005
3 6006 6007 6008
3 6009 6010 6011
3 6012 6013 6014
3 6015 6016 6017
3 6018 6019 6020
3 6021 6022 6023
3 6024 6025 6026
3 6027 6028 6029
3 6030 6031 6032
3 6033 6034 6035
3 6036 6037 6038
3 6039 6040 6041
3 6042 6043 6044
3 6045 6046 6047
3 6048 6049 6050
3 6051 6052 6053
3 6054 6055 6056
3 6057 6058 6059
3 6060 6061 6062
3 6063 6064 6065
3 6066 6067 6068
3 6069 6070 6071
3 6072 6073 6074
3 6075 6076 6077
3 6078 6079 6080
3 6081 6082 6083
3 6084 6085 6086
3 6087 6088 6089
3 6090 6091 6092
3 6093 6094 6095
3 6096 6097 6098
3 6099 6100 6101
3 6102 6103 6104
3 6105 6106 6107
3 6108 6109 6110
3 6111 6112 6113
3 6114 6115 6116
3 6117 6118 6119
3 6120 6121 6122
3 6123 6124 6125
3 6126 6127 6128
3 6129 6130 6131
3 6132 6133 6134
3 6135 6136 6137
3 6138 6139 6140
3 6141 6142 6143
3 6144 6145 6146
3 6147 6148 6149
3 6150 6151 6152
3 6153 6154 6155
3 6156 6157 6158
3 6159 6160 6161
3 6162 6163 6164
3 6165 6166 6167
3 6168 6169 6170
3 6171 6172 6173
3 6174 6175 6176
3 6177 6178 6179
3 6180 6181 6182
3 6183 6184 6185
3 6186 6187 6188
3 6189 6190 6191
3 6192 6193 6194
3 6195 6196 6197
3 6198 6199 6200
3 6201 6202 6203
3 6204 6205 6206
3 6207 6208 6209
3 6210 6211 6212
3 6213 6214 6215
3 6216 6217 6218
3 6219 6220 6221
3 6222 6223 6224
3 6225 6226 6227
3 6228 6229 6230
3 6231 6232 6233
3 6234 6235 6236
3 6237 6238 6239
3 6240 6241 6242
3 6243 6244 6245
3 6246 6247 6248
3 6249 6250 6251
3 6252 6253 6254
3 6255 6256 6257
3 6258 6259 6260
3 6261 6262 6263
3 6264 6265 6266
3 6267 6268 6269
3 6270 6271 6272
3 6273 6274 6275
3 6276 6277 6278
3 6279 6280 6281
3 6282 6283 6284
3 6285 6286 6287
3 6288 6289 6290
3 6291 6292 6293
3 6294 6295 6296
3 6297 6298 6299
3 6300 6301 6302
3 6303 6304 6305
3 6306 6307 6308
3 6309 6310 6311
3 6312 6313 6314
3 6315 6316 6317
3 6318 6319 6320
3 6321 6322 6323
3 6324 6325 6326
3 6327 6328 6329
3 6330 6331 6332
3 6333 6334 6335
3 6336 6337 6338
3 6339 6340 6341
3 6342 6343 6344
3 6345 6346 6347
3 6348 6349 6350
3 6351 6352 6353
3 6354 6355 6356
3 6357 6358 6359
3 6360 6361 6362
3 6363 6364 6365
3 6366 6367 6368
3 6369 6370 6371
3 6372 6373 6374
3 6375 6376 6377
3 6378 6379 6380
3 6381 6382 6383
3 6384 6385 6386
3 6387 6388 6389
3 6390 6391 6392
3 6393 6394 6395
3 6396 6397 6398
3 6399 6400 6401
3 6402 6403 6404
3 6405 6406 6407
3 6408 6409 6410
3 6411 6412 6413
3 6414 6415 6416
3 6417 6418 6419
3 6420 6421 6422
3 6423 6424 6425
3 6426 6427 6428
3 6429 6430 6431
3 6432 6433 6434
3 6435 6436 6437
3 6438 6439 6440
3 6441 6442 6443
3 6444 6445 6446
3 6447 6448 6449
3 6450 6451 6452
3 6453 6454 6455
3 6456 6457 6458
3 6459 6460 6461
3 6462 6463 6464
3 6465 6466 6467
3 6468 6469 6470
3 6471 6472 6473
3 6474 6475 6476
3 6477 6478 6479
3 6480 6481 6482
3 6483 6484 6485
3 6486 6487 6488
3 6489 6490 6491
3 6492 6493 6494
3 6495 6496 6497
3 6498 6499 6500
3 6501 6502 6503
3 6504 6505 6506
3 6507 6508 6509
3 6510 6511 6512
3 6513 6514 6515
3 6516 6517 6518
3 6519 6520 6521
3 6522 6523 6524
3 6525 6526 6527
3 6528 6529 6530
3 6531 6532 6533
3 6534 6535 6536
3 6537 6538 6539
3 6540 6541 6542
3 6543 6544 6545
3 6546 6547 6548
3 6549 6550 6551
3 6552 6553 6554
3 6555 6556 6557
3 6558 6559 6560
3 6561 6562 6563
3 6564 6565 6566
3 6567 6568 6569
3 6570 6571 6572
3 6573 6574 6575
3 6576 6577 6578
3 6579 6580 6581
3 6582 6583 6584
3 6585 6586 6587
3 6588 6589 6590
3 6591 6592 6593
3 6594 6595 6596
3 6597 6598 6599
3 6600 6601 6602
3 6603 6604 6605
3 6606 6607 6608
3 6609 6610 6611
3 6612 6613 6614
3 6615 6616 6617
3 6618 6619 6620
3 6621 6622 6623
3 6624 6625 6626
3 6627 6628 6629
3 6630 6631 6632
3 6633 6634 6635
3 6636 6637 6638
3 6639 6640 6641
3 6642 6643 6644
3 6645 6646 6647
3 6648 6649 6650
3 6651 6652 6653
3 6654 6655 6656
3 6657 6658 6659
3 6660 6661 6662
3 6663 6664 6665
3 6666 6667 6668
3 6669 6670 6671
3 6672 6673 6674
3 6675 6676 6677
3 6678 6679 6680
3 6681 6682 6683
3 6684 6685 6686
3 6687 6688 6689
3 6690 6691 6692
3 6693 6694 6695
3 6696 6697 6698
3 6699 6700 6701
3 6702 6703 6704
3 6705 6706 6707
3 6708 6709 6710
3 6711 6712 6713
3 6714 6715 6716
3 6717 6718 6719
3 6720 6721 6722
3 6723 6724 6725
3 6726 6727 6728
3 6729 6730 6731
3 6732 6733 6734
3 6735 6736 6737
3 6738 6739 6740
3 6741 6742 6743
3 6744 6745 6746
3 6747 6748 6749
3 6750 6751 6752
3 6753 6754 6755
3 6756 6757 6758
3 6759 6760 6761
3 6762 6763 6764
3 6765 6766 6767
3 6768 6769 6770
3 6771 6772 6773
3 6774 6775 6776
3 6777 6778 6779
3 6780 6781 6782
3 6783 6784 6785
3 6786 6787 6788
3 6789 6790 6791
3 6792 6793 6794
3 6795 6796 6797
3 6798 6799 6800
3 6801 6802 6803
3 6804 6805 6806
3 6807 6808 6809
3 6810 6811 6812
3 6813 6814 6815
3 6816 6817 6818
3 6819 6820 6821
3 6822 6823 6824
3 6825 6826 6827
3 6828 6829 6830
3 6831 6832 6833
3 6834 6835 6836
3 6837 6838 6839
3 6840 6841 6842
3 6843 6844 6845
3 6846 6847 6848
3 6849 6850 6851
3 6852 6853 6854
3 6855 6856 6857
3 6858 6859 6860
3 6861 6862 6863
3 6864 6865 6866
3 6867 6868 6869
3 6870 6871 6872
3 6873 6874 6875
3 6876 6877 6878
3 6879 6880 6881
3 6882 6883 6884
3 6885 6886 6887
3 6888 6889 6890
3 6891 6892 6893
3 6894 6895 6896
3 6897 6898 6899
3 6900 6901 6902
3 6903 6904 6905
3 6906 6907 6908
3 6909 6910 6911
3 6912 6913 6914
3 6915 6916 6917
3 6918 6919 6920
3 6921 6922 6923
3 6924 6925 6926
3 6927 6928 6929
3 6930 6931 6932
3 6933 6934 6935
3 6936 6937 6938
3 6939 6940 6941
3 6942 6943 6944
3 6945 6946 6947
3 6948 6949 6950
3 6951 6952 6953
3 6954 6955 6956
3 6957 6958 6959
3 6960 6961 6962
3 6963 6964 6965
3 6966 6967 6968
3 6969 6970 6971
3 6972 6973 6974
3 6975 6976 6977
3 6978 6979 6980
3 6981 6982 6983
3 6984 6985 6986
3 6987 6988 6989
3 6990 6991 6992
3 6993 6994 6995
3 6996 6997 6998
3 6999 7000 7001
3 7002 7003 7004
3 7005 7006 7007
3 7008 7009 7010
3 7011 7012 7013
3 7014 7015 7016
3 7017 7018 7019
3 7020 7021 7022
3 7023 7024 7025
3 7026 7027 7028
3 7029 7030 7031
3 7032 7033 7034
3 7035 7036 7037
3 7038 7039 7040
3 7041 7042 7043
3 7044 7045 7046
3 7047 7048 7049
3 7050 7051 7052
3 7053 7054 7055
3 7056 7057 7058
3 7059 7060 7061
3 7062 7063 7064
3 7065 7066 7067
3 7068 7069 7070
3 7071 7072 7073
3 7074 7075 7076
3 7077 7078 7079
3 7080 7081 7082
3 7083 7084 7085
3 7086 7087 7088
3 7089 7090 7091
3 7092 7093 7094
3 7095 7096 7097
3 7098 7099 7100
3 7101 7102 7103
3 7104 7105 7106
3 7107 7108 7109
3 7110 7111 7112
3 7113 7114 7115
3 7116 7117 7118
3 7119 7120 7121
3 7122 7123 7124
3 7125 7126 7127
3 7128 7129 7130
3 7131 7132 7133
3 7134 7135 7136
3 7137 7138 7139
3 7140 7141 7142
3 7143 7144 7145
3 7146 7147 7148
3 7149 7150 7151
3 7152 7153 7154
3 7155 7156 7157
3 7158 7159 7160
3 7161 7162 7163
3 7164 7165 7166
3 7167 7168 7169
3 7170 7171 7172
3 7173 7174 7175
3 7176 7177 7178
3 7179 7180 7181
3 7182 7183 7184
3 7185 7186 7187
3 7188 7189 7190
3 7191 7192 7193
3 7194 7195 7196
3 7197 7198 7199
3 7200 7201 7202
3 7203 7204 7205
3 7206 7207 7208
3 7209 7210 7211
3 7212 7213 7214
3 7215 7216 7217
3 7218 7219 7220
3 7221 7222 7223
3 7224 7225 7226
3 7227 7228 7229
3 7230 7231 7232
3 7233 7234 7235
3 7236 7237 7238
3 7239 7240 7241
3 7242 7243 7244
3 7245 7246 7247
3 7248 7249 7250
3 7251 7252 7253
3 7254 7255 7256
3 7257 7258 7259
3 7260 7261 7262
3 7263 7264 7265
3 7266 7267 7268
3 7269 7270 7271
3 7272 7273 7274
3 7275 7276 7277
3 7278 7279 7280
3 7281 7282 7283
3 7284 7285 7286
3 7287 7288 7289
3 7290 7291 7292
3 7293 7294 7295
3 7296 7297 7298
3 7299 7300 7301
3 7302 7303 7304
3 7305 7306 7307
3 7308 7309 7310
3 7311 7312 7313
3 7314 7315 7316
3 7317 7318 7319
3 7320 7321 7322
3 7323 7324 7325
3 7326 7327 7328
3 7329 7330 7331
3 7332 7333 7334
3 7335 7336 7337
3 7338 7339 7340
3 7341 7342 7343
3 7344 7345 7346
3 7347 7348 7349
3 7350 7351 7352
3 7353 7354 7355
3 7356 7357 7358
3 7359 7360 7361
3 7362 7363 7364
3 7365 7366 7367
3 7368 7369 7370
3 7371 7372 7373
3 7374 7375 7376
3 7377 7378 7379
3 7380 7381 7382
3 7383 7384 7385
3 7386 7387 7388
3 7389 7390 7391
3 7392 7393 7394
3 7395 7396 7397
3 7398 7399 7400
3 7401 7402 7403
3 7404 7405 7406
3 7407 7408 7409
3 7410 7411 7412
3 7413 7414 7415
3 7416 7417 7418
3 7419 7420 7421
3 7422 7423 7424
3 7425 7426 7427
3 7428 7429 7430
3 7431 7432 7433
3 7434 7435 7436
3 7437 7438 7439
3 7440 7441 7442
3 7443 7444 7445
3 7446 7447 7448
3 7449 7450 7451
3 7452 7453 7454
3 7455 7456 7457
3 7458 7459 7460
3 7461 7462 7463
3 7464 7465 7466
3 7467 7468 7469
3 7470 7471 7472
3 7473 7474 7475
3 7476 7477 7478
3 7479 7480 7481
3 7482 7483 7484
3 7485 7486 7487
3 7488 7489 7490
3 7491 7492 7493
3 7494 7495 7496
3 7497 7498 7499
3 7500 7501 7502
3 7503 7504 7505
3 7506 7507 7508
3 7509 7510 7511
3 7512 7513 7514
3 7515 7516 7517
3 7518 7519 7520
3 7521 7522 7523
3 7524 7525 7526
3 7527 7528 7529
3 7530 7531 7532
3 7533 7534 7535
3 7536 7537 7538
3 7539 7540 7541
3 7542 7543 7544
3 7545 7546 7547
3 7548 7549 7550
3 7551 7552 7553
3 7554 7555 7556
3 7557 7558 7559
3 7560 7561 7562
3 7563 7564 7565
3 7566 7567 7568
3 7569 7570 7571
3 7572 7573 7574
3 7575 7576 7577
3 7578 7579 7580
3 7581 7582 7583
3 7584 7585 7586
3 7587 7588 7589
3 7590 7591 7592
3 7593 7594 7595
3 7596 7597 7598
3 7599 7600 7601
3 7602 7603 7604
3 7605 7606 7607
3 7608 7609 7610
3 7611 7612 7613
3 7614 7615 7616
3 7617 7618 7619
3 7620 7621 7622
3 7623 7624 7625
3 7626 7627 7628
3 7629 7630 7631
3 7632 7633 7634
3 7635 7636 7637
3 7638 7639 7640
3 7641 7642 7643
3 7644 7645 7646
3 7647 7648 7649
3 7650 7651 7652
3 7653 7654 7655
3 7656 7657 7658
3 7659 7660 7661
3 7662 7663 7664
3 7665 7666 7667
3 7668 7669 7670
3 7671 7672 7673
3 7674 7675 7676
3 7677 7678 7679
3 7680 7681 7682
3 7683 7684 7685
3 7686 7687 7688
3 7689 7690 7691
3 7692 7693 7694
3 7695 7696 7697
3 7698 7699 7700
3 7701 7702 7703
3 7704 7705 7706
3 7707 7708 7709
3 7710 7711 7712
3 7713 7714 7715
3 7716 7717 7718
3 7719 7720 7721
3 7722 7723 7724
3 7725 7726 7727
3 7728 7729 7730
3 7731 7732 7733
3 7734 7735 7736
3 7737 7738 7739
3 7740 7741 7742
3 7743 7744 7745
3 7746 7747 7748
3 7749 7750 7751
3 7752 7753 7754
3 7755 7756 7757
3 7758 7759 7760
3 7761 7762 7763
3 7764 7765 7766
3 7767 7768 7769
3 7770 7771 7772
3 7773 7774 7775
3 7776 7777 7778
3 7779 7780 7781
3 7782 7783 7784
3 7785 7786 7787
3 7788 7789 7790
3 7791 7792 7793
3 7794 7795 7796
3 7797 7798 7799
3 7800 7801 7802
3 7803 7804 7805
3 7806 7807 7808
3 7809 7810 7811
3 7812 7813 7814
3 7815 7816 7817
3 7818 7819 7820
3 7821 7822 7823
3 7824 7825 7826
3 7827 7828 7829
3 7830 7831 7832
3 7833 7834 7835
3 7836 7837 7838
3 7839 7840 7841
3 7842 7843 7844
3 7845 7846 7847
3 7848 7849 7850
3 7851 7852 7853
3 7854 7855 7856
3 7857 7858 7859
3 7860 7861 7862
3 7863 7864 7865
3 7866 7867 7868
3 7869 7870 7871
3 7872 7873 7874
3 7875 7876 7877
3 7878 7879 7880
3 7881 7882 7883
3 7884 7885 7886
3 7887 7888 7889
3 7890 7891 7892
3 7893 7894 7895
3 7896 7897 7898
3 7899 7900 7901
3 7902 7903 7904
3 7905 7906 7907
3 7908 7909 7910
3 7911 7912 7913
3 7914 7915 7916
3 7917 7918 7919
3 7920 7921 7922
3 7923 7924 7925
3 7926 7927 7928
3 7929 7930 7931
3 7932 7933 7934
3 7935 7936 7937
3 7938 7939 7940
3 7941 7942 7943
3 7944 7945 7946
3 7947 7948 7949
3 7950 7951 7952
3 7953 7954 7955
3 7956 7957 7958
3 7959 7960 7961
3 7962 7963 7964
3 7965 7966 7967
3 7968 7969 7970
3 7971 7972 7973
3 7974 7975 7976
3 7977 7978 7979
3 7980 7981 7982
3 7983 7984 7985
3 7986 7987 7988
3 7989 7990 7991
3 7992 7993 7994
3 7995 7996 7997
3 7998 7999 8000
3 8001 8002 8003
3 8004 8005 8006
3 8007 8008 8009
3 8010 8011 8012
3 8013 8014 8015
3 8016 8017 8018
3 8019 8020 8021
3 8022 8023 8024
3 8025 8026 8027
3 8028 8029 8030
3 8031 8032 8033
3 8034 8035 8036
3 8037 8038 8039
3 8040 8041 8042
3 8043 8044 8045
3 8046 8047 8048
3 8049 8050 8051
3 8052 8053 8054
3 8055 8056 8057
3 8058 8059 8060
3 8061 8062 8063
3 8064 8065 8066
3 8067 8068 8069
3 8070 8071 8072
3 8073 8074 8075
3 8076 8077 8078
3 8079 8080 8081
3 8082 8083 8084
3 8085 8086 8087
3 8088 8089 8090
3 8091 8092 8093
3 8094 8095 8096
3 8097 8098 8099
3 8100 8101 8102
3 8103 8104 8105
3 8106 8107 8108
3 8109 8110 8111
3 8112 8113 8114
3 8115 8116 8117
3 8118 8119 8120
3 8121 8122 8123
3 8124 8125 8126
3 8127 8128 8129
3 8130 8131 8132
3 8133 8134 8135
3 8136 8137 8138
3 8139 8140 8141
3 8142 8143 8144
3 8145 8146 8147
3 8148 8149 8150
3 8151 8152 8153
3 8154 8155 8156
3 8157 8158 8159
3 8160 8161 8162
3 8163 8164 8165
3 8166 8167 8168
3 8169 8170 8171
3 8172 8173 8174
3 8175 8176 8177
3 8178 8179 8180
3 8181 8182 8183
3 8184 8185 8186
3 8187 8188 8189
3 8190 8191 8192
3 8193 8194 8195
3 8196 8197 8198
3 8199 8200 8201
3 8202 8203 8204
3 8205 8206 8207
3 8208 8209 8210
3 8211 8212 8213
3 8214 8215 8216
3 8217 8218 8219
3 8220 8221 8222
3 8223 8224 8225
3 8226 8227 8228
3 8229 8230 8231
3 8232 8233 8234
3 8235 8236 8237
3 8238 8239 8240
3 8241 8242 8243
3 8244 8245 8246
3 8247 8248 8249
3 8250 8251 8252
3 8253 8254 8255
3 8256 8257 8258
3 8259 8260 8261
3 8262 8263 8264
3 8265 8266 8267
3 8268 8269 8270
3 8271 8272 8273
3 8274 8275 8276
3 8277 8278 8279
3 8280 8281 8282
3 8283 8284 8285
3 8286 8287 8288
3 8289 8290 8291
3 8292 8293 8294
3 8295 8296 8297
3 8298 8299 8300
3 8301 8302 8303
3 8304 8305 8306
3 8307 8308 8309
3 8310 8311 8312
3 8313 8314 8315
3 8316 8317 8318
3 8319 8320 8321
3 8322 8323 8324
3 8325 8326 8327
3 8328 8329 8330
3 8331 8332 8333
3 8334 8335 8336
3 8337 8338 8339
3 8340 8341 8342
3 8343 8344 8345
3 8346 8347 8348
3 8349 8350 8351
3 8352 8353 8354
3 8355 8356 8357
3 8358 8359 8360
3 8361 8362 8363
3 8364 8365 8366
3 8367 8368 8369
3 8370 8371 8372
3 8373 8374 8375
3 8376 8377 8378
3 8379 8380 8381
3 8382 8383 8384
3 8385 8386 8387
3 8388 8389 8390
3 8391 8392 8393
3 8394 8395 8396
3 8397 8398 8399
3 8400 8401 8402
3 8403 8404 8405
3 8406 8407 8408
3 8409 8410 8411
3 8412 8413 8414
3 8415 8416 8417
3 8418 8419 8420
3 8421 8422 8423
3 8424 8425 8426
3 8427 8428 8429
3 8430 8431 8432
3 8433 8434 8435
3 8436 8437 8438
3 8439 8440 8441
3 8442 8443 8444
3 8445 8446 8447
3 8448 8449 8450
3 8451 8452 8453
3 8454 8455 8456
3 8457 8458 8459
3 8460 8461 8462
3 8463 8464 8465
3 8466 8467 8468
3 8469 8470 8471
3 8472 8473 8474
3 8475 8476 8477
3 8478 8479 8480
3 8481 8482 8483
3 8484 8485 8486
3 8487 8488 8489
3 8490 8491 8492
3 8493 8494 8495
3 8496 8497 8498
3 8499 8500 8501
3 8502 8503 8504
3 8505 8506 8507
3 8508 8509 8510
3 8511 8512 8513
3 8514 8515 8516
3 8517 8518 8519
3 8520 8521 8522
3 8523 8524 8525
3 8526 8527 8528
3 8529 8530 8531
3 8532 8533 8534
3 8535 8536 8537
3 8538 8539 8540
3 8541 8542 8543
3 8544 8545 8546
3 8547 8548 8549
3 8550 8551 8552
3 8553 8554 8555
3 8556 8557 8558
3 8559 8560 8561
3 8562 8563 8564
3 8565 8566 8567
3 8568 8569 8570
3 8571 8572 8573
3 8574 8575 8576
3 8577 8578 8579
3 8580 8581 8582
3 8583 8584 8585
3 8586 8587 8588
3 8589 8590 8591
3 8592 8593 8594
3 8595 8596 8597
3 8598 8599 8600
3 8601 8602 8603
3 8604 8605 8606
3 8607 8608 8609
3 8610 8611 8612
3 8613 8614 8615
3 8616 8617 8618
3 8619 8620 8621
3 8622 8623 8624
3 8625 8626 8627
3 8628 8629 8630
3 8631 8632 8633
3 8634 8635 8636
3 8637 8638 8639
3 8640 8641 8642
3 8643 8644 8645
3 8646 8647 8648
3 8649 8650 8651
3 8652 8653 8654
3 8655 8656 8657
3 8658 8659 8660
3 8661 8662 8663
3 8664 8665 8666
3 8667 8668 8669
3 8670 8671 8672
3 8673 8674 8675
3 8676 8677 8678
3 8679 8680 8681
3 8682 8683 8684
3 8685 8686 8687
3 8688 8689 8690
3 8691 8692 8693
3 8694 8695 8696
3 8697 8698 8699
3 8700 8701 8702
3 8703 8704 8705
3 8706 8707 8708
3 8709 8710 8711
3 8712 8713 8714
3 8715 8716 8717
3 8718 8719 8720
3 8721 8722 8723
3 8724 8725 8726
3 8727 8728 8729
3 8730 8731 8732
3 8733 8734 8735
3 8736 8737 8738
3 8739 8740 8741
3 8742 8743 8744
3 8745 8746 8747
3 8748 8749 8750
3 8751 8752 8753
3 8754 8755 8756
3 8757 8758 8759
3 8760 8761 8762
3 8763 8764 8765
3 8766 8767 8768
3 8769 8770 8771
3 8772 8773 8774
3 8775 8776 8777
3 8778 8779 8780
3 8781 8782 8783
3 8784 8785 8786
3 8787 8788 8789
3 8790 8791 8792
3 8793 8794 8795
3 8796 8797 8798
3 8799 8800 8801
3 8802 8803 8804
3 8805 8806 8807
3 8808 8809 8810
3 8811 8812 8813
3 8814 8815 8816
3 8817 8818 8819
3 8820 8821 8822
3 8823 8824 8825
3 8826 8827 8828
3 8829 8830 8831
3 8832 8833 8834
3 8835 8836 8837
3 8838 8839 8840
3 8841 8842 8843
3 8844 8845 8846
3 8847 8848 8849
3 8850 8851 8852
3 8853 8854 8855
3 8856 8857 8858
3 8859 8860 8861
3 8862 8863 8864
3 8865 8866 8867
3 8868 8869 8870
3 8871 8872 8873
3 8874 8875 8876
3 8877 8878 8879
3 8880 8881 8882
3 8883 8884 8885
3 8886 8887 8888
3 8889 8890 8891
3 8892 8893 8894
3 8895 8896 8897
3 8898 8899 8900
3 8901 8902 8903
3 8904 8905 8906
3 8907 8908 8909
3 8910 8911 8912
3 8913 8914 8915
3 8916 8917 8918
3 8919 8920 8921
3 8922 8923 8924
3 8925 8926 8927
3 8928 8929 8930
3 8931 8932 8933
3 8934 8935 8936
3 8937 8938 8939
3 8940 8941 8942
3 8943 8944 8945
3 8946 8947 8948
3 8949 8950 8951
3 8952 8953 8954
3 8955 8956 8957
3 8958 8959 8960
3 8961 8962 8963
3 8964 8965 8966
3 8967 8968 8969
3 8970 8971 8972
3 8973 8974 8975
3 8976 8977 8978
3 8979 8980 8981
3 8982 8983 8984
3 8985 8986 8987
3 8988 8989 8990
3 8991 8992 8993
3 8994 8995 8996
3 8997 8998 8999
3 9000 9001 9002
3 9003 9004 9005
3 9006 9007 9008
3 9009 9010 9011
3 9012 9013 9014
3 9015 9016 9017
3 9018 9019 9020
3 9021 9022 9023
3 9024 9025 9026
3 9027 9028 9029
3 9030 9031 9032
3 9033 9034 9035
3 9036 9037 9038
3 9039 9040 9041
3 9042 9043 9044
3 9045 9046 9047
3 9048 9049 9050
3 9051 9052 9053
3 9054 9055 9056
3 9057 9058 9059
3 9060 9061 9062
3 9063 9064 9065
3 9066 9067 9068
3 9069 9070 9071
3 9072 9073 9074
3 9075 9076 9077
3 9078 9079 9080
3 9081 9082 9083
3 9084 9085 9086
3 9087 9088 9089
3 9090 9091 9092
3 9093 9094 9095
3 9096 9097 9098
3 9099 9100 9101
3 9102 9103 9104
3 9105 9106 9107
3 9108 9109 9110
3 9111 9112 9113
3 9114 9115 9116
3 9117 9118 9119
3 9120 9121 9122
3 9123 9124 9125
3 9126 9127 9128
3 9129 9130 9131
3 9132 9133 9134
3 9135 9136 9137
3 9138 9139 9140
3 9141 9142 9143
3 9144 9145 9146
3 9147 9148 9149
3 9150 9151 9152
3 9153 9154 9155
3 9156 9157 9158
3 9159 9160 9161
3 9162 9163 9164
3 9165 9166 9167
3 9168 9169 9170
3 9171 9172 9173
3 9174 9175 9176
3 9177 9178 9179
3 9180 9181 9182
3 9183 9184 9185
3 9186 9187 9188
3 9189 9190 9191
3 9192 9193 9194
3 9195 9196 9197
3 9198 9199 9200
3 9201 9202 9203
3 9204 9205 9206
3 9207 9208 9209
3 9210 9211 9212
3 9213 9214 9215
3 9216 9217 9218
3 9219 9220 9221
3 9222 9223 9224
3 9225 9226 9227
3 9228 9229 9230
3 9231 9232 9233
3 9234 9235 9236
3 9237 9238 9239
3 9240 9241 9242
3 9243 9244 9245
3 9246 9247 9248
3 9249 9250 9251
3 9252 9253 9254
3 9255 9256 9257
3 9258 9259 9260
3 9261 9262 9263
3 9264 9265 9266
3 9267 9268 9269
3 9270 9271 9272
3 9273 9274 9275
3 9276 9277 9278
3 9279 9280 9281
3 9282 9283 9284
3 9285 9286 9287
3 9288 9289 9290
3 9291 9292 9293
3 9294 9295 9296
3 9297 9298 9299
3 9300 9301 9302
3 9303 9304 9305
3 9306 9307 9308
3 9309 9310 9311
3 9312 9313 9314
3 9315 9316 9317
3 9318 9319 9320
3 9321 9322 9323
3 9324 9325 9326
3 9327 9328 9329
3 9330 9331 9332
3 9333 9334 9335
3 9336 9337 9338
3 9339 9340 9341
3 9342 9343 9344
3 9345 9346 9347
3 9348 9349 9350
3 9351 9352 9353
3 9354 9355 9356
3 9357 9358 9359
3 9360 9361 9362
3 9363 9364 9365
3 9366 9367 9368
3 9369 9370 9371
3 9372 9373 9374
3 9375 9376 9377
3 9378 9379 9380
3 9381 9382 9383
3 9384 9385 9386
3 9387 9388 9389
3 9390 9391 9392
3 9393 9394 9395
3 9396 9397 9398
3 9399 9400 9401
3 9402 9403 9404
3 9405 9406 9407
3 9408 9409 9410
3 9411 9412 9413
3 9414 9415 9416
3 9417 9418 9419
3 9420 9421 9422
3 9423 9424 9425
3 9426 9427 9428
3 9429 9430 9431
3 9432 9433 9434
3 9435 9436 9437
3 9438 9439 9440
3 9441 9442 9443
3 9444 9445 9446
3 9447 9448 9449
3 9450 9451 9452
3 9453 9454 9455
3 9456 9457 9458
3 9459 9460 9461
3 9462 9463 9464
3 9465 9466 9467
3 9468 9469 9470
3 9471 9472 9473
3 9474 9475 9476
3 9477 9478 9479
3 9480 9481 9482
3 9483 9484 9485
3 9486 9487 9488
3 9489 9490 9491
3 9492 9493 9494
3 9495 9496 9497
3 9498 9499 9500
3 9501 9502 9503
3 9504 9505 9506
3 9507 9508 9509
3 9510 9511 9512
3 9513 9514 9515
3 9516 9517 9518
3 9519 9520 9521
3 9522 9523 9524
3 9525 9526 9527
3 9528 9529 9530
3 9531 9532 9533
3 9534 9535 9536
3 9537 9538 9539
3 9540 9541 9542
3 9543 9544 9545
3 9546 9547 9548
3 9549 9550 9551
3 9552 9553 9554
3 9555 9556 9557
3 9558 9559 9560
3 9561 9562 9563
3 9564 9565 9566
3 9567 9568 9569
3 9570 9571 9572
3 9573 9574 9575
3 9576 9577 9578
3 9579 9580 9581
3 9582 9583 9584
3 9585 9586 9587
3 9588 9589 9590
3 9591 9592 9593
3 9594 9595 9596
3 9597 9598 9599
3 9600 9601 9602
3 9603 9604 9605
3 9606 9607 9608
3 9609 9610 9611
3 9612 9613 9614
3 9615 9616 9617
3 9618 9619 9620
3 9621 9622 9623
3 9624 9625 9626
3 9627 9628 9629
3 9630 9631 9632
3 9633 9634 9635
3 9636 9637 9638
3 9639 9640 9641
3 9642 9643 9644
3 9645 9646 9647
3 9648 9649 9650
3 9651 9652 9653
3 9654 9655 9656
3 9657 9658 9659
3 9660 9661 9662
3 9663 9664 9665
3 9666 9667 9668
3 9669 9670 9671
3 9672 9673 9674
3 9675 9676 9677
3 9678 9679 9680
3 9681 9682 9683
3 9684 9685 9686
3 9687 9688 9689
3 9690 9691 9692
3 9693 9694 9695
3 9696 9697 9698
3 9699 9700 9701
3 9702 9703 9704
3 9705 9706 9707
3 9708 9709 9710
3 9711 9712 9713
3 9714 9715 9716
3 9717 9718 9719
3 9720 9721 9722
3 9723 9724 9725
3 9726 9727 9728
3 9729 9730 9731
3 9732 9733 9734
3 9735 9736 9737
3 9738 9739 9740
3 9741 9742 9743
3 9744 9745 9746
3 9747 9748 9749
3 9750 9751 9752
3 9753 9754 9755
3 9756 9757 9758
3 9759 9760 9761
3 9762 9763 9764
3 9765 9766 9767
3 9768 9769 9770
3 9771 9772 9773
3 9774 9775 9776
3 9777 9778 9779
3 9780 9781 9782
3 9783 9784 9785
3 9786 9787 9788
3 9789 9790 9791
3 9792 9793 9794
3 9795 9796 9797
3 9798 9799 9800
3 9801 9802 9803
3 9804 9805 9806
3 9807 9808 9809
3 9810 9811 9812
3 9813 9814 9815
3 9816 9817 9818
3 9819 9820 9821
3 9822 9823 9824
3 9825 9826 9827
3 9828 9829 9830
3 9831 9832 9833
3 9834 9835 9836
3 9837 9838 9839
3 9840 9841 9842
3 9843 9844 9845
3 9846 9847 9848
3 9849 9850 9851
3 9852 9853 9854
3 9855 9856 9857
3 9858 9859 9860
3 9861 9862 9863
3 9864 9865 9866
3 9867 9868 9869
3 9870 9871 9872
3 9873 9874 9875
3 9876 9877 9878
3 9879 9880 9881
3 9882 9883 9884
3 9885 9886 9887
3 9888 9889 9890
3 9891 9892 9893
3 9894 9895 9896
3 9897 9898 9899
3 9900 9901 9902
3 9903 9904 9905
3 9906 9907 9908
3 9909 9910 9911
3 9912 9913 9914
3 9915 9916 9917
3 9918 9919 9920
3 9921 9922 9923
3 9924 9925 9926
3 9927 9928 9929
3 9930 9931 9932
3 9933 9934 9935
3 9936 9937 9938
3 9939 9940 9941
3 9942 9943 9944
3 9945 9946 9947
3 9948 9949 9950
3 9951 9952 9953
3 9954 9955 9956
3 9957 9958 9959
3 9960 9961 9962
3 9963 9964 9965
3 9966 9967 9968
3 9969 9970 9971
3 9972 9973 9974
3 9975 9976 9977
3 9978 9979 9980
3 9981 9982 9983
3 9984 9985 9986
3 9987 9988 9989
3 9990 9991 9992
3 9993 9994 9995
3 9996 9997 9998
3 9999 10000 10001
3 10002 10003 10004
3 10005 10006 10007
3 10008 10009 10010
3 10011 10012 10013
3 10014 10015 10016
3 10017 10018 10019
3 10020 10021 10022
3 10023 10024 10025
3 10026 10027 10028
3 10029 10030 10031
3 10032 10033 10034
3 10035 10036 10037
3 10038 10039 10040
3 10041 10042 10043
3 10044 10045 10046
3 10047 10048 10049
3 10050 10051 10052
3 10053 10054 10055
3 10056 10057 10058
3 10059 10060 10061
3 10062 10063 10064
3 10065 10066 10067
3 10068 10069 10070
3 10071 10072 10073
3 10074 10075 10076
3 10077 10078 10079
3 10080 10081 10082
3 10083 10084 10085
3 10086 10087 10088
3 10089 10090 10091
3 10092 10093 10094
3 10095 10096 10097
3 10098 10099 10100
3 10101 10102 10103
3 10104 10105 10106
3 10107 10108 10109
3 10110 10111 10112
3 10113 10114 10115
3 10116 10117 10118
3 10119 10120 10121
3 10122 10123 10124
3 10125 10126 10127
3 10128 10129 10130
3 10131 10132 10133
3 10134 10135 10136
3 10137 10138 10139
3 10140 10141 10142
3 10143 10144 10145
3 10146 10147 10148
3 10149 10150 10151
3 10152 10153 10154
3 10155 10156 10157
3 10158 10159 10160
3 10161 10162 10163
3 10164 10165 10166
3 10167 10168 10169
3 10170 10171 10172
3 10173 10174 10175
3 10176 10177 10178
3 10179 10180 10181
3 10182 10183 10184
3 10185 10186 10187
3 10188 10189 10190
3 10191 10192 10193
3 10194 10195 10196
3 10197 10198 10199
3 10200 10201 10202
3 10203 10204 10205
3 10206 10207 10208
3 10209 10210 10211
3 10212 10213 10214
3 10215 10216 10217
3 10218 10219 10220
3 10221 10222 10223
3 10224 10225 10226
3 10227 10228 10229
3 10230 10231 10232
3 10233 10234 10235
3 10236 10237 10238
3 10239 10240 10241
3 10242 10243 10244
3 10245 10246 10247
3 10248 10249 10250
3 10251 10252 10253
3 10254 10255 10256
3 10257 10258 10259
3 10260 10261 10262
3 10263 10264 10265
3 10266 10267 10268
3 10269 10270 10271
3 10272 10273 10274
3 10275 10276 10277
3 10278 10279 10280
3 10281 10282 10283
3 10284 10285 10286
3 10287 10288 10289
3 10290 10291 10292
3 10293 10294 10295
3 10296 10297 10298
3 10299 10300 10301
3 10302 10303 10304
3 10305 10306 10307
3 10308 10309 10310
3 10311 10312 10313
3 10314 10315 10316
3 10317 10318 10319
3 10320 10321 10322
3 10323 10324 10325
3 10326 10327 10328
3 10329 10330 10331
3 10332 10333 10334
3 10335 10336 10337
3 10338 10339 10340
3 10341 10342 10343
3 10344 10345 10346
3 10347 10348 10349
3 10350 10351 10352
3 10353 10354 10355
3 10356 10357 10358
3 10359 10360 10361
3 10362 10363 10364
3 10365 10366 10367
3 10368 10369 10370
3 10371 10372 10373
3 10374 10375 10376
3 10377 10378 10379
3 10380 10381 10382
3 10383 10384 10385
3 10386 10387 10388
3 10389 10390 10391
3 10392 10393 10394
3 10395 10396 10397
3 10398 10399 10400
3 10401 10402 10403
3 10404 10405 10406
3 10407 10408 10409
3 10410 10411 10412
3 10413 10414 10415
3 10416 10417 10418
3 10419 10420 10421
3 10422 10423 10424
3 10425 10426 10427
3 10428 10429 10430
3 10431 10432 10433
3 10434 10435 10436
3 10437 10438 10439
3 10440 10441 10442
3 10443 10444 10445
3 10446 10447 10448
3 10449 10450 10451
3 10452 10453 10454
3 10455 10456 10457
3 10458 10459 10460
3 10461 10462 10463
3 10464 10465 10466
3 10467 10468 10469
3 10470 10471 10472
3 10473 10474 10475
3 10476 10477 10478
3 10479 10480 10481
3 10482 10483 10484
3 10485 10486 10487
3 10488 10489 10490
3 10491 10492 10493
3 10494 10495 10496
3 10497 10498 10499
3 10500 10501 10502
3 10503 10504 10505
3 10506 10507 10508
3 10509 10510 10511
3 10512 10513 10514
3 10515 10516 10517
3 10518 10519 10520
3 10521 10522 10523
3 10524 10525 10526
3 10527 10528 10529
3 10530 10531 10532
3 10533 10534 10535
3 10536 10537 10538
3 10539 10540 10541
3 10542 10543 10544
3 10545 10546 10547
3 10548 10549 10550
3 10551 10552 10553
3 10554 10555 10556
3 10557 10558 10559
3 10560 10561 10562
3 10563 10564 10565
3 10566 10567 10568
3 10569 10570 10571
3 10572 10573 10574
3 10575 10576 10577
3 10578 10579 10580
3 10581 10582 10583
3 10584 10585 10586
3 10587 10588 10589
3 10590 10591 10592
3 10593 10594 10595
3 10596 10597 10598
3 10599 10600 10601
3 10602 10603 10604
3 10605 10606 10607
3 10608 10609 10610
3 10611 10612 10613
3 10614 10615 10616
3 10617 10618 10619
3 10620 10621 10622
3 10623 10624 10625
3 10626 10627 10628
3 10629 10630 10631
3 10632 10633 10634
3 10635 10636 10637
3 10638 10639 10640
3 10641 10642 10643
3 10644 10645 10646
3 10647 10648 10649
3 10650 10651 10652
3 10653 10654 10655
3 10656 10657 10658
3 10659 10660 10661
3 10662 10663 10664
3 10665 10666 10667
3 10668 10669 10670
3 10671 10672 10673
3 10674 10675 10676
3 10677 10678 10679
3 10680 10681 10682
3 10683 10684 10685
3 10686 10687 10688
3 10689 10690 10691
3 10692 10693 10694
3 10695 10696 10697
3 10698 10699 10700
3 10701 10702 10703
3 10704 10705 10706
3 10707 10708 10709
3 10710 10711 10712
3 10713 10714 10715
3 10716 10717 10718
3 10719 10720 10721
3 10722 10723 10724
3 10725 10726 10727
3 10728 10729 10730
3 10731 10732 10733
3 10734 10735 10736
3 10737 10738 10739
3 10740 10741 10742
3 10743 10744 10745
3 10746 10747 10748
3 10749 10750 10751
3 10752 10753 10754
3 10755 10756 10757
3 10758 10759 10760
3 10761 10762 10763
3 10764 10765 10766
3 10767 10768 10769
3 10770 10771 10772
3 10773 10774 10775
3 10776 10777 10778
3 10779 10780 10781
3 10782 10783 10784
3 10785 10786 10787
3 10788 10789 10790
3 10791 10792 10793
3 10794 10795 10796
3 10797 10798 10799
3 10800 10801 10802
3 10803 10804 10805
3 10806 10807 10808
3 10809 10810 10811
3 10812 10813 10814
3 10815 10816 10817
3 10818 10819 10820
3 10821 10822 10823
3 10824 10825 10826
3 10827 10828 10829
3 10830 10831 10832
3 10833 10834 10835
3 10836 10837 10838
3 10839 10840 10841
3 10842 10843 10844
3 10845 10846 10847
3 10848 10849 10850
3 10851 10852 10853
3 10854 10855 10856
3 10857 10858 10859
3 10860 10861 10862
3 10863 10864 10865
3 10866 10867 10868
3 10869 10870 10871
3 10872 10873 10874
3 10875 10876 10877
3 10878 10879 10880
3 10881 10882 10883
3 10884 10885 10886
3 10887 10888 10889
3 10890 10891 10892
3 10893 10894 10895
3 10896 10897 10898
3 10899 10900 10901
3 10902 10903 10904
3 10905 10906 10907
3 10908 10909 10910
3 10911 10912 10913
3 10914 10915 10916
3 10917 10918 10919
3 10920 10921 10922
3 10923 10924 10925
3 10926 10927 10928
3 10929 10930 10931
3 10932 10933 10934
3 10935 10936 10937
3 10938 10939 10940
3 10941 10942 10943
3 10944 10945 10946
3 10947 10948 10949
3 10950 10951 10952
3 10953 10954 10955
3 10956 10957 10958
3 10959 10960 10961
3 10962 10963 10964
3 10965 10966 10967
3 10968 10969 10970
3 10971 10972 10973
3 10974 10975 10976
3 10977 10978 10979
3 10980 10981 10982
3 10983 10984 10985
3 10986 10987 10988
3 10989 10990 10991
3 10992 10993 10994
3 10995 10996 10997
3 10998 10999 11000
3 11001 11002 11003
3 11004 11005 11006
3 11007 11008 11009
3 11010 11011 11012
3 11013 11014 11015
3 11016 11017 11018
3 11019 11020 11021
3 11022 11023 11024
3 11025 11026 11027
3 11028 11029 11030
3 11031 11032 11033
3 11034 11035 11036
3 11037 11038 11039
3 11040 11041 11042
3 11043 11044 11045
3 11046 11047 11048
3 11049 11050 11051
3 11052 11053 11054
3 11055 11056 11057
3 11058 11059 11060
3 11061 11062 11063
3 11064 11065 11066
3 11067 11068 11069
3 11070 11071 11072
3 11073 11074 11075
3 11076 11077 11078
3 11079 11080 11081
3 11082 11083 11084
3 11085 11086 11087
3 11088 11089 11090
3 11091 11092 11093
3 11094 11095 11096
3 11097 11098 11099
3 11100 11101 11102
3 11103 11104 11105
3 11106 11107 11108
3 11109 11110 11111
3 11112 11113 11114
3 11115 11116 11117
3 11118 11119 11120
3 11121 11122 11123
3 11124 11125 11126
3 11127 11128 11129
3 11130 11131 11132
3 11133 11134 11135
3 11136 11137 11138
3 11139 11140 11141
3 11142 11143 11144
3 11145 11146 11147
3 11148 11149 11150
3 11151 11152 11153
3 11154 11155 11156
3 11157 11158 11159
3 11160 11161 11162
3 11163 11164 11165
3 11166 11167 11168
3 11169 11170 11171
3 11172 11173 11174
3 11175 11176 11177
3 11178 11179 11180
3 11181 11182 11183
3 11184 11185 11186
3 11187 11188 11189
3 11190 11191 11192
3 11193 11194 11195
3 11196 11197 11198
3 11199 11200 11201
3 11202 11203 11204
3 11205 11206 11207
3 11208 11209 11210
3 11211 11212 11213
3 11214 11215 11216
3 11217 11218 11219
3 11220 11221 11222
3 11223 11224 11225
3 11226 11227 11228
3 11229 11230 11231
3 11232 11233 11234
3 11235 11236 11237
3 11238 11239 11240
3 11241 11242 11243
3 11244 11245 11246
3 11247 11248 11249
3 11250 11251 11252
3 11253 11254 11255
3 11256 11257 11258
3 11259 11260 11261
3 11262 11263 11264
3 11265 11266 11267
3 11268 11269 11270
3 11271 11272 11273
3 11274 11275 11276
3 11277 11278 11279
3 11280 11281 11282
3 11283 11284 11285
3 11286 11287 11288
3 11289 11290 11291
3 11292 11293 11294
3 11295 11296 11297
3 11298 11299 11300
3 11301 11302 11303
3 11304 11305 11306
3 11307 11308 11309
3 11310 11311 11312
3 11313 11314 11315
3 11316 11317 11318
3 11319 11320 11321
3 11322 11323 11324
3 11325 11326 11327
3 11328 11329 11330
3 11331 11332 11333
3 11334 11335 11336
3 11337 11338 11339
3 11340 11341 11342
3 11343 11344 11345
3 11346 11347 11348
3 11349 11350 11351
3 11352 11353 11354
3 11355 11356 11357
3 11358 11359 11360
3 11361 11362 11363
3 11364 11365 11366
3 11367 11368 11369
3 11370 11371 11372
3 11373 11374 11375
3 11376 11377 11378
3 11379 11380 11381
3 11382 11383 11384
3 11385 11386 11387
3 11388 11389 11390
3 11391 11392 11393
3 11394 11395 11396
3 11397 11398 11399
3 11400 11401 11402
3 11403 11404 11405
3 11406 11407 11408
3 11409 11410 11411
3 11412 11413 11414
3 11415 11416 11417
3 11418 11419 11420
3 11421 11422 11423
3 11424 11425 11426
3 11427 11428 11429
3 11430 11431 11432
3 11433 11434 11435
3 11436 11437 11438
3 11439 11440 11441
3 11442 11443 11444
3 11445 11446 11447
3 11448 11449 11450
3 11451 11452 11453
3 11454 11455 11456
3 11457 11458 11459
3 11460 11461 11462
3 11463 11464 11465
3 11466 11467 11468
3 11469 11470 11471
3 11472 11473 11474
3 11475 11476 11477
3 11478 11479 11480
3 11481 11482 11483
3 11484 11485 11486
3 11487 11488 11489
3 11490 11491 11492
3 11493 11494 11495
3 11496 11497 11498
3 11499 11500 11501
3 11502 11503 11504
3 11505 11506 11507
3 11508 11509 11510
3 11511 11512 11513
3 11514 11515 11516
3 11517 11518 11519
3 11520 11521 11522
3 11523 11524 11525
3 11526 11527 11528
3 11529 11530 11531
3 11532 11533 11534
3 11535 11536 11537
3 11538 11539 11540
3 11541 11542 11543
3 11544 11545 11546
3 11547 11548 11549
3 11550 11551 11552
3 11553 11554 11555
3 11556 11557 11558
3 11559 11560 11561
3 11562 11563 11564
3 11565 11566 11567
3 11568 11569 11570
3 11571 11572 11573
3 11574 11575 11576
3 11577 11578 11579
3 11580 11581 11582
3 11583 11584 11585
3 11586 11587 11588
3 11589 11590 11591
3 11592 11593 11594
3 11595 11596 11597
3 11598 11599 11600
3 11601 11602 11603
3 11604 11605 11606
3 11607 11608 11609
3 11610 11611 11612
3 11613 11614 11615
3 11616 11617 11618
3 11619 11620 11621
3 11622 11623 11624
3 11625 11626 11627
3 11628 11629 11630
3 11631 11632 11633
3 11634 11635 11636
3 11637 11638 11639
3 11640 11641 11642
3 11643 11644 11645
3 11646 11647 11648
3 11649 11650 11651
CELL_TYPES 3884
5
5
5
5
5
5
5
5
5
5
5
5
5
5
5
5
5
5
5
5
5
5
5
5
5
5
5
5
5
5
5
5
5
5
5
5
5
5
5
5
5
5
5
5
5
5
5
5
5
5
5
5
5
5
5
5
5
5
5
5
5
5
5
5
5
5
5
5
5
5
5
5
5
5
5
5
5
5
5
5
5
5
5
5
5
5
5
5
5
5
5
5
5
5
5
5
5
5
5
5
5
5
5
5
5
5
5
5
5
5
5
5
5
5
5
5
5
5
5
5
5
5
5
5
5
5
5
5
5
5
5
5
5
5
5
5
5
5
5
5
5
5
5
5
5
5
5
5
5
5
5
5
5
5
5
5
5
5
5
5
5
5
5
5
5
5
5
5
5
5
5
5
5
5
5
5
5
5
5
5
5
5
5
5
5
5
5
5
5
5
5
5
5
5
5
5
5
5
5
5
5
5
5
5
5
5
5
5
5
5
5
5
5
5
5
5
5
5
5
5
5
5
5
5
5
5
5
5
5
5
5
5
5
5
5
5
5
5
5
5
5
5
5
5
5
5
5
5
5
5
5
5
5
5
5
5
5
5
5
5
5
5
5
5
5
5
5
5
5
5
5
5
5
5
5
5
5
5
5
5
5
5
5
5
5
5
5
5
5
5
5
5
5
5
5
5
5
5
5
5
5
5
5
5
5
5
5
5
5
5
5
5
5
5
5
5
5
5
5
5
5
5
5
5
5
5
5
5
5
5
5
5
5
5
5
5
5
5
5
5
5
5
5
5
5
5
5
5
5
5
5
5
5
5
5
5
5
5
5
5
5
5
5
5
5
5
5
5
5
5
5
5
5
5
5
5
5
5
5
5
5
5
5
5
5
5
5
5
5
5
5
5
5
5
5
5
5
5
5
5
5
5
5
5
5
5
5
5
5
5
5
5
5
5
5
5
5
5
5
5
5
5
5
5
5
5
5
5
5
5
5
5
5
5
5
5
5
5
5
5
5
5
5
5
5
5
5
5
5
5
5
5
5
5
5
5
5
5
5
5
5
5
5
5
5
5
5
5
5
5
5
5
5
5
5
5
5
5
5
5
5
5
5
5
5
5
5
5
5
5
5
5
5
5
5
5
5
5
5
5
5
5
5
5
5
5
5
5
5
5
5
5
5
5
5
5
5
5
5
5
5
5
5
5
5
5
5
5
5
5
5
5
5
5
5
5
5
5
5
5
5
5
5
5
5
5
5
5
5
5
5
5
5
5
5
5
5
5
5
5
5
5
5
5
5
5
5
5
5
5
5
5
5
5
5
5
5
5
5
5
5
5
5
5
5
5
5
5
5
5
5
5
5
5
5
5
5
5
5
5
5
5
5
5
5
5
5
5
5
5
5
5
5
5
5
5
5
5
5
5
5
5
5
5
5
5
5
5
5
5
5
5
5
5
5
5
5
5
5
5
5
5
5
5
5
5
5
5
5
5
5
5
5
5
5
5
5
5
5
5
5
5
5
5
5
5
5
5
5
5
5
5
5
5
5
5
5
5
5
5
5
5
5
5
5
5
5
5
5
5
5
5
5
5
5
5
5
5
5
5
5
5
5
5
5
5
5
5
5
5
5
5
5
5
5
5
5
5
5
5
5
5
5
5
5
5
5
5
5
5
5
5
5
5
5
5
5
5
5
5
5
5
5
5
5
5
5
5
5
5
5
5
5
5
5
5
5
5
5
5
5
5
5
5
5
5
5
5
5
5
5
5
5
5
5
5
5
5
5
5
5
5
5
5
5
5
5
5
5
5
5
5
5
5
5
5
5
5
5
5
5
5
5
5
5
5
5
5
5
5
5
5
5
5
5
5
5
5
5
5
5
5
5
5
5
5
5
5
5
5
5
5
5
5
5
5
5
5
5
5
5
5
5
5
5
5
5
5
5
5
5
5
5
5
5
5
5
5
5
5
5
5
5
5
5
5
5
5
5
5
5
5
5
5
5
5
5
5
5
5
5
5
5
5
5
5
5
5
5
5
5
5
5
5
5
5
5
5
5
5
5
5
5
5
5
5
5
5
5
5
5
5
5
5
5
5
5
5
5
5
5
5
5
5
5
5
5
5
5
5
5
5
5
5
5
5
5
5
5
5
5
5
5
5
5
5
5
5
5
5
5
5
5
5
5
5
5
5
5
5
5
5
5
5
5
5
5
5
5
5
5
5
5
5
5
5
5
5
5
5
5
5
5
5
5
5
5
5
5
5
5
5
5
5
5
5
5
5
5
5
5
5
5
5
5
5
5
5
5
5
5
5
5
5
5
5
5
5
5
5
5
5
5
5
5
5
5
5
5
5
5
5
5
5
5
5
5
5
5
5
5
5
5
5
5
5
5
5
5
5
5
5
5
5
5
5
5
5
5
5
5
5
5
5
5
5
5
5
5
5
5
5
5
5
5
5
5
5
5
5
5
5
5
5
5
5
5
5
5
5
5
5
5
5
5
5
5
5
5
5
5
5
5
5
5
5
5
5
5
5
5
5
5
5
5
5
5
5
5
5
5
5
5
5
5
5
5
5
5
5
5
5
5
5
5
5
5
5
5
5
5
5
5
5
5
5
5
5
5
5
5
5
5
5
5
5
5
5
5
5
5
5
5
5
5
5
5
5
5
5
5
5
5
5
5
5
5
5
5
5
5
5
5
5
5
5
5
5
5
5
5
5
5
5
5
5
5
5
5
5
5
5
5
5
5
5
5
5
5
5
5
5
5
5
5
5
5
5
5
5
5
5
5
5
5
5
5
5
5
5
5
5
5
5
5
5
5
5
5
5
5
5
5
5
5
5
5
5
5
5
5
5
5
5
5
5
5
5
5
5
5
5
5
5
5
5
5
5
5
5
5
5
5
5
5
5
5
5
5
5
5
5
5
5
5
5
5
5
5
5
5
5
5
5
5
5
5
5
5
5
5
5
5
5
5
5
5
5
5
5
5
5
5
5
5
5
5
5
5
5
5
5
5
5
5
5
5
5
5
5
5
5
5
5
5
5
5
5
5
5
5
5
5
5
5
5
5
5
5
5
5
5
5
5
5
5
5
5
5
5
5
5
5
5
5
5
5
5
5
5
5
5
5
5
5
5
5
5
5
5
5
5
5
5
5
5
5
5
5
5
5
5
5
5
5
5
5
5
5
5
5
5
5
5
5
5
5
5
5
5
5
5
5
5
5
5
5
5
5
5
5
5
5
5
5
5
5
5
5
5
5
5
5
5
5
5
5
5
5
5
5
5
5
5
5
5
5
5
5
5
5
5
5
5
5
5
5
5
5
5
5
5
5
5
5
5
5
5
5
5
5
5
5
5
5
5
5
5
5
5
5
5
5
5
5
5
5
5
5
5
5
5
5
5
5
5
5
5
5
5
5
5
5
5
5
5
5
5
5
5
5
5
5
5
5
5
5
5
5
5
5
5
5
5
5
5
5
5
5
5
5
5
5
5
5
5
5
5
5
5
5
5
5
5
5
5
5
5
5
5
5
5
5
5
5
5
5
5
5
5
5
5
5
5
5
5
5
5
5
5
5
5
5
5
5
5
5
5
5
5
5
5
5
5
5
5
5
5
5
5
5
5
5
5
5
5
5
5
5
5
5
5
5
5
5
5
5
5
5
5
5
5
5
5
5
5
5
5
5
5
5
5
5
5
5
5
5
5
5
5
5
5
5
5
5
5
5
5
5
5
5
5
5
5
5
5
5
5
5
5
5
5
5
5
5
5
5
5
5
5
5
5
5
5
5
5
5
5
5
5
5
5
5
5
5
5
5
5
5
5
5
5
5
5
5
5
5
5
5
5
5
5
5
5
5
5
5
5
5
5
5
5
5
5
5
5
5
5
5
5
5
5
5
5
5
5
5
5
5
5
5
5
5
5
5
5
5
5
5
5
5
5
5
5
5
5
5
5
5
5
5
5
5
5
5
5
5
5
5
5
5
5
5
5
5
5
5
5
5
5
5
5
5
5
5
5
5
5
5
5
5
5
5
5
5
5
5
5
5
5
5
5
5
5
5
5
5
5
5
5
5
5
5
5
5
5
5
5
5
5
5
5
5
5
5
5
5
5
5
5
5
5
5
5
5
5
5
5
5
5
5
5
5
5
5
5
5
5
5
5
5
5
5
5
5
5
5
5
5
5
5
5
5
5
5
5
5
5
5
5
5
5
5
5
5
5
5
5
5
5
5
5
5
5
5
5
5
5
5
5
5
5
5
5
5
5
5
5
5
5
5
5
5
5
5
5
5
5
5
5
5
5
5
5
5
5
5
5
5
5
5
5
5
5
5
5
5
5
5
5
5
5
5
5
5
5
5
5
5
5
5
5
5
5
5
5
5
5
5
5
5
5
5
5
5
5
5
5
5
5
5
5
5
5
5
5
5
5
5
5
5
5
5
5
5
5
5
5
5
5
5
5
5
5
5
5
5
5
5
5
5
5
5
5
5
5
5
5
5
5
5
5
5
5
5
5
5
5
5
5
5
5
5
5
5
5
5
5
5
5
5
5
5
5
5
5
5
5
5
5
5
5
5
5
5
5
5
5
5
5
5
5
5
5
5
5
5
5
5
5
5
5
5
5
5
5
5
5
5
5
5
5
5
5
5
5
5
5
5
5
5
5
5
5
5
5
5
5
5
5
5
5
5
5
5
5
5
5
5
5
5
5
5
5
5
5
5
5
5
5
5
5
5
5
5
5
5
5
5
5
5
5
5
5
5
5
5
5
5
5
5
5
5
5
5
5
5
5
5
5
5
5
5
5
5
5
5
5
5
5
5
5
5
5
5
5
5
5
5
5
5
5
5
5
5
5
5
5
5
5
5
5
5
5
5
5
5
5
5
5
5
5
5
5
5
5
5
5
5
5
5
5
5
5
5
5
5
5
5
5
5
5
5
5
5
5
5
5
5
5
5
5
5
5
5
5
5
5
5
5
5
5
5
5
5
5
5
5
5
5
5
5
5
5
5
5
5
5
5
5
5
5
5
5
5
5
5
5
5
5
5
5
5
5
5
5
5
5
5
5
5
5
5
5
5
5
5
5
5
5
5
5
5
5
5
5
5
5
5
5
5
5
5
5
5
5
5
5
5
5
5
5
5
5
5
5
5
5
5
5
5
5
5
5
5
5
5
5
5
5
5
5
5
5
5
5
5
5
5
5
5
5
5
5
5
5
5
5
5
5
5
5
5
5
5
5
5
5
5
5
5
5
5
5
5
5
5
5
5
5
5
5
5
5
5
5
5
5
5
5
5
5
5
5
5
5
5
5
5
5
5
5
5
5
5
5
5
5
5
5
5
5
5
5
5
5
5
5
5
5
5
5
5
5
5
5
5
5
5
5
5
5
5
5
5
5
5
5
5
5
5
5
5
5
5
5
5
5
5
5
5
5
5
5
5
5
5
5
5
5
5
5
5
5
5
5
5
5
5
5
5
5
5
5
5
5
5
5
5
5
5
5
5
5
5
5
5
5
5
5
5
5
5
5
5
5
5
5
5
5
5
5
5
5
5
5
5
5
5
5
5
5
5
5
5
5
5
5
5
5
5
5
5
5
5
5
5
5
5
5
5
5
5
5
5
5
5
5
5
5
5
5
5
5
5
5
5
5
5
5
5
5
5
5
5
5
5
5
5
5
5
5
5
5
5
5
5
5
5
5
5
5
5
5
5
5
5
5
5
5
5
5
5
5
5
5
5
5
5
5
5
5
5
5
5
5
5
5
5
5
5
5
5
5
5
5
5
5
5
5
5
5
5
5
5
5
5
5
5
5
5
5
5
5
5
5
5
5
5
5
5
5
5
5
5
5
5
5
5
5
5
5
5
5
5
5
5
5
5
5
5
5
5
5
5
5
5
5
5
5
5
5
5
5
5
5
5
5
5
5
5
5
5
5
5
5
5
5
5
5
5
5
5
5
5
5
5
5
5
5
5
5
5
5
5
5
5
5
5
5
5
5
5
5
5
5
5
5
5
5
5
5
5
5
5
5
5
5
5
5
5
5
5
5
5
5
5
5
5
5
5
5
5
5
5
5
5
5
5
5
5
5
5
5
5
5
5
5
5
5
5
5
5
5
5
5
5
5
5
5
5
5
5
5
5
5
5
5
5
5
5
5
5
5
5
5
5
5
5
5
5
5
5
5
5
5
5
5
5
5
5
5
5
5
5
5
5
5
5
5
5
5
5
5
5
5
5
5
5
5
5
5
5
5
5
5
5
5
5
5
5
5
5
5
5
5
5
5
5
5
5
5
5
5
5
5
5
5
5
5
5
5
5
5
5
5
5
5
5
5
5
5
5
5
5
5
5
5
5
5
5
5
5
5
5
5
5
5
5
5
5
5
5
5
5
5
5
5
5
5
5
5
5
5
5
5
5
5
5
5
5
5
5
5
5
5
5
5
5
5
5
5
5
5
5
5
5
5
5
5
5
5
5
5
5
5
5
5
5
5
5
5
5
5
5
5
5
5
5
5
5
5
5
5
5
5
5
5
5
5
5
5
5
5
5
5
5
5
5
5
5
5
5
5
5
5
5
5
5
5
5
5
5
5
5
5
5
5
5
5
5
5
5
5
5
5
5
5
5
5
5
5
5
5
5
5
5
5
5
5
5
5
5
5
5
5
5
5
5
5
5
5
5
5
5
5
5
5
5
5
5
5
5
5
5
5
5
5
5
5
5
5
5
5
5
5
5
5
5
5
5
5
5
5
5
5
5
5
5
5
5
5
5
5
5
5
5
5
5
5
5
5
5
5
5
5
5
5
5
5
5
5
5
5
5
5
5
5
5
5
5
5
5
5
5
5
5
5
5
5
5
5
5
5
5
5
5
5
5
5
5
5
5
5
5
5
5
5
5
5
5
5
5
5
5
5
5
5
5
5
5
5
5
5
5
5
5
5
5
5
5
5
5
5
5
5
5
5
5
5
5
5
5
5
5
5
5
5
5
5
5
5
5
5
5
5
5
5
5
5
5
5
5
5
5
5
5
5
5
5
5
5
5
5
5
5
5
5
5
5
5
5
5
5
5
5
5
5
5
5
5
5
5
5
5
5
5
5
5
5
5
5
5
5
5
5
5
5
5
5
5
5
5
5
5
5
5
5
5
5
5
5
5
5
5
5
5
5
5
5
5
5
5
5
5
5
5
5
5
5
5
5
5
5
5
5
5
5
5
5
5
5
5
5
5
5
5
5
5
5
5
5
5
5
5
5
5
5
5
5
5
5
5
5
5
5
5
5
5
5
5
5
5
5
5
5
5
5
5
5
5
5
5
5
5
5
5
5
5
5
5
5
5
5
5
5
5
5
5
5
5
5
5
5
5
5
5
5
5
5
5
5
5
5
5
5
5
5
5
5
5
5
5
5
5
5
5
5
5
5
5
5
5
5
5
5
5
5
5
5
5
5
5
5
5
5
5
5
5
5
5
5
5
5
5
5
5
5
5
5
5
5
5
5
5
5
5
5
5
5
5
5
5
5
5
5
5
5
5
5
5
5
5
5
5
5
5
5
5
5
5
5
5
5
5
5
5
5
5
5
5
5
5
5
5
5
5
5
5
5
5
5
5
5
5
5
5
5
5
5
5
5
5
5
5
5
5
5
5
5
5
5
5
5
5
5
5
5
5
5
5
5
5
5
5
5
5
5
5
5
5
5
5
5
5
5
5
5
5
5
5
5
5
5
5
5
5
5
5
5
5
5
5
5
5
5
5
5
5
5
5
5
5
5
5
5
5
5
5
5
5
5
5
5
5
5
5
5
5
5
5
5
5
5
5
5
5
5
5
5
5
5
5
5
5
5
5
5
5
5
5
5
5
5
5
5
5
5
5
5
5
5
5
5
5
5
5
5
5
5
5
5
5
5
5
5
5
5
5
5
5
5
5
5
5
5
5
5
5
5
5
5
5
5
5
5
5
5
5
5
5
5
5
5
5
5
5
5
5
5
5
5
5
5
5
5
5
5
5
5
5
5
5
5
5
5
5
5
5
5
5
5
5
5
5
5
5
5
5
5
5
5
5
5
5
5
5
5
5
5
5
5
5
5
5
5
5
5
5
5
5
5
5
5
5
5
5
5
5
5
5
5
5
5
5
5
5
5
5
5
5
5
5
5
5
5
5
5
5
5
5
5
5
5
5
5
5
5
5
5
5
5
5
5
5
5
5
5
5
5
5
5
5
5
5
5
5
5
5
5
5
5
5
5
5
5
5
5
5
5
5
5
5
5
5
5
5
5
5
5
5
5
5
5
5
5
5
5
5
5
5
5
5
5
5
5
5
5
5
5
5
5
5
5
5
5
5
5
5
5
5
5
5
5
5
5
5
5
5
5
5
5
5
5
5
5
5
5
5
5
5
5
5
5
5
5
5
5
5
5
5
5
5
5
5
5
5
5
5
5
5
5
5
5
5
5
5
5
5
5
5
5
5
5
5
5
5
5
5
5
5
5
5
5
5
5
5
5
5
5
5
5
5
5
5
5
5
5
5
5
5
5
5
5
5
5
5
5
5
5
5
5
5
5
5
5
5
5
5
5
5
5
5
5
5
5
5
5
5
5
5
5
5
5
5
5
5
5
5
5
5
5
5
5
5
5
5
5
5
5
5
5
5
5
5
5
5
5
5
5
5
5
5
5
5
5
5
5
5
5
5
5
5
5
5
5
5
5
5
5
5
5
5
5
5
5
5
5
5
5
5
5
5
5
5
5
5
5
5
5
5
5
5
5
5
5
5
5
5
5
5
5
5
5
5
5
5
5
5
5
5
5
5
5
