# vtk DataFile Version 2.0
Piece deformee
ASCII
DATASET UNSTRUCTURED_GRID
POINTS 11652 float
0.161286 -0.0145407 0
0.162001 -8.79257e-05 0
0.149619 -0.0117391 0
0.299005 0.0235514 0
0.277115 0.0218082 0
0.29992 0.000151683 0
0.148237 -0.023442 0
0.160013 -0.0253228 0
0.161274 -0.0146642 0
0.277098 -0.0202114 0
0.274695 -0.0417436 0
0.29892 -0.0236852 0
0.277891 -6.71136e-05 0
0.277112 -0.0199931 0
0.29985 -6.71183e-05 0
0.277044 0.0217295 0
0.277891 7.28966e-05 0
0.299849 7.2945e-05 0
0.276899 0.0217857 0
0.256729 0.0168397 0
0.277747 0.000129182 0
0.256651 0.0169631 0
0.276822 0.0219091 0
0.25456 0.0369032 0
0.238261 4.62374e-05 0
0.257122 4.62498e-05 0
0.237724 0.0137813 0
0.220676 4.62296e-05 0
0.238139 4.62373e-05 0
0.237601 0.0137812 0
0.237723 -0.0137811 0
0.257122 -4.62759e-05 0
0.238261 -4.62548e-05 0
0.256729 -0.0168338 0
0.276967 -0.0200493 0
0.277747 -0.0001234 0
0.183852 -0.0442563 0
0.17986 -0.0584163 0
0.198425 -0.0477782 0
0.245716 -0.0764746 0
0.26465 -0.0843657 0
0.270044 -0.0651828 0
0.170287 -0.0408759 0
0.183781 -0.0441372 0
0.18665 -0.0297046 0
0.172907 -0.0274628 0
0.17025 -0.04082 0
0.186614 -0.0296486 0
0.188402 -0.0149465 0
0.172968 -0.027376 0
0.186674 -0.0295618 0
0.159961 -0.0253909 0
0.148185 -0.02351 0
0.14591 -0.0349462 0
0.174437 -0.0137963 0
0.161405 -0.0146386 0
0.172837 -0.0273222 0
0.161239 -0.0146189 0
0.149572 -0.0118173 0
0.148202 -0.0233967 0
0.172788 -0.0273609 0
0.161357 -0.0146773 0
0.160095 -0.025336 0
0.174401 -0.0137049 0
0.162084 -9.44673e-05 0
0.161369 -0.0145473 0
0.157636 -0.0379153 0
0.166436 -0.0540418 0
0.170132 -0.0409365 0
0.172818 -0.0274486 0
0.160125 -0.0254236 0
0.170162 -0.0408058 0
0.145872 -0.0351049 0
0.142707 -0.0463273 0
0.154043 -0.0500393 0
0.150344 -0.0601902 0
0.154058 -0.0501235 0
0.142722 -0.0464114 0
0.141608 -0.102836 0
0.151066 -0.0881325 0
0.138212 -0.0847737 0
0.165159 -0.120107 0
0.171624 -0.109833 0
0.153033 -0.111251 0
0.171802 -0.109746 0
0.193341 -0.10577 0
0.178267 -0.0994709 0
0.189624 -0.144009 0
0.181901 -0.124761 0
0.174644 -0.134756 0
0.189719 -0.143975 0
0.20298 -0.124791 0
0.181996 -0.124727 0
0.227825 -0.0692002 0
0.213927 -0.0817522 0
0.23259 -0.0835807 0
0.174623 -0.0723623 0
0.179711 -0.0585624 0
0.163148 -0.0633707 0
0.156025 -0.07945 0
0.174543 -0.0724324 0
0.163069 -0.0634408 0
0.185463 -0.0850212 0
0.191499 -0.0703377 0
0.174737 -0.0724741 0
0.209858 -0.112501 0
0.217946 -0.095832 0
0.201236 -0.0903475 0
0.179684 -0.0585014 0
0.166486 -0.0541855 0
0.163121 -0.0633097 0
0.209663 -0.0682422 0
0.198551 -0.0478978 0
0.19166 -0.0701994 0
0.159993 -0.0254388 0
0.145942 -0.0349941 0
0.157534 -0.0377998 0
0.19156 -0.0701667 0
0.198451 -0.0478651 0
0.179886 -0.0585032 0
0.214431 -0.051482 0
0.217778 -0.0346308 0
0.201763 -0.0320765 0
0.256718 -0.0169733 0
0.274553 -0.0417211 0
0.276957 -0.0201889 0
0.231686 -0.0557221 0
0.250027 -0.0601605 0
0.234362 -0.0422443 0
0.214586 -0.0515864 0
0.231567 -0.0556934 0
0.234244 -0.0422156 0
0.227943 -0.0690355 0
0.250005 -0.0602505 0
0.231665 -0.055812 0
0.277183 -0.0200718 0
0.299005 -0.0235456 0
0.29992 -0.000145856 0
0.250219 -0.0601968 0
0.270022 -0.0649927 0
0.253473 -0.0437991 0
0.234435 -0.0422041 0
0.2501 -0.0601203 0
0.253353 -0.0437227 0
0.245667 -0.0763939 0
0.269996 -0.0651021 0
0.250193 -0.0603061 0
0.296243 -0.0470274 0
0.298984 -0.0237752 0
0.274759 -0.0418336 0
0.133702 -0.0681723 0
0.138163 -0.0846093 0
0.144319 -0.0736187 0
0.150293 -0.0602145 0
0.142671 -0.0464358 0
0.138635 -0.0573753 0
0.133703 -0.0680813 0
0.14432 -0.0735277 0
0.138585 -0.0574922 0
0.163035 -0.0632817 0
0.166401 -0.0541576 0
0.15418 -0.0501597 0
0.16651 -0.0541107 0
0.179708 -0.0584266 0
0.170206 -0.0410053 0
0.270198 -0.0651622 0
0.264804 -0.0843451 0
0.291549 -0.0703443 0
0.296204 -0.0472603 0
0.270303 -0.0650378 0
0.291654 -0.0702197 0
0.27452 -0.0419602 0
0.253554 -0.0437379 0
0.270103 -0.0649315 0
0.214564 -0.0516763 0
0.227824 -0.0690067 0
0.231546 -0.0557833 0
0.237783 -0.098602 0
0.264542 -0.0844779 0
0.245607 -0.0765868 0
0.227931 -0.0691826 0
0.232696 -0.083563 0
0.245468 -0.0764853 0
0.250052 -0.0603196 0
0.22799 -0.0691046 0
0.245526 -0.0764073 0
0.174718 -0.0723854 0
0.19148 -0.070249 0
0.179807 -0.0585855 0
0.193387 -0.105687 0
0.185481 -0.0852294 0
0.178313 -0.0993886 0
0.201066 -0.0901707 0
0.191587 -0.070397 0
0.185551 -0.0850805 0
0.209777 -0.112534 0
0.201154 -0.0903808 0
0.193544 -0.105748 0
0.213762 -0.0817716 0
0.209746 -0.0684222 0
0.201221 -0.0901531 0
0.217959 -0.0957291 0
0.213789 -0.0818632 0
0.201249 -0.0902447 0
0.218064 -0.0957071 0
0.232557 -0.0836696 0
0.213894 -0.0818412 0
0.214492 -0.0517181 0
0.209837 -0.0682511 0
0.227751 -0.0690485 0
0.214394 -0.051647 0
0.198627 -0.0478355 0
0.209739 -0.0681799 0
0.217887 -0.0346646 0
0.21454 -0.0515158 0
0.234198 -0.042145 0
0.256458 -0.0169063 0
0.237713 -0.0139307 0
0.236062 -0.0279224 0
0.186821 -0.0295811 0
0.201623 -0.0319414 0
0.203489 -0.0161497 0
0.174527 -0.0137972 0
0.172927 -0.0273231 0
0.188362 -0.0148936 0
0.183875 -0.04416 0
0.198448 -0.0476819 0
0.186745 -0.0297274 0
0.179766 -0.0583934 0
0.183758 -0.0442334 0
0.170264 -0.0409722 0
0.198508 -0.0476412 0
0.201606 -0.0320471 0
0.186804 -0.0296867 0
0.219774 -0.0172834 0
0.204232 -0.000111296 0
0.203608 -0.0160021 0
0.204078 -2.90857e-05 0
0.188853 0.00604076 0
0.188514 -0.0147359 0
0.186777 -0.0295239 0
0.203445 -0.0160925 0
0.188505 -0.0149086 0
0.196313 0.0559369 0
0.206812 0.0455628 0
0.21139 0.0622077 0
0.187858 0.0179159 0
0.203492 0.0161105 0
0.201625 0.0319021 0
0.219993 0.0173846 0
0.237591 0.0139475 0
0.23579 0.0324142 0
0.20178 0.0319622 0
0.219813 0.0174519 0
0.217797 0.0345168 0
0.203608 0.0160021 0
0.204232 0.000111311 0
0.219774 0.0172834 0
0.15595 -0.0796027 0
0.1512 -0.0880839 0
0.164097 -0.0934721 0
0.185389 -0.0850635 0
0.174663 -0.0725165 0
0.169477 -0.0829603 0
0.162978 -0.0633675 0
0.150409 -0.0603123 0
0.15312 -0.0696637 0
0.169378 -0.0829417 0
0.174565 -0.0724979 0
0.156046 -0.0795154 0
0.164158 -0.0934551 0
0.169344 -0.083012 0
0.156011 -0.0795857 0
0.164233 -0.0935214 0
0.178162 -0.0993407 0
0.169418 -0.0830783 0
0.154093 -0.0500109 0
0.157514 -0.0378823 0
0.145922 -0.0350765 0
0.162982 -0.0633021 0
0.154126 -0.0501802 0
0.150412 -0.0602469 0
0.166382 -0.0540725 0
0.157583 -0.037946 0
0.154162 -0.0500747 0
0.19649 -0.19677 0
0.209975 -0.182179 0
0.193405 -0.170033 0
0.204497 -0.139253 0
0.189804 -0.144122 0
0.205982 -0.154121 0
0.219247 -0.134833 0
0.204595 -0.139222 0
0.206081 -0.15409 0
0.203055 -0.12484 0
0.189795 -0.144024 0
0.204487 -0.139155 0
0.225645 -0.162178 0
0.219318 -0.13491 0
0.206151 -0.154167 0
0.209783 -0.112649 0
0.193551 -0.105863 0
0.203086 -0.124623 0
0.237573 -0.0987751 0
0.218132 -0.0958751 0
0.229201 -0.11697 0
0.193458 -0.105903 0
0.182009 -0.1246 0
0.202992 -0.124664 0
0.201147 -0.0901147 0
0.209672 -0.0683838 0
0.191668 -0.070341 0
0.229108 -0.117017 0
0.21804 -0.0959214 0
0.209952 -0.112591 0
0.213851 -0.0817011 0
0.227749 -0.0691491 0
0.209835 -0.0683517 0
0.237585 -0.0986636 0
0.232637 -0.0837261 0
0.218144 -0.0957635 0
0.237676 -0.0985992 0
0.245501 -0.076584 0
0.232729 -0.0836617 0
0.193353 -0.105854 0
0.171814 -0.10983 0
0.181904 -0.12455 0
0.174642 -0.134857 0
0.181137 -0.154877 0
0.189621 -0.14411 0
0.274663 -0.0419717 0
0.270246 -0.064943 0
0.296147 -0.0471656 0
0.185401 -0.0851534 0
0.169489 -0.0830502 0
0.178233 -0.0993126 0
0.28527 -0.0929616 0
0.2916 -0.0704374 0
0.264855 -0.0844384 0
0.153057 -0.0696979 0
0.150347 -0.0603464 0
0.144424 -0.0735426 0
0.155891 -0.079475 0
0.153076 -0.0697621 0
0.144443 -0.0736068 0
0.155953 -0.0794409 0
0.162997 -0.0634317 0
0.153138 -0.0697279 0
0.256794 -0.106542 0
0.285153 -0.0930829 0
0.264738 -0.0845596 0
0.138108 -0.0846252 0
0.133647 -0.0681882 0
0.127949 -0.0783616 0
0.264579 -0.0845785 0
0.23782 -0.0987025 0
0.256635 -0.106561 0
0.121407 -0.0881589 0
0.131045 -0.0951996 0
0.127885 -0.0784638 0
0.25655 -0.106763 0
0.229363 -0.117099 0
0.247509 -0.12642 0
0.285194 -0.0931854 0
0.256835 -0.106645 0
0.277123 -0.115134 0
0.237702 -0.0988114 0
0.22933 -0.117007 0
0.256517 -0.10667 0
0.256775 -0.10679 0
0.267299 -0.136517 0
0.277063 -0.115279 0
0.114142 -0.0973792 0
0.130999 -0.0952631 0
0.121361 -0.0882223 0
0.129077 -0.137952 0
0.110677 -0.135618 0
0.117985 -0.147556 0
0.129087 -0.137882 0
0.120869 -0.126552 0
0.110687 -0.135547 0
0.165074 -0.120223 0
0.143853 -0.122904 0
0.155252 -0.132686 0
0.152825 -0.111207 0
0.141598 -0.103009 0
0.133177 -0.113691 0
0.113185 -0.115953 0
0.103844 -0.124388 0
0.120793 -0.126441 0
0.131005 -0.0953201 0
0.114148 -0.0974363 0
0.123208 -0.10521 0
0.106061 -0.106125 0
0.0974986 -0.11404 0
0.113115 -0.115851 0
0.185558 -0.0851988 0
0.193463 -0.105657 0
0.201073 -0.0902891 0
0.219494 -0.134762 0
0.236859 -0.145487 0
0.24741 -0.126608 0
0.209956 -0.11272 0
0.219342 -0.13462 0
0.229113 -0.117147 0
0.203154 -0.124809 0
0.204585 -0.139124 0
0.219238 -0.134734 0
0.219421 -0.134881 0
0.225748 -0.16215 0
0.236786 -0.145606 0
0.181242 -0.154942 0
0.205904 -0.154174 0
0.189726 -0.144175 0
0.181129 -0.155076 0
0.168566 -0.168669 0
0.193215 -0.169848 0
0.242692 -0.17679 0
0.255648 -0.157367 0
0.225889 -0.162329 0
0.247636 -0.126485 0
0.267201 -0.136555 0
0.256677 -0.106828 0
0.219468 -0.134667 0
0.247385 -0.126514 0
0.229238 -0.117193 0
0.237019 -0.145493 0
0.267135 -0.136685 0
0.24757 -0.126615 0
0.0882506 -0.121338 0
0.103682 -0.124364 0
0.0974075 -0.11412 0
0.0863309 -0.137123 0
0.102805 -0.141591 0
0.0952455 -0.131168 0
0.132165 -0.124745 0
0.141943 -0.135316 0
0.143699 -0.122928 0
0.132117 -0.124795 0
0.129229 -0.137875 0
0.141895 -0.135366 0
0.118066 -0.14768 0
0.125957 -0.160579 0
0.138032 -0.150319 0
0.14202 -0.135342 0
0.155175 -0.132737 0
0.143776 -0.122955 0
0.138123 -0.150202 0
0.141915 -0.135451 0
0.129249 -0.137961 0
0.138194 -0.15024 0
0.1505 -0.149144 0
0.141986 -0.135489 0
0.113889 -0.169474 0
0.134466 -0.174694 0
0.125931 -0.160733 0
0.150557 -0.149086 0
0.155198 -0.132824 0
0.142043 -0.13543 0
0.150628 -0.149128 0
0.163409 -0.147991 0
0.155269 -0.132867 0
0.147814 -0.163586 0
0.150519 -0.149239 0
0.138213 -0.150334 0
0.147899 -0.163579 0
0.163384 -0.148094 0
0.150604 -0.149231 0
0.126056 -0.160632 0
0.147732 -0.163625 0
0.138131 -0.150372 0
0.168569 -0.16876 0
0.181906 -0.18218 0
0.193218 -0.169939 0
0.163554 -0.14813 0
0.168467 -0.168597 0
0.181029 -0.155003 0
0.158391 -0.178085 0
0.181789 -0.182207 0
0.168452 -0.168788 0
0.13465 -0.174762 0
0.147099 -0.186759 0
0.147791 -0.163794 0
0.126044 -0.160714 0
0.134579 -0.174675 0
0.14772 -0.163706 0
0.124551 -0.182101 0
0.135955 -0.195536 0
0.134535 -0.174853 0
0.167105 -0.195861 0
0.181784 -0.182298 0
0.158387 -0.178176 0
0.18105 -0.15489 0
0.174555 -0.13487 0
0.163575 -0.148017 0
0.0952548 -0.131058 0
0.103675 -0.124421 0
0.0882434 -0.121395 0
0.134461 -0.174766 0
0.113884 -0.169545 0
0.124477 -0.182014 0
0.196303 -0.196956 0
0.167228 -0.196022 0
0.180449 -0.211605 0
0.196308 -0.196858 0
0.181912 -0.182361 0
0.167233 -0.195924 0
0.228008 -0.195434 0
0.210144 -0.182317 0
0.212178 -0.212566 0
0.210115 -0.182011 0
0.225614 -0.162337 0
0.206121 -0.154325 0
0.212073 -0.212571 0
0.210038 -0.182322 0
0.196552 -0.196913 0
0.22811 -0.195314 0
0.242548 -0.176983 0
0.210245 -0.182197 0
0.158277 -0.178023 0
0.168338 -0.168726 0
0.147941 -0.163744 0
0.24254 -0.176873 0
0.225737 -0.162412 0
0.210237 -0.182087 0
0.0829366 -0.169409 0
0.0933656 -0.164236 0
0.076005 -0.157676 0
0.0781883 -0.188601 0
0.0828739 -0.169547 0
0.0724456 -0.174722 0
0.0927088 -0.181917 0
0.0934217 -0.164317 0
0.0829927 -0.16949 0
0.174468 -0.134796 0
0.155349 -0.132818 0
0.163489 -0.147943 0
0.122984 -0.114796 0
0.133016 -0.11371 0
0.123245 -0.105329 0
0.120857 -0.126409 0
0.122909 -0.114874 0
0.113249 -0.115921 0
0.12092 -0.126438 0
0.132026 -0.124688 0
0.122972 -0.114904 0
0.118077 -0.147605 0
0.138043 -0.150243 0
0.129169 -0.138001 0
0.171705 -0.109705 0
0.17817 -0.0994301 0
0.16424 -0.0936107 0
0.152124 -0.0994561 0
0.171617 -0.109705 0
0.164153 -0.0936108 0
0.165256 -0.120152 0
0.18181 -0.124598 0
0.17172 -0.109878 0
0.143845 -0.122833 0
0.165066 -0.120151 0
0.15294 -0.111295 0
0.174563 -0.134676 0
0.181819 -0.124681 0
0.165266 -0.120235 0
0.237046 -0.145596 0
0.255767 -0.157178 0
0.267162 -0.136787 0
0.209869 -0.112746 0
0.203172 -0.12472 0
0.219255 -0.134646 0
0.22587 -0.162225 0
0.255629 -0.157263 0
0.236908 -0.145681 0
0.113201 -0.115822 0
0.123122 -0.105307 0
0.106147 -0.106096 0
0.123307 -0.10529 0
0.133078 -0.113671 0
0.141498 -0.10299 0
0.10615 -0.106035 0
0.123125 -0.105246 0
0.114065 -0.0974722 0
0.113257 -0.115851 0
0.122917 -0.114804 0
0.123178 -0.105336 0
0.1233 -0.105228 0
0.141492 -0.102928 0
0.131097 -0.0953385 0
0.132066 -0.124646 0
0.133045 -0.113775 0
0.123013 -0.114861 0
0.129158 -0.137846 0
0.132046 -0.124765 0
0.120941 -0.126515 0
0.143669 -0.122856 0
0.133115 -0.113802 0
0.132136 -0.124673 0
0.143738 -0.122811 0
0.152833 -0.111274 0
0.133184 -0.113757 0
0.174474 -0.134703 0
0.165177 -0.120262 0
0.155355 -0.132726 0
0.164084 -0.0935385 0
0.151187 -0.0881503 0
0.152056 -0.0993837 0
0.15198 -0.0994151 0
0.151112 -0.0881817 0
0.141655 -0.102885 0
0.152889 -0.11116 0
0.151986 -0.0994922 0
0.141661 -0.102962 0
0.152989 -0.111182 0
0.17158 -0.109764 0
0.152087 -0.099515 0
0.138099 -0.0847158 0
0.127941 -0.0784522 0
0.131101 -0.095188 0
0.141542 -0.10286 0
0.138145 -0.0847977 0
0.131147 -0.0952699 0
0.144376 -0.0735016 0
0.150298 -0.0603054 0
0.138641 -0.0574661 0
0.151075 -0.0880347 0
0.144377 -0.0736853 0
0.138221 -0.0846759 0
0.151134 -0.0880175 0
0.155884 -0.0795363 0
0.144436 -0.0736681 0
0.0951964 -0.1311 0
0.088185 -0.121438 0
0.0862818 -0.137055 0
0.0880882 -0.151105 0
0.102781 -0.141658 0
0.0863068 -0.13719 0
0.103766 -0.124346 0
0.113107 -0.115912 0
0.0974909 -0.114101 0
0.110516 -0.135518 0
0.10375 -0.124469 0
0.0953295 -0.131105 0
0.110602 -0.135502 0
0.120785 -0.126506 0
0.103835 -0.124453 0
0.193437 -0.169891 0
0.210007 -0.182037 0
0.206013 -0.154351 0
0.181254 -0.155028 0
0.19334 -0.1698 0
0.205916 -0.15426 0
0.181999 -0.182274 0
0.196396 -0.196771 0
0.193311 -0.170033 0
0.10284 -0.141727 0
0.088147 -0.151174 0
0.103833 -0.157777 0
0.117875 -0.147642 0
0.102939 -0.141715 0
0.103932 -0.157765 0
0.110513 -0.135575 0
0.0953267 -0.131163 0
0.102886 -0.141586 0
0.0862255 -0.137044 0
0.0881287 -0.121427 0
0.0784337 -0.127905 0
0.0681454 -0.13367 0
0.0718747 -0.145083 0
0.0783188 -0.127973 0
0.0881156 -0.151249 0
0.0934759 -0.164176 0
0.103801 -0.157852 0
0.0680755 -0.133706 0
0.0574864 -0.138587 0
0.0718048 -0.145118 0
0.103969 -0.157858 0
0.11376 -0.169374 0
0.117911 -0.147735 0
0.110589 -0.13563 0
0.102962 -0.141641 0
0.117897 -0.147568 0
0.0935266 -0.164257 0
0.103228 -0.175653 0
0.103852 -0.157934 0
0.196396 -0.197065 0
0.180541 -0.211714 0
0.194792 -0.228542 0
0.168356 -0.168626 0
0.163443 -0.148159 0
0.147958 -0.163644 0
0.164821 -0.224195 0
0.176358 -0.243151 0
0.194672 -0.228738 0
0.167122 -0.196112 0
0.164742 -0.22398 0
0.180343 -0.211696 0
0.134356 -0.219776 0
0.116916 -0.229516 0
0.126147 -0.247748 0
0.136194 -0.267616 0
0.145086 -0.237419 0
0.126247 -0.247934 0
0.148349 -0.210297 0
0.136035 -0.195779 0
0.134494 -0.219538 0
0.167015 -0.196108 0
0.148553 -0.210313 0
0.164635 -0.223976 0
0.13431 -0.21965 0
0.112507 -0.210169 0
0.11687 -0.22939 0
0.135955 -0.195756 0
0.124564 -0.203356 0
0.134414 -0.219515 0
0.135922 -0.195631 0
0.124517 -0.182196 0
0.124531 -0.203231 0
0.148495 -0.210189 0
0.166957 -0.195984 0
0.147209 -0.186985 0
0.194686 -0.228633 0
0.180435 -0.211805 0
0.164834 -0.224089 0
0.194897 -0.228545 0
0.212022 -0.212726 0
0.196501 -0.197068 0
0.0717846 -0.145172 0
0.0574662 -0.138641 0
0.0620483 -0.149659 0
0.164655 -0.224223 0
0.145348 -0.237258 0
0.176193 -0.24318 0
0.0669896 -0.161777 0
0.0542341 -0.166479 0
0.0723123 -0.174622 0
0.0758817 -0.157685 0
0.0670622 -0.161748 0
0.072385 -0.174593 0
0.0880224 -0.151248 0
0.0760221 -0.157615 0
0.0933827 -0.164175 0
0.0879504 -0.151185 0
0.071933 -0.14524 0
0.0759501 -0.157551 0
0.0620077 -0.149766 0
0.0501954 -0.154122 0
0.0669416 -0.161653 0
0.0758472 -0.157602 0
0.0620938 -0.149778 0
0.0670277 -0.161665 0
0.0862034 -0.137202 0
0.0719674 -0.145172 0
0.0879848 -0.151116 0
0.0861712 -0.137124 0
0.0783793 -0.127984 0
0.0719351 -0.145094 0
0.0573811 -0.138633 0
0.0464417 -0.142668 0
0.0619632 -0.149651 0
0.145188 -0.237447 0
0.136296 -0.267644 0
0.156643 -0.256292 0
0.14508 -0.237259 0
0.13445 -0.219802 0
0.126242 -0.247774 0
0.176166 -0.243287 0
0.145321 -0.237366 0
0.156776 -0.25621 0
0.164562 -0.224113 0
0.14848 -0.210451 0
0.145255 -0.237149 0
0.106203 -0.256972 0
0.0827939 -0.243815 0
0.0875649 -0.263804 0
0.11673 -0.229607 0
0.0985781 -0.237943 0
0.106353 -0.256838 0
0.11668 -0.229484 0
0.0913197 -0.22033 0
0.0985276 -0.237821 0
-0.0170812 -0.219914 0
-0.0047633 -0.237889 0
0.00622196 -0.220376 0
-0.0160328 -0.203565 0
-0.0317946 -0.201685 0
-0.0343289 -0.217693 0
-1.18091e-05 -0.204219 0
-0.0158691 -0.20358 0
-0.0171392 -0.219745 0
0.0160282 -0.203612 0
0.000173424 -0.20422 0
0.00634922 -0.220209 0
0.0160568 -0.203456 0
0.0148706 -0.188506 0
0.000191137 -0.189074 0
-0.0294262 -0.186641 0
-0.0148328 -0.188377 0
-0.0272756 -0.172944 0
-0.0343348 -0.217861 0
-0.0322995 -0.235679 0
-0.017309 -0.219898 0
0.032121 -0.201617 0
0.047679 -0.198539 0
0.0441713 -0.183944 0
0.0690048 -0.227896 0
0.0768046 -0.215741 0
0.0622937 -0.211613 0
0.06211 -0.149723 0
0.0758634 -0.157546 0
0.0718463 -0.145235 0
0.0253317 -0.159967 0
0.0234326 -0.148197 0
0.0118533 -0.149568 0
0.10651 -0.256999 0
0.136064 -0.267682 0
0.126118 -0.248 0
0.0360501 -0.157877 0
0.050002 -0.154097 0
0.0350704 -0.145923 0
0.0235455 -0.148178 0
0.0359613 -0.157857 0
0.0349816 -0.145903 0
0.0274919 -0.172902 0
0.0296802 -0.186618 0
0.0408291 -0.170255 0
0.0360697 -0.157958 0
0.0409259 -0.170096 0
0.0500217 -0.154178 0
0.0585082 -0.179757 0
0.0722839 -0.174683 0
0.0542057 -0.166539 0
0.0828304 -0.243728 0
0.10624 -0.256885 0
0.0984643 -0.237991 0
0.0297361 -0.186655 0
0.0441406 -0.1838 0
0.040885 -0.170291 0
0.0254124 -0.159995 0
0.0359292 -0.157905 0
0.0235134 -0.148225 0
0.0138324 -0.174384 0
0.0253027 -0.160095 0
0.0127968 -0.161574 0
0.0274613 -0.172773 0
0.0359424 -0.157987 0
0.0254257 -0.160078 0
0.10631 -0.257085 0
0.0876719 -0.263917 0
0.114686 -0.277477 0
0.136026 -0.267781 0
0.106472 -0.257098 0
0.114848 -0.27749 0
0.126053 -0.247872 0
0.116822 -0.22964 0
0.106446 -0.256871 0
0.0911076 -0.220344 0
0.0691208 -0.228018 0
0.0826817 -0.243573 0
0.0981087 -0.206955 0
0.0845311 -0.203954 0
0.0912108 -0.220141 0
0.112301 -0.210096 0
0.0982019 -0.206975 0
0.0913039 -0.220162 0
0.112349 -0.210007 0
0.105618 -0.193718 0
0.0982499 -0.206886 0
0.0781626 -0.188781 0
0.0632838 -0.194258 0
0.084371 -0.203806 0
0.0218961 -0.276927 0
0.040181 -0.254281 0
0.0203273 -0.256589 0
0.0698739 -0.291967 0
0.0452981 -0.274361 0
0.0470016 -0.29645 0
0.0555956 -0.231681 0
0.0483953 -0.214841 0
0.0374432 -0.235261 0
0.0689271 -0.228079 0
0.0557402 -0.231775 0
0.060129 -0.250163 0
0.0768561 -0.21566 0
0.0843635 -0.203954 0
0.0623453 -0.211532 0
0.0910882 -0.220251 0
0.0769012 -0.21577 0
0.0691014 -0.227925 0
0.0911398 -0.220171 0
0.0844601 -0.203983 0
0.0769527 -0.215689 0
0.0984138 -0.237868 0
0.0912059 -0.220377 0
0.08278 -0.243606 0
0.103337 -0.175832 0
0.105675 -0.19352 0
0.124345 -0.182098 0
0.10392 -0.157952 0
0.103296 -0.175671 0
0.113711 -0.169468 0
0.0928171 -0.182036 0
0.10557 -0.19352 0
0.103232 -0.175832 0
0.116726 -0.229392 0
0.112363 -0.210171 0
0.0913661 -0.220237 0
0.112533 -0.210082 0
0.134336 -0.219563 0
0.124486 -0.203404 0
0.0622231 -0.211666 0
0.0557472 -0.231646 0
0.0689341 -0.227949 0
0.014954 -0.188355 0
0.0273524 -0.172922 0
0.0138465 -0.174516 0
0.0319631 -0.201593 0
0.0296089 -0.186775 0
0.0150222 -0.188492 0
0.0204898 -0.218993 0
0.0319365 -0.201751 0
0.0161817 -0.2036 0
-0.00464338 -0.237948 0
0.018658 -0.237451 0
0.0063419 -0.220435 0
0.0484518 -0.214651 0
0.062128 -0.211511 0
0.0477937 -0.198675 0
0.037373 -0.235215 0
0.048325 -0.214795 0
0.0346476 -0.217936 0
0.0556786 -0.231601 0
0.0621544 -0.211622 0
0.0484782 -0.214762 0
0.032135 -0.20172 0
0.0483512 -0.214618 0
0.047693 -0.198642 0
0.0442751 -0.183919 0
0.0477828 -0.198514 0
0.0630481 -0.194224 0
0.0541117 -0.16657 0
0.0442807 -0.183764 0
0.0584142 -0.179787 0
0.0297065 -0.18676 0
0.0320607 -0.201577 0
0.0441109 -0.183905 0
0.08746 -0.263989 0
0.0650597 -0.270392 0
0.0925951 -0.28556 0
0.11464 -0.277573 0
0.0876264 -0.264013 0
0.0927615 -0.285584 0
0.082578 -0.243673 0
0.0690172 -0.228119 0
0.0602191 -0.250203 0
0.0843177 -0.203883 0
0.0632306 -0.194334 0
0.0622996 -0.211461 0
0.0926631 -0.182113 0
0.0782612 -0.18874 0
0.0844696 -0.203766 0
0.0981567 -0.206866 0
0.105525 -0.193697 0
0.0845791 -0.203865 0
0.103191 -0.175734 0
0.0934895 -0.164338 0
0.0927766 -0.181938 0
0.103365 -0.175752 0
0.124373 -0.182017 0
0.11378 -0.169549 0
0.084561 -0.203782 0
0.105507 -0.193614 0
0.0927545 -0.18213 0
0.112437 -0.209995 0
0.12439 -0.203317 0
0.105706 -0.193706 0
0.12443 -0.203224 0
0.124416 -0.18219 0
0.105746 -0.193612 0
0.134525 -0.219677 0
0.145154 -0.237134 0
0.148379 -0.210436 0
0.147178 -0.18677 0
0.158206 -0.178083 0
0.14787 -0.163805 0
0.148391 -0.210188 0
0.147105 -0.186984 0
0.136077 -0.19567 0
0.16699 -0.195876 0
0.158271 -0.178191 0
0.147242 -0.186877 0
0.136031 -0.195552 0
0.147059 -0.186865 0
0.134611 -0.174869 0
0.125876 -0.160643 0
0.117985 -0.147744 0
0.113834 -0.169384 0
0.0926579 -0.181999 0
0.0829418 -0.169572 0
0.0782561 -0.188626 0
-0.0202035 -0.256366 0
-0.0323173 -0.235923 0
-0.0367583 -0.254374 0
0.0205513 -0.219041 0
0.0345368 -0.217839 0
0.0319981 -0.201799 0
0.0187421 -0.237388 0
0.020413 -0.219168 0
0.00642597 -0.220372 0
0.0188454 -0.237438 0
0.0372271 -0.235295 0
0.0205164 -0.219218 0
0.0402278 -0.254079 0
0.0372932 -0.235412 0
0.0189116 -0.237555 0
0.000204529 -0.257208 0
0.020183 -0.256467 0
0.0187205 -0.237636 0
0.0453249 -0.274135 0
0.06481 -0.270308 0
0.0600805 -0.250446 0
0.0403656 -0.254122 0
0.0599723 -0.250263 0
0.037431 -0.235454 0
-0.025261 -0.160001 0
-0.0127516 -0.161483 0
-0.0234353 -0.148237 0
-0.0349459 -0.14591 0
-0.0253355 -0.159949 0
-0.0235098 -0.148185 0
-0.027216 -0.172814 0
-0.0137045 -0.174417 0
-0.0127256 -0.161614 0
-0.0295001 -0.186583 0
-0.0273496 -0.172886 0
-0.0368831 -0.170986 0
-0.0127065 -0.161448 0
-0.0118108 -0.149573 0
-0.0233902 -0.148202 0
-0.0272548 -0.172766 0
-0.0127644 -0.161565 0
-0.0252738 -0.160084 0
-0.0135709 -0.174426 0
2.2574e-05 -0.174965 0
-6.14928e-06 -0.162118 0
-0.01478 -0.188337 0
-0.0137114 -0.174507 0
-0.0272229 -0.172904 0
-0.0146429 -0.188392 0
3.87915e-05 -0.188978 0
1.91549e-05 -0.175101 0
0.0409862 -0.170125 0
0.0540728 -0.166439 0
0.0500821 -0.154206 0
0.027513 -0.172806 0
0.0408503 -0.170159 0
0.0359942 -0.158021 0
0.0442222 -0.183732 0
0.0540531 -0.166538 0
0.0409666 -0.170224 0
0.078076 -0.188701 0
0.0585576 -0.179896 0
0.0631972 -0.194177 0
0.0781068 -0.188636 0
0.0723641 -0.174757 0
0.0585884 -0.179831 0
0.0828664 -0.169444 0
0.0759348 -0.157711 0
0.072438 -0.174619 0
0.0500365 -0.154046 0
0.0463273 -0.142707 0
0.0351049 -0.145872 0
0.0669153 -0.161709 0
0.0501691 -0.154178 0
0.0541598 -0.16641 0
0.0619389 -0.149703 0
0.0464173 -0.14272 0
0.0501266 -0.154059 0
0.0118176 -0.149613 0
0.01279 -0.161491 0
0.0252959 -0.160012 0
0.0600235 -0.250188 0
0.0556346 -0.231799 0
0.0374823 -0.235379 0
0.045243 -0.274081 0
0.0599985 -0.250392 0
0.0403918 -0.254251 0
0.064951 -0.270274 0
0.0873514 -0.263871 0
0.0602215 -0.250412 0
8.17549e-05 -0.150037 0
0.0127054 -0.161457 0
0.0117329 -0.149579 0
0.0648431 -0.270447 0
0.0453579 -0.274274 0
0.0699338 -0.29188 0
0.0925368 -0.285653 0
0.0650014 -0.270485 0
0.0700921 -0.291918 0
0.0874108 -0.263782 0
0.0826398 -0.243792 0
0.0602808 -0.250323 0
0.0451374 -0.274312 0
0.0220013 -0.277127 0
0.046841 -0.2964 0
0.0186371 -0.237574 0
-0.00466425 -0.238071 0
0.00012116 -0.257146 0
0.0203171 -0.256457 0
0.0401708 -0.25415 0
0.0188546 -0.237625 0
-0.0016128 -0.277728 0
0.0216887 -0.277008 0
0.00014157 -0.257411 0
0.0219291 -0.27721 0
0.0236101 -0.299151 0
0.0467687 -0.296483 0
0.000214736 -0.25734 0
0.0217619 -0.276937 0
0.0201932 -0.256599 0
-0.00161304 -0.27787 0
6.71712e-05 -0.299939 0
0.0216885 -0.27715 0
0.0372798 -0.235229 0
0.0345545 -0.217951 0
0.0205691 -0.219153 0
0.0443108 -0.183857 0
0.0630839 -0.194161 0
0.0584443 -0.17988 0
0.0346299 -0.217824 0
0.0483073 -0.214683 0
0.0320912 -0.201784 0
0.0621772 -0.211443 0
0.0631082 -0.194316 0
0.0478428 -0.198606 0
8.53828e-05 -0.162118 0
0.000114106 -0.174965 0
0.0137057 -0.174435 0
-0.0116903 -0.149581 0
-6.27215e-08 -0.161952 0
-3.90742e-05 -0.150039 0
-0.0126345 -0.161578 0
-0.0136133 -0.174381 0
-4.86447e-05 -0.162073 0
0.000127636 -0.162073 0
0.013748 -0.17439 0
0.0127123 -0.16158 0
-0.0146888 -0.188344 0
-2.66979e-05 -0.175053 0
-0.0136201 -0.174514 0
0.000137651 -0.188978 0
0.0148171 -0.188411 0
0.000118014 -0.175101 0
0.000163693 -0.175053 0
0.0148628 -0.188362 0
0.0137552 -0.174523 0
4.97564e-05 -0.204066 0
3.88927e-05 -0.189076 0
-0.0146428 -0.188489 0
0.000152594 -0.204116 0
0.0160074 -0.203508 0
0.000141762 -0.189126 0
0.0204041 -0.219055 0
0.0160961 -0.203662 0
0.00641709 -0.220259 0
0.031918 -0.201649 0
0.0149771 -0.188548 0
0.0161632 -0.203498 0
0.0295936 -0.186679 0
0.0274052 -0.172963 0
0.0150069 -0.188396 0
0.0273873 -0.172828 0
0.0253517 -0.160133 0
0.0138814 -0.174421 0
-0.018644 -0.237499 0
-0.0322565 -0.235866 0
-0.0201427 -0.256309 0
-0.0048561 -0.238068 0
-0.0185521 -0.237506 0
-0.0200508 -0.256317 0
-0.00484642 -0.237946 0
-0.0171643 -0.219971 0
-0.0185424 -0.237384 0
-4.23342e-05 -0.16199 0
-0.0117325 -0.149619 0
-0.0126281 -0.161494 0
-0.0377453 -0.157605 0
-0.0369041 -0.170847 0
-0.0253896 -0.160064 0
-0.0668193 -0.161655 0
-0.0540507 -0.166368 0
-0.0501072 -0.154163 0
-0.0439936 -0.183837 0
-0.0437479 -0.198805 0
-0.0295788 -0.186713 0
-0.0680234 -0.20957 0
-0.0558399 -0.196197 0
-0.0700105 -0.191582 0
-0.0679612 -0.209647 0
-0.0514562 -0.214319 0
-0.0557776 -0.196274 0
-0.0699781 -0.191483 0
-0.0558075 -0.196098 0
-0.0583632 -0.179833 0
-0.0186344 -0.237377 0
-0.0172563 -0.219963 0
-0.0322468 -0.235744 0
-0.0441239 -0.183706 0
-0.0540021 -0.166528 0
-0.0582707 -0.179708 0
0.0402642 -0.25434 0
0.0219792 -0.276986 0
0.0451154 -0.27417 0
-0.0273357 -0.172797 0
-0.0253547 -0.160115 0
-0.0368692 -0.170898 0
-0.0253832 -0.15998 0
-0.0349937 -0.145942 0
-0.0377388 -0.157521 0
-0.066847 -0.16174 0
-0.058347 -0.179634 0
-0.0540784 -0.166454 0
-0.124395 -0.202845 0
-0.117612 -0.185905 0
-0.135796 -0.195219 0
-0.085791 -0.16846 0
-0.0990894 -0.17814 0
-0.0849358 -0.185318 0
-0.109622 -0.171636 0
-0.119897 -0.165163 0
-0.117509 -0.1857 0
-0.0987433 -0.161202 0
-0.10949 -0.171597 0
-0.0992148 -0.17807 0
-0.119963 -0.165185 0
-0.129491 -0.178271 0
-0.117576 -0.185722 0
-0.068137 -0.20977 0
-0.0909159 -0.219927 0
-0.0689113 -0.227671 0
-0.0199886 -0.256383 0
-8.47342e-06 -0.257209 0
-0.00479386 -0.238134 0
-0.0217972 -0.276816 0
-0.0201682 -0.256503 0
-0.036723 -0.254511 0
-0.0216802 -0.276894 0
-0.00182537 -0.277724 0
-0.0200511 -0.256581 0
-8.41023e-05 -0.300013 0
-0.00176427 -0.277944 0
-0.0233865 -0.299018 0
0.00015126 -0.300011 0
0.0234536 -0.299163 0
0.0217726 -0.277222 0
6.23887e-05 -0.204275 0
-0.017065 -0.219801 0
0.00623816 -0.220264 0
-0.0294452 -0.186787 0
-0.0317782 -0.201581 0
-0.0160164 -0.203461 0
-0.0147948 -0.188479 0
-0.0293882 -0.186743 0
-0.0159594 -0.203417 0
-3.61141e-06 -0.204114 0
-0.0146962 -0.188538 0
-0.0158609 -0.203476 0
8.16505e-05 -0.161992 0
0.0126663 -0.161499 0
4.26806e-05 -0.150079 0
-0.0370207 -0.170955 0
-0.0539308 -0.166498 0
-0.0440526 -0.183676 0
-0.05391 -0.166411 0
-0.0369999 -0.170868 0
-0.0378409 -0.157626 0
-0.0440812 -0.183869 0
-0.0556723 -0.196136 0
-0.0438355 -0.198837 0
-0.0369389 -0.171023 0
-0.0439708 -0.183744 0
-0.0295559 -0.186619 0
-0.0582765 -0.179807 0
-0.0557207 -0.196072 0
-0.0441296 -0.183805 0
-0.0342801 -0.217754 0
-0.0172542 -0.21979 0
-0.015984 -0.203626 0
-0.0553639 -0.231503 0
-0.0324272 -0.235718 0
-0.0344625 -0.2179 0
-0.0599921 -0.249913 0
-0.0555708 -0.231584 0
-0.0687658 -0.227844 0
-0.0598548 -0.250039 0
-0.0369379 -0.254376 0
-0.0463584 -0.242827 0
-0.0598393 -0.250145 0
-0.041728 -0.274405 0
-0.0369223 -0.254482 0
-0.0700632 -0.291426 0
-0.0648918 -0.270094 0
-0.0840171 -0.26466 0
-0.0699392 -0.291532 0
-0.0470669 -0.296142 0
-0.0647678 -0.270199 0
-0.0216916 -0.277036 0
-0.0234589 -0.298941 0
-0.0018368 -0.277867 0
1.73e-06 -0.257342 0
-0.0199784 -0.256515 0
-0.0017526 -0.277659 0
-0.0415563 -0.274643 0
-0.0235922 -0.29893 0
-0.0218249 -0.277025 0
-0.0599325 -0.250197 0
-0.0647169 -0.269988 0
-0.0418213 -0.274457 0
-0.0464207 -0.242751 0
-0.0554958 -0.231634 0
-0.0599171 -0.249963 0
-0.0324048 -0.235877 0
-0.0462663 -0.24278 0
-0.0368457 -0.254328 0
-0.0324671 -0.235801 0
-0.0554037 -0.231587 0
-0.0463285 -0.242703 0
-0.076094 -0.245546 0
-0.0648318 -0.269891 0
-0.0600476 -0.2501 0
-0.0468349 -0.296182 0
-0.0236762 -0.298995 0
-0.0416402 -0.274707 0
-0.0367949 -0.254571 0
-0.0416006 -0.274494 0
-0.0218692 -0.276876 0
-0.0351046 -0.145872 0
-0.046327 -0.142707 0
-0.0499752 -0.154031 0
-0.0619101 -0.14963 0
-0.0464414 -0.142668 0
-0.0573809 -0.138633 0
-0.0734633 -0.144307 0
-0.0574919 -0.138585 0
-0.068081 -0.133703 0
-0.0417778 -0.274611 0
-0.0646734 -0.270142 0
-0.0469724 -0.296085 0
-0.0829261 -0.13901 0
-0.0681825 -0.13365 0
-0.0783559 -0.127952 0
-0.0882221 -0.121361 0
-0.0973791 -0.114142 0
-0.0952051 -0.130982 0
-0.102874 -0.141456 0
-0.105236 -0.123286 0
-0.113562 -0.13303 0
-0.120007 -0.145247 0
-0.102924 -0.14153 0
-0.113612 -0.133103 0
-0.0830165 -0.139002 0
-0.0784463 -0.127944 0
-0.0951244 -0.131087 0
-0.147691 -0.163448 0
-0.146989 -0.186326 0
-0.129682 -0.178267 0
-0.181724 -0.181604 0
-0.158308 -0.177618 0
-0.168376 -0.168309 0
-0.14695 -0.186432 0
-0.135912 -0.195139 0
-0.129643 -0.178373 0
-0.166917 -0.19529 0
-0.147149 -0.186431 0
-0.158187 -0.177725 0
-0.166884 -0.195397 0
-0.14841 -0.209639 0
-0.147116 -0.186538 0
-0.0500651 -0.154044 0
-0.0464169 -0.14272 0
-0.0618855 -0.149682 0
-0.0668458 -0.161599 0
-0.0501337 -0.154107 0
-0.0619541 -0.149745 0
-0.0539536 -0.166355 0
-0.0378846 -0.15757 0
-0.0500101 -0.154149 0
-0.0761745 -0.245595 0
-0.0840376 -0.264506 0
-0.0649124 -0.26994 0
-0.0514999 -0.214424 0
-0.0680048 -0.209752 0
-0.068779 -0.227652 0
-0.034526 -0.217829 0
-0.0513432 -0.214464 0
-0.0554273 -0.231432 0
-0.0344218 -0.217677 0
-0.0318875 -0.20167 0
-0.0437236 -0.198968 0
-0.106402 -0.256589 0
-0.136026 -0.267035 0
-0.114848 -0.276839 0
-0.092824 -0.285018 0
-0.106257 -0.256649 0
-0.114703 -0.2769 0
-0.145097 -0.236486 0
-0.134431 -0.219162 0
-0.148295 -0.209886 0
-0.0984615 -0.237545 0
-0.116625 -0.229147 0
-0.106283 -0.256331 0
-0.0984108 -0.237423 0
-0.0911766 -0.220024 0
-0.116575 -0.229025 0
-0.0689637 -0.227747 0
-0.0909683 -0.220003 0
-0.0837395 -0.232393 0
-0.0900928 -0.201055 0
-0.105448 -0.193431 0
-0.107988 -0.211985 0
-0.0584183 -0.179761 0
-0.0722098 -0.174667 0
-0.0700332 -0.191411 0
-0.116718 -0.22918 0
-0.125989 -0.24729 0
-0.106375 -0.256364 0
-0.0378213 -0.157502 0
-0.0350761 -0.145922 0
-0.0499467 -0.154081 0
-0.0688347 -0.22789 0
-0.0761075 -0.245405 0
-0.060061 -0.249959 0
-0.051458 -0.214497 0
-0.0687372 -0.227725 0
-0.0555421 -0.231465 0
-0.0438599 -0.198939 0
-0.0556967 -0.196238 0
-0.0513753 -0.214283 0
-0.034487 -0.21772 0
-0.0437887 -0.199011 0
-0.0513042 -0.214355 0
-0.0318711 -0.201566 0
-0.0295381 -0.186772 0
-0.0437072 -0.198865 0
-0.0701246 -0.191599 0
-0.0898413 -0.201041 0
-0.0681375 -0.209587 0
-0.0682075 -0.209681 0
-0.0899113 -0.201136 0
-0.0909864 -0.219838 0
-0.0927217 -0.284976 0
-0.0842309 -0.264593 0
-0.106155 -0.256608 0
-0.0926009 -0.285093 0
-0.0701562 -0.291477 0
-0.0841101 -0.264711 0
-0.0974359 -0.114148 0
-0.105156 -0.123187 0
-0.095262 -0.130988 0
-0.0722983 -0.174685 0
-0.0847938 -0.185383 0
-0.0701217 -0.19143 0
-0.0669078 -0.161767 0
-0.0721994 -0.174567 0
-0.0584078 -0.179661 0
-0.0879079 -0.151043 0
-0.0736148 -0.144366 0
-0.0829762 -0.139123 0
-0.0574715 -0.138638 0
-0.0734429 -0.14436 0
-0.0620007 -0.149636 0
-0.0848529 -0.185472 0
-0.0898974 -0.20096 0
-0.0701807 -0.191518 0
-0.0669992 -0.161729 0
-0.0856414 -0.168369 0
-0.0722907 -0.174529 0
-0.085837 -0.168379 0
-0.0986639 -0.161191 0
-0.0991354 -0.178059 0
-0.120841 -0.126428 0
-0.129038 -0.137689 0
-0.113702 -0.133028 0
-0.083838 -0.232425 0
-0.0910667 -0.220036 0
-0.0983009 -0.237434 0
-0.0762852 -0.245379 0
-0.0837884 -0.23251 0
-0.0982513 -0.237519 0
-0.0761868 -0.245347 0
-0.0689141 -0.227832 0
-0.0836899 -0.232478 0
-0.10794 -0.212074 0
-0.0911197 -0.219846 0
-0.0900447 -0.201144 0
-0.135852 -0.19533 0
-0.13432 -0.219001 0
-0.124451 -0.202956 0
-0.116607 -0.22894 0
-0.0912089 -0.21994 0
-0.108029 -0.212167 0
-0.0842498 -0.264435 0
-0.0983528 -0.237663 0
-0.106174 -0.256449 0
-0.0841495 -0.264398 0
-0.0762864 -0.245486 0
-0.0982525 -0.237626 0
-0.0735162 -0.144418 0
-0.079326 -0.155846 0
-0.0620741 -0.149694 0
-0.08291 -0.139065 0
-0.0735486 -0.144308 0
-0.0681663 -0.133705 0
-0.0881587 -0.121407 0
-0.0951416 -0.131028 0
-0.0784636 -0.127885 0
-0.0793832 -0.155966 0
-0.0856651 -0.168307 0
-0.067023 -0.161667 0
-0.0878959 -0.151099 0
-0.0794127 -0.155851 0
-0.0736029 -0.144423 0
-0.0952383 -0.131136 0
-0.102771 -0.141507 0
-0.0927644 -0.140257 0
-0.0987829 -0.161118 0
-0.111007 -0.152947 0
-0.10953 -0.171513 0
-0.088001 -0.151196 0
-0.0986266 -0.161101 0
-0.0857997 -0.168289 0
-0.111077 -0.15296 0
-0.119875 -0.165053 0
-0.1096 -0.171526 0
-0.0857012 -0.168448 0
-0.0848461 -0.185306 0
-0.0723506 -0.174608 0
-0.0879366 -0.151179 0
-0.0857353 -0.168272 0
-0.0794534 -0.155931 0
-0.0880579 -0.151107 0
-0.102767 -0.141643 0
-0.0986835 -0.161012 0
-0.062052 -0.149751 0
-0.079304 -0.155904 0
-0.0669437 -0.161605 0
-0.115775 -0.113175 0
-0.105254 -0.123101 0
-0.106096 -0.106147 0
-0.129036 -0.137752 0
-0.120094 -0.145234 0
-0.1137 -0.133091 0
-0.195563 -0.166928 0
-0.209898 -0.181376 0
-0.181987 -0.181612 0
-0.168452 -0.168232 0
-0.181023 -0.154634 0
-0.1818 -0.181527 0
-0.209932 -0.148298 0
-0.223511 -0.164343 0
-0.195702 -0.166759 0
-0.0991552 -0.178223 0
-0.105402 -0.193266 0
-0.0850016 -0.185401 0
-0.1344 -0.219024 0
-0.135932 -0.195353 0
-0.148264 -0.209748 0
-0.108199 -0.212077 0
-0.124359 -0.203013 0
-0.134228 -0.219058 0
-0.108102 -0.211991 0
-0.105563 -0.193437 0
-0.124262 -0.202927 0
-0.117629 -0.185823 0
-0.129544 -0.178371 0
-0.135813 -0.195137 0
-0.105595 -0.19335 0
-0.11751 -0.185899 0
-0.124294 -0.202839 0
-0.105511 -0.193267 0
-0.099264 -0.178225 0
-0.117426 -0.185816 0
-0.084971 -0.185478 0
-0.105371 -0.193342 0
-0.0900155 -0.200966 0
-0.0992776 -0.178152 0
-0.109553 -0.17168 0
-0.11744 -0.185744 0
-0.147085 -0.186324 0
-0.147786 -0.163445 0
-0.158123 -0.177618 0
-0.111112 -0.152873 0
-0.120055 -0.145391 0
-0.11991 -0.164966 0
-0.147857 -0.163385 0
-0.168262 -0.168248 0
-0.158194 -0.177557 0
-0.133617 -0.164258 0
-0.147646 -0.163374 0
-0.129637 -0.178193 0
-0.120017 -0.165113 0
-0.133524 -0.164263 0
-0.129545 -0.178199 0
-0.119985 -0.165003 0
-0.12013 -0.145429 0
-0.133493 -0.164154 0
-0.150484 -0.148769 0
-0.141984 -0.135198 0
-0.155137 -0.132543 0
-0.145131 -0.236799 0
-0.156642 -0.25547 0
-0.136295 -0.266898 0
-0.134357 -0.219287 0
-0.145022 -0.236612 0
-0.126178 -0.247191 0
-0.161739 -0.225602 0
-0.156728 -0.255331 0
-0.145216 -0.23666 0
-0.156832 -0.255351 0
-0.161843 -0.225621 0
-0.176222 -0.242371 0
-0.126054 -0.247416 0
-0.136064 -0.266937 0
-0.10644 -0.25649 0
-0.134262 -0.219262 0
-0.126083 -0.247165 0
-0.116811 -0.229055 0
-0.108173 -0.212164 0
-0.134202 -0.219145 0
-0.116751 -0.228938 0
-0.148387 -0.209907 0
-0.161711 -0.225449 0
-0.145188 -0.236508 0
-0.145029 -0.236771 0
-0.136193 -0.26687 0
-0.126184 -0.24735 0
-0.133047 -0.113545 0
-0.123292 -0.105228 0
-0.14147 -0.102859 0
-0.132016 -0.124529 0
-0.120915 -0.126319 0
-0.133007 -0.113688 0
-0.141884 -0.135084 0
-0.132122 -0.124589 0
-0.143651 -0.122729 0
-0.1291 -0.137661 0
-0.120902 -0.1264 0
-0.132003 -0.12461 0
-0.141835 -0.135134 0
-0.12917 -0.13769 0
-0.132073 -0.124639 0
-0.163339 -0.147619 0
-0.150556 -0.14881 0
-0.155208 -0.132585 0
-0.138048 -0.149937 0
-0.12919 -0.137775 0
-0.141855 -0.135219 0
-0.163373 -0.147786 0
-0.168279 -0.168148 0
-0.147875 -0.163285 0
-0.178243 -0.129554 0
-0.163432 -0.147554 0
-0.155301 -0.13252 0
-0.178417 -0.129614 0
-0.18957 -0.143617 0
-0.181082 -0.154379 0
-0.16716 -0.195336 0
-0.181847 -0.181756 0
-0.196268 -0.19611 0
-0.150531 -0.148913 0
-0.163314 -0.147722 0
-0.147815 -0.16322 0
-0.138139 -0.150068 0
-0.150446 -0.148921 0
-0.147731 -0.163228 0
-0.138119 -0.149974 0
-0.141926 -0.135256 0
-0.150427 -0.148827 0
-0.181114 -0.15463 0
-0.195467 -0.166838 0
-0.181891 -0.181522 0
-0.163484 -0.147757 0
-0.180961 -0.154521 0
-0.16839 -0.168118 0
-0.189627 -0.143741 0
-0.195493 -0.166711 0
-0.181139 -0.154503 0
-0.165133 -0.119964 0
-0.178249 -0.129462 0
-0.155307 -0.132427 0
-0.209819 -0.148229 0
-0.195589 -0.16669 0
-0.189723 -0.14372 0
-0.196263 -0.196208 0
-0.180403 -0.210874 0
-0.167155 -0.195433 0
-0.147674 -0.163279 0
-0.133645 -0.164163 0
-0.138082 -0.150119 0
-0.119998 -0.145313 0
-0.111055 -0.152794 0
-0.102915 -0.141596 0
-0.137975 -0.149971 0
-0.120176 -0.145291 0
-0.129117 -0.137809 0
-0.13799 -0.150059 0
-0.133553 -0.164103 0
-0.120191 -0.145379 0
-0.105193 -0.123104 0
-0.097472 -0.114065 0
-0.106034 -0.10615 0
-0.113622 -0.132979 0
-0.105296 -0.123235 0
-0.120761 -0.126379 0
-0.102844 -0.141649 0
-0.110984 -0.152847 0
-0.0987604 -0.161018 0
-0.0927403 -0.140324 0
-0.102747 -0.141574 0
-0.088038 -0.151037 0
-0.0830402 -0.13911 0
-0.0926741 -0.140316 0
-0.0879718 -0.151029 0
-0.0830644 -0.139043 0
-0.0951722 -0.131128 0
-0.0926983 -0.140249 0
-0.09528 -0.13108 0
-0.105174 -0.123279 0
-0.102813 -0.14145 0
-0.123194 -0.105149 0
-0.114148 -0.0974358 0
-0.130992 -0.0952561 0
-0.120861 -0.126281 0
-0.115917 -0.113211 0
-0.132953 -0.11365 0
-0.115861 -0.113087 0
-0.114097 -0.0974957 0
-0.123143 -0.105209 0
-0.138603 -0.0574534 0
-0.149595 -0.0619896 0
-0.133721 -0.0680425 0
-0.16704 -0.195531 0
-0.180288 -0.210971 0
-0.161891 -0.225316 0
-0.135974 -0.195244 0
-0.147013 -0.186537 0
-0.148307 -0.209639 0
-0.158303 -0.177709 0
-0.181719 -0.181694 0
-0.167033 -0.195274 0
-0.212073 -0.211635 0
-0.196512 -0.196164 0
-0.210002 -0.181574 0
-0.166933 -0.195527 0
-0.161784 -0.225312 0
-0.148459 -0.209769 0
-0.211974 -0.211734 0
-0.180554 -0.210928 0
-0.196413 -0.196263 0
-0.194725 -0.227779 0
-0.176411 -0.24223 0
-0.180429 -0.211136 0
-0.180319 -0.211128 0
-0.176301 -0.242222 0
-0.161922 -0.225472 0
-0.123286 -0.105167 0
-0.131084 -0.095274 0
-0.141463 -0.102798 0
-0.209901 -0.181473 0
-0.196411 -0.196064 0
-0.18199 -0.18171 0
-0.223511 -0.164454 0
-0.210038 -0.181318 0
-0.195703 -0.16687 0
-0.219317 -0.134273 0
-0.236701 -0.144873 0
-0.210055 -0.148124 0
-0.242593 -0.176028 0
-0.228155 -0.194331 0
-0.223729 -0.164528 0
-0.211969 -0.211839 0
-0.194844 -0.227677 0
-0.180548 -0.211034 0
-0.137011 -0.0861873 0
-0.121427 -0.0881286 0
-0.127905 -0.0784335 0
-0.228008 -0.194507 0
-0.212178 -0.21163 0
-0.210108 -0.181568 0
-0.114142 -0.097379 0
-0.121361 -0.0882221 0
-0.130986 -0.0951992 0
-0.144269 -0.0735347 0
-0.12797 -0.0783244 0
-0.133667 -0.068151 0
-0.165018 -0.119941 0
-0.155191 -0.132405 0
-0.143805 -0.122704 0
-0.187869 -0.115079 0
-0.165228 -0.119829 0
-0.174046 -0.106637 0
-0.17849 -0.129513 0
-0.202908 -0.124356 0
-0.189643 -0.143516 0
-0.201175 -0.0900365 0
-0.217886 -0.0954474 0
-0.209798 -0.112073 0
-0.236945 -0.144878 0
-0.246654 -0.127562 0
-0.255698 -0.156303 0
-0.203112 -0.124386 0
-0.219205 -0.134204 0
-0.209943 -0.148055 0
-0.227612 -0.119624 0
-0.24656 -0.127438 0
-0.236851 -0.144755 0
-0.219286 -0.134069 0
-0.20989 -0.112301 0
-0.227431 -0.119538 0
-0.189748 -0.143578 0
-0.203013 -0.124418 0
-0.209844 -0.148087 0
-0.188115 -0.115112 0
-0.209704 -0.112253 0
-0.203007 -0.124203 0
-0.178358 -0.129404 0
-0.165243 -0.119906 0
-0.187884 -0.115155 0
-0.202903 -0.12426 0
-0.178484 -0.129418 0
-0.18801 -0.11517 0
-0.178329 -0.129628 0
-0.180995 -0.154392 0
-0.163518 -0.147628 0
-0.174124 -0.106504 0
-0.181879 -0.0926652 0
-0.19443 -0.102498 0
-0.218 -0.0953356 0
-0.213826 -0.081539 0
-0.231147 -0.0871439 0
-0.20968 -0.0681701 0
-0.213698 -0.0814572 0
-0.20116 -0.0898428 0
-0.256007 -0.107641 0
-0.263607 -0.0874657 0
-0.277048 -0.114442 0
-0.267297 -0.135748 0
-0.25602 -0.107804 0
-0.27706 -0.114604 0
-0.236366 -0.101287 0
-0.26347 -0.0874215 0
-0.255871 -0.107597 0
-0.218062 -0.0955097 0
-0.236119 -0.101354 0
-0.227515 -0.119372 0
-0.245547 -0.0762373 0
-0.263435 -0.0873163 0
-0.236331 -0.101182 0
-0.267195 -0.135953 0
-0.2558 -0.156273 0
-0.246755 -0.127532 0
-0.22362 -0.164546 0
-0.228047 -0.194349 0
-0.210146 -0.18141 0
-0.223758 -0.164363 0
-0.236825 -0.145067 0
-0.242622 -0.175862 0
-0.14708 -0.0947217 0
-0.161057 -0.0987128 0
-0.152893 -0.110928 0
-0.131163 -0.0952389 0
-0.146942 -0.0946827 0
-0.141543 -0.102763 0
-0.137152 -0.0861928 0
-0.144345 -0.0736494 0
-0.146971 -0.0945551 0
-0.149614 -0.0620434 0
-0.144342 -0.0734801 0
-0.13374 -0.0680963 0
-0.149756 -0.0620349 0
-0.162956 -0.0632846 0
-0.157543 -0.075751 0
-0.142683 -0.0464017 0
-0.153998 -0.0500632 0
-0.138647 -0.0573412 0
-0.18031 -0.0552399 0
-0.183796 -0.0441301 0
-0.198359 -0.0476133 0
-0.176777 -0.0665 0
-0.180263 -0.0553896 0
-0.191428 -0.070007 0
-0.176694 -0.0664465 0
-0.166495 -0.0540875 0
-0.18018 -0.0553362 0
-0.236932 -0.14504 0
-0.255685 -0.156465 0
-0.242729 -0.175836 0
-0.21007 -0.148225 0
-0.236716 -0.144974 0
-0.223648 -0.16427 0
-0.219376 -0.134178 0
-0.227521 -0.119647 0
-0.23676 -0.144778 0
-0.15697 -0.0396842 0
-0.154059 -0.0500039 0
-0.142744 -0.0463424 0
-0.143728 -0.122755 0
-0.155114 -0.132456 0
-0.141961 -0.13511 0
-0.133083 -0.113675 0
-0.143621 -0.122657 0
-0.132093 -0.124517 0
-0.115925 -0.113141 0
-0.123206 -0.105263 0
-0.132961 -0.113579 0
-0.105303 -0.123169 0
-0.115824 -0.113243 0
-0.120768 -0.126313 0
-0.106125 -0.106061 0
-0.11404 -0.0974985 0
-0.115804 -0.113089 0
-0.141569 -0.102879 0
-0.152782 -0.111005 0
-0.133146 -0.113564 0
-0.141615 -0.102815 0
-0.147015 -0.0947354 0
-0.152828 -0.110942 0
-0.137107 -0.0862651 0
-0.146927 -0.0946274 0
-0.131148 -0.0951835 0
-0.121437 -0.0881847 0
-0.137022 -0.0862435 0
-0.131063 -0.0951619 0
-0.144454 -0.0735895 0
-0.157513 -0.0758688 0
-0.159252 -0.0869644 0
-0.152954 -0.111013 0
-0.161118 -0.0987969 0
-0.165068 -0.11979 0
-0.133153 -0.11363 0
-0.152789 -0.111072 0
-0.143691 -0.122612 0
-0.161188 -0.0987821 0
-0.173957 -0.106583 0
-0.165139 -0.119775 0
-0.127982 -0.0783848 0
-0.144281 -0.0735951 0
-0.137088 -0.0861386 0
-0.152896 -0.111092 0
-0.16501 -0.11987 0
-0.143798 -0.122633 0
-0.159353 -0.0870627 0
-0.170876 -0.0802645 0
-0.161158 -0.0985846 0
-0.147101 -0.0946417 0
-0.159273 -0.087111 0
-0.161079 -0.0986329 0
-0.157601 -0.075891 0
-0.170864 -0.0801883 0
-0.159341 -0.0869866 0
-0.209886 -0.112171 0
-0.217974 -0.095546 0
-0.227427 -0.119409 0
-0.219204 -0.134084 0
-0.203112 -0.124267 0
-0.209809 -0.112317 0
-0.194614 -0.102508 0
-0.201097 -0.0900602 0
-0.20972 -0.112097 0
-0.188086 -0.11504 0
-0.19457 -0.102591 0
-0.209676 -0.11218 0
-0.187967 -0.115021 0
-0.174144 -0.106579 0
-0.194451 -0.102573 0
-0.186777 -0.0295497 0
-0.202447 -0.0244922 0
-0.208205 -0.0380361 0
-0.170243 -0.0407973 0
-0.186588 -0.0296243 0
-0.183723 -0.0440216 0
-0.172872 -0.0273307 0
-0.174014 -0.0176875 0
-0.186564 -0.0294912 0
-0.22761 -0.119479 0
-0.236215 -0.101461 0
-0.246558 -0.127293 0
-0.191501 -0.0699439 0
-0.180336 -0.0553265 0
-0.198385 -0.0477 0
-0.186754 -0.0813176 0
-0.191531 -0.0701718 0
-0.20101 -0.0898491 0
-0.181943 -0.0925391 0
-0.186721 -0.0813926 0
-0.200977 -0.0899241 0
-0.181843 -0.0925066 0
-0.171036 -0.0802251 0
-0.186621 -0.0813601 0
-0.194521 -0.102442 0
-0.181969 -0.0926098 0
-0.201004 -0.0899948 0
-0.174012 -0.106492 0
-0.161244 -0.098691 0
-0.181768 -0.0926524 0
-0.180158 -0.0552505 0
-0.166473 -0.0540019 0
-0.170164 -0.0409164 0
-0.186604 -0.0812732 0
-0.171019 -0.0801382 0
-0.17673 -0.0666204 0
-0.166342 -0.0539804 0
-0.154139 -0.0500296 0
-0.157049 -0.0397099 0
-0.170877 -0.080109 0
-0.157614 -0.0758116 0
-0.163026 -0.0633452 0
-0.19145 -0.0700937 0
-0.186672 -0.0812395 0
-0.176799 -0.0665867 0
-0.181757 -0.0925645 0
-0.161234 -0.0986031 0
-0.170951 -0.0802829 0
-0.149745 -0.0619489 0
-0.154103 -0.0501348 0
-0.162944 -0.0631986 0
-0.180216 -0.0552173 0
-0.170222 -0.0408832 0
-0.183701 -0.0441075 0
-0.163075 -0.0632271 0
-0.166437 -0.054114 0
-0.176636 -0.066473 0
-0.163 -0.0631722 0
-0.154159 -0.0501083 0
-0.166362 -0.0540591 0
-0.138671 -0.0573933 0
-0.154021 -0.0501153 0
-0.149663 -0.0619295 0
-0.157103 -0.0396791 0
-0.170086 -0.0408641 0
-0.166395 -0.0539496 0
-0.145882 -0.03507 0
-0.156942 -0.0396341 0
-0.142717 -0.0462923 0
-0.14594 -0.0349999 0
-0.159964 -0.0254163 0
-0.157 -0.039564 0
-0.160073 -0.0252623 0
-0.161626 -0.010892 0
-0.173888 -0.0176183 0
-0.219389 0.0140752 0
-0.204156 8.78159e-05 0
-0.20335 0.0121803 0
-0.219446 0.0140344 0
-0.220427 4.7089e-05 0
-0.204213 4.71009e-05 0
-0.237273 0.0186715 0
-0.21955 0.0141908 0
-0.21857 0.0281784 0
-0.237338 0.0185773 0
-0.238065 0.000109258 0
-0.219616 0.0140966 0
-0.257128 6.71213e-05 0
-0.238254 6.71492e-05 0
-0.256343 0.0200088 0
-0.237338 -0.0185774 0
-0.219616 -0.0140966 0
-0.238065 -0.000109274 0
-0.219434 -0.0142101 0
-0.218453 -0.0281977 0
-0.20259 -0.0244079 0
-0.238009 -4.70928e-05 0
-0.21956 -0.0140344 0
-0.220541 -4.71008e-05 0
-0.237273 -0.0186716 0
-0.21857 -0.0281785 0
-0.21955 -0.0141908 0
-0.245223 -0.0308995 0
-0.253281 -0.0434047 0
-0.23435 -0.0419183 0
-0.256301 -0.0201737 0
-0.245244 -0.0307441 0
-0.237485 -0.0187002 0
-0.256354 -0.0202563 0
-0.253355 -0.0433321 0
-0.245297 -0.0308268 0
-0.144419 -0.0736522 0
-0.159217 -0.0870271 0
-0.147045 -0.0945579 0
-0.149694 -0.0620692 0
-0.157481 -0.0757853 0
-0.144422 -0.0735059 0
-0.16309 -0.0633142 0
-0.176651 -0.0665601 0
-0.17094 -0.0800779 0
-0.148185 -0.0235099 0
-0.159934 -0.0253624 0
-0.14591 -0.034946 0
-0.148197 -0.0234324 0
-0.149568 -0.0118531 0
-0.159947 -0.025285 0
-0.157081 -0.0395834 0
-0.160045 -0.0254357 0
-0.170065 -0.0407684 0
-0.231314 -0.0871457 0
-0.245439 -0.0762367 0
-0.236224 -0.101182 0
-0.218075 -0.0954018 0
-0.231222 -0.08721 0
-0.236132 -0.101246 0
-0.226554 -0.0735354 0
-0.245407 -0.076144 0
-0.231281 -0.0870529 0
-0.213855 -0.0814659 0
-0.226449 -0.0735533 0
-0.231176 -0.0870708 0
-0.201188 -0.089934 0
-0.213726 -0.0815484 0
-0.217899 -0.095345 0
-0.209764 -0.0681153 0
-0.226377 -0.0734897 0
-0.213783 -0.0814023 0
-0.234208 -0.0418271 0
-0.218619 -0.0282712 0
-0.237322 -0.0187643 0
-0.249973 -0.0598623 0
-0.231621 -0.0554776 0
-0.234294 -0.0420555 0
-0.214474 -0.0512985 0
-0.218542 -0.0283804 0
-0.234131 -0.0419363 0
-0.209783 -0.0679551 0
-0.214435 -0.0514764 0
-0.23142 -0.0555362 0
-0.209673 -0.0679288 0
-0.19856 -0.0476803 0
-0.214325 -0.05145 0
-0.219446 -0.0140345 0
-0.204213 -4.71093e-05 0
-0.220427 -4.71008e-05 0
-0.198381 -0.0475275 0
-0.183817 -0.0440442 0
-0.186682 -0.0296469 0
-0.208191 -0.0381133 0
-0.198462 -0.0475076 0
-0.186764 -0.029627 0
-0.214387 -0.0512857 0
-0.20835 -0.0381217 0
-0.218456 -0.0283676 0
-0.21432 -0.0513502 0
-0.198555 -0.0475805 0
-0.208284 -0.0381862 0
-0.209597 -0.067991 0
-0.191599 -0.0699864 0
-0.198483 -0.0477425 0
-0.188303 -0.0147744 0
-0.174027 -0.0175472 0
-0.175017 -0.000108109 0
-0.203195 -0.0121928 0
-0.188446 -0.0147666 0
-0.188565 -0.00312684 0
-0.202381 -0.0244145 0
-0.186711 -0.0294721 0
-0.188437 -0.0148956 0
-0.160098 -0.0253948 0
-0.17277 -0.0273941 0
-0.170118 -0.0407275 0
-0.188568 -0.00300773 0
-0.188687 0.00863203 0
-0.204004 1.88016e-05 0
-0.203247 -0.0121434 0
-0.188617 -0.00307745 0
-0.204053 -5.09071e-05 0
-0.188352 -0.0147259 0
-0.175065 -5.95848e-05 0
-0.18847 -0.00308612 0
-0.16011 -0.0253174 0
-0.173925 -0.0176735 0
-0.172783 -0.0273167 0
-0.161636 -0.0107488 0
-0.162057 -3.60858e-05 0
-0.174887 -3.60562e-05 0
-0.150037 -7.53126e-05 0
-0.161511 -0.010788 0
-0.149579 -0.0117265 0
-0.255918 -0.107846 0
-0.267195 -0.13579 0
-0.246756 -0.127369 0
-0.208284 0.0381862 0
-0.198555 0.0475804 0
-0.214321 0.0513502 0
-0.202553 0.0244879 0
-0.208311 0.0380318 0
-0.218416 0.0282776 0
-0.202444 0.024502 0
-0.185849 0.0324778 0
-0.208201 0.0380459 0
-0.219383 0.0141566 0
-0.203345 0.0122617 0
-0.20254 0.0243545 0
-0.187583 0.020889 0
-0.174475 0.0137894 0
-0.172877 0.0272889 0
-0.263681 -0.087249 0
-0.27014 -0.0648866 0
-0.285194 -0.0923869 0
-0.269963 -0.0647407 0
-0.245615 -0.0760241 0
-0.250139 -0.0600068 0
-0.277146 -0.114391 0
-0.263705 -0.0874151 0
-0.285217 -0.0925531 0
-0.255814 -0.107731 0
-0.246652 -0.127254 0
-0.23631 -0.101421 0
-0.231502 -0.0554492 0
-0.214517 -0.0513894 0
-0.234175 -0.0420271 0
-0.263548 -0.0871944 0
-0.24566 -0.0761153 0
-0.270008 -0.0648319 0
-0.234297 -0.0418356 0
-0.237411 -0.0187728 0
-0.24517 -0.0308168 0
-0.208311 -0.0380318 0
-0.202553 -0.0244879 0
-0.218416 -0.0282776 0
-0.201086 -0.0898048 0
-0.191608 -0.0701276 0
-0.209605 -0.0681321 0
-0.170206 -0.0407415 0
-0.172859 -0.0274081 0
-0.186551 -0.0295685 0
-0.20335 -0.0121803 0
-0.204156 -8.78243e-05 0
-0.219389 -0.0140752 0
-0.20254 -0.0243545 0
-0.203345 -0.0122618 0
-0.219383 -0.0141566 0
-0.202436 -0.0243568 0
-0.188492 -0.0148379 0
-0.203241 -0.012264 0
-0.277789 -0.00165414 0
-0.27701 0.0215992 0
-0.299849 6.71118e-05 0
-0.238254 -6.71663e-05 0
-0.257128 -6.71648e-05 0
-0.256343 -0.0200088 0
-0.256472 0.0200812 0
-0.276796 0.0216721 0
-0.257257 0.000139637 0
-0.161545 -0.0108725 0
-0.159991 -0.0252428 0
-0.149613 -0.0118109 0
-0.149619 0.0117327 0
-0.161478 0.0126618 0
-0.161972 8.15537e-05 0
-0.186616 -0.0294494 0
-0.174066 -0.0176457 0
-0.188342 -0.0148729 0
-0.149581 0.0116904 0
-0.161934 3.91963e-05 0
-0.150039 3.92295e-05 0
-0.256277 -0.020071 0
-0.237461 -0.0185974 0
-0.238188 -0.000129348 0
-0.296168 -0.0467306 0
-0.27411 -0.0450013 0
-0.276985 -0.0219113 0
-0.23158 -0.0556366 0
-0.245408 -0.0760386 0
-0.226555 -0.07343 0
-0.209824 -0.0680287 0
-0.231461 -0.0556097 0
-0.226436 -0.0734031 0
-0.234367 -0.0420153 0
-0.253297 -0.0435018 0
-0.250046 -0.0598221 0
-0.273899 -0.0449847 0
-0.253451 -0.0433796 0
-0.25645 -0.0203039 0
-0.250011 -0.0599761 0
-0.245487 -0.0759934 0
-0.231659 -0.0555915 0
-0.273944 -0.0451333 0
-0.270069 -0.0645823 0
-0.253496 -0.0435282 0
-0.270234 -0.0648285 0
-0.291618 -0.0699304 0
-0.285288 -0.0923288 0
-0.253417 -0.0435777 0
-0.269989 -0.0646318 0
-0.250166 -0.059898 0
-0.274072 -0.0452214 0
-0.29158 -0.0697723 0
-0.270196 -0.0646703 0
-0.276852 -0.0218224 0
-0.273977 -0.0449124 0
-0.256529 -0.0202315 0
-0.296217 -0.046891 0
-0.291667 -0.0697126 0
-0.274159 -0.0451617 0
-0.148225 0.0235131 0
-0.157883 0.0358813 0
-0.159975 0.0253656 0
-0.277007 -0.0216891 0
-0.277786 -0.00187743 0
-0.29893 -0.0234033 0
-0.296251 -0.0466587 0
-0.277069 -0.0218394 0
-0.298992 -0.0235536 0
-0.256475 -0.0200145 0
-0.25726 -7.29602e-05 0
-0.277578 -0.00179377 0
-0.27027 0.064676 0
-0.291654 0.0697783 0
-0.296204 0.0469567 0
-0.25415 0.0402496 0
-0.270072 0.0645597 0
-0.274488 0.0417112 0
-0.250139 0.0600068 0
-0.245614 0.0760238 0
-0.269962 0.0647405 0
-0.145903 0.0349814 0
-0.157836 0.0359135 0
-0.148178 0.0235453 0
-0.169105 0.0446772 0
-0.166467 0.0540246 0
-0.179651 0.0582934 0
-0.172846 0.0274691 0
-0.169139 0.0445406 0
-0.183673 0.0440269 0
-0.185681 0.0324302 0
-0.187621 0.0209515 0
-0.172914 0.0273514 0
-0.198377 0.0475373 0
-0.185754 0.032575 0
-0.183814 0.044054 0
-0.202375 0.0244446 0
-0.18772 0.0209418 0
-0.18578 0.0324204 0
-0.174383 0.0138042 0
-0.160112 0.0253044 0
-0.172785 0.0273037 0
-0.157933 0.0360341 0
-0.15415 0.0499859 0
-0.168991 0.0445892 0
-0.157483 0.0757796 0
-0.149696 0.0620634 0
-0.145207 0.0718024 0
-0.17273 0.0273778 0
-0.160057 0.0253786 0
-0.157965 0.0358942 0
-0.162055 8.80879e-05 0
-0.161561 0.0126683 0
-0.174352 0.0136709 0
-0.188543 0.00868796 0
-0.175019 7.47424e-05 0
-0.174485 0.0136575 0
-0.161553 -0.0107488 0
-0.150079 -3.6083e-05 0
-0.161974 -3.60859e-05 0
-0.149568 0.0118531 0
-0.148197 0.0234324 0
-0.159947 0.025285 0
-0.145872 0.0351047 0
-0.142707 0.0463271 0
-0.154022 0.0499886 0
-0.185835 0.0325551 0
-0.198459 0.0475174 0
-0.208188 0.0381231 0
-0.29892 0.0235368 0
-0.276996 0.021822 0
-0.27466 0.0415123 0
-0.277863 -0.00180493 0
-0.299923 -8.36509e-05 0
-0.299007 -0.0233308 0
-0.256541 -0.020087 0
-0.277644 -0.00186626 0
-0.276865 -0.0216779 0
-0.257328 6.66984e-05 0
-0.276867 0.0215992 0
-0.277647 -0.00165414 0
-0.254104 0.040101 0
-0.274442 0.0415626 0
-0.256454 0.0202814 0
-0.299004 0.023398 0
-0.29992 0.000151174 0
-0.277081 0.0216832 0
-0.154179 0.0500461 0
-0.166382 0.0539969 0
-0.169019 0.0446495 0
-0.149677 0.0618926 0
-0.154035 0.0500785 0
-0.14272 0.046417 0
-0.149744 0.0619489 0
-0.162944 0.0631985 0
-0.154103 0.0501348 0
-0.149625 0.0619171 0
-0.142668 0.0464415 0
-0.138633 0.0573809 0
-0.133706 0.0680753 0
-0.14509 0.0717613 0
-0.138587 0.0574862 0
-0.194521 0.102442 0
-0.201004 0.0899948 0
-0.181968 0.0926093 0
-0.174124 0.106504 0
-0.19443 0.102498 0
-0.181878 0.0926647 0
-0.188064 0.11508 0
-0.202957 0.124171 0
-0.194547 0.102632 0
-0.27706 0.114604 0
-0.25602 0.107803 0
-0.267297 0.135748 0
-0.214477 0.0512826 0
-0.235073 0.0372127 0
-0.218545 0.0283645 0
-0.194201 0.0629214 0
-0.214273 0.0514332 0
-0.198508 0.0476635 0
-0.22776 0.0687111 0
-0.231481 0.0555387 0
-0.214496 0.0514789 0
-0.236196 0.101165 0
-0.245411 0.0762197 0
-0.223001 0.082155 0
-0.264771 0.0838879 0
-0.291549 0.0699022 0
-0.270165 0.0647999 0
-0.2916 0.0699948 0
-0.264822 0.0839805 0
-0.285269 0.0923933 0
-0.209771 0.0679994 0
-0.227687 0.0687529 0
-0.214423 0.0515207 0
-0.188661 0.0779541 0
-0.209572 0.0680689 0
-0.194153 0.0630784 0
-0.201218 0.0899361 0
-0.21793 0.0953471 0
-0.222792 0.0821814 0
-0.237444 0.0187881 0
-0.235268 0.0371432 0
-0.25391 0.0400813 0
-0.238188 0.000129331 0
-0.237461 0.0185974 0
-0.256277 0.0200709 0
-0.238009 4.70759e-05 0
-0.220541 4.70889e-05 0
-0.21956 0.0140344 0
-0.209659 0.0679801 0
-0.214311 0.0515013 0
-0.194239 0.0629896 0
-0.222853 0.0820198 0
-0.227715 0.0688552 0
-0.209799 0.0681018 0
-0.236104 0.101229 0
-0.222909 0.0822193 0
-0.218047 0.095385 0
-0.245383 0.0761114 0
-0.227835 0.0688821 0
-0.222973 0.0820467 0
-0.227879 0.0687395 0
-0.249952 0.0599518 0
-0.2316 0.0555671 0
-0.218456 0.0283676 0
-0.20835 0.0381217 0
-0.214387 0.0512857 0
-0.237325 0.0187484 0
-0.218622 0.0282553 0
-0.23515 0.0371035 0
-0.203193 0.0122319 0
-0.188682 0.00875258 0
-0.187732 0.0208218 0
-0.218453 0.0281977 0
-0.219434 0.01421 0
-0.20259 0.0244079 0
-0.204053 6.97045e-05 0
-0.188737 0.00868294 0
-0.203248 0.0121622 0
-0.183794 0.0441403 0
-0.179807 0.0582701 0
-0.198358 0.0476235 0
-0.185668 0.0325075 0
-0.172901 0.0274288 0
-0.183728 0.0439866 0
-0.203239 0.0122843 0
-0.187778 0.0208742 0
-0.202434 0.024377 0
-0.188586 0.00875759 0
-0.174528 0.0137272 0
-0.187636 0.0208268 0
-0.17493 4.57347e-05 0
-0.1621 4.57305e-05 0
-0.174397 0.0136286 0
-0.188471 -0.00300774 0
-0.175066 1.88164e-05 0
-0.18859 0.00863204 0
-0.173938 -0.0175339 0
-0.161676 -0.0108075 0
-0.174927 -9.47734e-05 0
-0.17276 0.027442 0
-0.157995 0.0359584 0
-0.169053 0.0445136 0
-0.161554 0.0127527 0
-0.160074 0.0252556 0
-0.174345 0.0137553 0
-0.161471 0.0127462 0
-0.149612 0.0118172 0
-0.159991 0.0252491 0
-0.166447 0.0540868 0
-0.163085 0.0631997 0
-0.179631 0.0583555 0
-0.145923 0.0350701 0
-0.154073 0.0499539 0
-0.157856 0.0360022 0
-0.222764 0.0820902 0
-0.20971 0.0681722 0
-0.201191 0.0898449 0
-0.179842 0.0583332 0
-0.194086 0.0629446 0
-0.198392 0.0476866 0
-0.179744 0.0584656 0
-0.17466 0.0722413 0
-0.188496 0.0779526 0
-0.231505 0.0554333 0
-0.235117 0.0373035 0
-0.21452 0.0513735 0
-0.245473 0.0760375 0
-0.249998 0.0600204 0
-0.227926 0.0688082 0
-0.249977 0.0598464 0
-0.235236 0.037332 0
-0.231624 0.0554617 0
-0.250051 0.0597952 0
-0.253952 0.0402188 0
-0.235311 0.0372808 0
-0.264617 0.0839087 0
-0.270011 0.0648207 0
-0.245663 0.076104 0
-0.269991 0.0646207 0
-0.254068 0.0403106 0
-0.250168 0.059887 0
-0.298984 0.0236204 0
-0.274725 0.0415959 0
-0.296243 0.0467251 0
-0.276854 0.0218109 0
-0.25653 0.0202201 0
-0.274518 0.0415012 0
-0.25633 0.0202048 0
-0.237514 0.0187313 0
-0.25398 0.0400244 0
-0.174144 0.106579 0
-0.187967 0.115021 0
-0.194451 0.102573 0
-0.274628 0.0417334 0
-0.270213 0.0645819 0
-0.296147 0.0468625 0
-0.139011 0.0829239 0
-0.13365 0.0681825 0
-0.127952 0.0783559 0
-0.145212 0.071889 0
-0.151114 0.0878717 0
-0.157488 0.0758662 0
-0.138641 0.0574658 0
-0.145144 0.071741 0
-0.149633 0.0620019 0
-0.139127 0.0829682 0
-0.151052 0.0878955 0
-0.14515 0.0719129 0
-0.131091 0.0951185 0
-0.139003 0.0830143 0
-0.127944 0.0784463 0
-0.131141 0.0952324 0
-0.14152 0.102756 0
-0.140263 0.092757 0
-0.2502 0.0927331 0
-0.264551 0.0840023 0
-0.245597 0.0761977 0
-0.236287 0.1012 0
-0.250105 0.0927908 0
-0.245502 0.0762554 0
-0.236321 0.101306 0
-0.255826 0.107615 0
-0.25014 0.092896 0
-0.212249 0.107957 0
-0.229066 0.116486 0
-0.217988 0.0955221 0
-0.255921 0.107558 0
-0.264586 0.0841076 0
-0.250235 0.0928383 0
-0.229244 0.116566 0
-0.247409 0.125774 0
-0.236223 0.101446 0
-0.27712 0.114459 0
-0.285192 0.0926212 0
-0.25608 0.107658 0
-0.256038 0.107557 0
-0.28515 0.0925193 0
-0.264703 0.0841065 0
-0.131032 0.0951357 0
-0.127885 0.0784636 0
-0.121407 0.0881586 0
-0.212156 0.107868 0
-0.217894 0.0954333 0
-0.201183 0.0900224 0
-0.20312 0.124252 0
-0.219212 0.13407 0
-0.212167 0.108112 0
-0.193317 0.16915 0
-0.207957 0.15101 0
-0.189709 0.143738 0
-0.219299 0.134045 0
-0.22907 0.116616 0
-0.212254 0.108086 0
-0.225618 0.161445 0
-0.219274 0.134338 0
-0.208164 0.150953 0
-0.225714 0.161425 0
-0.236753 0.144917 0
-0.21937 0.134318 0
-0.247538 0.125984 0
-0.236986 0.144804 0
-0.267134 0.135909 0
-0.255921 0.107841 0
-0.247602 0.12586 0
-0.267198 0.135785 0
-0.229188 0.116675 0
-0.219417 0.134104 0
-0.247353 0.125884 0
-0.141662 0.102829 0
-0.152875 0.110956 0
-0.161039 0.09874 0
-0.113579 0.169263 0
-0.098757 0.161194 0
-0.0992289 0.178063 0
-0.128466 0.168248 0
-0.113763 0.169298 0
-0.124349 0.181674 0
-0.143056 0.167609 0
-0.128564 0.168242 0
-0.124447 0.181669 0
-0.13245 0.155177 0
-0.111182 0.152916 0
-0.128485 0.168105 0
-0.110984 0.152847 0
-0.102844 0.141649 0
-0.0987604 0.161018 0
-0.128422 0.168152 0
-0.11112 0.152963 0
-0.113718 0.169202 0
-0.132482 0.15505 0
-0.129099 0.137826 0
-0.120157 0.145308 0
-0.11102 0.152939 0
-0.0987966 0.16111 0
-0.113619 0.169178 0
-0.119998 0.145313 0
-0.102915 0.141596 0
-0.111055 0.152794 0
-0.120841 0.126428 0
-0.113702 0.133028 0
-0.129038 0.137689 0
-0.120755 0.126326 0
-0.113167 0.115899 0
-0.103821 0.124339 0
-0.0926742 0.140316 0
-0.0830403 0.13911 0
-0.087972 0.15103 0
-0.0952383 0.131136 0
-0.0927645 0.140257 0
-0.102771 0.141507 0
-0.0951722 0.131128 0
-0.0830644 0.139043 0
-0.0926984 0.140249 0
-0.103701 0.124441 0
-0.095275 0.131083 0
-0.102808 0.141454 0
-0.120756 0.126383 0
-0.103822 0.124397 0
-0.113617 0.132983 0
-0.113089 0.115858 0
-0.0974908 0.114101 0
-0.103742 0.124298 0
-0.0881587 0.121407 0
-0.0784636 0.127885 0
-0.0951416 0.131028 0
-0.0794708 0.155973 0
-0.0802426 0.170856 0
-0.0985795 0.161126 0
-0.208133 0.15111 0
-0.210086 0.181256 0
-0.225587 0.161603 0
-0.208025 0.151136 0
-0.193385 0.169276 0
-0.209978 0.181282 0
-0.177748 0.158178 0
-0.168441 0.168244 0
-0.181789 0.181539 0
-0.188503 0.0780667 0
-0.174667 0.0723554 0
-0.18186 0.0924688 0
-0.169162 0.044644 0
-0.179709 0.0582602 0
-0.183696 0.0441303 0
-0.188592 0.0781257 0
-0.181948 0.0925277 0
-0.200984 0.0899132 0
-0.209596 0.0681586 0
-0.188684 0.0780439 0
-0.201076 0.0898314 0
-0.194053 0.063046 0
-0.179809 0.0584347 0
-0.188561 0.0779218 0
-0.163112 0.0632605 0
-0.174574 0.072192 0
-0.179659 0.0584163 0
-0.168302 0.0857905 0
-0.151203 0.0879942 0
-0.161123 0.0986062 0
-0.163038 0.0633188 0
-0.157626 0.0757853 0
-0.174501 0.0722502 0
-0.162955 0.0632845 0
-0.149756 0.0620348 0
-0.157543 0.075751 0
-0.154159 0.0501083 0
-0.162999 0.0631721 0
-0.166362 0.0540591 0
-0.157566 0.0759126 0
-0.151191 0.0879181 0
-0.16829 0.0857143 0
-0.133707 0.0681606 0
-0.139069 0.082902 0
-0.145092 0.0718466 0
-0.165018 0.119941 0
-0.143805 0.122704 0
-0.155191 0.132404 0
-0.14033 0.0927328 0
-0.141587 0.102732 0
-0.151044 0.0880312 0
-0.139111 0.0830379 0
-0.140322 0.0926667 0
-0.151036 0.0879651 0
-0.139044 0.0830621 0
-0.131133 0.0951663 0
-0.140255 0.0926909 0
-0.131021 0.0952202 0
-0.121395 0.0882431 0
-0.12438 0.103645 0
-0.11412 0.0974074 0
-0.124323 0.103652 0
-0.121338 0.0882505 0
-0.174478 0.134508 0
-0.163494 0.147656 0
-0.177707 0.157952 0
-0.128139 0.118537 0
-0.120889 0.126379 0
-0.129087 0.13764 0
-0.124417 0.103797 0
-0.128172 0.118371 0
-0.13542 0.110529 0
-0.124343 0.103814 0
-0.113261 0.115803 0
-0.128097 0.118389 0
-0.112168 0.188977 0
-0.113624 0.169356 0
-0.0992739 0.178156 0
-0.15319 0.157559 0
-0.144302 0.144335 0
-0.132644 0.155113 0
-0.158129 0.177536 0
-0.153271 0.157712 0
-0.143251 0.167559 0
-0.163312 0.147687 0
-0.144405 0.14431 0
-0.153293 0.157534 0
-0.120007 0.145247 0
-0.113612 0.133103 0
-0.102924 0.14153 0
-0.132422 0.1551 0
-0.120097 0.145358 0
-0.111154 0.15284 0
-0.129036 0.137752 0
-0.1137 0.133091 0
-0.120094 0.145234 0
-0.135485 0.110592 0
-0.128236 0.118434 0
-0.143616 0.122626 0
-0.152797 0.111061 0
-0.135567 0.110568 0
-0.143698 0.122601 0
-0.141504 0.102816 0
-0.131125 0.0952917 0
-0.135487 0.110449 0
-0.103659 0.124317 0
-0.0974074 0.11412 0
-0.0882505 0.121338 0
-0.124427 0.103719 0
-0.13543 0.110452 0
-0.131068 0.0952948 0
-0.113214 0.115733 0
-0.124296 0.103744 0
-0.114092 0.0974996 0
-0.113249 0.115879 0
-0.120836 0.126306 0
-0.128086 0.118464 0
-0.203037 0.124147 0
-0.212084 0.108006 0
-0.194628 0.102608 0
-0.207989 0.15086 0
-0.203007 0.124427 0
-0.189742 0.143587 0
-0.208088 0.150828 0
-0.219199 0.134214 0
-0.203106 0.124396 0
-0.236826 0.144799 0
-0.247378 0.125978 0
-0.219443 0.134199 0
-0.255629 0.156417 0
-0.236875 0.144992 0
-0.225835 0.161499 0
-0.255767 0.156332 0
-0.267162 0.136011 0
-0.237014 0.144906 0
-0.236125 0.101344 0
-0.218068 0.0954999 0
-0.229146 0.116464 0
-0.114031 0.0975074 0
-0.106116 0.10607 0
-0.113153 0.115741 0
-0.255817 0.107726 0
-0.236312 0.101416 0
-0.247498 0.125745 0
-0.177857 0.158054 0
-0.193216 0.169174 0
-0.189608 0.143761 0
-0.174565 0.134494 0
-0.177795 0.157938 0
-0.189546 0.143645 0
-0.181728 0.181687 0
-0.158311 0.177701 0
-0.169484 0.193008 0
-0.242692 0.175892 0
-0.255648 0.156521 0
-0.225855 0.161603 0
-0.177687 0.158064 0
-0.163473 0.147769 0
-0.168379 0.16813 0
-0.228162 0.194321 0
-0.2426 0.176019 0
-0.225763 0.16173 0
-0.106061 0.106125 0
-0.0974986 0.11404 0
-0.113097 0.115797 0
-0.0952262 0.131016 0
-0.103652 0.124374 0
-0.0882432 0.121395 0
-0.0633096 0.162967 0
-0.0793174 0.15592 0
-0.0696333 0.153117 0
-0.0583347 0.179639 0
-0.0631874 0.163091 0
-0.0540661 0.166458 0
-0.0377773 0.157641 0
-0.0274027 0.172782 0
-0.0444902 0.169068 0
-0.0558075 0.196098 0
-0.0699779 0.191482 0
-0.0583632 0.179833 0
-0.0583855 0.179668 0
-0.0692017 0.175313 0
-0.0632382 0.163121 0
-0.14707 0.186338 0
-0.158108 0.177632 0
-0.143231 0.167656 0
-0.124509 0.181729 0
-0.146957 0.186352 0
-0.143118 0.167669 0
-0.135974 0.195244 0
-0.148307 0.209639 0
-0.147013 0.186537 0
-0.116811 0.229055 0
-0.126083 0.247165 0
-0.134262 0.219262 0
-0.124387 0.203069 0
-0.116805 0.228907 0
-0.134256 0.219114 0
-0.101559 0.236113 0
-0.125973 0.247222 0
-0.116701 0.229111 0
-0.181872 0.181542 0
-0.19319 0.169301 0
-0.177831 0.158181 0
-0.196276 0.196103 0
-0.181855 0.181748 0
-0.169612 0.19307 0
-0.196356 0.196023 0
-0.193253 0.169428 0
-0.181934 0.181669 0
-0.134431 0.219162 0
-0.145097 0.236486 0
-0.148295 0.209886 0
-0.176358 0.242273 0
-0.194672 0.227821 0
-0.16477 0.223491 0
-0.129163 0.137628 0
-0.143595 0.122717 0
-0.128215 0.118525 0
-0.103762 0.124447 0
-0.102869 0.14146 0
-0.113557 0.133034 0
-0.132563 0.155047 0
-0.144222 0.144268 0
-0.129179 0.137822 0
-0.124451 0.202956 0
-0.13432 0.219001 0
-0.135852 0.19533 0
-0.124409 0.181877 0
-0.124418 0.202832 0
-0.135819 0.195205 0
-0.0955691 0.217995 0
-0.101457 0.236015 0
-0.116599 0.229013 0
-0.168449 0.0857178 0
-0.181793 0.0924945 0
-0.174599 0.0723811 0
-0.157644 0.0758603 0
-0.168368 0.085662 0
-0.174518 0.0723252 0
-0.161225 0.0986216 0
-0.181748 0.0925825 0
-0.168404 0.0858059 0
-0.141656 0.102752 0
-0.161033 0.0986631 0
-0.151114 0.0880511 0
-0.152954 0.111012 0
-0.165068 0.11979 0
-0.161118 0.0987969 0
-0.13556 0.110501 0
-0.15279 0.110995 0
-0.141577 0.102868 0
-0.155293 0.132443 0
-0.174409 0.13433 0
-0.165121 0.11998 0
-0.188753 0.129157 0
-0.174602 0.134397 0
-0.189583 0.143548 0
-0.201105 0.090046 0
-0.194622 0.102493 0
-0.212078 0.107892 0
-0.174046 0.106637 0
-0.165228 0.119829 0
-0.187869 0.115079 0
-0.161244 0.098691 0
-0.174012 0.106492 0
-0.181767 0.0926519 0
-0.16523 0.119922 0
-0.174518 0.134272 0
-0.187871 0.115172 0
-0.161188 0.098782 0
-0.165139 0.119775 0
-0.173957 0.106583 0
-0.152896 0.111092 0
-0.143797 0.122632 0
-0.16501 0.11987 0
-0.129217 0.137714 0
-0.144259 0.14416 0
-0.143649 0.122803 0
-0.163419 0.147571 0
-0.174403 0.134422 0
-0.155288 0.132536 0
-0.188843 0.129028 0
-0.202937 0.124259 0
-0.188045 0.115169 0
-0.174597 0.134302 0
-0.188748 0.129062 0
-0.18795 0.115202 0
-0.189678 0.143515 0
-0.202943 0.124354 0
-0.188848 0.129123 0
-0.0878961 0.151099 0
-0.073603 0.144423 0
-0.0794129 0.155851 0
-0.0736149 0.144367 0
-0.087908 0.151043 0
-0.0829763 0.139123 0
-0.210153 0.181401 0
-0.228053 0.194339 0
-0.225654 0.161748 0
-0.169611 0.193164 0
-0.181683 0.20969 0
-0.196276 0.196196 0
-0.212178 0.21163 0
-0.228008 0.194507 0
-0.210108 0.181568 0
-0.169368 0.193024 0
-0.158195 0.177717 0
-0.147157 0.186423 0
-0.19469 0.227712 0
-0.181662 0.209896 0
-0.164788 0.223382 0
-0.181724 0.181604 0
-0.168376 0.168309 0
-0.158308 0.177618 0
-0.196512 0.196164 0
-0.212073 0.211635 0
-0.210002 0.181574 0
-0.193347 0.169427 0
-0.19645 0.196022 0
-0.209939 0.181432 0
-0.181825 0.209752 0
-0.211978 0.21173 0
-0.196418 0.196259 0
-0.164704 0.223267 0
-0.181577 0.209781 0
-0.169505 0.193254 0
-0.194848 0.227673 0
-0.211973 0.211836 0
-0.18182 0.209858 0
-0.112252 0.188989 0
-0.124294 0.181744 0
-0.113708 0.169368 0
-0.10008 0.196312 0
-0.112123 0.189067 0
-0.0992285 0.178247 0
-0.10011 0.196425 0
-0.108043 0.211955 0
-0.112152 0.18918 0
-0.169335 0.193131 0
-0.147125 0.18653 0
-0.148418 0.209632 0
-0.164593 0.223266 0
-0.169394 0.193254 0
-0.148477 0.209755 0
-0.16828 0.168229 0
-0.153355 0.157714 0
-0.158213 0.177538 0
-0.099989 0.1963 0
-0.0991374 0.178234 0
-0.0849832 0.185411 0
-0.0954564 0.217778 0
-0.0999748 0.196493 0
-0.0843994 0.203686 0
-0.108124 0.211976 0
-0.124285 0.202912 0
-0.112233 0.189202 0
-0.146933 0.186444 0
-0.124484 0.181822 0
-0.135894 0.19515 0
-0.143083 0.16752 0
-0.132557 0.155226 0
-0.128592 0.168154 0
-0.163392 0.147767 0
-0.153373 0.157614 0
-0.168298 0.168129 0
-0.144346 0.144143 0
-0.155121 0.132485 0
-0.143735 0.122785 0
-0.143166 0.167485 0
-0.153186 0.157637 0
-0.13264 0.15519 0
-0.163318 0.147603 0
-0.155187 0.132569 0
-0.144411 0.144226 0
-0.0735487 0.144308 0
-0.0829101 0.139065 0
-0.0681663 0.133705 0
-0.1344 0.219024 0
-0.148264 0.209748 0
-0.135932 0.195353 0
-0.108139 0.21211 0
-0.116718 0.228883 0
-0.1243 0.203046 0
-0.12433 0.181856 0
-0.112288 0.189101 0
-0.124339 0.202811 0
-0.0955912 0.217914 0
-0.116621 0.228933 0
-0.108043 0.21216 0
-0.126184 0.24735 0
-0.136193 0.26687 0
-0.145029 0.236771 0
-0.145291 0.236609 0
-0.176193 0.242303 0
-0.164605 0.22352 0
-0.0601496 0.15028 0
-0.057375 0.138635 0
-0.0464355 0.142671 0
-0.0830166 0.139002 0
-0.0951244 0.131087 0
-0.0784463 0.127944 0
-0.0681825 0.13365 0
-0.0829262 0.13901 0
-0.0783559 0.127952 0
-0.0880381 0.151038 0
-0.102747 0.141574 0
-0.0927403 0.140324 0
-0.0986054 0.16106 0
-0.08798 0.151155 0
-0.0794968 0.155907 0
-0.0986835 0.161012 0
-0.102767 0.141643 0
-0.0880581 0.151107 0
-0.068081 0.133703 0
-0.0574919 0.138585 0
-0.0734634 0.144307 0
-0.0500592 0.154046 0
-0.0601251 0.150332 0
-0.046411 0.142722 0
-0.125944 0.247311 0
-0.101529 0.236202 0
-0.107897 0.255659 0
-0.156642 0.255472 0
-0.145131 0.236798 0
-0.136295 0.266897 0
-0.145198 0.2365 0
-0.164511 0.223412 0
-0.148396 0.2099 0
-0.126178 0.24719 0
-0.145022 0.236611 0
-0.134357 0.219287 0
-0.156776 0.25539 0
-0.176166 0.24241 0
-0.145265 0.236716 0
-0.0692245 0.175408 0
-0.0584083 0.179763 0
-0.0700229 0.191412 0
-0.0847835 0.185385 0
-0.069313 0.175427 0
-0.0701114 0.191431 0
-0.0800905 0.170927 0
-0.063311 0.163092 0
-0.0692746 0.175284 0
-0.0601814 0.1504 0
-0.0501155 0.154114 0
-0.0631803 0.162952 0
-0.0377326 0.157482 0
-0.0349875 0.145902 0
-0.0235514 0.148177 0
-0.0631597 0.163006 0
-0.0500949 0.154167 0
-0.0540384 0.166373 0
-0.0695693 0.153098 0
-0.0602466 0.150396 0
-0.0632456 0.162949 0
-0.0735418 0.144429 0
-0.0696676 0.153055 0
-0.0793517 0.155858 0
-0.0734778 0.144411 0
-0.060281 0.150334 0
-0.0696036 0.153036 0
-0.0734371 0.144363 0
-0.0574656 0.13864 0
-0.0602402 0.150286 0
-0.0377003 0.157529 0
-0.023519 0.148224 0
-0.0253447 0.159988 0
-0.12606 0.247414 0
-0.108013 0.255762 0
-0.136069 0.266934 0
-0.0860951 0.231382 0
-0.101355 0.236023 0
-0.0954667 0.218002 0
-0.0859262 0.264188 0
-0.0927558 0.285044 0
-0.114635 0.276926 0
-0.0937819 0.249889 0
-0.0859066 0.263999 0
-0.107737 0.255761 0
-0.101422 0.23621 0
-0.093834 0.249796 0
-0.107789 0.255668 0
-0.101349 0.236129 0
-0.0860894 0.231488 0
-0.0937611 0.249715 0
-0.07618 0.245593 0
-0.0649182 0.269938 0
-0.0857045 0.264032 0
-0.046327 0.142707 0
-0.0351046 0.145872 0
-0.0499753 0.154031 0
-0.0540039 0.166479 0
-0.0446478 0.16912 0
-0.0582725 0.179659 0
-0.0127189 0.161571 0
-0.0136978 0.174374 0
-0.0252283 0.160089 0
-0.011817 0.149613 0
-0.0127126 0.161488 0
-0.025222 0.160006 0
0.00185839 0.162001 0
-0.00386394 0.174767 0
-0.0125955 0.161578 0
-0.0441295 0.183804 0
-0.0557207 0.196072 0
-0.0582765 0.179807 0
-0.0446145 0.169178 0
-0.0440922 0.183714 0
-0.0582392 0.179717 0
-0.0295635 0.186716 0
-0.0392077 0.20005 0
-0.0439782 0.183841 0
-0.0252771 0.160127 0
-0.0137466 0.174412 0
-0.027258 0.172808 0
-0.0244289 0.202456 0
-0.0391421 0.200112 0
-0.0294978 0.186778 0
-0.0140164 0.219667 0
-1.61295e-05 0.238142 0
-0.0185157 0.237385 0
-0.0146836 0.188486 0
-1.91313e-06 0.189073 0
-0.012099 0.203245 0
0.0143422 0.219634 0
0.0283472 0.218673 0
0.0279725 0.235931 0
0.000146399 0.204275 0
0.0141548 0.219535 0
0.000148233 0.220497 0
0.0123748 0.203417 0
0.0244799 0.202624 0
0.0142771 0.219472 0
-0.0406445 0.216484 0
-0.061955 0.211343 0
-0.0557214 0.196287 0
-0.0323563 0.235669 0
-0.0404537 0.21664 0
-0.0282544 0.218587 0
-0.0324474 0.235713 0
-0.0553844 0.2315 0
-0.0405447 0.216683 0
-0.0766955 0.215429 0
-0.0842103 0.203728 0
-0.0621709 0.211364 0
-0.0859239 0.231346 0
-0.0767238 0.215576 0
-0.0689233 0.227728 0
-0.0860127 0.231313 0
-0.0953844 0.217934 0
-0.0768126 0.215543 0
-0.0392952 0.200081 0
-0.055657 0.19614 0
-0.0440658 0.183872 0
-0.0404638 0.216467 0
-0.0391789 0.200212 0
-0.0244657 0.202555 0
-0.0405684 0.216446 0
-0.0556453 0.196249 0
-0.0392835 0.200191 0
-0.107807 0.255851 0
-0.0859767 0.26409 0
-0.114685 0.276828 0
-0.136031 0.267033 0
-0.107975 0.255861 0
-0.114853 0.276838 0
-0.0936763 0.249855 0
-0.0762765 0.245526 0
-0.085801 0.263965 0
0.0142009 0.219646 0
0.013881 0.23757 0
0.000194324 0.220608 0
0.0138337 0.237755 0
0.000121084 0.257148 0
0.000139339 0.238269 0
0.0515511 0.214658 0
0.0556222 0.231678 0
0.0421836 0.234326 0
0.0451378 0.274311 0
0.046841 0.2964 0
0.0220004 0.277126 0
-0.0600477 0.250101 0
-0.0648321 0.269892 0
-0.0760939 0.245546 0
-0.0554834 0.231419 0
-0.0619542 0.211461 0
-0.0406437 0.216602 0
-8.14534e-05 0.150037 0
-0.0126282 0.161454 0
-0.0117326 0.149579 0
0.0217609 0.277005 0
0.000184406 0.277797 0
0.0201929 0.256667 0
-0.0415562 0.274643 0
-0.0218243 0.277025 0
-0.0235922 0.298925 0
-0.0416005 0.274494 0
-0.0367947 0.254571 0
-0.0218686 0.276877 0
-0.0699392 0.291533 0
-0.0647681 0.2702 0
-0.0470669 0.296142 0
-0.0367116 0.254511 0
-0.0168333 0.256642 0
-0.0217855 0.276817 0
-0.0598394 0.250145 0
-0.0369221 0.254481 0
-0.0417279 0.274404 0
-0.0555779 0.231456 0
-0.0687727 0.227715 0
-0.0620486 0.211498 0
-0.0368455 0.254327 0
-0.0462663 0.24278 0
-0.0324045 0.235876 0
-0.0599922 0.249913 0
-0.0687658 0.227844 0
-0.055571 0.231585 0
-0.0647171 0.269989 0
-0.0599327 0.250198 0
-0.0418212 0.274456 0
-0.0469724 0.296085 0
-0.0646736 0.270143 0
-0.0417777 0.27461 0
-0.0701618 0.291477 0
-0.0926065 0.285093 0
-0.0857769 0.264237 0
-0.076807 0.21545 0
-0.0953787 0.217841 0
-0.0843217 0.20375 0
-0.0761941 0.245343 0
-0.0859222 0.231446 0
-0.0689215 0.227828 0
-0.0762772 0.245417 0
-0.093677 0.249746 0
-0.0860052 0.231519 0
-0.0700688 0.291426 0
-0.085684 0.264186 0
-0.0648977 0.270092 0
-0.0378531 0.157579 0
-0.044566 0.169005 0
-0.0499786 0.154158 0
-0.0350761 0.145922 0
-0.0378212 0.157501 0
-0.0499467 0.154081 0
-0.0253575 0.16007 0
-0.0273384 0.172752 0
-0.0377131 0.157611 0
-0.011853 0.149568 0
-0.0252579 0.159961 0
-0.0234323 0.148197 0
0.0141956 0.219477 0
0.00018714 0.204217 0
0.0122933 0.203423 0
-0.0404271 0.216529 0
-0.0244289 0.202617 0
-0.0282278 0.218476 0
0.00907559 0.181323 0
0.00544747 0.171435 0
0.0176246 0.174031 0
-0.00391592 0.174808 0
-0.0136263 0.174424 0
-0.0126474 0.16162 0
0.0209286 0.187769 0
0.0123457 0.203241 0
0.00910974 0.181475 0
5.20741e-05 0.204274 0
5.3908e-05 0.220497 0
-0.0139541 0.219497 0
-0.00387696 0.174947 0
2.56785e-05 0.188978 0
-0.014656 0.188391 0
0.0143307 0.219523 0
0.0245335 0.202675 0
0.0283357 0.218562 0
0.0001291 0.189125 0
0.0122461 0.203321 0
0.000139937 0.204115 0
0.0209802 0.18784 0
0.0245024 0.202518 0
0.0123973 0.203311 0
-0.01478 0.188336 0
-0.0272228 0.172903 0
-0.0137114 0.174507 0
-0.0761074 0.245405 0
-0.0688347 0.22789 0
-0.0600611 0.24996 0
-0.084917 0.185326 0
-0.0990712 0.178149 0
-0.0802624 0.171011 0
-0.0842642 0.203562 0
-0.0848337 0.185479 0
-0.0701616 0.191525 0
-0.0843641 0.203578 0
-0.0999394 0.196385 0
-0.0849336 0.185496 0
-0.0621487 0.211284 0
-0.0841881 0.203648 0
-0.0700855 0.191612 0
-0.0955356 0.217806 0
-0.107987 0.212051 0
-0.100054 0.196521 0
-0.0464206 0.242751 0
-0.0599173 0.249963 0
-0.055496 0.231635 0
-0.0324668 0.2358 0
-0.0463285 0.242703 0
-0.0554039 0.231587 0
-0.0369377 0.254375 0
-0.059855 0.25004 0
-0.0463584 0.242827 0
-3.57792e-05 0.150078 0
0.00187124 0.161918 0
-0.0125826 0.161496 0
4.56743e-05 0.150038 0
0.0116968 0.149581 0
0.00195274 0.161878 0
-0.0236762 0.29899 0
-0.0468349 0.296182 0
-0.0416401 0.274707 0
-0.000150966 0.299993 0
-0.0234533 0.29901 0
-0.0216854 0.277111 0
0.0234421 0.148237 0
0.0253411 0.160007 0
0.0146916 0.161266 0
0.0219115 0.276992 0
0.0203434 0.256655 0
0.0450489 0.274177 0
0.000151291 0.299994 0
0.0217718 0.277221 0
0.0234536 0.299157 0
-8.42692e-05 0.277796 0
-0.0216626 0.276895 0
-0.0167103 0.25672 0
7.30014e-05 0.299922 0
0.000116885 0.277942 0
0.0216935 0.27715 0
-7.23368e-05 0.299922 0
-0.0216068 0.27704 0
-2.84358e-05 0.277941 0
0.0210761 0.18768 0
0.0274539 0.172955 0
0.0381018 0.184994 0
-0.0186478 0.237562 0
-0.0168227 0.25651 0
-0.036701 0.254379 0
-0.0281813 0.218656 0
-0.018671 0.237373 0
-0.0322833 0.235739 0
-2.51344e-05 0.238266 0
-0.0166996 0.256456 0
-0.0185247 0.237508 0
0.00011186 0.277731 0
0.000142004 0.257343 0
0.0201203 0.256601 0
-1.14943e-05 0.277731 0
-0.0166376 0.256654 0
1.86527e-05 0.257343 0
0.0382842 0.184955 0
0.0447118 0.169215 0
0.0583627 0.1798 0
0.0177379 0.174057 0
0.0273856 0.172919 0
0.0210077 0.187643 0
0.0177525 0.173965 0
0.0253646 0.160131 0
0.0274002 0.172826 0
0.0634326 0.163083 0
0.0758958 0.157677 0
0.0802298 0.170979 0
0.0501207 0.154061 0
0.0464114 0.142722 0
0.0601794 0.150351 0
0.0632797 0.163002 0
0.0501773 0.154129 0
0.060236 0.150419 0
0.0500465 0.154172 0
0.0446888 0.169036 0
0.0397268 0.15708 0
0.0464358 0.142671 0
0.0573752 0.138635 0
0.0602038 0.150299 0
0.0219282 0.277209 0
0.0467688 0.296483 0
0.0236101 0.299145 0
0.0557647 0.231835 0
0.0761928 0.245733 0
0.0601534 0.250223 0
0.042212 0.234445 0
0.0556507 0.231797 0
0.0600394 0.250185 0
0.0203586 0.256449 0
0.0280433 0.23617 0
0.043474 0.2535 0
0.0285186 0.218651 0
0.0514602 0.214614 0
0.0420926 0.234283 0
0.0740793 0.207588 0
0.063272 0.19426 0
0.0849141 0.185671 0
0.0382657 0.20846 0
0.0514473 0.214528 0
0.0285057 0.218564 0
0.0478071 0.198615 0
0.0630727 0.194326 0
0.0515948 0.214414 0
0.0698739 0.291969 0
0.0470016 0.29645 0
0.0452985 0.27436 0
0.0601841 0.250352 0
0.0762235 0.245861 0
0.0649141 0.270213 0
0.0734818 0.14439 0
0.0602945 0.150305 0
0.057466 0.138641 0
0.0735934 0.144336 0
0.0681666 0.133705 0
0.0829474 0.139098 0
0.0879798 0.15112 0
0.0736599 0.144394 0
0.0830139 0.139157 0
0.0758632 0.157546 0
0.0603562 0.150369 0
0.0735436 0.144453 0
0.0279443 0.236118 0
0.0202597 0.256397 0
0.013994 0.237745 0
0.0599992 0.250258 0
0.0436539 0.253474 0
0.0421718 0.234518 0
0.084115 0.264916 0
0.0649943 0.270262 0
0.0763038 0.24591 0
0.064805 0.270239 0
0.0437298 0.253593 0
0.0600751 0.250378 0
0.0451214 0.274099 0
0.0204159 0.256577 0
0.0435313 0.253627 0
0.0934759 0.164176 0
0.0881156 0.151249 0
0.103801 0.157852 0
0.0632592 0.163056 0
0.0541476 0.166415 0
0.0501569 0.154183 0
0.073508 0.144334 0
0.0574921 0.138585 0
0.0680812 0.133703 0
0.0843078 0.265005 0
0.106226 0.257115 0
0.0927223 0.285521 0
0.0701564 0.291902 0
0.0841868 0.265121 0
0.0926012 0.285638 0
0.0986438 0.237913 0
0.116796 0.229576 0
0.126027 0.247808 0
0.0843271 0.264846 0
0.0984691 0.238062 0
0.106245 0.256956 0
0.0645738 0.219694 0
0.0556973 0.231629 0
0.0516262 0.214609 0
0.0647553 0.270319 0
0.0452702 0.274145 0
0.0436801 0.253673 0
0.0700637 0.291851 0
0.0649734 0.270416 0
0.084094 0.26507 0
0.0699338 0.291882 0
0.0453583 0.274273 0
0.0648434 0.270447 0
0.0850359 0.185449 0
0.0803605 0.171076 0
0.0933872 0.164334 0
0.12437 0.203344 0
0.108224 0.212364 0
0.103991 0.199346 0
0.0714292 0.182562 0
0.0585359 0.179772 0
0.0633451 0.163196 0
0.0632634 0.194176 0
0.0715171 0.182685 0
0.0849055 0.185587 0
0.0631749 0.194157 0
0.0585353 0.179876 0
0.0714286 0.182666 0
0.0739678 0.207685 0
0.0516826 0.214444 0
0.0631605 0.194356 0
0.095528 0.218123 0
0.0742045 0.20772 0
0.0900926 0.201362 0
0.0781456 0.225101 0
0.0762532 0.245648 0
0.0558251 0.23175 0
0.0954883 0.218202 0
0.0782713 0.224929 0
0.0741649 0.207799 0
0.0955697 0.218303 0
0.0984134 0.237799 0
0.0783526 0.22503 0
0.0462925 0.142717 0
0.0396821 0.156964 0
0.0350701 0.145882 0
0.058478 0.179718 0
0.0541755 0.166501 0
0.0632872 0.163142 0
0.038227 0.185149 0
0.0476795 0.198564 0
0.0382856 0.208295 0
0.0446083 0.169192 0
0.0381808 0.184932 0
0.0275329 0.172893 0
0.0336896 0.16485 0
0.0445932 0.169125 0
0.0275178 0.172826 0
0.0541133 0.166521 0
0.0584159 0.179738 0
0.0447649 0.169153 0
0.0583729 0.179898 0
0.0477469 0.198469 0
0.0382944 0.185053 0
0.115296 0.188143 0
0.10682 0.174263 0
0.129541 0.178636 0
0.139948 0.192945 0
0.124562 0.20321 0
0.129683 0.178749 0
0.143643 0.178414 0
0.140012 0.192862 0
0.129747 0.178666 0
0.134356 0.219776 0
0.126147 0.247747 0
0.116916 0.229515 0
0.124501 0.203469 0
0.13435 0.219628 0
0.11691 0.229367 0
0.151254 0.208601 0
0.164572 0.224107 0
0.145264 0.237142 0
0.0956983 0.218318 0
0.116694 0.229477 0
0.0985421 0.237814 0
0.0998451 0.186957 0
0.103848 0.199253 0
0.0902062 0.201229 0
0.124413 0.203445 0
0.116823 0.229343 0
0.108268 0.212465 0
0.0383301 0.208394 0
0.0477241 0.198663 0
0.0515118 0.214461 0
0.0246135 0.202637 0
0.0381756 0.20842 0
0.0284157 0.218524 0
0.0246462 0.202526 0
0.0381498 0.185162 0
0.0382083 0.208308 0
-0.0141107 0.219601 0
-0.01861 0.237319 0
-0.0281203 0.218602 0
0.0254091 0.159955 0
0.0235101 0.148185 0
0.0349462 0.14591 0
0.0463428 0.142745 0
0.0500521 0.154083 0
0.0397323 0.156992 0
0.0145745 0.161277 0
0.00200146 0.161916 0
0.0117456 0.149618 0
0.0177098 0.173926 0
0.0146724 0.161352 0
0.0253219 0.160093 0
0.0176431 0.173964 0
0.00546602 0.171368 0
0.0146058 0.16139 0
0.0336253 0.164819 0
0.0274535 0.172796 0
0.0254179 0.160101 0
0.0396077 0.157086 0
0.0336661 0.164767 0
0.0254586 0.160048 0
0.039672 0.157116 0
0.044634 0.169072 0
0.0337304 0.164797 0
0.0350002 0.14594 0
0.0396122 0.157022 0
0.0254631 0.159985 0
0.0500947 0.154203 0
0.0540854 0.166435 0
0.0447369 0.169068 0
-0.0148229 0.188475 0
-0.0243473 0.202417 0
-0.0294162 0.186739 0
-0.00392281 0.174898 0
-0.0147018 0.188343 0
-0.0136332 0.174513 0
0.000158955 0.189049 0
0.00904004 0.181479 0
0.012276 0.203245 0
-0.0120495 0.203297 0
4.75711e-05 0.189125 0
5.84083e-05 0.204115 0
0.00912759 0.181377 0
0.0176766 0.174086 0
0.0209465 0.187671 0
-0.00379764 0.174923 0
0.00898607 0.181384 0
0.000105017 0.188954 0
0.00541347 0.171328 0
0.00198021 0.161989 0
0.0145532 0.16135 0
-0.00377997 0.174864 0
0.00537564 0.171438 0
0.00900376 0.181325 0
-0.00380373 0.174799 0
0.00191863 0.162034 0
0.00535186 0.171373 0
-0.076644 0.215509 0
-0.0621193 0.211445 0
-0.0688434 0.227661 0
-0.0801627 0.171002 0
-0.0693468 0.175358 0
-0.0848172 0.185316 0
-0.0986454 0.1612 0
-0.0803085 0.17093 0
-0.0991173 0.178069 0
-0.0793526 0.15598 0
-0.0633448 0.163027 0
-0.0801244 0.170862 0
-0.0558199 0.196203 0
-0.0620535 0.211259 0
-0.0699903 0.191587 0
-0.0439385 0.18375 0
-0.0273732 0.172928 0
-0.0295237 0.186625 0
-0.0439888 0.183691 0
-0.0445111 0.169155 0
-0.0274235 0.17287 0
-0.0539762 0.166393 0
-0.0500327 0.154188 0
-0.0446201 0.169035 0
-0.0148327 0.188377 0
-0.0294261 0.186641 0
-0.0272755 0.172944 0
3.71036e-05 0.238332 0
1.8815e-05 0.257211 0
-0.0166374 0.256522 0
-0.0139541 0.21961 0
5.38884e-05 0.22061 0
4.61952e-05 0.238086 0
-0.0243407 0.202627 0
-0.0141299 0.219485 0
-0.0281395 0.218486 0
-0.0120966 0.203399 0
1.12867e-05 0.204217 0
-0.0139948 0.21944 0
-0.0242871 0.202576 0
-0.0121782 0.203394 0
-0.0140764 0.219434 0
-0.0242895 0.202472 0
-0.0147651 0.188531 0
-0.0121805 0.20329 0
0.0139009 0.237816 0
0.0201666 0.256467 0
0.000188279 0.257209 0
0.000147151 0.22067 0
0.0138338 0.237632 0
0.000139426 0.238146 0
0.0281161 0.236097 0
0.0420648 0.234471 0
0.0435469 0.253426 0
0.014294 0.219698 0
0.0279243 0.235994 0
0.013974 0.237622 0
0.0284401 0.218723 0
0.0420141 0.234354 0
0.0280654 0.23598 0
-0.0186998 0.237493 0
-0.036753 0.25431 0
-0.032312 0.235858 0
0.0146463 0.161231 0
0.0118174 0.149572 0
0.0233967 0.148202 0
0.0999383 0.18683 0
0.106721 0.174291 0
0.115197 0.18817 0
0.103932 0.19921 0
0.0999289 0.186913 0
0.115188 0.188254 0
0.124394 0.203263 0
0.104014 0.199265 0
0.11527 0.188309 0
0.108128 0.212414 0
0.0956876 0.218132 0
0.103894 0.199395 0
0.0851011 0.185502 0
0.0934524 0.164387 0
0.0997932 0.186788 0
0.0715742 0.182608 0
0.0802873 0.171138 0
0.0849626 0.18551 0
0.071502 0.182533 0
0.0634178 0.163166 0
0.0802151 0.171063 0
0.0478301 0.1985 0
0.0584561 0.179929 0
0.0630957 0.19421 0
0.0380922 0.185093 0
0.0245887 0.202457 0
0.0210664 0.187779 0
0.0603221 0.150431 0
0.0758291 0.157608 0
0.0633658 0.163014 0
0.0760221 0.157615 0
0.0880224 0.151248 0
0.0933827 0.164175 0
0.078356 0.127953 0
0.0829634 0.139043 0
0.0681826 0.13365 0
0.0952337 0.131023 0
0.0882222 0.121361 0
0.0973791 0.114142 0
0.0759558 0.157549 0
0.0736362 0.144456 0
0.0879561 0.151182 0
0.0784637 0.127885 0
0.0881588 0.121407 0
0.0951702 0.131069 0
0.098369 0.238024 0
0.084227 0.264808 0
0.0764158 0.245802 0
0.136064 0.267682 0
0.106511 0.256998 0
0.126118 0.247999 0
0.114703 0.27755 0
0.0928242 0.285563 0
0.106328 0.257157 0
0.158277 0.178023 0
0.147941 0.163744 0
0.168338 0.168725 0
0.14508 0.237259 0
0.126242 0.247773 0
0.13445 0.219802 0
0.10677 0.174102 0
0.103972 0.157917 0
0.125805 0.160691 0
0.085004 0.185694 0
0.0900573 0.201253 0
0.0741692 0.207612 0
0.0986089 0.238005 0
0.125992 0.2479 0
0.106385 0.256899 0
0.0957306 0.218233 0
0.108171 0.212515 0
0.116726 0.229392 0
0.0763959 0.245669 0
0.0782883 0.225121 0
0.0983491 0.237891 0
0.090192 0.201334 0
0.103834 0.199358 0
0.0956274 0.218095 0
0.0646351 0.219613 0
0.0516876 0.214529 0
0.0739728 0.207769 0
0.078168 0.224934 0
0.0647239 0.219648 0
0.0740616 0.207804 0
0.0781067 0.225014 0
0.0557862 0.231663 0
0.0646626 0.219728 0
0.08509 0.185625 0
0.0997821 0.186911 0
0.0901432 0.201183 0
0.124615 0.203398 0
0.151084 0.208473 0
0.134465 0.219558 0
0.1296 0.178733 0
0.12448 0.203194 0
0.115356 0.18824 0
0.145348 0.237258 0
0.164655 0.224223 0
0.176193 0.24318 0
0.136296 0.267644 0
0.145188 0.237447 0
0.156643 0.256292 0
0.134534 0.219671 0
0.151153 0.208586 0
0.145163 0.237127 0
0.14002 0.193044 0
0.151103 0.208384 0
0.124634 0.203309 0
0.14012 0.193011 0
0.154455 0.193364 0
0.151203 0.208351 0
0.136026 0.267781 0
0.114848 0.277491 0
0.106473 0.257097 0
0.105179 0.123236 0
0.0952906 0.13103 0
0.097436 0.114148 0
0.0927883 0.140385 0
0.102803 0.141669 0
0.0881099 0.151115 0
0.0952011 0.13117 0
0.0927461 0.140309 0
0.0831019 0.139076 0
0.0952673 0.131179 0
0.102827 0.141602 0
0.0928123 0.140318 0
0.113407 0.150856 0
0.122759 0.14392 0
0.12589 0.160567 0
0.102924 0.141726 0
0.113267 0.150839 0
0.103917 0.157776 0
0.102957 0.141644 0
0.113634 0.133229 0
0.1133 0.150756 0
0.113366 0.150764 0
0.113701 0.133237 0
0.122718 0.143828 0
0.088147 0.151174 0
0.10284 0.141727 0
0.103833 0.157777 0
0.0953088 0.131122 0
0.105197 0.123328 0
0.102868 0.141545 0
0.0784466 0.127944 0
0.0951531 0.131129 0
0.0830539 0.139035 0
0.105258 0.123335 0
0.113607 0.133137 0
0.10293 0.141552 0
0.106034 0.10615 0
0.105215 0.123153 0
0.0974721 0.114065 0
0.106125 0.106061 0
0.11404 0.0974987 0
0.115821 0.113145 0
0.105335 0.123209 0
0.11585 0.113291 0
0.12367 0.123784 0
0.147704 0.163719 0
0.129714 0.178509 0
0.126028 0.160726 0
0.13357 0.133805 0
0.122786 0.143771 0
0.113769 0.13318 0
0.152357 0.135259 0
0.133769 0.133743 0
0.143739 0.122958 0
0.144314 0.144518 0
0.135186 0.152502 0
0.133713 0.133872 0
0.15236 0.135331 0
0.144372 0.144461 0
0.133771 0.133815 0
0.160436 0.126104 0
0.152447 0.135233 0
0.143828 0.122933 0
0.160502 0.126188 0
0.163433 0.147923 0
0.152513 0.135317 0
0.147722 0.163632 0
0.126046 0.160639 0
0.135172 0.152655 0
0.210118 0.182007 0
0.208183 0.151708 0
0.224658 0.163768 0
0.176358 0.243152 0
0.164821 0.224194 0
0.194672 0.228735 0
0.169269 0.113949 0
0.160516 0.126001 0
0.150851 0.113473 0
0.189104 0.112456 0
0.169456 0.113857 0
0.178246 0.0995074 0
0.181787 0.124632 0
0.16062 0.126038 0
0.169373 0.113987 0
0.181805 0.124701 0
0.174547 0.134696 0
0.160637 0.126108 0
0.189329 0.112522 0
0.212125 0.108457 0
0.203079 0.124631 0
0.185491 0.0852109 0
0.196416 0.100271 0
0.178324 0.0993708 0
0.202135 0.0872189 0
0.207623 0.0742715 0
0.219962 0.0913054 0
0.18557 0.0851704 0
0.201983 0.0872853 0
0.196495 0.100231 0
0.185554 0.0850702 0
0.191589 0.0703868 0
0.201966 0.0871851 0
0.189624 0.144009 0
0.174645 0.134756 0
0.181902 0.124761 0
0.193376 0.169755 0
0.189774 0.144216 0
0.20801 0.151602 0
0.181029 0.155003 0
0.168466 0.168596 0
0.163555 0.148131 0
0.193286 0.169767 0
0.1812 0.154994 0
0.189684 0.144227 0
0.193216 0.169849 0
0.168566 0.168669 0
0.181129 0.155076 0
0.163364 0.148079 0
0.147878 0.163563 0
0.144456 0.144603 0
0.181561 0.210564 0
0.164693 0.224018 0
0.151376 0.208512 0
0.0927221 0.140376 0
0.0880438 0.151107 0
0.0830779 0.139143 0
0.125827 0.160614 0
0.103994 0.157839 0
0.113344 0.150902 0
0.135089 0.152589 0
0.125962 0.160573 0
0.122832 0.143926 0
0.133641 0.13387 0
0.135115 0.152499 0
0.122857 0.143836 0
0.144361 0.144618 0
0.147784 0.163578 0
0.135234 0.152601 0
0.129577 0.178544 0
0.106856 0.174171 0
0.12589 0.160761 0
0.0933569 0.164241 0
0.0803302 0.170983 0
0.0759963 0.157681 0
0.106662 0.174114 0
0.0935381 0.164252 0
0.103864 0.157929 0
0.106648 0.174211 0
0.0998655 0.18675 0
0.0935247 0.164349 0
0.141499 0.10299 0
0.133078 0.113671 0
0.123307 0.10529 0
0.157682 0.103944 0
0.14166 0.102922 0
0.147059 0.0948418 0
0.150674 0.113462 0
0.143731 0.122818 0
0.133177 0.113765 0
0.157694 0.104006 0
0.15075 0.113363 0
0.141673 0.102984 0
0.157787 0.104043 0
0.16926 0.113876 0
0.150842 0.113399 0
0.163444 0.14816 0
0.168355 0.168625 0
0.147958 0.163644 0
0.152459 0.135379 0
0.16338 0.147984 0
0.144471 0.144508 0
0.174642 0.134857 0
0.189622 0.14411 0
0.181137 0.154877 0
0.181788 0.182206 0
0.158391 0.178085 0
0.168451 0.168787 0
0.209975 0.182179 0
0.19649 0.19677 0
0.193405 0.170033 0
0.181578 0.210463 0
0.151392 0.208411 0
0.169531 0.193793 0
0.143669 0.178317 0
0.129773 0.178568 0
0.147763 0.163778 0
0.158195 0.178055 0
0.143764 0.178315 0
0.147858 0.163776 0
0.158217 0.178154 0
0.154491 0.193215 0
0.143787 0.178414 0
0.193218 0.16994 0
0.181905 0.182179 0
0.168568 0.16876 0
0.15443 0.193264 0
0.140095 0.192911 0
0.143726 0.178463 0
0.169464 0.193634 0
0.154577 0.193266 0
0.158303 0.178205 0
0.16944 0.193736 0
0.151301 0.208353 0
0.154554 0.193367 0
0.156776 0.25621 0
0.145321 0.237366 0
0.176166 0.243287 0
0.145086 0.237419 0
0.136194 0.267616 0
0.126247 0.247934 0
0.181792 0.18229 0
0.169555 0.193598 0
0.158395 0.178168 0
0.196396 0.19677 0
0.181998 0.182273 0
0.193312 0.170034 0
0.196317 0.19685 0
0.169682 0.19366 0
0.181919 0.182352 0
0.194848 0.228588 0
0.181865 0.210594 0
0.211973 0.21277 0
0.19469 0.228626 0
0.164839 0.224085 0
0.181707 0.210632 0
0.150667 0.113395 0
0.13317 0.113698 0
0.14159 0.103017 0
0.174486 0.134774 0
0.163507 0.147921 0
0.160576 0.126186 0
0.123662 0.12385 0
0.113677 0.133078 0
0.105328 0.123276 0
0.132994 0.113767 0
0.123762 0.123752 0
0.115943 0.113259 0
0.133573 0.133739 0
0.113772 0.133113 0
0.123757 0.123885 0
0.210014 0.182027 0
0.193444 0.169882 0
0.208078 0.151729 0
0.212178 0.212565 0
0.210143 0.182316 0
0.228008 0.195437 0
0.196316 0.196944 0
0.181728 0.210424 0
0.169682 0.193754 0
0.212073 0.21257 0
0.196553 0.196913 0
0.210037 0.182321 0
0.211978 0.212664 0
0.18187 0.210488 0
0.196458 0.197007 0
0.139016 0.0830788 0
0.131104 0.0951825 0
0.127944 0.0784467 0
0.22805 0.195274 0
0.210185 0.182153 0
0.224725 0.163914 0
0.141492 0.102928 0
0.1233 0.105228 0
0.131097 0.0953385 0
0.14432 0.0735278 0
0.133703 0.0680813 0
0.138585 0.0574922 0
0.142671 0.0464358 0
0.150292 0.0602145 0
0.138635 0.0573753 0
0.155853 0.0795903 0
0.147045 0.094694 0
0.139163 0.083081 0
0.150412 0.0602468 0
0.154126 0.0501802 0
0.162981 0.063302 0
0.142722 0.0464114 0
0.154058 0.0501236 0
0.150344 0.0601901 0
0.142707 0.0463273 0
0.145872 0.0351049 0
0.154043 0.0500394 0
0.157493 0.0904191 0
0.147106 0.0947186 0
0.155915 0.0796149 0
0.168351 0.0859222 0
0.157564 0.0903896 0
0.155986 0.0795854 0
0.168357 0.0860037 0
0.157806 0.103873 0
0.15757 0.0904711 0
0.224926 0.163769 0
0.255645 0.157374 0
0.242689 0.176795 0
0.228159 0.195257 0
0.224834 0.163897 0
0.242597 0.176922 0
0.229294 0.117083 0
0.236274 0.101914 0
0.247439 0.126403 0
0.219468 0.134666 0
0.229238 0.117193 0
0.247383 0.126513 0
0.219319 0.13466 0
0.203236 0.124734 0
0.22909 0.117187 0
0.208254 0.151489 0
0.219362 0.134845 0
0.236727 0.145569 0
0.208043 0.151451 0
0.189807 0.144065 0
0.203067 0.12488 0
0.236904 0.145685 0
0.255626 0.15727 0
0.224907 0.163665 0
0.208272 0.151586 0
0.236745 0.145666 0
0.224748 0.163646 0
0.236363 0.101885 0
0.255847 0.108287 0
0.247529 0.126374 0
0.163148 0.0633706 0
0.179712 0.0585627 0
0.174623 0.0723624 0
0.153138 0.069728 0
0.162997 0.0634316 0
0.155953 0.0794411 0
0.166487 0.0541857 0
0.179685 0.0585017 0
0.163121 0.0633096 0
0.162101 0.0449444 0
0.166398 0.0540961 0
0.154177 0.0500983 0
0.157934 0.036074 0
0.162073 0.0448839 0
0.154149 0.0500378 0
0.157991 0.0360305 0
0.17088 0.0370711 0
0.162129 0.0448404 0
0.162157 0.0449009 0
0.170908 0.0371316 0
0.166454 0.0540526 0
0.181997 0.124728 0
0.202979 0.124791 0
0.189719 0.143976 0
0.139025 0.0829882 0
0.127952 0.0783561 0
0.13365 0.0681827 0
0.155844 0.0795197 0
0.139154 0.0830103 0
0.144396 0.0736513 0
0.131005 0.09532 0
0.123208 0.10521 0
0.114148 0.0974363 0
0.146962 0.0947465 0
0.131168 0.0952372 0
0.13908 0.0831334 0
0.14697 0.0948128 0
0.141571 0.102893 0
0.131177 0.0953035 0
0.226573 0.0738834 0
0.243361 0.0828862 0
0.220164 0.0912896 0
0.183784 0.0441243 0
0.171048 0.0370475 0
0.186652 0.0296916 0
0.191498 0.0703375 0
0.185462 0.0850209 0
0.174737 0.0724741 0
0.211339 0.0622904 0
0.191657 0.0702064 0
0.196262 0.0560196 0
0.207528 0.0742012 0
0.20204 0.0871486 0
0.191663 0.0703503 0
0.150298 0.0603053 0
0.144376 0.0735016 0
0.138641 0.0574661 0
0.166401 0.0541577 0
0.163035 0.0632816 0
0.15418 0.0501598 0
0.153057 0.0696979 0
0.144424 0.0735427 0
0.150346 0.0603464 0
0.162978 0.0633674 0
0.15312 0.0696638 0
0.150409 0.0603122 0
0.155891 0.0794753 0
0.144443 0.0736069 0
0.153076 0.0697621 0
0.243461 0.0827824 0
0.226673 0.0737796 0
0.250041 0.0603568 0
0.255702 0.157146 0
0.23698 0.14556 0
0.24753 0.126683 0
0.203165 0.124849 0
0.219249 0.134775 0
0.208142 0.15142 0
0.189307 0.112441 0
0.196541 0.100393 0
0.212103 0.108375 0
0.169468 0.113942 0
0.189116 0.11254 0
0.181883 0.124587 0
0.178337 0.0994621 0
0.196428 0.100363 0
0.189194 0.112411 0
0.212369 0.108396 0
0.236156 0.101854 0
0.229177 0.117023 0
0.247409 0.126608 0
0.236858 0.145485 0
0.219493 0.134761 0
0.267198 0.136561 0
0.247632 0.12649 0
0.255951 0.108403 0
0.267198 0.136724 0
0.255803 0.157116 0
0.247632 0.126654 0
0.174561 0.0725077 0
0.168408 0.0858622 0
0.156043 0.0795254 0
0.191479 0.0702488 0
0.174718 0.0723854 0
0.179807 0.0585857 0
0.185385 0.085073 0
0.168507 0.0858809 0
0.17466 0.0725263 0
0.219978 0.0914194 0
0.212225 0.108261 0
0.20215 0.087333 0
0.178231 0.0993228 0
0.168518 0.0859708 0
0.185397 0.085163 0
0.202072 0.0873628 0
0.212146 0.108291 0
0.196584 0.100308 0
0.226453 0.0738543 0
0.220044 0.0912605 0
0.207705 0.0742267 0
0.212259 0.108472 0
0.229066 0.117099 0
0.203212 0.124647 0
0.181995 0.124623 0
0.189228 0.112576 0
0.202978 0.124685 0
0.220092 0.0914679 0
0.236126 0.101768 0
0.212339 0.10831 0
0.157735 0.103902 0
0.147112 0.0948001 0
0.157499 0.0905006 0
0.169351 0.113829 0
0.157878 0.103996 0
0.178142 0.099479 0
0.16043 0.126031 0
0.143823 0.12286 0
0.150766 0.113503 0
0.178138 0.0993857 0
0.157875 0.103903 0
0.168426 0.0860337 0
0.174555 0.13487 0
0.18105 0.15489 0
0.163576 0.148017 0
0.13312 0.113832 0
0.143674 0.122886 0
0.133704 0.133671 0
0.123822 0.123821 0
0.133053 0.113835 0
0.133638 0.133674 0
0.106096 0.106147 0
0.115791 0.113231 0
0.105276 0.12315 0
0.123221 0.105324 0
0.132992 0.113705 0
0.115941 0.113197 0
0.114097 0.0974961 0
0.123157 0.105269 0
0.115878 0.113143 0
0.114142 0.0973792 0
0.121361 0.0882223 0
0.130999 0.095263 0
0.131045 0.0951996 0
0.121407 0.0881589 0
0.127885 0.0784638 0
0.13908 0.0829722 0
0.133705 0.0681668 0
0.144322 0.0736133 0
0.15786 0.0359523 0
0.145903 0.0349816 0
0.148178 0.0235454 0
0.183716 0.0442061 0
0.166526 0.0540503 0
0.170981 0.0371293 0
0.154094 0.0500048 0
0.145923 0.0350704 0
0.15788 0.0360411 0
0.157908 0.0359201 0
0.148226 0.0235133 0
0.160001 0.0253941 0
0.255925 0.108095 0
0.243604 0.082989 0
0.263525 0.0878312 0
0.243393 0.0829795 0
0.23623 0.101683 0
0.220196 0.0913829 0
0.263506 0.0876712 0
0.243585 0.082829 0
0.250164 0.0604033 0
0.270055 0.0651394 0
0.263595 0.0876118 0
0.250253 0.060344 0
0.274509 0.0420153 0
0.270092 0.0649864 0
0.25029 0.060191 0
0.291618 0.0703722 0
0.285288 0.0928979 0
0.270266 0.0651905 0
0.285217 0.0931233 0
0.277146 0.115072 0
0.263736 0.0878883 0
0.255834 0.108142 0
0.23635 0.101739 0
0.243513 0.0830357 0
0.277048 0.115123 0
0.256037 0.108203 0
0.263638 0.087939 0
0.27706 0.115286 0
0.267297 0.136523 0
0.25605 0.108366 0
0.160077 0.0254394 0
0.170873 0.037006 0
0.157984 0.0359654 0
0.149568 0.0118531 0
0.159973 0.0253133 0
0.148198 0.0234325 0
0.161583 0.0127675 0
0.174395 0.0137833 0
0.160101 0.0252841 0
0.181493 -0.00528207 0
0.174893 0.00383758 0
0.174511 -0.0136608 0
0.188391 -0.0148198 0
0.181538 -0.00534468 0
0.174556 -0.0137234 0
0.188438 -0.0147535 0
0.188778 0.00602313 0
0.181586 -0.00527842 0
0.17282 0.0274358 0
0.170923 0.0369774 0
0.160127 0.0254107 0
0.174432 0.0138323 0
0.172832 0.0273581 0
0.160139 0.0253331 0
0.188709 0.0061492 0
0.174535 0.0136899 0
0.174917 0.00396728 0
0.187706 0.0179458 0
0.186671 0.0295717 0
0.172965 0.027386 0
0.188752 0.0061957 0
0.187718 0.017822 0
0.174578 0.0137364 0
0.188849 0.00620335 0
0.203449 0.0160243 0
0.187815 0.0178296 0
0.183845 0.0442836 0
0.19613 0.0559201 0
0.179853 0.0584438 0
0.166556 0.0541218 0
0.183745 0.0442776 0
0.179754 0.0584378 0
0.186754 0.0296748 0
0.201556 0.0320351 0
0.183886 0.0441075 0
0.174525 0.0138073 0
0.187665 0.0178929 0
0.172924 0.0273331 0
0.188903 0.00614377 0
0.204129 7.39584e-05 0
0.203504 0.0159647 0
0.18154 -0.00521581 0
0.188732 0.00608574 0
0.17494 0.00390385 0
0.219942 0.0172762 0
0.220615 0.000104049 0
0.23754 0.013839 0
0.207559 0.074118 0
0.191695 0.0702672 0
0.211377 0.0623511 0
0.196156 0.056007 0
0.191551 0.0701938 0
0.179879 0.0585308 0
0.23166 0.0558277 0
0.250001 0.0602663 0
0.226633 0.0736891 0
0.206851 0.0453906 0
0.201737 0.0320559 0
0.217753 0.0346106 0
0.218828 0.0503954 0
0.206908 0.0454522 0
0.217811 0.0346721 0
0.23572 0.0325937 0
0.218925 0.0503522 0
0.217907 0.034629 0
0.231506 0.0557568 0
0.211548 0.0622237 0
0.218889 0.050522 0
0.19622 0.0558766 0
0.183935 0.0442402 0
0.206719 0.0455025 0
0.25462 0.0369865 0
0.276882 0.0219925 0
0.274546 0.0417939 0
0.235912 0.0324127 0
0.237714 0.0139459 0
0.256458 0.0169214 0
0.242847 0.0464872 0
0.235922 0.0325888 0
0.254377 0.0370376 0
0.250131 0.0601131 0
0.242895 0.0465795 0
0.254425 0.03713 0
0.231667 0.0556446 0
0.235846 0.0326512 0
0.242771 0.0465496 0
0.217911 0.0345186 0
0.219927 0.0174536 0
0.235724 0.0324833 0
0.211466 0.0621894 0
0.206887 0.0455445 0
0.218807 0.0504877 0
0.219831 0.0172299 0
0.204289 5.78063e-05 0
0.220503 5.78187e-05 0
0.201732 0.0319004 0
0.203599 0.0161088 0
0.219765 0.0173901 0
0.201569 0.0319474 0
0.186767 0.029587 0
0.187802 0.0179611 0
0.257183 -0.000102541 0
0.237784 -0.0138374 0
0.256529 -0.0168129 0
0.231587 0.0556576 0
0.218971 0.0504228 0
0.235766 0.0326643 0
0.220676 -4.62303e-05 0
0.237601 -0.0137811 0
0.238139 -4.62546e-05 0
0.171012 0.0369916 0
0.172909 0.0274499 0
0.186615 0.0296357 0
0.256639 -0.0170518 0
0.253509 -0.0435773 0
0.274475 -0.0417996 0
0.257183 0.000102515 0
0.256529 0.016813 0
0.237785 0.0138375 0
0.277681 -5.63082e-05 0
0.257317 -5.62781e-05 0
0.256663 -0.0167667 0
0.277681 5.62637e-05 0
0.256663 0.0167668 0
0.257317 5.62517e-05 0
0.235922 -0.0280756 0
0.217958 -0.034586 0
0.234269 -0.0420664 0
0.235873 -0.0279929 0
0.219928 -0.0174386 0
0.21791 -0.0345033 0
0.253306 -0.0436152 0
0.23604 -0.0281059 0
0.234388 -0.0420967 0
0.237591 -0.0139323 0
0.219994 -0.0173695 0
0.235939 -0.0279239 0
0.256514 0.0169986 0
0.254423 0.0369386 0
0.235968 0.0324899 0
0.220615 -0.00010405 0
0.219942 -0.0172762 0
0.237539 -0.0138389 0
0.220503 -5.78197e-05 0
0.204289 -5.77909e-05 0
0.219831 -0.0172299 0
0.160074 -0.0254584 0
0.157615 -0.0378194 0
0.170111 -0.0408406 0
0.214367 -0.0515259 0
0.201699 -0.0321204 0
0.1986 -0.0477145 0
0.203503 -0.0159938 0
0.204128 -0.000103036 0
0.188563 -0.0148099 0
0.217796 -0.0345166 0
0.219813 -0.0174519 0
0.201781 -0.0319623 0
0.201733 -0.0319005 0
0.219766 -0.0173901 0
0.203599 -0.0161087 0
0.174543 0.0724325 0
0.156025 0.0794502 0
0.163068 0.0634407 0
0.161466 0.0126763 0
0.149579 0.0117328 0
0.150037 8.16071e-05 0
0.174444 0.0137118 0
0.161632 0.012696 0
0.174826 0.00398927 0
0.160018 0.0252775 0
0.149613 0.0118173 0
0.1615 0.0127609 0
0.161508 0.0126371 0
0.150079 4.23776e-05 0
0.162003 4.24042e-05 0
0.211494 0.0623628 0
0.226424 0.0737573 0
0.207676 0.0741297 0
0.183953 0.0441604 0
0.201623 0.032088 0
0.206738 0.0454227 0
0.231531 0.0558346 0
0.226504 0.0736959 0
0.211574 0.0623014 0
0.242819 0.046642 0
0.250055 0.0601755 0
0.231715 0.055737 0
0.29892 0.0236911 0
0.274695 0.0417493 0
0.27703 0.0219478 0
0.296204 0.0472601 0
0.291654 0.0702191 0
0.270302 0.0650374 0
0.270172 0.0652488 0
0.285194 0.0929563 0
0.263712 0.0877212 0
0.162129 -3.2721e-05 0
0.174446 -0.0136432 0
0.174828 0.00385519 0
0.161591 0.0126502 0
0.162086 5.54881e-05 0
0.174785 0.00394344 0
0.150039 -3.92295e-05 0
0.149581 -0.0116904 0
0.161963 -3.92633e-05 0
0.250237 0.0600975 0
0.254531 0.0371143 0
0.274457 0.0419218 0
0.270245 0.0649427 0
0.274663 0.0419715 0
0.296147 0.0471654 0
0.236114 -0.0280217 0
0.25338 -0.043531 0
0.25651 -0.0170056 0
0.298984 0.0237752 0
0.296243 0.0470272 0
0.274759 0.0418334 0
0.306536 -0.0981144 0
0.29174 -0.0704828 0
0.285409 -0.0930084 0
0.298421 -0.123227 0
0.306558 -0.0982918 0
0.285433 -0.0931852 0
0.319318 -0.049735 0
0.322077 -0.0232671 0
0.299221 -0.0237215 0
0.336361 -0.0816934 0
0.319413 -0.0501052 0
0.313114 -0.0758547 0
0.336468 -0.0816159 0
0.344845 -0.0528486 0
0.319519 -0.0500284 0
0.344989 -0.052975 0
0.33661 -0.0817441 0
0.362266 -0.0879473 0
0.373313 -0.0558258 0
0.345112 -0.0528882 0
0.36239 -0.0878601 0
0.34764 -0.0225843 0
0.322325 -0.0232719 0
0.344893 -0.0525603 0
0.296348 -0.0472955 0
0.291798 -0.0702564 0
0.312889 -0.0758063 0
0.8454 0.00284228 0
0.766729 -0.0852337 0
0.844126 -0.0993158 0
0.931673 0.109308 0
0.845556 0.202544 0
0.845085 0.0966503 0
0.697059 -0.000277523 0
0.696106 -0.0756792 0
0.76648 -0.00676585 0
0.663553 0.0406871 0
0.634346 0.000137483 0
0.696507 0.000134907 0
0.694669 0.0849507 0
0.663755 0.0409717 0
0.696712 0.000419673 0
0.631796 0.079236 0
0.634132 0.000403036 0
0.663335 0.0409525 0
0.583181 0.163961 0
0.607136 0.122958 0
0.6383 0.171823 0
0.575679 0.0743672 0
0.577792 0.0143339 0
0.631313 0.0793937 0
0.542296 0.128273 0
0.575479 0.0748927 0
0.606788 0.122514 0
0.580424 0.213571 0
0.530381 0.176974 0
0.582731 0.164282 0
0.493708 0.134738 0
0.510439 0.0954335 0
0.541699 0.128382 0
0.527542 0.0542066 0
0.577443 0.0142499 0
0.575331 0.0742827 0
0.586972 -0.151913 0
0.538051 -0.143123 0
0.531086 -0.1983 0
0.631558 -0.0801769 0
0.587645 -0.151614 0
0.638397 -0.171638 0
0.575402 -0.0750393 0
0.5382 -0.142709 0
0.587121 -0.151499 0
0.603861 -0.0383988 0
0.552133 -0.0213784 0
0.575502 -0.0742546 0
0.631511 0.0791454 0
0.577985 0.0140854 0
0.633844 0.00031307 0
0.551877 -0.0214317 0
0.527456 -0.054231 0
0.575244 -0.0743075 0
0.527874 0.0157324 0
0.551885 -0.020903 0
0.577363 0.0138025 0
0.527709 0.015505 0
0.527299 -0.0539297 0
0.551717 -0.0211303 0
0.527383 0.054011 0
0.527792 0.0159837 0
0.577281 0.0140541 0
0.527066 0.0541261 0
0.48304 0.0483936 0
0.527477 0.0160992 0
0.443494 0.0193604 0
0.482471 0.048431 0
0.44095 0.0620695 0
0.52692 -0.0540734 0
0.483876 -0.000341664 0
0.482895 -0.0483406 0
0.527331 0.0159182 0
0.482897 0.0482127 0
0.483876 0.000215153 0
0.29644 -0.0472281 0
0.312981 -0.0757377 0
0.319278 -0.0499907 0
0.285335 -0.0932409 0
0.277262 -0.115191 0
0.298322 -0.123285 0
0.631902 -0.0793506 0
0.695443 -0.0759211 0
0.634241 -0.000517821 0
0.587437 -0.151289 0
0.631345 -0.0798516 0
0.575712 -0.0748278 0
0.638664 -0.171549 0
0.666739 -0.125109 0
0.631822 -0.0800872 0
0.631266 -0.240518 0
0.638356 -0.172422 0
0.575595 -0.225568 0
0.577713 -0.303469 0
0.631063 -0.240958 0
0.575391 -0.226008 0
0.689661 -0.264919 0
0.700192 -0.181457 0
0.631854 -0.24068 0
0.631597 -0.0792245 0
0.633934 -0.000392411 0
0.604323 -0.0383452 0
0.66693 -0.124789 0
0.695552 -0.0763389 0
0.63201 -0.0797673 0
0.700137 -0.180758 0
0.666968 -0.125447 0
0.63889 -0.171886 0
0.700332 -0.18044 0
0.695785 -0.0766772 0
0.667159 -0.125127 0
0.76597 -0.0851872 0
0.766714 -0.00705099 0
0.696335 -0.0759637 0
0.769662 -0.190947 0
0.846915 -0.196749 0
0.844144 -0.10034 0
0.690122 -0.264755 0
0.768657 -0.191445 0
0.70065 -0.18129 0
0.765985 -0.271048 0
0.846652 -0.197322 0
0.769398 -0.191519 0
0.845836 0.202946 0
0.931957 0.109715 0
0.929115 0.217254 0
0.841079 0.296006 0
0.76622 0.271417 0
0.844986 0.203751 0
0.928813 0.217879 0
0.841627 0.295829 0
0.845531 0.203568 0
0.924379 0.325693 0
0.837702 0.398897 0
0.841583 0.296839 0
0.70066 0.180339 0
0.695022 0.0857024 0
0.765747 0.0858013 0
0.766472 -0.0849242 0
0.845138 0.00315276 0
0.767211 -0.00678484 0
0.932961 0.000688585 0
0.931966 0.108628 0
0.845379 0.0959764 0
0.932669 -0.000324863 0
0.845954 0.00312942 0
0.844687 -0.0990359 0
0.529956 0.176592 0
0.493773 0.13501 0
0.541765 0.128655 0
0.582601 0.163997 0
0.530254 0.17669 0
0.542063 0.128752 0
0.517411 0.224894 0
0.479439 0.199944 0
0.529827 0.177132 0
0.580205 0.213774 0
0.51775 0.224941 0
0.530164 0.177178 0
0.378203 0.134311 0
0.385017 0.163953 0
0.33937 0.160464 0
0.448869 0.240554 0
0.402355 0.241254 0
0.438216 0.189184 0
0.401831 0.241367 0
0.356857 0.243455 0
0.374311 0.22013 0
0.438026 0.189034 0
0.402166 0.241103 0
0.392404 0.195676 0
0.44881 0.240848 0
0.420497 0.276995 0
0.402294 0.241548 0
0.288558 -0.144245 0
0.27717 -0.115405 0
0.267406 -0.136644 0
0.288663 -0.1442 0
0.298333 -0.123456 0
0.277274 -0.115362 0
0.301411 -0.171616 0
0.288673 -0.144525 0
0.277453 -0.164392 0
0.301529 -0.171575 0
0.312432 -0.152323 0
0.28879 -0.144486 0
0.261163 -0.188958 0
0.267475 -0.218621 0
0.284874 -0.196199 0
0.255882 -0.157416 0
0.2611 -0.188646 0
0.277209 -0.164493 0
0.246801 -0.206823 0
0.267347 -0.218658 0
0.261036 -0.188993 0
0.36242 -0.0883767 0
0.349051 -0.129151 0
0.378159 -0.13395 0
0.309933 -0.20622 0
0.328362 -0.179321 0
0.301653 -0.171872 0
0.329274 -0.228631 0
0.344252 -0.258882 0
0.367933 -0.229016 0
0.242779 -0.177045 0
0.24672 -0.206683 0
0.260953 -0.188853 0
0.368352 -0.229009 0
0.387035 -0.259501 0
0.412108 -0.226211 0
0.35877 -0.187317 0
0.368192 -0.228665 0
0.392024 -0.19563 0
0.344445 -0.258986 0
0.386807 -0.259611 0
0.368126 -0.229119 0
0.306756 -0.0981682 0
0.330169 -0.103393 0
0.313052 -0.0760872 0
0.338885 -0.154468 0
0.328649 -0.179199 0
0.358459 -0.187014 0
0.322606 -0.12469 0
0.338833 -0.154093 0
0.348786 -0.129339 0
0.312689 -0.152381 0
0.328496 -0.179082 0
0.338731 -0.154353 0
0.298563 -0.123514 0
0.312535 -0.152095 0
0.32235 -0.124663 0
0.301662 -0.171692 0
0.32837 -0.179141 0
0.312565 -0.152439 0
0.415525 0.0698546 0
0.440658 0.0624172 0
0.423123 0.101887 0
0.391337 0.0947636 0
0.41536 0.0699634 0
0.422956 0.101996 0
0.388165 0.0582907 0
0.407621 0.0387396 0
0.415298 0.0696295 0
0.376479 0.00629025 0
0.407774 -0.0202555 0
0.407841 0.00895555 0
0.408065 0.00887094 0
0.407997 -0.020341 0
0.443134 -0.0190288 0
0.376238 0.0342408 0
0.40784 0.00924598 0
0.407556 0.0384571 0
0.376134 0.0341334 0
0.376373 0.00647225 0
0.407734 0.00913863 0
0.345063 -0.05267 0
0.373264 -0.0556063 0
0.347812 -0.0226918 0
0.429486 -0.0918531 0
0.4179 -0.120856 0
0.453386 -0.127462 0
0.477044 -0.0833661 0
0.429684 -0.0917275 0
0.453586 -0.127337 0
0.440644 -0.0623457 0
0.405411 -0.0589911 0
0.429402 -0.0914282 0
0.288558 -0.144409 0
0.267407 -0.136808 0
0.27734 -0.164275 0
0.40501 -0.0587354 0
0.376268 -0.0218033 0
0.373559 -0.0556242 0
0.440701 -0.0619753 0
0.443245 -0.0192669 0
0.408107 -0.0205785 0
0.477178 -0.0830038 0
0.482585 -0.0486447 0
0.441061 -0.0622829 0
0.493303 -0.134694 0
0.477258 -0.08351 0
0.453799 -0.127481 0
0.510355 -0.0948977 0
0.527009 -0.0543911 0
0.482983 -0.0486578 0
0.493493 -0.134586 0
0.510223 -0.0952822 0
0.477446 -0.0834016 0
0.493694 -0.134785 0
0.537669 -0.142721 0
0.510426 -0.0954813 0
0.527072 -0.053859 0
0.527481 0.0155754 0
0.484024 -0.000127208 0
0.408064 0.0091947 0
0.443133 0.0191504 0
0.407781 0.0384067 0
0.277229 -0.164319 0
0.267298 -0.13685 0
0.255902 -0.157242 0
0.242809 -0.176879 0
0.260984 -0.188689 0
0.255767 -0.157456 0
0.368481 -0.160729 0
0.339018 -0.154407 0
0.358594 -0.186952 0
0.330341 -0.103658 0
0.322577 -0.12452 0
0.348757 -0.12917 0
0.362259 -0.0882759 0
0.330474 -0.103538 0
0.348892 -0.129048 0
0.336397 -0.0818727 0
0.313151 -0.0760331 0
0.330269 -0.103338 0
0.298451 -0.123579 0
0.28878 -0.144324 0
0.312422 -0.152162 0
0.306788 -0.0983304 0
0.322437 -0.124416 0
0.3302 -0.103555 0
0.291833 -0.0704264 0
0.306628 -0.0980564 0
0.312922 -0.0759774 0
0.298544 -0.123333 0
0.32233 -0.124483 0
0.306682 -0.098396 0
0.362806 -0.288058 0
0.409287 -0.290949 0
0.387007 -0.259915 0
0.587098 -0.15219 0
0.531209 -0.198576 0
0.575089 -0.22536 0
0.527318 -0.0544779 0
0.510663 -0.0949848 0
0.575105 -0.0745546 0
0.493613 -0.135084 0
0.486255 -0.184567 0
0.537588 -0.143021 0
0.575143 -0.0748507 0
0.510698 -0.0952802 0
0.537945 -0.142521 0
0.603868 -0.0381036 0
0.57762 0.0136219 0
0.55214 -0.0210836 0
0.631399 -0.0794728 0
0.604127 -0.0385937 0
0.575766 -0.0744495 0
0.633751 -8.03898e-05 0
0.577893 0.0136925 0
0.604143 -0.0380334 0
0.405125 -0.0586176 0
0.407765 -0.0205757 0
0.376382 -0.0216858 0
0.417692 -0.120747 0
0.429278 -0.0917442 0
0.391363 -0.0948987 0
0.440572 -0.0621079 0
0.407981 -0.0207109 0
0.40534 -0.0587539 0
0.483595 -0.00022486 0
0.443636 -0.0191528 0
0.482616 -0.0482232 0
0.443244 0.0193278 0
0.4407 0.0620361 0
0.40789 0.0385839 0
0.483463 7.06694e-07 0
0.443505 0.0189278 0
0.443506 -0.0189276 0
0.483595 0.000226262 0
0.482616 0.0482232 0
0.443636 0.019153 0
0.442836 -0.213383 0
0.412532 -0.226142 0
0.439494 -0.254748 0
0.483482 -0.226938 0
0.443074 -0.213385 0
0.439733 -0.254751 0
0.445685 -0.172627 0
0.392564 -0.195529 0
0.442789 -0.213006 0
0.493308 -0.135183 0
0.446166 -0.17233 0
0.485946 -0.184665 0
0.453321 -0.127694 0
0.417835 -0.121088 0
0.409978 -0.160812 0
0.510187 -0.0949939 0
0.482818 -0.0487542 0
0.47741 -0.0831136 0
0.36798 -0.228776 0
0.358561 -0.187427 0
0.329323 -0.228391 0
0.442677 -0.213185 0
0.392452 -0.195708 0
0.412375 -0.225944 0
0.409561 -0.160966 0
0.378382 -0.134298 0
0.368783 -0.160575 0
0.338711 -0.15417 0
0.322485 -0.124766 0
0.312669 -0.152199 0
0.368448 -0.160536 0
0.34894 -0.129459 0
0.338986 -0.154214 0
0.392025 -0.195403 0
0.368659 -0.160866 0
0.358771 -0.187089 0
0.378178 -0.134192 0
0.349071 -0.129392 0
0.368581 -0.160468 0
0.392197 -0.195315 0
0.409608 -0.161171 0
0.368829 -0.16078 0
0.417521 -0.120889 0
0.391193 -0.09504 0
0.378484 -0.133945 0
0.362216 -0.0881179 0
0.336561 -0.0819132 0
0.330433 -0.10338 0
0.439499 -0.255285 0
0.409745 -0.291003 0
0.446975 -0.30884 0
0.412346 -0.226297 0
0.387274 -0.259589 0
0.439307 -0.254904 0
0.483637 -0.226704 0
0.485905 -0.185108 0
0.443229 -0.213152 0
0.392204 -0.19576 0
0.36837 -0.228796 0
0.412125 -0.225997 0
0.391009 -0.0949308 0
0.362559 -0.088262 0
0.378301 -0.133835 0
0.328617 -0.179447 0
0.329192 -0.228225 0
0.358428 -0.187262 0
0.344426 -0.259184 0
0.362588 -0.287951 0
0.38679 -0.259809 0
0.206504 -0.480038 0
0.184292 -0.446404 0
0.147476 -0.470826 0
0.266589 -0.484871 0
0.207006 -0.480357 0
0.215299 -0.52773 0
0.266726 -0.484577 0
0.256348 -0.440307 0
0.207145 -0.480064 0
0.329054 -0.228734 0
0.302093 -0.259776 0
0.34403 -0.258986 0
0.198873 -0.253649 0
0.176424 -0.243381 0
0.180787 -0.267552 0
0.513039 -0.718442 0
0.45566 -0.767458 0
0.537693 -0.793414 0
0.627729 -0.727769 0
0.513617 -0.718307 0
0.53827 -0.793281 0
0.570672 -0.66823 0
0.519232 -0.615257 0
0.513361 -0.717514 0
0.679673 -0.653825 0
0.625292 -0.618839 0
0.628573 -0.726971 0
0.518884 -0.615129 0
0.466674 -0.629705 0
0.513011 -0.717384 0
0.342362 -0.472516 0
0.378996 -0.437289 0
0.340034 -0.415594 0
0.305218 -0.50786 0
0.342017 -0.472885 0
0.310516 -0.455455 0
0.305446 -0.508103 0
0.378253 -0.527713 0
0.342244 -0.473127 0
0.426335 -0.683741 0
0.379737 -0.743552 0
0.454841 -0.767175 0
0.512704 -0.717612 0
0.466364 -0.629934 0
0.42682 -0.683196 0
0.400849 -0.607921 0
0.355633 -0.664627 0
0.426074 -0.682945 0
0.694828 -0.346529 0
0.632321 -0.406894 0
0.692808 -0.433943 0
0.378879 -0.528211 0
0.400952 -0.606931 0
0.433738 -0.523108 0
0.309798 -0.721387 0
0.354874 -0.66493 0
0.290169 -0.660184 0
0.310019 -0.722081 0
0.331854 -0.789089 0
0.378936 -0.743754 0
0.633281 -0.324314 0
0.576419 -0.382235 0
0.631725 -0.406647 0
0.409517 -0.474143 0
0.451012 -0.433492 0
0.4161 -0.401725 0
0.700665 -0.180309 0
0.76575 -0.0857699 0
0.696115 -0.0765445 0
0.631685 -0.24037 0
0.700019 -0.181145 0
0.638772 -0.172272 0
0.690338 -0.265055 0
0.765458 -0.271273 0
0.768876 -0.191748 0
0.340662 0.0747152 0
0.345026 0.0529131 0
0.369059 0.0767597 0
0.299156 -0.0235561 0
0.322013 -0.0230996 0
0.300071 -0.00015482 0
0.359395 0.103166 0
0.391001 0.0949814 0
0.37829 0.133888 0
0.322578 0.12452 0
0.330338 0.103658 0
0.348755 0.12917 0
0.415474 0.0696427 0
0.407797 0.0387523 0
0.440605 0.062205 0
0.376045 0.0345318 0
0.387906 0.0582999 0
0.369322 0.0766435 0
0.376171 0.0344042 0
0.40749 0.0386215 0
0.388034 0.0581723 0
0.348697 9.61655e-05 0
0.376081 0.00640306 0
0.34783 0.0223526 0
0.387956 0.0585017 0
0.391066 0.0946404 0
0.369371 0.0768452 0
0.408182 0.00900273 0
0.443254 -0.0188968 0
0.443253 0.0189578 0
0.440884 -0.0624266 0
0.429642 -0.0915098 0
0.477 -0.083148 0
0.443494 -0.0193602 0
0.440949 -0.0620694 0
0.482472 -0.048431 0
0.405247 -0.0590997 0
0.391322 -0.094692 0
0.429236 -0.0915371 0
0.510224 0.0952826 0
0.493494 0.134587 0
0.477446 0.0834015 0
0.482817 0.0487542 0
0.510188 0.0949944 0
0.47741 0.0831134 0
0.527318 0.0544774 0
0.575105 0.0745537 0
0.510663 0.0949852 0
0.477258 0.0835098 0
0.493303 0.134695 0
0.453798 0.127481 0
0.42337 0.10215 0
0.477022 0.0834012 0
0.453563 0.127372 0
0.482983 0.0486578 0
0.527009 0.0543906 0
0.510355 0.0948981 0
0.84743 -0.19751 0
0.838859 -0.301427 0
0.928812 -0.217879 0
0.846886 -0.197694 0
0.766215 -0.271415 0
0.838311 -0.301603 0
0.931962 -0.109693 0
0.847743 -0.196869 0
0.929123 -0.217236 0
0.765998 -0.0861542 0
0.700906 -0.180692 0
0.768912 -0.190845 0
0.695263 -0.346407 0
0.693245 -0.433825 0
0.762375 -0.371145 0
0.765457 -0.272144 0
0.695507 -0.345865 0
0.762618 -0.370603 0
0.689437 -0.265395 0
0.631631 -0.241156 0
0.633659 -0.32337 0
0.843871 -0.0999664 0
0.766474 -0.085881 0
0.769395 -0.190577 0
0.931677 -0.109298 0
0.844685 -0.100062 0
0.847462 -0.196478 0
0.931963 -0.108639 0
0.93296 -0.000700467 0
0.844973 -0.0994092 0
0.282224 -0.595605 0
0.267726 -0.54357 0
0.22519 -0.580686 0
0.632107 -0.407337 0
0.631289 -0.478603 0
0.692594 -0.434386 0
0.488591 -0.3284 0
0.526743 -0.286152 0
0.481258 -0.270041 0
0.633099 -0.32397 0
0.57772 -0.304267 0
0.576239 -0.381892 0
0.694629 -0.34616 0
0.633676 -0.324192 0
0.632123 -0.406527 0
0.694821 -0.345687 0
0.68965 -0.265747 0
0.63387 -0.323719 0
0.256763 -0.439977 0
0.310171 -0.455021 0
0.287538 -0.41089 0
0.379542 -0.321093 0
0.409263 -0.291154 0
0.36278 -0.288263 0
0.267071 -0.484494 0
0.310104 -0.455268 0
0.256693 -0.440224 0
0.41166 -0.344551 0
0.409427 -0.291343 0
0.379706 -0.321282 0
0.527161 -0.419584 0
0.578825 -0.460105 0
0.575887 -0.382733 0
0.492806 -0.392274 0
0.451661 -0.433278 0
0.526457 -0.419527 0
0.411897 -0.345052 0
0.416085 -0.401052 0
0.443732 -0.361426 0
0.409031 -0.474393 0
0.379227 -0.437486 0
0.342595 -0.472713 0
0.337873 -0.614857 0
0.290263 -0.659827 0
0.354968 -0.664572 0
0.488323 -0.328476 0
0.480993 -0.270118 0
0.447377 -0.309015 0
0.41007 -0.160983 0
0.445779 -0.172226 0
0.453416 -0.127866 0
0.378545 -0.134166 0
0.409726 -0.160833 0
0.417584 -0.12111 0
0.392455 -0.195355 0
0.445574 -0.172453 0
0.409866 -0.161209 0
0.409545 -0.290838 0
0.439299 -0.255121 0
0.387263 -0.259805 0
0.483931 -0.226656 0
0.530566 -0.19869 0
0.486197 -0.185059 0
0.447214 -0.308769 0
0.480829 -0.269872 0
0.439737 -0.255214 0
0.529262 -0.242212 0
0.574893 -0.225662 0
0.531014 -0.198878 0
0.575045 -0.22616 0
0.527354 -0.285922 0
0.577363 -0.303619 0
0.446059 -0.172139 0
0.493198 -0.134992 0
0.453694 -0.127778 0
0.443103 -0.21297 0
0.485778 -0.184926 0
0.445997 -0.172591 0
0.480951 -0.269598 0
0.48361 -0.227127 0
0.439859 -0.25494 0
0.481394 -0.269753 0
0.526878 -0.285864 0
0.528936 -0.242651 0
0.530747 -0.19841 0
0.537714 -0.143233 0
0.486378 -0.184779 0
0.528957 -0.242216 0
0.53071 -0.198882 0
0.484073 -0.226848 0
0.481251 -0.269556 0
0.528791 -0.242453 0
0.483907 -0.227085 0
0.527193 -0.285718 0
0.574882 -0.225955 0
0.52925 -0.242504 0
0.57545 -0.225272 0
0.638208 -0.172125 0
0.587456 -0.1521 0
0.231031 -0.223449 0
0.24657 -0.206862 0
0.228192 -0.195554 0
0.837156 -0.399998 0
0.767038 -0.456883 0
0.836362 -0.49474 0
0.918823 -0.432572 0
0.837665 -0.399913 0
0.836873 -0.494659 0
0.838029 -0.302182 0
0.765933 -0.271994 0
0.763098 -0.370458 0
0.929072 -0.218312 0
0.839117 -0.30185 0
0.924676 -0.325106 0
0.838269 -0.302612 0
0.763336 -0.370881 0
0.83715 -0.399065 0
0.216204 -0.238015 0
0.230875 -0.223612 0
0.212207 -0.212849 0
0.203986 -0.280266 0
0.220645 -0.265479 0
0.199097 -0.253767 0
0.199139 -0.253625 0
0.220685 -0.265339 0
0.216127 -0.238291 0
0.267317 -0.218811 0
0.246771 -0.206978 0
0.252179 -0.234879 0
0.301787 -0.25975 0
0.305932 -0.232845 0
0.275899 -0.24708 0
0.284907 -0.196018 0
0.277307 -0.164621 0
0.261197 -0.188776 0
0.216082 -0.238032 0
0.212087 -0.212865 0
0.194962 -0.228683 0
0.246651 -0.206993 0
0.231111 -0.223581 0
0.252056 -0.234896 0
0.275604 -0.246951 0
0.267414 -0.218945 0
0.252275 -0.235014 0
0.24267 -0.177066 0
0.228232 -0.195397 0
0.246609 -0.206707 0
0.228078 -0.195572 0
0.212247 -0.212705 0
0.230915 -0.22347 0
0.183663 -0.762111 0
0.248183 -0.702648 0
0.173872 -0.69188 0
0.538655 -0.79363 0
0.627813 -0.822235 0
0.62811 -0.728118 0
0.519048 -0.614269 0
0.556423 -0.523711 0
0.472295 -0.566239 0
0.500716 -0.890209 0
0.485702 -0.963635 0
0.577913 -0.90437 0
0.454958 -0.767912 0
0.399324 -0.797061 0
0.441911 -0.850489 0
0.441972 -0.851627 0
0.388294 -0.941652 0
0.484871 -0.96363 0
0.289813 -0.66031 0
0.248992 -0.702406 0
0.309444 -0.721513 0
0.665816 -0.922492 0
0.696765 -1.04693 0
0.761772 -0.98198 0
0.235535 -0.638688 0
0.176248 -0.622215 0
0.173804 -0.691199 0
0.282334 -0.596186 0
0.236277 -0.638496 0
0.28968 -0.659677 0
0.224728 -0.58109 0
0.17642 -0.621846 0
0.235705 -0.638318 0
0.282119 -0.595923 0
0.225083 -0.581004 0
0.23606 -0.638231 0
0.267502 -0.543345 0
0.215362 -0.52826 0
0.224965 -0.58046 0
0.317608 -0.551073 0
0.268036 -0.543471 0
0.282534 -0.595505 0
0.304967 -0.507899 0
0.310265 -0.455495 0
0.267234 -0.484721 0
0.338321 -0.614227 0
0.400632 -0.607236 0
0.378558 -0.528517 0
0.451652 -0.433617 0
0.490542 -0.493426 0
0.526451 -0.419867 0
0.444119 -0.361691 0
0.451383 -0.433084 0
0.49253 -0.39208 0
0.409577 -0.474547 0
0.434008 -0.52235 0
0.451072 -0.433897 0
0.451342 -0.433961 0
0.434279 -0.522415 0
0.490233 -0.49377 0
0.379473 -0.437248 0
0.409276 -0.474155 0
0.415861 -0.401738 0
0.370236 -0.363853 0
0.379342 -0.436878 0
0.415729 -0.401367 0
0.339805 -0.415655 0
0.310632 -0.455146 0
0.342133 -0.472575 0
0.378908 -0.527768 0
0.433766 -0.522664 0
0.409334 -0.474862 0
0.318162 -0.551084 0
0.338044 -0.614038 0
0.378282 -0.528329 0
0.268112 -0.543179 0
0.317683 -0.550781 0
0.304995 -0.508414 0
0.282769 -0.595743 0
0.337724 -0.614264 0
0.317841 -0.55131 0
0.426003 -0.683399 0
0.35556 -0.66508 0
0.379402 -0.743209 0
0.434048 -0.523235 0
0.401264 -0.607059 0
0.471491 -0.566213 0
0.338244 -0.614683 0
0.355337 -0.664398 0
0.400555 -0.607693 0
0.305364 -0.508363 0
0.318052 -0.55073 0
0.378173 -0.527974 0
0.282675 -0.596106 0
0.29002 -0.659597 0
0.337631 -0.614628 0
0.471789 -0.565834 0
0.490302 -0.494213 0
0.434348 -0.522856 0
0.451126 -0.433115 0
0.443864 -0.361722 0
0.416216 -0.401347 0
0.533803 -0.350654 0
0.493082 -0.391997 0
0.526733 -0.419249 0
0.488353 -0.329058 0
0.444244 -0.361342 0
0.492653 -0.391731 0
0.378601 -0.527601 0
0.409029 -0.474696 0
0.342592 -0.473015 0
0.369984 -0.3639 0
0.340128 -0.41523 0
0.379088 -0.436924 0
0.32646 -0.347763 0
0.334037 -0.316286 0
0.300172 -0.325971 0
0.276719 -0.371333 0
0.326268 -0.347948 0
0.29998 -0.326155 0
0.318672 -0.380911 0
0.369737 -0.363488 0
0.326642 -0.348104 0
0.446882 -0.30914 0
0.409652 -0.291302 0
0.411887 -0.34451 0
0.37929 -0.321177 0
0.36253 -0.288347 0
0.334423 -0.316071 0
0.267091 -0.485014 0
0.267942 -0.542958 0
0.304825 -0.508193 0
0.287328 -0.410703 0
0.247418 -0.399192 0
0.256552 -0.439789 0
0.339623 -0.415448 0
0.287816 -0.410808 0
0.31045 -0.454939 0
0.334306 -0.315864 0
0.362412 -0.28814 0
0.34425 -0.259372 0
0.318716 -0.381135 0
0.339925 -0.415043 0
0.369782 -0.363713 0
0.379291 -0.321534 0
0.326846 -0.347906 0
0.36994 -0.363288 0
0.276649 -0.371726 0
0.287632 -0.410415 0
0.318229 -0.381147 0
0.326727 -0.347748 0
0.379171 -0.321377 0
0.334302 -0.31627 0
0.256186 -0.440099 0
0.218287 -0.422546 0
0.206981 -0.479856 0
0.276251 -0.371621 0
0.239336 -0.361568 0
0.247324 -0.398799 0
0.27678 -0.371517 0
0.318359 -0.380937 0
0.326331 -0.348132 0
0.278968 -0.28209 0
0.301696 -0.259915 0
0.275808 -0.247245 0
0.29975 -0.325714 0
0.278894 -0.282502 0
0.25589 -0.304593 0
0.300893 -0.291739 0
0.301781 -0.260064 0
0.279052 -0.282239 0
0.299902 -0.325671 0
0.300886 -0.291959 0
0.279044 -0.28246 0
0.300088 -0.325784 0
0.333951 -0.316099 0
0.30107 -0.292072 0
0.218047 -0.422567 0
0.184529 -0.446242 0
0.20674 -0.479876 0
0.247187 -0.39923 0
0.218423 -0.422275 0
0.25632 -0.439828 0
0.247027 -0.399051 0
0.208551 -0.386265 0
0.218263 -0.422096 0
0.276412 -0.371785 0
0.247485 -0.398964 0
0.287394 -0.410474 0
0.33965 -0.4152 0
0.318441 -0.381292 0
0.287844 -0.410561 0
0.269271 -0.344086 0
0.239411 -0.361384 0
0.276324 -0.371438 0
0.217949 -0.422323 0
0.177365 -0.407354 0
0.18443 -0.445998 0
0.23911 -0.361616 0
0.208622 -0.386062 0
0.247096 -0.398848 0
0.238952 -0.361462 0
0.19999 -0.352992 0
0.208464 -0.385908 0
0.343938 -0.259197 0
0.301998 -0.259987 0
0.301112 -0.291662 0
0.146879 -0.470774 0
0.106378 -0.434959 0
0.10609 -0.47624 0
0.177115 -0.407375 0
0.143501 -0.428384 0
0.18418 -0.446019 0
0.176969 -0.407187 0
0.140386 -0.390071 0
0.143353 -0.428197 0
0.214996 -0.528349 0
0.15842 -0.569858 0
0.224599 -0.580549 0
0.30611 -0.232783 0
0.301966 -0.259687 0
0.328927 -0.228646 0
0.309949 -0.206588 0
0.306137 -0.232605 0
0.328952 -0.228468 0
0.309735 -0.206457 0
0.285098 -0.19628 0
0.286051 -0.22546 0
0.230957 -0.223736 0
0.216285 -0.23814 0
0.236468 -0.250108 0
0.203849 -0.28059 0
0.186167 -0.293955 0
0.192437 -0.321963 0
0.225874 -0.294976 0
0.203981 -0.280593 0
0.192572 -0.321966 0
0.236551 -0.250356 0
0.220927 -0.265437 0
0.250929 -0.270939 0
0.25209 -0.235198 0
0.236656 -0.250254 0
0.251034 -0.270838 0
0.252023 -0.23504 0
0.231076 -0.223727 0
0.236589 -0.250096 0
0.236435 -0.250246 0
0.216251 -0.23828 0
0.220811 -0.265327 0
0.198965 -0.253773 0
0.180879 -0.267675 0
0.203851 -0.280274 0
0.186128 -0.293773 0
0.203809 -0.280407 0
0.180835 -0.267811 0
0.882976 -1.05744 0
0.888238 -0.955178 0
0.79061 -1.05223 0
0.840522 -0.70945 0
0.822347 -0.804777 0
0.899784 -0.747618 0
0.790005 -1.05185 0
0.827849 -0.917138 0
0.762625 -0.98198 0
0.888402 -0.954037 0
0.893957 -0.851746 0
0.828618 -0.916374 0
0.82827 -0.917046 0
0.790425 -1.05176 0
0.888054 -0.954707 0
0.893735 -0.851247 0
0.822286 -0.805814 0
0.828396 -0.915878 0
0.697182 -1.04736 0
0.789567 -1.05229 0
0.762186 -0.982417 0
0.664891 -0.922219 0
0.578852 -0.904738 0
0.603163 -1.04212 0
0.743536 -0.864086 0
0.665975 -0.921879 0
0.761928 -0.981367 0
0.743091 -0.863553 0
0.628622 -0.823113 0
0.665526 -0.921349 0
0.906197 -0.643474 0
0.842534 -0.609752 0
0.840611 -0.70845 0
0.664976 -0.921484 0
0.62807 -0.823251 0
0.578938 -0.904005 0
0.827696 -0.916506 0
0.744079 -0.864067 0
0.76247 -0.98135 0
0.821357 -0.805303 0
0.70022 -0.752179 0
0.743849 -0.862928 0
0.743204 -0.862985 0
0.699573 -0.75224 0
0.628738 -0.822546 0
0.899963 -0.748094 0
0.822527 -0.80525 0
0.893975 -0.850686 0
0.771047 -0.681118 0
0.700312 -0.751569 0
0.821447 -0.804693 0
0.840092 -0.709226 0
0.771516 -0.680974 0
0.821915 -0.804554 0
0.90639 -0.643937 0
0.840805 -0.708909 0
0.900065 -0.747081 0
0.842083 -0.609877 0
0.771585 -0.680321 0
0.840159 -0.708573 0
0.912865 -0.538982 0
0.842778 -0.609181 0
0.90644 -0.642907 0
0.742484 -0.590219 0
0.766251 -0.457645 0
0.695319 -0.531135 0
0.742958 -0.5901 0
0.836047 -0.495377 0
0.766722 -0.457523 0
0.631499 -0.479016 0
0.694702 -0.530686 0
0.692805 -0.434801 0
0.624945 -0.618042 0
0.629899 -0.556409 0
0.574417 -0.585849 0
0.571228 -0.667803 0
0.624749 -0.618416 0
0.574219 -0.586223 0
0.679894 -0.653171 0
0.694639 -0.531885 0
0.625515 -0.618186 0
0.699362 -0.751223 0
0.679921 -0.65427 0
0.628823 -0.727414 0
0.742195 -0.590874 0
0.695029 -0.531791 0
0.680286 -0.65308 0
0.763095 -0.371398 0
0.766793 -0.456471 0
0.83691 -0.399581 0
0.69009 -0.265571 0
0.695264 -0.345514 0
0.765212 -0.27179 0
0.693483 -0.434192 0
0.766311 -0.456586 0
0.762614 -0.371516 0
0.534249 -0.350236 0
0.575905 -0.381979 0
0.57739 -0.304356 0
0.527215 -0.286337 0
0.534086 -0.349915 0
0.577225 -0.304034 0
0.4882 -0.328782 0
0.447252 -0.30932 0
0.444092 -0.361066 0
0.52692 -0.28642 0
0.488767 -0.328668 0
0.533788 -0.349997 0
0.411529 -0.344792 0
0.379574 -0.321523 0
0.370225 -0.363278 0
0.415837 -0.401059 0
0.411651 -0.345059 0
0.370346 -0.363545 0
0.443836 -0.361119 0
0.446998 -0.309374 0
0.412001 -0.344744 0
0.74299 -0.591221 0
0.771259 -0.679928 0
0.841758 -0.609479 0
0.8363 -0.495888 0
0.74321 -0.590604 0
0.841976 -0.608863 0
0.694473 -0.531558 0
0.630302 -0.556227 0
0.625349 -0.617861 0
0.693256 -0.434726 0
0.695155 -0.530614 0
0.766085 -0.45712 0
0.631289 -0.479422 0
0.630322 -0.555762 0
0.694492 -0.531092 0
0.912632 -0.538484 0
0.836866 -0.49571 0
0.842545 -0.60869 0
0.912888 -0.537897 0
0.919076 -0.433039 0
0.837125 -0.495118 0
0.633283 -0.323498 0
0.631259 -0.241286 0
0.577906 -0.303795 0
0.837961 -0.399346 0
0.919118 -0.432009 0
0.92464 -0.326151 0
0.770718 -0.680075 0
0.742449 -0.591372 0
0.680541 -0.653575 0
0.576236 -0.38269 0
0.579176 -0.460065 0
0.631544 -0.407103 0
0.628649 -0.727977 0
0.628352 -0.822095 0
0.69919 -0.751786 0
0.426444 -0.682827 0
0.465991 -0.629566 0
0.40122 -0.607803 0
0.573866 -0.586212 0
0.519437 -0.614817 0
0.570874 -0.66779 0
0.62821 -0.727018 0
0.624929 -0.618889 0
0.571409 -0.668274 0
0.629672 -0.556091 0
0.557132 -0.523579 0
0.574189 -0.585533 0
0.556684 -0.522954 0
0.578641 -0.460824 0
0.491069 -0.493862 0
0.573819 -0.585728 0
0.556762 -0.523776 0
0.519389 -0.614335 0
0.629861 -0.555735 0
0.630829 -0.479397 0
0.557323 -0.523223 0
0.699838 -0.751067 0
0.770575 -0.680611 0
0.680397 -0.65411 0
0.630659 -0.479078 0
0.579108 -0.460773 0
0.557153 -0.522906 0
0.398627 -0.797177 0
0.332076 -0.78974 0
0.356411 -0.863285 0
0.454751 -0.767554 0
0.379645 -0.743931 0
0.399115 -0.796703 0
0.627839 -0.727349 0
0.571036 -0.668606 0
0.513728 -0.71789 0
0.466143 -0.629175 0
0.471599 -0.566569 0
0.401372 -0.607414 0
0.455287 -0.767089 0
0.512667 -0.718073 0
0.426782 -0.683655 0
0.518747 -0.614622 0
0.471992 -0.566592 0
0.466536 -0.6292 0
0.355171 -0.665209 0
0.310098 -0.721666 0
0.379014 -0.743337 0
0.92437 -0.325711 0
0.838808 -0.302456 0
0.837692 -0.398916 0
0.136187 -0.294163 0
0.158881 -0.281668 0
0.13627 -0.26792 0
0.198918 -0.25352 0
0.194786 -0.228837 0
0.176472 -0.24325 0
0.23231 -0.327008 0
0.239263 -0.361235 0
0.269123 -0.343938 0
0.255632 -0.304802 0
0.232366 -0.326819 0
0.269177 -0.343749 0
0.29972 -0.325919 0
0.255857 -0.304799 0
0.269404 -0.343745 0
0.276527 -0.371319 0
0.29979 -0.326142 0
0.269474 -0.343968 0
0.334099 -0.315876 0
0.344046 -0.259385 0
0.301219 -0.29185 0
0.251012 -0.271218 0
0.226242 -0.294886 0
0.25555 -0.304452 0
0.225969 -0.29513 0
0.192666 -0.32212 0
0.23201 -0.326714 0
0.204076 -0.280404 0
0.225968 -0.294787 0
0.220735 -0.265617 0
0.192576 -0.322314 0
0.199915 -0.352663 0
0.231924 -0.326907 0
0.21604 -0.238168 0
0.194918 -0.228821 0
0.199053 -0.253503 0
0.176284 -0.24339 0
0.156894 -0.256311 0
0.180644 -0.267561 0
0.162006 -0.309163 0
0.136198 -0.29444 0
0.136825 -0.323143 0
0.485183 -0.964565 0
0.414963 -1.03425 0
0.508589 -1.03842 0
0.60356 -1.0426 0
0.696235 -1.04713 0
0.665283 -0.922697 0
0.295626 -0.938013 0
0.224416 -1.02544 0
0.318939 -1.02986 0
0.356253 -0.864261 0
0.296297 -0.937179 0
0.387377 -0.941605 0
0.485246 -0.963457 0
0.500261 -0.890032 0
0.442349 -0.851453 0
0.331662 -0.789928 0
0.275486 -0.853087 0
0.355999 -0.863473 0
0.208024 -0.928416 0
0.194786 -0.841882 0
0.117147 -0.927294 0
0.128324 -1.02048 0
0.207801 -0.929016 0
0.116924 -0.927893 0
0.224044 -1.02511 0
0.295258 -0.937675 0
0.208717 -0.929064 0
0.355879 -0.863966 0
0.275366 -0.853579 0
0.29592 -0.936883 0
0.331446 -0.7892 0
0.309609 -0.722193 0
0.257085 -0.776808 0
0.578511 -0.903578 0
0.627647 -0.822824 0
0.538486 -0.794217 0
0.309333 -0.721903 0
0.248881 -0.702796 0
0.256806 -0.776518 0
0.821784 -0.805856 0
0.744279 -0.863477 0
0.827894 -0.915918 0
0.556328 -0.523307 0
0.490711 -0.494214 0
0.4722 -0.565837 0
0.631727 -0.407426 0
0.579359 -0.460386 0
0.630909 -0.47869 0
0.526875 -0.419956 0
0.49097 -0.493518 0
0.578541 -0.460478 0
0.534079 -0.350621 0
0.527011 -0.419218 0
0.575736 -0.382365 0
0.533674 -0.350351 0
0.488652 -0.329021 0
0.492954 -0.391695 0
0.578327 -0.905129 0
0.509526 -1.03825 0
0.602645 -1.04251 0
0.398704 -0.796776 0
0.379233 -0.744004 0
0.332153 -0.78934 0
0.441583 -0.85081 0
0.398994 -0.797381 0
0.356779 -0.863491 0
0.387863 -0.941317 0
0.441545 -0.851294 0
0.356742 -0.863973 0
0.500436 -0.889465 0
0.537606 -0.794266 0
0.442527 -0.850887 0
0.442375 -0.850479 0
0.537457 -0.793858 0
0.455422 -0.767901 0
0.48573 -0.96413 0
0.509132 -1.03799 0
0.577938 -0.904867 0
0.538059 -0.794443 0
0.500891 -0.889642 0
0.578087 -0.903801 0
0.388202 -0.942263 0
0.414557 -1.03393 0
0.484781 -0.964242 0
0.073217 -0.485681 0
0.105725 -0.476324 0
0.0709485 -0.445159 0
0.0322179 -0.462072 0
0.0729701 -0.485633 0
0.0707024 -0.445111 0
0.0464322 -0.50499 0
0.0679639 -0.53991 0
0.0730082 -0.486094 0
0.0287676 -0.558019 0
0.0461036 -0.505127 0
0.0141004 -0.508994 0
0.106083 -0.522291 0
0.105843 -0.476583 0
0.0733353 -0.48594 0
0.0290221 -0.558421 0
0.0679028 -0.593809 0
0.0678893 -0.540449 0
0.151872 -0.51775 0
0.147031 -0.471206 0
0.106484 -0.52238 0
0.208318 -0.386292 0
0.177446 -0.407154 0
0.218029 -0.422123 0
0.208162 -0.386123 0
0.171332 -0.371742 0
0.177289 -0.406985 0
0.23208 -0.327038 0
0.200071 -0.352794 0
0.239031 -0.361265 0
0.192357 -0.322354 0
0.166405 -0.339018 0
0.199694 -0.352704 0
0.278798 -0.282128 0
0.27564 -0.247282 0
0.251255 -0.270984 0
0.136037 -0.29415 0
0.136124 -0.267906 0
0.114946 -0.277614 0
0.092853 -0.285715 0
0.11521 -0.303387 0
0.114731 -0.277705 0
0.159196 -0.281667 0
0.185977 -0.293777 0
0.180687 -0.267814 0
0.11543 -0.303568 0
0.136667 -0.323124 0
0.136043 -0.294421 0
0.16628 -0.338873 0
0.192232 -0.322208 0
0.16229 -0.309309 0
0.251166 -0.270827 0
0.27555 -0.247124 0
0.25222 -0.235188 0
0.226126 -0.294755 0
0.250895 -0.271088 0
0.220891 -0.265586 0
0.226178 -0.295072 0
0.232222 -0.326655 0
0.255488 -0.304638 0
0.255727 -0.30441 0
0.278731 -0.282319 0
0.251187 -0.271176 0
0.285043 -0.19596 0
0.301399 -0.171788 0
0.277441 -0.164565 0
0.285909 -0.225502 0
0.284958 -0.196321 0
0.267558 -0.218744 0
0.309787 -0.206277 0
0.301509 -0.171928 0
0.28515 -0.196101 0
0.286121 -0.225582 0
0.305993 -0.232595 0
0.309806 -0.206578 0
0.275718 -0.246919 0
0.285878 -0.225671 0
0.267526 -0.218914 0
0.275847 -0.246965 0
0.305879 -0.232731 0
0.286007 -0.225718 0
0.329028 -0.22829 0
0.328455 -0.17951 0
0.310024 -0.20641 0
0.158948 -0.281543 0
0.156688 -0.25644 0
0.136341 -0.267792 0
0.162079 -0.309025 0
0.158968 -0.281807 0
0.136274 -0.294301 0
0.162247 -0.309024 0
0.185917 -0.293915 0
0.159133 -0.281806 0
0.140153 -0.390036 0
0.10727 -0.397007 0
0.143118 -0.428162 0
0.387647 -0.942484 0
0.319882 -1.02991 0
0.414005 -1.03415 0
0.199764 -0.353025 0
0.171408 -0.371561 0
0.208236 -0.385942 0
0.159098 -0.281542 0
0.180588 -0.267688 0
0.156835 -0.256441 0
0.14048 -0.389881 0
0.177061 -0.406998 0
0.171105 -0.371754 0
0.138221 -0.355161 0
0.140349 -0.389707 0
0.170975 -0.37158 0
0.107156 -0.397156 0
0.106369 -0.434552 0
0.143006 -0.428311 0
0.116473 -0.331958 0
0.0908228 -0.311136 0
0.0894638 -0.3387 0
0.116558 -0.331841 0
0.115212 -0.303653 0
0.090911 -0.311018 0
0.116712 -0.331882 0
0.136603 -0.323249 0
0.115363 -0.303694 0
0.108272 -0.362552 0
0.116532 -0.332131 0
0.0895227 -0.338873 0
0.0686592 -0.374295 0
0.108113 -0.362693 0
0.0893606 -0.339015 0
0.107154 -0.396788 0
0.140036 -0.389817 0
0.108409 -0.362939 0
0.138309 -0.354991 0
0.171061 -0.371411 0
0.166129 -0.33919 0
0.108436 -0.362606 0
0.137934 -0.354939 0
0.116693 -0.332185 0
0.108514 -0.362798 0
0.140139 -0.389678 0
0.138012 -0.355132 0
0.166093 -0.338876 0
0.162106 -0.309313 0
0.136925 -0.323292 0
0.135969 -0.294268 0
0.114875 -0.277734 0
0.115356 -0.303416 0
0.0926215 -0.285789 0
0.0701774 -0.292052 0
0.0906784 -0.310825 0
0.296173 -0.937733 0
0.319484 -1.02958 0
0.387254 -0.942161 0
0.194449 -0.841597 0
0.106996 -0.843572 0
0.116807 -0.927009 0
0.256512 -0.777419 0
0.195477 -0.841129 0
0.274698 -0.85297 0
0.183261 -0.76308 0
0.107218 -0.843023 0
0.194672 -0.841047 0
0.256208 -0.777117 0
0.183762 -0.762858 0
0.195171 -0.840826 0
0.331331 -0.789639 0
0.256968 -0.777246 0
0.275153 -0.852797 0
0.248459 -0.702932 0
0.183941 -0.762396 0
0.256386 -0.776653 0
0.136819 -0.728761 0
0.0986299 -0.767191 0
0.183041 -0.762451 0
0.173498 -0.691967 0
0.13707 -0.728509 0
0.183291 -0.762198 0
0.173191 -0.691755 0
0.0915039 -0.69896 0
0.136762 -0.728297 0
0.0172571 -0.324978 0
0.0429554 -0.322721 0
0.0235797 -0.299398 0
0.000135365 -0.30017 0
0.0171125 -0.324901 0
0.0234364 -0.299323 0
0.0173122 -0.325154 0
0.039664 -0.351904 0
0.0430085 -0.322899 0
0.0892184 -0.338766 0
0.0654058 -0.318921 0
0.068372 -0.344129 0
0.162358 -0.309158 0
0.192297 -0.322058 0
0.186028 -0.29405 0
0.116789 -0.332053 0
0.138027 -0.354808 0
0.136679 -0.323422 0
0.171267 -0.371404 0
0.199624 -0.352868 0
0.166333 -0.339183 0
0.115132 -0.303498 0
0.0927714 -0.285827 0
0.0908306 -0.310864 0
0.0699393 -0.292116 0
0.0470679 -0.296597 0
0.0652692 -0.318606 0
-0.0105777 -0.354429 0
-0.0355855 -0.384837 0
0.00445784 -0.386059 0
-0.00531118 -0.325766 0
-0.0104544 -0.354124 0
0.0107636 -0.353796 0
-0.0393715 -0.352812 0
-0.035734 -0.384725 0
-0.0107237 -0.354318 0
-0.00545121 -0.325668 0
-0.0312563 -0.324412 0
-0.0105956 -0.354025 0
-0.0605701 -0.349805 0
-0.0676847 -0.381417 0
-0.0396458 -0.352786 0
0.208551 -0.928168 0
0.274537 -0.853476 0
0.195316 -0.841634 0
-0.0435298 -0.461062 0
-0.0752268 -0.417719 0
-0.0998159 -0.453474 0
0.0342805 -0.421107 0
0.069059 -0.407857 0
0.0368453 -0.384997 0
-0.00779239 -0.462443 0
0.0317059 -0.461918 0
-0.00152659 -0.42249 0
0.0706967 -0.444715 0
0.0691717 -0.408058 0
0.0343952 -0.421307 0
0.032087 -0.461857 0
0.0705734 -0.444896 0
0.0342694 -0.421487 0
0.0139291 -0.508532 0
0.0317572 -0.462208 0
-0.00774029 -0.462731 0
0.0463115 -0.50473 0
0.0728891 -0.485833 0
0.032135 -0.462272 0
0.105835 -0.476153 0
0.106124 -0.434872 0
0.0710601 -0.444989 0
0.0431926 -0.322692 0
0.0651815 -0.318708 0
0.0469765 -0.2967 0
0.0110056 -0.353788 0
0.0395584 -0.352007 0
0.017203 -0.325257 0
0.0682173 -0.344075 0
0.0652525 -0.318868 0
0.0432653 -0.322851 0
0.0398353 -0.351969 0
0.0681335 -0.344186 0
0.0431782 -0.322962 0
0.00477025 -0.386058 0
0.0365536 -0.3847 0
0.0109531 -0.3541 0
0.0683594 -0.374276 0
0.0682172 -0.344359 0
0.0399209 -0.35214 0
0.00484848 -0.386282 0
0.0340643 -0.421034 0
0.0366304 -0.384925 0
0.106914 -0.396736 0
0.108171 -0.362887 0
0.0687188 -0.374488 0
0.0892917 -0.338656 0
0.0906533 -0.311092 0
0.0654822 -0.31881 0
0.0685241 -0.374233 0
0.0892284 -0.338953 0
0.0683825 -0.344315 0
0.136844 -0.323445 0
0.138194 -0.354831 0
0.166014 -0.339029 0
-0.0397022 -0.420759 0
-0.0359502 -0.385164 0
-0.075 -0.417356 0
0.0141108 -0.508673 0
0.0461145 -0.504806 0
0.0319368 -0.462349 0
-0.00521729 -0.325669 0
0.0108545 -0.353699 0
0.0170535 -0.32517 0
3.77059e-05 -0.300257 0
-0.00525459 -0.32549 0
0.0170182 -0.324989 0
-0.0313718 -0.324502 0
-0.0393573 -0.35261 0
-0.0107077 -0.354115 0
-0.0235045 -0.299257 0
-0.0313011 -0.324229 0
-0.00549327 -0.325483 0
-0.053637 -0.321494 0
-0.0604977 -0.34951 0
-0.031586 -0.324384 0
0.0368616 -0.384656 0
0.0682556 -0.374412 0
0.0398141 -0.352275 0
-0.00147646 -0.4221 0
0.0339379 -0.421158 0
0.00471905 -0.386407 0
0.069172 -0.407701 0
0.0683533 -0.374598 0
0.0369611 -0.384841 0
-0.00138484 -0.422352 0
0.0318449 -0.461781 0
0.0340284 -0.421412 0
0.106122 -0.434483 0
0.10691 -0.397088 0
0.0695335 -0.407942 0
-0.0233985 -0.299176 0
-0.00539053 -0.325402 0
-9.76789e-05 -0.300172 0
0.0366689 -0.384586 0
0.0396229 -0.352207 0
0.0110717 -0.353987 0
0.0430525 -0.322626 0
0.046838 -0.296636 0
0.0236805 -0.299302 0
-0.0566397 -0.914099 0
-0.148314 -0.909794 0
-0.0642019 -1.01122 0
0.0315331 -1.01607 0
-0.0560366 -0.914455 0
-0.0635983 -1.01157 0
0.032667 -0.916274 0
0.0339085 -0.828091 0
-0.0483265 -0.826314 0
-0.0743353 -0.553969 0
-0.0530966 -0.612861 0
-0.0356977 -0.558165 0
-0.154995 -0.571989 0
-0.0962308 -0.611219 0
-0.113762 -0.549933 0
-0.179038 -0.513357 0
-0.155369 -0.571571 0
-0.14231 -0.522662 0
-0.130029 -0.478302 0
-0.178953 -0.513044 0
-0.142225 -0.522349 0
-0.216462 -0.50407 0
-0.243344 -0.547251 0
-0.17958 -0.513214 0
-0.180499 -0.622717 0
-0.0964535 -0.611463 0
-0.15522 -0.572234 0
0.108624 -0.630819 0
0.0914084 -0.698633 0
0.173097 -0.691428 0
0.1579 -0.570336 0
0.108857 -0.630157 0
0.175772 -0.621782 0
0.0679019 -0.594377 0
0.0280962 -0.615226 0
0.0684821 -0.653708 0
0.10689 -0.573973 0
0.0682994 -0.59416 0
0.108326 -0.630077 0
0.106756 -0.573673 0
0.0681499 -0.5405 0
0.0681639 -0.59386 0
-0.00492537 -0.586052 0
-0.0527872 -0.613257 0
-0.0130677 -0.644534 0
0.0286446 -0.558643 0
-0.00451582 -0.58577 0
0.0277199 -0.614879 0
-0.0354652 -0.558272 0
-0.0528633 -0.612968 0
-0.00499964 -0.585762 0
0.0138268 -0.509171 0
-0.0351296 -0.557832 0
0.0284965 -0.558196 0
-0.0754108 -0.505418 0
-0.106683 -0.499092 0
-0.113531 -0.549335 0
-0.0746695 -0.553581 0
-0.0753043 -0.505601 0
-0.113423 -0.549518 0
-0.0959629 -0.61116 0
-0.0747391 -0.553935 0
-0.113492 -0.549872 0
-0.0356227 -0.557813 0
-0.0307588 -0.507973 0
-0.0742604 -0.553617 0
-0.0307854 -0.507488 0
-0.0433004 -0.461536 0
-0.0749222 -0.505153 0
0.0276334 -0.678848 0
0.0360599 -0.747708 0
0.0906797 -0.698981 0
-0.0126902 -0.644849 0
0.0272593 -0.678225 0
0.0276879 -0.615476 0
-0.0558029 -0.67659 0
-0.0583489 -0.746363 0
-0.0147248 -0.711671 0
0.0688284 -0.654108 0
0.0910578 -0.698507 0
0.108275 -0.630694 0
0.0681705 -0.594428 0
0.0687511 -0.653759 0
0.108199 -0.630344 0
0.0277433 -0.678535 0
0.0907888 -0.698668 0
0.0685582 -0.654269 0
-0.0487646 -0.825608 0
-0.00572084 -0.785975 0
-0.058295 -0.74711 0
0.0979849 -0.767044 0
0.0909147 -0.699277 0
0.0362971 -0.748004 0
0.0331851 -0.916333 0
0.106181 -0.843492 0
0.0344269 -0.828149 0
0.106895 -0.842776 0
0.182939 -0.762833 0
0.0985289 -0.767573 0
0.107162 -0.57336 0
0.151739 -0.518092 0
0.10635 -0.522723 0
0.107335 -0.573518 0
0.157816 -0.5698 0
0.15191 -0.51825 0
0.0682781 -0.540261 0
0.106882 -0.573434 0
0.10607 -0.522797 0
0.0732075 -0.486153 0
0.0681641 -0.539968 0
0.105957 -0.522504 0
0.0288872 -0.558671 0
0.0279626 -0.614907 0
0.0677697 -0.594058 0
0.0279598 -0.615507 0
0.0275313 -0.678256 0
0.0683475 -0.65399 0
0.176159 -0.621617 0
0.224469 -0.580862 0
0.158289 -0.57017 0
0.173379 -0.691171 0
0.175823 -0.622188 0
0.108909 -0.630563 0
0.0983207 -0.766979 0
0.136511 -0.728549 0
0.0912515 -0.699212 0
0.248358 -0.702234 0
0.235776 -0.638956 0
0.174047 -0.691468 0
0.248745 -0.702128 0
0.289568 -0.660033 0
0.236164 -0.638851 0
-0.259032 -0.604605 0
-0.243895 -0.547747 0
-0.301694 -0.561237 0
-0.0677196 -0.38175 0
-0.0750954 -0.417225 0
-0.0360429 -0.385033 0
-0.0236674 -0.299244 0
-0.0535141 -0.321326 0
-0.0314624 -0.324215 0
-0.0561123 -0.676465 0
-0.106985 -0.674431 0
-0.0586588 -0.746238 0
-0.0743936 -0.553441 0
-0.0308898 -0.507797 0
-0.0750262 -0.505461 0
-0.00795013 -0.462883 0
-0.030371 -0.507505 0
0.013722 -0.508683 0
-0.0753651 -0.505098 0
-0.100029 -0.453892 0
-0.106637 -0.498772 0
-0.00813966 -0.462725 0
-0.043075 -0.461394 0
-0.0305627 -0.507346 0
-0.0393633 -0.421033 0
-0.00803151 -0.462305 0
-0.00176414 -0.422353 0
-0.180667 -0.6233 0
-0.193868 -0.684039 0
-0.107853 -0.674044 0
-0.179571 -0.513481 0
-0.243332 -0.547518 0
-0.213024 -0.583788 0
-0.317799 -0.47555 0
-0.28308 -0.509548 0
-0.265712 -0.463575 0
-0.322215 -0.617228 0
-0.259294 -0.604838 0
-0.301957 -0.56147 0
-0.422675 -0.682297 0
-0.345111 -0.679538 0
-0.396625 -0.620786 0
-0.422917 -0.682973 0
-0.450955 -0.750221 0
-0.363007 -0.752429 0
-0.243974 -0.54743 0
-0.282954 -0.510113 0
-0.301775 -0.56092 0
-0.155604 -0.571776 0
-0.179276 -0.513563 0
-0.21273 -0.583869 0
-0.216808 -0.504059 0
-0.282668 -0.509922 0
-0.243689 -0.547239 0
-0.039727 -0.421013 0
-0.0750238 -0.41761 0
-0.0433299 -0.460954 0
-0.0431051 -0.461105 0
-0.00816894 -0.462435 0
-0.0395034 -0.421163 0
-0.0169302 -0.402954 0
0.00443691 -0.386222 0
-0.0356055 -0.385 0
-0.00179319 -0.422155 0
-0.016964 -0.403195 0
-0.0393932 -0.420835 0
-0.00164726 -0.422039 0
0.00454901 -0.386347 0
-0.0168165 -0.403079 0
-0.046876 -0.296338 0
-0.0535673 -0.321232 0
-0.0237178 -0.299151 0
-0.0784523 -0.31468 0
-0.0537488 -0.321283 0
-0.047061 -0.29639 0
-0.0104206 -0.354326 0
0.00461157 -0.385956 0
0.0107962 -0.353999 0
-0.0676006 -0.381535 0
-0.0359233 -0.384816 0
-0.0395641 -0.352903 0
-0.0395085 -0.420711 0
-0.0170777 -0.40307 0
-0.0357547 -0.385115 0
-0.1001 -0.308218 0
-0.0702111 -0.291623 0
-0.0926552 -0.285239 0
-0.0395244 -0.352595 0
-0.0315401 -0.324488 0
-0.0604492 -0.349615 0
-0.0471144 -0.296291 0
-0.0699861 -0.291681 0
-0.0785082 -0.31458 0
0.0326363 -0.917196 0
-0.0557123 -0.914139 0
0.0318549 -1.01575 0
0.127737 -1.02077 0
0.116336 -0.928185 0
0.0327488 -1.01615 0
-0.0972332 -0.369791 0
-0.107302 -0.401795 0
-0.0680314 -0.381648 0
-0.0928387 -0.285267 0
-0.124511 -0.300211 0
-0.100281 -0.308247 0
-0.107335 -0.402193 0
-0.100032 -0.453276 0
-0.0754404 -0.417522 0
-0.172564 -0.424966 0
-0.135613 -0.432269 0
-0.143639 -0.389083 0
-0.172621 -0.425224 0
-0.161092 -0.466087 0
-0.135672 -0.432528 0
-0.235166 -0.431572 0
-0.202243 -0.457801 0
-0.204236 -0.407688 0
-0.107228 -0.401954 0
-0.0753327 -0.417282 0
-0.0679594 -0.381807 0
-0.143293 -0.388797 0
-0.107554 -0.401818 0
-0.097487 -0.369815 0
-0.135251 -0.432408 0
-0.100231 -0.453326 0
-0.107537 -0.402243 0
-0.160949 -0.466264 0
-0.129945 -0.477845 0
-0.13553 -0.432705 0
-0.0998151 -0.453766 0
-0.0751546 -0.504972 0
-0.0435305 -0.461356 0
-0.129646 -0.478025 0
-0.10682 -0.498681 0
-0.100211 -0.453802 0
-0.135325 -0.432662 0
-0.129742 -0.477803 0
-0.100305 -0.45358 0
-0.161095 -0.466533 0
-0.179018 -0.512857 0
-0.130091 -0.478114 0
-0.0745381 -0.554147 0
-0.0957599 -0.611372 0
-0.0532971 -0.613039 0
-0.141929 -0.522541 0
-0.113753 -0.549393 0
-0.106906 -0.49915 0
-0.142091 -0.522784 0
-0.15515 -0.571693 0
-0.113915 -0.549636 0
0.157671 -0.570175 0
0.10719 -0.573893 0
0.108625 -0.629996 0
-0.0304628 -0.507823 0
-0.0353288 -0.557663 0
0.0136301 -0.509001 0
-0.0145572 -0.712037 0
-0.0581794 -0.746729 0
-0.00560673 -0.785594 0
0.0272813 -0.678891 0
-0.0141323 -0.711684 0
0.0357086 -0.74775 0
0.0271192 -0.678546 0
-0.0128319 -0.645171 0
-0.0142961 -0.71134 0
-0.0131098 -0.645163 0
-0.0556503 -0.67625 0
-0.0145737 -0.711332 0
-0.00465565 -0.586058 0
-0.0127982 -0.64454 0
0.0275816 -0.615167 0
-0.0529587 -0.613559 0
-0.05578 -0.675922 0
-0.0132376 -0.644835 0
0.0284349 -0.558452 0
-0.035191 -0.558088 0
-0.00472689 -0.585579 0
-0.0956974 -0.611779 0
-0.0560571 -0.675811 0
-0.0532352 -0.613448 0
-0.107649 -0.674449 0
-0.193662 -0.684442 0
-0.1196 -0.743804 0
-0.0958793 -0.611983 0
-0.107111 -0.673981 0
-0.0562368 -0.676014 0
-0.0962947 -0.611805 0
-0.180338 -0.623057 0
-0.107527 -0.673802 0
-0.119147 -0.744013 0
-0.0588691 -0.746464 0
-0.107198 -0.674658 0
-0.200596 -0.754527 0
-0.11991 -0.744072 0
-0.193975 -0.684712 0
-0.237324 -0.912427 0
-0.329246 -0.906279 0
-0.256929 -1.00324 0
-0.286181 -0.744068 0
-0.306952 -0.820336 0
-0.218844 -0.829115 0
-0.239165 -0.713354 0
-0.285894 -0.743462 0
-0.201301 -0.75462 0
-0.194375 -0.684609 0
-0.238858 -0.713157 0
-0.200995 -0.754424 0
-0.194461 -0.684243 0
-0.226879 -0.645514 0
-0.238946 -0.712792 0
-0.275668 -0.668936 0
-0.344251 -0.679902 0
-0.286496 -0.743063 0
-0.362419 -0.753144 0
-0.389667 -0.826407 0
-0.307777 -0.820357 0
-0.148563 -0.909161 0
-0.056886 -0.913464 0
-0.137846 -0.822148 0
-0.137755 -0.821041 0
-0.0589721 -0.746956 0
-0.11925 -0.744504 0
-0.330179 -0.906256 0
-0.419084 -0.908415 0
-0.353831 -0.999976 0
-0.30767 -0.820868 0
-0.389558 -0.826917 0
-0.329927 -0.905384 0
-0.239413 -0.713067 0
-0.275317 -0.669048 0
-0.286144 -0.743175 0
-0.344998 -0.67998 0
-0.422561 -0.682737 0
-0.362653 -0.752194 0
-0.286785 -0.743343 0
-0.344543 -0.680183 0
-0.362197 -0.752398 0
-0.322816 -0.617675 0
-0.396289 -0.620568 0
-0.344777 -0.679322 0
-0.451232 -0.750953 0
-0.477922 -0.828145 0
-0.390533 -0.826424 0
-0.159854 -1.00734 0
-0.0645469 -1.01153 0
-0.148663 -0.910108 0
0.0344077 -0.827333 0
0.0977955 -0.767474 0
0.0361069 -0.748434 0
-0.13751 -0.821869 0
-0.0565541 -0.913186 0
-0.0491989 -0.826283 0
0.295428 -0.937099 0
0.274871 -0.853796 0
0.208888 -0.928489 0
0.0346449 -0.827651 0
0.106398 -0.842993 0
0.0980303 -0.767791 0
0.208157 -0.929343 0
0.128682 -1.02081 0
0.223486 -1.02538 0
0.0334611 -0.916665 0
0.116268 -0.92726 0
0.106454 -0.843824 0
0.0332126 -0.917242 0
0.0324304 -1.0158 0
0.11602 -0.927838 0
0.0654166 -0.318655 0
0.0905892 -0.310935 0
0.0700845 -0.292163 0
0.0694069 -0.407741 0
0.106785 -0.396886 0
0.0685869 -0.374638 0
0.0709374 -0.44476 0
0.106003 -0.434643 0
0.0694114 -0.408102 0
0.0289487 -0.558124 0
0.0678172 -0.540151 0
0.0462833 -0.505232 0
0.147263 -0.470653 0
0.184081 -0.446231 0
0.1434 -0.428597 0
0.106329 -0.522242 0
0.146879 -0.471067 0
0.10609 -0.476533 0
0.152208 -0.517609 0
0.206397 -0.480277 0
0.147367 -0.471065 0
0.106503 -0.434798 0
0.147002 -0.470614 0
0.14314 -0.428558 0
0.215503 -0.52794 0
0.267642 -0.543025 0
0.266791 -0.485081 0
0.152435 -0.517799 0
0.214916 -0.52784 0
0.206623 -0.480467 0
0.152272 -0.518098 0
0.158176 -0.569648 0
0.214754 -0.528139 0
-0.0971447 -0.36948 0
-0.0608287 -0.349725 0
-0.087658 -0.340809 0
-0.144841 -0.29059 0
-0.124733 -0.300124 0
-0.11494 -0.277063 0
-0.135374 -0.355928 0
-0.0974605 -0.369479 0
-0.10828 -0.334598 0
-0.0875743 -0.340531 0
-0.0538846 -0.321432 0
-0.0785876 -0.314827 0
-0.00512937 -0.785986 0
0.0340628 -0.827395 0
0.0357611 -0.748496 0
-0.0142423 -0.712042 0
-0.00529231 -0.785599 0
0.0356 -0.748109 0
-0.0484543 -0.825878 0
0.0337816 -0.827655 0
-0.00541199 -0.786246 0
-0.137519 -0.821313 0
-0.0492061 -0.825726 0
-0.0587383 -0.747229 0
-0.0559835 -0.913505 0
0.0323668 -0.916561 0
-0.0486296 -0.826601 0
-0.17638 -0.380031 0
-0.172701 -0.42479 0
-0.143776 -0.388908 0
-0.178862 -0.302331 0
-0.201276 -0.286775 0
-0.215341 -0.312223 0
-0.165178 -0.34655 0
-0.154803 -0.31722 0
-0.190947 -0.329851 0
-0.167239 -0.277509 0
-0.15689 -0.255593 0
-0.18809 -0.263407 0
-0.154693 -0.316942 0
-0.145154 -0.29073 0
-0.178472 -0.30236 0
-0.13637 -0.267034 0
-0.156716 -0.255606 0
-0.167067 -0.277521 0
-0.235247 -0.431343 0
-0.204316 -0.407459 0
-0.226117 -0.389566 0
-0.265379 -0.463083 0
-0.235583 -0.431586 0
-0.265666 -0.406595 0
-0.202036 -0.45778 0
-0.172987 -0.425113 0
-0.204027 -0.407666 0
-0.265166 -0.463256 0
-0.202447 -0.457988 0
-0.235371 -0.431758 0
-0.201913 -0.458269 0
-0.179258 -0.51279 0
-0.161336 -0.466466 0
-0.154847 -0.317073 0
-0.178625 -0.302491 0
-0.190993 -0.329703 0
-0.135557 -0.326481 0
-0.154616 -0.317209 0
-0.164993 -0.346539 0
-0.17633 -0.37966 0
-0.135829 -0.356003 0
-0.165066 -0.346846 0
-0.100052 -0.308317 0
-0.0786841 -0.31462 0
-0.0701651 -0.291721 0
-0.135242 -0.326297 0
-0.100423 -0.308385 0
-0.124652 -0.300348 0
-0.108101 -0.334257 0
-0.0788116 -0.314763 0
-0.100179 -0.308459 0
-0.135502 -0.355784 0
-0.108407 -0.334455 0
-0.135303 -0.32657 0
-0.164929 -0.346669 0
-0.135691 -0.355825 0
-0.135494 -0.326611 0
-0.143388 -0.388644 0
-0.0975791 -0.369661 0
-0.135492 -0.356109 0
-0.0877548 -0.340575 0
-0.078771 -0.314871 0
-0.108059 -0.334365 0
-0.145053 -0.290481 0
-0.136331 -0.26715 0
-0.167027 -0.277638 0
-0.124866 -0.300258 0
-0.144973 -0.290724 0
-0.154515 -0.316935 0
-0.135422 -0.326326 0
-0.124835 -0.300377 0
-0.154482 -0.317055 0
-0.0928867 -0.285163 0
-0.114765 -0.277045 0
-0.12456 -0.300105 0
-0.114978 -0.276953 0
-0.136155 -0.267149 0
-0.14488 -0.290479 0
-0.160431 -1.00701 0
-0.149239 -0.909776 0
-0.236398 -0.91245 0
-0.188121 -0.263289 0
-0.156921 -0.255477 0
-0.17631 -0.242497 0
-0.225347 -0.343981 0
-0.215646 -0.3125 0
-0.245921 -0.328021 0
-0.188238 -0.263511 0
-0.201148 -0.286529 0
-0.167388 -0.277613 0
-0.225164 -0.343987 0
-0.19135 -0.329827 0
-0.215462 -0.312506 0
-0.204495 -0.360354 0
-0.176559 -0.379675 0
-0.165297 -0.346861 0
-0.330299 -0.905675 0
-0.389934 -0.827209 0
-0.419206 -0.907836 0
-0.237122 -0.911561 0
-0.21868 -0.829678 0
-0.306787 -0.820897 0
-0.160789 -1.00732 0
-0.236759 -0.912766 0
-0.256363 -1.00358 0
-0.149432 -0.909181 0
-0.218153 -0.829974 0
-0.236593 -0.911857 0
-0.285825 -0.743848 0
-0.218491 -0.828896 0
-0.201233 -0.755008 0
-0.205736 -0.249263 0
-0.188284 -0.263268 0
-0.176475 -0.242475 0
-0.233624 -0.257876 0
-0.206041 -0.249217 0
-0.222349 -0.233898 0
-0.23361 -0.258007 0
-0.2181 -0.272815 0
-0.206027 -0.249347 0
-0.178829 -0.302475 0
-0.215307 -0.312367 0
-0.191194 -0.329687 0
-0.167357 -0.277742 0
-0.201115 -0.286659 0
-0.1787 -0.302215 0
-0.194809 -0.227906 0
-0.205758 -0.249144 0
-0.176496 -0.242357 0
-0.205874 -0.249365 0
-0.217949 -0.272833 0
-0.188424 -0.26337 0
-0.218174 -0.273114 0
-0.246143 -0.284747 0
-0.215621 -0.312118 0
-0.188409 -0.263495 0
-0.217934 -0.272958 0
-0.201317 -0.286513 0
-0.233744 -0.258125 0
-0.246205 -0.284566 0
-0.218235 -0.272933 0
-0.226684 -0.645214 0
-0.194267 -0.683943 0
-0.181066 -0.623204 0
-0.212974 -0.584479 0
-0.226747 -0.64488 0
-0.181128 -0.62287 0
-0.275118 -0.66872 0
-0.239216 -0.712739 0
-0.227149 -0.645462 0
-0.344373 -0.679483 0
-0.275787 -0.668516 0
-0.322412 -0.617836 0
-0.362072 -0.752867 0
-0.307433 -0.82008 0
-0.286661 -0.743813 0
-0.205911 -0.249116 0
-0.194963 -0.227877 0
-0.22222 -0.233797 0
-0.813951 -0.46711 0
-0.781097 -0.396976 0
-0.855111 -0.423857 0
-0.93681 -0.453076 0
-0.850483 -0.544127 0
-0.855754 -0.424301 0
-0.606124 -0.401749 0
-0.614442 -0.473823 0
-0.567198 -0.449879 0
-0.584433 -0.336653 0
-0.605979 -0.401062 0
-0.553754 -0.381458 0
-0.663001 -0.422828 0
-0.614763 -0.473732 0
-0.606446 -0.401659 0
-0.780361 -0.39672 0
-0.736289 -0.442863 0
-0.712778 -0.37181 0
-0.735807 -0.443369 0
-0.685283 -0.49665 0
-0.66367 -0.423044 0
-0.849762 -0.544504 0
-0.762757 -0.521753 0
-0.813872 -0.467931 0
-0.633713 -0.615727 0
-0.644067 -0.693709 0
-0.565371 -0.689626 0
-0.518524 -0.577834 0
-0.569821 -0.560498 0
-0.540888 -0.631363 0
-0.62433 -0.542488 0
-0.722208 -0.579041 0
-0.634171 -0.614852 0
-0.790483 -0.607768 0
-0.723193 -0.578949 0
-0.762256 -0.522334 0
-0.790374 -0.608356 0
-0.729851 -0.697536 0
-0.723085 -0.579537 0
-0.753165 -0.775073 0
-0.643959 -0.76625 0
-0.729462 -0.698719 0
-0.762377 -0.521413 0
-0.736567 -0.443601 0
-0.813492 -0.467593 0
-0.549054 -0.29578 0
-0.532925 -0.239548 0
-0.584183 -0.25539 0
-0.967009 -0.650468 0
-0.890241 -0.629439 0
-0.95793 -0.557259 0
-1.0354 -0.680957 0
-0.967739 -0.650727 0
-1.03107 -0.582713 0
-0.917464 -0.745558 0
-0.861363 -0.826321 0
-0.822064 -0.703005 0
-0.772567 -0.313366 0
-0.84735 -0.335829 0
-0.780931 -0.396166 0
-0.958599 -0.556545 0
-1.02663 -0.484144 0
-1.03101 -0.58174 0
-0.929285 -0.362877 0
-0.937075 -0.452467 0
-0.856018 -0.423694 0
-0.929843 -0.362752 0
-1.02206 -0.38585 0
-0.937631 -0.452339 0
-0.161314 -0.466173 0
-0.172845 -0.425309 0
-0.201892 -0.457976 0
-0.216324 -0.503772 0
-0.179442 -0.512915 0
-0.202098 -0.458394 0
-0.141983 -0.522302 0
-0.106959 -0.498911 0
-0.129787 -0.478254 0
-0.548779 -0.295852 0
-0.502038 -0.277005 0
-0.532649 -0.23962 0
-0.267663 -0.182293 0
-0.291416 -0.1942 0
-0.278167 -0.211277 0
-0.255787 -0.156589 0
-0.267426 -0.182049 0
-0.242832 -0.17596 0
-0.281814 -0.160699 0
-0.291428 -0.19403 0
-0.267676 -0.182124 0
-0.267531 -0.182321 0
-0.278036 -0.211304 0
-0.252209 -0.202446 0
-0.342258 -0.170623 0
-0.324821 -0.196766 0
-0.310778 -0.16533 0
-0.306451 -0.221276 0
-0.278298 -0.211407 0
-0.291546 -0.194331 0
-0.393558 -0.215557 0
-0.371448 -0.244476 0
-0.357836 -0.205883 0
-0.248402 -0.242815 0
-0.233766 -0.257855 0
-0.222492 -0.233876 0
-0.284004 -0.238553 0
-0.275711 -0.267552 0
-0.248749 -0.242863 0
-0.278129 -0.211576 0
-0.284062 -0.238315 0
-0.263569 -0.227573 0
-0.306192 -0.250253 0
-0.275903 -0.267577 0
-0.284197 -0.238578 0
-0.275544 -0.267617 0
-0.233945 -0.257968 0
-0.24858 -0.242928 0
-0.337415 -0.232494 0
-0.306473 -0.250079 0
-0.306698 -0.221534 0
-0.245991 -0.327822 0
-0.215715 -0.312302 0
-0.246236 -0.284931 0
-0.236599 -0.219253 0
-0.22238 -0.233644 0
-0.212248 -0.211886 0
-0.263324 -0.227479 0
-0.236869 -0.219201 0
-0.252057 -0.202623 0
-0.263312 -0.227613 0
-0.248549 -0.242665 0
-0.236857 -0.219335 0
-0.23672 -0.219356 0
-0.248412 -0.242685 0
-0.222502 -0.233747 0
-0.306426 -0.221424 0
-0.284206 -0.238294 0
-0.278273 -0.211555 0
-0.30652 -0.221554 0
-0.306295 -0.250099 0
-0.2843 -0.238424 0
-0.218023 -0.273121 0
-0.215471 -0.312124 0
-0.201408 -0.286677 0
-0.135758 -0.356143 0
-0.176257 -0.379801 0
-0.143651 -0.388678 0
-0.225128 -0.344147 0
-0.204744 -0.360178 0
-0.191315 -0.329987 0
-0.247593 -0.371719 0
-0.225454 -0.34418 0
-0.246027 -0.328219 0
-0.247456 -0.371828 0
-0.204933 -0.360319 0
-0.225316 -0.344288 0
-0.107681 -0.402028 0
-0.14342 -0.389006 0
-0.135397 -0.432192 0
-0.0607639 -0.349862 0
-0.0970771 -0.369617 0
-0.0678756 -0.381473 0
-0.087817 -0.340758 0
-0.10812 -0.334548 0
-0.0973025 -0.369428 0
-0.053826 -0.321548 0
-0.0875129 -0.340648 0
-0.0606835 -0.349564 0
-0.108289 -0.334296 0
-0.10037 -0.308498 0
-0.135186 -0.326411 0
-0.145195 -0.290599 0
-0.167168 -0.277756 0
-0.178514 -0.302228 0
-0.191113 -0.329995 0
-0.204544 -0.360187 0
-0.165345 -0.346695 0
-0.204049 -0.407189 0
-0.176689 -0.379878 0
-0.204624 -0.360555 0
-0.203942 -0.407405 0
-0.172901 -0.424852 0
-0.176583 -0.380093 0
-0.194984 -0.227752 0
-0.212108 -0.211915 0
-0.222241 -0.233672 0
-0.212268 -0.211756 0
-0.228097 -0.194633 0
-0.236618 -0.219122 0
-0.322125 -0.617586 0
-0.275503 -0.668267 0
-0.259206 -0.605197 0
-0.217996 -0.829157 0
-0.138557 -0.821351 0
-0.200739 -0.755269 0
-0.329415 -0.905669 0
-0.237492 -0.911815 0
-0.30716 -0.821153 0
-0.149104 -0.90888 0
-0.138385 -0.821867 0
-0.217822 -0.829672 0
-0.138229 -0.821068 0
-0.119724 -0.744531 0
-0.200408 -0.754984 0
-0.251959 -0.202369 0
-0.22825 -0.194457 0
-0.242687 -0.176155 0
-0.543408 -0.758375 0
-0.642749 -0.766658 0
-0.577249 -0.837488 0
-0.850668 -0.545162 0
-0.957539 -0.556908 0
-0.889851 -0.629084 0
-0.791332 -0.608014 0
-0.85011 -0.545331 0
-0.889293 -0.629257 0
-0.814183 -0.467604 0
-0.855342 -0.424349 0
-0.850072 -0.544175 0
-0.821516 -0.703103 0
-0.860815 -0.826422 0
-0.754198 -0.775289 0
-0.342129 -0.436062 0
-0.365949 -0.397425 0
-0.39082 -0.427778 0
-0.318311 -0.47533 0
-0.341867 -0.436466 0
-0.360015 -0.470619 0
-0.297966 -0.433009 0
-0.291814 -0.382482 0
-0.32502 -0.403465 0
-0.834004 -0.25777 0
-0.838603 -0.169529 0
-0.921991 -0.180579 0
-0.929207 -0.361985 0
-0.848343 -0.335582 0
-0.92128 -0.273661 0
-0.771859 -0.313137 0
-0.71264 -0.371026 0
-0.7039 -0.292397 0
-0.236751 -0.219091 0
-0.22823 -0.194601 0
-0.25194 -0.202513 0
-0.281696 -0.160572 0
-0.267556 -0.181998 0
-0.255918 -0.156537 0
-0.291715 -0.194095 0
-0.310608 -0.165409 0
-0.324652 -0.196844 0
-0.584662 -0.255635 0
-0.640752 -0.27297 0
-0.584651 -0.335803 0
-0.549227 -0.296103 0
-0.584354 -0.255713 0
-0.584345 -0.335881 0
-0.755035 -0.24423 0
-0.838042 -0.169741 0
-0.833446 -0.257985 0
-0.572596 -0.18469 0
-0.62881 -0.198321 0
-0.584581 -0.25488 0
-0.508599 -0.0166775 0
-0.50386 -0.0770332 0
-0.461846 -0.0579718 0
-0.559041 0.0145913 0
-0.508943 -0.016123 0
-0.508943 0.0162212 0
-0.556722 -0.0323954 0
-0.504178 -0.0769471 0
-0.508918 -0.0165919 0
-0.627476 -0.151669 0
-0.571567 -0.145468 0
-0.592582 -0.108094 0
-0.570987 -0.145593 0
-0.521229 -0.171734 0
-0.52549 -0.125517 0
-0.525128 -0.125113 0
-0.479916 -0.118737 0
-0.503976 -0.077599 0
-0.592241 -0.108005 0
-0.571225 -0.145379 0
-0.525729 -0.125303 0
-0.614438 -0.06908 0
-0.592485 -0.107596 0
-0.555472 -0.0793571 0
-0.614761 -0.0691934 0
-0.651974 -0.113121 0
-0.592809 -0.10771 0
-0.520908 -0.171785 0
-0.475014 -0.160715 0
-0.525168 -0.125568 0
-0.915408 -0.093129 0
-1.01367 -0.0961373 0
-0.922847 -0.179781 0
-0.91853 -0.744902 0
-0.967361 -0.65127 0
-1.03502 -0.681504 0
-0.776156 -0.855569 0
-0.754046 -0.775801 0
-0.860661 -0.826934 0
-0.958286 -0.556112 0
-0.937742 -0.453314 0
-1.02632 -0.483716 0
-0.96748 -0.65031 0
-0.958402 -0.557102 0
-1.03081 -0.582299 0
-0.849685 -0.544973 0
-0.790907 -0.607653 0
-0.76268 -0.522222 0
-0.30233 -0.117015 0
-0.329776 -0.119704 0
-0.321058 -0.146093 0
-0.277299 -0.114651 0
-0.302061 -0.116979 0
-0.2928 -0.140598 0
-0.309987 -0.0958309 0
-0.329739 -0.119535 0
-0.302294 -0.116846 0
-0.656751 -0.339905 0
-0.712121 -0.371551 0
-0.663494 -0.422279 0
-0.640992 -0.273251 0
-0.656251 -0.339288 0
-0.584892 -0.336084 0
-0.64139 -0.273104 0
-0.703276 -0.292157 0
-0.656647 -0.339141 0
-0.629038 -0.198615 0
-0.640901 -0.27251 0
-0.584812 -0.255175 0
-0.848023 -0.335234 0
-0.834035 -0.258636 0
-0.920962 -0.273316 0
-0.855719 -0.423302 0
-0.848123 -0.336084 0
-0.928987 -0.362488 0
-0.772744 -0.312906 0
-0.833537 -0.258768 0
-0.847526 -0.335368 0
-0.712898 -0.371376 0
-0.772115 -0.313485 0
-0.780481 -0.396286 0
-0.754816 -0.24471 0
-0.833227 -0.258464 0
-0.772432 -0.3126 0
-0.629398 -0.198476 0
-0.691608 -0.21352 0
-0.641259 -0.27237 0
-0.759854 -0.165734 0
-0.748917 -0.078711 0
-0.827025 -0.0841178 0
-0.754787 -0.243923 0
-0.759913 -0.166573 0
-0.837796 -0.169435 0
-0.690528 -0.158195 0
-0.678234 -0.0737159 0
-0.748187 -0.0786505 0
-0.692207 -0.213033 0
-0.690614 -0.158955 0
-0.759212 -0.166435 0
-0.691773 -0.21314 0
-0.629563 -0.198096 0
-0.690179 -0.159061 0
-0.703771 -0.291641 0
-0.692234 -0.213738 0
-0.754115 -0.24449 0
-0.712669 -0.037431 0
-0.679623 -0.000126318 0
-0.749168 -0.000125605 0
-0.759399 -0.165985 0
-0.690802 -0.158505 0
-0.748458 -0.0789599 0
-0.571143 -0.14579 0
-0.572193 -0.184237 0
-0.521387 -0.171932 0
-0.555173 -0.0795449 0
-0.592187 -0.107784 0
-0.525675 -0.125082 0
-0.627409 -0.151924 0
-0.572548 -0.18417 0
-0.571499 -0.145723 0
-0.918772 -0.745338 0
-1.03526 -0.681937 0
-1.03932 -0.780645 0
-0.822157 -0.702347 0
-0.889622 -0.630238 0
-0.91756 -0.7449 0
-0.540556 -0.631596 0
-0.470942 -0.629776 0
-0.518192 -0.578066 0
-0.549872 -0.498089 0
-0.623539 -0.542033 0
-0.570202 -0.559933 0
-0.564563 -0.689711 0
-0.495134 -0.702531 0
-0.540792 -0.632212 0
-0.642709 -0.766165 0
-0.543367 -0.757881 0
-0.565066 -0.690344 0
-0.576698 -0.837695 0
-0.47885 -0.828207 0
-0.542859 -0.758581 0
-0.890108 -0.630067 0
-0.966875 -0.651098 0
-0.918046 -0.744726 0
-0.791238 -0.608539 0
-0.889197 -0.629782 0
-0.821733 -0.701888 0
-0.850825 -0.544573 0
-0.937151 -0.453517 0
-0.957698 -0.556318 0
-0.309839 -0.0957402 0
-0.302145 -0.116756 0
-0.285455 -0.0925889 0
-0.360767 -0.122868 0
-0.394428 -0.126381 0
-0.386925 -0.159304 0
-0.310766 -0.165161 0
-0.321129 -0.146423 0
-0.342246 -0.170454 0
-0.337471 -0.0991417 0
-0.347464 -0.0717132 0
-0.372893 -0.0834881 0
-0.31804 -0.0708254 0
-0.337162 -0.0991796 0
-0.310065 -0.0956086 0
-0.37328 -0.0836369 0
-0.406219 -0.0892273 0
-0.394533 -0.126015 0
-0.337515 -0.0993123 0
-0.372937 -0.0836586 0
-0.36053 -0.122525 0
-0.347512 -0.0715505 0
-0.35162 -0.0506523 0
-0.37294 -0.0833258 0
-0.296403 -0.0467479 0
-0.299144 -0.0236432 0
-0.322256 -0.0484426 0
-0.384266 -0.0529093 0
-0.406185 -0.0889822 0
-0.373246 -0.0833914 0
-0.242819 -0.176113 0
-0.267414 -0.182203 0
-0.25209 -0.202328 0
-0.281958 -0.160642 0
-0.310465 -0.165287 0
-0.291571 -0.193974 0
-0.267312 -0.136063 0
-0.281694 -0.160418 0
-0.255917 -0.156383 0
-0.267435 -0.136011 0
-0.2927 -0.140814 0
-0.281818 -0.160366 0
-0.324963 -0.197107 0
-0.357493 -0.205781 0
-0.337646 -0.232264 0
-0.291702 -0.194282 0
-0.324639 -0.197032 0
-0.306606 -0.221228 0
-0.342415 -0.170759 0
-0.357509 -0.205574 0
-0.324979 -0.196901 0
-0.302035 -0.116819 0
-0.277274 -0.11449 0
-0.285346 -0.0926519 0
-0.3106 -0.165062 0
-0.292975 -0.140864 0
-0.320964 -0.146324 0
-0.26742 -0.135858 0
-0.277183 -0.114714 0
-0.292684 -0.140661 0
-0.485399 -0.224702 0
-0.43366 -0.226239 0
-0.459667 -0.191391 0
-0.318165 -0.070745 0
-0.347281 -0.0716703 0
-0.337287 -0.0990994 0
-0.4589 -0.259692 0
-0.485623 -0.225099 0
-0.50158 -0.276836 0
-0.330025 -0.119566 0
-0.337371 -0.0994331 0
-0.360386 -0.122645 0
-0.292947 -0.140703 0
-0.302207 -0.117085 0
-0.320935 -0.146163 0
-0.310104 -0.095772 0
-0.337202 -0.0993427 0
-0.329856 -0.119476 0
-0.930114 -0.362205 0
-1.0187 -0.289101 0
-1.02233 -0.385301 0
-1.02653 -0.483145 0
-0.937956 -0.452746 0
-1.02238 -0.386251 0
-0.572063 -0.184549 0
-0.53279 -0.238897 0
-0.521257 -0.172244 0
-0.61452 -0.0685213 0
-0.557448 -0.0322703 0
-0.615683 0.0124319 0
-0.525379 -0.124981 0
-0.504228 -0.0774672 0
-0.554878 -0.0794431 0
-0.474875 -0.160538 0
-0.479819 -0.119015 0
-0.52503 -0.125391 0
-0.459923 -0.190996 0
-0.474795 -0.160934 0
-0.520689 -0.172005 0
-0.459628 -0.190925 0
-0.433062 -0.150933 0
-0.474501 -0.160864 0
-0.532502 -0.239032 0
-0.485934 -0.224681 0
-0.520967 -0.172378 0
-0.433211 -0.226182 0
-0.393961 -0.215422 0
-0.416583 -0.183726 0
-0.443615 -0.095455 0
-0.503703 -0.0774992 0
-0.479643 -0.118637 0
-0.461423 -0.0577834 0
-0.423086 -0.0192893 0
-0.463301 -0.0179579 0
-0.70404 -0.291974 0
-0.754382 -0.244822 0
-0.771999 -0.312714 0
-0.656886 -0.33947 0
-0.703513 -0.292485 0
-0.712255 -0.371115 0
-0.641508 -0.272683 0
-0.691855 -0.213832 0
-0.703394 -0.291736 0
-0.292844 -0.140912 0
-0.31047 -0.165109 0
-0.281963 -0.160464 0
-0.360433 -0.122803 0
-0.351384 -0.146481 0
-0.330071 -0.119724 0
-0.32994 -0.119803 0
-0.351253 -0.14656 0
-0.321223 -0.146191 0
-0.485481 0.224552 0
-0.474619 0.161178 0
-0.443143 0.211575 0
-0.574361 0.225335 0
-0.514981 0.186489 0
-0.524832 0.251398 0
-0.572002 0.184264 0
-0.520265 0.140207 0
-0.514958 0.18598 0
-0.635219 0.128974 0
-0.629382 0.19778 0
-0.6934 0.149254 0
-0.474975 0.16081 0
-0.514632 0.185902 0
-0.51994 0.140128 0
-0.575109 0.225478 0
-0.634692 0.282015 0
-0.628985 0.198547 0
-0.557612 0.0646971 0
-0.508931 0.0166472 0
-0.507275 0.0611215 0
-0.463307 -0.017705 0
-0.423092 -0.019036 0
-0.463307 0.0175778 0
-0.463745 0.0177006 0
-0.508623 0.0162316 0
-0.508623 -0.0161129 0
-0.420747 -0.0554446 0
-0.443093 -0.0952825 0
-0.406541 -0.0890302 0
-0.508465 -0.0164792 0
-0.46171 -0.0577735 0
-0.463587 -0.0179484 0
-0.503643 -0.0772966 0
-0.443555 -0.0952523 0
-0.461627 -0.0582356 0
-0.43274 -0.150499 0
-0.394856 -0.12626 0
-0.443093 -0.0957246 0
-0.474567 -0.160623 0
-0.433129 -0.150692 0
-0.47951 -0.1191 0
-0.41638 -0.18358 0
-0.393756 -0.215276 0
-0.372479 -0.182737 0
-0.459435 -0.191001 0
-0.416801 -0.183393 0
-0.432868 -0.151008 0
-0.459437 -0.191253 0
-0.43343 -0.226101 0
-0.416803 -0.183644 0
-0.420613 -0.0549614 0
-0.386756 -0.0204979 0
-0.422693 -0.0192881 0
-0.420484 -0.055073 0
-0.384359 -0.0525857 0
-0.386627 -0.0206097 0
-0.394768 -0.126055 0
-0.406453 -0.0892672 0
-0.443006 -0.095519 0
-0.394381 -0.126127 0
-0.360721 -0.122615 0
-0.373127 -0.083749 0
-0.479406 -0.118882 0
-0.433023 -0.150474 0
-0.443377 -0.0957001 0
-0.351295 -0.146729 0
-0.342382 -0.170393 0
-0.321265 -0.146361 0
-0.386781 -0.159372 0
-0.351575 -0.146614 0
-0.360623 -0.122937 0
-0.386821 -0.159571 0
-0.372239 -0.182428 0
-0.351614 -0.146814 0
-0.322319 -0.0485995 0
-0.317945 -0.0704934 0
-0.296465 -0.0469053 0
-0.353853 -0.0291438 0
-0.322535 -0.0483798 0
-0.325094 -0.0226425 0
-0.351452 -0.0505356 0
-0.347343 -0.0714342 0
-0.322601 -0.0486149 0
-0.324836 -0.0224622 0
-0.299165 -0.0234001 0
-0.30008 -0.000153272 0
-0.299168 0.0233252 0
-0.325714 7.77423e-05 0
-0.300083 7.8691e-05 0
-0.32249 -0.0486823 0
-0.347231 -0.0715013 0
-0.318116 -0.0705756 0
-0.353942 -0.0292369 0
-0.351474 -0.050394 0
-0.322624 -0.0484728 0
-0.384084 -0.0527802 0
-0.373063 -0.0832628 0
-0.351743 -0.0505893 0
-0.309804 -0.0955837 0
-0.28542 -0.0924319 0
-0.29175 -0.0700338 0
-0.309913 -0.095511 0
-0.291859 -0.0699609 0
-0.317888 -0.070727 0
-0.922263 -0.180028 0
-0.838874 -0.168977 0
-0.914821 -0.0933716 0
-0.921816 -0.272574 0
-0.922876 -0.180705 0
-1.0155 -0.192205 0
-0.92121 -0.272797 0
-0.834283 -0.258118 0
-0.922267 -0.180924 0
-0.929776 -0.361827 0
-0.921851 -0.273506 0
-1.01836 -0.288729 0
-0.847626 -0.336197 0
-0.855224 -0.423417 0
-0.781209 -0.396536 0
-0.296363 -0.0469766 0
-0.317843 -0.0705644 0
-0.291814 -0.0697977 0
-0.749056 0.000208412 0
-0.679511 0.000208241 0
-0.679398 0.0622479 0
-0.749331 0.0696647 0
-0.749289 0.000441433 0
-0.679633 0.0624811 0
-0.693946 0.148606 0
-0.749145 0.0701615 0
-0.679447 0.0629786 0
-0.762841 0.158525 0
-0.83805 0.168856 0
-0.82799 0.0784921 0
-0.692422 -0.213319 0
-0.759424 -0.16672 0
-0.754301 -0.244071 0
-0.827454 -0.00647357 0
-0.827252 -0.0835839 0
-0.749144 -0.078176 0
-0.828011 -0.00622333 0
-0.914881 -0.00341384 0
-0.827806 -0.0833315 0
-0.749825 0.0694351 0
-0.827198 -0.00570119 0
-0.749785 0.000212917 0
-0.914505 -0.0930507 0
-0.838556 -0.168654 0
-0.827841 -0.0841764 0
-0.559562 0.0149947 0
-0.558144 0.0646744 0
-0.615765 0.0560268 0
-0.556906 -0.032089 0
-0.509104 -0.0162852 0
-0.559202 0.0144292 0
-0.507128 0.0615353 0
-0.484404 0.102338 0
-0.538347 0.102744 0
-0.463739 0.0179596 0
-0.50696 0.0609648 0
-0.508617 0.0164903 0
-0.354168 0.0289754 0
-0.386308 0.0203469 0
-0.354973 0.000165068 0
-0.443094 0.095283 0
-0.420747 0.0554445 0
-0.406542 0.0890305 0
-0.386701 0.0203098 0
-0.422638 0.0191003 0
-0.404142 -0.000989158 0
-0.420613 0.0549613 0
-0.422693 0.019288 0
-0.386756 0.0204979 0
-0.463172 0.017701 0
-0.422956 -0.0189127 0
-0.422957 0.0190316 0
-0.483934 0.102302 0
-0.461561 0.0583191 0
-0.44349 0.0953369 0
-0.299239 -0.0235622 0
-0.324911 -0.0226237 0
-0.322352 -0.0483617 0
-1.04316 -0.881774 0
-1.04657 -0.980808 0
-0.947536 -0.984173 0
-0.894417 -0.911612 0
-0.946372 -0.984295 0
-0.847374 -0.987382 0
-0.819909 -0.913517 0
-0.893992 -0.911374 0
-0.84695 -0.987145 0
-0.747725 -0.990131 0
-0.819419 -0.91378 0
-0.846458 -0.987409 0
-0.776375 -0.856029 0
-0.860881 -0.827392 0
-0.819563 -0.912797 0
-0.941807 -0.834986 0
-1.04263 -0.881042 0
-0.895054 -0.910758 0
-0.861277 -0.827576 0
-0.89404 -0.910839 0
-0.819957 -0.912981 0
-0.942291 -0.834554 0
-1.03943 -0.781608 0
-1.04312 -0.880607 0
-0.947028 -0.98394 0
-0.895071 -0.911258 0
-1.04265 -0.881542 0
-0.861762 -0.826762 0
-0.917865 -0.745997 0
-0.941278 -0.834253 0
-0.894447 -0.910576 0
-0.861683 -0.827314 0
-0.941199 -0.834806 0
-0.775571 -0.85564 0
-0.686181 -0.84821 0
-0.753461 -0.775871 0
-0.818969 -0.91357 0
-0.747277 -0.989919 0
-0.712543 -0.92453 0
-0.941873 -0.834101 0
-0.91846 -0.745846 0
-1.03901 -0.781157 0
-0.712639 -0.924082 0
-0.775879 -0.856353 0
-0.819064 -0.913122 0
-0.648429 -0.992633 0
-0.711972 -0.924795 0
-0.746703 -0.990185 0
-0.57659 -0.8382 0
-0.510756 -0.909357 0
-0.478744 -0.828714 0
-0.647999 -0.992404 0
-0.617986 -0.921951 0
-0.711539 -0.924566 0
-0.647455 -0.992641 0
-0.549759 -0.995006 0
-0.617444 -0.922186 0
-0.4467 -0.579966 0
-0.470224 -0.629745 0
-0.397123 -0.620277 0
-0.35463 -0.580974 0
-0.446312 -0.579802 0
-0.396735 -0.620113 0
-0.459882 -0.522929 0
-0.517843 -0.577534 0
-0.447069 -0.579466 0
-0.360258 -0.47046 0
-0.342111 -0.436308 0
-0.3908 -0.428023 0
-0.643596 -0.765978 0
-0.644647 -0.694241 0
-0.729097 -0.698449 0
-0.451794 -0.750306 0
-0.494763 -0.703154 0
-0.542493 -0.757871 0
-0.685569 -0.497434 0
-0.761903 -0.521965 0
-0.722841 -0.578578 0
-0.6245 -0.542094 0
-0.685107 -0.497501 0
-0.72238 -0.578647 0
-0.615026 -0.474052 0
-0.663264 -0.423146 0
-0.684878 -0.496753 0
-0.55002 -0.497802 0
-0.614443 -0.474451 0
-0.623688 -0.541746 0
-0.460224 -0.522655 0
-0.54915 -0.49808 0
-0.518186 -0.577261 0
-0.56701 -0.4502 0
-0.614253 -0.474144 0
-0.549829 -0.497494 0
-0.522745 -0.427757 0
-0.566702 -0.450045 0
-0.549523 -0.497338 0
-0.522757 -0.427369 0
-0.553416 -0.381924 0
-0.566716 -0.449657 0
-0.606322 -0.400922 0
-0.584777 -0.336513 0
-0.656134 -0.339717 0
-0.656396 -0.340004 0
-0.663141 -0.422379 0
-0.606585 -0.40121 0
-0.517878 -0.577892 0
-0.470629 -0.629603 0
-0.447106 -0.579824 0
-0.491552 -0.474383 0
-0.549062 -0.497736 0
-0.460134 -0.52231 0
-0.418438 -0.461263 0
-0.491113 -0.47426 0
-0.459697 -0.522188 0
-0.522493 -0.427837 0
-0.549272 -0.497419 0
-0.491761 -0.474066 0
-0.634524 -0.615374 0
-0.722561 -0.57956 0
-0.72933 -0.697561 0
-0.570484 -0.560325 0
-0.62382 -0.542424 0
-0.633663 -0.61479 0
-0.541272 -0.631488 0
-0.570207 -0.560624 0
-0.633385 -0.615089 0
-0.518553 -0.577386 0
-0.549519 -0.498206 0
-0.56985 -0.560052 0
-0.614896 -0.47445 0
-0.684746 -0.497151 0
-0.624139 -0.541744 0
-0.470144 -0.630088 0
-0.423095 -0.682131 0
-0.397045 -0.62062 0
-0.354277 -0.580454 0
-0.340191 -0.522 0
-0.397215 -0.522293 0
-0.643814 -0.766751 0
-0.753017 -0.775573 0
-0.68574 -0.847912 0
-0.577723 -0.837789 0
-0.643226 -0.766959 0
-0.685151 -0.848121 0
-0.73018 -0.697949 0
-0.790704 -0.608766 0
-0.8212 -0.702118 0
-0.753759 -0.774858 0
-0.730057 -0.698507 0
-0.821075 -0.702675 0
-0.644616 -0.693737 0
-0.634263 -0.615757 0
-0.729067 -0.697946 0
-0.565404 -0.690131 0
-0.644098 -0.694213 0
-0.643048 -0.765951 0
-0.565027 -0.689418 0
-0.541255 -0.631921 0
-0.633367 -0.61552 0
-0.470472 -0.630362 0
-0.494428 -0.702501 0
-0.423421 -0.682406 0
-0.329637 -0.906574 0
-0.353287 -1.0003 0
-0.257316 -1.00354 0
-0.477816 -0.828669 0
-0.419702 -0.907577 0
-0.390428 -0.826951 0
-0.478219 -0.828947 0
-0.51023 -0.909591 0
-0.420102 -0.907854 0
-0.450844 -0.7507 0
-0.390148 -0.826172 0
-0.362898 -0.752911 0
-0.577056 -0.838511 0
-0.617079 -0.921386 0
-0.511218 -0.909668 0
-0.451741 -0.750725 0
-0.542438 -0.758289 0
-0.478432 -0.827916 0
-0.685065 -0.848638 0
-0.617663 -0.921181 0
-0.577638 -0.838307 0
-0.494821 -0.702331 0
-0.470865 -0.630194 0
-0.540477 -0.632012 0
-0.542873 -0.757669 0
-0.495141 -0.702953 0
-0.56457 -0.690131 0
-0.451396 -0.750055 0
-0.423358 -0.682808 0
-0.494363 -0.702902 0
-0.775432 -0.856137 0
-0.712194 -0.923865 0
-0.686043 -0.848707 0
-0.226323 -0.389562 0
-0.265536 -0.406349 0
-0.235452 -0.431339 0
-0.204791 -0.360587 0
-0.226014 -0.389329 0
-0.204213 -0.407221 0
-0.247661 -0.372132 0
-0.265577 -0.40615 0
-0.226363 -0.389364 0
-0.204936 -0.360469 0
-0.247458 -0.371978 0
-0.22616 -0.389211 0
-0.246195 -0.328227 0
-0.275068 -0.346592 0
-0.247758 -0.371728 0
-0.252195 -0.202597 0
-0.278023 -0.211456 0
-0.263462 -0.227453 0
-0.437231 -0.285296 0
-0.396591 -0.271432 0
-0.433287 -0.226709 0
-0.364963 -0.290519 0
-0.335188 -0.289214 0
-0.350775 -0.260573 0
-0.35058 -0.260438 0
-0.334992 -0.289079 0
-0.306612 -0.250398 0
-0.371239 -0.244715 0
-0.350805 -0.26023 0
-0.337779 -0.232605 0
-0.371435 -0.244845 0
-0.396097 -0.271409 0
-0.351001 -0.26036 0
-0.290979 -0.317199 0
-0.3066 -0.288336 0
-0.343127 -0.326515 0
-0.326417 -0.358437 0
-0.291046 -0.317434 0
-0.343193 -0.32675 0
-0.275212 -0.34641 0
-0.246338 -0.328045 0
-0.290549 -0.317398 0
-0.275979 -0.267743 0
-0.306266 -0.250419 0
-0.306426 -0.287917 0
-0.290726 -0.317111 0
-0.267956 -0.30031 0
-0.306347 -0.288249 0
-0.246397 -0.284549 0
-0.233937 -0.258107 0
-0.275536 -0.267757 0
-0.283964 -0.238419 0
-0.248707 -0.242729 0
-0.26347 -0.227678 0
-0.30676 -0.221356 0
-0.324792 -0.19716 0
-0.337476 -0.232316 0
-0.351465 -0.146851 0
-0.37209 -0.182465 0
-0.342553 -0.170514 0
-0.396444 -0.271198 0
-0.393892 -0.215715 0
-0.433143 -0.226475 0
-0.396239 -0.27126 0
-0.371578 -0.244696 0
-0.393685 -0.215776 0
-0.326193 -0.358721 0
-0.291742 -0.382043 0
-0.275484 -0.346728 0
-0.380555 -0.344009 0
-0.343621 -0.326613 0
-0.36509 -0.290923 0
-0.337802 -0.232423 0
-0.357648 -0.20594 0
-0.371262 -0.244533 0
-0.584153 -0.336119 0
-0.526591 -0.326648 0
-0.549033 -0.296341 0
-0.418519 -0.328772 0
-0.396542 -0.271774 0
-0.437182 -0.285639 0
-0.265963 -0.406331 0
-0.291615 -0.382491 0
-0.297769 -0.433019 0
-0.380805 -0.344018 0
-0.365341 -0.290931 0
-0.418227 -0.329032 0
-0.265795 -0.406126 0
-0.24788 -0.372108 0
-0.291448 -0.382287 0
-0.306298 -0.288084 0
-0.267905 -0.300144 0
-0.27585 -0.26791 0
-0.458884 -0.259979 0
-0.501564 -0.277123 0
-0.480763 -0.310787 0
-0.334968 -0.289427 0
-0.343274 -0.326422 0
-0.306748 -0.288243 0
-0.306464 -0.25049 0
-0.334845 -0.289172 0
-0.306624 -0.287989 0
-0.364938 -0.29074 0
-0.343468 -0.32643 0
-0.335163 -0.289435 0
-0.396076 -0.271562 0
-0.365167 -0.29046 0
-0.35098 -0.260513 0
-0.396301 -0.271791 0
-0.418279 -0.328789 0
-0.365393 -0.290689 0
-0.48569 -0.22452 0
-0.45996 -0.191209 0
-0.520725 -0.172218 0
-0.501826 -0.276767 0
-0.48587 -0.225031 0
-0.532438 -0.239383 0
-0.458672 -0.259523 0
-0.433658 -0.226467 0
-0.485396 -0.22493 0
-0.437439 -0.285257 0
-0.433495 -0.226669 0
-0.458511 -0.259725 0
-0.416559 -0.183287 0
-0.38724 -0.159588 0
-0.432627 -0.150903 0
-0.372282 -0.182812 0
-0.393561 -0.21535 0
-0.357839 -0.205677 0
-0.342573 -0.170711 0
-0.372112 -0.182662 0
-0.357667 -0.205527 0
-0.387038 -0.159694 0
-0.416357 -0.183393 0
-0.372457 -0.182551 0
-0.387166 -0.159397 0
-0.394668 -0.126474 0
-0.432553 -0.150712 0
-0.526606 -0.326932 0
-0.584167 -0.336404 0
-0.553488 -0.381209 0
-0.549305 -0.994729 0
-0.511126 -0.910193 0
-0.616985 -0.92191 0
-0.419491 -0.908721 0
-0.450716 -0.997484 0
-0.354233 -1.00028 0
-0.735898 -0.442951 0
-0.663761 -0.422625 0
-0.712386 -0.371896 0
-0.813554 -0.467176 0
-0.736628 -0.443184 0
-0.780699 -0.39704 0
-0.761948 -0.521512 0
-0.685613 -0.496981 0
-0.736137 -0.443699 0
-0.325187 -0.403645 0
-0.341684 -0.436102 0
-0.298133 -0.433189 0
-0.326359 -0.35891 0
-0.325115 -0.403217 0
-0.291909 -0.382233 0
-0.365729 -0.397344 0
-0.34191 -0.435981 0
-0.325414 -0.403525 0
-0.326608 -0.35896 0
-0.365678 -0.397086 0
-0.325362 -0.403267 0
-0.267705 -0.300133 0
-0.24651 -0.28469 0
-0.275648 -0.267898 0
-0.246312 -0.327891 0
-0.267754 -0.300443 0
-0.290525 -0.317244 0
-0.246164 -0.327782 0
-0.246411 -0.28489 0
-0.267606 -0.300334 0
-0.380501 -0.344471 0
-0.365863 -0.396888 0
-0.326793 -0.358763 0
-0.343493 -0.32684 0
-0.380427 -0.344236 0
-0.326717 -0.358528 0
-0.27548 -0.346512 0
-0.290818 -0.3175 0
-0.326191 -0.358504 0
-0.350589 -0.260248 0
-0.306621 -0.250209 0
-0.337562 -0.232624 0
-0.418341 -0.329311 0
-0.399481 -0.374038 0
-0.38092 -0.344297 0
-0.481 -0.311295 0
-0.526098 -0.326785 0
-0.504831 -0.362301 0
-0.437602 -0.285824 0
-0.480553 -0.3111 0
-0.46 -0.34485 0
-0.501789 -0.277346 0
-0.526088 -0.3265 0
-0.480989 -0.31101 0
-0.481486 -0.396643 0
-0.522155 -0.427354 0
-0.458516 -0.430257 0
-0.428082 -0.40134 0
-0.48117 -0.396555 0
-0.458201 -0.430169 0
-0.504821 -0.362921 0
-0.522311 -0.427128 0
-0.481642 -0.396417 0
-0.428087 -0.401055 0
-0.45997 -0.34552 0
-0.481177 -0.396271 0
-0.52634 -0.32702 0
-0.553223 -0.381297 0
-0.505074 -0.362536 0
-0.360008 -0.470904 0
-0.339946 -0.521477 0
-0.318305 -0.475615 0
-0.29811 -0.43343 0
-0.341659 -0.436341 0
-0.318104 -0.475205 0
-0.418124 -0.461422 0
-0.459384 -0.522348 0
-0.397827 -0.521896 0
-0.360534 -0.470857 0
-0.417792 -0.461249 0
-0.397496 -0.521724 0
-0.399546 -0.374557 0
-0.427585 -0.401257 0
-0.391217 -0.427585 0
-0.380744 -0.344523 0
-0.399306 -0.374265 0
-0.366105 -0.39694 0
-0.427814 -0.400981 0
-0.399776 -0.374281 0
-0.459697 -0.345446 0
-0.458202 -0.430627 0
-0.491109 -0.473953 0
-0.418432 -0.460955 0
-0.45855 -0.430516 0
-0.522188 -0.427613 0
-0.491457 -0.473841 0
-0.42787 -0.401555 0
-0.457989 -0.430385 0
-0.418219 -0.460712 0
-0.39128 -0.427875 0
-0.427646 -0.401546 0
-0.417996 -0.460704 0
-0.360511 -0.470542 0
-0.391054 -0.428106 0
-0.417771 -0.460936 0
-0.366141 -0.397219 0
-0.399339 -0.374543 0
-0.391011 -0.427572 0
-0.399744 -0.37404 0
-0.418606 -0.329314 0
-0.459667 -0.345206 0
-0.459794 -0.34491 0
-0.418732 -0.329018 0
-0.437394 -0.285884 0
-0.458669 -0.260008 0
-0.480549 -0.310815 0
-0.437598 -0.28554 0
-0.504613 -0.362647 0
-0.481433 -0.396142 0
-0.460228 -0.345392 0
-0.553696 -0.381837 0
-0.605921 -0.401441 0
-0.566994 -0.44957 0
-0.397236 -0.521926 0
-0.34021 -0.521632 0
-0.360274 -0.471059 0
-0.446668 -0.579281 0
-0.397924 -0.522292 0
-0.459479 -0.522743 0
-0.446316 -0.579475 0
-0.354632 -0.580646 0
-0.397572 -0.522486 0
-0.322847 -0.617345 0
-0.354216 -0.581101 0
-0.396321 -0.620239 0
-0.322532 -0.617148 0
-0.302275 -0.56139 0
-0.3539 -0.580903 0
-0.302096 -0.560834 0
-0.283275 -0.510028 0
-0.339635 -0.521893 0
-0.339689 -0.521608 0
-0.283327 -0.509742 0
-0.318048 -0.475745 0
-0.584261 -0.255018 0
-0.533002 -0.239175 0
-0.572273 -0.184827 0
-0.510139 -0.910155 0
-0.451241 -0.997181 0
-0.420013 -0.90842 0
-0.685516 -0.848926 0
-0.711665 -0.924085 0
-0.618111 -0.921469 0
-0.548748 -0.994983 0
-0.45167 -0.997471 0
-0.510573 -0.910446 0
-0.353959 -0.580584 0
-0.302332 -0.561071 0
-0.339872 -0.52213 0
-0.227214 -0.645102 0
-0.258888 -0.605289 0
-0.275184 -0.66836 0
-0.213289 -0.584094 0
-0.243598 -0.547824 0
-0.258736 -0.604682 0
-0.227007 -0.64482 0
-0.213234 -0.58442 0
-0.258679 -0.605007 0
-0.18089 -0.622626 0
-0.15561 -0.572143 0
-0.212734 -0.584235 0
-0.265372 -0.463669 0
-0.282741 -0.509642 0
-0.216879 -0.503778 0
-0.265586 -0.463088 0
-0.265876 -0.406601 0
-0.297681 -0.43329 0
-0.202386 -0.458229 0
-0.265102 -0.463496 0
-0.216611 -0.503605 0
-0.480778 -0.311356 0
-0.504611 -0.362363 0
-0.460226 -0.345107 0
-0.548758 -0.296144 0
-0.526315 -0.32645 0
-0.502017 -0.277296 0
-0.55321 -0.381633 0
-0.52255 -0.427078 0
-0.505061 -0.362872 0
-0.26576 -0.463319 0
-0.297855 -0.43352 0
-0.31785 -0.475295 0
-0.29148 -0.382088 0
-0.247911 -0.371909 0
-0.27522 -0.346773 0
0.882976 1.05744 0
0.79061 1.05223 0
0.888238 0.955178 0
0.747596 0.972609 0
0.8278 0.917105 0
0.789954 1.05182 0
0.747157 0.973046 0
0.789517 1.05226 0
0.697122 1.04734 0
0.828619 0.916374 0
0.893958 0.851745 0
0.888402 0.954036 0
0.790425 1.05176 0
0.828271 0.917046 0
0.888054 0.954707 0
0.751255 0.894428 0
0.707911 0.840942 0
0.773692 0.775576 0
0.747466 0.972084 0
0.751569 0.895337 0
0.827672 0.916579 0
0.746963 0.972259 0
0.677485 0.968748 0
0.751064 0.895513 0
0.603193 1.04251 0
0.575324 0.973093 0
0.676416 0.969242 0
0.751649 0.894362 0
0.774086 0.775509 0
0.825346 0.8212 0
0.676821 0.969492 0
0.696265 1.04729 0
0.6036 1.04276 0
0.707468 0.841383 0
0.750814 0.894866 0
0.641719 0.906705 0
0.74678 0.972768 0
0.696744 1.04706 0
0.677303 0.969256 0
0.826243 0.820962 0
0.899975 0.74815 0
0.893989 0.850738 0
0.388202 0.942263 0
0.484779 0.964241 0
0.414556 1.03393 0
0.575451 0.972639 0
0.641028 0.907392 0
0.676544 0.968789 0
0.452114 0.877363 0
0.408441 0.814618 0
0.455021 0.768059 0
0.556158 0.893122 0
0.452844 0.877759 0
0.524739 0.807617 0
0.484904 0.963718 0
0.388329 0.941742 0
0.452148 0.878443 0
0.407917 0.814122 0
0.343423 0.780088 0
0.407179 0.717209 0
0.298608 0.935682 0
0.35626 0.864254 0
0.387385 0.941601 0
0.27996 0.850198 0
0.342822 0.780698 0
0.35605 0.86343 0
0.310219 0.721592 0
0.363728 0.670581 0
0.406922 0.716533 0
0.627916 0.823164 0
0.640805 0.90664 0
0.557132 0.893271 0
0.315888 0.562272 0
0.272211 0.603278 0
0.256461 0.552271 0
0.699452 0.752165 0
0.707252 0.840623 0
0.628616 0.822471 0
0.62842 0.822988 0
0.707058 0.841141 0
0.641307 0.906465 0
0.629376 0.63873 0
0.630322 0.556646 0
0.696543 0.636288 0
0.628644 0.726983 0
0.62937 0.639302 0
0.696537 0.636861 0
0.513142 0.725328 0
0.524605 0.806687 0
0.455616 0.767523 0
0.407679 0.716687 0
0.445391 0.671298 0
0.454997 0.767041 0
0.553997 0.632207 0
0.627782 0.727249 0
0.513818 0.724609 0
0.638858 0.315815 0
0.631769 0.406591 0
0.584051 0.373799 0
0.68423 0.515332 0
0.759602 0.465343 0
0.740896 0.554931 0
0.639242 0.315699 0
0.698994 0.339486 0
0.632157 0.406477 0
0.768615 0.623188 0
0.842021 0.60968 0
0.824753 0.707508 0
0.740967 0.555863 0
0.767852 0.62277 0
0.697376 0.636233 0
0.741451 0.555768 0
0.841742 0.609167 0
0.768336 0.622679 0
0.630505 0.556234 0
0.68365 0.515908 0
0.696724 0.635876 0
0.76011 0.465273 0
0.83602 0.495284 0
0.741407 0.554864 0
0.699636 0.338817 0
0.697673 0.250306 0
0.765253 0.271716 0
0.69326 0.433803 0
0.69961 0.339762 0
0.76239 0.371122 0
0.639461 0.315175 0
0.697252 0.250453 0
0.699212 0.338962 0
0.584416 0.294085 0
0.638698 0.315437 0
0.583893 0.373422 0
0.699853 0.339219 0
0.765473 0.272122 0
0.762632 0.37058 0
0.836295 0.495769 0
0.841969 0.608744 0
0.741681 0.555341 0
0.773522 0.775096 0
0.707738 0.840465 0
0.699938 0.752004 0
0.899744 0.747671 0
0.826011 0.820486 0
0.825138 0.708629 0
0.825526 0.821673 0
0.827934 0.916076 0
0.751831 0.894832 0
0.824717 0.708721 0
0.82559 0.820578 0
0.774333 0.774885 0
0.893749 0.8513 0
0.828409 0.915929 0
0.826002 0.821526 0
0.750712 0.895293 0
0.677131 0.96853 0
0.641617 0.907132 0
0.574371 0.973063 0
0.509128 1.03822 0
0.485717 0.964357 0
0.374285 0.21979 0
0.358789 0.187287 0
0.392045 0.195598 0
0.401951 0.241206 0
0.374429 0.219971 0
0.392191 0.195779 0
0.356614 0.243412 0
0.329336 0.22855 0
0.374068 0.220088 0
0.362683 0.287839 0
0.356818 0.243683 0
0.401794 0.241595 0
0.372539 0.339311 0
0.327902 0.372209 0
0.331493 0.307478 0
0.411598 0.344654 0
0.373041 0.339207 0
0.397606 0.30418 0
0.411602 0.344953 0
0.398712 0.393454 0
0.373043 0.339506 0
0.330809 0.273267 0
0.329191 0.228728 0
0.356469 0.243591 0
0.300409 0.302957 0
0.264531 0.30961 0
0.278925 0.282444 0
0.327709 0.372825 0
0.354091 0.424709 0
0.292561 0.406354 0
0.33127 0.307493 0
0.327676 0.372224 0
0.305628 0.343921 0
0.362057 0.383035 0
0.398486 0.393867 0
0.354562 0.424701 0
0.372642 0.339563 0
0.361882 0.382679 0
0.328004 0.372461 0
0.372878 0.339633 0
0.398546 0.393581 0
0.362118 0.382749 0
0.269123 0.343936 0
0.239263 0.361234 0
0.232308 0.327009 0
0.300378 0.303163 0
0.269436 0.343685 0
0.264498 0.309816 0
0.305445 0.344136 0
0.327494 0.372439 0
0.276741 0.371475 0
0.301743 0.259731 0
0.275855 0.24706 0
0.292896 0.226953 0
0.269207 0.343764 0
0.232393 0.326836 0
0.26427 0.309895 0
0.205129 0.311297 0
0.184331 0.327487 0
0.186144 0.294074 0
0.20389 0.280552 0
0.205193 0.31114 0
0.186211 0.293916 0
0.226012 0.295095 0
0.232051 0.326678 0
0.205422 0.311297 0
0.329344 0.228362 0
0.35858 0.187397 0
0.374074 0.2199 0
0.825409 0.708034 0
0.906337 0.643932 0
0.900013 0.747081 0
0.192937 0.488977 0
0.229259 0.462028 0
0.234887 0.509926 0
0.58385 0.374282 0
0.631569 0.407075 0
0.579201 0.460037 0
0.309443 0.721509 0
0.248993 0.70241 0
0.289811 0.660306 0
0.525326 0.807432 0
0.627531 0.822831 0
0.556743 0.892939 0
0.485466 0.963557 0
0.452712 0.878281 0
0.556026 0.893646 0
0.512878 0.724873 0
0.45535 0.767069 0
0.445745 0.671325 0
0.290295 0.659837 0
0.339211 0.613524 0
0.363435 0.670029 0
0.62888 0.727357 0
0.696771 0.637238 0
0.699418 0.751166 0
0.525567 0.80688 0
0.628067 0.728163 0
0.627769 0.822278 0
0.553516 0.631865 0
0.513333 0.724267 0
0.483945 0.62514 0
0.363862 0.669891 0
0.339639 0.613386 0
0.41741 0.618581 0
0.445089 0.670975 0
0.407374 0.716363 0
0.364182 0.670411 0
0.483266 0.624917 0
0.445522 0.670495 0
0.418163 0.61862 0
0.483583 0.625271 0
0.512972 0.724396 0
0.445841 0.67085 0
0.309826 0.721402 0
0.290195 0.660198 0
0.363337 0.670392 0
0.68407 0.51493 0
0.693196 0.434701 0
0.759441 0.464937 0
0.576398 0.533882 0
0.630893 0.479433 0
0.629926 0.555772 0
0.579359 0.460386 0
0.631727 0.407426 0
0.630909 0.47869 0
0.262902 0.773325 0
0.279139 0.850106 0
0.190404 0.843316 0
0.408112 0.814939 0
0.451787 0.877684 0
0.356844 0.863637 0
0.343252 0.780578 0
0.407748 0.814613 0
0.356478 0.863311 0
0.455411 0.768033 0
0.524402 0.807197 0
0.452504 0.877339 0
0.57453 0.972578 0
0.485876 0.963874 0
0.556433 0.893963 0
0.640628 0.90714 0
0.575048 0.972388 0
0.556954 0.893771 0
0.602635 1.04274 0
0.509522 1.03848 0
0.574762 0.973326 0
0.508595 1.03842 0
0.414962 1.03425 0
0.485181 0.964563 0
0.414004 1.03415 0
0.319881 1.02991 0
0.387647 0.942484 0
0.24657 0.206861 0
0.231031 0.223449 0
0.228192 0.195558 0
0.24267 0.177066 0
0.246609 0.206706 0
0.228232 0.195401 0
0.329009 0.228782 0
0.330625 0.273322 0
0.302048 0.259825 0
0.312533 0.152084 0
0.298727 0.120044 0
0.322351 0.124651 0
0.344799 0.052651 0
0.31947 0.0498328 0
0.322266 0.0233623 0
0.401932 0.241796 0
0.39754 0.303665 0
0.362819 0.288041 0
0.495081 0.401514 0
0.48681 0.470531 0
0.429038 0.449647 0
0.583379 0.373967 0
0.535745 0.42216 0
0.534129 0.3506 0
0.578686 0.460553 0
0.52583 0.513101 0
0.5357 0.422993 0
0.692594 0.434387 0
0.63129 0.478603 0
0.632106 0.407337 0
0.575875 0.533679 0
0.525965 0.513472 0
0.578821 0.460926 0
0.630723 0.479114 0
0.576228 0.533564 0
0.579171 0.460809 0
0.629846 0.556632 0
0.628899 0.638714 0
0.554392 0.63135 0
0.443975 0.352748 0
0.398952 0.393499 0
0.41184 0.344998 0
0.533678 0.350379 0
0.495438 0.400709 0
0.48875 0.329094 0
0.486545 0.470871 0
0.415771 0.503001 0
0.42877 0.449986 0
0.504748 0.568378 0
0.483599 0.624306 0
0.458739 0.538427 0
0.525326 0.513845 0
0.504888 0.568008 0
0.45888 0.538057 0
0.525717 0.513831 0
0.575629 0.534038 0
0.505281 0.567995 0
0.354012 0.424968 0
0.303648 0.449927 0
0.29248 0.406612 0
0.440885 0.398878 0
0.428561 0.449381 0
0.398996 0.394002 0
0.383136 0.462556 0
0.360283 0.520173 0
0.330812 0.483828 0
0.458133 0.5384 0
0.41789 0.617983 0
0.389029 0.566189 0
0.486645 0.471166 0
0.458452 0.537698 0
0.41587 0.503295 0
0.505375 0.568387 0
0.575723 0.534432 0
0.553796 0.63104 0
0.535395 0.423028 0
0.525522 0.513135 0
0.487268 0.470815 0
0.525183 0.806554 0
0.513721 0.725193 0
0.627686 0.727837 0
0.458448 0.538595 0
0.483309 0.624473 0
0.418207 0.618178 0
0.554385 0.631919 0
0.628893 0.639285 0
0.628166 0.726964 0
0.505066 0.56869 0
0.553488 0.631342 0
0.483918 0.624618 0
0.57614 0.534391 0
0.62967 0.556281 0
0.554214 0.631001 0
0.388363 0.565943 0
0.316624 0.562042 0
0.360253 0.520781 0
0.388293 0.566252 0
0.339383 0.612851 0
0.316554 0.56235 0
0.458125 0.538016 0
0.389021 0.565806 0
0.415541 0.503612 0
0.417493 0.618233 0
0.339722 0.613039 0
0.388631 0.566439 0
0.487011 0.4712 0
0.525266 0.513519 0
0.45882 0.537733 0
0.406853 0.716901 0
0.343094 0.779779 0
0.31015 0.721958 0
0.417763 0.618772 0
0.445123 0.670647 0
0.364217 0.670084 0
0.454873 0.767521 0
0.408291 0.81408 0
0.407553 0.717166 0
0.289988 0.659614 0
0.272401 0.603807 0
0.338907 0.613302 0
0.494979 0.400949 0
0.441259 0.398579 0
0.444393 0.352951 0
0.53545 0.42225 0
0.495594 0.401021 0
0.533835 0.350692 0
0.535293 0.422652 0
0.487168 0.470441 0
0.495437 0.401422 0
0.428369 0.449593 0
0.383591 0.46202 0
0.398803 0.394214 0
0.494928 0.401274 0
0.428885 0.449407 0
0.441207 0.398903 0
0.415424 0.502971 0
0.383647 0.462384 0
0.428425 0.449958 0
0.25667 0.440207 0
0.303237 0.450238 0
0.267048 0.484477 0
0.256567 0.439775 0
0.247433 0.399178 0
0.291967 0.406492 0
0.444392 0.352412 0
0.447254 0.309291 0
0.48829 0.328795 0
0.399049 0.393679 0
0.444073 0.352928 0
0.440937 0.398555 0
0.412001 0.344715 0
0.446999 0.309345 0
0.444136 0.352465 0
0.420476 0.277431 0
0.446871 0.308957 0
0.397883 0.303854 0
0.420648 0.27722 0
0.448961 0.241074 0
0.447043 0.308747 0
0.402123 0.241759 0
0.420326 0.277206 0
0.397734 0.303628 0
0.449191 0.241005 0
0.489439 0.256864 0
0.447276 0.308679 0
0.489862 0.257041 0
0.534429 0.274495 0
0.488736 0.32836 0
0.584397 0.293271 0
0.580782 0.214183 0
0.635585 0.23101 0
0.488882 0.328672 0
0.534578 0.274808 0
0.533809 0.349956 0
0.489958 0.256696 0
0.517462 0.225409 0
0.534525 0.274149 0
0.479078 0.200262 0
0.489545 0.256499 0
0.449298 0.240641 0
0.534895 0.27469 0
0.583903 0.29387 0
0.53413 0.349841 0
0.607299 0.122676 0
0.631624 0.0800819 0
0.638466 0.171542 0
0.542319 0.128571 0
0.606813 0.122813 0
0.582859 0.163816 0
0.575776 0.0747295 0
0.63141 0.0797566 0
0.607088 0.122351 0
0.489572 0.257158 0
0.488442 0.328475 0
0.447407 0.308972 0
0.63839 0.172351 0
0.635766 0.230603 0
0.580963 0.213777 0
0.774139 0.774226 0
0.768386 0.623742 0
0.824526 0.708059 0
0.628351 0.822094 0
0.628649 0.727977 0
0.699189 0.751786 0
0.68364 0.514976 0
0.631462 0.478964 0
0.692767 0.434749 0
0.697094 0.635876 0
0.684019 0.515904 0
0.740686 0.555503 0
0.630286 0.555711 0
0.631252 0.47937 0
0.68343 0.515382 0
0.290081 0.521807 0
0.256251 0.551825 0
0.235303 0.510336 0
0.330191 0.483907 0
0.290434 0.521495 0
0.267251 0.484861 0
0.315949 0.561999 0
0.256522 0.551998 0
0.290351 0.52198 0
0.330501 0.484026 0
0.359973 0.520372 0
0.290747 0.521614 0
0.290698 0.521875 0
0.359926 0.520634 0
0.316296 0.561894 0
0.354139 0.425226 0
0.330525 0.483469 0
0.303775 0.450185 0
0.383418 0.46262 0
0.415197 0.503207 0
0.360567 0.520239 0
0.354405 0.425266 0
0.383116 0.462237 0
0.330792 0.48351 0
0.354633 0.424966 0
0.398557 0.394132 0
0.383343 0.461937 0
0.415215 0.503554 0
0.388693 0.565746 0
0.360584 0.520585 0
0.338994 0.612976 0
0.272489 0.603482 0
0.316165 0.562475 0
0.356581 0.243789 0
0.362443 0.287946 0
0.33092 0.273466 0
-0.947535 0.984172 0
-1.04657 0.980809 0
-1.04316 0.881777 0
-0.975721 0.850663 0
-0.947298 0.983735 0
-1.04292 0.881341 0
-0.97522 0.85068 0
-0.893968 0.886317 0
-0.946798 0.983752 0
-1.03954 0.781661 0
-0.976029 0.849986 0
-1.04323 0.880662 0
-0.95809 0.743631 0
-1.03493 0.681491 0
-0.901069 0.653374 0
-0.958355 0.74462 0
-0.975745 0.849529 0
-1.03926 0.781205 0
-1.03539 0.681914 0
-0.958554 0.744059 0
-1.03946 0.780641 0
-0.900355 0.653442 0
-0.822327 0.702425 0
-0.957377 0.743703 0
-1.03517 0.680949 0
-1.03085 0.582733 0
-0.901312 0.652837 0
-0.847374 0.987298 0
-0.946368 0.984211 0
-0.89354 0.886775 0
-0.901053 0.652418 0
-1.03059 0.582319 0
-0.958177 0.557108 0
-0.868987 0.495492 0
-0.79338 0.461185 0
-0.765687 0.51758 0
-0.937079 0.452459 0
-0.930769 0.360551 0
-0.856025 0.423686 0
-0.869769 0.49515 0
-0.936875 0.452912 0
-0.855821 0.424137 0
-0.79368 0.460872 0
-0.869289 0.495177 0
-0.85534 0.424163 0
-0.884835 0.571737 0
-0.957586 0.556551 0
-0.869936 0.495991 0
-1.02653 0.483144 0
-1.02238 0.38625 0
-0.937956 0.452746 0
-0.592927 0.32655 0
-0.634581 0.282581 0
-0.577572 0.26666 0
-0.691588 0.213552 0
-0.629377 0.198507 0
-0.635081 0.281975 0
-0.762119 0.159203 0
-0.692443 0.21327 0
-0.758106 0.237045 0
-0.693589 0.149536 0
-0.629574 0.198063 0
-0.691784 0.213108 0
-0.383972 0.303471 0
-0.413497 0.321715 0
-0.396349 0.27181 0
-0.35631 0.286492 0
-0.38378 0.303353 0
-0.396157 0.271692 0
-0.356178 0.286701 0
-0.357185 0.333962 0
-0.38365 0.303562 0
-0.383756 0.303767 0
-0.357293 0.334168 0
-0.388117 0.347998 0
-0.458978 0.259607 0
-0.52435 0.251641 0
-0.485701 0.225015 0
-0.413825 0.322097 0
-0.421644 0.362974 0
-0.456548 0.326348 0
-0.396528 0.27175 0
-0.413675 0.321655 0
-0.437166 0.285615 0
-0.388112 0.348453 0
-0.353061 0.373771 0
-0.38658 0.400147 0
-0.317841 0.399807 0
-0.386345 0.40032 0
-0.352825 0.373943 0
-0.329795 0.530826 0
-0.400751 0.530948 0
-0.376218 0.488109 0
-0.400999 0.5314 0
-0.36391 0.572535 0
-0.416121 0.5818 0
-0.457078 0.326148 0
-0.501672 0.335467 0
-0.492349 0.289661 0
-0.413877 0.321838 0
-0.456601 0.326089 0
-0.437367 0.285798 0
-0.463651 0.363887 0
-0.501575 0.335716 0
-0.456982 0.326397 0
-0.484424 0.71214 0
-0.549263 0.656022 0
-0.453539 0.647252 0
-0.577169 0.550414 0
-0.568312 0.482322 0
-0.520502 0.520732 0
-0.577503 0.550398 0
-0.620122 0.515907 0
-0.568647 0.482306 0
-0.603967 0.610866 0
-0.577336 0.551061 0
-0.53491 0.585689 0
-0.604253 0.610633 0
-0.620241 0.516337 0
-0.577623 0.550829 0
-0.76486 0.518207 0
-0.677289 0.552656 0
-0.737961 0.592085 0
-0.687652 0.478821 0
-0.620851 0.515902 0
-0.676639 0.552269 0
-0.687456 0.478455 0
-0.618222 0.442957 0
-0.620655 0.515534 0
-0.568023 0.481758 0
-0.522845 0.426123 0
-0.48815 0.476286 0
-0.53463 0.585387 0
-0.577056 0.55076 0
-0.52039 0.521078 0
-0.617498 0.442668 0
-0.52328 0.426011 0
-0.568457 0.481645 0
-0.792894 0.460982 0
-0.724395 0.434982 0
-0.765202 0.517375 0
-0.553901 0.367039 0
-0.592534 0.32697 0
-0.540612 0.307553 0
-0.667485 0.403408 0
-0.616478 0.381511 0
-0.618141 0.442257 0
-0.667614 0.403065 0
-0.656445 0.339873 0
-0.616607 0.381167 0
-0.692247 0.213715 0
-0.703784 0.291617 0
-0.757911 0.23749 0
-0.54069 0.307216 0
-0.592612 0.326633 0
-0.577256 0.266742 0
-0.656627 0.339173 0
-0.703256 0.292189 0
-0.635214 0.282709 0
-0.656904 0.339446 0
-0.717702 0.363875 0
-0.703532 0.292461 0
-0.593191 0.326795 0
-0.656258 0.33929 0
-0.634844 0.282825 0
-0.554155 0.367286 0
-0.616015 0.381005 0
-0.592787 0.327216 0
-0.512047 0.378973 0
-0.553504 0.367308 0
-0.50206 0.335903 0
-0.463835 0.364063 0
-0.511746 0.378962 0
-0.501759 0.335892 0
-0.522876 0.425416 0
-0.553573 0.367608 0
-0.512117 0.379273 0
-0.52323 0.425628 0
-0.61745 0.442286 0
-0.553927 0.367819 0
-0.487431 0.476318 0
-0.452633 0.436305 0
-0.423067 0.481068 0
-0.568013 0.482075 0
-0.488142 0.476603 0
-0.520204 0.520485 0
-0.522557 0.425875 0
-0.482333 0.407827 0
-0.487862 0.476037 0
-0.616098 0.381391 0
-0.55424 0.367671 0
-0.617761 0.442137 0
-0.481879 0.407484 0
-0.42186 0.363625 0
-0.452611 0.435682 0
-0.481916 0.407244 0
-0.463468 0.36425 0
-0.421896 0.363386 0
-0.492628 0.289598 0
-0.50195 0.335404 0
-0.540104 0.307322 0
-0.492134 0.289494 0
-0.437631 0.285689 0
-0.456863 0.325981 0
-0.487823 0.47686 0
-0.473035 0.558821 0
-0.519885 0.520742 0
-0.482099 0.407861 0
-0.452832 0.43606 0
-0.487629 0.476072 0
-0.511878 0.379407 0
-0.482414 0.407503 0
-0.522638 0.425551 0
-0.51168 0.379201 0
-0.46377 0.364303 0
-0.482216 0.407297 0
-0.403839 0.439475 0
-0.3535 0.448086 0
-0.376308 0.487526 0
-0.452749 0.646748 0
-0.416353 0.582395 0
-0.381249 0.635182 0
-0.784766 0.390578 0
-0.772148 0.313441 0
-0.718359 0.364116 0
-0.393775 0.215257 0
-0.416398 0.18356 0
-0.377807 0.176775 0
-0.458704 0.259474 0
-0.485429 0.224882 0
-0.44309 0.211905 0
-0.492141 0.289272 0
-0.458709 0.259936 0
-0.437637 0.285468 0
-0.492431 0.28916 0
-0.524372 0.251856 0
-0.459001 0.259823 0
-0.48572 0.224467 0
-0.514518 0.186185 0
-0.474859 0.161093 0
-0.394002 0.215575 0
-0.419133 0.243762 0
-0.442652 0.211821 0
-0.524536 0.251396 0
-0.514683 0.186487 0
-0.485888 0.22477 0
-0.363255 0.572491 0
-0.329389 0.531236 0
-0.29189 0.568822 0
-0.248358 0.611629 0
-0.181139 0.623095 0
-0.194342 0.683833 0
-0.322062 0.617626 0
-0.249073 0.611578 0
-0.266972 0.673642 0
-0.291297 0.568697 0
-0.271264 0.518778 0
-0.243899 0.547485 0
-0.667724 0.403732 0
-0.61838 0.442582 0
-0.687615 0.47808 0
-0.717807 0.364562 0
-0.668178 0.403325 0
-0.723819 0.434277 0
-0.656196 0.339619 0
-0.59313 0.327124 0
-0.616356 0.380912 0
-1.02663 0.484143 0
-0.958598 0.556544 0
-1.03101 0.58175 0
-0.937636 0.452331 0
-1.02206 0.385842 0
-0.931327 0.360426 0
-0.354674 8.66843e-05 0
-0.325983 8.69435e-05 0
-0.325118 0.0259608 0
-0.35168 0.0504079 0
-0.38402 0.0525992 0
-0.354149 0.0292516 0
-0.386308 -0.0203469 0
-0.354166 -0.0289751 0
-0.354973 -0.000165263 0
-0.922139 -0.272937 0
-1.01582 -0.192563 0
-1.01865 -0.28816 0
-0.354147 -0.0292513 0
-0.38402 -0.0525992 0
-0.35168 -0.0504078 0
-0.300169 -7.49911e-05 0
-0.3258 -7.53013e-05 0
-0.324926 -0.022384 0
-0.384425 0.052815 0
-0.406345 0.0888882 0
-0.420551 0.0553019 0
-0.324932 0.0260394 0
-0.325797 0.000164874 0
-0.299251 0.0234123 0
-0.291859 0.069961 0
-0.309913 0.095511 0
-0.317928 0.0707282 0
-0.422943 0.0194138 0
-0.420863 0.0550866 0
-0.461282 0.0579074 0
-0.354266 0.0291512 0
-0.384137 0.052499 0
-0.386406 0.0205224 0
-0.325212 0.0260578 0
-0.353963 0.0289947 0
-0.354768 0.000183702 0
-0.32492 0.0262012 0
-0.299239 0.0235748 0
-0.322352 0.0483735 0
-0.373248 0.0833917 0
-0.406186 0.0889825 0
-0.384266 0.0529093 0
-0.572216 0.184041 0
-0.579331 0.119311 0
-0.520482 0.139984 0
-0.579603 0.118634 0
-0.615832 0.0563743 0
-0.558212 0.0650222 0
-0.538835 0.102811 0
-0.579346 0.11879 0
-0.557953 0.065178 0
-0.507375 0.06141 0
-0.538593 0.102619 0
-0.557712 0.0649854 0
-0.520369 0.139712 0
-0.57922 0.11904 0
-0.538709 0.103062 0
-0.572766 0.184267 0
-0.628978 0.197898 0
-0.634813 0.129091 0
-0.761906 0.15891 0
-0.694034 0.149405 0
-0.692227 0.212976 0
-0.836118 0.253057 0
-0.838063 0.169701 0
-0.758841 0.237214 0
-0.827914 0.077613 0
-0.827459 -0.00544147 0
-0.750088 0.0696951 0
-0.762543 0.158194 0
-0.827696 0.0781615 0
-0.74987 0.0702448 0
-0.83888 0.168946 0
-0.923024 0.177193 0
-0.915771 0.0871986 0
-0.828761 0.0776771 0
-0.915712 0.0862938 0
-0.915175 -0.00256876 0
-0.748882 -0.0778962 0
-0.749782 -0.000281373 0
-0.827195 -0.00619418 0
-0.678953 0.0622913 0
-0.679065 0.000251042 0
-0.616307 0.0129781 0
-0.579861 0.118846 0
-0.634795 0.1284 0
-0.616087 0.056587 0
-0.694225 0.148926 0
-0.762097 0.158432 0
-0.74942 0.0704816 0
-0.760155 -0.166038 0
-0.827322 -0.0844201 0
-0.83804 -0.168901 0
-0.652258 -0.113006 0
-0.615047 -0.0690789 0
-0.677663 -0.0735328 0
-0.629348 -0.19789 0
-0.627995 -0.152014 0
-0.689965 -0.158856 0
-0.628955 -0.197976 0
-0.572741 -0.184345 0
-0.627601 -0.152099 0
-0.7129 -0.0376924 0
-0.749398 -0.000386879 0
-0.7485 -0.0780027 0
-0.67831 -0.0733124 0
-0.712662 -0.0379372 0
-0.748263 -0.0782476 0
-0.677968 -0.073169 0
-0.646344 -0.0355155 0
-0.71232 -0.0377937 0
-1.01581 -0.191615 0
-0.923185 -0.180113 0
-1.01401 -0.0964663 0
-0.559205 0.0148619 0
-0.509106 0.016492 0
-0.557786 0.0645419 0
-0.615698 0.0130052 0
-0.559756 0.0148213 0
-0.615958 0.0558535 0
-0.678744 0.0624785 0
-0.616096 0.0131653 0
-0.616358 0.0560133 0
-0.646017 -0.0356195 0
-0.677642 -0.0732732 0
-0.615026 -0.068819 0
-0.615979 0.0124214 0
-0.64581 -0.0353319 0
-0.614817 -0.0685314 0
-0.679277 -0.000244186 0
-0.712325 -0.0375491 0
-0.646348 -0.0352706 0
-0.65251 -0.113306 0
-0.677913 -0.073832 0
-0.690208 -0.158312 0
-0.628072 -0.151731 0
-0.652343 -0.113567 0
-0.690043 -0.158573 0
-0.627745 -0.151561 0
-0.592853 -0.107986 0
-0.652017 -0.113398 0
-0.557245 -0.0325776 0
-0.61432 -0.0688284 0
-0.555353 -0.0791053 0
-0.504334 -0.077157 0
-0.556876 -0.0326053 0
-0.554984 -0.0791332 0
-0.559559 0.0145264 0
-0.615501 0.0127106 0
-0.557263 -0.0319915 0
-0.616197 0.0126511 0
-0.678955 -7.56826e-05 0
-0.646025 -0.0351022 0
-0.318156 0.0705768 0
-0.347229 0.0715011 0
-0.32249 0.0486821 0
-0.296466 0.0469055 0
-0.317985 0.0704946 0
-0.32232 0.0485993 0
-0.310065 0.0956086 0
-0.337162 0.0991797 0
-0.31808 0.0708266 0
-0.483837 0.102543 0
-0.443392 0.0955778 0
-0.43247 0.130095 0
-0.538391 0.103006 0
-0.484447 0.1026 0
-0.520051 0.139657 0
-0.506872 0.0613857 0
-0.461774 0.0582052 0
-0.484146 0.102188 0
-0.443133 0.0955332 0
-0.40658 0.089281 0
-0.43221 0.130051 0
-0.474579 0.160499 0
-0.48394 0.102761 0
-0.432575 0.130313 0
-0.46135 0.0581614 0
-0.420931 0.055341 0
-0.443278 0.0951795 0
-0.463581 0.0180987 0
-0.461705 0.057923 0
-0.506803 0.0611038 0
-0.463301 0.0179582 0
-0.423086 0.0192891 0
-0.461424 0.0577829 0
-0.372939 0.0836589 0
-0.337515 0.0993123 0
-0.36053 0.122525 0
-0.325983 -7.52955e-05 0
-0.354674 -7.49075e-05 0
-0.325109 -0.0223834 0
-0.296403 0.046748 0
-0.322256 0.0484424 0
-0.299144 0.0236437 0
-0.354768 -0.000171928 0
-0.353961 -0.0289824 0
-0.325203 -0.0224804 0
-0.386416 0.0201821 0
-0.386416 -0.0201821 0
-0.355081 -9.73799e-08 0
-0.420484 0.055073 0
-0.386627 0.0206097 0
-0.384359 0.0525857 0
-0.404142 -0.00125278 0
-0.422638 -0.019108 0
-0.386701 -0.0203174 0
-0.38658 0.0201781 0
-0.404021 -0.00112098 0
-0.38658 -0.0201856 0
-0.422759 0.0189685 0
-0.422759 -0.0189762 0
-0.404263 -0.00112096 0
-0.463594 -0.0176956 0
-0.463593 0.0175868 0
-0.508472 -0.0162267 0
-0.420551 -0.0553019 0
-0.406343 -0.088888 0
-0.384425 -0.052815 0
-0.461282 -0.0579079 0
-0.420863 -0.0550866 0
-0.422943 -0.0194139 0
-0.46135 -0.0581619 0
-0.443276 -0.0951789 0
-0.420931 -0.055341 0
-0.384137 -0.052499 0
-0.354264 -0.0291508 0
-0.386405 -0.0205224 0
-0.29175 0.070034 0
-0.28542 0.0924321 0
-0.309804 0.0955837 0
-1.01365 -0.0955515 0
-0.915384 -0.0925383 0
-0.915792 -0.00374781 0
-0.277299 0.114662 0
-0.29278 0.140605 0
-0.302098 0.120265 0
-0.26742 0.135858 0
-0.292664 0.140657 0
-0.277183 0.114715 0
-0.923944 0.177299 0
-1.01581 0.191604 0
-1.01402 0.0964594 0
-1.01304 0.00027889 0
-0.915795 -0.00282705 0
-0.916328 0.086031 0
-0.771877 0.313113 0
-0.703918 0.292373 0
-0.718087 0.363786 0
-0.91517 -0.00370323 0
-0.914762 -0.0924979 0
-0.828098 -0.0836216 0
-0.828465 0.0773679 0
-0.914883 -0.00287727 0
-0.828013 -0.00568423 0
-1.01337 -0.000326653 0
-1.01398 -0.0952411 0
-0.916122 -0.00343844 0
-0.54018 0.307042 0
-0.524644 0.252015 0
-0.492704 0.289318 0
-0.540462 0.306965 0
-0.57703 0.266492 0
-0.524928 0.251938 0
-0.635386 0.128522 0
-0.693566 0.148802 0
-0.679064 0.0631741 0
-0.616421 0.0563994 0
-0.635126 0.128212 0
-0.678807 0.0628641 0
-0.579715 0.119274 0
-0.572599 0.184003 0
-0.634649 0.128828 0
-0.5749 0.225151 0
-0.628778 0.198221 0
-0.572565 0.184589 0
-0.635331 0.282289 0
-0.703373 0.291768 0
-0.691835 0.213864 0
-0.574519 0.22511 0
-0.572184 0.184549 0
-0.515141 0.186265 0
-0.577144 0.266219 0
-0.574569 0.225602 0
-0.525042 0.251665 0
-0.577512 0.266322 0
-0.634521 0.282243 0
-0.574936 0.225705 0
-0.394663 0.126378 0
-0.386202 0.1513 0
-0.431981 0.130361 0
-0.306956 0.171114 0
-0.319393 0.204627 0
-0.336043 0.179634 0
-0.419123 0.244195 0
-0.396546 0.271491 0
-0.437185 0.285355 0
-0.442868 0.211968 0
-0.41935 0.24391 0
-0.458483 0.259538 0
-0.393763 0.215685 0
-0.371654 0.244603 0
-0.418895 0.243872 0
-0.416615 0.183677 0
-0.393993 0.215373 0
-0.442644 0.211619 0
-0.357648 0.20594 0
-0.337802 0.232422 0
-0.371261 0.244533 0
-0.336407 0.179656 0
-0.357664 0.205536 0
-0.377419 0.176729 0
-0.319568 0.204919 0
-0.337629 0.232289 0
-0.357475 0.205807 0
-0.30668 0.170846 0
-0.292805 0.140937 0
-0.280202 0.163227 0
-0.336049 0.179439 0
-0.321097 0.146472 0
-0.306962 0.170919 0
-0.385963 0.151275 0
-0.394424 0.126353 0
-0.360764 0.122841 0
-0.416372 0.183346 0
-0.386093 0.151645 0
-0.377782 0.176561 0
-0.416553 0.183192 0
-0.432053 0.130552 0
-0.386275 0.15149 0
-0.329739 0.119546 0
-0.309987 0.0958419 0
-0.302331 0.120131 0
-0.360387 0.122645 0
-0.337371 0.0994331 0
-0.330025 0.119566 0
-0.385822 0.151362 0
-0.360623 0.122929 0
-0.352495 0.152407 0
-0.394381 0.126127 0
-0.373129 0.0837493 0
-0.360721 0.122615 0
-0.351483 0.0503197 0
-0.353952 0.0291629 0
-0.325201 0.0262266 0
-0.322527 0.0484631 0
-0.351377 0.0503844 0
-0.325095 0.0262914 0
-0.291814 0.0697979 0
-0.317883 0.0705656 0
-0.296363 0.0469767 0
-0.34734 0.071434 0
-0.351452 0.0505357 0
-0.322602 0.0486148 0
-0.372895 0.0834884 0
-0.347462 0.071713 0
-0.337471 0.0991417 0
-0.372942 0.0833262 0
-0.351621 0.0506524 0
-0.34751 0.0715503 0
-0.373065 0.0832631 0
-0.384084 0.0527802 0
-0.351743 0.0505894 0
-0.302073 0.120104 0
-0.285346 0.0926632 0
-0.277274 0.114501 0
-0.352307 0.152301 0
-0.360437 0.122823 0
-0.330074 0.119744 0
-0.337287 0.0990995 0
-0.347279 0.0716701 0
-0.318205 0.0707462 0
-0.302244 0.120371 0
-0.292927 0.14071 0
-0.320937 0.146174 0
-0.329776 0.119715 0
-0.302368 0.1203 0
-0.321061 0.146103 0
-0.352176 0.152379 0
-0.329943 0.119822 0
-0.321229 0.146211 0
-0.337202 0.0993427 0
-0.310104 0.095772 0
-0.329856 0.119476 0
-0.309839 0.0957513 0
-0.285455 0.0926001 0
-0.302182 0.120041 0
-0.267306 0.136073 0
-0.255911 0.156393 0
-0.279947 0.163163 0
-0.923219 0.269984 0
-1.01551 0.192186 0
-0.92364 0.177882 0
-0.279943 0.163325 0
-0.255907 0.156555 0
-0.266062 0.184437 0
-0.458465 0.259784 0
-0.419331 0.244156 0
-0.437392 0.285316 0
-0.432349 0.130583 0
-0.416849 0.183223 0
-0.474355 0.160769 0
-0.519838 0.13985 0
-0.484233 0.102793 0
-0.474872 0.160531 0
-0.385879 0.151542 0
-0.352552 0.152586 0
-0.377567 0.176458 0
-0.406417 0.0893839 0
-0.394731 0.126171 0
-0.432048 0.130154 0
-0.406221 0.0892276 0
-0.373282 0.0836372 0
-0.394533 0.126015 0
-0.37761 0.176849 0
-0.357856 0.205656 0
-0.393579 0.215331 0
-0.280198 0.163405 0
-0.291554 0.194002 0
-0.306676 0.171024 0
-0.267429 0.13602 0
-0.28007 0.163111 0
-0.292674 0.140819 0
-0.255782 0.156598 0
-0.242827 0.175968 0
-0.265938 0.184479 0
-0.236618 0.219122 0
-0.228097 0.194633 0
-0.212268 0.211756 0
-0.236869 0.219201 0
-0.263326 0.227479 0
-0.252057 0.202623 0
-0.194963 0.227877 0
-0.205911 0.249117 0
-0.22222 0.233798 0
-0.205866 0.249371 0
-0.185997 0.2649 0
-0.217941 0.272837 0
-0.23361 0.258005 0
-0.206027 0.249347 0
-0.2181 0.272814 0
-0.194809 0.227906 0
-0.176496 0.242359 0
-0.205758 0.249145 0
-0.278031 0.211313 0
-0.266043 0.184751 0
-0.252204 0.202454 0
-0.306807 0.171163 0
-0.291685 0.19414 0
-0.319245 0.204675 0
-0.3362 0.179378 0
-0.352197 0.152579 0
-0.321249 0.146411 0
-0.35747 0.20563 0
-0.336213 0.17975 0
-0.319564 0.204742 0
-0.377402 0.176551 0
-0.352385 0.15268 0
-0.33639 0.179478 0
-0.320953 0.146343 0
-0.292942 0.14088 0
-0.306817 0.17079 0
-0.265926 0.184632 0
-0.242814 0.176122 0
-0.252085 0.202336 0
-0.280062 0.163451 0
-0.266182 0.184562 0
-0.291418 0.194047 0
-0.242687 0.176155 0
-0.22825 0.194457 0
-0.251959 0.202369 0
-0.916359 0.0869562 0
-0.923609 0.176946 0
-1.01368 0.0961098 0
-1.01337 0.000608583 0
-0.916659 0.0863621 0
-1.01399 0.0955195 0
-0.828504 0.0782528 0
-0.838561 0.168614 0
-0.915455 0.0868672 0
-0.758593 0.236897 0
-0.837818 0.169387 0
-0.762608 0.159057 0
-0.836666 0.252856 0
-0.922759 0.177748 0
-0.838615 0.169503 0
-0.772453 0.31256 0
-0.835898 0.253537 0
-0.758621 0.237693 0
-0.704053 0.29195 0
-0.772012 0.31269 0
-0.758178 0.237821 0
-0.785198 0.390482 0
-0.847364 0.33581 0
-0.772581 0.313347 0
-0.931598 0.359879 0
-1.02233 0.385292 0
-1.0187 0.289093 0
-0.848352 0.335566 0
-0.930696 0.359651 0
-0.922684 0.271072 0
-0.847641 0.336178 0
-0.785476 0.390853 0
-0.85524 0.423397 0
-0.208122 0.31796 0
-0.245915 0.327887 0
-0.231441 0.299281 0
-0.380638 0.635052 0
-0.36353 0.573 0
-0.322825 0.617368 0
-0.368629 0.747779 0
-0.40942 0.695128 0
-0.344974 0.680007 0
-0.754127 0.775156 0
-0.839356 0.787267 0
-0.821444 0.702974 0
-0.404206 0.439144 0
-0.452235 0.435912 0
-0.386967 0.400659 0
-0.353534 0.447794 0
-0.403875 0.439184 0
-0.386634 0.400698 0
-0.422789 0.480944 0
-0.452354 0.436181 0
-0.404326 0.439414 0
-0.376539 0.487637 0
-0.422535 0.481117 0
-0.404071 0.439586 0
-0.318402 0.475426 0
-0.376021 0.487647 0
-0.353213 0.448206 0
-0.401063 0.530782 0
-0.422524 0.481422 0
-0.376529 0.487943 0
-0.401384 0.53102 0
-0.472423 0.558872 0
-0.422847 0.481661 0
-0.318323 0.475703 0
-0.329519 0.530641 0
-0.375941 0.487923 0
-0.416485 0.581755 0
-0.4724 0.559208 0
-0.401363 0.531356 0
-0.423136 0.481479 0
-0.472712 0.558689 0
-0.487498 0.476728 0
-0.380951 0.634934 0
-0.416054 0.582147 0
-0.363843 0.572883 0
-0.381228 0.635559 0
-0.409823 0.694643 0
-0.452727 0.647125 0
-0.677121 0.552276 0
-0.764693 0.517828 0
-0.688135 0.478828 0
-0.0535659 0.32123 0
-0.046876 0.296338 0
-0.0237178 0.299146 0
-0.128275 0.326733 0
-0.135646 0.355821 0
-0.158795 0.346056 0
-0.144961 0.290724 0
-0.121407 0.300336 0
-0.154503 0.316934 0
-0.108384 0.334458 0
-0.135478 0.355782 0
-0.128105 0.326694 0
-0.100339 0.308481 0
-0.108265 0.334299 0
-0.127987 0.326536 0
-0.0878169 0.340758 0
-0.0973022 0.369428 0
-0.10812 0.33455 0
-0.0277653 0.324593 0
-0.0106983 0.354114 0
-0.0393472 0.352611 0
-0.0974602 0.369479 0
-0.135374 0.355926 0
-0.108281 0.334601 0
-0.152258 0.425466 0
-0.183278 0.436879 0
-0.173089 0.39809 0
-0.19274 0.369692 0
-0.1825 0.336424 0
-0.159168 0.346134 0
-0.100382 0.308368 0
-0.128031 0.326422 0
-0.121169 0.300426 0
-0.0928269 0.285269 0
-0.100263 0.308229 0
-0.121052 0.300289 0
-0.0757646 0.316843 0
-0.0877447 0.340582 0
-0.108049 0.334374 0
-0.0538734 0.321437 0
-0.0875642 0.340539 0
-0.0755815 0.316799 0
-0.14374 0.388788 0
-0.173002 0.397747 0
-0.165805 0.371074 0
-0.23131 0.299004 0
-0.21806 0.273087 0
-0.196536 0.290033 0
-0.212108 0.211915 0
-0.194984 0.227753 0
-0.222241 0.233672 0
-0.207956 0.317833 0
-0.231276 0.299154 0
-0.196502 0.290183 0
-0.327725 0.266064 0
-0.317789 0.300713 0
-0.35586 0.286464 0
-0.272086 0.257645 0
-0.293731 0.278021 0
-0.292469 0.23714 0
-0.271982 0.257844 0
-0.261658 0.296677 0
-0.293628 0.27822 0
-0.249188 0.421638 0
-0.216535 0.449219 0
-0.252486 0.472617 0
-0.279175 0.395019 0
-0.249549 0.421324 0
-0.297671 0.43311 0
-0.278963 0.394853 0
-0.234529 0.38349 0
-0.249337 0.421158 0
-0.442913 0.211437 0
-0.47439 0.161041 0
-0.416885 0.183494 0
-0.847535 0.335351 0
-0.836195 0.253863 0
-0.772752 0.312889 0
-0.855726 0.423293 0
-0.930471 0.360162 0
-0.848128 0.336076 0
-0.793398 0.460523 0
-0.855058 0.423815 0
-0.785294 0.39127 0
-0.718199 0.364522 0
-0.724209 0.434235 0
-0.784605 0.390984 0
-0.765992 0.517952 0
-0.884193 0.571609 0
-0.869292 0.495861 0
-0.620258 0.515546 0
-0.617823 0.442968 0
-0.568782 0.481946 0
-0.724044 0.435039 0
-0.688293 0.478435 0
-0.764851 0.517435 0
-0.723719 0.434658 0
-0.668078 0.403706 0
-0.687967 0.478053 0
-0.784855 0.391305 0
-0.72446 0.434559 0
-0.79296 0.460559 0
-0.717583 0.364246 0
-0.656785 0.339817 0
-0.667952 0.403008 0
-0.811954 0.616648 0
-0.821839 0.701996 0
-0.899867 0.653016 0
-0.7658 0.518354 0
-0.811713 0.615763 0
-0.883999 0.572012 0
-0.738346 0.592839 0
-0.745946 0.679974 0
-0.811159 0.616373 0
-0.958285 0.556111 0
-1.02632 0.483716 0
-0.937742 0.453314 0
-0.92237 0.270718 0
-0.836698 0.253723 0
-0.848036 0.335209 0
-1.01583 0.192554 0
-0.923539 0.270357 0
-1.01866 0.288151 0
-0.923039 0.178085 0
-0.836949 0.253196 0
-0.922621 0.270191 0
-0.278162 0.211285 0
-0.291412 0.194208 0
-0.266175 0.184723 0
-0.234375 0.383132 0
-0.261745 0.359855 0
-0.220744 0.349123 0
-0.216373 0.449001 0
-0.249027 0.42142 0
-0.20433 0.407624 0
-0.279006 0.394648 0
-0.26194 0.360007 0
-0.234571 0.383285 0
-0.220391 0.348827 0
-0.207874 0.318153 0
-0.182756 0.336261 0
-0.204201 0.407232 0
-0.23409 0.383361 0
-0.193063 0.370054 0
-0.193117 0.369859 0
-0.234146 0.383166 0
-0.220513 0.349156 0
-0.353246 0.447663 0
-0.386345 0.400567 0
-0.317843 0.400054 0
-0.292575 0.236741 0
-0.319153 0.204953 0
-0.278344 0.211495 0
-0.292774 0.236811 0
-0.337412 0.232393 0
-0.31935 0.205023 0
-0.248667 0.242791 0
-0.271838 0.257495 0
-0.263431 0.227742 0
-0.236857 0.219335 0
-0.248549 0.242663 0
-0.263315 0.227614 0
-0.233848 0.257996 0
-0.247093 0.276469 0
-0.248484 0.242956 0
-0.293789 0.33836 0
-0.246304 0.328157 0
-0.262029 0.359635 0
-0.355957 0.286692 0
-0.317888 0.30094 0
-0.356965 0.333953 0
-0.261365 0.296981 0
-0.23162 0.29921 0
-0.246093 0.327817 0
-0.317427 0.300848 0
-0.293845 0.278424 0
-0.281152 0.314543 0
-0.246992 0.27657 0
-0.233747 0.258096 0
-0.218238 0.272906 0
-0.271826 0.257839 0
-0.247264 0.276649 0
-0.261503 0.296671 0
-0.271784 0.257659 0
-0.248612 0.242954 0
-0.24722 0.276468 0
-0.263578 0.227722 0
-0.271984 0.257476 0
-0.292368 0.236971 0
-0.26153 0.297033 0
-0.246258 0.327869 0
-0.280807 0.314696 0
-0.371448 0.244476 0
-0.393559 0.215558 0
-0.357835 0.205883 0
-0.327842 0.265697 0
-0.371162 0.244733 0
-0.337702 0.232623 0
-0.396326 0.271354 0
-0.418904 0.244059 0
-0.371663 0.24479 0
-0.178595 0.302511 0
-0.154818 0.317094 0
-0.182439 0.336102 0
-0.196325 0.290194 0
-0.17882 0.302361 0
-0.207781 0.317843 0
-0.196205 0.28994 0
-0.185785 0.265057 0
-0.16466 0.27938 0
-0.23675 0.219091 0
-0.25194 0.202513 0
-0.22823 0.194601 0
-0.263464 0.227454 0
-0.278022 0.211456 0
-0.252195 0.202597 0
-0.247129 0.276787 0
-0.231623 0.299039 0
-0.261369 0.29681 0
-0.23672 0.219356 0
-0.222502 0.233748 0
-0.248413 0.242683 0
-0.21823 0.273042 0
-0.231478 0.298959 0
-0.246984 0.276707 0
-0.222349 0.233898 0
-0.206041 0.249217 0
-0.233624 0.257874 0
-0.248403 0.242813 0
-0.222492 0.233876 0
-0.233765 0.257853 0
-0.236599 0.219253 0
-0.212248 0.211886 0
-0.22238 0.233644 0
-0.185965 0.265035 0
-0.196383 0.289919 0
-0.217909 0.272973 0
-0.292655 0.237167 0
-0.293916 0.278048 0
-0.327434 0.265823 0
-0.220602 0.348799 0
-0.245878 0.328053 0
-0.208087 0.318126 0
-0.356267 0.286296 0
-0.396116 0.271496 0
-0.371451 0.244932 0
-0.324812 0.336518 0
-0.308145 0.363698 0
-0.352587 0.373609 0
-0.246367 0.328007 0
-0.293853 0.33821 0
-0.280915 0.314834 0
-0.262186 0.359942 0
-0.27925 0.394582 0
-0.307689 0.363846 0
-0.42154 0.363601 0
-0.387024 0.400405 0
-0.452294 0.435658 0
-0.456714 0.326489 0
-0.42181 0.363115 0
-0.463383 0.363979 0
-0.388014 0.348232 0
-0.35719 0.334402 0
-0.352961 0.37355 0
-0.413596 0.32217 0
-0.388431 0.348156 0
-0.421416 0.363047 0
-0.41347 0.321971 0
-0.383945 0.303726 0
-0.388305 0.347957 0
-0.317426 0.301048 0
-0.281154 0.314743 0
-0.29409 0.33812 0
-0.327517 0.266037 0
-0.294001 0.278261 0
-0.317582 0.300685 0
-0.371222 0.244913 0
-0.327905 0.265877 0
-0.356039 0.286277 0
-0.337439 0.232597 0
-0.292802 0.237014 0
-0.32758 0.265671 0
-0.293657 0.278411 0
-0.26169 0.296867 0
-0.280966 0.31453 0
-0.3173 0.399986 0
-0.279403 0.394948 0
-0.297898 0.433039 0
-0.356978 0.334363 0
-0.324977 0.33642 0
-0.352751 0.373511 0
-0.293995 0.33848 0
-0.262235 0.359754 0
-0.30774 0.363658 0
-0.220783 0.348939 0
-0.261785 0.35967 0
-0.246058 0.328193 0
-0.388341 0.348418 0
-0.386809 0.400112 0
-0.421326 0.363309 0
-0.324616 0.3364 0
-0.294205 0.338401 0
-0.307948 0.36358 0
-0.317784 0.301106 0
-0.324859 0.336177 0
-0.356862 0.334119 0
-0.317572 0.30112 0
-0.294236 0.338192 0
-0.324649 0.33619 0
-0.317547 0.400164 0
-0.298144 0.433216 0
-0.352951 0.447773 0
-0.308121 0.36391 0
-0.317578 0.399684 0
-0.352562 0.373821 0
-0.307874 0.36398 0
-0.279435 0.394716 0
-0.317334 0.399755 0
-0.31915 0.20481 0
-0.29159 0.194275 0
-0.27834 0.211353 0
-0.164465 0.279507 0
-0.145186 0.290606 0
-0.178505 0.302234 0
-0.196181 0.290066 0
-0.164637 0.279505 0
-0.178675 0.302232 0
-0.185654 0.264942 0
-0.156873 0.255606 0
-0.164527 0.279265 0
-0.176466 0.242482 0
-0.185857 0.264798 0
-0.205728 0.249269 0
-0.176302 0.242504 0
-0.156913 0.255484 0
-0.185694 0.264818 0
-1.01837 0.288712 0
-0.923256 0.270917 0
-0.931265 0.359493 0
-0.515357 0.786696 0
-0.565504 0.731895 0
-0.484685 0.71286 0
-0.822125 0.702873 0
-0.840037 0.787163 0
-0.957173 0.744153 0
-0.811225 0.615831 0
-0.765311 0.518419 0
-0.73841 0.592297 0
-0.957688 0.557074 0
-0.884938 0.572262 0
-0.900565 0.652381 0
-0.957762 0.556152 0
-0.937217 0.453352 0
-0.870111 0.495595 0
-0.680618 0.639277 0
-0.655989 0.752139 0
-0.745233 0.680584 0
-0.550104 0.656214 0
-0.566083 0.731366 0
-0.622682 0.685234 0
-0.60417 0.611548 0
-0.550231 0.655812 0
-0.62281 0.684832 0
-0.534314 0.586158 0
-0.453704 0.646828 0
-0.549432 0.6556 0
-0.416659 0.582142 0
-0.453056 0.646494 0
-0.472574 0.559594 0
-0.410128 0.695278 0
-0.440961 0.759857 0
-0.483916 0.712648 0
-0.51573 0.787043 0
-0.59617 0.816081 0
-0.56588 0.732241 0
-0.686182 0.84821 0
-0.775571 0.855641 0
-0.753462 0.775869 0
-0.746703 0.990185 0
-0.711973 0.924795 0
-0.64843 0.992633 0
-0.747277 0.989919 0
-0.818967 0.913568 0
-0.712544 0.92453 0
-0.747725 0.990131 0
-0.846461 0.987409 0
-0.819418 0.913779 0
-0.77655 0.855808 0
-0.892945 0.885681 0
-0.83967 0.788147 0
-0.840549 0.787657 0
-0.975078 0.849551 0
-0.957687 0.744642 0
-0.840336 0.788129 0
-0.893611 0.885661 0
-0.974862 0.850026 0
-0.819905 0.913431 0
-0.846951 0.987061 0
-0.893115 0.886538 0
-0.776484 0.856228 0
-0.819668 0.912992 0
-0.892877 0.8861 0
-0.775879 0.856354 0
-0.712639 0.924082 0
-0.819063 0.91312 0
-0.136361 0.267039 0
-0.164363 0.279272 0
-0.156707 0.255614 0
-0.322528 0.617147 0
-0.363231 0.572779 0
-0.291867 0.569111 0
-0.266805 0.674403 0
-0.235001 0.713274 0
-0.286101 0.743194 0
-0.19394 0.684029 0
-0.180738 0.62329 0
-0.128662 0.669754 0
-0.234474 0.713346 0
-0.194362 0.684613 0
-0.200981 0.754425 0
-0.285879 0.743462 0
-0.234781 0.713544 0
-0.201287 0.754621 0
-0.266496 0.674204 0
-0.19458 0.684344 0
-0.234694 0.713077 0
-0.266544 0.673865 0
-0.248646 0.6118 0
-0.194627 0.684003 0
-0.344222 0.67992 0
-0.267171 0.67429 0
-0.286467 0.743081 0
-0.322145 0.617276 0
-0.291485 0.56924 0
-0.249154 0.611227 0
-0.127997 0.670132 0
-0.0563843 0.676442 0
-0.11921 0.743763 0
-0.168267 0.567914 0
-0.12121 0.606374 0
-0.180627 0.62269 0
-0.0659676 0.460635 0
-0.106706 0.498704 0
-0.129529 0.478046 0
-0.00164579 0.422498 0
0.014081 0.463344 0
-0.025442 0.462485 0
-0.0794578 0.527634 0
-0.0845824 0.580636 0
-0.11347 0.549682 0
-0.0897851 0.640436 0
-0.120627 0.606479 0
-0.084641 0.581204 0
-0.0560352 0.675909 0
-0.0894632 0.640776 0
-0.0532141 0.613545 0
-0.128115 0.669555 0
-0.120773 0.606775 0
-0.0899302 0.640732 0
-0.168162 0.567374 0
-0.156585 0.517996 0
-0.114007 0.549605 0
-0.199155 0.53189 0
-0.229238 0.495843 0
-0.194596 0.480873 0
-0.168447 0.567315 0
-0.198825 0.532253 0
-0.15687 0.517938 0
-0.243452 0.547287 0
-0.229402 0.496066 0
-0.199319 0.532113 0
-0.291222 0.569006 0
-0.243825 0.547795 0
-0.248892 0.610994 0
-0.271057 0.518534 0
-0.229643 0.496021 0
-0.243693 0.547241 0
-0.113889 0.549901 0
-0.120987 0.60613 0
-0.168042 0.567669 0
-0.0172734 0.532404 0
-0.00616829 0.583858 0
-0.0497374 0.556816 0
0.108191 0.630155 0
0.0408864 0.613054 0
0.093591 0.57843 0
0.0378752 0.6765 0
-0.00845779 0.644114 0
0.0403087 0.613429 0
-0.0562845 0.676097 0
-0.127897 0.669787 0
-0.0897139 0.640965 0
-0.440523 0.760404 0
-0.368898 0.748476 0
-0.394357 0.823074 0
-0.440575 0.759976 0
-0.409742 0.695397 0
-0.368948 0.748047 0
-0.42193 0.905942 0
-0.474076 0.831896 0
-0.394646 0.823839 0
-0.484269 0.712955 0
-0.441312 0.760164 0
-0.51494 0.786791 0
-0.549641 0.656305 0
-0.484799 0.712422 0
-0.56562 0.731458 0
-0.453072 0.647382 0
-0.410167 0.6949 0
-0.483957 0.712271 0
-0.839203 0.787778 0
-0.753975 0.775668 0
-0.776085 0.855438 0
-0.553599 0.367068 0
-0.540308 0.307582 0
-0.502155 0.335664 0
-0.745509 0.68005 0
-0.737908 0.592914 0
-0.680892 0.638743 0
-0.82113 0.702618 0
-0.746032 0.680872 0
-0.753815 0.774798 0
-0.821324 0.702088 0
-0.811438 0.616739 0
-0.746224 0.680342 0
-0.812163 0.616214 0
-0.900077 0.652581 0
-0.88445 0.57246 0
-0.380866 0.635668 0
-0.345014 0.67963 0
-0.409462 0.694752 0
-0.14488 0.290479 0
-0.136155 0.267148 0
-0.114978 0.276954 0
-0.0926552 0.28524 0
-0.0702111 0.291624 0
-0.100094 0.3082 0
-0.154693 0.316941 0
-0.178471 0.30236 0
-0.145154 0.290731 0
-0.121352 0.300455 0
-0.128211 0.326451 0
-0.154446 0.317055 0
-0.114929 0.277064 0
-0.121274 0.300202 0
-0.144829 0.290591 0
-0.114753 0.277046 0
-0.092875 0.285165 0
-0.121101 0.300183 0
-0.182615 0.336105 0
-0.207734 0.317998 0
-0.178774 0.302514 0
-0.15904 0.345958 0
-0.182373 0.336248 0
-0.154753 0.317239 0
-0.128338 0.326604 0
-0.158859 0.345926 0
-0.154571 0.317207 0
-0.135721 0.356111 0
-0.143615 0.388648 0
-0.16568 0.370934 0
-0.192944 0.369702 0
-0.220341 0.349 0
-0.182707 0.336433 0
-0.711666 0.924084 0
-0.685517 0.848925 0
-0.618111 0.921468 0
-0.322763 0.617726 0
-0.344724 0.679372 0
-0.380575 0.635409 0
-0.47414 0.831409 0
-0.440877 0.760683 0
-0.394708 0.823351 0
-0.451256 0.99717 0
-0.512127 0.908453 0
-0.422246 0.906778 0
-0.512926 0.907451 0
-0.595991 0.816668 0
-0.515555 0.787631 0
-0.775432 0.856138 0
-0.686044 0.848707 0
-0.712195 0.923865 0
-0.514907 0.787188 0
-0.44128 0.760562 0
-0.474544 0.831288 0
-0.51252 0.907502 0
-0.515148 0.787681 0
-0.474783 0.831781 0
-0.596638 0.815965 0
-0.655109 0.752903 0
-0.566347 0.732128 0
-0.75306 0.775526 0
-0.656033 0.753156 0
-0.685782 0.847865 0
-0.680662 0.638316 0
-0.737678 0.592488 0
-0.677007 0.553059 0
-0.604784 0.611049 0
-0.680216 0.638379 0
-0.67656 0.55312 0
-0.620573 0.516343 0
-0.604584 0.610638 0
-0.67636 0.552711 0
-0.534819 0.58604 0
-0.549936 0.65548 0
-0.603874 0.611216 0
-0.623417 0.685247 0
-0.655581 0.752155 0
-0.680209 0.639292 0
-0.604606 0.611491 0
-0.623245 0.684775 0
-0.680037 0.638821 0
-0.473191 0.559186 0
-0.534282 0.585416 0
-0.520041 0.521106 0
-0.472968 0.559606 0
-0.453449 0.646506 0
-0.534057 0.585836 0
-0.566434 0.73169 0
-0.655198 0.752466 0
-0.623035 0.685557 0
-0.685258 0.848003 0
-0.65551 0.753292 0
-0.597035 0.816355 0
-0.753261 0.774966 0
-0.745478 0.681039 0
-0.656231 0.752596 0
-0.286805 0.743328 0
-0.368217 0.747941 0
-0.344563 0.680168 0
-0.307675 0.820862 0
-0.327338 0.906727 0
-0.393772 0.823804 0
-0.164324 0.279389 0
-0.136322 0.267156 0
-0.145044 0.290488 0
-0.0756775 0.316592 0
-0.100036 0.308306 0
-0.0701549 0.291728 0
-0.393911 0.823275 0
-0.368453 0.748676 0
-0.307812 0.820331 0
-0.421438 0.906194 0
-0.394156 0.824091 0
-0.327718 0.907012 0
-0.548755 0.994977 0
-0.512554 0.908749 0
-0.451677 0.997465 0
-0.617729 0.921108 0
-0.685131 0.848566 0
-0.596911 0.816918 0
-0.513264 0.9079 0
-0.617151 0.921307 0
-0.596334 0.817116 0
-0.422322 0.906224 0
-0.512206 0.9079 0
-0.474472 0.832178 0
-0.549312 0.994723 0
-0.616992 0.921903 0
-0.513107 0.908497 0
-0.54976 0.995006 0
-0.647455 0.99264 0
-0.617444 0.922185 0
-0.617986 0.92195 0
-0.647999 0.992404 0
-0.711539 0.924566 0
-0.0755019 0.316552 0
-0.069976 0.291688 0
-0.0471045 0.296298 0
-0.108091 0.334266 0
-0.100163 0.308448 0
-0.075805 0.316735 0
-0.0609209 0.824956 0
-0.118991 0.744516 0
-0.058714 0.746969 0
-0.256382 1.00358 0
-0.242213 0.910686 0
-0.160807 1.00732 0
-0.218015 0.829152 0
-0.200759 0.755264 0
-0.144289 0.819914 0
-0.146049 0.909386 0
-0.217831 0.829669 0
-0.144106 0.820432 0
-0.242575 0.909482 0
-0.306805 0.82089 0
-0.218698 0.829671 0
-0.35383 0.999975 0
-0.421301 0.906783 0
-0.327584 0.907604 0
-0.200427 0.754979 0
-0.119744 0.744526 0
-0.14396 0.819631 0
-0.285825 0.743848 0
-0.201233 0.755009 0
-0.218491 0.828896 0
-0.368092 0.748409 0
-0.286681 0.743798 0
-0.307454 0.820065 0
-0.344344 0.679501 0
-0.322383 0.617854 0
-0.26729 0.673869 0
-0.181183 0.622777 0
-0.248402 0.611312 0
-0.207634 0.589071 0
-0.0394915 0.3525 0
-0.0535521 0.321502 0
-0.0279085 0.324485 0
-0.047051 0.296397 0
-0.0537375 0.321288 0
-0.0754462 0.316651 0
-0.0234746 0.299168 0
-0.000172615 0.300151 0
-0.0276785 0.324235 0
0.0430478 0.322666 0
0.0236804 0.299296 0
0.046838 0.296636 0
0.039595 0.352006 0
0.0184465 0.35399 0
0.020758 0.325284 0
0.0681334 0.344186 0
0.0398356 0.351967 0
0.0431736 0.323002 0
0.090653 0.311092 0
0.0892915 0.338656 0
0.0654819 0.31881 0
0.132474 0.388598 0
0.10847 0.362792 0
0.132536 0.35411 0
0.106369 0.434552 0
0.107156 0.397156 0
0.143006 0.42831 0
0.147001 0.470614 0
0.106503 0.434799 0
0.143139 0.428556 0
0.0709374 0.44476 0
0.0694112 0.408102 0
0.106003 0.434643 0
0.0694068 0.407742 0
0.068587 0.374638 0
0.106785 0.396886 0
0.0366941 0.384585 0
0.0185005 0.354189 0
0.0396479 0.352206 0
0.0682171 0.344359 0
0.0683594 0.374276 0
0.0399213 0.352138 0
0.0339382 0.421157 0
-0.00147727 0.422102 0
0.00471822 0.386407 0
-0.00540596 0.325493 0
-0.0276163 0.324324 0
-0.000113355 0.300239 0
0.0182257 0.354201 0
0.00463565 0.385957 0
-0.0103979 0.354325 0
0.0430156 0.322939 0
0.0396759 0.351902 0
0.0208421 0.32518 0
0.0235915 0.299391 0
0.0429624 0.322762 0
0.0207872 0.325004 0
0.0652522 0.318868 0
0.0682172 0.344075 0
0.0432606 0.322891 0
0.0365787 0.384698 0
0.00479431 0.386059 0
0.0183821 0.354302 0
-0.0105861 0.354024 0
-0.02765 0.324503 0
-0.00544081 0.325674 0
0.0205126 0.325197 0
-0.0104256 0.354028 0
-0.005279 0.325676 0
-0.0214641 0.385594 0
-0.00177456 0.422099 0
-0.0288809 0.421133 0
-0.326831 0.907016 0
-0.30717 0.82115 0
-0.242936 0.909741 0
-0.256939 1.00324 0
-0.326661 0.907625 0
-0.242769 0.910352 0
-0.35424 1.00028 0
-0.450724 0.997478 0
-0.421717 0.907085 0
-0.207678 0.588556 0
-0.243378 0.547597 0
-0.199247 0.532424 0
-0.180916 0.622632 0
-0.207366 0.588925 0
-0.168556 0.567855 0
-0.248613 0.611061 0
-0.243545 0.547861 0
-0.207843 0.58882 0
-0.317806 0.475327 0
-0.29781 0.43355 0
-0.252986 0.472744 0
-0.172956 0.397929 0
-0.143695 0.38897 0
-0.152125 0.425305 0
-0.192858 0.370102 0
-0.173294 0.397806 0
-0.203998 0.407281 0
-0.165732 0.370792 0
-0.15892 0.346204 0
-0.135771 0.355969 0
-0.19273 0.369981 0
-0.16597 0.371011 0
-0.173166 0.397684 0
-0.192684 0.369808 0
-0.159113 0.34625 0
-0.165923 0.370838 0
-0.0588536 0.913506 0
0.0221609 0.829795 0
0.0325926 0.916573 0
-0.0591673 0.913202 0
-0.0604504 0.825796 0
0.02185 0.82949 0
-0.0636076 1.01124 0
-0.0591413 0.914115 0
0.0323045 0.917182 0
-0.0645367 1.01153 0
-0.159844 1.00734 0
-0.145589 0.910619 0
-0.143492 0.819867 0
-0.119277 0.744761 0
-0.0612039 0.8252 0
-0.218844 0.829115 0
-0.306952 0.820336 0
-0.286181 0.744068 0
-0.146376 0.909685 0
-0.242036 0.90978 0
-0.218161 0.829969 0
-0.257308 1.00354 0
-0.353278 1.0003 0
-0.327035 0.907928 0
0.0914246 0.527251 0
0.0897778 0.482002 0
0.119838 0.499428 0
0.04357 0.556001 0
0.0911823 0.52776 0
0.0935432 0.577896 0
-0.00585769 0.583856 0
-0.0169622 0.532401 0
0.042876 0.556036 0
-0.00860543 0.643805 0
-0.00583885 0.58442 0
0.040163 0.61312 0
-0.0529152 0.612958 0
-0.0498577 0.557086 0
-0.00628724 0.584129 0
0.0462428 0.504599 0
0.0145626 0.463561 0
0.0705535 0.44518 0
0.0403355 0.612826 0
-0.00566459 0.584126 0
0.043067 0.556306 0
-0.0171952 0.531985 0
-0.046405 0.506444 0
0.0136384 0.508911 0
0.0429419 0.555785 0
-0.0168951 0.53215 0
0.013937 0.509077 0
-0.0498741 0.556557 0
-0.0466196 0.506604 0
-0.0174084 0.532145 0
0.046055 0.504811 0
0.014052 0.508678 0
0.0143716 0.463774 0
0.0911789 0.527269 0
0.0465649 0.504935 0
0.089532 0.48202 0
0.0910249 0.527516 0
0.0434108 0.555757 0
0.0464091 0.505182 0
-0.0842819 0.580946 0
-0.0501197 0.557076 0
-0.0531768 0.612948 0
-0.0895593 0.640458 0
-0.084415 0.581226 0
-0.0533084 0.613227 0
-0.120707 0.606175 0
-0.113609 0.549946 0
-0.0847201 0.5809 0
-0.0658453 0.460208 0
-0.117999 0.437996 0
-0.0819728 0.411358 0
-0.0467005 0.506051 0
-0.0654197 0.460608 0
-0.0258584 0.462755 0
0.01361 0.508679 0
-0.0464342 0.506212 0
-0.025594 0.462916 0
-0.079531 0.52736 0
-0.113545 0.549409 0
-0.106698 0.499166 0
-0.050081 0.556541 0
-0.0791186 0.527409 0
-0.0468268 0.506588 0
-0.0502063 0.556789 0
-0.0843702 0.58066 0
-0.0792454 0.527658 0
-0.194353 0.480945 0
-0.156956 0.517648 0
-0.198913 0.531964 0
-0.0660043 0.460431 0
-0.129568 0.477843 0
-0.118158 0.438219 0
-0.107009 0.498895 0
-0.156434 0.517528 0
-0.129834 0.478237 0
-0.0469693 0.506171 0
-0.106429 0.498798 0
-0.0656912 0.460729 0
-0.113803 0.549376 0
-0.156379 0.517767 0
-0.106956 0.499133 0
-0.00144497 0.42236 0
0.0339696 0.421415 0
0.014279 0.463207 0
0.0933743 0.578182 0
0.0406677 0.612807 0
0.0433996 0.556287 0
0.043188 0.322732 0
0.0469765 0.2967 0
0.0651812 0.318709 0
-0.0972487 0.369776 0
-0.0726562 0.377133 0
-0.107319 0.401781 0
-0.0213809 0.385251 0
-0.0105324 0.35443 0
0.00450421 0.386061 0
-0.00166374 0.421982 0
-0.0213506 0.385477 0
0.00453346 0.386288 0
-0.0477166 0.384499 0
-0.0394511 0.352914 0
-0.0216514 0.38524 0
-0.107555 0.40182 0
-0.143293 0.388797 0
-0.0974867 0.369815 0
-0.029151 0.421124 0
-0.0563959 0.420234 0
-0.047799 0.384844 0
-0.0216173 0.385469 0
-0.0290355 0.421008 0
-0.0476809 0.384727 0
-0.00178892 0.422357 0
-0.0255874 0.462344 0
-0.0288946 0.421391 0
-0.118373 0.437849 0
-0.151822 0.425483 0
-0.107654 0.40217 0
-0.0605202 0.349603 0
-0.053663 0.321586 0
-0.0395995 0.352585 0
0.0342107 0.421491 0
0.0705148 0.4449 0
0.0145218 0.463282 0
-0.0052368 0.32541 0
5.92344e-05 0.300155 0
0.0233615 0.299319 0
-0.0236551 0.299239 0
-0.0278553 0.324306 0
-0.0535005 0.321324 0
-0.0051658 0.325493 0
0.023429 0.299402 0
0.0206259 0.325013 0
-0.27155 0.518723 0
-0.291583 0.568642 0
-0.329081 0.531055 0
-0.1945 0.4804 0
-0.216121 0.449298 0
-0.183563 0.437234 0
-0.15683 0.517428 0
-0.194226 0.480726 0
-0.161234 0.466557 0
-0.229296 0.495567 0
-0.216275 0.449493 0
-0.194653 0.480596 0
-0.317716 0.47561 0
-0.252898 0.473029 0
-0.271382 0.518217 0
-0.329754 0.53111 0
-0.36362 0.572365 0
-0.400708 0.53123 0
-0.204389 0.407404 0
-0.249088 0.4212 0
-0.234278 0.383532 0
-0.352952 0.448024 0
-0.298147 0.433468 0
-0.318141 0.475244 0
-0.263599 0.227569 0
-0.292389 0.236817 0
-0.278157 0.211571 0
-0.297581 0.43337 0
-0.249461 0.421585 0
-0.252757 0.472564 0
-0.207427 0.588623 0
-0.198996 0.532491 0
-0.168616 0.567553 0
-0.252603 0.473096 0
-0.229672 0.495772 0
-0.271088 0.518286 0
-0.25242 0.472866 0
-0.21647 0.449468 0
-0.229489 0.495541 0
-0.32917 0.530744 0
-0.317972 0.475804 0
-0.271638 0.518411 0
-0.151907 0.425319 0
-0.143475 0.388983 0
-0.107737 0.402006 0
-0.160966 0.466107 0
-0.152001 0.425698 0
-0.118551 0.438064 0
-0.161323 0.466288 0
-0.194316 0.480457 0
-0.183379 0.437291 0
0.0141489 0.508987 0
0.0461512 0.50512 0
0.0431522 0.555695 0
0.236026 0.638262 0
0.225049 0.581034 0
0.27184 0.603628 0
0.262754 0.772573 0
0.176633 0.765538 0
0.248457 0.702933 0
0.154275 0.632388 0
0.18993 0.606444 0
0.235517 0.638444 0
0.164379 0.695241 0
0.154189 0.632686 0
0.235431 0.638742 0
0.108539 0.63003 0
0.09394 0.578304 0
0.144776 0.57574 0
0.144912 0.575196 0
0.0917167 0.527625 0
0.151816 0.518115 0
-0.00908285 0.644112 0
-0.0557656 0.67592 0
-0.0529441 0.613556 0
-0.0061509 0.58442 0
-0.00891713 0.643805 0
-0.0527769 0.613249 0
0.0377111 0.676825 0
-0.00882071 0.710444 0
-0.00862346 0.644439 0
0.110367 0.692943 0
0.0385008 0.676721 0
0.108238 0.630751 0
0.0355722 0.748108 0
-0.0189706 0.786408 0
-0.00886243 0.711157 0
-0.121077 0.606716 0
-0.128419 0.669495 0
-0.180492 0.623031 0
0.108006 0.630484 0
0.0382658 0.676454 0
0.0406999 0.613383 0
-0.058698 0.746471 0
-0.118976 0.744019 0
-0.0561532 0.676699 0
0.224663 0.580702 0
0.190054 0.60593 0
0.202358 0.536462 0
-0.119669 0.743789 0
-0.193734 0.684432 0
-0.128458 0.670159 0
0.0926215 0.285792 0
0.0906781 0.310825 0
0.0701774 0.292054 0
0.0908304 0.310864 0
0.0927714 0.28583 0
0.115132 0.303517 0
0.116557 0.331839 0
0.0909107 0.311018 0
0.115212 0.303673 0
0.0654163 0.318655 0
0.0700845 0.292165 0
0.0905889 0.310935 0
0.0326086 0.917525 0
0.0318303 1.01608 0
-0.0633011 1.01158 0
-0.0597265 0.913471 0
-0.145242 0.909685 0
-0.0610127 0.826066 0
0.163962 0.695423 0
0.110939 0.693012 0
0.15377 0.632868 0
0.153585 0.63265 0
0.110752 0.692795 0
0.108625 0.630603 0
0.248328 0.702252 0
0.164696 0.695475 0
0.235745 0.638975 0
0.248128 0.702676 0
0.176302 0.765281 0
0.164496 0.695898 0
0.163993 0.696114 0
0.175801 0.765497 0
0.0986958 0.767092 0
0.289566 0.660029 0
0.248746 0.702133 0
0.236165 0.638856 0
0.309354 0.721886 0
0.263199 0.772426 0
0.248903 0.702786 0
0.189537 0.843267 0
0.107176 0.843041 0
0.175914 0.766243 0
0.0356757 0.748503 0
0.0223058 0.828809 0
-0.018865 0.786803 0
0.106359 0.842998 0
0.0229341 0.829062 0
0.0979909 0.767795 0
0.205332 0.929584 0
0.117121 0.927305 0
0.189668 0.844096 0
0.0331451 0.916339 0
0.0227161 0.82956 0
0.106141 0.843496 0
-0.193977 0.684716 0
-0.11991 0.744072 0
-0.200596 0.754527 0
-0.00929869 0.710783 0
-0.0583304 0.74636 0
-0.0557842 0.676587 0
-0.00893681 0.644437 0
-0.00913369 0.710441 0
-0.0556176 0.676245 0
0.0378591 0.677172 0
0.0357621 0.747742 0
-0.00867085 0.71079 0
0.0980497 0.767025 0
0.0363622 0.747985 0
0.110325 0.693637 0
0.0977561 0.767478 0
0.0226967 0.828744 0
0.0360675 0.748438 0
-0.0194569 0.786786 0
-0.0605866 0.825098 0
-0.0583803 0.747111 0
-0.00917729 0.711152 0
-0.0192852 0.786404 0
-0.058207 0.746728 0
0.0219852 0.829067 0
-0.0603155 0.825373 0
-0.0191872 0.787061 0
-0.146183 0.91028 0
-0.160439 1.007 0
-0.241841 0.910373 0
-0.0612926 0.825753 0
-0.145525 0.909373 0
-0.143581 0.820419 0
-0.0597371 0.914092 0
-0.0642021 1.01121 0
-0.145251 0.910305 0
0.0361603 0.747683 0
0.0382582 0.677113 0
0.110125 0.693335 0
0.0895225 0.338873 0
0.116531 0.332129 0
0.108272 0.362552 0
0.0654055 0.318921 0
0.0892182 0.338766 0
0.0683719 0.344129 0
0.0908225 0.311136 0
0.116472 0.331956 0
0.0894636 0.3387 0
0.114731 0.277706 0
0.11521 0.303407 0
0.092853 0.285718 0
0.114946 0.277615 0
0.136124 0.267906 0
0.136037 0.29417 0
0.00484763 0.386282 0
0.036631 0.384922 0
0.0340646 0.421032 0
-0.0606806 0.349563 0
-0.0875128 0.340649 0
-0.0538248 0.321547 0
-0.0478475 0.384379 0
-0.0605 0.349814 0
-0.039581 0.352796 0
-0.0971444 0.36948 0
-0.0876579 0.340809 0
-0.0608258 0.349724 0
-0.0725001 0.376958 0
-0.0970925 0.369602 0
-0.0607764 0.349846 0
-0.0479561 0.384461 0
-0.0723352 0.377008 0
-0.0606111 0.349895 0
-0.0479757 0.384811 0
-0.0565722 0.4202 0
-0.0817068 0.411047 0
-0.0106784 0.354319 0
-0.0215285 0.385139 0
-0.0393253 0.352813 0
-0.161019 0.466548 0
-0.130015 0.478129 0
-0.156616 0.51742 0
-0.183237 0.437107 0
-0.152219 0.425695 0
-0.161182 0.466104 0
-0.20411 0.407676 0
-0.183595 0.43699 0
-0.216154 0.449054 0
-0.203965 0.407505 0
-0.173263 0.39803 0
-0.183451 0.436818 0
-0.118478 0.438239 0
-0.129887 0.477863 0
-0.160891 0.466282 0
-0.0821114 0.411163 0
-0.11814 0.437801 0
-0.10742 0.402122 0
-0.0564551 0.420487 0
-0.0292109 0.421378 0
-0.0654653 0.460184 0
-0.081766 0.411299 0
-0.0566314 0.420453 0
-0.0656413 0.46015 0
-0.0726061 0.377271 0
-0.0819588 0.41096 0
-0.107267 0.401919 0
-0.0724062 0.377213 0
-0.0480275 0.384666 0
-0.0817611 0.410902 0
-0.0253895 0.462773 0
0.0141328 0.463633 0
0.0138117 0.508537 0
-0.0793078 0.527216 0
-0.106473 0.499021 0
-0.0470145 0.506395 0
-0.0653612 0.460325 0
-0.0291092 0.421518 0
-0.0257993 0.462471 0
-0.143388 0.388644 0
-0.135491 0.356107 0
-0.0975789 0.369661 0
-0.0103449 0.354123 0
0.0205898 0.325292 0
0.0182792 0.353997 0
0.0699392 0.292118 0
0.0652689 0.318606 0
0.0470678 0.296597 0
0.132577 0.353789 0
0.11677 0.332048 0
0.136662 0.323417 0
0.157857 0.380476 0
0.132782 0.354024 0
0.156671 0.345367 0
0.108417 0.362603 0
0.116674 0.33218 0
0.132483 0.35392 0
0.143092 0.428157 0
0.107245 0.397003 0
0.132507 0.38896 0
0.0685242 0.374233 0
0.0683824 0.344315 0
0.0892282 0.338953 0
0.185978 0.293775 0
0.159196 0.281667 0
0.180687 0.267815 0
0.208621 0.38606 0
0.23911 0.361615 0
0.247096 0.398848 0
0.177445 0.407153 0
0.208317 0.38629 0
0.218029 0.422122 0
0.188569 0.360814 0
0.210296 0.344029 0
0.208328 0.385874 0
0.158113 0.380705 0
0.18829 0.361008 0
0.177176 0.40693 0
0.210545 0.343834 0
0.232113 0.327008 0
0.239065 0.361234 0
0.184354 0.327818 0
0.210216 0.343834 0
0.188488 0.36062 0
0.184412 0.327653 0
0.20521 0.311463 0
0.210271 0.34367 0
0.136894 0.323311 0
0.162075 0.309335 0
0.156698 0.345027 0
0.250929 0.270939 0
0.220927 0.265437 0
0.236551 0.250356 0
0.301697 0.259916 0
0.278967 0.282092 0
0.275808 0.247246 0
0.226127 0.294756 0
0.220891 0.265587 0
0.250895 0.271087 0
0.210432 0.343667 0
0.205368 0.311461 0
0.231999 0.326841 0
0.204074 0.280403 0
0.220735 0.265617 0
0.225969 0.294788 0
0.205328 0.311143 0
0.204022 0.280556 0
0.225918 0.29494 0
0.186129 0.293771 0
0.180835 0.267811 0
0.203807 0.280406 0
0.162332 0.309178 0
0.186002 0.294066 0
0.184186 0.32748 0
0.156858 0.345042 0
0.162232 0.309349 0
0.184089 0.327651 0
0.136825 0.323142 0
0.136198 0.29446 0
0.162007 0.309164 0
0.132711 0.353833 0
0.136794 0.323461 0
0.156601 0.345176 0
0.158948 0.281543 0
0.136341 0.267792 0
0.156688 0.25644 0
0.11543 0.303588 0
0.136043 0.294441 0
0.136667 0.323123 0
0.115357 0.303436 0
0.114875 0.277735 0
0.13597 0.294288 0
0.116335 0.928185 0
0.127737 1.02077 0
0.0327493 1.01615 0
0.106454 0.843824 0
0.116268 0.92726 0
0.0334603 0.916667 0
0.106978 0.84358 0
0.189339 0.843807 0
0.116789 0.927016 0
0.0332118 0.917244 0
0.116019 0.927838 0
0.032431 1.0158 0
0.162247 0.309025 0
0.159133 0.281806 0
0.185918 0.293913 0
0.156894 0.256311 0
0.176284 0.24339 0
0.180645 0.267562 0
0.20605 0.93022 0
0.297559 0.936182 0
0.224043 1.02511 0
0.128673 1.02081 0
0.205482 0.930504 0
0.223477 1.02539 0
0.387898 0.941408 0
0.356775 0.864061 0
0.45172 0.878109 0
0.17561 0.765989 0
0.10687 0.842786 0
0.0985042 0.767584 0
0.0710056 0.445007 0
0.10607 0.43489 0
0.0896627 0.481511 0
0.0398144 0.352274 0
0.0682557 0.374412 0
0.0368621 0.384653 0
0.0686593 0.374295 0
0.0893604 0.339015 0
0.108113 0.362693 0
0.230875 0.223612 0
0.216205 0.238015 0
0.212207 0.212847 0
0.163776 0.695872 0
0.0984762 0.76685 0
0.110753 0.693462 0
0.262558 0.773043 0
0.190058 0.843033 0
0.176437 0.766008 0
0.342513 0.780395 0
0.279648 0.849895 0
0.263413 0.773114 0
0.278947 0.85063 0
0.205874 0.929327 0
0.190212 0.843838 0
0.309668 0.722144 0
0.342614 0.779966 0
0.263515 0.772685 0
0.297936 0.936516 0
0.318946 1.02986 0
0.224424 1.02544 0
0.3559 0.86395 0
0.298245 0.935376 0
0.27981 0.850717 0
0.387261 0.942156 0
0.319491 1.02958 0
0.298484 0.936236 0
0.205126 0.930177 0
0.128314 1.02049 0
0.116915 0.927897 0
0.230915 0.22347 0
0.212247 0.212704 0
0.228078 0.195576 0
0.252056 0.234896 0
0.231111 0.223581 0
0.24665 0.206993 0
0.236435 0.250247 0
0.220811 0.265328 0
0.216251 0.23828 0
0.230957 0.223736 0
0.236468 0.250108 0
0.216286 0.23814 0
0.25209 0.235198 0
0.251034 0.270837 0
0.236656 0.250255 0
0.262617 0.186514 0
0.267349 0.218649 0
0.246806 0.206815 0
0.220645 0.26548 0
0.203984 0.280265 0
0.199097 0.253767 0
0.27555 0.247125 0
0.251166 0.270826 0
0.25222 0.235188 0
0.300708 0.302762 0
0.301952 0.260073 0
0.330531 0.27357 0
0.251215 0.271194 0
0.27876 0.282338 0
0.264365 0.309504 0
0.251254 0.270984 0
0.27564 0.247282 0
0.278797 0.282129 0
0.255881 0.157419 0
0.275443 0.167265 0
0.262674 0.186177 0
0.825216 0.707575 0
0.842482 0.609748 0
0.906144 0.643469 0
0.255772 0.15745 0
0.262564 0.186211 0
0.242815 0.176871 0
0.218263 0.422095 0
0.20855 0.386263 0
0.247027 0.399051 0
0.132641 0.388658 0
0.1327 0.35417 0
0.157778 0.380621 0
0.143262 0.428103 0
0.132676 0.388906 0
0.157813 0.38087 0
0.107128 0.396784 0
0.108384 0.362935 0
0.13239 0.388741 0
0.116712 0.33188 0
0.115364 0.303714 0
0.136604 0.323248 0
0.159098 0.281542 0
0.156835 0.256441 0
0.180589 0.267689 0
0.136274 0.294321 0
0.158968 0.281807 0
0.162079 0.309026 0
0.136187 0.294184 0
0.13627 0.26792 0
0.158881 0.281668 0
0.194786 0.228835 0
0.198918 0.25352 0
0.176472 0.24325 0
0.194962 0.228681 0
0.212087 0.212863 0
0.216083 0.238033 0
0.145283 0.575225 0
0.152185 0.518144 0
0.201968 0.53615 0
0.10874 0.630211 0
0.144976 0.575921 0
0.1537 0.632258 0
0.0938828 0.577961 0
0.0915211 0.527826 0
0.144719 0.575397 0
0.120046 0.499548 0
0.151733 0.517861 0
0.0916337 0.527371 0
0.14687 0.471007 0
0.120025 0.499239 0
0.0899652 0.481813 0
0.147077 0.471127 0
0.151918 0.517672 0
0.120232 0.49936 0
0.0691719 0.407701 0
0.0369617 0.384838 0
0.0683533 0.374598 0
0.229416 0.461572 0
0.218363 0.422484 0
0.256261 0.440037 0
0.147428 0.470854 0
0.184245 0.446433 0
0.192493 0.488794 0
0.143412 0.428164 0
0.157961 0.380931 0
0.177026 0.407155 0
0.188222 0.360801 0
0.158045 0.380499 0
0.156857 0.34539 0
0.208218 0.386085 0
0.177345 0.406948 0
0.188457 0.361026 0
0.18418 0.446018 0
0.143501 0.428382 0
0.177114 0.407373 0
0.0899183 0.481597 0
0.106323 0.434977 0
0.146824 0.470791 0
0.0690588 0.407857 0
0.0342808 0.421105 0
0.0368459 0.384995 0
0.108172 0.362887 0
0.106914 0.396736 0
0.0687188 0.374488 0
0.0706967 0.444715 0
0.0343954 0.421305 0
0.0691716 0.408058 0
0.106911 0.397088 0
0.106122 0.434484 0
0.0695333 0.407942 0
0.0894638 0.481745 0
0.0464948 0.50466 0
0.0708037 0.445241 0
0.156946 0.345213 0
0.184177 0.327823 0
0.188309 0.360624 0
0.190167 0.606271 0
0.224775 0.581043 0
0.235752 0.638271 0
0.145247 0.57584 0
0.189627 0.606234 0
0.153971 0.632178 0
0.14541 0.575519 0
0.202093 0.536445 0
0.189787 0.605912 0
0.217949 0.422322 0
0.18443 0.445998 0
0.177364 0.407353 0
0.25632 0.439828 0
0.218423 0.422274 0
0.247187 0.39923 0
0.229175 0.461593 0
0.184604 0.44618 0
0.218123 0.422504 0
0.152345 0.517855 0
0.19257 0.489251 0
0.202125 0.535862 0
0.147262 0.470652 0
0.143399 0.428595 0
0.18408 0.446231 0
0.411846 0.344553 0
0.397853 0.304079 0
0.446843 0.309183 0
0.488452 0.329102 0
0.495137 0.400716 0
0.444552 0.352718 0
0.36182 0.382964 0
0.354323 0.42463 0
0.327941 0.372746 0
0.292154 0.406662 0
0.303321 0.449977 0
0.256755 0.439946 0
0.239411 0.361383 0
0.269271 0.344085 0
0.276325 0.371438 0
0.372877 0.339018 0
0.36272 0.288366 0
0.397442 0.303991 0
0.276546 0.371379 0
0.269492 0.344027 0
0.30525 0.34404 0
0.247501 0.398949 0
0.276428 0.371771 0
0.292033 0.406264 0
0.247324 0.398799 0
0.239336 0.361567 0
0.276252 0.371621 0
0.331609 0.307197 0
0.362499 0.288377 0
0.372655 0.339029 0
0.300721 0.303154 0
0.331179 0.307261 0
0.305537 0.343689 0
0.300806 0.302919 0
0.33063 0.273727 0
0.331263 0.307026 0
0.535895 0.422527 0
0.58353 0.374335 0
0.578879 0.460088 0
0.255924 0.552108 0
0.224884 0.580521 0
0.20258 0.536281 0
0.303484 0.450384 0
0.330234 0.483668 0
0.267295 0.484623 0
0.271907 0.603339 0
0.225117 0.580746 0
0.256156 0.552333 0
0.236244 0.638526 0
0.272056 0.603892 0
0.289644 0.659699 0
0.255957 0.551873 0
0.202615 0.536046 0
0.235009 0.510384 0
0.32745 0.372647 0
0.292301 0.406175 0
0.276696 0.371683 0
0.15216 0.517638 0
0.147319 0.471093 0
0.192387 0.489033 0
0.30533 0.343812 0
0.269574 0.343799 0
0.300515 0.303277 0
0.300534 0.302791 0
0.27905 0.282278 0
0.30178 0.260102 0
0.362359 0.288158 0
0.33147 0.306977 0
0.330835 0.273678 0
0.232249 0.326673 0
0.226208 0.29509 0
0.264125 0.309733 0
0.208498 0.385876 0
0.210465 0.344032 0
0.238987 0.361431 0
0.226272 0.294904 0
0.25104 0.271235 0
0.264187 0.309547 0
0.236589 0.250097 0
0.231076 0.223727 0
0.252022 0.23504 0
0.199139 0.253625 0
0.216127 0.238291 0
0.220685 0.26534 0
0.180879 0.267676 0
0.198965 0.253773 0
0.20385 0.280273 0
0.180787 0.267553 0
0.176424 0.243381 0
0.198872 0.253649 0
0.199052 0.253503 0
0.194918 0.228818 0
0.21604 0.238168 0
0.292954 0.226605 0
0.285122 0.196284 0
0.309759 0.20646 0
0.252274 0.235014 0
0.267412 0.218944 0
0.275604 0.246951 0
0.252178 0.234879 0
0.246771 0.206978 0
0.267314 0.21881 0
0.229579 0.46178 0
0.256423 0.440245 0
0.2668 0.484515 0
0.235135 0.509912 0
0.229506 0.462014 0
0.266729 0.484749 0
0.290116 0.521583 0
0.235339 0.510112 0
0.266932 0.484949 0
0.202402 0.535836 0
0.192846 0.489225 0
0.234798 0.510174 0
0.192768 0.488764 0
0.184518 0.446402 0
0.229091 0.461815 0
0.517765 0.225266 0
0.580223 0.2141 0
0.53483 0.274007 0
0.479305 0.20021 0
0.517276 0.225161 0
0.489774 0.256448 0
0.479361 0.199644 0
0.493565 0.135248 0
0.529746 0.176831 0
0.279307 0.850937 0
0.297744 0.935597 0
0.206236 0.929636 0
0.842777 0.609181 0
0.912866 0.538983 0
0.906438 0.642906 0
0.767714 0.623426 0
0.699883 0.750819 0
0.697237 0.636887 0
0.837125 0.495119 0
0.919076 0.433039 0
0.912889 0.537898 0
0.767969 0.623889 0
0.773722 0.77437 0
0.700141 0.751279 0
0.638872 0.31496 0
0.584591 0.293608 0
0.635782 0.231349 0
0.312674 0.152417 0
0.338949 0.160588 0
0.324634 0.183328 0
0.275669 0.167193 0
0.288672 0.14456 0
0.297485 0.177469 0
0.322487 0.124786 0
0.338942 0.160392 0
0.312667 0.15222 0
0.842544 0.60869 0
0.836867 0.49571 0
0.912632 0.538485 0
0.288681 0.144194 0
0.277274 0.115351 0
0.298496 0.119986 0
0.298485 0.119815 0
0.277262 0.11518 0
0.285335 0.0932303 0
0.315008 0.0727409 0
0.340432 0.0748704 0
0.330286 0.103303 0
0.291839 0.070415 0
0.314766 0.072709 0
0.306651 0.0980489 0
0.291804 0.0702451 0
0.296354 0.0472846 0
0.314732 0.072538 0
0.293074 0.226892 0
0.328883 0.228627 0
0.301922 0.259669 0
0.293101 0.226713 0
0.309906 0.206567 0
0.328908 0.228449 0
0.267547 0.218917 0
0.292781 0.226816 0
0.275741 0.246923 0
0.267578 0.218747 0
0.284981 0.196324 0
0.292812 0.226647 0
0.262744 0.18648 0
0.28488 0.19619 0
0.267478 0.218612 0
0.242785 0.177037 0
0.262534 0.186375 0
0.246725 0.206675 0
0.275541 0.167394 0
0.284906 0.196019 0
0.262771 0.186307 0
0.324787 0.183445 0
0.339103 0.160704 0
0.358446 0.187049 0
0.297719 0.17773 0
0.324486 0.183566 0
0.309907 0.206253 0
0.297728 0.177549 0
0.312537 0.152473 0
0.324495 0.183386 0
0.275657 0.167366 0
0.297473 0.177641 0
0.285024 0.195989 0
0.288798 0.144319 0
0.298615 0.120109 0
0.31242 0.152151 0
0.297609 0.177418 0
0.288795 0.144511 0
0.312416 0.152343 0
0.275569 0.167056 0
0.267401 0.136818 0
0.28857 0.144425 0
0.267292 0.13686 0
0.275459 0.1671 0
0.255896 0.157253 0
0.267406 0.136645 0
0.27717 0.115406 0
0.288576 0.144251 0
0.324754 0.183672 0
0.358414 0.187276 0
0.329179 0.22824 0
0.285137 0.19612 0
0.297588 0.177772 0
0.309774 0.206296 0
0.322607 0.12471 0
0.348785 0.12936 0
0.339064 0.160314 0
0.836341 0.494766 0
0.760432 0.464753 0
0.837134 0.400024 0
0.319432 0.0500702 0
0.340396 0.0746913 0
0.314971 0.0725626 0
0.296447 0.0472171 0
0.319284 0.0499789 0
0.314825 0.0724692 0
0.32236 0.0232712 0
0.347638 0.0225841 0
0.344894 0.0525592 0
0.697689 0.249511 0
0.700673 0.181238 0
0.768681 0.191394 0
0.699175 0.339884 0
0.692822 0.433922 0
0.632335 0.406872 0
0.840804 0.296565 0
0.763108 0.370438 0
0.765944 0.271976 0
0.759705 0.464457 0
0.693461 0.434219 0
0.762592 0.371542 0
0.636362 0.230753 0
0.700231 0.181372 0
0.697243 0.249642 0
0.639251 0.314815 0
0.636157 0.231201 0
0.697039 0.250091 0
0.534292 0.350171 0
0.584067 0.294202 0
0.583542 0.373538 0
0.535051 0.274235 0
0.580446 0.214329 0
0.584058 0.293415 0
0.765998 0.0861547 0
0.768912 0.190845 0
0.700905 0.180691 0
0.93267 0.000336496 0
0.845092 0.0956265 0
0.845955 0.00378306 0
0.845009 0.202814 0
0.769657 0.190956 0
0.844544 0.0969279 0
0.924686 0.325088 0
0.841891 0.296233 0
0.92908 0.218291 0
0.76598 0.271068 0
0.769392 0.191539 0
0.844744 0.203399 0
0.638789 0.17224 0
0.700033 0.181111 0
0.636167 0.230494 0
0.638761 0.171419 0
0.631915 0.0799573 0
0.694368 0.0856537 0
0.322092 -0.0230205 0
0.322993 -7.72141e-05 0
0.300152 -7.60814e-05 0
0.322112 0.0232664 0
0.319318 0.0497343 0
0.299221 0.0237215 0
0.300072 0.000154815 0
0.322048 0.0230989 0
0.299156 0.0235561 0
0.34071 0.0748827 0
0.369107 0.0769278 0
0.359197 0.102908 0
0.306778 0.0981607 0
0.314896 0.0728184 0
0.330172 0.103381 0
0.345144 0.052779 0
0.375901 0.0345143 0
0.369179 0.0766245 0
0.319532 0.0500044 0
0.34486 0.0528239 0
0.340496 0.0746245 0
0.347818 0.0226209 0
0.375828 0.0343329 0
0.345073 0.052598 0
0.415242 0.0698174 0
0.391221 0.0946172 0
0.38811 0.0584779 0
0.482585 0.0486447 0
0.477178 0.0830037 0
0.441062 0.062283 0
0.466092 0.163083 0
0.478962 0.199776 0
0.438528 0.188785 0
0.453578 0.127927 0
0.466007 0.162842 0
0.438445 0.188545 0
0.45376 0.127747 0
0.493266 0.13496 0
0.466191 0.162662 0
0.575156 0.0748014 0
0.541974 0.128181 0
0.510712 0.0952324 0
0.410883 0.139488 0
0.392259 0.195252 0
0.385304 0.164086 0
0.41106 0.139571 0
0.438055 0.188692 0
0.392435 0.195335 0
0.391174 0.0951012 0
0.410855 0.139052 0
0.378462 0.134008 0
0.453394 0.127848 0
0.438261 0.188466 0
0.411263 0.139344 0
0.440864 0.0624618 0
0.476978 0.083183 0
0.423329 0.101932 0
0.493353 0.135202 0
0.479148 0.199597 0
0.466276 0.162903 0
0.478905 0.200036 0
0.449127 0.240415 0
0.438471 0.189045 0
0.306574 0.0982836 0
0.298584 0.119757 0
0.285433 0.0931746 0
0.29174 0.0704822 0
0.306552 0.0981178 0
0.28541 0.0930093 0
0.330197 0.103555 0
0.322438 0.124416 0
0.306804 0.0983338 0
0.306699 0.0983878 0
0.322332 0.124471 0
0.298707 0.119863 0
0.296393 0.0470544 0
0.299135 0.0238009 0
0.319232 0.0498146 0
0.359094 0.103179 0
0.348878 0.129098 0
0.330461 0.103587 0
0.340581 0.0749712 0
0.359066 0.102997 0
0.330433 0.103405 0
0.369275 0.0769942 0
0.39097 0.0947904 0
0.359365 0.102976 0
0.378148 0.134003 0
0.349038 0.1292 0
0.359255 0.103281 0
0.422942 0.102227 0
0.411005 0.138945 0
0.391322 0.0949946 0
0.384952 0.16413 0
0.358649 0.186984 0
0.339304 0.16064 0
0.410835 0.139284 0
0.385258 0.163881 0
0.378442 0.134239 0
0.392082 0.195412 0
0.358826 0.187101 0
0.385129 0.164245 0
0.378081 0.134195 0
0.33925 0.160347 0
0.348971 0.129392 0
0.324592 0.183735 0
0.329015 0.228304 0
0.310011 0.206423 0
0.765485 0.271222 0
0.697905 0.249812 0
0.7689 0.191697 0
0.918823 0.432571 0
0.836874 0.494659 0
0.837665 0.399913 0
0.836888 0.399608 0
0.760187 0.464342 0
0.763072 0.371424 0
0.841044 0.296994 0
0.837159 0.399047 0
0.763345 0.370862 0
0.92464 0.326152 0
0.919118 0.432008 0
0.837961 0.399347 0
0.583092 0.164265 0
0.638212 0.172128 0
0.580787 0.213555 0
0.76673 0.0852458 0
0.8454 0.00406971 0
0.844531 0.0959066 0
0.453341 0.127559 0
0.411213 0.139055 0
0.42315 0.102336 0
0.34852 7.50854e-05 0
0.347653 0.02233 0
0.32324 7.41623e-05 0
0.375993 -0.0214964 0
0.348697 -0.000146137 0
0.347832 -0.022403 0
0.376173 0.00651756 0
0.375933 0.0341774 0
0.347922 0.0224668 0
0.376088 -0.0214 0
0.376176 0.00625568 0
0.348792 -5.0125e-05 0
0.376286 -0.0214689 0
0.407668 -0.0203577 0
0.376374 0.00618818 0
0.766474 0.084904 0
0.767212 -0.00621473 0
0.845138 0.00372659 0
0.769397 0.190565 0
0.766476 0.0858701 0
0.844277 0.0965342 0
0.69501 0.085099 0
0.697056 0.000566706 0
0.765733 0.0851954 0
0.765977 0.0848893 0
0.697294 0.000260185 0
0.766716 -0.00622601 0
0.638987 0.171756 0
0.6946 0.085992 0
0.700231 0.180626 0
0.631996 0.0795203 0
0.663538 0.0412371 0
0.694449 0.0852158 0
0.634455 -0.000252233 0
0.695663 -0.0756558 0
0.696616 -0.000255763 0
0.319232 -0.0498153 0
0.299135 -0.0238009 0
0.296393 -0.0470546 0
0.344798 -0.0526521 0
0.32223 -0.0233631 0
0.319471 -0.0498335 0
0.373369 -0.0555021 0
0.376076 -0.0216827 0
0.347915 -0.0225881 0
0.390992 -0.094669 0
0.373467 -0.0559655 0
0.362543 -0.0880011 0
0.391136 -0.0945715 0
0.40506 -0.0589803 0
0.373609 -0.0558681 0
0.347565 0.0224075 0
0.322286 0.0230962 0
0.323152 0.00015141 0
0.322993 7.72765e-05 0
0.322128 0.0230198 0
0.300152 7.60757e-05 0
0.347567 -0.0224076 0
0.323152 -0.000151347 0
0.322251 -0.0230969 0
0.347655 -0.0223301 0
0.34852 -7.47851e-05 0
0.32324 -7.40951e-05 0
CELLS 3884 15536
3 0 1 2
3 3 4 5
3 6 7 8
3 9 10 11
3 12 13 14
3 15 16 17
3 18 19 20
3 21 22 23
3 24 25 26
3 27 28 29
3 30 31 32
3 33 34 35
3 36 37 38
3 39 40 41
3 42 43 44
3 45 46 47
3 48 49 50
3 51 52 53
3 54 55 56
3 57 58 59
3 60 61 62
3 63 64 65
3 66 67 68
3 69 70 71
3 72 73 74
3 75 76 77
3 78 79 80
3 81 82 83
3 84 85 86
3 87 88 89
3 90 91 92
3 93 94 95
3 96 97 98
3 99 100 101
3 102 103 104
3 105 106 107
3 108 109 110
3 111 112 113
3 114 115 116
3 117 118 119
3 120 121 122
3 123 124 125
3 126 127 128
3 129 130 131
3 132 133 134
3 135 136 137
3 138 139 140
3 141 142 143
3 144 145 146
3 147 148 149
3 150 151 152
3 153 154 155
3 156 157 158
3 159 160 161
3 162 163 164
3 165 166 167
3 168 169 170
3 171 172 173
3 174 175 176
3 177 178 179
3 180 181 182
3 183 184 185
3 186 187 188
3 189 190 191
3 192 193 194
3 195 196 197
3 198 199 200
3 201 202 203
3 204 205 206
3 207 208 209
3 210 211 212
3 213 214 215
3 216 217 218
3 219 220 221
3 222 223 224
3 225 226 227
3 228 229 230
3 231 232 233
3 234 235 236
3 237 238 239
3 240 241 242
3 243 244 245
3 246 247 248
3 249 250 251
3 252 253 254
3 255 256 257
3 258 259 260
3 261 262 263
3 264 265 266
3 267 268 269
3 270 271 272
3 273 274 275
3 276 277 278
3 279 280 281
3 282 283 284
3 285 286 287
3 288 289 290
3 291 292 293
3 294 295 296
3 297 298 299
3 300 301 302
3 303 304 305
3 306 307 308
3 309 310 311
3 312 313 314
3 315 316 317
3 318 319 320
3 321 322 323
3 324 325 326
3 327 328 329
3 330 331 332
3 333 334 335
3 336 337 338
3 339 340 341
3 342 343 344
3 345 346 347
3 348 349 350
3 351 352 353
3 354 355 356
3 357 358 359
3 360 361 362
3 363 364 365
3 366 367 368
3 369 370 371
3 372 373 374
3 375 376 377
3 378 379 380
3 381 382 383
3 384 385 386
3 387 388 389
3 390 391 392
3 393 394 395
3 396 397 398
3 399 400 401
3 402 403 404
3 405 406 407
3 408 409 410
3 411 412 413
3 414 415 416
3 417 418 419
3 420 421 422
3 423 424 425
3 426 427 428
3 429 430 431
3 432 433 434
3 435 436 437
3 438 439 440
3 441 442 443
3 444 445 446
3 447 448 449
3 450 451 452
3 453 454 455
3 456 457 458
3 459 460 461
3 462 463 464
3 465 466 467
3 468 469 470
3 471 472 473
3 474 475 476
3 477 478 479
3 480 481 482
3 483 484 485
3 486 487 488
3 489 490 491
3 492 493 494
3 495 496 497
3 498 499 500
3 501 502 503
3 504 505 506
3 507 508 509
3 510 511 512
3 513 514 515
3 516 517 518
3 519 520 521
3 522 523 524
3 525 526 527
3 528 529 530
3 531 532 533
3 534 535 536
3 537 538 539
3 540 541 542
3 543 544 545
3 546 547 548
3 549 550 551
3 552 553 554
3 555 556 557
3 558 559 560
3 561 562 563
3 564 565 566
3 567 568 569
3 570 571 572
3 573 574 575
3 576 577 578
3 579 580 581
3 582 583 584
3 585 586 587
3 588 589 590
3 591 592 593
3 594 595 596
3 597 598 599
3 600 601 602
3 603 604 605
3 606 607 608
3 609 610 611
3 612 613 614
3 615 616 617
3 618 619 620
3 621 622 623
3 624 625 626
3 627 628 629
3 630 631 632
3 633 634 635
3 636 637 638
3 639 640 641
3 642 643 644
3 645 646 647
3 648 649 650
3 651 652 653
3 654 655 656
3 657 658 659
3 660 661 662
3 663 664 665
3 666 667 668
3 669 670 671
3 672 673 674
3 675 676 677
3 678 679 680
3 681 682 683
3 684 685 686
3 687 688 689
3 690 691 692
3 693 694 695
3 696 697 698
3 699 700 701
3 702 703 704
3 705 706 707
3 708 709 710
3 711 712 713
3 714 715 716
3 717 718 719
3 720 721 722
3 723 724 725
3 726 727 728
3 729 730 731
3 732 733 734
3 735 736 737
3 738 739 740
3 741 742 743
3 744 745 746
3 747 748 749
3 750 751 752
3 753 754 755
3 756 757 758
3 759 760 761
3 762 763 764
3 765 766 767
3 768 769 770
3 771 772 773
3 774 775 776
3 777 778 779
3 780 781 782
3 783 784 785
3 786 787 788
3 789 790 791
3 792 793 794
3 795 796 797
3 798 799 800
3 801 802 803
3 804 805 806
3 807 808 809
3 810 811 812
3 813 814 815
3 816 817 818
3 819 820 821
3 822 823 824
3 825 826 827
3 828 829 830
3 831 832 833
3 834 835 836
3 837 838 839
3 840 841 842
3 843 844 845
3 846 847 848
3 849 850 851
3 852 853 854
3 855 856 857
3 858 859 860
3 861 862 863
3 864 865 866
3 867 868 869
3 870 871 872
3 873 874 875
3 876 877 878
3 879 880 881
3 882 883 884
3 885 886 887
3 888 889 890
3 891 892 893
3 894 895 896
3 897 898 899
3 900 901 902
3 903 904 905
3 906 907 908
3 909 910 911
3 912 913 914
3 915 916 917
3 918 919 920
3 921 922 923
3 924 925 926
3 927 928 929
3 930 931 932
3 933 934 935
3 936 937 938
3 939 940 941
3 942 943 944
3 945 946 947
3 948 949 950
3 951 952 953
3 954 955 956
3 957 958 959
3 960 961 962
3 963 964 965
3 966 967 968
3 969 970 971
3 972 973 974
3 975 976 977
3 978 979 980
3 981 982 983
3 984 985 986
3 987 988 989
3 990 991 992
3 993 994 995
3 996 997 998
3 999 1000 1001
3 1002 1003 1004
3 1005 1006 1007
3 1008 1009 1010
3 1011 1012 1013
3 1014 1015 1016
3 1017 1018 1019
3 1020 1021 1022
3 1023 1024 1025
3 1026 1027 1028
3 1029 1030 1031
3 1032 1033 1034
3 1035 1036 1037
3 1038 1039 1040
3 1041 1042 1043
3 1044 1045 1046
3 1047 1048 1049
3 1050 1051 1052
3 1053 1054 1055
3 1056 1057 1058
3 1059 1060 1061
3 1062 1063 1064
3 1065 1066 1067
3 1068 1069 1070
3 1071 1072 1073
3 1074 1075 1076
3 1077 1078 1079
3 1080 1081 1082
3 1083 1084 1085
3 1086 1087 1088
3 1089 1090 1091
3 1092 1093 1094
3 1095 1096 1097
3 1098 1099 1100
3 1101 1102 1103
3 1104 1105 1106
3 1107 1108 1109
3 1110 1111 1112
3 1113 1114 1115
3 1116 1117 1118
3 1119 1120 1121
3 1122 1123 1124
3 1125 1126 1127
3 1128 1129 1130
3 1131 1132 1133
3 1134 1135 1136
3 1137 1138 1139
3 1140 1141 1142
3 1143 1144 1145
3 1146 1147 1148
3 1149 1150 1151
3 1152 1153 1154
3 1155 1156 1157
3 1158 1159 1160
3 1161 1162 1163
3 1164 1165 1166
3 1167 1168 1169
3 1170 1171 1172
3 1173 1174 1175
3 1176 1177 1178
3 1179 1180 1181
3 1182 1183 1184
3 1185 1186 1187
3 1188 1189 1190
3 1191 1192 1193
3 1194 1195 1196
3 1197 1198 1199
3 1200 1201 1202
3 1203 1204 1205
3 1206 1207 1208
3 1209 1210 1211
3 1212 1213 1214
3 1215 1216 1217
3 1218 1219 1220
3 1221 1222 1223
3 1224 1225 1226
3 1227 1228 1229
3 1230 1231 1232
3 1233 1234 1235
3 1236 1237 1238
3 1239 1240 1241
3 1242 1243 1244
3 1245 1246 1247
3 1248 1249 1250
3 1251 1252 1253
3 1254 1255 1256
3 1257 1258 1259
3 1260 1261 1262
3 1263 1264 1265
3 1266 1267 1268
3 1269 1270 1271
3 1272 1273 1274
3 1275 1276 1277
3 1278 1279 1280
3 1281 1282 1283
3 1284 1285 1286
3 1287 1288 1289
3 1290 1291 1292
3 1293 1294 1295
3 1296 1297 1298
3 1299 1300 1301
3 1302 1303 1304
3 1305 1306 1307
3 1308 1309 1310
3 1311 1312 1313
3 1314 1315 1316
3 1317 1318 1319
3 1320 1321 1322
3 1323 1324 1325
3 1326 1327 1328
3 1329 1330 1331
3 1332 1333 1334
3 1335 1336 1337
3 1338 1339 1340
3 1341 1342 1343
3 1344 1345 1346
3 1347 1348 1349
3 1350 1351 1352
3 1353 1354 1355
3 1356 1357 1358
3 1359 1360 1361
3 1362 1363 1364
3 1365 1366 1367
3 1368 1369 1370
3 1371 1372 1373
3 1374 1375 1376
3 1377 1378 1379
3 1380 1381 1382
3 1383 1384 1385
3 1386 1387 1388
3 1389 1390 1391
3 1392 1393 1394
3 1395 1396 1397
3 1398 1399 1400
3 1401 1402 1403
3 1404 1405 1406
3 1407 1408 1409
3 1410 1411 1412
3 1413 1414 1415
3 1416 1417 1418
3 1419 1420 1421
3 1422 1423 1424
3 1425 1426 1427
3 1428 1429 1430
3 1431 1432 1433
3 1434 1435 1436
3 1437 1438 1439
3 1440 1441 1442
3 1443 1444 1445
3 1446 1447 1448
3 1449 1450 1451
3 1452 1453 1454
3 1455 1456 1457
3 1458 1459 1460
3 1461 1462 1463
3 1464 1465 1466
3 1467 1468 1469
3 1470 1471 1472
3 1473 1474 1475
3 1476 1477 1478
3 1479 1480 1481
3 1482 1483 1484
3 1485 1486 1487
3 1488 1489 1490
3 1491 1492 1493
3 1494 1495 1496
3 1497 1498 1499
3 1500 1501 1502
3 1503 1504 1505
3 1506 1507 1508
3 1509 1510 1511
3 1512 1513 1514
3 1515 1516 1517
3 1518 1519 1520
3 1521 1522 1523
3 1524 1525 1526
3 1527 1528 1529
3 1530 1531 1532
3 1533 1534 1535
3 1536 1537 1538
3 1539 1540 1541
3 1542 1543 1544
3 1545 1546 1547
3 1548 1549 1550
3 1551 1552 1553
3 1554 1555 1556
3 1557 1558 1559
3 1560 1561 1562
3 1563 1564 1565
3 1566 1567 1568
3 1569 1570 1571
3 1572 1573 1574
3 1575 1576 1577
3 1578 1579 1580
3 1581 1582 1583
3 1584 1585 1586
3 1587 1588 1589
3 1590 1591 1592
3 1593 1594 1595
3 1596 1597 1598
3 1599 1600 1601
3 1602 1603 1604
3 1605 1606 1607
3 1608 1609 1610
3 1611 1612 1613
3 1614 1615 1616
3 1617 1618 1619
3 1620 1621 1622
3 1623 1624 1625
3 1626 1627 1628
3 1629 1630 1631
3 1632 1633 1634
3 1635 1636 1637
3 1638 1639 1640
3 1641 1642 1643
3 1644 1645 1646
3 1647 1648 1649
3 1650 1651 1652
3 1653 1654 1655
3 1656 1657 1658
3 1659 1660 1661
3 1662 1663 1664
3 1665 1666 1667
3 1668 1669 1670
3 1671 1672 1673
3 1674 1675 1676
3 1677 1678 1679
3 1680 1681 1682
3 1683 1684 1685
3 1686 1687 1688
3 1689 1690 1691
3 1692 1693 1694
3 1695 1696 1697
3 1698 1699 1700
3 1701 1702 1703
3 1704 1705 1706
3 1707 1708 1709
3 1710 1711 1712
3 1713 1714 1715
3 1716 1717 1718
3 1719 1720 1721
3 1722 1723 1724
3 1725 1726 1727
3 1728 1729 1730
3 1731 1732 1733
3 1734 1735 1736
3 1737 1738 1739
3 1740 1741 1742
3 1743 1744 1745
3 1746 1747 1748
3 1749 1750 1751
3 1752 1753 1754
3 1755 1756 1757
3 1758 1759 1760
3 1761 1762 1763
3 1764 1765 1766
3 1767 1768 1769
3 1770 1771 1772
3 1773 1774 1775
3 1776 1777 1778
3 1779 1780 1781
3 1782 1783 1784
3 1785 1786 1787
3 1788 1789 1790
3 1791 1792 1793
3 1794 1795 1796
3 1797 1798 1799
3 1800 1801 1802
3 1803 1804 1805
3 1806 1807 1808
3 1809 1810 1811
3 1812 1813 1814
3 1815 1816 1817
3 1818 1819 1820
3 1821 1822 1823
3 1824 1825 1826
3 1827 1828 1829
3 1830 1831 1832
3 1833 1834 1835
3 1836 1837 1838
3 1839 1840 1841
3 1842 1843 1844
3 1845 1846 1847
3 1848 1849 1850
3 1851 1852 1853
3 1854 1855 1856
3 1857 1858 1859
3 1860 1861 1862
3 1863 1864 1865
3 1866 1867 1868
3 1869 1870 1871
3 1872 1873 1874
3 1875 1876 1877
3 1878 1879 1880
3 1881 1882 1883
3 1884 1885 1886
3 1887 1888 1889
3 1890 1891 1892
3 1893 1894 1895
3 1896 1897 1898
3 1899 1900 1901
3 1902 1903 1904
3 1905 1906 1907
3 1908 1909 1910
3 1911 1912 1913
3 1914 1915 1916
3 1917 1918 1919
3 1920 1921 1922
3 1923 1924 1925
3 1926 1927 1928
3 1929 1930 1931
3 1932 1933 1934
3 1935 1936 1937
3 1938 1939 1940
3 1941 1942 1943
3 1944 1945 1946
3 1947 1948 1949
3 1950 1951 1952
3 1953 1954 1955
3 1956 1957 1958
3 1959 1960 1961
3 1962 1963 1964
3 1965 1966 1967
3 1968 1969 1970
3 1971 1972 1973
3 1974 1975 1976
3 1977 1978 1979
3 1980 1981 1982
3 1983 1984 1985
3 1986 1987 1988
3 1989 1990 1991
3 1992 1993 1994
3 1995 1996 1997
3 1998 1999 2000
3 2001 2002 2003
3 2004 2005 2006
3 2007 2008 2009
3 2010 2011 2012
3 2013 2014 2015
3 2016 2017 2018
3 2019 2020 2021
3 2022 2023 2024
3 2025 2026 2027
3 2028 2029 2030
3 2031 2032 2033
3 2034 2035 2036
3 2037 2038 2039
3 2040 2041 2042
3 2043 2044 2045
3 2046 2047 2048
3 2049 2050 2051
3 2052 2053 2054
3 2055 2056 2057
3 2058 2059 2060
3 2061 2062 2063
3 2064 2065 2066
3 2067 2068 2069
3 2070 2071 2072
3 2073 2074 2075
3 2076 2077 2078
3 2079 2080 2081
3 2082 2083 2084
3 2085 2086 2087
3 2088 2089 2090
3 2091 2092 2093
3 2094 2095 2096
3 2097 2098 2099
3 2100 2101 2102
3 2103 2104 2105
3 2106 2107 2108
3 2109 2110 2111
3 2112 2113 2114
3 2115 2116 2117
3 2118 2119 2120
3 2121 2122 2123
3 2124 2125 2126
3 2127 2128 2129
3 2130 2131 2132
3 2133 2134 2135
3 2136 2137 2138
3 2139 2140 2141
3 2142 2143 2144
3 2145 2146 2147
3 2148 2149 2150
3 2151 2152 2153
3 2154 2155 2156
3 2157 2158 2159
3 2160 2161 2162
3 2163 2164 2165
3 2166 2167 2168
3 2169 2170 2171
3 2172 2173 2174
3 2175 2176 2177
3 2178 2179 2180
3 2181 2182 2183
3 2184 2185 2186
3 2187 2188 2189
3 2190 2191 2192
3 2193 2194 2195
3 2196 2197 2198
3 2199 2200 2201
3 2202 2203 2204
3 2205 2206 2207
3 2208 2209 2210
3 2211 2212 2213
3 2214 2215 2216
3 2217 2218 2219
3 2220 2221 2222
3 2223 2224 2225
3 2226 2227 2228
3 2229 2230 2231
3 2232 2233 2234
3 2235 2236 2237
3 2238 2239 2240
3 2241 2242 2243
3 2244 2245 2246
3 2247 2248 2249
3 2250 2251 2252
3 2253 2254 2255
3 2256 2257 2258
3 2259 2260 2261
3 2262 2263 2264
3 2265 2266 2267
3 2268 2269 2270
3 2271 2272 2273
3 2274 2275 2276
3 2277 2278 2279
3 2280 2281 2282
3 2283 2284 2285
3 2286 2287 2288
3 2289 2290 2291
3 2292 2293 2294
3 2295 2296 2297
3 2298 2299 2300
3 2301 2302 2303
3 2304 2305 2306
3 2307 2308 2309
3 2310 2311 2312
3 2313 2314 2315
3 2316 2317 2318
3 2319 2320 2321
3 2322 2323 2324
3 2325 2326 2327
3 2328 2329 2330
3 2331 2332 2333
3 2334 2335 2336
3 2337 2338 2339
3 2340 2341 2342
3 2343 2344 2345
3 2346 2347 2348
3 2349 2350 2351
3 2352 2353 2354
3 2355 2356 2357
3 2358 2359 2360
3 2361 2362 2363
3 2364 2365 2366
3 2367 2368 2369
3 2370 2371 2372
3 2373 2374 2375
3 2376 2377 2378
3 2379 2380 2381
3 2382 2383 2384
3 2385 2386 2387
3 2388 2389 2390
3 2391 2392 2393
3 2394 2395 2396
3 2397 2398 2399
3 2400 2401 2402
3 2403 2404 2405
3 2406 2407 2408
3 2409 2410 2411
3 2412 2413 2414
3 2415 2416 2417
3 2418 2419 2420
3 2421 2422 2423
3 2424 2425 2426
3 2427 2428 2429
3 2430 2431 2432
3 2433 2434 2435
3 2436 2437 2438
3 2439 2440 2441
3 2442 2443 2444
3 2445 2446 2447
3 2448 2449 2450
3 2451 2452 2453
3 2454 2455 2456
3 2457 2458 2459
3 2460 2461 2462
3 2463 2464 2465
3 2466 2467 2468
3 2469 2470 2471
3 2472 2473 2474
3 2475 2476 2477
3 2478 2479 2480
3 2481 2482 2483
3 2484 2485 2486
3 2487 2488 2489
3 2490 2491 2492
3 2493 2494 2495
3 2496 2497 2498
3 2499 2500 2501
3 2502 2503 2504
3 2505 2506 2507
3 2508 2509 2510
3 2511 2512 2513
3 2514 2515 2516
3 2517 2518 2519
3 2520 2521 2522
3 2523 2524 2525
3 2526 2527 2528
3 2529 2530 2531
3 2532 2533 2534
3 2535 2536 2537
3 2538 2539 2540
3 2541 2542 2543
3 2544 2545 2546
3 2547 2548 2549
3 2550 2551 2552
3 2553 2554 2555
3 2556 2557 2558
3 2559 2560 2561
3 2562 2563 2564
3 2565 2566 2567
3 2568 2569 2570
3 2571 2572 2573
3 2574 2575 2576
3 2577 2578 2579
3 2580 2581 2582
3 2583 2584 2585
3 2586 2587 2588
3 2589 2590 2591
3 2592 2593 2594
3 2595 2596 2597
3 2598 2599 2600
3 2601 2602 2603
3 2604 2605 2606
3 2607 2608 2609
3 2610 2611 2612
3 2613 2614 2615
3 2616 2617 2618
3 2619 2620 2621
3 2622 2623 2624
3 2625 2626 2627
3 2628 2629 2630
3 2631 2632 2633
3 2634 2635 2636
3 2637 2638 2639
3 2640 2641 2642
3 2643 2644 2645
3 2646 2647 2648
3 2649 2650 2651
3 2652 2653 2654
3 2655 2656 2657
3 2658 2659 2660
3 2661 2662 2663
3 2664 2665 2666
3 2667 2668 2669
3 2670 2671 2672
3 2673 2674 2675
3 2676 2677 2678
3 2679 2680 2681
3 2682 2683 2684
3 2685 2686 2687
3 2688 2689 2690
3 2691 2692 2693
3 2694 2695 2696
3 2697 2698 2699
3 2700 2701 2702
3 2703 2704 2705
3 2706 2707 2708
3 2709 2710 2711
3 2712 2713 2714
3 2715 2716 2717
3 2718 2719 2720
3 2721 2722 2723
3 2724 2725 2726
3 2727 2728 2729
3 2730 2731 2732
3 2733 2734 2735
3 2736 2737 2738
3 2739 2740 2741
3 2742 2743 2744
3 2745 2746 2747
3 2748 2749 2750
3 2751 2752 2753
3 2754 2755 2756
3 2757 2758 2759
3 2760 2761 2762
3 2763 2764 2765
3 2766 2767 2768
3 2769 2770 2771
3 2772 2773 2774
3 2775 2776 2777
3 2778 2779 2780
3 2781 2782 2783
3 2784 2785 2786
3 2787 2788 2789
3 2790 2791 2792
3 2793 2794 2795
3 2796 2797 2798
3 2799 2800 2801
3 2802 2803 2804
3 2805 2806 2807
3 2808 2809 2810
3 2811 2812 2813
3 2814 2815 2816
3 2817 2818 2819
3 2820 2821 2822
3 2823 2824 2825
3 2826 2827 2828
3 2829 2830 2831
3 2832 2833 2834
3 2835 2836 2837
3 2838 2839 2840
3 2841 2842 2843
3 2844 2845 2846
3 2847 2848 2849
3 2850 2851 2852
3 2853 2854 2855
3 2856 2857 2858
3 2859 2860 2861
3 2862 2863 2864
3 2865 2866 2867
3 2868 2869 2870
3 2871 2872 2873
3 2874 2875 2876
3 2877 2878 2879
3 2880 2881 2882
3 2883 2884 2885
3 2886 2887 2888
3 2889 2890 2891
3 2892 2893 2894
3 2895 2896 2897
3 2898 2899 2900
3 2901 2902 2903
3 2904 2905 2906
3 2907 2908 2909
3 2910 2911 2912
3 2913 2914 2915
3 2916 2917 2918
3 2919 2920 2921
3 2922 2923 2924
3 2925 2926 2927
3 2928 2929 2930
3 2931 2932 2933
3 2934 2935 2936
3 2937 2938 2939
3 2940 2941 2942
3 2943 2944 2945
3 2946 2947 2948
3 2949 2950 2951
3 2952 2953 2954
3 2955 2956 2957
3 2958 2959 2960
3 2961 2962 2963
3 2964 2965 2966
3 2967 2968 2969
3 2970 2971 2972
3 2973 2974 2975
3 2976 2977 2978
3 2979 2980 2981
3 2982 2983 2984
3 2985 2986 2987
3 2988 2989 2990
3 2991 2992 2993
3 2994 2995 2996
3 2997 2998 2999
3 3000 3001 3002
3 3003 3004 3005
3 3006 3007 3008
3 3009 3010 3011
3 3012 3013 3014
3 3015 3016 3017
3 3018 3019 3020
3 3021 3022 3023
3 3024 3025 3026
3 3027 3028 3029
3 3030 3031 3032
3 3033 3034 3035
3 3036 3037 3038
3 3039 3040 3041
3 3042 3043 3044
3 3045 3046 3047
3 3048 3049 3050
3 3051 3052 3053
3 3054 3055 3056
3 3057 3058 3059
3 3060 3061 3062
3 3063 3064 3065
3 3066 3067 3068
3 3069 3070 3071
3 3072 3073 3074
3 3075 3076 3077
3 3078 3079 3080
3 3081 3082 3083
3 3084 3085 3086
3 3087 3088 3089
3 3090 3091 3092
3 3093 3094 3095
3 3096 3097 3098
3 3099 3100 3101
3 3102 3103 3104
3 3105 3106 3107
3 3108 3109 3110
3 3111 3112 3113
3 3114 3115 3116
3 3117 3118 3119
3 3120 3121 3122
3 3123 3124 3125
3 3126 3127 3128
3 3129 3130 3131
3 3132 3133 3134
3 3135 3136 3137
3 3138 3139 3140
3 3141 3142 3143
3 3144 3145 3146
3 3147 3148 3149
3 3150 3151 3152
3 3153 3154 3155
3 3156 3157 3158
3 3159 3160 3161
3 3162 3163 3164
3 3165 3166 3167
3 3168 3169 3170
3 3171 3172 3173
3 3174 3175 3176
3 3177 3178 3179
3 3180 3181 3182
3 3183 3184 3185
3 3186 3187 3188
3 3189 3190 3191
3 3192 3193 3194
3 3195 3196 3197
3 3198 3199 3200
3 3201 3202 3203
3 3204 3205 3206
3 3207 3208 3209
3 3210 3211 3212
3 3213 3214 3215
3 3216 3217 3218
3 3219 3220 3221
3 3222 3223 3224
3 3225 3226 3227
3 3228 3229 3230
3 3231 3232 3233
3 3234 3235 3236
3 3237 3238 3239
3 3240 3241 3242
3 3243 3244 3245
3 3246 3247 3248
3 3249 3250 3251
3 3252 3253 3254
3 3255 3256 3257
3 3258 3259 3260
3 3261 3262 3263
3 3264 3265 3266
3 3267 3268 3269
3 3270 3271 3272
3 3273 3274 3275
3 3276 3277 3278
3 3279 3280 3281
3 3282 3283 3284
3 3285 3286 3287
3 3288 3289 3290
3 3291 3292 3293
3 3294 3295 3296
3 3297 3298 3299
3 3300 3301 3302
3 3303 3304 3305
3 3306 3307 3308
3 3309 3310 3311
3 3312 3313 3314
3 3315 3316 3317
3 3318 3319 3320
3 3321 3322 3323
3 3324 3325 3326
3 3327 3328 3329
3 3330 3331 3332
3 3333 3334 3335
3 3336 3337 3338
3 3339 3340 3341
3 3342 3343 3344
3 3345 3346 3347
3 3348 3349 3350
3 3351 3352 3353
3 3354 3355 3356
3 3357 3358 3359
3 3360 3361 3362
3 3363 3364 3365
3 3366 3367 3368
3 3369 3370 3371
3 3372 3373 3374
3 3375 3376 3377
3 3378 3379 3380
3 3381 3382 3383
3 3384 3385 3386
3 3387 3388 3389
3 3390 3391 3392
3 3393 3394 3395
3 3396 3397 3398
3 3399 3400 3401
3 3402 3403 3404
3 3405 3406 3407
3 3408 3409 3410
3 3411 3412 3413
3 3414 3415 3416
3 3417 3418 3419
3 3420 3421 3422
3 3423 3424 3425
3 3426 3427 3428
3 3429 3430 3431
3 3432 3433 3434
3 3435 3436 3437
3 3438 3439 3440
3 3441 3442 3443
3 3444 3445 3446
3 3447 3448 3449
3 3450 3451 3452
3 3453 3454 3455
3 3456 3457 3458
3 3459 3460 3461
3 3462 3463 3464
3 3465 3466 3467
3 3468 3469 3470
3 3471 3472 3473
3 3474 3475 3476
3 3477 3478 3479
3 3480 3481 3482
3 3483 3484 3485
3 3486 3487 3488
3 3489 3490 3491
3 3492 3493 3494
3 3495 3496 3497
3 3498 3499 3500
3 3501 3502 3503
3 3504 3505 3506
3 3507 3508 3509
3 3510 3511 3512
3 3513 3514 3515
3 3516 3517 3518
3 3519 3520 3521
3 3522 3523 3524
3 3525 3526 3527
3 3528 3529 3530
3 3531 3532 3533
3 3534 3535 3536
3 3537 3538 3539
3 3540 3541 3542
3 3543 3544 3545
3 3546 3547 3548
3 3549 3550 3551
3 3552 3553 3554
3 3555 3556 3557
3 3558 3559 3560
3 3561 3562 3563
3 3564 3565 3566
3 3567 3568 3569
3 3570 3571 3572
3 3573 3574 3575
3 3576 3577 3578
3 3579 3580 3581
3 3582 3583 3584
3 3585 3586 3587
3 3588 3589 3590
3 3591 3592 3593
3 3594 3595 3596
3 3597 3598 3599
3 3600 3601 3602
3 3603 3604 3605
3 3606 3607 3608
3 3609 3610 3611
3 3612 3613 3614
3 3615 3616 3617
3 3618 3619 3620
3 3621 3622 3623
3 3624 3625 3626
3 3627 3628 3629
3 3630 3631 3632
3 3633 3634 3635
3 3636 3637 3638
3 3639 3640 3641
3 3642 3643 3644
3 3645 3646 3647
3 3648 3649 3650
3 3651 3652 3653
3 3654 3655 3656
3 3657 3658 3659
3 3660 3661 3662
3 3663 3664 3665
3 3666 3667 3668
3 3669 3670 3671
3 3672 3673 3674
3 3675 3676 3677
3 3678 3679 3680
3 3681 3682 3683
3 3684 3685 3686
3 3687 3688 3689
3 3690 3691 3692
3 3693 3694 3695
3 3696 3697 3698
3 3699 3700 3701
3 3702 3703 3704
3 3705 3706 3707
3 3708 3709 3710
3 3711 3712 3713
3 3714 3715 3716
3 3717 3718 3719
3 3720 3721 3722
3 3723 3724 3725
3 3726 3727 3728
3 3729 3730 3731
3 3732 3733 3734
3 3735 3736 3737
3 3738 3739 3740
3 3741 3742 3743
3 3744 3745 3746
3 3747 3748 3749
3 3750 3751 3752
3 3753 3754 3755
3 3756 3757 3758
3 3759 3760 3761
3 3762 3763 3764
3 3765 3766 3767
3 3768 3769 3770
3 3771 3772 3773
3 3774 3775 3776
3 3777 3778 3779
3 3780 3781 3782
3 3783 3784 3785
3 3786 3787 3788
3 3789 3790 3791
3 3792 3793 3794
3 3795 3796 3797
3 3798 3799 3800
3 3801 3802 3803
3 3804 3805 3806
3 3807 3808 3809
3 3810 3811 3812
3 3813 3814 3815
3 3816 3817 3818
3 3819 3820 3821
3 3822 3823 3824
3 3825 3826 3827
3 3828 3829 3830
3 3831 3832 3833
3 3834 3835 3836
3 3837 3838 3839
3 3840 3841 3842
3 3843 3844 3845
3 3846 3847 3848
3 3849 3850 3851
3 3852 3853 3854
3 3855 3856 3857
3 3858 3859 3860
3 3861 3862 3863
3 3864 3865 3866
3 3867 3868 3869
3 3870 3871 3872
3 3873 3874 3875
3 3876 3877 3878
3 3879 3880 3881
3 3882 3883 3884
3 3885 3886 3887
3 3888 3889 3890
3 3891 3892 3893
3 3894 3895 3896
3 3897 3898 3899
3 3900 3901 3902
3 3903 3904 3905
3 3906 3907 3908
3 3909 3910 3911
3 3912 3913 3914
3 3915 3916 3917
3 3918 3919 3920
3 3921 3922 3923
3 3924 3925 3926
3 3927 3928 3929
3 3930 3931 3932
3 3933 3934 3935
3 3936 3937 3938
3 3939 3940 3941
3 3942 3943 3944
3 3945 3946 3947
3 3948 3949 3950
3 3951 3952 3953
3 3954 3955 3956
3 3957 3958 3959
3 3960 3961 3962
3 3963 3964 3965
3 3966 3967 3968
3 3969 3970 3971
3 3972 3973 3974
3 3975 3976 3977
3 3978 3979 3980
3 3981 3982 3983
3 3984 3985 3986
3 3987 3988 3989
3 3990 3991 3992
3 3993 3994 3995
3 3996 3997 3998
3 3999 4000 4001
3 4002 4003 4004
3 4005 4006 4007
3 4008 4009 4010
3 4011 4012 4013
3 4014 4015 4016
3 4017 4018 4019
3 4020 4021 4022
3 4023 4024 4025
3 4026 4027 4028
3 4029 4030 4031
3 4032 4033 4034
3 4035 4036 4037
3 4038 4039 4040
3 4041 4042 4043
3 4044 4045 4046
3 4047 4048 4049
3 4050 4051 4052
3 4053 4054 4055
3 4056 4057 4058
3 4059 4060 4061
3 4062 4063 4064
3 4065 4066 4067
3 4068 4069 4070
3 4071 4072 4073
3 4074 4075 4076
3 4077 4078 4079
3 4080 4081 4082
3 4083 4084 4085
3 4086 4087 4088
3 4089 4090 4091
3 4092 4093 4094
3 4095 4096 4097
3 4098 4099 4100
3 4101 4102 4103
3 4104 4105 4106
3 4107 4108 4109
3 4110 4111 4112
3 4113 4114 4115
3 4116 4117 4118
3 4119 4120 4121
3 4122 4123 4124
3 4125 4126 4127
3 4128 4129 4130
3 4131 4132 4133
3 4134 4135 4136
3 4137 4138 4139
3 4140 4141 4142
3 4143 4144 4145
3 4146 4147 4148
3 4149 4150 4151
3 4152 4153 4154
3 4155 4156 4157
3 4158 4159 4160
3 4161 4162 4163
3 4164 4165 4166
3 4167 4168 4169
3 4170 4171 4172
3 4173 4174 4175
3 4176 4177 4178
3 4179 4180 4181
3 4182 4183 4184
3 4185 4186 4187
3 4188 4189 4190
3 4191 4192 4193
3 4194 4195 4196
3 4197 4198 4199
3 4200 4201 4202
3 4203 4204 4205
3 4206 4207 4208
3 4209 4210 4211
3 4212 4213 4214
3 4215 4216 4217
3 4218 4219 4220
3 4221 4222 4223
3 4224 4225 4226
3 4227 4228 4229
3 4230 4231 4232
3 4233 4234 4235
3 4236 4237 4238
3 4239 4240 4241
3 4242 4243 4244
3 4245 4246 4247
3 4248 4249 4250
3 4251 4252 4253
3 4254 4255 4256
3 4257 4258 4259
3 4260 4261 4262
3 4263 4264 4265
3 4266 4267 4268
3 4269 4270 4271
3 4272 4273 4274
3 4275 4276 4277
3 4278 4279 4280
3 4281 4282 4283
3 4284 4285 4286
3 4287 4288 4289
3 4290 4291 4292
3 4293 4294 4295
3 4296 4297 4298
3 4299 4300 4301
3 4302 4303 4304
3 4305 4306 4307
3 4308 4309 4310
3 4311 4312 4313
3 4314 4315 4316
3 4317 4318 4319
3 4320 4321 4322
3 4323 4324 4325
3 4326 4327 4328
3 4329 4330 4331
3 4332 4333 4334
3 4335 4336 4337
3 4338 4339 4340
3 4341 4342 4343
3 4344 4345 4346
3 4347 4348 4349
3 4350 4351 4352
3 4353 4354 4355
3 4356 4357 4358
3 4359 4360 4361
3 4362 4363 4364
3 4365 4366 4367
3 4368 4369 4370
3 4371 4372 4373
3 4374 4375 4376
3 4377 4378 4379
3 4380 4381 4382
3 4383 4384 4385
3 4386 4387 4388
3 4389 4390 4391
3 4392 4393 4394
3 4395 4396 4397
3 4398 4399 4400
3 4401 4402 4403
3 4404 4405 4406
3 4407 4408 4409
3 4410 4411 4412
3 4413 4414 4415
3 4416 4417 4418
3 4419 4420 4421
3 4422 4423 4424
3 4425 4426 4427
3 4428 4429 4430
3 4431 4432 4433
3 4434 4435 4436
3 4437 4438 4439
3 4440 4441 4442
3 4443 4444 4445
3 4446 4447 4448
3 4449 4450 4451
3 4452 4453 4454
3 4455 4456 4457
3 4458 4459 4460
3 4461 4462 4463
3 4464 4465 4466
3 4467 4468 4469
3 4470 4471 4472
3 4473 4474 4475
3 4476 4477 4478
3 4479 4480 4481
3 4482 4483 4484
3 4485 4486 4487
3 4488 4489 4490
3 4491 4492 4493
3 4494 4495 4496
3 4497 4498 4499
3 4500 4501 4502
3 4503 4504 4505
3 4506 4507 4508
3 4509 4510 4511
3 4512 4513 4514
3 4515 4516 4517
3 4518 4519 4520
3 4521 4522 4523
3 4524 4525 4526
3 4527 4528 4529
3 4530 4531 4532
3 4533 4534 4535
3 4536 4537 4538
3 4539 4540 4541
3 4542 4543 4544
3 4545 4546 4547
3 4548 4549 4550
3 4551 4552 4553
3 4554 4555 4556
3 4557 4558 4559
3 4560 4561 4562
3 4563 4564 4565
3 4566 4567 4568
3 4569 4570 4571
3 4572 4573 4574
3 4575 4576 4577
3 4578 4579 4580
3 4581 4582 4583
3 4584 4585 4586
3 4587 4588 4589
3 4590 4591 4592
3 4593 4594 4595
3 4596 4597 4598
3 4599 4600 4601
3 4602 4603 4604
3 4605 4606 4607
3 4608 4609 4610
3 4611 4612 4613
3 4614 4615 4616
3 4617 4618 4619
3 4620 4621 4622
3 4623 4624 4625
3 4626 4627 4628
3 4629 4630 4631
3 4632 4633 4634
3 4635 4636 4637
3 4638 4639 4640
3 4641 4642 4643
3 4644 4645 4646
3 4647 4648 4649
3 4650 4651 4652
3 4653 4654 4655
3 4656 4657 4658
3 4659 4660 4661
3 4662 4663 4664
3 4665 4666 4667
3 4668 4669 4670
3 4671 4672 4673
3 4674 4675 4676
3 4677 4678 4679
3 4680 4681 4682
3 4683 4684 4685
3 4686 4687 4688
3 4689 4690 4691
3 4692 4693 4694
3 4695 4696 4697
3 4698 4699 4700
3 4701 4702 4703
3 4704 4705 4706
3 4707 4708 4709
3 4710 4711 4712
3 4713 4714 4715
3 4716 4717 4718
3 4719 4720 4721
3 4722 4723 4724
3 4725 4726 4727
3 4728 4729 4730
3 4731 4732 4733
3 4734 4735 4736
3 4737 4738 4739
3 4740 4741 4742
3 4743 4744 4745
3 4746 4747 4748
3 4749 4750 4751
3 4752 4753 4754
3 4755 4756 4757
3 4758 4759 4760
3 4761 4762 4763
3 4764 4765 4766
3 4767 4768 4769
3 4770 4771 4772
3 4773 4774 4775
3 4776 4777 4778
3 4779 4780 4781
3 4782 4783 4784
3 4785 4786 4787
3 4788 4789 4790
3 4791 4792 4793
3 4794 4795 4796
3 4797 4798 4799
3 4800 4801 4802
3 4803 4804 4805
3 4806 4807 4808
3 4809 4810 4811
3 4812 4813 4814
3 4815 4816 4817
3 4818 4819 4820
3 4821 4822 4823
3 4824 4825 4826
3 4827 4828 4829
3 4830 4831 4832
3 4833 4834 4835
3 4836 4837 4838
3 4839 4840 4841
3 4842 4843 4844
3 4845 4846 4847
3 4848 4849 4850
3 4851 4852 4853
3 4854 4855 4856
3 4857 4858 4859
3 4860 4861 4862
3 4863 4864 4865
3 4866 4867 4868
3 4869 4870 4871
3 4872 4873 4874
3 4875 4876 4877
3 4878 4879 4880
3 4881 4882 4883
3 4884 4885 4886
3 4887 4888 4889
3 4890 4891 4892
3 4893 4894 4895
3 4896 4897 4898
3 4899 4900 4901
3 4902 4903 4904
3 4905 4906 4907
3 4908 4909 4910
3 4911 4912 4913
3 4914 4915 4916
3 4917 4918 4919
3 4920 4921 4922
3 4923 4924 4925
3 4926 4927 4928
3 4929 4930 4931
3 4932 4933 4934
3 4935 4936 4937
3 4938 4939 4940
3 4941 4942 4943
3 4944 4945 4946
3 4947 4948 4949
3 4950 4951 4952
3 4953 4954 4955
3 4956 4957 4958
3 4959 4960 4961
3 4962 4963 4964
3 4965 4966 4967
3 4968 4969 4970
3 4971 4972 4973
3 4974 4975 4976
3 4977 4978 4979
3 4980 4981 4982
3 4983 4984 4985
3 4986 4987 4988
3 4989 4990 4991
3 4992 4993 4994
3 4995 4996 4997
3 4998 4999 5000
3 5001 5002 5003
3 5004 5005 5006
3 5007 5008 5009
3 5010 5011 5012
3 5013 5014 5015
3 5016 5017 5018
3 5019 5020 5021
3 5022 5023 5024
3 5025 5026 5027
3 5028 5029 5030
3 5031 5032 5033
3 5034 5035 5036
3 5037 5038 5039
3 5040 5041 5042
3 5043 5044 5045
3 5046 5047 5048
3 5049 5050 5051
3 5052 5053 5054
3 5055 5056 5057
3 5058 5059 5060
3 5061 5062 5063
3 5064 5065 5066
3 5067 5068 5069
3 5070 5071 5072
3 5073 5074 5075
3 5076 5077 5078
3 5079 5080 5081
3 5082 5083 5084
3 5085 5086 5087
3 5088 5089 5090
3 5091 5092 5093
3 5094 5095 5096
3 5097 5098 5099
3 5100 5101 5102
3 5103 5104 5105
3 5106 5107 5108
3 5109 5110 5111
3 5112 5113 5114
3 5115 5116 5117
3 5118 5119 5120
3 5121 5122 5123
3 5124 5125 5126
3 5127 5128 5129
3 5130 5131 5132
3 5133 5134 5135
3 5136 5137 5138
3 5139 5140 5141
3 5142 5143 5144
3 5145 5146 5147
3 5148 5149 5150
3 5151 5152 5153
3 5154 5155 5156
3 5157 5158 5159
3 5160 5161 5162
3 5163 5164 5165
3 5166 5167 5168
3 5169 5170 5171
3 5172 5173 5174
3 5175 5176 5177
3 5178 5179 5180
3 5181 5182 5183
3 5184 5185 5186
3 5187 5188 5189
3 5190 5191 5192
3 5193 5194 5195
3 5196 5197 5198
3 5199 5200 5201
3 5202 5203 5204
3 5205 5206 5207
3 5208 5209 5210
3 5211 5212 5213
3 5214 5215 5216
3 5217 5218 5219
3 5220 5221 5222
3 5223 5224 5225
3 5226 5227 5228
3 5229 5230 5231
3 5232 5233 5234
3 5235 5236 5237
3 5238 5239 5240
3 5241 5242 5243
3 5244 5245 5246
3 5247 5248 5249
3 5250 5251 5252
3 5253 5254 5255
3 5256 5257 5258
3 5259 5260 5261
3 5262 5263 5264
3 5265 5266 5267
3 5268 5269 5270
3 5271 5272 5273
3 5274 5275 5276
3 5277 5278 5279
3 5280 5281 5282
3 5283 5284 5285
3 5286 5287 5288
3 5289 5290 5291
3 5292 5293 5294
3 5295 5296 5297
3 5298 5299 5300
3 5301 5302 5303
3 5304 5305 5306
3 5307 5308 5309
3 5310 5311 5312
3 5313 5314 5315
3 5316 5317 5318
3 5319 5320 5321
3 5322 5323 5324
3 5325 5326 5327
3 5328 5329 5330
3 5331 5332 5333
3 5334 5335 5336
3 5337 5338 5339
3 5340 5341 5342
3 5343 5344 5345
3 5346 5347 5348
3 5349 5350 5351
3 5352 5353 5354
3 5355 5356 5357
3 5358 5359 5360
3 5361 5362 5363
3 5364 5365 5366
3 5367 5368 5369
3 5370 5371 5372
3 5373 5374 5375
3 5376 5377 5378
3 5379 5380 5381
3 5382 5383 5384
3 5385 5386 5387
3 5388 5389 5390
3 5391 5392 5393
3 5394 5395 5396
3 5397 5398 5399
3 5400 5401 5402
3 5403 5404 5405
3 5406 5407 5408
3 5409 5410 5411
3 5412 5413 5414
3 5415 5416 5417
3 5418 5419 5420
3 5421 5422 5423
3 5424 5425 5426
3 5427 5428 5429
3 5430 5431 5432
3 5433 5434 5435
3 5436 5437 5438
3 5439 5440 5441
3 5442 5443 5444
3 5445 5446 5447
3 5448 5449 5450
3 5451 5452 5453
3 5454 5455 5456
3 5457 5458 5459
3 5460 5461 5462
3 5463 5464 5465
3 5466 5467 5468
3 5469 5470 5471
3 5472 5473 5474
3 5475 5476 5477
3 5478 5479 5480
3 5481 5482 5483
3 5484 5485 5486
3 5487 5488 5489
3 5490 5491 5492
3 5493 5494 5495
3 5496 5497 5498
3 5499 5500 5501
3 5502 5503 5504
3 5505 5506 5507
3 5508 5509 5510
3 5511 5512 5513
3 5514 5515 5516
3 5517 5518 5519
3 5520 5521 5522
3 5523 5524 5525
3 5526 5527 5528
3 5529 5530 5531
3 5532 5533 5534
3 5535 5536 5537
3 5538 5539 5540
3 5541 5542 5543
3 5544 5545 5546
3 5547 5548 5549
3 5550 5551 5552
3 5553 5554 5555
3 5556 5557 5558
3 5559 5560 5561
3 5562 5563 5564
3 5565 5566 5567
3 5568 5569 5570
3 5571 5572 5573
3 5574 5575 5576
3 5577 5578 5579
3 5580 5581 5582
3 5583 5584 5585
3 5586 5587 5588
3 5589 5590 5591
3 5592 5593 5594
3 5595 5596 5597
3 5598 5599 5600
3 5601 5602 5603
3 5604 5605 5606
3 5607 5608 5609
3 5610 5611 5612
3 5613 5614 5615
3 5616 5617 5618
3 5619 5620 5621
3 5622 5623 5624
3 5625 5626 5627
3 5628 5629 5630
3 5631 5632 5633
3 5634 5635 5636
3 5637 5638 5639
3 5640 5641 5642
3 5643 5644 5645
3 5646 5647 5648
3 5649 5650 5651
3 5652 5653 5654
3 5655 5656 5657
3 5658 5659 5660
3 5661 5662 5663
3 5664 5665 5666
3 5667 5668 5669
3 5670 5671 5672
3 5673 5674 5675
3 5676 5677 5678
3 5679 5680 5681
3 5682 5683 5684
3 5685 5686 5687
3 5688 5689 5690
3 5691 5692 5693
3 5694 5695 5696
3 5697 5698 5699
3 5700 5701 5702
3 5703 5704 5705
3 5706 5707 5708
3 5709 5710 5711
3 5712 5713 5714
3 5715 5716 5717
3 5718 5719 5720
3 5721 5722 5723
3 5724 5725 5726
3 5727 5728 5729
3 5730 5731 5732
3 5733 5734 5735
3 5736 5737 5738
3 5739 5740 5741
3 5742 5743 5744
3 5745 5746 5747
3 5748 5749 5750
3 5751 5752 5753
3 5754 5755 5756
3 5757 5758 5759
3 5760 5761 5762
3 5763 5764 5765
3 5766 5767 5768
3 5769 5770 5771
3 5772 5773 5774
3 5775 5776 5777
3 5778 5779 5780
3 5781 5782 5783
3 5784 5785 5786
3 5787 5788 5789
3 5790 5791 5792
3 5793 5794 5795
3 5796 5797 5798
3 5799 5800 5801
3 5802 5803 5804
3 5805 5806 5807
3 5808 5809 5810
3 5811 5812 5813
3 5814 5815 5816
3 5817 5818 5819
3 5820 5821 5822
3 5823 5824 5825
3 5826 5827 5828
3 5829 5830 5831
3 5832 5833 5834
3 5835 5836 5837
3 5838 5839 5840
3 5841 5842 5843
3 5844 5845 5846
3 5847 5848 5849
3 5850 5851 5852
3 5853 5854 5855
3 5856 5857 5858
3 5859 5860 5861
3 5862 5863 5864
3 5865 5866 5867
3 5868 5869 5870
3 5871 5872 5873
3 5874 5875 5876
3 5877 5878 5879
3 5880 5881 5882
3 5883 5884 5885
3 5886 5887 5888
3 5889 5890 5891
3 5892 5893 5894
3 5895 5896 5897
3 5898 5899 5900
3 5901 5902 5903
3 5904 5905 5906
3 5907 5908 5909
3 5910 5911 5912
3 5913 5914 5915
3 5916 5917 5918
3 5919 5920 5921
3 5922 5923 5924
3 5925 5926 5927
3 5928 5929 5930
3 5931 5932 5933
3 5934 5935 5936
3 5937 5938 5939
3 5940 5941 5942
3 5943 5944 5945
3 5946 5947 5948
3 5949 5950 5951
3 5952 5953 5954
3 5955 5956 5957
3 5958 5959 5960
3 5961 5962 5963
3 5964 5965 5966
3 5967 5968 5969
3 5970 5971 5972
3 5973 5974 5975
3 5976 5977 5978
3 5979 5980 5981
3 5982 5983 5984
3 5985 5986 5987
3 5988 5989 5990
3 5991 5992 5993
3 5994 5995 5996
3 5997 5998 5999
3 6000 6001 6002
3 6003 6004 6005
3 6006 6007 6008
3 6009 6010 6011
3 6012 6013 6014
3 6015 6016 6017
3 6018 6019 6020
3 6021 6022 6023
3 6024 6025 6026
3 6027 6028 6029
3 6030 6031 6032
3 6033 6034 6035
3 6036 6037 6038
3 6039 6040 6041
3 6042 6043 6044
3 6045 6046 6047
3 6048 6049 6050
3 6051 6052 6053
3 6054 6055 6056
3 6057 6058 6059
3 6060 6061 6062
3 6063 6064 6065
3 6066 6067 6068
3 6069 6070 6071
3 6072 6073 6074
3 6075 6076 6077
3 6078 6079 6080
3 6081 6082 6083
3 6084 6085 6086
3 6087 6088 6089
3 6090 6091 6092
3 6093 6094 6095
3 6096 6097 6098
3 6099 6100 6101
3 6102 6103 6104
3 6105 6106 6107
3 6108 6109 6110
3 6111 6112 6113
3 6114 6115 6116
3 6117 6118 6119
3 6120 6121 6122
3 6123 6124 6125
3 6126 6127 6128
3 6129 6130 6131
3 6132 6133 6134
3 6135 6136 6137
3 6138 6139 6140
3 6141 6142 6143
3 6144 6145 6146
3 6147 6148 6149
3 6150 6151 6152
3 6153 6154 6155
3 6156 6157 6158
3 6159 6160 6161
3 6162 6163 6164
3 6165 6166 6167
3 6168 6169 6170
3 6171 6172 6173
3 6174 6175 6176
3 6177 6178 6179
3 6180 6181 6182
3 6183 6184 6185
3 6186 6187 6188
3 6189 6190 6191
3 6192 6193 6194
3 6195 6196 6197
3 6198 6199 6200
3 6201 6202 6203
3 6204 6205 6206
3 6207 6208 6209
3 6210 6211 6212
3 6213 6214 6215
3 6216 6217 6218
3 6219 6220 6221
3 6222 6223 6224
3 6225 6226 6227
3 6228 6229 6230
3 6231 6232 6233
3 6234 6235 6236
3 6237 6238 6239
3 6240 6241 6242
3 6243 6244 6245
3 6246 6247 6248
3 6249 6250 6251
3 6252 6253 6254
3 6255 6256 6257
3 6258 6259 6260
3 6261 6262 6263
3 6264 6265 6266
3 6267 6268 6269
3 6270 6271 6272
3 6273 6274 6275
3 6276 6277 6278
3 6279 6280 6281
3 6282 6283 6284
3 6285 6286 6287
3 6288 6289 6290
3 6291 6292 6293
3 6294 6295 6296
3 6297 6298 6299
3 6300 6301 6302
3 6303 6304 6305
3 6306 6307 6308
3 6309 6310 6311
3 6312 6313 6314
3 6315 6316 6317
3 6318 6319 6320
3 6321 6322 6323
3 6324 6325 6326
3 6327 6328 6329
3 6330 6331 6332
3 6333 6334 6335
3 6336 6337 6338
3 6339 6340 6341
3 6342 6343 6344
3 6345 6346 6347
3 6348 6349 6350
3 6351 6352 6353
3 6354 6355 6356
3 6357 6358 6359
3 6360 6361 6362
3 6363 6364 6365
3 6366 6367 6368
3 6369 6370 6371
3 6372 6373 6374
3 6375 6376 6377
3 6378 6379 6380
3 6381 6382 6383
3 6384 6385 6386
3 6387 6388 6389
3 6390 6391 6392
3 6393 6394 6395
3 6396 6397 6398
3 6399 6400 6401
3 6402 6403 6404
3 6405 6406 6407
3 6408 6409 6410
3 6411 6412 6413
3 6414 6415 6416
3 6417 6418 6419
3 6420 6421 6422
3 6423 6424 6425
3 6426 6427 6428
3 6429 6430 6431
3 6432 6433 6434
3 6435 6436 6437
3 6438 6439 6440
3 6441 6442 6443
3 6444 6445 6446
3 6447 6448 6449
3 6450 6451 6452
3 6453 6454 6455
3 6456 6457 6458
3 6459 6460 6461
3 6462 6463 6464
3 6465 6466 6467
3 6468 6469 6470
3 6471 6472 6473
3 6474 6475 6476
3 6477 6478 6479
3 6480 6481 6482
3 6483 6484 6485
3 6486 6487 6488
3 6489 6490 6491
3 6492 6493 6494
3 6495 6496 6497
3 6498 6499 6500
3 6501 6502 6503
3 6504 6505 6506
3 6507 6508 6509
3 6510 6511 6512
3 6513 6514 6515
3 6516 6517 6518
3 6519 6520 6521
3 6522 6523 6524
3 6525 6526 6527
3 6528 6529 6530
3 6531 6532 6533
3 6534 6535 6536
3 6537 6538 6539
3 6540 6541 6542
3 6543 6544 6545
3 6546 6547 6548
3 6549 6550 6551
3 6552 6553 6554
3 6555 6556 6557
3 6558 6559 6560
3 6561 6562 6563
3 6564 6565 6566
3 6567 6568 6569
3 6570 6571 6572
3 6573 6574 6575
3 6576 6577 6578
3 6579 6580 6581
3 6582 6583 6584
3 6585 6586 6587
3 6588 6589 6590
3 6591 6592 6593
3 6594 6595 6596
3 6597 6598 6599
3 6600 6601 6602
3 6603 6604 6605
3 6606 6607 6608
3 6609 6610 6611
3 6612 6613 6614
3 6615 6616 6617
3 6618 6619 6620
3 6621 6622 6623
3 6624 6625 6626
3 6627 6628 6629
3 6630 6631 6632
3 6633 6634 6635
3 6636 6637 6638
3 6639 6640 6641
3 6642 6643 6644
3 6645 6646 6647
3 6648 6649 6650
3 6651 6652 6653
3 6654 6655 6656
3 6657 6658 6659
3 6660 6661 6662
3 6663 6664 6665
3 6666 6667 6668
3 6669 6670 6671
3 6672 6673 6674
3 6675 6676 6677
3 6678 6679 6680
3 6681 6682 6683
3 6684 6685 6686
3 6687 6688 6689
3 6690 6691 6692
3 6693 6694 6695
3 6696 6697 6698
3 6699 6700 6701
3 6702 6703 6704
3 6705 6706 6707
3 6708 6709 6710
3 6711 6712 6713
3 6714 6715 6716
3 6717 6718 6719
3 6720 6721 6722
3 6723 6724 6725
3 6726 6727 6728
3 6729 6730 6731
3 6732 6733 6734
3 6735 6736 6737
3 6738 6739 6740
3 6741 6742 6743
3 6744 6745 6746
3 6747 6748 6749
3 6750 6751 6752
3 6753 6754 6755
3 6756 6757 6758
3 6759 6760 6761
3 6762 6763 6764
3 6765 6766 6767
3 6768 6769 6770
3 6771 6772 6773
3 6774 6775 6776
3 6777 6778 6779
3 6780 6781 6782
3 6783 6784 6785
3 6786 6787 6788
3 6789 6790 6791
3 6792 6793 6794
3 6795 6796 6797
3 6798 6799 6800
3 6801 6802 6803
3 6804 6805 6806
3 6807 6808 6809
3 6810 6811 6812
3 6813 6814 6815
3 6816 6817 6818
3 6819 6820 6821
3 6822 6823 6824
3 6825 6826 6827
3 6828 6829 6830
3 6831 6832 6833
3 6834 6835 6836
3 6837 6838 6839
3 6840 6841 6842
3 6843 6844 6845
3 6846 6847 6848
3 6849 6850 6851
3 6852 6853 6854
3 6855 6856 6857
3 6858 6859 6860
3 6861 6862 6863
3 6864 6865 6866
3 6867 6868 6869
3 6870 6871 6872
3 6873 6874 6875
3 6876 6877 6878
3 6879 6880 6881
3 6882 6883 6884
3 6885 6886 6887
3 6888 6889 6890
3 6891 6892 6893
3 6894 6895 6896
3 6897 6898 6899
3 6900 6901 6902
3 6903 6904 6905
3 6906 6907 6908
3 6909 6910 6911
3 6912 6913 6914
3 6915 6916 6917
3 6918 6919 6920
3 6921 6922 6923
3 6924 6925 6926
3 6927 6928 6929
3 6930 6931 6932
3 6933 6934 6935
3 6936 6937 6938
3 6939 6940 6941
3 6942 6943 6944
3 6945 6946 6947
3 6948 6949 6950
3 6951 6952 6953
3 6954 6955 6956
3 6957 6958 6959
3 6960 6961 6962
3 6963 6964 6965
3 6966 6967 6968
3 6969 6970 6971
3 6972 6973 6974
3 6975 6976 6977
3 6978 6979 6980
3 6981 6982 6983
3 6984 6985 6986
3 6987 6988 6989
3 6990 6991 6992
3 6993 6994 6995
3 6996 6997 6998
3 6999 7000 7001
3 7002 7003 7004
3 7005 7006 7007
3 7008 7009 7010
3 7011 7012 7013
3 7014 7015 7016
3 7017 7018 7019
3 7020 7021 7022
3 7023 7024 7025
3 7026 7027 7028
3 7029 7030 7031
3 7032 7033 7034
3 7035 7036 7037
3 7038 7039 7040
3 7041 7042 7043
3 7044 7045 7046
3 7047 7048 7049
3 7050 7051 7052
3 7053 7054 7055
3 7056 7057 7058
3 7059 7060 7061
3 7062 7063 7064
3 7065 7066 7067
3 7068 7069 7070
3 7071 7072 7073
3 7074 7075 7076
3 7077 7078 7079
3 7080 7081 7082
3 7083 7084 7085
3 7086 7087 7088
3 7089 7090 7091
3 7092 7093 7094
3 7095 7096 7097
3 7098 7099 7100
3 7101 7102 7103
3 7104 7105 7106
3 7107 7108 7109
3 7110 7111 7112
3 7113 7114 7115
3 7116 7117 7118
3 7119 7120 7121
3 7122 7123 7124
3 7125 7126 7127
3 7128 7129 7130
3 7131 7132 7133
3 7134 7135 7136
3 7137 7138 7139
3 7140 7141 7142
3 7143 7144 7145
3 7146 7147 7148
3 7149 7150 7151
3 7152 7153 7154
3 7155 7156 7157
3 7158 7159 7160
3 7161 7162 7163
3 7164 7165 7166
3 7167 7168 7169
3 7170 7171 7172
3 7173 7174 7175
3 7176 7177 7178
3 7179 7180 7181
3 7182 7183 7184
3 7185 7186 7187
3 7188 7189 7190
3 7191 7192 7193
3 7194 7195 7196
3 7197 7198 7199
3 7200 7201 7202
3 7203 7204 7205
3 7206 7207 7208
3 7209 7210 7211
3 7212 7213 7214
3 7215 7216 7217
3 7218 7219 7220
3 7221 7222 7223
3 7224 7225 7226
3 7227 7228 7229
3 7230 7231 7232
3 7233 7234 7235
3 7236 7237 7238
3 7239 7240 7241
3 7242 7243 7244
3 7245 7246 7247
3 7248 7249 7250
3 7251 7252 7253
3 7254 7255 7256
3 7257 7258 7259
3 7260 7261 7262
3 7263 7264 7265
3 7266 7267 7268
3 7269 7270 7271
3 7272 7273 7274
3 7275 7276 7277
3 7278 7279 7280
3 7281 7282 7283
3 7284 7285 7286
3 7287 7288 7289
3 7290 7291 7292
3 7293 7294 7295
3 7296 7297 7298
3 7299 7300 7301
3 7302 7303 7304
3 7305 7306 7307
3 7308 7309 7310
3 7311 7312 7313
3 7314 7315 7316
3 7317 7318 7319
3 7320 7321 7322
3 7323 7324 7325
3 7326 7327 7328
3 7329 7330 7331
3 7332 7333 7334
3 7335 7336 7337
3 7338 7339 7340
3 7341 7342 7343
3 7344 7345 7346
3 7347 7348 7349
3 7350 7351 7352
3 7353 7354 7355
3 7356 7357 7358
3 7359 7360 7361
3 7362 7363 7364
3 7365 7366 7367
3 7368 7369 7370
3 7371 7372 7373
3 7374 7375 7376
3 7377 7378 7379
3 7380 7381 7382
3 7383 7384 7385
3 7386 7387 7388
3 7389 7390 7391
3 7392 7393 7394
3 7395 7396 7397
3 7398 7399 7400
3 7401 7402 7403
3 7404 7405 7406
3 7407 7408 7409
3 7410 7411 7412
3 7413 7414 7415
3 7416 7417 7418
3 7419 7420 7421
3 7422 7423 7424
3 7425 7426 7427
3 7428 7429 7430
3 7431 7432 7433
3 7434 7435 7436
3 7437 7438 7439
3 7440 7441 7442
3 7443 7444 7445
3 7446 7447 7448
3 7449 7450 7451
3 7452 7453 7454
3 7455 7456 7457
3 7458 7459 7460
3 7461 7462 7463
3 7464 7465 7466
3 7467 7468 7469
3 7470 7471 7472
3 7473 7474 7475
3 7476 7477 7478
3 7479 7480 7481
3 7482 7483 7484
3 7485 7486 7487
3 7488 7489 7490
3 7491 7492 7493
3 7494 7495 7496
3 7497 7498 7499
3 7500 7501 7502
3 7503 7504 7505
3 7506 7507 7508
3 7509 7510 7511
3 7512 7513 7514
3 7515 7516 7517
3 7518 7519 7520
3 7521 7522 7523
3 7524 7525 7526
3 7527 7528 7529
3 7530 7531 7532
3 7533 7534 7535
3 7536 7537 7538
3 7539 7540 7541
3 7542 7543 7544
3 7545 7546 7547
3 7548 7549 7550
3 7551 7552 7553
3 7554 7555 7556
3 7557 7558 7559
3 7560 7561 7562
3 7563 7564 7565
3 7566 7567 7568
3 7569 7570 7571
3 7572 7573 7574
3 7575 7576 7577
3 7578 7579 7580
3 7581 7582 7583
3 7584 7585 7586
3 7587 7588 7589
3 7590 7591 7592
3 7593 7594 7595
3 7596 7597 7598
3 7599 7600 7601
3 7602 7603 7604
3 7605 7606 7607
3 7608 7609 7610
3 7611 7612 7613
3 7614 7615 7616
3 7617 7618 7619
3 7620 7621 7622
3 7623 7624 7625
3 7626 7627 7628
3 7629 7630 7631
3 7632 7633 7634
3 7635 7636 7637
3 7638 7639 7640
3 7641 7642 7643
3 7644 7645 7646
3 7647 7648 7649
3 7650 7651 7652
3 7653 7654 7655
3 7656 7657 7658
3 7659 7660 7661
3 7662 7663 7664
3 7665 7666 7667
3 7668 7669 7670
3 7671 7672 7673
3 7674 7675 7676
3 7677 7678 7679
3 7680 7681 7682
3 7683 7684 7685
3 7686 7687 7688
3 7689 7690 7691
3 7692 7693 7694
3 7695 7696 7697
3 7698 7699 7700
3 7701 7702 7703
3 7704 7705 7706
3 7707 7708 7709
3 7710 7711 7712
3 7713 7714 7715
3 7716 7717 7718
3 7719 7720 7721
3 7722 7723 7724
3 7725 7726 7727
3 7728 7729 7730
3 7731 7732 7733
3 7734 7735 7736
3 7737 7738 7739
3 7740 7741 7742
3 7743 7744 7745
3 7746 7747 7748
3 7749 7750 7751
3 7752 7753 7754
3 7755 7756 7757
3 7758 7759 7760
3 7761 7762 7763
3 7764 7765 7766
3 7767 7768 7769
3 7770 7771 7772
3 7773 7774 7775
3 7776 7777 7778
3 7779 7780 7781
3 7782 7783 7784
3 7785 7786 7787
3 7788 7789 7790
3 7791 7792 7793
3 7794 7795 7796
3 7797 7798 7799
3 7800 7801 7802
3 7803 7804 7805
3 7806 7807 7808
3 7809 7810 7811
3 7812 7813 7814
3 7815 7816 7817
3 7818 7819 7820
3 7821 7822 7823
3 7824 7825 7826
3 7827 7828 7829
3 7830 7831 7832
3 7833 7834 7835
3 7836 7837 7838
3 7839 7840 7841
3 7842 7843 7844
3 7845 7846 7847
3 7848 7849 7850
3 7851 7852 7853
3 7854 7855 7856
3 7857 7858 7859
3 7860 7861 7862
3 7863 7864 7865
3 7866 7867 7868
3 7869 7870 7871
3 7872 7873 7874
3 7875 7876 7877
3 7878 7879 7880
3 7881 7882 7883
3 7884 7885 7886
3 7887 7888 7889
3 7890 7891 7892
3 7893 7894 7895
3 7896 7897 7898
3 7899 7900 7901
3 7902 7903 7904
3 7905 7906 7907
3 7908 7909 7910
3 7911 7912 7913
3 7914 7915 7916
3 7917 7918 7919
3 7920 7921 7922
3 7923 7924 7925
3 7926 7927 7928
3 7929 7930 7931
3 7932 7933 7934
3 7935 7936 7937
3 7938 7939 7940
3 7941 7942 7943
3 7944 7945 7946
3 7947 7948 7949
3 7950 7951 7952
3 7953 7954 7955
3 7956 7957 7958
3 7959 7960 7961
3 7962 7963 7964
3 7965 7966 7967
3 7968 7969 7970
3 7971 7972 7973
3 7974 7975 7976
3 7977 7978 7979
3 7980 7981 7982
3 7983 7984 7985
3 7986 7987 7988
3 7989 7990 7991
3 7992 7993 7994
3 7995 7996 7997
3 7998 7999 8000
3 8001 8002 8003
3 8004 8005 8006
3 8007 8008 8009
3 8010 8011 8012
3 8013 8014 8015
3 8016 8017 8018
3 8019 8020 8021
3 8022 8023 8024
3 8025 8026 8027
3 8028 8029 8030
3 8031 8032 8033
3 8034 8035 8036
3 8037 8038 8039
3 8040 8041 8042
3 8043 8044 8045
3 8046 8047 8048
3 8049 8050 8051
3 8052 8053 8054
3 8055 8056 8057
3 8058 8059 8060
3 8061 8062 8063
3 8064 8065 8066
3 8067 8068 8069
3 8070 8071 8072
3 8073 8074 8075
3 8076 8077 8078
3 8079 8080 8081
3 8082 8083 8084
3 8085 8086 8087
3 8088 8089 8090
3 8091 8092 8093
3 8094 8095 8096
3 8097 8098 8099
3 8100 8101 8102
3 8103 8104 8105
3 8106 8107 8108
3 8109 8110 8111
3 8112 8113 8114
3 8115 8116 8117
3 8118 8119 8120
3 8121 8122 8123
3 8124 8125 8126
3 8127 8128 8129
3 8130 8131 8132
3 8133 8134 8135
3 8136 8137 8138
3 8139 8140 8141
3 8142 8143 8144
3 8145 8146 8147
3 8148 8149 8150
3 8151 8152 8153
3 8154 8155 8156
3 8157 8158 8159
3 8160 8161 8162
3 8163 8164 8165
3 8166 8167 8168
3 8169 8170 8171
3 8172 8173 8174
3 8175 8176 8177
3 8178 8179 8180
3 8181 8182 8183
3 8184 8185 8186
3 8187 8188 8189
3 8190 8191 8192
3 8193 8194 8195
3 8196 8197 8198
3 8199 8200 8201
3 8202 8203 8204
3 8205 8206 8207
3 8208 8209 8210
3 8211 8212 8213
3 8214 8215 8216
3 8217 8218 8219
3 8220 8221 8222
3 8223 8224 8225
3 8226 8227 8228
3 8229 8230 8231
3 8232 8233 8234
3 8235 8236 8237
3 8238 8239 8240
3 8241 8242 8243
3 8244 8245 8246
3 8247 8248 8249
3 8250 8251 8252
3 8253 8254 8255
3 8256 8257 8258
3 8259 8260 8261
3 8262 8263 8264
3 8265 8266 8267
3 8268 8269 8270
3 8271 8272 8273
3 8274 8275 8276
3 8277 8278 8279
3 8280 8281 8282
3 8283 8284 8285
3 8286 8287 8288
3 8289 8290 8291
3 8292 8293 8294
3 8295 8296 8297
3 8298 8299 8300
3 8301 8302 8303
3 8304 8305 8306
3 8307 8308 8309
3 8310 8311 8312
3 8313 8314 8315
3 8316 8317 8318
3 8319 8320 8321
3 8322 8323 8324
3 8325 8326 8327
3 8328 8329 8330
3 8331 8332 8333
3 8334 8335 8336
3 8337 8338 8339
3 8340 8341 8342
3 8343 8344 8345
3 8346 8347 8348
3 8349 8350 8351
3 8352 8353 8354
3 8355 8356 8357
3 8358 8359 8360
3 8361 8362 8363
3 8364 8365 8366
3 8367 8368 8369
3 8370 8371 8372
3 8373 8374 8375
3 8376 8377 8378
3 8379 8380 8381
3 8382 8383 8384
3 8385 8386 8387
3 8388 8389 8390
3 8391 8392 8393
3 8394 8395 8396
3 8397 8398 8399
3 8400 8401 8402
3 8403 8404 8405
3 8406 8407 8408
3 8409 8410 8411
3 8412 8413 8414
3 8415 8416 8417
3 8418 8419 8420
3 8421 8422 8423
3 8424 8425 8426
3 8427 8428 8429
3 8430 8431 8432
3 8433 8434 8435
3 8436 8437 8438
3 8439 8440 8441
3 8442 8443 8444
3 8445 8446 8447
3 8448 8449 8450
3 8451 8452 8453
3 8454 8455 8456
3 8457 8458 8459
3 8460 8461 8462
3 8463 8464 8465
3 8466 8467 8468
3 8469 8470 8471
3 8472 8473 8474
3 8475 8476 8477
3 8478 8479 8480
3 8481 8482 8483
3 8484 8485 8486
3 8487 8488 8489
3 8490 8491 8492
3 8493 8494 8495
3 8496 8497 8498
3 8499 8500 8501
3 8502 8503 8504
3 8505 8506 8507
3 8508 8509 8510
3 8511 8512 8513
3 8514 8515 8516
3 8517 8518 8519
3 8520 8521 8522
3 8523 8524 8525
3 8526 8527 8528
3 8529 8530 8531
3 8532 8533 8534
3 8535 8536 8537
3 8538 8539 8540
3 8541 8542 8543
3 8544 8545 8546
3 8547 8548 8549
3 8550 8551 8552
3 8553 8554 8555
3 8556 8557 8558
3 8559 8560 8561
3 8562 8563 8564
3 8565 8566 8567
3 8568 8569 8570
3 8571 8572 8573
3 8574 8575 8576
3 8577 8578 8579
3 8580 8581 8582
3 8583 8584 8585
3 8586 8587 8588
3 8589 8590 8591
3 8592 8593 8594
3 8595 8596 8597
3 8598 8599 8600
3 8601 8602 8603
3 8604 8605 8606
3 8607 8608 8609
3 8610 8611 8612
3 8613 8614 8615
3 8616 8617 8618
3 8619 8620 8621
3 8622 8623 8624
3 8625 8626 8627
3 8628 8629 8630
3 8631 8632 8633
3 8634 8635 8636
3 8637 8638 8639
3 8640 8641 8642
3 8643 8644 8645
3 8646 8647 8648
3 8649 8650 8651
3 8652 8653 8654
3 8655 8656 8657
3 8658 8659 8660
3 8661 8662 8663
3 8664 8665 8666
3 8667 8668 8669
3 8670 8671 8672
3 8673 8674 8675
3 8676 8677 8678
3 8679 8680 8681
3 8682 8683 8684
3 8685 8686 8687
3 8688 8689 8690
3 8691 8692 8693
3 8694 8695 8696
3 8697 8698 8699
3 8700 8701 8702
3 8703 8704 8705
3 8706 8707 8708
3 8709 8710 8711
3 8712 8713 8714
3 8715 8716 8717
3 8718 8719 8720
3 8721 8722 8723
3 8724 8725 8726
3 8727 8728 8729
3 8730 8731 8732
3 8733 8734 8735
3 8736 8737 8738
3 8739 8740 8741
3 8742 8743 8744
3 8745 8746 8747
3 8748 8749 8750
3 8751 8752 8753
3 8754 8755 8756
3 8757 8758 8759
3 8760 8761 8762
3 8763 8764 8765
3 8766 8767 8768
3 8769 8770 8771
3 8772 8773 8774
3 8775 8776 8777
3 8778 8779 8780
3 8781 8782 8783
3 8784 8785 8786
3 8787 8788 8789
3 8790 8791 8792
3 8793 8794 8795
3 8796 8797 8798
3 8799 8800 8801
3 8802 8803 8804
3 8805 8806 8807
3 8808 8809 8810
3 8811 8812 8813
3 8814 8815 8816
3 8817 8818 8819
3 8820 8821 8822
3 8823 8824 8825
3 8826 8827 8828
3 8829 8830 8831
3 8832 8833 8834
3 8835 8836 8837
3 8838 8839 8840
3 8841 8842 8843
3 8844 8845 8846
3 8847 8848 8849
3 8850 8851 8852
3 8853 8854 8855
3 8856 8857 8858
3 8859 8860 8861
3 8862 8863 8864
3 8865 8866 8867
3 8868 8869 8870
3 8871 8872 8873
3 8874 8875 8876
3 8877 8878 8879
3 8880 8881 8882
3 8883 8884 8885
3 8886 8887 8888
3 8889 8890 8891
3 8892 8893 8894
3 8895 8896 8897
3 8898 8899 8900
3 8901 8902 8903
3 8904 8905 8906
3 8907 8908 8909
3 8910 8911 8912
3 8913 8914 8915
3 8916 8917 8918
3 8919 8920 8921
3 8922 8923 8924
3 8925 8926 8927
3 8928 8929 8930
3 8931 8932 8933
3 8934 8935 8936
3 8937 8938 8939
3 8940 8941 8942
3 8943 8944 8945
3 8946 8947 8948
3 8949 8950 8951
3 8952 8953 8954
3 8955 8956 8957
3 8958 8959 8960
3 8961 8962 8963
3 8964 8965 8966
3 8967 8968 8969
3 8970 8971 8972
3 8973 8974 8975
3 8976 8977 8978
3 8979 8980 8981
3 8982 8983 8984
3 8985 8986 8987
3 8988 8989 8990
3 8991 8992 8993
3 8994 8995 8996
3 8997 8998 8999
3 9000 9001 9002
3 9003 9004 9005
3 9006 9007 9008
3 9009 9010 9011
3 9012 9013 9014
3 9015 9016 9017
3 9018 9019 9020
3 9021 9022 9023
3 9024 9025 9026
3 9027 9028 9029
3 9030 9031 9032
3 9033 9034 9035
3 9036 9037 9038
3 9039 9040 9041
3 9042 9043 9044
3 9045 9046 9047
3 9048 9049 9050
3 9051 9052 9053
3 9054 9055 9056
3 9057 9058 9059
3 9060 9061 9062
3 9063 9064 9065
3 9066 9067 9068
3 9069 9070 9071
3 9072 9073 9074
3 9075 9076 9077
3 9078 9079 9080
3 9081 9082 9083
3 9084 9085 9086
3 9087 9088 9089
3 9090 9091 9092
3 9093 9094 9095
3 9096 9097 9098
3 9099 9100 9101
3 9102 9103 9104
3 9105 9106 9107
3 9108 9109 9110
3 9111 9112 9113
3 9114 9115 9116
3 9117 9118 9119
3 9120 9121 9122
3 9123 9124 9125
3 9126 9127 9128
3 9129 9130 9131
3 9132 9133 9134
3 9135 9136 9137
3 9138 9139 9140
3 9141 9142 9143
3 9144 9145 9146
3 9147 9148 9149
3 9150 9151 9152
3 9153 9154 9155
3 9156 9157 9158
3 9159 9160 9161
3 9162 9163 9164
3 9165 9166 9167
3 9168 9169 9170
3 9171 9172 9173
3 9174 9175 9176
3 9177 9178 9179
3 9180 9181 9182
3 9183 9184 9185
3 9186 9187 9188
3 9189 9190 9191
3 9192 9193 9194
3 9195 9196 9197
3 9198 9199 9200
3 9201 9202 9203
3 9204 9205 9206
3 9207 9208 9209
3 9210 9211 9212
3 9213 9214 9215
3 9216 9217 9218
3 9219 9220 9221
3 9222 9223 9224
3 9225 9226 9227
3 9228 9229 9230
3 9231 9232 9233
3 9234 9235 9236
3 9237 9238 9239
3 9240 9241 9242
3 9243 9244 9245
3 9246 9247 9248
3 9249 9250 9251
3 9252 9253 9254
3 9255 9256 9257
3 9258 9259 9260
3 9261 9262 9263
3 9264 9265 9266
3 9267 9268 9269
3 9270 9271 9272
3 9273 9274 9275
3 9276 9277 9278
3 9279 9280 9281
3 9282 9283 9284
3 9285 9286 9287
3 9288 9289 9290
3 9291 9292 9293
3 9294 9295 9296
3 9297 9298 9299
3 9300 9301 9302
3 9303 9304 9305
3 9306 9307 9308
3 9309 9310 9311
3 9312 9313 9314
3 9315 9316 9317
3 9318 9319 9320
3 9321 9322 9323
3 9324 9325 9326
3 9327 9328 9329
3 9330 9331 9332
3 9333 9334 9335
3 9336 9337 9338
3 9339 9340 9341
3 9342 9343 9344
3 9345 9346 9347
3 9348 9349 9350
3 9351 9352 9353
3 9354 9355 9356
3 9357 9358 9359
3 9360 9361 9362
3 9363 9364 9365
3 9366 9367 9368
3 9369 9370 9371
3 9372 9373 9374
3 9375 9376 9377
3 9378 9379 9380
3 9381 9382 9383
3 9384 9385 9386
3 9387 9388 9389
3 9390 9391 9392
3 9393 9394 9395
3 9396 9397 9398
3 9399 9400 9401
3 9402 9403 9404
3 9405 9406 9407
3 9408 9409 9410
3 9411 9412 9413
3 9414 9415 9416
3 9417 9418 9419
3 9420 9421 9422
3 9423 9424 9425
3 9426 9427 9428
3 9429 9430 9431
3 9432 9433 9434
3 9435 9436 9437
3 9438 9439 9440
3 9441 9442 9443
3 9444 9445 9446
3 9447 9448 9449
3 9450 9451 9452
3 9453 9454 9455
3 9456 9457 9458
3 9459 9460 9461
3 9462 9463 9464
3 9465 9466 9467
3 9468 9469 9470
3 9471 9472 9473
3 9474 9475 9476
3 9477 9478 9479
3 9480 9481 9482
3 9483 9484 9485
3 9486 9487 9488
3 9489 9490 9491
3 9492 9493 9494
3 9495 9496 9497
3 9498 9499 9500
3 9501 9502 9503
3 9504 9505 9506
3 9507 9508 9509
3 9510 9511 9512
3 9513 9514 9515
3 9516 9517 9518
3 9519 9520 9521
3 9522 9523 9524
3 9525 9526 9527
3 9528 9529 9530
3 9531 9532 9533
3 9534 9535 9536
3 9537 9538 9539
3 9540 9541 9542
3 9543 9544 9545
3 9546 9547 9548
3 9549 9550 9551
3 9552 9553 9554
3 9555 9556 9557
3 9558 9559 9560
3 9561 9562 9563
3 9564 9565 9566
3 9567 9568 9569
3 9570 9571 9572
3 9573 9574 9575
3 9576 9577 9578
3 9579 9580 9581
3 9582 9583 9584
3 9585 9586 9587
3 9588 9589 9590
3 9591 9592 9593
3 9594 9595 9596
3 9597 9598 9599
3 9600 9601 9602
3 9603 9604 9605
3 9606 9607 9608
3 9609 9610 9611
3 9612 9613 9614
3 9615 9616 9617
3 9618 9619 9620
3 9621 9622 9623
3 9624 9625 9626
3 9627 9628 9629
3 9630 9631 9632
3 9633 9634 9635
3 9636 9637 9638
3 9639 9640 9641
3 9642 9643 9644
3 9645 9646 9647
3 9648 9649 9650
3 9651 9652 9653
3 9654 9655 9656
3 9657 9658 9659
3 9660 9661 9662
3 9663 9664 9665
3 9666 9667 9668
3 9669 9670 9671
3 9672 9673 9674
3 9675 9676 9677
3 9678 9679 9680
3 9681 9682 9683
3 9684 9685 9686
3 9687 9688 9689
3 9690 9691 9692
3 9693 9694 9695
3 9696 9697 9698
3 9699 9700 9701
3 9702 9703 9704
3 9705 9706 9707
3 9708 9709 9710
3 9711 9712 9713
3 9714 9715 9716
3 9717 9718 9719
3 9720 9721 9722
3 9723 9724 9725
3 9726 9727 9728
3 9729 9730 9731
3 9732 9733 9734
3 9735 9736 9737
3 9738 9739 9740
3 9741 9742 9743
3 9744 9745 9746
3 9747 9748 9749
3 9750 9751 9752
3 9753 9754 9755
3 9756 9757 9758
3 9759 9760 9761
3 9762 9763 9764
3 9765 9766 9767
3 9768 9769 9770
3 9771 9772 9773
3 9774 9775 9776
3 9777 9778 9779
3 9780 9781 9782
3 9783 9784 9785
3 9786 9787 9788
3 9789 9790 9791
3 9792 9793 9794
3 9795 9796 9797
3 9798 9799 9800
3 9801 9802 9803
3 9804 9805 9806
3 9807 9808 9809
3 9810 9811 9812
3 9813 9814 9815
3 9816 9817 9818
3 9819 9820 9821
3 9822 9823 9824
3 9825 9826 9827
3 9828 9829 9830
3 9831 9832 9833
3 9834 9835 9836
3 9837 9838 9839
3 9840 9841 9842
3 9843 9844 9845
3 9846 9847 9848
3 9849 9850 9851
3 9852 9853 9854
3 9855 9856 9857
3 9858 9859 9860
3 9861 9862 9863
3 9864 9865 9866
3 9867 9868 9869
3 9870 9871 9872
3 9873 9874 9875
3 9876 9877 9878
3 9879 9880 9881
3 9882 9883 9884
3 9885 9886 9887
3 9888 9889 9890
3 9891 9892 9893
3 9894 9895 9896
3 9897 9898 9899
3 9900 9901 9902
3 9903 9904 9905
3 9906 9907 9908
3 9909 9910 9911
3 9912 9913 9914
3 9915 9916 9917
3 9918 9919 9920
3 9921 9922 9923
3 9924 9925 9926
3 9927 9928 9929
3 9930 9931 9932
3 9933 9934 9935
3 9936 9937 9938
3 9939 9940 9941
3 9942 9943 9944
3 9945 9946 9947
3 9948 9949 9950
3 9951 9952 9953
3 9954 9955 9956
3 9957 9958 9959
3 9960 9961 9962
3 9963 9964 9965
3 9966 9967 9968
3 9969 9970 9971
3 9972 9973 9974
3 9975 9976 9977
3 9978 9979 9980
3 9981 9982 9983
3 9984 9985 9986
3 9987 9988 9989
3 9990 9991 9992
3 9993 9994 9995
3 9996 9997 9998
3 9999 10000 10001
3 10002 10003 10004
3 10005 10006 10007
3 10008 10009 10010
3 10011 10012 10013
3 10014 10015 10016
3 10017 10018 10019
3 10020 10021 10022
3 10023 10024 10025
3 10026 10027 10028
3 10029 10030 10031
3 10032 10033 10034
3 10035 10036 10037
3 10038 10039 10040
3 10041 10042 10043
3 10044 10045 10046
3 10047 10048 10049
3 10050 10051 10052
3 10053 10054 10055
3 10056 10057 10058
3 10059 10060 10061
3 10062 10063 10064
3 10065 10066 10067
3 10068 10069 10070
3 10071 10072 10073
3 10074 10075 10076
3 10077 10078 10079
3 10080 10081 10082
3 10083 10084 10085
3 10086 10087 10088
3 10089 10090 10091
3 10092 10093 10094
3 10095 10096 10097
3 10098 10099 10100
3 10101 10102 10103
3 10104 10105 10106
3 10107 10108 10109
3 10110 10111 10112
3 10113 10114 10115
3 10116 10117 10118
3 10119 10120 10121
3 10122 10123 10124
3 10125 10126 10127
3 10128 10129 10130
3 10131 10132 10133
3 10134 10135 10136
3 10137 10138 10139
3 10140 10141 10142
3 10143 10144 10145
3 10146 10147 10148
3 10149 10150 10151
3 10152 10153 10154
3 10155 10156 10157
3 10158 10159 10160
3 10161 10162 10163
3 10164 10165 10166
3 10167 10168 10169
3 10170 10171 10172
3 10173 10174 10175
3 10176 10177 10178
3 10179 10180 10181
3 10182 10183 10184
3 10185 10186 10187
3 10188 10189 10190
3 10191 10192 10193
3 10194 10195 10196
3 10197 10198 10199
3 10200 10201 10202
3 10203 10204 10205
3 10206 10207 10208
3 10209 10210 10211
3 10212 10213 10214
3 10215 10216 10217
3 10218 10219 10220
3 10221 10222 10223
3 10224 10225 10226
3 10227 10228 10229
3 10230 10231 10232
3 10233 10234 10235
3 10236 10237 10238
3 10239 10240 10241
3 10242 10243 10244
3 10245 10246 10247
3 10248 10249 10250
3 10251 10252 10253
3 10254 10255 10256
3 10257 10258 10259
3 10260 10261 10262
3 10263 10264 10265
3 10266 10267 10268
3 10269 10270 10271
3 10272 10273 10274
3 10275 10276 10277
3 10278 10279 10280
3 10281 10282 10283
3 10284 10285 10286
3 10287 10288 10289
3 10290 10291 10292
3 10293 10294 10295
3 10296 10297 10298
3 10299 10300 10301
3 10302 10303 10304
3 10305 10306 10307
3 10308 10309 10310
3 10311 10312 10313
3 10314 10315 10316
3 10317 10318 10319
3 10320 10321 10322
3 10323 10324 10325
3 10326 10327 10328
3 10329 10330 10331
3 10332 10333 10334
3 10335 10336 10337
3 10338 10339 10340
3 10341 10342 10343
3 10344 10345 10346
3 10347 10348 10349
3 10350 10351 10352
3 10353 10354 10355
3 10356 10357 10358
3 10359 10360 10361
3 10362 10363 10364
3 10365 10366 10367
3 10368 10369 10370
3 10371 10372 10373
3 10374 10375 10376
3 10377 10378 10379
3 10380 10381 10382
3 10383 10384 10385
3 10386 10387 10388
3 10389 10390 10391
3 10392 10393 10394
3 10395 10396 10397
3 10398 10399 10400
3 10401 10402 10403
3 10404 10405 10406
3 10407 10408 10409
3 10410 10411 10412
3 10413 10414 10415
3 10416 10417 10418
3 10419 10420 10421
3 10422 10423 10424
3 10425 10426 10427
3 10428 10429 10430
3 10431 10432 10433
3 10434 10435 10436
3 10437 10438 10439
3 10440 10441 10442
3 10443 10444 10445
3 10446 10447 10448
3 10449 10450 10451
3 10452 10453 10454
3 10455 10456 10457
3 10458 10459 10460
3 10461 10462 10463
3 10464 10465 10466
3 10467 10468 10469
3 10470 10471 10472
3 10473 10474 10475
3 10476 10477 10478
3 10479 10480 10481
3 10482 10483 10484
3 10485 10486 10487
3 10488 10489 10490
3 10491 10492 10493
3 10494 10495 10496
3 10497 10498 10499
3 10500 10501 10502
3 10503 10504 10505
3 10506 10507 10508
3 10509 10510 10511
3 10512 10513 10514
3 10515 10516 10517
3 10518 10519 10520
3 10521 10522 10523
3 10524 10525 10526
3 10527 10528 10529
3 10530 10531 10532
3 10533 10534 10535
3 10536 10537 10538
3 10539 10540 10541
3 10542 10543 10544
3 10545 10546 10547
3 10548 10549 10550
3 10551 10552 10553
3 10554 10555 10556
3 10557 10558 10559
3 10560 10561 10562
3 10563 10564 10565
3 10566 10567 10568
3 10569 10570 10571
3 10572 10573 10574
3 10575 10576 10577
3 10578 10579 10580
3 10581 10582 10583
3 10584 10585 10586
3 10587 10588 10589
3 10590 10591 10592
3 10593 10594 10595
3 10596 10597 10598
3 10599 10600 10601
3 10602 10603 10604
3 10605 10606 10607
3 10608 10609 10610
3 10611 10612 10613
3 10614 10615 10616
3 10617 10618 10619
3 10620 10621 10622
3 10623 10624 10625
3 10626 10627 10628
3 10629 10630 10631
3 10632 10633 10634
3 10635 10636 10637
3 10638 10639 10640
3 10641 10642 10643
3 10644 10645 10646
3 10647 10648 10649
3 10650 10651 10652
3 10653 10654 10655
3 10656 10657 10658
3 10659 10660 10661
3 10662 10663 10664
3 10665 10666 10667
3 10668 10669 10670
3 10671 10672 10673
3 10674 10675 10676
3 10677 10678 10679
3 10680 10681 10682
3 10683 10684 10685
3 10686 10687 10688
3 10689 10690 10691
3 10692 10693 10694
3 10695 10696 10697
3 10698 10699 10700
3 10701 10702 10703
3 10704 10705 10706
3 10707 10708 10709
3 10710 10711 10712
3 10713 10714 10715
3 10716 10717 10718
3 10719 10720 10721
3 10722 10723 10724
3 10725 10726 10727
3 10728 10729 10730
3 10731 10732 10733
3 10734 10735 10736
3 10737 10738 10739
3 10740 10741 10742
3 10743 10744 10745
3 10746 10747 10748
3 10749 10750 10751
3 10752 10753 10754
3 10755 10756 10757
3 10758 10759 10760
3 10761 10762 10763
3 10764 10765 10766
3 10767 10768 10769
3 10770 10771 10772
3 10773 10774 10775
3 10776 10777 10778
3 10779 10780 10781
3 10782 10783 10784
3 10785 10786 10787
3 10788 10789 10790
3 10791 10792 10793
3 10794 10795 10796
3 10797 10798 10799
3 10800 10801 10802
3 10803 10804 10805
3 10806 10807 10808
3 10809 10810 10811
3 10812 10813 10814
3 10815 10816 10817
3 10818 10819 10820
3 10821 10822 10823
3 10824 10825 10826
3 10827 10828 10829
3 10830 10831 10832
3 10833 10834 10835
3 10836 10837 10838
3 10839 10840 10841
3 10842 10843 10844
3 10845 10846 10847
3 10848 10849 10850
3 10851 10852 10853
3 10854 10855 10856
3 10857 10858 10859
3 10860 10861 10862
3 10863 10864 10865
3 10866 10867 10868
3 10869 10870 10871
3 10872 10873 10874
3 10875 10876 10877
3 10878 10879 10880
3 10881 10882 10883
3 10884 10885 10886
3 10887 10888 10889
3 10890 10891 10892
3 10893 10894 10895
3 10896 10897 10898
3 10899 10900 10901
3 10902 10903 10904
3 10905 10906 10907
3 10908 10909 10910
3 10911 10912 10913
3 10914 10915 10916
3 10917 10918 10919
3 10920 10921 10922
3 10923 10924 10925
3 10926 10927 10928
3 10929 10930 10931
3 10932 10933 10934
3 10935 10936 10937
3 10938 10939 10940
3 10941 10942 10943
3 10944 10945 10946
3 10947 10948 10949
3 10950 10951 10952
3 10953 10954 10955
3 10956 10957 10958
3 10959 10960 10961
3 10962 10963 10964
3 10965 10966 10967
3 10968 10969 10970
3 10971 10972 10973
3 10974 10975 10976
3 10977 10978 10979
3 10980 10981 10982
3 10983 10984 10985
3 10986 10987 10988
3 10989 10990 10991
3 10992 10993 10994
3 10995 10996 10997
3 10998 10999 11000
3 11001 11002 11003
3 11004 11005 11006
3 11007 11008 11009
3 11010 11011 11012
3 11013 11014 11015
3 11016 11017 11018
3 11019 11020 11021
3 11022 11023 11024
3 11025 11026 11027
3 11028 11029 11030
3 11031 11032 11033
3 11034 11035 11036
3 11037 11038 11039
3 11040 11041 11042
3 11043 11044 11045
3 11046 11047 11048
3 11049 11050 11051
3 11052 11053 11054
3 11055 11056 11057
3 11058 11059 11060
3 11061 11062 11063
3 11064 11065 11066
3 11067 11068 11069
3 11070 11071 11072
3 11073 11074 11075
3 11076 11077 11078
3 11079 11080 11081
3 11082 11083 11084
3 11085 11086 11087
3 11088 11089 11090
3 11091 11092 11093
3 11094 11095 11096
3 11097 11098 11099
3 11100 11101 11102
3 11103 11104 11105
3 11106 11107 11108
3 11109 11110 11111
3 11112 11113 11114
3 11115 11116 11117
3 11118 11119 11120
3 11121 11122 11123
3 11124 11125 11126
3 11127 11128 11129
3 11130 11131 11132
3 11133 11134 11135
3 11136 11137 11138
3 11139 11140 11141
3 11142 11143 11144
3 11145 11146 11147
3 11148 11149 11150
3 11151 11152 11153
3 11154 11155 11156
3 11157 11158 11159
3 11160 11161 11162
3 11163 11164 11165
3 11166 11167 11168
3 11169 11170 11171
3 11172 11173 11174
3 11175 11176 11177
3 11178 11179 11180
3 11181 11182 11183
3 11184 11185 11186
3 11187 11188 11189
3 11190 11191 11192
3 11193 11194 11195
3 11196 11197 11198
3 11199 11200 11201
3 11202 11203 11204
3 11205 11206 11207
3 11208 11209 11210
3 11211 11212 11213
3 11214 11215 11216
3 11217 11218 11219
3 11220 11221 11222
3 11223 11224 11225
3 11226 11227 11228
3 11229 11230 11231
3 11232 11233 11234
3 11235 11236 11237
3 11238 11239 11240
3 11241 11242 11243
3 11244 11245 11246
3 11247 11248 11249
3 11250 11251 11252
3 11253 11254 11255
3 11256 11257 11258
3 11259 11260 11261
3 11262 11263 11264
3 11265 11266 11267
3 11268 11269 11270
3 11271 11272 11273
3 11274 11275 11276
3 11277 11278 11279
3 11280 11281 11282
3 11283 11284 11285
3 11286 11287 11288
3 11289 11290 11291
3 11292 11293 11294
3 11295 11296 11297
3 11298 11299 11300
3 11301 11302 11303
3 11304 11305 11306
3 11307 11308 11309
3 11310 11311 11312
3 11313 11314 11315
3 11316 11317 11318
3 11319 11320 11321
3 11322 11323 11324
3 11325 11326 11327
3 11328 11329 11330
3 11331 11332 11333
3 11334 11335 11336
3 11337 11338 11339
3 11340 11341 11342
3 11343 11344 11345
3 11346 11347 11348
3 11349 11350 11351
3 11352 11353 11354
3 11355 11356 11357
3 11358 11359 11360
3 11361 11362 11363
3 11364 11365 11366
3 11367 11368 11369
3 11370 11371 11372
3 11373 11374 11375
3 11376 11377 11378
3 11379 11380 11381
3 11382 11383 11384
3 11385 11386 11387
3 11388 11389 11390
3 11391 11392 11393
3 11394 11395 11396
3 11397 11398 11399
3 11400 11401 11402
3 11403 11404 11405
3 11406 11407 11408
3 11409 11410 11411
3 11412 11413 11414
3 11415 11416 11417
3 11418 11419 11420
3 11421 11422 11423
3 11424 11425 11426
3 11427 11428 11429
3 11430 11431 11432
3 11433 11434 11435
3 11436 11437 11438
3 11439 11440 11441
3 11442 11443 11444
3 11445 11446 11447
3 11448 11449 11450
3 11451 11452 11453
3 11454 11455 11456
3 11457 11458 11459
3 11460 11461 11462
3 11463 11464 11465
3 11466 11467 11468
3 11469 11470 11471
3 11472 11473 11474
3 11475 11476 11477
3 11478 11479 11480
3 11481 11482 11483
3 11484 11485 11486
3 11487 11488 11489
3 11490 11491 11492
3 11493 11494 11495
3 11496 11497 11498
3 11499 11500 11501
3 11502 11503 11504
3 11505 11506 11507
3 11508 11509 11510
3 11511 11512 11513
3 11514 11515 11516
3 11517 11518 11519
3 11520 11521 11522
3 11523 11524 11525
3 11526 11527 11528
3 11529 11530 11531
3 11532 11533 11534
3 11535 11536 11537
3 11538 11539 11540
3 11541 11542 11543
3 11544 11545 11546
3 11547 11548 11549
3 11550 11551 11552
3 11553 11554 11555
3 11556 11557 11558
3 11559 11560 11561
3 11562 11563 11564
3 11565 11566 11567
3 11568 11569 11570
3 11571 11572 11573
3 11574 11575 11576
3 11577 11578 11579
3 11580 11581 11582
3 11583 11584 11585
3 11586 11587 11588
3 11589 11590 11591
3 11592 11593 11594
3 11595 11596 11597
3 11598 11599 11600
3 11601 11602 11603
3 11604 11605 11606
3 11607 11608 11609
3 11610 11611 11612
3 11613 11614 11615
3 11616 11617 11618
3 11619 11620 11621
3 11622 11623 11624
3 11625 11626 11627
3 11628 11629 11630
3 11631 11632 11633
3 11634 11635 11636
3 11637 11638 11639
3 11640 11641 11642
3 11643 11644 11645
3 11646 11647 11648
3 11649 11650 11651
CELL_TYPES 3884
5
5
5
5
5
5
5
5
5
5
5
5
5
5
5
5
5
5
5
5
5
5
5
5
5
5
5
5
5
5
5
5
5
5
5
5
5
5
5
5
5
5
5
5
5
5
5
5
5
5
5
5
5
5
5
5
5
5
5
5
5
5
5
5
5
5
5
5
5
5
5
5
5
5
5
5
5
5
5
5
5
5
5
5
5
5
5
5
5
5
5
5
5
5
5
5
5
5
5
5
5
5
5
5
5
5
5
5
5
5
5
5
5
5
5
5
5
5
5
5
5
5
5
5
5
5
5
5
5
5
5
5
5
5
5
5
5
5
5
5
5
5
5
5
5
5
5
5
5
5
5
5
5
5
5
5
5
5
5
5
5
5
5
5
5
5
5
5
5
5
5
5
5
5
5
5
5
5
5
5
5
5
5
5
5
5
5
5
5
5
5
5
5
5
5
5
5
5
5
5
5
5
5
5
5
5
5
5
5
5
5
5
5
5
5
5
5
5
5
5
5
5
5
5
5
5
5
5
5
5
5
5
5
5
5
5
5
5
5
5
5
5
5
5
5
5
5
5
5
5
5
5
5
5
5
5
5
5
5
5
5
5
5
5
5
5
5
5
5
5
5
5
5
5
5
5
5
5
5
5
5
5
5
5
5
5
5
5
5
5
5
5
5
5
5
5
5
5
5
5
5
5
5
5
5
5
5
5
5
5
5
5
5
5
5
5
5
5
5
5
5
5
5
5
5
5
5
5
5
5
5
5
5
5
5
5
5
5
5
5
5
5
5
5
5
5
5
5
5
5
5
5
5
5
5
5
5
5
5
5
5
5
5
5
5
5
5
5
5
5
5
5
5
5
5
5
5
5
5
5
5
5
5
5
5
5
5
5
5
5
5
5
5
5
5
5
5
5
5
5
5
5
5
5
5
5
5
5
5
5
5
5
5
5
5
5
5
5
5
5
5
5
5
5
5
5
5
5
5
5
5
5
5
5
5
5
5
5
5
5
5
5
5
5
5
5
5
5
5
5
5
5
5
5
5
5
5
5
5
5
5
5
5
5
5
5
5
5
5
5
5
5
5
5
5
5
5
5
5
5
5
5
5
5
5
5
5
5
5
5
5
5
5
5
5
5
5
5
5
5
5
5
5
5
5
5
5
5
5
5
5
5
5
5
5
5
5
5
5
5
5
5
5
5
5
5
5
5
5
5
5
5
5
5
5
5
5
5
5
5
5
5
5
5
5
5
5
5
5
5
5
5
5
5
5
5
5
5
5
5
5
5
5
5
5
5
5
5
5
5
5
5
5
5
5
5
5
5
5
5
5
5
5
5
5
5
5
5
5
5
5
5
5
5
5
5
5
5
5
5
5
5
5
5
5
5
5
5
5
5
5
5
5
5
5
5
5
5
5
5
5
5
5
5
5
5
5
5
5
5
5
5
5
5
5
5
5
5
5
5
5
5
5
5
5
5
5
5
5
5
5
5
5
5
5
5
5
5
5
5
5
5
5
5
5
5
5
5
5
5
5
5
5
5
5
5
5
5
5
5
5
5
5
5
5
5
5
5
5
5
5
5
5
5
5
5
5
5
5
5
5
5
5
5
5
5
5
5
5
5
5
5
5
5
5
5
5
5
5
5
5
5
5
5
5
5
5
5
5
5
5
5
5
5
5
5
5
5
5
5
5
5
5
5
5
5
5
5
5
5
5
5
5
5
5
5
5
5
5
5
5
5
5
5
5
5
5
5
5
5
5
5
5
5
5
5
5
5
5
5
5
5
5
5
5
5
5
5
5
5
5
5
5
5
5
5
5
5
5
5
5
5
5
5
5
5
5
5
5
5
5
5
5
5
5
5
5
5
5
5
5
5
5
5
5
5
5
5
5
5
5
5
5
5
5
5
5
5
5
5
5
5
5
5
5
5
5
5
5
5
5
5
5
5
5
5
5
5
5
5
5
5
5
5
5
5
5
5
5
5
5
5
5
5
5
5
5
5
5
5
5
5
5
5
5
5
5
5
5
5
5
5
5
5
5
5
5
5
5
5
5
5
5
5
5
5
5
5
5
5
5
5
5
5
5
5
5
5
5
5
5
5
5
5
5
5
5
5
5
5
5
5
5
5
5
5
5
5
5
5
5
5
5
5
5
5
5
5
5
5
5
5
5
5
5
5
5
5
5
5
5
5
5
5
5
5
5
5
5
5
5
5
5
5
5
5
5
5
5
5
5
5
5
5
5
5
5
5
5
5
5
5
5
5
5
5
5
5
5
5
5
5
5
5
5
5
5
5
5
5
5
5
5
5
5
5
5
5
5
5
5
5
5
5
5
5
5
5
5
5
5
5
5
5
5
5
5
5
5
5
5
5
5
5
5
5
5
5
5
5
5
5
5
5
5
5
5
5
5
5
5
5
5
5
5
5
5
5
5
5
5
5
5
5
5
5
5
5
5
5
5
5
5
5
5
5
5
5
5
5
5
5
5
5
5
5
5
5
5
5
5
5
5
5
5
5
5
5
5
5
5
5
5
5
5
5
5
5
5
5
5
5
5
5
5
5
5
5
5
5
5
5
5
5
5
5
5
5
5
5
5
5
5
5
5
5
5
5
5
5
5
5
5
5
5
5
5
5
5
5
5
5
5
5
5
5
5
5
5
5
5
5
5
5
5
5
5
5
5
5
5
5
5
5
5
5
5
5
5
5
5
5
5
5
5
5
5
5
5
5
5
5
5
5
5
5
5
5
5
5
5
5
5
5
5
5
5
5
5
5
5
5
5
5
5
5
5
5
5
5
5
5
5
5
5
5
5
5
5
5
5
5
5
5
5
5
5
5
5
5
5
5
5
5
5
5
5
5
5
5
5
5
5
5
5
5
5
5
5
5
5
5
5
5
5
5
5
5
5
5
5
5
5
5
5
5
5
5
5
5
5
5
5
5
5
5
5
5
5
5
5
5
5
5
5
5
5
5
5
5
5
5
5
5
5
5
5
5
5
5
5
5
5
5
5
5
5
5
5
5
5
5
5
5
5
5
5
5
5
5
5
5
5
5
5
5
5
5
5
5
5
5
5
5
5
5
5
5
5
5
5
5
5
5
5
5
5
5
5
5
5
5
5
5
5
5
5
5
5
5
5
5
5
5
5
5
5
5
5
5
5
5
5
5
5
5
5
5
5
5
5
5
5
5
5
5
5
5
5
5
5
5
5
5
5
5
5
5
5
5
5
5
5
5
5
5
5
5
5
5
5
5
5
5
5
5
5
5
5
5
5
5
5
5
5
5
5
5
5
5
5
5
5
5
5
5
5
5
5
5
5
5
5
5
5
5
5
5
5
5
5
5
5
5
5
5
5
5
5
5
5
5
5
5
5
5
5
5
5
5
5
5
5
5
5
5
5
5
5
5
5
5
5
5
5
5
5
5
5
5
5
5
5
5
5
5
5
5
5
5
5
5
5
5
5
5
5
5
5
5
5
5
5
5
5
5
5
5
5
5
5
5
5
5
5
5
5
5
5
5
5
5
5
5
5
5
5
5
5
5
5
5
5
5
5
5
5
5
5
5
5
5
5
5
5
5
5
5
5
5
5
5
5
5
5
5
5
5
5
5
5
5
5
5
5
5
5
5
5
5
5
5
5
5
5
5
5
5
5
5
5
5
5
5
5
5
5
5
5
5
5
5
5
5
5
5
5
5
5
5
5
5
5
5
5
5
5
5
5
5
5
5
5
5
5
5
5
5
5
5
5
5
5
5
5
5
5
5
5
5
5
5
5
5
5
5
5
5
5
5
5
5
5
5
5
5
5
5
5
5
5
5
5
5
5
5
5
5
5
5
5
5
5
5
5
5
5
5
5
5
5
5
5
5
5
5
5
5
5
5
5
5
5
5
5
5
5
5
5
5
5
5
5
5
5
5
5
5
5
5
5
5
5
5
5
5
5
5
5
5
5
5
5
5
5
5
5
5
5
5
5
5
5
5
5
5
5
5
5
5
5
5
5
5
5
5
5
5
5
5
5
5
5
5
5
5
5
5
5
5
5
5
5
5
5
5
5
5
5
5
5
5
5
5
5
5
5
5
5
5
5
5
5
5
5
5
5
5
5
5
5
5
5
5
5
5
5
5
5
5
5
5
5
5
5
5
5
5
5
5
5
5
5
5
5
5
5
5
5
5
5
5
5
5
5
5
5
5
5
5
5
5
5
5
5
5
5
5
5
5
5
5
5
5
5
5
5
5
5
5
5
5
5
5
5
5
5
5
5
5
5
5
5
5
5
5
5
5
5
5
5
5
5
5
5
5
5
5
5
5
5
5
5
5
5
5
5
5
5
5
5
5
5
5
5
5
5
5
5
5
5
5
5
5
5
5
5
5
5
5
5
5
5
5
5
5
5
5
5
5
5
5
5
5
5
5
5
5
5
5
5
5
5
5
5
5
5
5
5
5
5
5
5
5
5
5
5
5
5
5
5
5
5
5
5
5
5
5
5
5
5
5
5
5
5
5
5
5
5
5
5
5
5
5
5
5
5
5
5
5
5
5
5
5
5
5
5
5
5
5
5
5
5
5
5
5
5
5
5
5
5
5
5
5
5
5
5
5
5
5
5
5
5
5
5
5
5
5
5
5
5
5
5
5
5
5
5
5
5
5
5
5
5
5
5
5
5
5
5
5
5
5
5
5
5
5
5
5
5
5
5
5
5
5
5
5
5
5
5
5
5
5
5
5
5
5
5
5
5
5
5
5
5
5
5
5
5
5
5
5
5
5
5
5
5
5
5
5
5
5
5
5
5
5
5
5
5
5
5
5
5
5
5
5
5
5
5
5
5
5
5
5
5
5
5
5
5
5
5
5
5
5
5
5
5
5
5
5
5
5
5
5
5
5
5
5
5
5
5
5
5
5
5
5
5
5
5
5
5
5
5
5
5
5
5
5
5
5
5
5
5
5
5
5
5
5
5
5
5
5
5
5
5
5
5
5
5
5
5
5
5
5
5
5
5
5
5
5
5
5
5
5
5
5
5
5
5
5
5
5
5
5
5
5
5
5
5
5
5
5
5
5
5
5
5
5
5
5
5
5
5
5
5
5
5
5
5
5
5
5
5
5
5
5
5
5
5
5
5
5
5
5
5
5
5
5
5
5
5
5
5
5
5
5
5
5
5
5
5
5
5
5
5
5
5
5
5
5
5
5
5
5
5
5
5
5
5
5
5
5
5
5
5
5
5
5
5
5
5
5
5
5
5
5
5
5
5
5
5
5
5
5
5
5
5
5
5
5
5
5
5
5
5
5
5
5
5
5
5
5
5
5
5
5
5
5
5
5
5
5
5
5
5
5
5
5
5
5
5
5
5
5
5
5
5
5
5
5
5
5
5
5
5
5
5
5
5
5
5
5
5
5
5
5
5
5
5
5
5
5
5
5
5
5
5
5
5
5
5
5
5
5
5
5
5
5
5
5
5
5
5
5
5
5
5
5
5
5
5
5
5
5
5
5
5
5
5
5
5
5
5
5
5
5
5
5
5
5
5
5
5
5
5
5
5
5
5
5
5
5
5
5
5
5
5
5
5
5
5
5
5
5
5
5
5
5
5
5
5
5
5
5
5
5
5
5
5
5
5
5
5
5
5
5
5
5
5
5
5
5
5
5
5
5
5
5
5
5
5
5
5
5
5
5
5
5
5
5
5
5
5
5
5
5
5
5
5
5
5
5
5
5
5
5
5
5
5
5
5
5
5
5
5
5
5
5
5
5
5
5
5
5
5
5
5
5
5
5
5
5
5
5
5
5
5
5
5
5
5
5
5
5
5
5
5
5
5
5
5
5
5
5
5
5
5
5
5
5
5
5
5
5
5
5
5
5
5
5
5
5
5
5
5
5
5
5
5
5
5
5
5
5
5
5
5
5
5
5
5
5
5
5
5
5
5
5
5
5
5
5
5
5
5
5
5
5
5
5
5
5
5
5
5
5
5
5
5
5
5
5
5
5
5
5
5
5
5
5
5
5
5
5
5
5
5
5
5
5
5
5
5
5
5
5
5
5
5
5
5
5
5
5
5
5
5
5
5
5
5
5
5
5
5
5
5
5
5
5
5
5
5
5
5
5
5
5
5
5
5
5
5
5
5
5
5
5
5
5
5
5
5
5
5
5
5
5
5
5
5
5
5
5
5
5
5
5
5
5
5
5
5
5
5
5
5
5
5
5
5
5
5
5
5
5
5
5
5
5
5
5
5
5
5
5
5
5
5
5
5
5
5
5
5
5
5
5
5
5
5
5
5
5
5
5
5
5
5
5
5
5
5
5
5
5
5
5
5
5
5
5
5
5
5
5
5
5
5
5
5
5
5
5
5
5
5
5
5
5
5
5
5
5
5
5
5
5
5
5
5
5
5
5
5
5
5
5
5
5
5
5
5
5
5
5
5
5
5
5
5
5
5
5
5
5
5
5
5
5
5
5
5
5
5
5
5
5
5
5
5
5
5
5
5
5
5
5
5
5
5
5
5
5
5
5
5
5
5
5
5
5
5
5
5
5
5
5
5
5
5
5
5
5
5
5
5
5
5
5
5
5
5
5
5
5
5
5
5
5
5
5
5
5
5
5
5
5
5
5
5
5
5
5
5
5
5
5
5
5
5
5
5
5
5
5
5
5
5
5
5
5
5
5
5
5
5
5
5
5
5
5
5
5
5
5
5
5
5
5
5
5
5
5
5
5
5
5
5
5
5
5
5
5
5
5
5
5
5
5
5
5
5
5
5
5
5
5
5
5
5
5
5
5
5
5
5
5
5
5
5
5
5
5
5
5
5
5
5
5
5
5
5
5
5
5
5
5
5
5
5
5
5
5
5
5
5
5
5
5
5
5
5
5
5
5
5
5
5
5
5
5
5
5
5
5
5
5
5
5
5
5
5
5
5
5
5
5
5
5
5
5
5
5
5
5
5
5
5
5
5
5
5
5
5
5
5
5
5
5
5
5
5
5
5
5
5
5
5
5
5
5
5
5
5
5
5
5
5
5
5
5
5
5
5
5
5
5
5
5
5
5
5
5
5
5
5
5
5
5
5
5
5
5
5
5
5
5
5
5
5
5
5
5
5
5
5
5
5
5
5
5
5
5
5
5
5
5
5
5
5
5
5
5
5
5
5
5
5
5
5
5
5
5
5
5
5
5
5
5
5
5
5
5
5
5
5
5
5
5
5
5
5
5
5
5
5
5
5
5
5
5
5
5
5
5
5
5
5
5
5
5
5
5
5
5
5
5
5
5
5
5
5
5
5
5
5
5
5
5
5
5
5
5
5
5
5
5
5
5
5
5
5
5
5
5
5
5
5
5
5
5
5
5
5
5
5
5
5
5
5
5
5
5
5
5
5
5
5
5
5
5
5
5
5
5
5
5
5
5
5
5
5
5
5
5
5
5
5
5
5
5
5
5
5
5
5
5
5
5
5
5
5
5
5
5
5
5
5
5
5
5
5
5
5
5
5
5
5
5
5
5
5
5
5
5
5
5
5
5
5
5
5
5
5
5
5
5
5
5
5
5
5
5
5
5
5
5
5
5
5
5
5
5
5
5
5
5
5
5
5
5
5
5
5
5
5
5
5
5
5
5
5
5
5
5
5
5
5
5
5
5
5
5
5
5
5
5
5
5
5
5
5
5
5
5
5
5
5
5
5
5
5
5
5
5
5
5
5
5
5
5
5
5
5
5
5
5
5
5
5
5
5
5
5
5
5
5
5
5
5
5
5
5
5
5
5
5
5
5
5
5
5
5
5
5
5
5
5
5
5
5
5
5
5
5
5
5
5
5
5
5
5
5
5
5
5
5
5
5
5
5
5
5
5
5
5
5
5
5
5
5
5
5
5
5
5
5
5
5
5
5
5
5
5
5
5
5
5
5
5
5
5
5
5
5
5
5
5
5
5
5
5
5
5
5
5
5
5
5
5
5
5
5
5
5
5
5
5
5
5
5
5
5
5
5
5
5
5
5
5
5
5
5
5
5
5
5
5
5
5
5
5
5
5
5
5
5
5
5
5
5
5
5
5
5
5
5
5
5
5
5
5
5
5
5
5
5
5
5
5
5
5
5
5
5
5
5
5
5
5
5
5
5
5
5
5
5
5
5
5
5
5
5
5
5
5
5
5
5
5
5
5
5
5
5
5
5
5
5
5
5
5
5
5
5
5
5
5
5
5
5
5
5
5
5
5
5
5
5
5
5
5
5
5
5
5
5
5
5
5
5
5
5
5
5
5
5
5
5
5
5
5
5
5
5
5
5
5
5
5
5
5
5
5
5
5
5
5
5
5
5
5
5
5
5
5
5
5
5
5
5
5
5
5
5
5
5
5
5
5
5
5
5
5
5
5
5
5
5
5
5
5
5
5
5
5
5
5
5
5
5
5
5
5
5
5
5
5
5
5
5
5
5
5
5
5
5
5
5
5
5
5
5
5
5
5
5
5
5
5
5
5
5
5
5
5
5
5
5
5
5
5
5
5
5
5
5
5
5
5
5
5
5
5
5
5
5
5
5
5
5
5
5
5
5
5
5
5
5
5
5
5
5
5
5
5
5
5
5
5
5
5
5
5
5
5
5
5
5
5
5
5
5
5
5
5
5
5
5
5
5
5
5
5
5
5
5
5
5
5
5
5
5
5
5
5
5
5
5
5
5
5
5
5
5
5
5
5
5
5
5
5
5
5
5
5
5
5
5
5
5
5
5
5
5
5
5
5
5
5
5
5
5
5
5
5
5
5
5
5
5
5
5
5
5
5
5
5
5
5
5
5
5
5
5
POINT_DATA 11652
SCALARS Deviateur float
LOOKUP_TABLE default
0.00253623
0.00220131
0.00382897
0.176022
0.00911814
0.179271
0.00443449
0.00318827
0.00254156
0.00850959
0.00864202
0.175428
0.00887428
0.00852134
0.17871
0.00855724
0.0088744
0.17871
0.00798166
0.0071874
0.00829882
0.00718333
0.00797759
0.0070857
0.00620408
0.00721251
0.00620042
0.00521132
0.00619737
0.0061937
0.00620587
0.00721253
0.0062041
0.00721193
0.00794585
0.00829878
0.00379844
0.00425712
0.00442868
0.00695322
0.00755429
0.00853759
0.00354898
0.00379285
0.00346356
0.0029016
0.00354598
0.00346057
0.00330563
0.0029008
0.00345976
0.00319744
0.00444365
0.00527164
0.00250493
0.00253413
0.00289502
0.00254373
0.00383647
0.00443666
0.0028973
0.0025364
0.00318312
0.00250259
0.00219686
0.00253178
0.00390636
0.00416787
0.00355171
0.00290068
0.0031865
0.00354506
0.00528161
0.00593894
0.0046811
0.0052514
0.004681
0.00593884
0.00634436
0.00578194
0.00629016
0.0064205
0.00601878
0.00632612
0.00601513
0.00599218
0.00566494
0.00714798
0.00652602
0.00682126
0.00714771
0.00673982
0.00652575
0.00612602
0.00581698
0.00662467
0.00472202
0.00426091
0.00463982
0.00538334
0.00472579
0.00464359
0.00521383
0.00482406
0.00472583
0.00650447
0.00627466
0.00564259
0.00425907
0.00417268
0.00463798
0.00534245
0.00443574
0.00482352
0.00319564
0.00526985
0.00390885
0.00481989
0.00443211
0.00426054
0.00524822
0.00519425
0.00429162
0.00721118
0.00807753
0.0079451
0.00612258
0.00703132
0.00613265
0.00525744
0.00611662
0.0061267
0.0061284
0.00703131
0.00612256
0.00908217
0.176001
0.17927
0.00704266
0.00853641
0.0071107
0.00613594
0.00703461
0.00710264
0.0069515
0.00853587
0.00704213
0.198107
0.176064
0.00927825
0.00679639
0.00629207
0.00589907
0.00525784
0.00594528
0.00660055
0.00679744
0.00590012
0.00660555
0.00463937
0.00417407
0.00467305
0.00416904
0.00425543
0.00355288
0.00924868
0.00826537
0.218857
0.198254
0.00988622
0.219494
0.00807919
0.00711418
0.00853988
0.00525743
0.00612245
0.00611661
0.00710671
0.00754948
0.00694841
0.00612979
0.00662845
0.00694207
0.00703406
0.00613115
0.00694343
0.00472263
0.00482086
0.00426152
0.00598952
0.00522086
0.00566228
0.00563344
0.00482711
0.00521688
0.00650353
0.00564164
0.00599374
0.00581108
0.00534977
0.00563717
0.00627234
0.00581417
0.00564027
0.00627565
0.00662517
0.00581748
0.00525485
0.00534952
0.00611987
0.00524921
0.00443717
0.00534388
0.0052004
0.00525437
0.00612363
0.00719893
0.00620566
0.00615307
0.00346745
0.00428241
0.00422093
0.00250751
0.0028976
0.00330243
0.00379579
0.00442603
0.0034665
0.00425417
0.0037955
0.00355163
0.00442767
0.0042831
0.00346814
0.00521976
0.00421522
0.00422656
0.00420552
0.00323854
0.00330925
0.00346418
0.00421767
0.00331005
0.00454535
0.00478149
0.00529239
0.0032946
0.00422429
0.00429289
0.00523326
0.00619365
0.00615917
0.0043026
0.00522372
0.00519736
0.00423047
0.00421523
0.0052202
0.00539001
0.0057764
0.0055883
0.00521496
0.00472696
0.0051609
0.00464513
0.00524921
0.0053195
0.00516148
0.00472753
0.00538507
0.00558625
0.00516436
0.00538796
0.00558716
0.00566075
0.00516527
0.00467431
0.00391382
0.00527481
0.00464297
0.00467665
0.00524705
0.00417162
0.00391011
0.0046706
0.00712784
0.00848053
0.00787928
0.00718285
0.00715261
0.00754777
0.00738111
0.00718361
0.00754854
0.00674202
0.0071499
0.00718014
0.00852683
0.00738562
0.00755305
0.0065072
0.00599741
0.00673591
0.00710302
0.00628158
0.00711383
0.00599746
0.00652189
0.00673596
0.00563387
0.00534647
0.00482754
0.00711184
0.00627959
0.0065094
0.0058127
0.00612175
0.00535139
0.00710139
0.00662948
0.00627996
0.00710363
0.00694533
0.00663172
0.00599505
0.006018
0.00651948
0.00682413
0.00737899
0.00715084
0.00871823
0.00917892
0.197547
0.00521809
0.00516403
0.00565951
0.241393
0.219636
0.00904438
0.00532367
0.00525339
0.00589067
0.00538951
0.00532413
0.00589113
0.00538533
0.00464558
0.00531995
0.00873285
0.240686
0.00833665
0.00629612
0.00680044
0.007106
0.00755284
0.00711006
0.00794904
0.007036
0.00650764
0.00710749
0.00794827
0.00712011
0.00731401
0.241578
0.00962481
0.27414
0.00710861
0.00711942
0.00794758
0.00981969
0.299652
0.274335
0.00673648
0.0065064
0.00703475
0.00712408
0.00691677
0.00724019
0.00712309
0.0069441
0.00691577
0.00642466
0.00672204
0.00686579
0.00632806
0.00634746
0.00667215
0.00659802
0.00648648
0.0069409
0.00650526
0.00673534
0.00669628
0.00618491
0.00582523
0.00659328
0.00522078
0.00598943
0.00563734
0.00738007
0.00710702
0.00731206
0.00651309
0.00737742
0.00711552
0.00674279
0.00718091
0.00737841
0.00738414
0.00852535
0.00711109
0.00738142
0.00754844
0.00715327
0.00738407
0.00761762
0.00787725
0.353379
0.327357
0.0107536
0.00829266
0.298759
0.00892693
0.0073801
0.0073121
0.00711821
0.00808479
0.298756
0.00828983
0.00519943
0.00647806
0.00582155
0.00610798
0.00688254
0.0063254
0.00689127
0.00702467
0.00672413
0.00689261
0.00712328
0.00702601
0.0072424
0.0073862
0.00731391
0.00702459
0.0068678
0.00672405
0.00731231
0.00702742
0.00712469
0.00731276
0.00725747
0.00702786
0.00736488
0.00755339
0.00738741
0.00725598
0.00686958
0.00702638
0.00725659
0.00720751
0.00687019
0.00749703
0.00725904
0.00731433
0.00749668
0.00720962
0.00725869
0.00738706
0.00749746
0.00731476
0.00761931
0.00788807
0.00787895
0.00721042
0.00761538
0.00738184
0.00766209
0.00788734
0.00761858
0.00755483
0.00768537
0.00749926
0.00738786
0.00755383
0.00749827
0.00750017
0.0076198
0.00755462
0.00786378
0.00788816
0.00766291
0.00737918
0.00682432
0.00720777
0.00632102
0.00647974
0.00520111
0.00755376
0.00736525
0.00749932
0.00712659
0.00786278
0.00812491
0.00712579
0.00788636
0.00786198
0.376815
0.0110501
0.4065
0.00848415
0.00853052
0.00755674
0.405264
0.00981404
0.00846134
0.376637
0.353545
0.0108724
0.00766079
0.00761728
0.00749939
0.352313
0.00968742
0.00964105
0.00659973
0.00693446
0.00634487
0.00636635
0.00659752
0.00625156
0.00687592
0.00693625
0.00660151
0.0068226
0.00686874
0.00720606
0.00672916
0.00667466
0.00669682
0.00694172
0.00672972
0.00659883
0.0069427
0.00689102
0.0067307
0.00724152
0.00731303
0.00712541
0.00601379
0.00566359
0.00559001
0.00601263
0.00601496
0.00559118
0.00642116
0.00652091
0.00601943
0.00672023
0.00642286
0.00632848
0.00681883
0.00652359
0.00642384
0.00915487
0.327172
0.299826
0.00651183
0.00674054
0.00737616
0.00959519
0.326198
0.00818094
0.00659619
0.00669475
0.00618783
0.00669554
0.00667338
0.00634869
0.0061883
0.00669521
0.00673428
0.00659801
0.0067289
0.00669656
0.00669498
0.00634812
0.00650396
0.00689012
0.00667531
0.0067298
0.00712301
0.00689234
0.00694402
0.00672296
0.00667528
0.0068901
0.00672107
0.00632932
0.0066734
0.00681998
0.00642499
0.00686611
0.00559039
0.00577849
0.00601184
0.00601437
0.00578101
0.00634343
0.00632586
0.0060162
0.00634526
0.00632476
0.00601742
0.0060151
0.00629513
0.007105
0.00650516
0.00634677
0.00629258
0.00650261
0.00589496
0.00525767
0.00660038
0.00578043
0.00589566
0.00628866
0.00577742
0.00539103
0.00589265
0.00631976
0.00519984
0.00610233
0.00666223
0.00688367
0.00610911
0.00648274
0.00659428
0.00582623
0.00691158
0.00648548
0.00632676
0.00691364
0.00694196
0.00648754
0.00788071
0.00848197
0.00755455
0.00738385
0.00787703
0.00755087
0.00788641
0.00712585
0.00787729
0.00688713
0.00666568
0.00713823
0.00724015
0.00688906
0.00714016
0.00691292
0.00632811
0.00688524
0.00609846
0.00519597
0.00516521
0.00501864
0.00580573
0.00516363
0.00666585
0.00693734
0.0071384
0.0050192
0.00532823
0.00580629
0.00714175
0.00736302
0.00724174
0.00691598
0.0068883
0.0072394
0.00693906
0.00717942
0.00714012
0.0085037
0.00950201
0.41824
0.00761577
0.00721081
0.00749788
0.010961
0.428165
0.419648
0.00786631
0.00817898
0.00812844
0.00763654
0.00700728
0.00738472
0.440866
0.00926719
0.00884121
0.00776225
0.00762096
0.00763985
0.00786509
0.00776487
0.00817776
0.00763561
0.00710842
0.00700635
0.00761989
0.00744211
0.00763878
0.00761942
0.0074998
0.00744164
0.00776322
0.00786344
0.00768729
0.418243
0.00950554
0.00955609
0.419572
0.406639
0.00983637
0.00580816
0.00533011
0.00557875
0.00958372
0.00922259
0.426788
0.00599079
0.00555358
0.00624681
0.00634055
0.00599343
0.00624945
0.00666319
0.00634509
0.00693468
0.00665943
0.00581516
0.00634133
0.00557987
0.00548429
0.00598833
0.00633832
0.00558274
0.00599119
0.00610552
0.00581437
0.00665864
0.00610052
0.00516727
0.00580936
0.00532984
0.0057267
0.00557848
0.0107123
0.442311
0.43948
0.00781341
0.00763924
0.00738742
0.42823
0.010665
0.439433
0.0081776
0.00776471
0.00781647
0.00586774
0.00584324
0.00582707
0.00699823
0.00644168
0.00587366
0.00700013
0.00643981
0.00644358
0.00199039
0.00192692
0.00253316
0.00236516
0.00248662
0.00221215
0.00265847
0.00236499
0.00199228
0.00327781
0.00266335
0.00253993
0.00328319
0.00367054
0.00314133
0.0029278
0.002882
0.00361001
0.00220885
0.00187459
0.00198913
0.00409152
0.0049087
0.00499792
0.0054034
0.00594047
0.00539846
0.00558214
0.00633771
0.00581154
0.00526639
0.00645967
0.00676721
0.00733271
0.44086
0.00883472
0.00537831
0.00548334
0.00590496
0.00645718
0.00538157
0.00590823
0.0046285
0.00429728
0.00509014
0.00537559
0.0050966
0.00548063
0.00563783
0.00624562
0.00555239
0.00584529
0.00586979
0.00643781
0.00429852
0.00499922
0.00509139
0.00526174
0.00537941
0.00645501
0.00428702
0.00525379
0.0051725
0.00463265
0.00537329
0.00525562
0.00732073
0.00728005
0.438833
0.442308
0.00878055
0.440292
0.00737881
0.00700138
0.00587681
0.00643247
0.00540653
0.00584372
0.00679168
0.00641542
0.00643902
0.00710371
0.00679399
0.00644133
0.00710601
0.00712721
0.00679629
0.0063638
0.00567466
0.00641143
0.00332525
0.00364382
0.00276295
0.426611
0.00699357
0.413662
0.00474743
0.00468363
0.00380831
0.00539639
0.0047521
0.0044917
0.00594385
0.00640912
0.00540183
0.00643281
0.00594394
0.00540687
0.00643618
0.00641259
0.00594732
0.00643971
0.00643594
0.00584719
0.00718125
0.0071298
0.00749729
0.00714155
0.00718084
0.00736281
0.00687849
0.00712773
0.00717917
0.00700235
0.00710441
0.00644203
0.00710987
0.00763707
0.0074404
0.00539448
0.00475513
0.00539942
0.00367883
0.00462372
0.00427991
0.00408503
0.00429073
0.00367707
0.00320319
0.00408008
0.00328476
0.00192987
0.00286943
0.00253611
0.00468948
0.00539263
0.00491202
0.00380554
0.00468086
0.00392184
0.00475275
0.0053921
0.00468895
0.00409047
0.00468511
0.00490765
0.0050032
0.00491398
0.00566511
0.00554823
0.00500521
0.00563367
0.00429516
0.00408946
0.00499586
0.0072622
0.00635728
0.434458
0.440271
0.00871828
0.435914
0.00583722
0.00540003
0.00449534
0.0064082
0.00567143
0.00540092
0.0068734
0.00636782
0.00641546
0.00679398
0.0071249
0.00641772
0.00717854
0.00693818
0.00687786
0.00718204
0.00749807
0.00736401
0.006418
0.00712517
0.00687594
0.00710817
0.00743869
0.00712936
0.00744
0.00749816
0.00713067
0.0076405
0.00781467
0.0077629
0.00768573
0.00766102
0.00749962
0.00776241
0.00768647
0.00762112
0.0078631
0.00766224
0.00768695
0.00762042
0.00768578
0.00755524
0.00738637
0.00724256
0.00736384
0.00687401
0.00659961
0.00636844
0.00146889
0.00187165
0.00185248
0.00320531
0.00391784
0.00408221
0.00287368
0.00319666
0.00254036
0.0028779
0.0037971
0.00320088
0.00364579
0.00379859
0.00287939
0.00181968
0.00275533
0.00286979
0.00421472
0.00490906
0.00448827
0.00365117
0.00448269
0.00380397
0.00472404
0.00483148
0.00622902
0.00580516
0.00472731
0.00623229
0.00361892
0.00365576
0.00481917
0.00293026
0.00361248
0.00361749
0.00483773
0.00658667
0.00623527
0.00362248
0.00482273
0.0047153
0.00365714
0.00390419
0.00494712
0.00288442
0.00364926
0.00361243
0.00288367
0.00314075
0.00389556
0.00509718
0.00554803
0.00548121
0.00463211
0.00509375
0.00537275
0.00500341
0.00554642
0.00509558
0.00636121
0.00563862
0.00567207
0.00636314
0.00624834
0.00564055
0.00659744
0.00634258
0.00625148
0.00548452
0.00572831
0.00590613
0.00598823
0.0054842
0.00555102
0.005579
0.00572721
0.00548342
0.00676291
0.00518081
0.0052621
0.00448637
0.00474677
0.00380765
0.0042105
0.00448405
0.00365254
0.00491445
0.00581936
0.00449366
0.00671548
0.00518568
0.00676779
0.006321
0.00562665
0.425244
0.435865
0.00776475
0.426688
0.00582247
0.00583864
0.00449676
0.00557776
0.00470123
0.412246
0.00286701
0.00192746
0.0018169
0.00276145
0.00364231
0.00287591
0.00186552
0.00331615
0.00181819
0.00601354
0.396645
0.413558
0.00182118
0.00331914
0.00275684
0.00314504
0.383116
0.00459567
0.00380059
0.00391689
0.00320437
0.00500561
0.00566752
0.00563407
0.00392279
0.00468181
0.00408716
0.00539591
0.00566642
0.0049153
0.00494922
0.00390629
0.00428176
0.0065887
0.00496632
0.00671415
0.00482364
0.00366022
0.00495021
0.00495346
0.00428601
0.00517149
0.00288538
0.00389727
0.00365022
0.0031434
0.00367261
0.00389821
0.00390202
0.00367641
0.00427749
0.00266402
0.00313662
0.00287954
0.00266536
0.00327981
0.00313796
0.00319803
0.0032796
0.00254172
0.00408166
0.0036737
0.00328634
0.00429254
0.00462377
0.00367888
0.004629
0.00525197
0.00428519
0.00170351
0.00187115
0.00146839
0.0019224
0.00170368
0.00146856
0.00192415
0.00198762
0.00170542
0.00496001
0.00658239
0.00483345
0.00436979
0.00362599
0.00471379
0.0038706
0.00371608
0.00415634
0.00316324
0.00280733
0.00292605
0.0033893
0.00318177
0.00366957
0.00338619
0.00274437
0.00317866
0.00367011
0.00318231
0.0035517
0.00170525
0.00198744
0.0018729
0.00316836
0.00371171
0.0035518
0.00364867
0.0033301
0.00420663
0.00361845
0.00471127
0.00362346
0.00472108
0.00579894
0.00437708
0.00386858
0.00355415
0.00371406
0.00470921
0.00468284
0.00485279
0.00421973
0.00441793
0.00409559
0.00454854
0.00465497
0.00468164
0.00438144
0.00454675
0.00441998
0.00465576
0.00478418
0.00468244
0.00339005
0.00393701
0.00313771
0.00146892
0.00181221
0.00192277
0.000856848
0.00146548
0.00184908
0.000856872
0.00185612
0.0014655
0.384299
0.00432811
0.357149
0.384436
0.396547
0.00591581
0.00265904
0.00199285
0.00253561
0.00292233
0.002489
0.00236754
0.00287784
0.00292363
0.00236884
0.00266144
0.00287696
0.00236796
0.00496159
0.00517962
0.00670942
0.00361862
0.00371194
0.00316858
0.00371596
0.00362264
0.00436644
0.00316409
0.00317813
0.00280818
0.00361599
0.00316595
0.00292876
0.00355001
0.00318062
0.00316658
0.00221049
0.00199077
0.00236349
0.00262655
0.00187673
0.00221099
0.00255096
0.00263188
0.00313054
0.00254518
0.0018571
0.00217585
0.00254481
0.00206815
0.00185674
0.317896
0.00374459
0.00424921
0.319011
0.336361
0.00485906
0.00204614
0.355866
0.00304538
0.00181199
0.00146871
0.00185932
0.00325047
0.355867
0.00204682
0.00254759
0.00268262
0.00207092
0.00217844
0.00262869
0.00254777
0.00187402
0.0021736
0.00185485
0.00187661
0.00262643
0.00217619
0.00319164
0.00268638
0.00255135
0.336487
0.356989
0.00437275
0.00185108
0.0020625
0.000858852
0.00579982
0.00519402
0.00416774
0.00399626
0.00518921
0.00453336
0.00384274
0.00452848
0.003884
0.00318755
0.00379925
0.335302
0.00369039
0.0038788
0.00312694
0.00290471
0.00286378
0.00361845
0.004188
0.00362128
0.00410682
0.00445833
0.00419081
0.00410962
0.00368953
0.00312608
0.00362195
0.0047457
0.00493113
0.00478531
0.00499588
0.00492436
0.00483688
0.00493149
0.00485388
0.00478567
0.00511906
0.00493284
0.0049251
0.0051193
0.0049968
0.00493308
0.00416168
0.00518796
0.00399502
0.00387153
0.00415727
0.0039906
0.00371775
0.00436824
0.00415801
0.0031938
0.00319316
0.00268854
0.00274422
0.00338604
0.0031337
0.00221388
0.00273862
0.00262944
0.00221362
0.00248809
0.00280269
0.00474398
0.246347
0.270094
0.293172
0.00490112
0.270251
0.00400214
0.004784
0.00499257
0.00384858
0.00439063
0.00304431
0.00385159
0.00394276
0.00439365
0.00313822
0.00393753
0.00354368
0.00407727
0.00447481
0.00436166
0.00355401
0.00386856
0.00367241
0.00439414
0.00489423
0.00304782
0.00437521
0.00579707
0.00416499
0.00313242
0.00319314
0.00255284
0.00274169
0.00313118
0.00263252
0.00280676
0.00317672
0.00274243
0.00221447
0.00280353
0.0027392
0.00249047
0.00292379
0.00280507
0.00367255
0.00407135
0.00339228
0.00339318
0.00407224
0.00394015
0.292279
0.00416441
0.00400821
0.293336
0.318868
0.00522099
0.00286616
0.00361523
0.00362084
0.00387037
0.00409193
0.00367422
0.0038691
0.00386922
0.00355467
0.00410563
0.00384069
0.00369354
0.00452884
0.0038431
0.00399175
0.00409262
0.0040737
0.0036749
0.00387133
0.00421716
0.00387145
0.00422069
0.00438035
0.00441889
0.00410971
0.00435055
0.00410899
0.00354606
0.00393991
0.00384875
0.00319884
0.00354357
0.00384626
0.00319645
0.00313574
0.00354119
0.00435987
0.00394339
0.00407549
0.00485314
0.0047859
0.00470956
0.00439535
0.00394447
0.00436095
0.00319651
0.00384457
0.0030403
0.00319704
0.00319768
0.0038451
0.00384125
0.00397771
0.0039899
0.00369278
0.00383994
0.0038812
0.00290558
0.00361932
0.00312345
0.00397858
0.00421752
0.00387169
0.00410659
0.0039781
0.00384164
0.00362634
0.00418746
0.00393872
0.00438149
0.00443628
0.00454681
0.00410919
0.00437931
0.00421965
0.0044372
0.00465415
0.00454772
0.0042179
0.00409376
0.00387219
0.00410785
0.00421831
0.00397937
0.0041091
0.00419054
0.00437921
0.00399
0.00397781
0.00387092
0.00362631
0.00361572
0.0030073
0.00435172
0.00445887
0.00411016
0.00491074
0.0047226
0.00499545
0.0048361
0.00469067
0.0049951
0.00470622
0.00501956
0.00491077
0.00441879
0.00447507
0.00409645
0.00478686
0.0048541
0.00499543
0.0043648
0.00470792
0.00478426
0.00436377
0.00447693
0.00470689
0.0046831
0.00478484
0.00485304
0.00447799
0.00468159
0.00470796
0.00447703
0.00442075
0.00468062
0.0040953
0.00447392
0.00407638
0.00442099
0.00454776
0.00468086
0.00493159
0.00474616
0.00492385
0.00443691
0.00446098
0.00465386
0.00474584
0.00483604
0.00492352
0.00473227
0.00474503
0.00478464
0.00465593
0.00473198
0.00478434
0.00465485
0.00446196
0.00473089
0.00455655
0.00433664
0.00424322
0.00554135
0.223806
0.246195
0.00478368
0.00400183
0.00489873
0.00555902
0.222998
0.00473385
0.223658
0.0062189
0.201376
0.00570318
0.24546
0.00385677
0.00478502
0.00490006
0.00439997
0.00436376
0.00478322
0.00439817
0.00499272
0.00482746
0.00400229
0.00480948
0.245463
0.00570638
0.00389544
0.00362536
0.00365738
0.00412279
0.00410824
0.00389861
0.00433471
0.00412422
0.00409892
0.0043506
0.00410976
0.00412431
0.00433556
0.00435136
0.00412506
0.00451766
0.00455716
0.00424383
0.00458476
0.0043529
0.0043371
0.00452027
0.00483469
0.00474449
0.0041723
0.00451637
0.00424253
0.00417371
0.00449442
0.00468678
0.00512058
0.00499813
0.00531422
0.00455883
0.00451934
0.00474356
0.00458681
0.00455906
0.00474379
0.00458545
0.00433779
0.0045577
0.00469092
0.00491064
0.00499535
0.00452008
0.00468907
0.00483451
0.00449688
0.00490896
0.00468925
0.00393787
0.00417036
0.00424059
0.00470447
0.00490901
0.00449693
0.00531663
0.00571572
0.00512299
0.00474437
0.00473161
0.00458739
0.00445942
0.00443536
0.0041919
0.00458517
0.00446047
0.00435332
0.00458644
0.00473066
0.00446173
0.00361316
0.00286409
0.00300474
0.00410654
0.003621
0.00410726
0.00419164
0.00443509
0.0043803
0.00394033
0.00418907
0.00410762
0.00369386
0.00393867
0.00410596
0.00369225
0.00362468
0.00393706
0.00362527
0.00361966
0.00418639
0.00362261
0.00316027
0.00357036
0.00410659
0.00363093
0.00389696
0.00362685
0.00316046
0.0036228
0.00348455
0.00296024
0.00362086
0.00512137
0.0057141
0.00483362
0.00485458
0.00493219
0.00499592
0.00492531
0.00499683
0.00511928
0.158713
0.00582872
0.00523978
0.00511896
0.00483121
0.00499646
0.158716
0.00623113
0.00583205
0.178841
0.201228
0.00695194
0.00637022
0.200646
0.00548974
0.00362427
0.00357202
0.0036563
0.00472395
0.00531289
0.0049968
0.00501962
0.00472269
0.00491082
0.00459619
0.00497939
0.00470504
0.119325
0.137681
0.00584695
0.159296
0.1787
0.00681123
0.0034719
0.00348637
0.00363708
0.137813
0.159156
0.00568268
0.00315981
0.0034851
0.0035699
0.00323806
0.00363675
0.0036223
0.00393763
0.00424035
0.00409798
0.00383968
0.00393458
0.00358756
0.004172
0.00417719
0.00449271
0.00336581
0.00378864
0.00398779
0.00530781
0.00513375
0.102364
0.0041793
0.00459351
0.00470235
0.00443721
0.00480514
0.0049792
0.00459199
0.00399405
0.0044332
0.00449448
0.00417897
0.00470202
0.00384183
0.00399067
0.00417441
0.00416902
0.00393653
0.00384163
0.00417501
0.00416982
0.00384243
0.00417379
0.00468686
0.00451786
0.00358435
0.00324163
0.00357325
0.00378871
0.00343198
0.00394473
0.0030981
0.00342772
0.00336162
0.00521598
0.0049749
0.0713477
0.087525
0.005493
0.0716247
0.00433895
0.00475004
0.00499112
0.00379336
0.00433388
0.00443167
0.00416895
0.00474728
0.00433619
0.0876285
0.10264
0.00540999
0.00546387
0.137298
0.00516694
0.00540294
0.00536395
0.118881
0.00348384
0.00344091
0.00377196
0.00357155
0.00348389
0.00365583
0.00347055
0.00323704
0.00348215
0.00295941
0.00323579
0.00362003
0.00295516
0.00261136
0.0029754
0.00322437
0.00261396
0.00348206
0.00233589
0.00211934
0.00248817
0.00257434
0.00233839
0.00278169
0.00257293
0.00236146
0.00233698
0.00569061
0.102746
0.119208
0.00470646
0.00498081
0.0050198
0.00459529
0.00443651
0.00497849
0.00225508
0.00260985
0.00322026
0.00409931
0.00424168
0.00433511
0.00389858
0.00409745
0.00412275
0.00362931
0.00362527
0.00389535
0.00361941
0.00363
0.00410566
0.00300576
0.00315839
0.00362478
0.00365788
0.00377406
0.00389594
0.0036565
0.00348457
0.00377268
0.00347167
0.00348327
0.00357093
0.00348615
0.00347168
0.00357094
0.00323436
0.00297821
0.00317362
0.00377347
0.00344242
0.00393387
0.00389741
0.00377553
0.00409629
0.0034418
0.00358622
0.00393324
0.00363625
0.00323755
0.00347106
0.00377566
0.00393607
0.00409642
0.00317415
0.0029335
0.00343707
0.00348184
0.00317599
0.00343891
0.0029772
0.00293196
0.00317261
0.00399136
0.00379221
0.00443052
0.00459113
0.00417692
0.00399319
0.00357501
0.00336509
0.00398707
0.00383982
0.0035766
0.00398867
0.00383847
0.00358635
0.00357525
0.00192666
0.00234943
0.00265698
0.00195531
0.00192353
0.00211618
0.00163188
0.00144378
0.0019202
0.00443506
0.00433726
0.00480298
0.00278141
0.00233811
0.00249039
0.00298779
0.00278649
0.00335911
0.00323893
0.00298931
0.00336063
0.00323749
0.00293221
0.00298787
0.0035725
0.00324089
0.00336259
0.0035839
0.00343947
0.00324118
0.00233492
0.00235939
0.0019575
0.00298565
0.00293
0.002577
0.00236129
0.00260696
0.00225219
0.00293008
0.00297531
0.00261127
0.00278386
0.00298516
0.00257651
0.003239
0.00343729
0.00293372
0.00295394
0.00261014
0.00261013
0.0023341
0.00195669
0.00211756
0.00260803
0.00236237
0.00257384
0.00260815
0.00260816
0.00236248
0.00348116
0.00261307
0.00295686
0.00225001
0.00195721
0.00235911
0.00287063
0.00225595
0.00322113
0.00286593
0.00181996
0.00225125
0.00181231
0.00138596
0.0014426
0.00288775
0.0023153
0.00230637
0.00288975
0.00290415
0.00231731
0.00352066
0.00289383
0.00291972
0.0035227
0.00352982
0.00289588
0.004155
0.00353616
0.00415997
0.00351617
0.00290586
0.00352983
0.00289991
0.00291341
0.00235354
0.00352779
0.00290382
0.00290825
0.00351412
0.0029173
0.0029038
0.00381807
0.00412255
0.00352961
0.00414926
0.00381813
0.00352129
0.00415128
0.00412463
0.00382015
0.00323604
0.00317531
0.00348116
0.00295725
0.00297749
0.00323363
0.00260993
0.00257574
0.00292873
0.00255335
0.00182097
0.00286695
0.0025512
0.00222588
0.00181882
0.00224819
0.00181691
0.00195539
0.003949
0.00416627
0.00433351
0.00379173
0.00394775
0.00433225
0.00361697
0.00416387
0.0039466
0.0034314
0.00361451
0.00394414
0.00336393
0.00343003
0.00378676
0.00309894
0.00361167
0.00342856
0.00352457
0.00291939
0.0035162
0.00415256
0.00355261
0.00352882
0.00298805
0.00291762
0.0035228
0.00309725
0.00298874
0.00354727
0.00309372
0.0024936
0.0029852
0.00289976
0.00231734
0.00290419
0.00248679
0.00211796
0.00192531
0.00265745
0.0024886
0.00192712
0.00298517
0.00266241
0.00291473
0.00298375
0.00249215
0.002661
0.00309304
0.00278394
0.00249292
0.00178129
0.00144213
0.00127667
0.00230184
0.00178568
0.00173033
0.00234651
0.00192374
0.00178648
0.00181484
0.00163323
0.00195333
0.00173026
0.00175826
0.0023096
0.00230361
0.00173209
0.00231143
0.00178225
0.00127763
0.00172689
0.00181313
0.00144342
0.00163152
0.0013836
0.00127548
0.00127478
0.00208096
0.00138946
0.00222287
0.0052697
0.0873017
0.00508325
0.0026609
0.00248589
0.00298382
0.0023527
0.00266022
0.00291503
0.00234944
0.00194261
0.00265696
0.00288787
0.00230649
0.00235142
0.00182563
0.00138677
0.00160856
0.0049431
0.00491809
0.0621378
0.00472158
0.00416827
0.00415861
0.0715394
0.00516667
0.0623614
0.00499131
0.00480485
0.00433913
0.00354871
0.00299017
0.00352492
0.00474858
0.00417025
0.00472356
0.00352758
0.00351921
0.00381604
0.00266029
0.00235273
0.00291261
0.00335947
0.00278685
0.00309595
0.00195369
0.00163359
0.00192191
0.00230752
0.00231534
0.00289776
0.00235151
0.00230764
0.00289788
0.00234778
0.00178775
0.00230391
0.00494555
0.00492664
0.0394875
0.00353613
0.00415497
0.00415044
0.00416423
0.00480587
0.00415926
0.00138857
0.00181492
0.00222198
0.00219085
0.00143752
0.00127873
0.00192071
0.00144429
0.00178345
0.00219301
0.00128089
0.00208049
0.00414831
0.00352034
0.003534
0.0436259
0.00502436
0.00496073
0.00355293
0.00416255
0.00361565
0.00309934
0.00354936
0.00361208
0.00353074
0.00412368
0.00415447
0.00488956
0.00412822
0.00415487
0.00415469
0.00416436
0.00355474
0.00489147
0.00472391
0.00413013
0.00507827
0.0526768
0.062298
0.00412767
0.00472145
0.00415847
0.00505374
0.0524847
0.00488617
0.00482828
0.00489191
0.00415722
0.0437859
0.0526153
0.00518427
0.00255223
0.0021121
0.00180278
0.00495148
0.00495048
0.0409354
0.0437469
0.00508167
0.0410656
0.00415476
0.00415929
0.00482482
0.00518812
0.0525789
0.0438581
0.00414868
0.00489498
0.00464032
0.00414431
0.00415873
0.00489335
0.00292508
0.00211587
0.00255599
0.00207587
0.00234177
0.00238504
0.00161182
0.00207252
0.00211372
0.00193736
0.00182748
0.00161041
0.00248058
0.00194124
0.00211619
0.00234666
0.00182995
0.00193983
0.00138668
0.0017972
0.00160846
0.00211314
0.00259158
0.00207579
0.00297188
0.00294676
0.00318476
0.00161089
0.00179962
0.00210894
0.00127602
0.00143482
0.00138435
0.00175365
0.00127639
0.00138542
0.00138629
0.00207779
0.00127818
0.00219634
0.00255251
0.00180307
0.00292892
0.00322235
0.00259814
0.00194305
0.00248239
0.0026574
0.0391375
0.00492484
0.00475744
0.00506678
0.0396088
0.0410517
0.004157
0.00482706
0.00482807
0.00416149
0.0048081
0.00482701
0.00414622
0.00463786
0.00416363
0.0392544
0.0396027
0.00504177
0.00259235
0.00234247
0.00207656
0.00294564
0.0025982
0.0032224
0.00294359
0.00261115
0.00259615
0.00294877
0.00322554
0.00353207
0.00366911
0.00318905
0.00353436
0.00357041
0.00336718
0.00324691
0.00358294
0.00357114
0.00324763
0.00385084
0.00417106
0.00357512
0.0740805
0.00548897
0.0868057
0.00298816
0.00352308
0.00292004
0.00266825
0.00298385
0.00248591
0.00359312
0.00354289
0.00299048
0.00432706
0.00415523
0.00366331
0.00470371
0.0524476
0.00505673
0.0526383
0.00489445
0.0618973
0.00308478
0.00359158
0.00298894
0.00293202
0.00308151
0.00267006
0.00336931
0.0037967
0.00365891
0.00352686
0.00352896
0.00414039
0.00353405
0.00352694
0.00415786
0.00352775
0.00290821
0.00289381
0.00308169
0.00298585
0.00267025
0.00365729
0.00359383
0.00308702
0.00432587
0.00366212
0.00379991
0.00415278
0.0035974
0.00366087
0.00359697
0.00413792
0.00354674
0.00291716
0.00266234
0.00298527
0.00352277
0.00292184
0.00352487
0.00230097
0.00175856
0.00182919
0.0029158
0.00288991
0.00235347
0.00231152
0.00176018
0.00230258
0.00211768
0.00238565
0.00248207
0.00193832
0.00161137
0.00211327
0.00230294
0.00183117
0.00234788
0.0017555
0.00138727
0.00182612
0.00127478
0.00127548
0.00138382
0.0017268
0.00127753
0.0017548
0.00144079
0.00138415
0.00127534
0.0016118
0.00210986
0.00207251
0.00143656
0.00179662
0.0013861
0.00143927
0.0021926
0.00179933
0.00234356
0.00260844
0.00238683
0.00292521
0.00259443
0.002116
0.00365653
0.00308626
0.00336693
0.00238749
0.00266625
0.00248391
0.00238916
0.00271952
0.00292987
0.00354266
0.00352517
0.00299025
0.00415439
0.00413996
0.00359901
0.0041377
0.00352902
0.00354651
0.0041397
0.00414244
0.00353102
0.00454167
0.00489469
0.00416006
0.00489331
0.00414701
0.00414427
0.039268
0.00488793
0.0438125
0.00480748
0.00416585
0.00464008
0.00415991
0.00352898
0.0041425
0.00358496
0.00384887
0.00357315
0.00477303
0.00502769
0.0436976
0.00343415
0.00366993
0.00353333
0.00318594
0.00329845
0.00297306
0.00353194
0.00318664
0.00294864
0.00343175
0.00329999
0.00318748
0.00355193
0.00343375
0.00353294
0.00355266
0.00367091
0.00351203
0.00454652
0.0045405
0.00415889
0.00433002
0.00454581
0.00415819
0.00433278
0.00498059
0.00454857
0.00394288
0.00437774
0.00380102
0.0049813
0.00454326
0.00454928
0.00438244
0.0048182
0.00433168
0.0739972
0.0619705
0.00540563
0.0051732
0.0617381
0.00473517
0.0035518
0.0035328
0.00339392
0.0039395
0.00379764
0.00337026
0.00417485
0.00461447
0.00394492
0.00500101
0.00480246
0.00450999
0.00461516
0.00438047
0.00394561
0.0049611
0.00461997
0.00480269
0.0049637
0.00557569
0.00462256
0.00509817
0.00585023
0.0865762
0.00525748
0.00509618
0.0865742
0.00438341
0.00461809
0.00481916
0.00367144
0.00377345
0.00345099
0.00461564
0.00436629
0.0044348
0.00473165
0.00461791
0.00474789
0.00477082
0.00473216
0.0047484
0.00462621
0.00446744
0.00473074
0.00446466
0.00416055
0.00436487
0.00473071
0.00446741
0.00461697
0.00462486
0.00436067
0.00443325
0.00446619
0.00436639
0.00461574
0.00443204
0.00416078
0.00446489
0.00406822
0.00410553
0.00435771
0.00406465
0.00371244
0.00368504
0.00392687
0.00376354
0.00404785
0.0035885
0.00392665
0.00415616
0.00358718
0.00376199
0.00392533
0.00368492
0.00358769
0.00415535
0.00406597
0.00368635
0.00410328
0.00370819
0.00279794
0.00368079
0.00300482
0.00329498
0.00358254
0.00400269
0.00408605
0.00436307
0.00480512
0.00534218
0.00496353
0.00480525
0.0050038
0.00534232
0.00473917
0.00485157
0.00503602
0.00293273
0.00272238
0.00324262
0.00207511
0.00238429
0.00211631
0.00293489
0.00324477
0.00336505
0.00308384
0.00293435
0.00336451
0.00266774
0.00238899
0.00292969
0.0026097
0.00271844
0.00238809
0.00307696
0.00329967
0.00344741
0.00261165
0.00296921
0.00272039
0.00261241
0.00294484
0.00296996
0.00259414
0.00260914
0.00234426
0.00297269
0.00329808
0.00307536
0.00366877
0.00343299
0.00318871
0.00394247
0.00409407
0.00424149
0.00351118
0.00367006
0.00330187
0.00343284
0.00351039
0.00330107
0.00343368
0.00355186
0.00351123
0.00355207
0.0033942
0.00361447
0.00311293
0.003613
0.00339272
0.00425738
0.00453198
0.0047355
0.00398781
0.00406782
0.00435732
0.0036174
0.00398456
0.00383665
0.00361698
0.00371194
0.00398414
0.00458415
0.00461637
0.00443553
0.00469523
0.00449716
0.0046262
0.0049153
0.00469711
0.00477126
0.00453264
0.00449685
0.00469491
0.00443084
0.00410608
0.00415958
0.00462522
0.0044336
0.00446645
0.00435893
0.00410675
0.00443151
0.00383825
0.00398615
0.00409287
0.00377615
0.00383754
0.00409217
0.00367199
0.00355374
0.00383539
0.00367842
0.00279557
0.00300347
0.00361595
0.0038352
0.00355355
0.00370902
0.00361406
0.00311399
0.00371345
0.00406566
0.00398565
0.00417137
0.00394143
0.00357542
0.0047997
0.00417736
0.00450723
0.00480007
0.00461734
0.00417772
0.00557522
0.00482316
0.00462209
0.0997098
0.00589477
0.00528278
0.0999837
0.0868946
0.00616864
0.00432827
0.00380232
0.00437904
0.00311186
0.00297858
0.00370689
0.0049815
0.00433369
0.00482021
0.00473791
0.00500079
0.00450977
0.0042573
0.00473542
0.00450728
0.00503727
0.00491735
0.00504507
0.116885
0.100082
0.00565523
0.00473749
0.00453396
0.00484989
0.137635
0.117011
0.00578125
0.00297752
0.00279558
0.00370583
0.00358383
0.00368107
0.00300612
0.0038169
0.00400032
0.00392421
0.00351656
0.0038146
0.00371991
0.00448831
0.00360087
0.00369013
0.00318279
0.00365333
0.00351423
0.00351684
0.00380245
0.00381488
0.00493459
0.00491609
0.00477206
0.00474908
0.00493403
0.0047715
0.00487133
0.00487008
0.00493477
0.00439792
0.00469691
0.00478751
0.0047277
0.00439802
0.00478761
0.0040447
0.00469442
0.00439542
0.00503653
0.00500256
0.00473968
0.00513563
0.005038
0.0050458
0.00513549
0.00500389
0.00503786
0.0047912
0.00532904
0.00487113
0.20003
0.178963
0.00640411
0.00435741
0.00409461
0.0039879
0.00368665
0.00415708
0.00410358
0.00462507
0.00449604
0.00436088
0.00472928
0.0047892
0.00487037
0.00474872
0.00472915
0.00487024
0.0040432
0.00404251
0.00439324
0.00307435
0.00324309
0.00272286
0.00297076
0.00307343
0.00272194
0.00344723
0.00324552
0.00307678
0.00366986
0.0034494
0.00330166
0.00377435
0.00393876
0.00345188
0.00383613
0.00377474
0.00367273
0.00424203
0.00425376
0.003943
0.00418847
0.00425546
0.00450544
0.0033695
0.00357273
0.00393874
0.00358619
0.00393946
0.0038501
0.00344893
0.00358253
0.00324722
0.00394169
0.00425245
0.00385234
0.00345125
0.00393812
0.00358485
0.0037765
0.00409251
0.00394091
0.00435911
0.00449427
0.00409631
0.00453033
0.00425573
0.004244
0.00418601
0.00417311
0.00385289
0.00425327
0.00418628
0.00385316
0.00450517
0.0041753
0.0041882
0.00404803
0.00374326
0.00400049
0.00374246
0.00404723
0.00376292
0.00578667
0.137262
0.00540801
0.00504926
0.00606865
0.00513909
0.157934
0.137773
0.0062985
0.00504473
0.00491701
0.0049355
0.178314
0.00665019
0.00575519
0.00503662
0.00485217
0.0049167
0.00564821
0.157491
0.00585513
0.00500491
0.00513652
0.00534343
0.00658021
0.157493
0.00565065
0.00517376
0.00606877
0.00504938
0.178825
0.158074
0.00716133
0.0045852
0.0047474
0.00461742
0.00434584
0.00458324
0.00443462
0.0043456
0.00436431
0.004583
0.00504457
0.00493535
0.00487066
0.00516974
0.00504536
0.00487144
0.00485103
0.00469738
0.00491556
0.00434422
0.00443301
0.00410188
0.00404261
0.0043423
0.00391769
0.00436559
0.00472691
0.00458428
0.00493436
0.00474941
0.00487093
0.00477041
0.00462723
0.00473176
0.00453383
0.0046961
0.00484975
0.00449388
0.00424334
0.00409593
0.00477029
0.00469615
0.00462711
0.00453113
0.0042448
0.00449534
0.00374188
0.00376234
0.00387493
0.00478967
0.00486959
0.00487084
0.00436496
0.0043966
0.00472628
0.00474777
0.00458557
0.00472819
0.00404427
0.00439431
0.00436267
0.00551474
0.247574
0.00614317
0.00598325
0.19945
0.00582364
0.00400637
0.00454116
0.0052543
0.00375989
0.00358507
0.00329751
0.00387344
0.00376085
0.00329848
0.00404917
0.0041577
0.00392819
0.00436295
0.00405011
0.00400257
0.00436348
0.00415916
0.00405063
0.00387752
0.00453568
0.00374448
0.00424534
0.00400538
0.00525331
0.00469473
0.00404501
0.00448731
0.222237
0.00687043
0.248301
0.00533031
0.0051707
0.0048724
0.00470004
0.00532846
0.00479063
0.222076
0.200175
0.00670893
0.00380192
0.0035163
0.0036554
0.00409747
0.00380387
0.00365735
0.00408356
0.00381678
0.00380436
0.00400056
0.00424053
0.00381796
0.00450459
0.00578513
0.00637378
0.00381703
0.00423959
0.00372234
0.0039242
0.0039995
0.0038169
0.00374284
0.00392396
0.00400007
0.00374284
0.00399925
0.00392395
0.00374489
0.00453609
0.00400131
0.00450067
0.00636987
0.00461791
0.00551193
0.00530451
0.247571
0.00365024
0.00404002
0.0040407
0.0040722
0.293187
0.27011
0.00356893
0.00221518
0.00447742
0.00404125
0.00357506
0.00448355
0.00403845
0.00364867
0.00357226
0.00314444
0.00281284
0.00220819
0.00525927
0.00578056
0.0042513
0.00371948
0.00368728
0.00351613
0.00487353
0.00369208
0.0046102
0.00647456
0.00488287
0.00461954
0.00502027
0.00383012
0.00487536
0.00317676
0.00318119
0.00351263
0.00368546
0.00317845
0.00351432
0.00291682
0.00266794
0.00317305
0.00460593
0.00368781
0.00360125
0.00238945
0.00266531
0.00291419
0.00202588
0.00206587
0.00172989
0.00289715
0.00314929
0.00241676
0.0029036
0.00358664
0.0032919
0.00265887
0.00289727
0.00232785
0.00309181
0.00370395
0.00290332
0.00239562
0.00315622
0.00317738
0.00188365
0.00238769
0.00207917
0.00188551
0.00263314
0.00238955
0.00356772
0.00391215
0.00316259
0.0036457
0.0035668
0.0031556
0.00364866
0.00403913
0.00356977
0.00266881
0.00317836
0.00317392
0.00239133
0.00266355
0.0023877
0.00239397
0.00317574
0.0026662
0.00536862
0.00310637
0.269144
0.248458
0.00619194
0.269967
0.00356447
0.00314696
0.00221071
0.00289711
0.00261105
0.00232769
0.00260677
0.00187493
0.0020683
0.00484359
0.00474577
0.00405043
0.0036215
0.412243
0.00328871
0.00252607
0.00281391
0.00314551
0.0026374
0.0031544
0.0023938
0.0067973
0.00489018
0.00648187
0.00191195
0.00153361
0.00268078
0.00373946
0.00293821
0.360503
0.00253572
0.00179048
0.00173448
0.31658
0.00499061
0.339926
0.00178715
0.00154508
0.00173116
0.00252062
0.00179312
0.00253836
0.00263994
0.00315087
0.00315694
0.00178973
0.00216348
0.00188194
0.00252549
0.00314875
0.00263782
0.00281188
0.00252404
0.00254178
0.338876
0.00394058
0.00367048
0.316421
0.293343
0.00422761
0.00357066
0.00404002
0.0039151
0.00315039
0.0036443
0.0031542
0.00315178
0.00356928
0.00364569
0.31545
0.00325619
0.00386085
0.00449046
0.00369229
0.00424174
0.005778
0.00449746
0.00424874
0.00460863
0.00360395
0.00449139
0.00647957
0.00462455
0.00637651
0.00289982
0.00266142
0.00308832
0.00238937
0.00238574
0.00208085
0.00373256
0.00427087
0.00433965
0.00382566
0.00368944
0.0048709
0.00389551
0.00309521
0.00372715
0.00265596
0.00232494
0.00202984
0.00381728
0.00315399
0.00290185
0.00290498
0.00370561
0.00358802
0.00315075
0.00308916
0.00266226
0.00389544
0.00370728
0.00309514
0.00290288
0.00359554
0.00368209
0.00314664
0.00315046
0.0025272
0.00410101
0.00443214
0.00408661
0.00391558
0.00409785
0.00365773
0.00391788
0.00434249
0.00410015
0.00316288
0.00391245
0.00365459
0.0040441
0.0043625
0.00434379
0.00216845
0.0025222
0.00263453
0.00188476
0.00216631
0.00263239
0.00179187
0.00251937
0.00216562
0.00679243
0.00503022
0.00488531
0.00679862
0.00673066
0.00503641
0.361635
0.340076
0.00487079
0.384145
0.36178
0.00421474
0.00641103
0.00532684
0.00524306
0.00191434
0.00268317
0.00224713
0.384272
0.00451909
0.399478
0.0015292
0.00173029
0.00154421
0.382941
0.00280966
0.00318799
0.382941
0.00301014
0.00280906
0.00390389
0.00463135
0.00469646
0.00172735
0.00154507
0.00178714
0.00207696
0.00172944
0.00188144
0.00206426
0.001546
0.00172828
0.00153348
0.00187339
0.00268065
0.00152967
0.00154468
0.00186958
0.00470444
0.0052687
0.00565351
0.00434142
0.00463015
0.0039027
0.00434617
0.0053179
0.0046349
0.00590517
0.00631617
0.00652272
0.00556529
0.00575963
0.00565281
0.00589975
0.00556576
0.00565328
0.00556274
0.00527066
0.00538029
0.00575807
0.0051023
0.00565125
0.00461741
0.413572
0.399576
0.00475001
0.00546349
0.00469769
0.00404992
0.00474527
0.00469294
0.00269328
0.00329222
0.00389255
0.00359563
0.00483973
0.00404657
0.00594915
0.0056824
0.00661313
0.00424704
0.0048404
0.00359631
0.0049247
0.00567307
0.00484962
0.423631
0.413654
0.00503204
0.00469934
0.00546515
0.00524331
0.00589173
0.0056517
0.00510275
0.00589238
0.00492287
0.00602621
0.00663729
0.00589813
0.00603197
0.00631324
0.00565576
0.00589579
0.00328793
0.00268899
0.00261357
0.00469011
0.00390175
0.00404709
0.00550316
0.005246
0.00546784
0.00523807
0.00390575
0.00469411
0.00225376
0.0026898
0.00388906
0.00695282
0.00664443
0.00711254
0.00589942
0.0055528
0.00556542
0.00588927
0.00510029
0.00491976
0.00694716
0.00845544
0.434015
0.423715
0.00834065
0.435409
0.00642284
0.00700034
0.00783344
0.00551227
0.00641514
0.00702054
0.005363
0.00475018
0.00484799
0.00522991
0.00226228
0.00389759
0.422276
0.00664469
0.00690185
0.422266
0.0036662
0.00663383
0.0066193
0.00652723
0.00695078
0.0074577
0.00697675
0.00703561
0.00617899
0.00566056
0.00590183
0.00568318
0.00618145
0.00661391
0.00567998
0.00565981
0.00617825
0.00594324
0.00485303
0.00567649
0.00658181
0.00595216
0.00661512
0.00586483
0.00546741
0.00475393
0.00657932
0.00587254
0.00594967
0.00658088
0.00641488
0.0058741
0.00576055
0.00538375
0.00610916
0.00565846
0.00555311
0.00589973
0.00469858
0.00491944
0.00425099
0.00526529
0.00470103
0.00463591
0.0051112
0.00526666
0.00463729
0.005551
0.00565635
0.00527154
0.00565235
0.00492414
0.00470328
0.00732709
0.00724106
0.00753753
0.00766936
0.0074617
0.00753941
0.00762826
0.00766992
0.00753997
0.00763253
0.0078375
0.0070044
0.00745978
0.00763126
0.00700313
0.0077579
0.00701475
0.00609087
0.00658464
0.00699615
0.00641865
0.00703007
0.00703299
0.00662023
0.00745758
0.00700093
0.00697663
0.00425148
0.00491993
0.00484484
0.0037101
0.00424325
0.00359251
0.0037138
0.00469454
0.00424695
0.00202592
0.00172992
0.00207744
0.00532975
0.00641394
0.00611116
0.00575872
0.00556438
0.00538193
0.00524313
0.00503119
0.00672544
0.00434818
0.00523614
0.00531992
0.00434468
0.0042759
0.00523264
0.00511138
0.00463747
0.00532047
0.00537896
0.00511387
0.00532296
0.00537878
0.00526915
0.00511369
0.0061077
0.0053823
0.00532629
0.00556331
0.00555069
0.00527123
0.00289628
0.00239023
0.00291496
0.00381905
0.00290363
0.00368284
0.00315432
0.00372466
0.00309272
0.00241596
0.00314849
0.00266
0.00373132
0.0043384
0.00389968
0.00382005
0.0037271
0.00315676
0.00427818
0.00502298
0.00523492
0.00382378
0.00426914
0.00373083
0.0038281
0.00501825
0.00427346
0.00356517
0.00316005
0.00315397
0.0040845
0.0038053
0.00409891
0.00436452
0.00408749
0.00443303
0.00400086
0.00381744
0.00408421
0.0031816
0.00316043
0.00365214
0.00317615
0.0035939
0.00291993
0.00317872
0.00368574
0.00359647
0.00372191
0.00423917
0.00368971
0.00290032
0.002919
0.00359298
0.00206474
0.00187137
0.00154648
0.00202787
0.00232297
0.00206786
0.00238453
0.00202811
0.00207964
0.00241221
0.00265625
0.00203013
0.00238564
0.0024113
0.00202923
0.00238855
0.0028946
0.00241421
0.00260883
0.00268426
0.001877
0.00232491
0.00260828
0.00206981
0.00329675
0.00404242
0.00389708
0.00290033
0.00328864
0.00261428
0.00359045
0.00404139
0.00329572
0.00172847
0.00178827
0.00188048
0.00524777
0.00673009
0.00641574
0.00703312
0.00723936
0.0073254
0.00703535
0.00703244
0.00732472
0.00745887
0.00703678
0.00732615
0.00697382
0.00658662
0.00703269
0.00662099
0.00695247
0.00702981
0.00618427
0.00652466
0.00661673
0.00618188
0.00590472
0.00652227
0.0049274
0.00565562
0.00567578
0.00469337
0.00371264
0.00390081
0.00565579
0.00631326
0.00590226
0.00632006
0.00664177
0.00695016
0.00517755
0.00602381
0.00492047
0.00623521
0.00532436
0.00577051
0.00631653
0.00589909
0.00663824
0.00517959
0.00532237
0.00623322
0.00640995
0.00550707
0.00547175
0.441129
0.00848708
0.00929228
0.440261
0.435469
0.00990951
0.00768114
0.00748398
0.0075643
0.00609318
0.00783444
0.00762947
0.00723992
0.00711607
0.00741034
0.00661626
0.00661523
0.00595228
0.00642293
0.00783353
0.00702833
0.00658651
0.00697371
0.00699801
0.00547297
0.00587039
0.00641116
0.00661874
0.0070315
0.00658543
0.005367
0.00485199
0.0059422
0.00586849
0.00537041
0.00594561
0.00586449
0.00475359
0.00536641
0.00661987
0.00702869
0.00661885
0.00746233
0.00776456
0.00763382
0.00753827
0.00746055
0.00732783
0.00750836
0.00843224
0.430171
0.442569
0.00899139
0.439461
0.00762922
0.00775996
0.00609293
0.00767012
0.00776468
0.00746245
0.00767113
0.00776398
0.00776569
0.442575
0.440284
0.00993336
0.00638465
0.00623877
0.00577407
0.00651819
0.00685833
0.00664213
0.00624006
0.00651408
0.0060327
0.00624283
0.00685699
0.00651685
0.00718868
0.00719303
0.00741042
0.00686215
0.00718659
0.00711405
0.00686167
0.00697311
0.00718611
0.00718722
0.00697422
0.00719156
0.00664412
0.00686033
0.00711223
0.0062424
0.00638828
0.00685656
0.00518196
0.00623559
0.00602823
0.00639073
0.00697045
0.006859
0.00633748
0.00638498
0.0057744
0.00634086
0.0066269
0.00654151
0.00638922
0.00654237
0.00683739
0.007483
0.00753863
0.00741256
0.00706092
0.00719114
0.0069738
0.00693279
0.00705921
0.00672068
0.0071894
0.00732606
0.0070621
0.00693436
0.00718809
0.00706078
0.006637
0.00693138
0.00671926
0.00663853
0.00717509
0.00693291
0.00748229
0.00741186
0.00732821
0.00700806
0.00763387
0.00871501
0.431553
0.00981402
0.41928
0.00619276
0.00663347
0.00640198
0.00615812
0.00618872
0.00567004
0.00652125
0.00663387
0.00619316
0.0065234
0.00683384
0.00663602
0.0061625
0.00644687
0.00672084
0.00519999
0.00585572
0.00566572
0.00558826
0.00539791
0.00624981
0.00519973
0.00558628
0.00585546
0.00519625
0.00481944
0.0055828
0.00716463
0.00683562
0.00652518
0.00783243
0.00717166
0.00763147
0.00738323
0.00756228
0.00717969
0.0078316
0.0073841
0.00717083
0.00783292
0.00756447
0.00738542
0.00717877
0.00748105
0.00719031
0.00740912
0.00701917
0.00776233
0.00651542
0.00663936
0.00603404
0.00741017
0.00711589
0.00718842
0.00732724
0.00741089
0.00719349
0.00706211
0.00732607
0.00719232
0.00719081
0.00748155
0.00732747
0.00753782
0.00724134
0.00741175
0.00694978
0.00652623
0.00631967
0.0072384
0.00695482
0.00711454
0.00723812
0.00703188
0.00695454
0.00636909
0.00668711
0.00661716
0.00603137
0.00636499
0.00604795
0.00640391
0.00671767
0.00668757
0.00603255
0.00640055
0.00636618
0.00603196
0.00619074
0.00639996
0.00718002
0.00756261
0.0074823
0.00693475
0.00717694
0.00718848
0.00683849
0.0071675
0.00738077
0.00787957
0.00768247
0.00756562
0.00700621
0.00796331
0.00783299
0.00741291
0.00776612
0.0081488
0.00762763
0.00753935
0.00748372
0.00768136
0.00762811
0.0074842
0.0076823
0.00776356
0.00762904
0.00783458
0.00788008
0.00756613
0.00776352
0.00767067
0.00762901
0.00814971
0.00776531
0.00768404
0.00814999
0.0077673
0.00776559
0.439424
0.00895464
0.431617
0.00754786
0.441126
0.00928912
0.00788153
0.0081501
0.00768443
0.00796625
0.00788142
0.00783593
0.00796731
0.00815105
0.00788248
0.419169
0.0100934
0.3982
0.417861
0.00839534
0.00878529
0.00640274
0.00668639
0.00636837
0.00683603
0.00717477
0.00663821
0.00683882
0.00697038
0.00639066
0.00668844
0.00683839
0.00654338
0.00705975
0.00697262
0.00684107
0.00700509
0.00783187
0.00763091
0.398054
0.00954263
0.376131
0.00796573
0.00741358
0.00814947
0.396823
0.00926865
0.00831154
0.396825
0.00871786
0.00927001
0.0062496
0.00648734
0.00689185
0.374828
0.00824025
0.00994721
0.00636842
0.00661649
0.00648682
0.00588909
0.00696666
0.00660646
0.00604522
0.00527806
0.00660134
0.00540771
0.00604545
0.00624316
0.00526718
0.00475782
0.00463393
0.00603905
0.00476254
0.00527189
0.00603914
0.00529762
0.00476263
0.00568001
0.00604356
0.00540582
0.00527587
0.00567744
0.00540324
0.00527796
0.0060265
0.00567953
0.0109913
0.337126
0.358122
0.376003
0.0111217
0.358252
0.0071944
0.00710016
0.00816071
0.00715167
0.00719457
0.00816088
0.00714686
0.00672662
0.00718976
0.00763103
0.00715166
0.00772245
0.00762776
0.00716796
0.00672816
0.00882944
0.335954
0.00981916
0.00763629
0.00772771
0.00871742
0.00710449
0.00848623
0.00816505
0.00463035
0.00423949
0.00471467
0.00532307
0.00463626
0.00539992
0.00414921
0.00423759
0.00462845
0.00397126
0.00414873
0.00475187
0.00377778
0.00397001
0.00475062
0.003773
0.0033273
0.00396523
0.00396648
0.00332855
0.00414396
0.0065248
0.00672445
0.00716426
0.00625122
0.00689347
0.00696883
0.00540716
0.00624261
0.00588265
0.00648769
0.00661736
0.00662764
0.00604907
0.00648451
0.00624677
0.00604947
0.00636651
0.00648492
0.00614599
0.00701321
0.00625708
0.00377858
0.00332576
0.00349905
0.00481654
0.00519335
0.00471849
0.00529251
0.00481629
0.00454547
0.00539311
0.00558347
0.0048201
0.00527752
0.00588342
0.00660079
0.00415094
0.00463018
0.00475408
0.0053268
0.00587914
0.00527324
0.00463582
0.00532263
0.00526907
0.00540409
0.00587958
0.00532724
0.00701635
0.00614913
0.00719268
0.335952
0.00882759
0.00926601
0.00672809
0.00714833
0.0076277
0.00615961
0.00586154
0.00644398
0.00619157
0.00616097
0.00651967
0.00566893
0.00585893
0.00615701
0.00645155
0.00709442
0.00718867
0.00816266
0.00772424
0.00715345
0.306378
0.00916932
0.0094905
0.307477
0.336954
0.0102682
0.0047207
0.00527266
0.00540003
0.00481334
0.00471529
0.0042401
0.00519488
0.00527197
0.00472002
0.00625332
0.00644339
0.00559177
0.00566377
0.00527514
0.00519804
0.00559045
0.00644207
0.00585963
0.00614058
0.00625166
0.00539976
0.00645031
0.00718742
0.00672428
0.00652144
0.00616275
0.00672109
0.00625835
0.0070913
0.00644843
0.00602907
0.00604566
0.0056821
0.00618829
0.00602951
0.00566961
0.00663523
0.00671749
0.00640374
0.00566655
0.00602645
0.00527792
0.00683852
0.0073808
0.00717726
0.00668976
0.00671986
0.0070584
0.00684012
0.00669017
0.0070588
0.00634006
0.00654071
0.00638755
0.00661775
0.0066877
0.00654264
0.00662783
0.00661755
0.00654244
0.00662881
0.00696387
0.00648885
0.00648974
0.00696476
0.00689425
0.00624784
0.00696546
0.00588788
0.00378152
0.00528936
0.00455178
0.00378074
0.00414333
0.00332792
0.00475505
0.00529004
0.00378221
0.00377454
0.0045448
0.00320745
0.00848412
0.00702557
0.00761448
0.00701638
0.00709321
0.00626025
0.00761016
0.00702125
0.00719758
0.00837558
0.0076147
0.00720212
0.00814262
0.00837735
0.00720389
0.214533
0.248135
0.00987341
0.24832
0.27032
0.00929719
0.0084824
0.00710066
0.00702384
0.269519
0.00936497
0.00849533
0.270521
0.307255
0.0103675
0.00320336
0.00332474
0.00377044
0.0038939
0.00320786
0.0045452
0.00244723
0.00249295
0.00319615
0.00274178
0.00239391
0.00250395
0.00330192
0.00274483
0.002507
0.00330436
0.00323365
0.00274726
0.00293471
0.00332194
0.00320056
0.00249458
0.00293194
0.00319778
0.00322976
0.00249289
0.00239551
0.00328762
0.0034961
0.00293559
0.00323274
0.00328527
0.00249588
0.00323853
0.00422075
0.00329106
0.0037851
0.00453849
0.00423607
0.00414638
0.00378378
0.00423476
0.00350229
0.00429211
0.00378182
0.00249487
0.00328426
0.00293223
0.00324161
0.00420859
0.00422383
0.00274422
0.0032306
0.00239635
0.00523007
0.00520808
0.00619045
0.00539214
0.00481913
0.00529535
0.00454194
0.00481276
0.00423952
0.00612304
0.00718968
0.00614614
0.00478035
0.00430111
0.00519587
0.0054408
0.00478417
0.0051997
0.00615657
0.0054454
0.0052043
0.00611437
0.00529986
0.00544558
0.0045403
0.00378691
0.00477644
0.00708892
0.00798081
0.0081409
0.00616568
0.00620016
0.00717431
0.00662592
0.00616678
0.00707778
0.0071945
0.00662937
0.00708123
0.0061212
0.00616357
0.00662271
0.00520358
0.00522994
0.00615584
0.0052954
0.00478449
0.00544112
0.00522345
0.00421849
0.00520146
0.00429936
0.00423075
0.00522048
0.00429047
0.00350065
0.00329217
0.00721588
0.00620922
0.0072025
0.00611726
0.00544847
0.00615963
0.00521134
0.00619916
0.00619739
0.00332293
0.00293571
0.00349622
0.00720838
0.00710971
0.00807473
0.00721578
0.00717783
0.00620368
0.00829636
0.00722288
0.0072095
0.00829627
0.00718485
0.0072228
0.00614614
0.00520339
0.00612662
0.00614313
0.00522947
0.00520038
0.00709968
0.0061525
0.00613298
0.00619906
0.00523282
0.00614648
0.00717726
0.00707963
0.00616863
0.00520809
0.00522967
0.00619591
0.00520146
0.00421849
0.00522303
0.00318986
0.00390308
0.00354843
0.00524567
0.00428907
0.00443363
0.00422016
0.00420882
0.00331255
0.00519417
0.00522325
0.00429154
0.00428829
0.00522001
0.00422681
0.00471856
0.00539789
0.00463423
0.00245351
0.00388847
0.00367772
0.00249025
0.00244453
0.00239287
0.00320083
0.00388687
0.00245191
0.00244784
0.00367206
0.00220049
0.00529977
0.00613738
0.00539657
0.00378609
0.00429638
0.00477562
0.0061167
0.0061398
0.00530219
0.00662616
0.00719129
0.00612465
0.175449
0.00870587
0.00854577
0.198231
0.214365
0.00970594
0.00918176
0.247443
0.00842088
0.00219639
0.00250212
0.00239208
0.00244355
0.00219619
0.00239189
0.00367671
0.0038328
0.00220514
0.00719956
0.0070863
0.00813828
0.00901606
0.00878133
0.197541
0.00615609
0.00710327
0.00720194
0.176085
0.198101
0.00934196
0.250402
0.220446
0.242203
0.265261
0.250552
0.242354
0.226238
0.219252
0.176861
0.253192
0.226555
0.237474
0.253245
0.253184
0.226607
0.253317
0.253377
0.266035
0.26795
0.253365
0.266084
0.247892
0.219579
0.253143
0.199017
0.220257
0.237272
0.284235
0.269472
0.280025
0.316877
0.274752
0.282634
0.266454
0.266024
0.271151
0.266336
0.267079
0.266441
0.264476
0.266327
0.266432
0.265568
0.267076
0.266333
0.261313
0.264853
0.258866
0.269648
0.271002
0.265592
0.268104
0.269636
0.264911
0.255827
0.262655
0.261295
0.27092
0.273368
0.268137
0.274343
0.271031
0.269677
0.262445
0.26719
0.259453
0.265591
0.262439
0.259141
0.269237
0.267222
0.262478
0.269185
0.273456
0.269281
0.265583
0.270993
0.267092
0.273473
0.274296
0.269298
0.275855
0.273484
0.271049
0.275866
0.274318
0.273495
0.274364
0.275858
0.271052
0.274388
0.278315
0.275882
0.279909
0.278342
0.278547
0.274347
0.279257
0.27879
0.275899
0.278331
0.279261
0.199038
0.237292
0.226373
0.242436
0.274998
0.265343
0.265629
0.266008
0.267075
0.262473
0.265625
0.269232
0.259141
0.262627
0.265592
0.252131
0.25907
0.254765
0.241043
0.252071
0.254704
0.250059
0.25833
0.252113
0.26564
0.267086
0.269151
0.26265
0.265993
0.265615
0.258395
0.262602
0.259117
0.258418
0.265969
0.262625
0.269381
0.27116
0.266034
0.264108
0.276658
0.279982
0.250099
0.263947
0.258369
0.254683
0.276573
0.264023
0.274818
0.316943
0.302248
0.26377
0.255075
0.274482
0.30207
0.263928
0.27464
0.279141
0.245891
0.263755
0.259152
0.264465
0.270246
0.269442
0.284206
0.271221
0.317496
0.317021
0.282778
0.317378
0.284396
0.280186
0.262728
0.270884
0.268101
0.261336
0.262696
0.268069
0.255155
0.260887
0.262651
0.255807
0.255138
0.262634
0.270977
0.269923
0.269678
0.25408
0.254291
0.264529
0.254284
0.255926
0.260385
0.264564
0.254326
0.264537
0.254013
0.244466
0.254224
0.280692
0.275244
0.300561
0.280574
0.265471
0.275126
0.280177
0.280698
0.29733
0.280091
0.271785
0.280612
0.3153
0.296287
0.28707
0.328189
0.315442
0.297606
0.333731
0.296444
0.315457
0.266148
0.268718
0.271626
0.272098
0.272051
0.280064
0.263828
0.253081
0.257995
0.354421
0.333926
0.315651
0.257965
0.24985
0.258099
0.266143
0.258041
0.264501
0.253034
0.249833
0.257948
0.250512
0.257909
0.23757
0.26908
0.271994
0.266205
0.265331
0.269066
0.268707
0.27172
0.272013
0.269098
0.265408
0.271685
0.265329
0.280063
0.27205
0.271757
0.27695
0.278528
0.275767
0.274134
0.276936
0.275753
0.272241
0.276361
0.276931
0.266286
0.277486
0.277246
0.277292
0.277533
0.280161
0.267287
0.277245
0.276345
0.267253
0.266252
0.277212
0.253305
0.26789
0.248054
0.277628
0.274141
0.273062
0.27703
0.277637
0.273072
0.278731
0.275767
0.277652
0.280767
0.300635
0.297398
0.275694
0.266338
0.268026
0.278745
0.280166
0.277538
0.277053
0.278797
0.278739
0.270475
0.277006
0.273048
0.273472
0.274327
0.27877
0.270476
0.273454
0.277007
0.270443
0.267263
0.273421
0.274337
0.275885
0.279248
0.277288
0.279898
0.276387
0.297557
0.300794
0.32814
0.354402
0.315633
0.32838
0.26992
0.269073
0.266198
0.258062
0.265294
0.26867
0.266102
0.258065
0.268673
0.253298
0.237579
0.257918
0.265459
0.280563
0.271736
0.250604
0.265234
0.258001
0.22043
0.250386
0.237444
0.265338
0.265258
0.250629
0.241451
0.240705
0.249737
0.262404
0.259411
0.2548
0.274295
0.273441
0.269298
0.27041
0.263413
0.267229
0.269274
0.273417
0.267259
0.269191
0.271026
0.273462
0.265647
0.269159
0.269255
0.267104
0.271005
0.269169
0.275725
0.277482
0.266369
0.274143
0.27763
0.273816
0.27873
0.277523
0.275767
0.279277
0.280172
0.278809
0.279903
0.27854
0.276392
0.279281
0.279918
0.280176
0.279274
0.278345
0.279912
0.260049
0.258107
0.250161
0.255676
0.260041
0.250153
0.267039
0.264511
0.260127
0.270409
0.26707
0.263412
0.273035
0.274113
0.269306
0.273481
0.278779
0.277035
0.258039
0.266141
0.263871
0.260097
0.264481
0.258155
0.269287
0.271641
0.269939
0.269076
0.265341
0.271697
0.269929
0.268722
0.269081
0.264541
0.269905
0.266183
0.271639
0.268731
0.269937
0.264551
0.269263
0.269915
0.274123
0.273796
0.27167
0.266051
0.253393
0.258013
0.250026
0.240691
0.236996
0.258072
0.249824
0.250127
0.25572
0.26334
0.260085
0.264474
0.258014
0.258148
0.273769
0.266165
0.271643
0.271977
0.263918
0.266187
0.252979
0.241492
0.249778
0.163068
0.177355
0.164112
0.166996
0.162986
0.14971
0.167104
0.18177
0.163093
0.263833
0.259648
0.253087
0.357913
0.429148
0.366497
0.164356
0.151555
0.160665
0.179413
0.164449
0.160758
0.178345
0.178662
0.164506
0.193956
0.192431
0.179617
0.17863
0.168768
0.164474
0.180545
0.195095
0.197427
0.165894
0.180394
0.181256
0.165863
0.171994
0.180362
0.155362
0.141757
0.151462
0.164396
0.168691
0.155495
0.161124
0.145326
0.155406
0.240318
0.226717
0.227102
0.171983
0.161302
0.181897
0.132915
0.145166
0.135817
0.13289
0.131972
0.141616
0.239611
0.226686
0.226714
0.189637
0.20447
0.209014
0.258441
0.269339
0.265991
0.252143
0.25836
0.259082
0.250086
0.254594
0.263934
0.254324
0.25064
0.267367
0.176705
0.219097
0.179975
0.26771
0.274087
0.270985
0.26572
0.258
0.267318
0.276953
0.276382
0.27853
0.26724
0.272179
0.267483
0.26727
0.276328
0.272209
0.246792
0.266092
0.250018
0.272202
0.27409
0.267506
0.2773
0.280169
0.279911
0.278735
0.277656
0.277049
0.28017
0.278749
0.278807
0.275751
0.273821
0.277636
0.273398
0.27095
0.27714
0.278316
0.273423
0.277165
0.274351
0.269685
0.273384
0.277142
0.270952
0.273878
0.275753
0.277158
0.273895
0.278306
0.27438
0.273413
0.276724
0.261964
0.301919
0.276566
0.254676
0.261805
0.317004
0.276909
0.302104
0.269332
0.258434
0.264011
0.240371
0.227155
0.242537
0.254491
0.240463
0.242629
0.249997
0.252051
0.239774
0.279958
0.269404
0.264084
0.31693
0.280159
0.276835
0.317067
0.317488
0.280296
0.143901
0.151932
0.13868
0.226631
0.214584
0.227016
0.233241
0.243917
0.247029
0.239658
0.240908
0.226733
0.24036
0.239657
0.226759
0.240438
0.249958
0.239735
0.181926
0.18136
0.195425
0.231002
0.240642
0.241388
0.167165
0.181265
0.181831
0.225239
0.240588
0.230948
0.216165
0.212867
0.226561
0.218944
0.204592
0.216112
0.225106
0.209193
0.222618
0.18951
0.195068
0.180519
0.149487
0.135872
0.145221
0.233217
0.247006
0.236961
0.269282
0.267098
0.273011
0.271655
0.269301
0.274108
0.264542
0.267069
0.269254
0.240734
0.250069
0.249766
0.255718
0.259417
0.263337
0.237017
0.247062
0.250047
0.252023
0.254765
0.259376
0.254677
0.243969
0.241016
0.267102
0.270442
0.273015
0.260123
0.263378
0.267035
0.247125
0.255633
0.25011
0.247092
0.24398
0.251946
0.259456
0.267193
0.263376
0.252026
0.259379
0.25568
0.247131
0.251985
0.255639
0.244005
0.254714
0.251971
0.254799
0.259104
0.262403
0.343087
0.334095
0.377683
0.246764
0.229802
0.230656
0.254529
0.246847
0.230739
0.261691
0.254562
0.2427
0.301923
0.261967
0.277786
0.261666
0.242675
0.24691
0.354442
0.343255
0.407536
0.312305
0.310502
0.357335
0.357476
0.310643
0.354165
0.296402
0.333689
0.302961
0.259738
0.266802
0.276962
0.287074
0.297468
0.315304
0.354702
0.407796
0.42073
0.333845
0.342837
0.303117
0.277204
0.296212
0.302772
0.354629
0.377722
0.334134
0.37793
0.407615
0.343334
0.114838
0.125556
0.117972
0.160775
0.169564
0.17943
0.178782
0.198635
0.180025
0.15034
0.146681
0.159615
0.151423
0.141212
0.144349
0.144311
0.134825
0.146578
0.135751
0.125676
0.132849
0.166408
0.173418
0.173755
0.130783
0.125955
0.118026
0.143821
0.130902
0.135805
0.13855
0.126024
0.130852
0.14383
0.13861
0.130912
0.151951
0.149579
0.138699
0.15786
0.151996
0.143965
0.165849
0.181212
0.167111
0.149661
0.161194
0.171875
0.204517
0.196694
0.216037
0.222582
0.204613
0.218966
0.189546
0.1821
0.20438
0.204403
0.182124
0.196581
0.195164
0.189605
0.208982
0.216524
0.195254
0.209073
0.197381
0.181362
0.180499
0.172078
0.181992
0.189438
0.157945
0.14965
0.171864
0.152069
0.157933
0.165721
0.143957
0.149556
0.157852
0.155341
0.145261
0.141736
0.181924
0.161328
0.179911
0.149571
0.145306
0.161105
0.165788
0.157999
0.171918
0.143883
0.135868
0.149482
0.180029
0.196499
0.182042
0.20458
0.222549
0.209124
0.230269
0.21903
0.216198
0.233076
0.222678
0.219061
0.172073
0.189433
0.180442
0.216486
0.197547
0.195215
0.221366
0.232975
0.232182
0.212231
0.221296
0.232112
0.207946
0.216607
0.22123
0.236913
0.240608
0.225259
0.230976
0.241362
0.233038
0.167014
0.1521
0.165752
0.195485
0.199384
0.181986
0.197431
0.195477
0.181412
0.233112
0.241436
0.252923
0.207867
0.19759
0.216528
0.230854
0.221307
0.216684
0.212064
0.195614
0.207846
0.221362
0.230909
0.232971
0.181841
0.188302
0.163164
0.21212
0.220464
0.199568
0.21215
0.207931
0.221215
0.256718
0.259704
0.276928
0.232366
0.256546
0.253008
0.245503
0.259599
0.256612
0.232341
0.245412
0.256521
0.232262
0.233056
0.245333
0.188287
0.177437
0.16315
0.19936
0.188423
0.181963
0.199451
0.209257
0.188515
0.212036
0.199484
0.195586
0.19752
0.207797
0.195565
0.226046
0.220553
0.212209
0.188407
0.198989
0.177557
0.220455
0.209364
0.199559
0.220579
0.236561
0.209488
0.253025
0.259587
0.245491
0.164133
0.18526
0.161365
0.198988
0.187921
0.177555
0.199119
0.216609
0.188052
0.149516
0.133184
0.138636
0.266758
0.259694
0.263879
0.272027
0.266799
0.26392
0.272144
0.286867
0.278754
0.342924
0.354111
0.308892
0.312011
0.31069
0.26923
0.275326
0.311892
0.269111
0.308528
0.310224
0.277847
0.302815
0.308503
0.277822
0.303033
0.342753
0.308721
0.308783
0.354002
0.31048
0.357522
0.366105
0.312491
0.311014
0.312335
0.365949
0.17642
0.176221
0.178247
0.196604
0.185704
0.189633
0.178245
0.17822
0.173811
0.176229
0.178929
0.17823
0.178228
0.178253
0.176227
0.178961
0.185607
0.178262
0.173458
0.178229
0.173795
0.166327
0.159724
0.16332
0.178158
0.166424
0.173771
0.178144
0.169578
0.16641
0.20698
0.212065
0.19675
0.166348
0.169516
0.159745
0.17822
0.178198
0.17381
0.185624
0.184122
0.178257
0.178203
0.184068
0.169637
0.189574
0.185645
0.178999
0.198062
0.184188
0.185691
0.196632
0.198104
0.185733
0.206905
0.196675
0.189704
0.212035
0.198192
0.196721
0.229066
0.212173
0.207089
0.208348
0.229613
0.212312
0.208409
0.230527
0.229674
0.214536
0.212324
0.226968
0.192495
0.202051
0.190824
0.178479
0.192416
0.190745
0.194065
0.212141
0.19254
0.184154
0.193928
0.179589
0.208229
0.212193
0.194118
0.242568
0.229842
0.246804
0.250008
0.240487
0.254516
0.22712
0.229776
0.242502
0.230377
0.226702
0.240877
0.243887
0.230435
0.240934
0.233136
0.236879
0.222738
0.243861
0.233185
0.230409
0.225159
0.230867
0.216697
0.209173
0.225086
0.216624
0.222711
0.236853
0.225199
0.208242
0.198231
0.212074
0.230469
0.208351
0.212182
0.212168
0.202122
0.192567
0.227018
0.212375
0.229675
0.214453
0.202196
0.212241
0.229145
0.230538
0.212252
0.229286
0.25447
0.23068
0.239743
0.25202
0.240993
0.247004
0.254687
0.277578
0.19817
0.208182
0.194071
0.226596
0.212902
0.226624
0.179508
0.169642
0.184073
0.155485
0.16868
0.161202
0.190699
0.17875
0.178433
0.179565
0.192379
0.178442
0.202072
0.198749
0.190845
0.198804
0.212709
0.196664
0.190767
0.198671
0.178818
0.202151
0.214408
0.198828
0.184216
0.19809
0.193991
0.214444
0.212769
0.198864
0.141108
0.13197
0.132897
0.151414
0.141709
0.141203
0.179472
0.178348
0.164508
0.168762
0.179867
0.161284
0.151538
0.164338
0.155438
0.178682
0.179925
0.16882
0.145185
0.132934
0.141661
0.277602
0.261783
0.247028
0.367752
0.364127
0.443254
0.358096
0.420813
0.42933
0.24618
0.220667
0.22616
0.252953
0.246288
0.226269
0.232264
0.252906
0.226222
0.212247
0.232128
0.226085
0.233125
0.252937
0.245403
0.277545
0.275158
0.253221
0.275107
0.268892
0.246505
0.31203
0.275464
0.310228
0.268763
0.236845
0.246377
0.354534
0.420562
0.357845
0.429425
0.440628
0.366774
0.310032
0.367103
0.30333
0.146602
0.136609
0.149757
0.163366
0.173383
0.166373
0.124122
0.115651
0.125356
0.132849
0.124211
0.134712
0.14663
0.150289
0.144363
0.131909
0.123107
0.132836
0.116042
0.114384
0.108099
0.108926
0.116024
0.10808
0.11562
0.124091
0.1161
0.13281
0.123081
0.124172
0.131908
0.132826
0.122644
0.159726
0.169498
0.160709
0.132805
0.125632
0.122623
0.185605
0.178237
0.178259
0.198694
0.196555
0.180085
0.226583
0.212862
0.214537
0.216065
0.196722
0.212767
0.230295
0.216223
0.226619
0.230326
0.233102
0.219087
0.159669
0.14989
0.163265
0.141138
0.141644
0.131999
0.144287
0.14115
0.132938
0.134779
0.144265
0.132917
0.150336
0.160594
0.14441
0.144414
0.160598
0.151488
0.14668
0.149834
0.159613
0.160645
0.150387
0.159662
0.134799
0.136559
0.146552
0.155898
0.161314
0.178303
0.166067
0.155914
0.178319
0.147108
0.135975
0.155709
0.12876
0.147045
0.143985
0.142934
0.161195
0.155779
0.128653
0.123117
0.135804
0.147033
0.163943
0.142914
0.209255
0.199096
0.188514
0.209387
0.227808
0.199228
0.246215
0.236684
0.220703
0.268824
0.264623
0.236907
0.256778
0.276988
0.277563
0.368012
0.443513
0.441498
0.437111
0.365349
0.441468
0.363679
0.311187
0.366121
0.364654
0.303513
0.367286
0.264867
0.269068
0.309575
0.277717
0.277142
0.30271
0.275349
0.277736
0.310113
0.275054
0.246452
0.253117
0.253159
0.256698
0.277483
0.286956
0.280198
0.297351
0.278835
0.286948
0.296165
0.272148
0.280114
0.286872
0.278687
0.266849
0.272076
0.277123
0.278802
0.296132
0.277025
0.266865
0.278703
0.263938
0.271997
0.272044
0.364371
0.440667
0.443498
0.310234
0.36368
0.367306
0.310045
0.310999
0.363491
0.21667
0.217165
0.188113
0.134728
0.125461
0.136488
0.236586
0.227934
0.209513
0.364113
0.366555
0.440409
0.216743
0.199252
0.227833
0.255229
0.216931
0.228021
0.217061
0.185527
0.188008
0.300741
0.361767
0.297136
0.300968
0.364628
0.361994
0.300771
0.30329
0.364431
0.255059
0.300383
0.296778
0.243812
0.254869
0.296588
0.217388
0.216893
0.254514
0.255389
0.22818
0.264549
0.254921
0.255598
0.300245
0.254642
0.21702
0.255318
0.264981
0.309689
0.302987
0.367749
0.441235
0.365116
0.437056
0.427879
0.362661
0.124186
0.12542
0.134687
0.114353
0.106603
0.108067
0.122553
0.114456
0.123014
0.114763
0.106625
0.114375
0.122525
0.114816
0.114429
0.131875
0.122611
0.123073
0.125572
0.114854
0.122563
0.112233
0.107182
0.114758
0.117927
0.112269
0.114794
0.117913
0.110485
0.112255
0.329841
0.339183
0.397479
0.385523
0.329997
0.397635
0.329439
0.27758
0.33878
0.297047
0.343909
0.291819
0.309729
0.269222
0.310682
0.300406
0.255759
0.302926
0.228118
0.23677
0.264487
0.365084
0.436845
0.36245
0.427744
0.414795
0.344757
0.261763
0.21442
0.223155
0.315348
0.262252
0.268646
0.247401
0.214502
0.261844
0.315443
0.296881
0.262347
0.239859
0.20508
0.247296
0.116092
0.122992
0.114434
0.159434
0.177392
0.154823
0.194245
0.206985
0.229766
0.164006
0.16613
0.18901
0.178583
0.206813
0.194073
0.166194
0.178447
0.193937
0.144165
0.165979
0.163856
0.147209
0.155809
0.165962
0.161413
0.185308
0.178402
0.339289
0.34446
0.414498
0.268742
0.277344
0.329204
0.291959
0.344049
0.338877
0.277453
0.291736
0.338654
0.223229
0.230067
0.26823
0.243869
0.291418
0.277135
0.222981
0.194298
0.229819
0.217478
0.254604
0.243546
0.297282
0.361913
0.344144
0.243935
0.296711
0.291484
0.302806
0.255639
0.2648
0.183115
0.214005
0.177669
0.144109
0.14717
0.165923
0.315573
0.268871
0.329332
0.385249
0.315964
0.329723
0.296653
0.247677
0.26212
0.357899
0.297201
0.315763
0.282626
0.240283
0.296697
0.230165
0.243663
0.276929
0.189301
0.194162
0.222845
0.20715
0.243429
0.229931
0.189111
0.16623
0.193973
0.18559
0.217124
0.206914
0.358195
0.316059
0.385345
0.230248
0.277012
0.26841
0.339468
0.414677
0.397764
0.096181
0.089206
0.101836
0.104959
0.0962339
0.101889
0.102063
0.101324
0.0960817
0.125388
0.114289
0.126293
0.11667
0.112659
0.12437
0.127728
0.116732
0.127911
0.141268
0.127811
0.127994
0.125196
0.115283
0.127714
0.107176
0.112601
0.116612
0.118804
0.110507
0.117935
0.133039
0.118906
0.125966
0.123006
0.117329
0.11377
0.128913
0.123061
0.118882
0.12897
0.135805
0.123118
0.121597
0.114226
0.111246
0.128586
0.121665
0.117374
0.126281
0.114276
0.121647
0.143915
0.126403
0.128691
0.138981
0.137825
0.124529
0.125465
0.13894
0.124488
0.112688
0.125377
0.124399
0.126384
0.141368
0.125479
0.141523
0.159262
0.13911
0.108858
0.104094
0.110427
0.111214
0.108904
0.117273
0.10542
0.0987573
0.103601
0.113733
0.110492
0.11879
0.123011
0.113775
0.118832
0.10889
0.110459
0.1137
0.0960659
0.0999532
0.0987138
0.10714
0.110421
0.104088
0.102098
0.106539
0.101359
0.106601
0.114739
0.107163
0.129073
0.146916
0.142796
0.129041
0.133143
0.146883
0.135871
0.129036
0.142759
0.155694
0.13596
0.142849
0.128591
0.117379
0.123055
0.117282
0.108913
0.113723
0.126032
0.138557
0.133105
0.117986
0.125915
0.118855
0.107167
0.112219
0.110448
0.12561
0.130782
0.118025
0.125669
0.135745
0.130841
0.105556
0.115154
0.10889
0.204761
0.177742
0.214078
0.357789
0.28302
0.297091
0.105419
0.103261
0.0987562
0.125521
0.14141
0.138997
0.163774
0.141555
0.144083
0.139082
0.154623
0.137926
0.163825
0.159345
0.141606
0.182986
0.164063
0.189067
0.107083
0.0980819
0.103264
0.127669
0.115238
0.111821
0.11789
0.117225
0.126144
0.0997186
0.105505
0.108839
0.0848499
0.0901759
0.0939342
0.084751
0.0742312
0.0803213
0.115193
0.117159
0.108929
0.116678
0.127674
0.111826
0.125161
0.117213
0.115247
0.182932
0.177486
0.159529
0.159483
0.163964
0.182887
0.20326
0.222959
0.214224
0.189198
0.203044
0.183117
0.189331
0.222875
0.203177
0.337422
0.283155
0.357925
0.268412
0.282855
0.337122
0.261943
0.223336
0.268337
0.204994
0.214311
0.24721
0.1832
0.203127
0.21409
0.253422
0.319701
0.294169
0.247603
0.29658
0.240166
0.337246
0.319896
0.268536
0.102076
0.0962345
0.104959
0.108889
0.108043
0.105021
0.201569
0.176532
0.204715
0.293883
0.234467
0.253136
0.176284
0.154879
0.177449
0.150088
0.155914
0.170252
0.14999
0.140999
0.155816
0.135746
0.135951
0.146897
0.176451
0.177616
0.204635
0.170492
0.176417
0.201454
0.15595
0.154807
0.176212
0.14097
0.141405
0.155788
0.154695
0.139154
0.159306
0.141391
0.137934
0.154631
0.155834
0.141451
0.154691
0.140877
0.127854
0.141312
0.125342
0.112654
0.114243
0.127971
0.124492
0.137788
0.1279
0.116721
0.124421
0.133049
0.128947
0.118916
0.14143
0.126446
0.143958
0.103583
0.0987391
0.0999784
0.108835
0.103631
0.104071
0.108859
0.111169
0.103654
0.111157
0.105462
0.103643
0.121607
0.111257
0.117316
0.114172
0.105497
0.111192
0.128616
0.126329
0.121696
0.112587
0.105502
0.114177
0.103225
0.0980436
0.0956574
0.112551
0.103307
0.105465
0.112556
0.107131
0.103312
0.0956597
0.0987234
0.103228
0.0905427
0.0956148
0.098001
0.0818493
0.0715671
0.0870507
0.0861832
0.077676
0.0842487
0.092366
0.0862532
0.0904926
0.0979902
0.0924054
0.090532
0.0980272
0.101537
0.0924423
0.0955969
0.0901862
0.086263
0.0802861
0.0708528
0.0776115
0.0891674
0.0961425
0.090348
0.0903781
0.0986803
0.0956165
0.0714608
0.0625181
0.074615
0.077582
0.0708233
0.0714985
0.0923832
0.0956043
0.0862704
0.0901304
0.0848044
0.0803747
0.0862119
0.0901351
0.0803794
0.0996178
0.0939837
0.0902255
0.0741262
0.0628985
0.070783
0.0961831
0.101836
0.089206
0.101368
0.10711
0.104058
0.090371
0.0961655
0.0960253
0.124116
0.123025
0.116124
0.101376
0.106556
0.107118
0.116049
0.108951
0.115569
0.102121
0.108026
0.106562
0.102115
0.104999
0.108021
0.344581
0.36235
0.427568
0.207108
0.217318
0.243387
0.178554
0.185461
0.206784
0.128733
0.135884
0.147018
0.164195
0.177438
0.187804
0.142961
0.163991
0.161223
0.1471
0.162967
0.16401
0.185349
0.164221
0.187831
0.149674
0.152046
0.16696
0.147052
0.149643
0.162919
0.146952
0.133211
0.149544
0.201868
0.239794
0.231009
0.218402
0.234274
0.270768
0.188352
0.201666
0.221889
0.231374
0.2825
0.268057
0.0999886
0.101344
0.104034
0.103601
0.0999962
0.104041
0.0960746
0.101317
0.0999619
0.0903795
0.0960337
0.0986817
0.0962047
0.102046
0.0960645
0.161628
0.150107
0.170271
0.182926
0.170007
0.160725
0.176833
0.195139
0.168733
0.203012
0.224257
0.183679
0.195325
0.217979
0.183202
0.246858
0.224469
0.203224
0.135772
0.146923
0.143733
0.126257
0.135668
0.133276
0.135999
0.149944
0.146944
0.126266
0.135882
0.135676
0.135904
0.127836
0.140859
0.19516
0.183037
0.168754
0.204436
0.195259
0.176953
0.161777
0.188068
0.176786
0.253335
0.268255
0.319614
0.20482
0.252837
0.234168
0.222327
0.267928
0.253008
0.188362
0.221899
0.204563
0.176929
0.188211
0.204412
0.170532
0.201493
0.18818
0.231171
0.267855
0.222254
0.218218
0.246838
0.203203
0.234021
0.218149
0.195495
0.204627
0.233976
0.19545
0.293943
0.271022
0.234527
0.270811
0.247064
0.218445
0.0961164
0.0891392
0.0819384
0.183675
0.224253
0.201971
0.150436
0.160536
0.146085
0.183497
0.17015
0.202831
0.150511
0.16853
0.160611
0.156019
0.161669
0.176678
0.0714479
0.0707727
0.0625053
0.0818603
0.0842342
0.0776615
0.0961096
0.0819317
0.087133
0.0890995
0.0842726
0.0818987
0.0862261
0.0842916
0.0904655
0.167791
0.183486
0.201782
0.148983
0.167517
0.154194
0.149005
0.160585
0.167538
0.182921
0.16072
0.168638
0.202829
0.170148
0.183067
0.179381
0.167777
0.201768
0.167653
0.160701
0.183348
0.16055
0.145363
0.160567
0.183356
0.160709
0.170008
0.14893
0.145324
0.160511
0.101586
0.0980763
0.107077
0.111707
0.101632
0.107123
0.0956555
0.0924344
0.101529
0.090231
0.0956417
0.0996234
0.0803375
0.0776629
0.0861701
0.167618
0.179221
0.154295
0.0648422
0.0714315
0.0632832
0.0534757
0.0546107
0.0631889
0.0886952
0.0864726
0.0924329
0.0900767
0.0887131
0.0941626
0.0825017
0.0864393
0.0886619
0.0715143
0.0744195
0.0784744
0.0744522
0.0773297
0.0824238
0.0546618
0.0671465
0.0647991
0.0742927
0.0641406
0.0726324
0.0893271
0.0852369
0.0815256
0.0813782
0.067894
0.0743346
0.0559268
0.0677848
0.0671607
0.055881
0.0535248
0.0677391
0.0408055
0.0548037
0.0534311
0.0672126
0.0743596
0.0648652
0.0914968
0.0888056
0.0860695
0.025845
0.040205
0.0392449
0.0134495
0.0257204
0.0287412
0.0226015
0.0200942
0.0412565
0.073904
0.0691945
0.0714816
0.0392779
0.0470176
0.0288989
0.0643168
0.0535082
0.0632215
0.0643242
0.065412
0.0535156
0.140933
0.149924
0.135978
0.125265
0.127783
0.135852
0.128027
0.137845
0.141302
0.0915273
0.0951611
0.0888361
0.110499
0.108517
0.117663
0.103098
0.110487
0.119559
0.0965593
0.108447
0.110428
0.110556
0.11772
0.125557
0.0937724
0.103282
0.094813
0.112637
0.11767
0.108525
0.0989894
0.106822
0.101137
0.137695
0.148883
0.154094
0.123461
0.132026
0.137536
0.11777
0.123381
0.127762
0.118765
0.131963
0.123398
0.132111
0.14881
0.137621
0.109476
0.118654
0.112643
0.146068
0.160519
0.145315
0.139941
0.154137
0.15966
0.127843
0.13974
0.125688
0.127883
0.137577
0.139779
0.139867
0.137665
0.154064
0.112686
0.12333
0.11772
0.11269
0.1187
0.123333
0.160632
0.16065
0.169932
0.188047
0.161756
0.170398
0.150495
0.155955
0.168514
0.140857
0.15037
0.146019
0.14089
0.155862
0.150403
0.176264
0.17034
0.156002
0.239706
0.201781
0.204927
0.23095
0.222032
0.201809
0.282406
0.23128
0.240064
0.222115
0.252796
0.204779
0.218005
0.20299
0.183228
0.168602
0.156043
0.176702
0.14705
0.16157
0.15592
0.14703
0.150029
0.16155
0.179195
0.159791
0.154269
0.159606
0.138264
0.139888
0.0996745
0.0956928
0.10546
0.0843053
0.0903128
0.0904792
0.0715354
0.0818177
0.0776189
0.0891277
0.0903083
0.0843008
0.0903507
0.0955891
0.0905171
0.125655
0.138083
0.119727
0.0657009
0.0548829
0.0521962
0.0544869
0.039341
0.0403011
0.0557928
0.0545421
0.0403563
0.0647859
0.0632268
0.0546486
0.0413171
0.0201548
0.0406492
0.118518
0.116718
0.112759
0.117852
0.118524
0.113547
0.124739
0.129759
0.123293
0.071349
0.074642
0.0788292
0.0643971
0.069163
0.0715647
0.0739585
0.0784961
0.0784674
0.139774
0.13815
0.125723
0.0965411
0.11041
0.103021
0.108417
0.0948621
0.103331
0.0860422
0.0821066
0.0900274
0.091501
0.0860737
0.090059
0.0743993
0.0746271
0.0713342
0.0812278
0.0788446
0.0860018
0.0732442
0.0756348
0.0743312
0.0720176
0.073228
0.0730889
0.0725081
0.0756287
0.0732381
0.0760026
0.0782456
0.0747842
0.0782833
0.0832805
0.078784
0.0787638
0.0798736
0.0756718
0.0747934
0.0782548
0.0787555
0.0721532
0.0747582
0.0743055
0.0721481
0.072797
0.0747531
0.0833021
0.0847342
0.0788056
0.0844468
0.107705
0.0789836
0.0225271
0.0256996
0.0134286
0.0277242
0.0406035
0.0201091
0.03936
0.0533708
0.0470997
0.0258068
0.0392067
0.0288277
0.0546319
0.0558826
0.0671166
0.0753362
0.0777484
0.0869722
0.0718537
0.0753138
0.0861835
0.0662144
0.0776787
0.0752665
0.0836809
0.0785419
0.0824587
0.0820988
0.083718
0.0900196
0.0820602
0.0785118
0.0836794
0.0788474
0.0820691
0.0860047
0.0691862
0.0713066
0.0715879
0.0632739
0.0691352
0.0643692
0.0739034
0.0713143
0.069194
0.0784727
0.0739351
0.0715127
0.0743969
0.0713318
0.0739209
0.0788139
0.0760109
0.0820355
0.0722745
0.0709636
0.0733644
0.0744025
0.0722902
0.0746303
0.0738615
0.0710727
0.0709612
0.0759618
0.0738823
0.0722929
0.0759836
0.0787866
0.0739041
0.0784606
0.0759842
0.0744277
0.0699133
0.0696347
0.0707023
0.0722762
0.0738655
0.0709653
0.0782915
0.0812169
0.0832886
0.0743276
0.0747803
0.0787423
0.0760241
0.0811925
0.0782671
0.0224582
0.0133597
0.00514821
0.041324
0.0402013
0.0226689
0.081533
0.087452
0.0893345
0.0922463
0.0814961
0.0852465
0.072699
0.0768985
0.0814421
0.0549512
0.0657693
0.0725732
0.0522228
0.0628084
0.0657275
0.0401492
0.0257892
0.0226168
0.0557489
0.0403123
0.041435
0.0545308
0.0533958
0.0393849
0.0661637
0.0752158
0.0625777
0.0803081
0.0818117
0.0880946
0.0947587
0.0870906
0.0937181
0.071454
0.0661173
0.0717997
0.059717
0.0714137
0.0661415
0.0718653
0.075432
0.0817411
0.0715014
0.071847
0.0802193
0.0660872
0.062485
0.0717696
0.0439096
0.0412283
0.0535641
0.0684636
0.0753874
0.0718207
0.119635
0.110562
0.125563
0.096507
0.0948392
0.108394
0.087934
0.0964657
0.102945
0.0878782
0.0863077
0.0964098
0.103356
0.10116
0.109387
0.108477
0.103391
0.112589
0.0937935
0.101107
0.103303
0.0752347
0.0717745
0.0625965
0.0947338
0.0862994
0.0870657
0.0877959
0.0718956
0.0862254
0.0914285
0.0971998
0.0897966
0.0597168
0.0660768
0.0714135
0.0983801
0.0914505
0.0951928
0.0777131
0.0715211
0.0802389
0.0862344
0.0753647
0.0870007
0.0662017
0.0714739
0.077666
0.0644249
0.0835501
0.0655128
0.0471869
0.0534581
0.0653545
0.081252
0.0887621
0.0833238
0.0721332
0.0724875
0.0705821
0.0787452
0.0756532
0.0743306
0.0847228
0.079904
0.0787942
0.089728
0.0847709
0.0833388
0.0897353
0.0855229
0.0847782
0.0887961
0.0913788
0.0833577
0.097231
0.0989255
0.0916147
0.0775898
0.0756678
0.0798697
0.0743109
0.0704079
0.072416
0.0784537
0.0744208
0.0739448
0.0836676
0.0785
0.0785287
0.0820344
0.0760098
0.0784861
0.0863308
0.0947652
0.0964329
0.0802889
0.0864159
0.0777631
0.0777856
0.0864384
0.0870094
0.0913799
0.0845112
0.0937491
0.0846729
0.0855054
0.0904485
0.081274
0.0805509
0.085461
0.0741398
0.0785672
0.0735599
0.0844473
0.0854716
0.0805616
0.0846264
0.0834259
0.0786352
0.0736721
0.0730996
0.0747623
0.0724098
0.0704018
0.0724817
0.0724935
0.0730905
0.0732296
0.072653
0.0775648
0.0754207
0.0732335
0.0743204
0.0724255
0.0756493
0.0775713
0.0743457
0.0854725
0.081794
0.077629
0.0847453
0.08549
0.0799265
0.0916036
0.0989144
0.0939403
0.089758
0.0915449
0.0855456
0.0897971
0.0972003
0.091584
0.0725974
0.0659879
0.0703807
0.0725909
0.0684348
0.0659814
0.0817603
0.0754512
0.0775954
0.0817573
0.0802537
0.0718814
0.0799026
0.0854661
0.0776227
0.0864918
0.0936903
0.0870628
0.0881101
0.0864506
0.0803236
0.0881556
0.0938873
0.0864961
0.0536257
0.0595834
0.0439712
0.0604016
0.0536522
0.0510585
0.0624244
0.0660266
0.053709
0.0509479
0.0412057
0.0397627
0.0394039
0.0495902
0.0397521
0.0536997
0.0660173
0.0596573
0.0604397
0.0624056
0.0536902
0.0684204
0.0717774
0.0624928
0.0660888
0.0625027
0.0528816
0.0660792
0.052872
0.0596548
0.0788728
0.0746855
0.084336
0.0717087
0.0789075
0.0976985
0.0716203
0.0713389
0.0788191
0.0644454
0.0716131
0.0835706
0.0691589
0.0632976
0.071446
0.0439684
0.0595806
0.0527978
0.0707037
0.0696361
0.0703442
0.0713887
0.0707096
0.0703501
0.0735233
0.0713981
0.0703596
0.0727085
0.0743269
0.0747115
0.0759635
0.0722947
0.074407
0.0751964
0.0733742
0.0709734
0.0752408
0.0841913
0.0734185
0.0714049
0.075189
0.0707258
0.0843177
0.0746672
0.073417
0.0720143
0.0736581
0.0716595
0.072496
0.073226
0.0720157
0.0747881
0.0781251
0.0763694
0.0724986
0.0747584
0.0730957
0.0599049
0.0656278
0.0592775
0.0774721
0.0727864
0.0754812
0.0656921
0.0701513
0.0682406
0.0727293
0.0701663
0.0657071
0.0724743
0.0703943
0.0701812
0.0781275
0.0743759
0.0774862
0.0412521
0.0509943
0.0535879
0.00155188
0.000755289
0.000399629
0.00768141
0.000425878
0.00247443
0.0143269
0.00772805
0.00252108
0.0126436
0.0143434
0.00253757
0.0276364
0.0200214
0.014452
0.0106999
0.0016096
0.00771287
0.0199548
0.00778656
0.0143854
0.010691
0.00506953
0.00160073
0.000422861
0.00767839
0.00157511
0.019992
0.0224993
0.0108109
0.00777439
0.0199426
0.0107614
0.0277876
0.0389962
0.0406669
0.0144185
0.0127187
0.0249092
0.010761
0.0224495
0.00513949
0.0249593
0.027653
0.0144686
0.0269441
0.0249512
0.0127607
0.0521744
0.0513109
0.06276
0.0270261
0.0371813
0.0250332
0.0270871
0.0432135
0.0372423
0.0947394
0.0875116
0.0939583
0.102142
0.0947885
0.0940074
0.0993271
0.0894185
0.0947637
0.11353
0.118507
0.112748
0.0548816
0.0640117
0.053509
0.0741563
0.0768512
0.0658478
0.0772568
0.0672323
0.0678564
0.0813882
0.0773043
0.0679039
0.0864014
0.0824638
0.0773698
0.0922503
0.086448
0.0815002
0.0993189
0.0923198
0.0894103
0.092445
0.0864847
0.092287
0.0976809
0.0924826
0.0923246
0.0976872
0.0942007
0.0924889
0.0886781
0.0900417
0.0837401
0.0837148
0.0824926
0.0886528
0.0893788
0.0874962
0.094724
0.0990103
0.092352
0.0993511
0.10756
0.0990614
0.0994021
0.0977028
0.0923465
0.0990048
0.0742413
0.0678007
0.0535864
0.0851866
0.0814362
0.0743926
0.0814755
0.0851868
0.0743927
0.0893632
0.0922727
0.0852729
0.086398
0.0773664
0.0814502
0.0874784
0.0848409
0.0939251
0.102232
0.110396
0.105111
0.0547556
0.0407574
0.0390867
0.052107
0.0547937
0.0391248
0.0534367
0.0557929
0.041479
0.0407607
0.0533862
0.0414286
0.0640766
0.0742288
0.0535739
0.0725675
0.0640757
0.0549455
0.0726905
0.0814335
0.0743508
0.0874214
0.0769589
0.0847839
0.0715431
0.0746972
0.0870267
0.0628594
0.0624764
0.0707439
0.0627944
0.0513453
0.0624113
0.0741845
0.0708413
0.0802746
0.0520892
0.0373528
0.0512256
0.0741095
0.065801
0.0628818
0.0390661
0.0373119
0.0520484
0.0769478
0.0874104
0.0814915
0.0658428
0.0768461
0.0726467
0.0742197
0.0847396
0.0769146
0.0277351
0.0250414
0.0389438
0.143688
0.133335
0.135726
0.15586
0.143801
0.14699
0.140792
0.133352
0.143705
0.15584
0.140868
0.14378
0.14597
0.135727
0.140808
0.125614
0.117778
0.127769
0.102658
0.107276
0.0972958
0.113276
0.119123
0.112422
0.11244
0.119141
0.118685
0.106894
0.112368
0.109436
0.106887
0.10734
0.112361
0.131436
0.125113
0.119927
0.123867
0.131432
0.119923
0.135696
0.145939
0.131558
0.131969
0.118771
0.125111
0.131493
0.137065
0.125171
0.145229
0.148835
0.132137
0.123447
0.137522
0.127828
0.112592
0.103394
0.109425
0.0865148
0.0939059
0.0937133
0.107263
0.098978
0.0972835
0.107295
0.106843
0.09901
0.123914
0.129797
0.135616
0.114772
0.119832
0.113286
0.109398
0.101172
0.106857
0.0900914
0.095727
0.0915334
0.108397
0.107313
0.102695
0.133251
0.129792
0.124773
0.114734
0.113248
0.108457
0.133305
0.140746
0.129846
0.125172
0.137067
0.13203
0.0984088
0.0952215
0.0999982
0.119188
0.119886
0.125072
0.118728
0.119184
0.125068
0.113301
0.119846
0.119148
0.107361
0.113237
0.112382
0.107348
0.108433
0.113223
0.091382
0.0897501
0.0833609
0.0951607
0.0914184
0.0888357
0.0983869
0.0972286
0.0914573
0.102629
0.0972661
0.0984244
0.0915395
0.0881446
0.0855402
0.0939722
0.0989463
0.101094
0.0937621
0.0939548
0.101076
0.0881727
0.0915676
0.0939043
0.088112
0.0818291
0.0855076
0.0957359
0.0901003
0.0941862
0.0432944
0.0511961
0.0373232
0.062478
0.0594896
0.0745748
0.0744561
0.0824277
0.078511
0.0648795
0.0743739
0.0714687
0.0672542
0.0772788
0.0744012
0.123256
0.11858
0.124702
0.123872
0.12329
0.129756
0.116753
0.118553
0.123229
0.123829
0.116771
0.123247
0.137134
0.14519
0.132097
0.145943
0.137134
0.131563
0.145989
0.145236
0.13718
0.114797
0.116743
0.1238
0.119867
0.114807
0.123811
0.135622
0.131484
0.123919
0.112407
0.118653
0.109475
0.108456
0.112755
0.114732
0.100004
0.0957867
0.0994644
0.102656
0.100041
0.103853
0.0952126
0.0957724
0.0999894
0.102413
0.097754
0.104245
0.109212
0.102451
0.104283
0.0994789
0.097738
0.102397
0.10921
0.103883
0.10245
0.0957672
0.0942176
0.099445
0.11352
0.110476
0.117825
0.124684
0.118562
0.117889
0.10758
0.0994223
0.105092
0.113468
0.107627
0.105139
0.112751
0.109274
0.112715
0.11476
0.112782
0.116706
0.109245
0.112721
0.103917
0.104267
0.0990777
0.107576
0.104234
0.0977427
0.0990447
0.109229
0.104301
0.10761
0.112697
0.109257
0.107639
0.113493
0.112712
0.107653
0.116699
0.112776
0.112739
0.112718
0.10842
0.103914
0.103881
0.108386
0.102684
0.0984337
0.100023
0.102638
0.0994994
0.102417
0.10385
0.0941706
0.0887211
0.0924588
0.105149
0.110433
0.113477
0.0948162
0.105049
0.0993795
0.0948255
0.10218
0.105059
0.0996579
0.102159
0.0940238
0.0997076
0.108827
0.102209
0.108913
0.117143
0.110458
0.110488
0.117173
0.117837
0.0860351
0.0887712
0.0812611
0.0513339
0.0594116
0.0624
0.0389756
0.0250733
0.0372214
0.0433683
0.0593478
0.05127
0.102244
0.108863
0.110408
0.101572
0.105467
0.0956992
0.111747
0.115164
0.105566
0.101626
0.111702
0.10552
0.107173
0.116609
0.111758
0.126169
0.11725
0.125197
0.126221
0.13324
0.124761
0.135847
0.126231
0.12526
0.100031
0.0994914
0.103842
0.0915505
0.0957441
0.0951843
0.0942241
0.0977106
0.0994515
0.126169
0.124709
0.117915
0.129854
0.140754
0.135673
0.17641
0.175366
0.176223
0.173312
0.178094
0.175362
0.173294
0.175344
0.172744
0.17812
0.180102
0.176245
0.175372
0.178104
0.176229
0.176548
0.176548
0.187138
0.173316
0.176507
0.178098
0.173282
0.167865
0.176473
0.163807
0.157663
0.16777
0.176576
0.187165
0.184652
0.167821
0.172687
0.163858
0.176477
0.176477
0.165964
0.173269
0.172719
0.167852
0.184673
0.189867
0.18017
0.134829
0.147086
0.136581
0.15767
0.165872
0.167777
0.144616
0.141551
0.151297
0.1574
0.144691
0.158005
0.147112
0.134856
0.144579
0.141506
0.1342
0.14835
0.124473
0.132587
0.13474
0.123672
0.134087
0.132582
0.132815
0.146247
0.148361
0.169608
0.165878
0.15751
0.154798
0.140739
0.148384
0.18369
0.176513
0.169731
0.169672
0.176454
0.165941
0.190205
0.202546
0.197765
0.178985
0.190126
0.197686
0.16422
0.15805
0.151418
0.148468
0.159711
0.151371
0.181101
0.178843
0.164389
0.241909
0.226245
0.228683
0.213614
0.228451
0.212759
0.241953
0.241791
0.226289
0.205403
0.21205
0.196726
0.21263
0.205408
0.197849
0.212677
0.212103
0.205456
0.202624
0.213478
0.197843
0.228509
0.230742
0.212817
0.241919
0.251492
0.254925
0.226821
0.241791
0.241327
0.242037
0.251449
0.241876
0.242866
0.241964
0.228738
0.241885
0.254891
0.241421
0.230688
0.212188
0.212762
0.187162
0.176572
0.183748
0.189923
0.184728
0.196583
0.184622
0.178136
0.176545
0.196574
0.184719
0.187232
0.18013
0.178148
0.184634
0.176448
0.16784
0.165935
0.157549
0.150337
0.147208
0.260453
0.265923
0.264562
0.254312
0.260414
0.264523
0.255959
0.264109
0.260418
0.241154
0.255861
0.254219
0.224812
0.21215
0.237093
0.225364
0.224854
0.236581
0.225276
0.210226
0.224766
0.248735
0.26407
0.255919
0.241587
0.245135
0.256159
0.211919
0.195851
0.197089
0.237086
0.212143
0.222882
0.210347
0.21008
0.19589
0.224723
0.21045
0.21206
0.224716
0.210176
0.210444
0.22676
0.221073
0.246204
0.241489
0.226824
0.245036
0.222797
0.212058
0.211789
0.260046
0.276911
0.275071
0.226841
0.246285
0.245052
0.274056
0.268481
0.311416
0.310451
0.274197
0.311557
0.275283
0.246543
0.273862
0.264142
0.265921
0.260451
0.196657
0.206865
0.189997
0.159314
0.172074
0.156593
0.228583
0.226146
0.212337
0.132705
0.126015
0.135828
0.158088
0.169582
0.157484
0.147188
0.144655
0.157364
0.164226
0.151424
0.159764
0.135953
0.14991
0.146262
0.178963
0.197665
0.183791
0.15816
0.178784
0.169654
0.181078
0.164366
0.172035
0.146349
0.149997
0.161922
0.159694
0.148451
0.146337
0.171956
0.159825
0.162041
0.171964
0.164294
0.159833
0.132773
0.135896
0.146205
0.213661
0.226684
0.228498
0.199343
0.214117
0.202632
0.212289
0.226097
0.214239
0.123507
0.123574
0.113889
0.141489
0.144553
0.132676
0.134147
0.141454
0.132641
0.151353
0.157985
0.144671
0.157573
0.147231
0.157407
0.165837
0.157636
0.157469
0.163749
0.150393
0.157605
0.150267
0.136633
0.147137
0.136508
0.125468
0.134756
0.331217
0.343117
0.377023
0.359326
0.331272
0.377077
0.264083
0.248748
0.259915
0.27187
0.263589
0.265754
0.250394
0.229925
0.218125
0.254155
0.236731
0.24109
0.216265
0.200887
0.198547
0.228609
0.215817
0.230382
0.212197
0.19702
0.21565
0.226679
0.214288
0.226146
0.199317
0.196965
0.212142
0.21415
0.199375
0.212199
0.202491
0.19015
0.181266
0.224605
0.210226
0.225275
0.230401
0.216481
0.233554
0.200778
0.183924
0.198438
0.183574
0.172106
0.18305
0.196816
0.183657
0.183133
0.19687
0.199222
0.183711
0.195752
0.182302
0.19699
0.212737
0.198566
0.210097
0.188567
0.171193
0.175832
0.182958
0.162098
0.165988
0.200727
0.183147
0.183873
0.183658
0.199169
0.181233
0.215612
0.196982
0.20088
0.158142
0.164312
0.178766
0.182978
0.172034
0.162118
0.181187
0.190071
0.178929
0.183568
0.181142
0.1721
0.199233
0.202521
0.181296
0.165924
0.154958
0.171048
0.165853
0.150039
0.154888
0.183031
0.16606
0.183757
0.161988
0.150063
0.165877
0.200771
0.196873
0.183191
0.148321
0.13417
0.132774
0.161955
0.159739
0.146382
0.15131
0.141564
0.148407
0.135935
0.140681
0.149891
0.216392
0.212845
0.224584
0.215776
0.216421
0.230341
0.215677
0.200944
0.216322
0.198485
0.188773
0.210016
0.216305
0.198586
0.212757
0.183884
0.188685
0.198397
0.181815
0.182157
0.167452
0.181972
0.199663
0.197002
0.224721
0.23658
0.233602
0.210184
0.224563
0.212824
0.225363
0.236552
0.224693
0.244349
0.236655
0.236684
0.244407
0.253954
0.236713
0.254166
0.244408
0.236743
0.253973
0.249877
0.236732
0.249839
0.245695
0.233717
0.242994
0.255734
0.253099
0.233652
0.24563
0.230499
0.249911
0.255062
0.245767
0.260841
0.249958
0.254054
0.245661
0.242885
0.23053
0.264867
0.265535
0.25888
0.268076
0.264883
0.261343
0.269627
0.265571
0.264903
0.249809
0.233687
0.236664
0.258808
0.253152
0.255787
0.187301
0.20532
0.196643
0.169739
0.17887
0.183697
0.213613
0.214245
0.226637
0.197877
0.213512
0.212657
0.202679
0.214165
0.213533
0.160208
0.148455
0.156517
0.175725
0.160335
0.167358
0.154864
0.148449
0.160202
0.175737
0.171098
0.160348
0.160278
0.171029
0.154939
0.195681
0.175893
0.182232
0.188594
0.183792
0.17122
0.195703
0.188649
0.175914
0.195817
0.210007
0.188764
0.183717
0.16602
0.171144
0.149954
0.140744
0.154804
0.255842
0.241136
0.248658
0.00223855
0.000764045
0.00171475
0.00529511
0.00225376
0.00172996
0.00532379
0.0102769
0.00228244
0.00271644
0.00529666
0.00173151
0.0181567
0.014158
0.0357146
0.0180171
0.00535131
0.00277109
0.0140476
0.0180463
0.00280027
0.0358053
0.0411927
0.0182475
0.0141927
0.0284977
0.0357493
0.00419712
0.00227866
0.0102731
0.0358313
0.0285797
0.0386254
0.0560646
0.0673639
0.0670204
0.0540854
0.0645849
0.0629628
0.0560064
0.0540566
0.062934
0.0673504
0.056051
0.0629786
0.0471833
0.0387547
0.0559026
0.0465777
0.0660641
0.0540356
0.0889645
0.0834687
0.0870948
0.076678
0.0786086
0.0833992
0.0727152
0.0766281
0.0743879
0.0735683
0.0785756
0.076645
0.111796
0.108621
0.106537
0.114568
0.111816
0.106557
0.114605
0.117737
0.111853
0.11185
0.117734
0.113756
0.0978074
0.0905122
0.0914136
0.108603
0.109327
0.103596
0.106507
0.108592
0.103079
0.113769
0.118949
0.114432
0.124217
0.114467
0.118984
0.110265
0.104271
0.110404
0.1042
0.102459
0.0970854
0.10352
0.0984539
0.0967891
0.108582
0.103575
0.103069
0.103977
0.098478
0.103544
0.0764906
0.0777244
0.0875758
0.0851989
0.0904805
0.0934736
0.0851659
0.0836484
0.0904475
0.0775165
0.0851325
0.0865904
0.0775065
0.083605
0.0851225
0.0670701
0.0744807
0.0638132
0.0782118
0.0835721
0.0745841
0.0782545
0.0873107
0.0836148
0.0905432
0.0974807
0.099963
0.0866439
0.085186
0.0934607
0.0873979
0.0974385
0.0905011
0.0674297
0.0756696
0.0670862
0.0942008
0.0890218
0.093493
0.082634
0.0878894
0.0873396
0.0826208
0.0834315
0.0878763
0.0766457
0.0779626
0.0744055
0.0934693
0.0889981
0.0871284
0.0834012
0.0780153
0.0834197
0.0833818
0.0776374
0.0779959
0.0889522
0.0834379
0.0834564
0.0941822
0.0879336
0.0890031
0.098562
0.0942493
0.0984288
0.103961
0.0985946
0.0984614
0.0974884
0.0942461
0.0985588
0.097451
0.0874103
0.0942087
0.10004
0.105285
0.105808
0.09053
0.0999497
0.0935231
0.097519
0.101967
0.100001
0.0879282
0.0941767
0.0873784
0.102024
0.109311
0.105303
0.10202
0.104008
0.109306
0.0967556
0.0984204
0.093533
0.0968045
0.10303
0.103536
0.0999648
0.0950157
0.0935382
0.101993
0.105272
0.100027
0.0985847
0.101962
0.0975143
0.0986064
0.103973
0.101984
0.110569
0.115968
0.110444
0.0876976
0.0970007
0.0936299
0.0713923
0.0733557
0.0775818
0.0986048
0.0916092
0.0928064
0.0978184
0.0914246
0.0937938
0.0967855
0.0978672
0.103011
0.0967436
0.0905301
0.0978253
0.0913523
0.0855078
0.0844835
0.0986365
0.100063
0.0938254
0.090471
0.0855279
0.0913723
0.102517
0.110252
0.108492
0.104967
0.107288
0.0981259
0.0998154
0.104935
0.0959921
0.10856
0.117663
0.115368
0.0826016
0.0873073
0.0782511
0.0776272
0.0825609
0.0757555
0.0834528
0.0889671
0.0878976
0.046401
0.0386608
0.0286152
0.054096
0.0661246
0.0645956
0.0591942
0.0496938
0.0509245
0.0627518
0.0683471
0.0599256
0.0659102
0.0604701
0.0592804
0.0717247
0.0977145
0.0836822
0.060489
0.0683825
0.0624549
0.039791
0.0496291
0.0509762
0.0684325
0.0754508
0.0727561
0.0508582
0.0496275
0.0394412
0.0528368
0.066529
0.0596213
0.0701953
0.0727582
0.0743335
0.0599354
0.0683569
0.0656583
0.0509586
0.0598557
0.0592283
0.0508752
0.0394582
0.054708
0.0723133
0.0754493
0.068431
0.0812421
0.0759569
0.080519
0.075902
0.0716725
0.0736712
0.0763583
0.0759177
0.0736869
0.0747732
0.0763545
0.0736831
0.0805027
0.0759406
0.0763812
0.0812297
0.0785929
0.0741656
0.0727123
0.0735486
0.0766253
0.0714442
0.0743215
0.0743759
0.0747101
0.0752024
0.0714183
0.0726987
0.0747017
0.0714099
0.0743859
0.0813351
0.0837311
0.0747815
0.0837421
0.0842243
0.0709645
0.0707244
0.0751875
0.0703438
0.0696357
0.0705666
0.0759035
0.0741246
0.071674
0.0735311
0.0726948
0.0714059
0.0722868
0.0733767
0.0746269
0.0727846
0.0721358
0.0710731
0.0787867
0.0760015
0.0739042
0.0788111
0.0811943
0.0760259
0.0699177
0.0707067
0.0709468
0.0710595
0.0699189
0.070948
0.0710579
0.0704626
0.0699172
0.0978195
0.0790285
0.10775
0.0720191
0.0730904
0.0736629
0.0705789
0.072004
0.0716491
0.0703505
0.0705734
0.0716436
0.07047
0.0710653
0.072128
0.0705754
0.0704684
0.0721264
0.0696339
0.0699125
0.0704578
0.0727904
0.0710789
0.0738676
0.0759814
0.0728069
0.0738841
0.0759844
0.074766
0.0728098
0.0725
0.0721456
0.074298
0.0756323
0.0725117
0.0743097
0.0720068
0.0705817
0.0724871
0.070567
0.0696361
0.07046
0.0596248
0.0655911
0.0548246
0.0440472
0.0595525
0.0547523
0.0665914
0.0714137
0.0596836
0.0781552
0.0775139
0.0826301
0.0763886
0.0781443
0.0805101
0.0747814
0.0743668
0.0781184
0.0775051
0.0755142
0.0826212
0.0844299
0.0781784
0.0826533
0.0743579
0.0727827
0.0774683
0.0725028
0.0743479
0.0747626
0.0724875
0.0701944
0.0743326
0.0723375
0.0714995
0.079593
0.0496942
0.0591946
0.0510413
0.0439797
0.0546848
0.0394351
0.0592306
0.0604203
0.0510773
0.065648
0.0659276
0.0592977
0.0727234
0.0657012
0.0683998
0.0682422
0.0703661
0.0659733
0.065678
0.0682265
0.0659576
0.070167
0.0703801
0.0682563
0.0724193
0.0724912
0.0732273
0.0726224
0.0753901
0.0684663
0.0743116
0.0726253
0.0704086
0.0743356
0.0775612
0.0726493
0.0683942
0.0605007
0.0659408
0.0528452
0.0621042
0.0665374
0.107723
0.0844648
0.0843369
0.0743151
0.086342
0.0760777
0.0870771
0.0863789
0.074352
0.0814907
0.0978436
0.106804
0.110928
0.0843456
0.0838634
0.0733778
0.0779624
0.0776039
0.0842219
0.0843498
0.0734491
0.074753
0.0841958
0.0752453
0.111009
0.107812
0.084426
0.0935065
0.0905156
0.0967291
0.0934743
0.0871334
0.0904834
0.0741123
0.0735324
0.0703687
0.0716554
0.074106
0.0703624
0.0759355
0.0812207
0.0741566
0.0846192
0.078628
0.0812647
0.0833971
0.0779928
0.0766759
0.0846421
0.0812877
0.0854747
0.0871039
0.0846782
0.0904539
0.0870804
0.0834542
0.0846548
0.081623
0.0866143
0.0826721
0.0974395
0.106241
0.0959516
0.10012
0.106479
0.103051
0.0938228
0.10006
0.0978474
0.0986792
0.106557
0.100106
0.0916126
0.0986081
0.0937971
0.101085
0.109026
0.106595
0.0959186
0.100995
0.0928288
0.106297
0.109025
0.101084
0.0973833
0.0864954
0.0988751
0.0958853
0.0865046
0.0973733
0.0866042
0.0816129
0.0796746
0.0915692
0.0866813
0.0927663
0.0915355
0.0827054
0.0866475
0.0775535
0.0666666
0.0760227
0.0796106
0.0715171
0.0775818
0.0866257
0.0796961
0.0880173
0.0815651
0.0723712
0.0796268
0.0626935
0.0598673
0.0509702
0.0547859
0.0626764
0.0509532
0.0527614
0.0595458
0.0440405
0.0656015
0.0627256
0.054835
0.0722908
0.0656891
0.0714528
0.0722617
0.062784
0.06566
0.0722709
0.0683885
0.0627932
0.0759967
0.0622074
0.0742341
0.0879872
0.0796659
0.077637
0.0714105
0.0656467
0.0596805
0.0761182
0.0863826
0.0864017
0.0776197
0.0760888
0.0863723
0.0880098
0.0776597
0.0864123
0.0714736
0.0666513
0.0775383
0.066615
0.0621818
0.0759711
0.0872057
0.100295
0.0988873
0.0738454
0.097733
0.0813801
0.0989716
0.100379
0.112352
0.0978783
0.100091
0.103022
0.0826981
0.0915282
0.0844747
0.0805371
0.0781713
0.0844228
0.0866695
0.0880611
0.0927546
0.0755279
0.0815858
0.0826349
0.0754934
0.0723574
0.0815513
0.0928379
0.101004
0.0986363
0.0989469
0.107888
0.0974551
0.0871593
0.0988408
0.0864611
0.100441
0.117243
0.112413
0.139935
0.138222
0.158382
0.139791
0.127762
0.125733
0.179346
0.168053
0.153003
0.168096
0.186467
0.15883
0.149812
0.167973
0.158707
0.179506
0.200573
0.168212
0.118485
0.112501
0.125611
0.0974797
0.107913
0.106282
0.0958541
0.0880709
0.0864733
0.10104
0.0959636
0.106254
0.0927855
0.088092
0.0958753
0.0864729
0.0864538
0.0973417
0.112497
0.117327
0.125607
0.098997
0.112377
0.107938
0.117413
0.138037
0.125693
0.0838397
0.0814437
0.106757
0.111004
0.0839389
0.106856
0.0747484
0.0743638
0.083709
0.0743802
0.0743258
0.0727074
0.0714674
0.081294
0.0743448
0.0733451
0.0714409
0.0743726
0.0779516
0.073367
0.0743945
0.0713631
0.0688731
0.0733265
0.0646881
0.0662172
0.0816786
0.0688519
0.0646702
0.0736929
0.0688386
0.0713286
0.0630347
0.16136
0.145009
0.152258
0.0936885
0.102433
0.0997993
0.0807632
0.0839728
0.0900337
0.0409698
0.0282912
0.0412436
0.110546
0.105349
0.114376
0.115981
0.110582
0.114412
0.105843
0.10532
0.110518
0.11041
0.10586
0.110535
0.118108
0.110469
0.115993
0.104256
0.105839
0.110389
0.104205
0.0950709
0.105788
0.118089
0.110311
0.11045
0.0970605
0.0950416
0.104176
0.105774
0.0950568
0.100006
0.0936793
0.0970501
0.102423
0.0935863
0.0840077
0.087654
0.0745289
0.0671183
0.0781566
0.283726
0.341012
0.36257
0.210636
0.189645
0.180346
0.218015
0.239269
0.196904
0.219949
0.189777
0.210769
0.255353
0.220169
0.210989
0.230445
0.200462
0.22005
0.299296
0.260473
0.25071
0.200325
0.189742
0.219913
0.153768
0.144403
0.156868
0.157254
0.171072
0.180106
0.255417
0.211053
0.239441
0.293927
0.255695
0.239719
0.270012
0.230678
0.220283
0.283048
0.230889
0.270222
0.169623
0.157002
0.168541
0.15234
0.158729
0.172129
0.158563
0.179314
0.152971
0.161451
0.152349
0.172138
0.117551
0.123897
0.114645
0.131921
0.127797
0.120593
0.131982
0.138839
0.127858
0.134323
0.135119
0.126035
0.131638
0.134308
0.125075
0.131698
0.142997
0.134369
0.0937498
0.0845118
0.0915653
0.0688733
0.0714225
0.0733267
0.0630123
0.0646344
0.0688161
0.0674016
0.0630299
0.0713238
0.0775897
0.075718
0.0714003
0.066953
0.0472779
0.0559972
0.0836558
0.0873516
0.0904548
0.0757056
0.0781605
0.0671222
0.0757575
0.0825629
0.0782123
0.0713662
0.075684
0.0674441
0.0776528
0.0833972
0.0825865
0.0519287
0.0413057
0.0359184
0.0669398
0.0520524
0.0472646
0.0636945
0.053982
0.052064
0.0387458
0.046486
0.0539439
0.0737156
0.0714238
0.0688746
0.0977345
0.0738469
0.0818146
0.081292
0.0714654
0.0737573
0.118426
0.108003
0.112442
0.143077
0.138212
0.151594
0.135187
0.134392
0.146446
0.131711
0.138145
0.14301
0.151765
0.161445
0.170992
0.146549
0.143123
0.157048
0.157065
0.14314
0.151657
0.116027
0.114457
0.124207
0.120476
0.106394
0.118448
0.120445
0.10909
0.106362
0.137996
0.131979
0.127777
0.139832
0.138023
0.127803
0.149661
0.143523
0.138108
0.130876
0.14486
0.138149
0.114646
0.123898
0.117778
0.138964
0.152183
0.144934
0.123996
0.127815
0.133889
0.143592
0.14973
0.158625
0.132035
0.143467
0.138891
0.132032
0.138049
0.143464
0.127718
0.131921
0.120593
0.138903
0.144873
0.133996
0.10656
0.0986824
0.10105
0.117474
0.10665
0.109081
0.106491
0.100132
0.106583
0.183404
0.196561
0.171215
0.172242
0.18329
0.161555
0.172395
0.186631
0.203729
0.139826
0.125768
0.138112
0.12769
0.118536
0.125662
0.143535
0.152178
0.138959
0.139916
0.152771
0.138106
0.158633
0.152244
0.143601
0.152904
0.167954
0.149792
0.138139
0.152804
0.149692
0.139984
0.158431
0.152839
0.186481
0.172244
0.158844
0.120545
0.127749
0.117583
0.151678
0.145007
0.161358
0.11455
0.106539
0.106631
0.124301
0.127663
0.119028
0.144846
0.130862
0.133969
0.138094
0.13166
0.127751
0.109352
0.114372
0.105345
0.103581
0.109312
0.104014
0.11378
0.117758
0.11896
0.108637
0.113717
0.109361
0.108646
0.11182
0.113726
0.124006
0.133899
0.130792
0.117595
0.12776
0.123941
0.106668
0.117493
0.114587
0.109127
0.120482
0.117521
0.127864
0.138846
0.133939
0.124295
0.131605
0.125042
0.117793
0.124268
0.118995
0.130819
0.138091
0.127748
0.1516
0.138218
0.14493
0.113737
0.1144
0.10938
0.124341
0.130773
0.127702
0.12393
0.124285
0.11781
0.123974
0.13076
0.124328
0.124242
0.12499
0.116062
0.127663
0.124261
0.119028
0.127705
0.131614
0.124303
0.106352
0.107983
0.118406
0.203871
0.217852
0.183584
0.172384
0.203718
0.183432
0.1868
0.222691
0.203898
0.200597
0.186607
0.168236
0.20078
0.22268
0.18679
0.0817038
0.0737361
0.0647133
0.0648064
0.0672031
0.0763793
0.0411672
0.0282149
0.018222
0.0521077
0.0669951
0.0637381
0.0386876
0.0471161
0.0358935
0.0387775
0.0539756
0.0559254
0.0661168
0.0556977
0.0540022
0.0776243
0.0672143
0.066908
0.0774258
0.0776585
0.0669422
0.0865995
0.0876098
0.0777583
0.0970052
0.0877022
0.0949863
0.0839047
0.073972
0.0764658
0.064729
0.053306
0.0671257
0.0390114
0.0277833
0.0409606
0.0123251
0.0252589
0.0270096
0.0122822
0.014239
0.025216
0.0122119
0.00424337
0.0141686
0.0276449
0.010438
0.0281437
0.028095
0.00543629
0.0181021
0.028069
0.0103634
0.00541033
0.0141623
0.004237
0.010313
0.0275982
0.0142407
0.0103914
0.0276481
0.0252676
0.0142906
0.248963
0.204106
0.222899
0.0998489
0.102482
0.108457
0.0959058
0.0926939
0.0862616
0.0981185
0.10728
0.102764
0.0927141
0.0980277
0.0901803
0.0862422
0.0926746
0.0901408
0.0959454
0.098047
0.0927335
0.0959863
0.104929
0.098088
0.090092
0.0958971
0.0862528
0.0998573
0.108466
0.104977
0.102751
0.105378
0.0961452
0.117166
0.112349
0.107376
0.156534
0.138201
0.141375
0.188771
0.16471
0.161463
0.132274
0.118764
0.124354
0.108311
0.112357
0.118644
0.105457
0.108274
0.114441
0.102814
0.112304
0.108258
0.117275
0.127951
0.124334
0.121566
0.12518
0.132028
0.117265
0.121526
0.127941
0.115437
0.125125
0.12151
0.108518
0.115326
0.105028
0.117718
0.125112
0.115424
0.124282
0.112405
0.117222
0.13481
0.121521
0.126318
0.119351
0.11802
0.127427
0.109342
0.111061
0.117932
0.105418
0.102791
0.108235
0.0739412
0.0806643
0.0704998
0.0739862
0.0839189
0.0807093
0.061579
0.0626564
0.0703982
0.0764018
0.0739079
0.0648289
0.0776562
0.0764224
0.0672462
0.0875967
0.0839504
0.0765115
0.028246
0.0409245
0.0277472
0.0942324
0.0935245
0.0984119
0.0540292
0.0637417
0.0661438
0.0413294
0.0538703
0.0410556
0.0413661
0.0519891
0.053907
0.0519484
0.035938
0.0471606
0.0935944
0.0900768
0.0840158
0.218295
0.24917
0.270679
0.294188
0.317266
0.255956
0.196717
0.18356
0.217828
0.239245
0.210857
0.19688
0.270647
0.239516
0.218263
0.270901
0.293978
0.23977
0.171097
0.161551
0.183286
0.180238
0.171204
0.19655
0.210659
0.18037
0.196682
0.189469
0.169732
0.16865
0.157158
0.151751
0.170977
0.0253811
0.0389897
0.0368846
0.099758
0.0901296
0.0936472
0.0626977
0.0738809
0.0704395
0.0597181
0.0515709
0.0615062
0.0515599
0.0532538
0.0646767
0.0277309
0.038959
0.0253504
0.0647828
0.0738619
0.0626787
0.0515913
0.0647081
0.062604
0.0532757
0.0556985
0.0670954
0.0410538
0.055564
0.0391046
0.0662124
0.0638103
0.0744778
0.0774131
0.0662581
0.0745235
0.0835696
0.0774712
0.0745816
0.0865656
0.0777244
0.0774917
0.0668312
0.0557407
0.0661598
0.0773875
0.0669039
0.0662325
0.0949711
0.0866768
0.0934936
0.0949516
0.0876674
0.0866572
0.0671409
0.055744
0.0668345
0.0391453
0.0556047
0.0531819
0.0411036
0.0539183
0.0556137
0.0862021
0.0807706
0.0900412
0.0779119
0.0717724
0.0704833
0.20409
0.248947
0.218072
0.27042
0.255876
0.317186
0.0705132
0.0806777
0.0779418
0.0616094
0.0704286
0.0717177
0.0428844
0.0515084
0.0596556
0.0369776
0.0390828
0.0531194
0.0514671
0.0370192
0.053161
0.0615159
0.0515806
0.0625933
0.0428083
0.0369845
0.0514324
0.0427268
0.0271502
0.036903
0.0368446
0.0270919
0.0253412
0.270705
0.317471
0.340818
0.220367
0.255551
0.270095
0.0955692
0.0960992
0.0988262
0.0871572
0.0812064
0.0948461
0.0840876
0.090124
0.0898195
0.089556
0.0840857
0.0898176
0.0811395
0.0779885
0.084018
0.0745425
0.0616232
0.0717315
0.0901642
0.0960512
0.0898596
0.0862134
0.0901119
0.0840755
0.0807302
0.0861617
0.0779943
0.0901373
0.0997658
0.0959424
0.10733
0.10501
0.11085
0.250786
0.283212
0.299372
0.340704
0.283417
0.270591
0.362773
0.385138
0.300087
0.334375
0.400683
0.414679
0.276874
0.270352
0.325483
0.291753
0.276972
0.33355
0.356702
0.297048
0.347668
0.220861
0.254631
0.257865
0.184867
0.215142
0.187786
0.164882
0.184699
0.187617
0.177932
0.208377
0.184812
0.208706
0.245746
0.215416
0.230176
0.270032
0.276554
0.29146
0.246228
0.276679
0.195555
0.189086
0.225
0.314366
0.299925
0.384976
0.269962
0.225487
0.260291
0.333664
0.277086
0.325695
0.400386
0.334078
0.326109
0.347575
0.29199
0.333787
0.230005
0.225386
0.26986
0.260686
0.299508
0.313949
0.325575
0.260773
0.314037
0.217617
0.189026
0.184961
0.071808
0.0779475
0.0810985
0.08708
0.0718387
0.0811292
0.0745024
0.0597951
0.0615832
0.110932
0.115389
0.121463
0.107371
0.110891
0.117161
0.105036
0.115334
0.110877
0.11819
0.125003
0.125947
0.156953
0.169574
0.153853
0.157094
0.156887
0.146595
0.168685
0.180206
0.189504
0.157168
0.168499
0.15696
0.157245
0.180097
0.168577
0.0960107
0.100555
0.102103
0.0959888
0.0955745
0.100533
0.100852
0.0960117
0.102104
0.100807
0.0949199
0.089629
0.0898777
0.0960692
0.0955391
0.0840349
0.0780054
0.0861727
0.089527
0.0811782
0.0840567
0.0870582
0.0746278
0.0718169
0.141215
0.158742
0.152503
0.129965
0.141036
0.127539
0.121533
0.134822
0.129924
0.111102
0.121414
0.117973
0.114555
0.12625
0.121453
0.146197
0.164622
0.177656
0.118036
0.121477
0.129868
0.134934
0.141202
0.143756
0.129999
0.134897
0.143719
0.126384
0.141144
0.134876
0.146083
0.143872
0.164508
0.141194
0.146055
0.15872
0.141098
0.130027
0.145959
0.118711
0.126241
0.114546
0.108318
0.118651
0.114485
0.11241
0.124287
0.118698
0.15672
0.156925
0.178265
0.141333
0.156611
0.161277
0.143845
0.14129
0.161235
0.132338
0.124419
0.138064
0.126376
0.132355
0.141135
0.126301
0.118771
0.13228
0.132038
0.127991
0.121575
0.156596
0.141437
0.156801
0.138106
0.128077
0.141279
0.141256
0.138201
0.156533
0.124404
0.12802
0.138049
0.188884
0.195353
0.164824
0.127462
0.118056
0.129888
0.334198
0.414502
0.347986
0.200236
0.206773
0.176365
0.21799
0.260116
0.225313
0.189161
0.217752
0.225075
0.210209
0.25027
0.217907
0.176241
0.169793
0.200112
0.184906
0.180257
0.209864
0.217688
0.185032
0.20999
0.188838
0.16153
0.184773
0.156908
0.153874
0.176043
0.2403
0.283014
0.250588
0.195316
0.177821
0.164787
0.314704
0.385313
0.400519
0.362432
0.299747
0.283587
0.314505
0.40032
0.326043
0.117646
0.108543
0.110303
0.132138
0.135172
0.144258
0.128053
0.1321
0.140031
0.125226
0.135109
0.132074
0.118166
0.125923
0.11773
0.110238
0.102503
0.104245
0.146473
0.134418
0.143047
0.116042
0.124969
0.118157
0.127673
0.120548
0.118519
0.125057
0.134289
0.126001
0.110938
0.121469
0.117208
0.125946
0.125147
0.117753
0.126005
0.135088
0.125205
0.110335
0.118113
0.117678
0.153917
0.169638
0.176086
0.1402
0.153754
0.156788
0.140086
0.132154
0.144274
0.143756
0.145968
0.130036
0.130929
0.138525
0.140626
0.123515
0.113958
0.125911
0.122204
0.129939
0.130839
0.116824
0.12216
0.130795
0.119396
0.127472
0.131413
0.13155
0.141105
0.146627
0.111037
0.105467
0.11445
0.121402
0.11109
0.114504
0.109295
0.103836
0.111014
0.112418
0.109351
0.119272
0.103671
0.0990834
0.103777
0.112301
0.102811
0.107328
0.119291
0.10937
0.11796
0.0988591
0.0961321
0.105365
0.138539
0.130043
0.145644
0.0961207
0.098081
0.102726
0.43658
0.357427
0.424887
0.357209
0.436362
0.359977
0.300544
0.356754
0.359522
0.348096
0.42459
0.35713
0.102134
0.104924
0.100882
0.0959522
0.0896148
0.0955379
0.116763
0.112452
0.122098
0.122107
0.11246
0.119315
0.125945
0.116837
0.130808
0.125888
0.113936
0.116781
0.116717
0.113872
0.107058
0.135822
0.126009
0.130871
0.132664
0.123577
0.125974
0.1138
0.106593
0.113861
0.10366
0.100571
0.0990727
0.106526
0.100607
0.10698
0.115158
0.108139
0.11381
0.102139
0.10059
0.106509
0.098039
0.0960786
0.0901916
0.103783
0.0988847
0.10539
0.111001
0.103823
0.105431
0.10927
0.103705
0.103812
0.10701
0.103726
0.112358
0.10697
0.100597
0.103686
0.0990399
0.095579
0.0988361
0.103761
0.0990673
0.0988635
0.100544
0.0955848
0.0990456
0.0895632
0.0948542
0.0812144
0.0955174
0.0895943
0.0898559
0.0959699
0.10081
0.0896325
0.103733
0.109299
0.112365
0.296548
0.299993
0.255025
0.347451
0.29683
0.291866
0.356543
0.300333
0.296889
0.441436
0.36026
0.436645
0.441469
0.443759
0.362809
0.225137
0.229756
0.195691
0.240233
0.230788
0.282948
0.210283
0.240055
0.250344
0.200528
0.230512
0.239957
0.206986
0.200449
0.239878
0.210138
0.207018
0.23991
0.209843
0.180236
0.178521
0.260201
0.218074
0.250437
0.140062
0.141286
0.128084
0.144347
0.153712
0.140158
0.14648
0.144306
0.135221
0.146552
0.156844
0.144379
0.156746
0.141382
0.140158
0.178331
0.15699
0.176126
0.180079
0.184728
0.156819
0.178343
0.180058
0.156797
0.2067
0.178497
0.176292
0.206813
0.209932
0.17861
0.161313
0.164559
0.143923
0.132395
0.13812
0.141175
0.156756
0.184665
0.161423
0.169838
0.189574
0.200157
0.260626
0.325428
0.270297
0.424783
0.34829
0.414806
0.258296
0.300029
0.304053
0.22315
0.257894
0.26095
0.254896
0.299864
0.258131
0.187905
0.215262
0.220496
0.246294
0.291527
0.296491
0.312044
0.368919
0.361548
0.209899
0.220861
0.199837
0.199023
0.209789
0.188684
0.232136
0.239893
0.210071
0.222857
0.232042
0.199212
0.239977
0.246249
0.221117
0.268103
0.240088
0.23233
0.268242
0.273817
0.240227
0.304089
0.307783
0.261387
0.278435
0.310407
0.309843
0.259983
0.256326
0.276848
0.275511
0.310291
0.27832
0.240154
0.273744
0.246425
0.310452
0.310399
0.275619
0.274076
0.31033
0.275497
0.311849
0.361353
0.310743
0.307832
0.311529
0.268594
0.261268
0.307663
0.268426
0.304426
0.361897
0.30812
0.258165
0.303922
0.261221
0.369624
0.443779
0.440671
0.359553
0.36207
0.304599
0.360011
0.441188
0.362528
0.108091
0.109674
0.104973
0.106534
0.108071
0.102164
0.106573
0.113781
0.10811
0.102158
0.108065
0.104948
0.308168
0.368739
0.311865
0.44061
0.432803
0.362192
0.115216
0.124349
0.115042
0.109732
0.115167
0.114993
0.134807
0.132654
0.144531
0.113838
0.10657
0.107024
0.177766
0.184646
0.158972
0.276473
0.246022
0.230096
0.246171
0.296367
0.254845
0.343268
0.354407
0.399098
0.116712
0.107053
0.112401
0.123474
0.113857
0.113918
0.134057
0.123641
0.123574
0.123546
0.115209
0.113861
0.132691
0.134088
0.123605
0.124383
0.125362
0.115077
0.132549
0.124436
0.123639
0.134716
0.125428
0.124449
0.115144
0.109709
0.108125
0.343345
0.399175
0.377251
0.304452
0.342873
0.330974
0.310097
0.31066
0.354
0.34297
0.310205
0.354109
0.304165
0.278414
0.309822
0.314143
0.297904
0.330856
0.310673
0.310725
0.357153
0.277069
0.278304
0.304055
0.241612
0.25984
0.248673
0.278038
0.256281
0.245257
0.278144
0.276909
0.256387
0.337955
0.302793
0.314184
0.196731
0.212055
0.206939
0.338144
0.314373
0.35914
0.188687
0.209792
0.199729
0.220755
0.257759
0.223015
0.187931
0.220521
0.222781
0.215485
0.254489
0.220719
0.300368
0.359346
0.304392
0.369349
0.440397
0.361979
0.362114
0.368908
0.308337
0.362567
0.443517
0.369362
0.420448
0.357928
0.432721
0.420325
0.399356
0.354665
0.131565
0.146642
0.145676
0.119379
0.131395
0.12217
0.127544
0.141041
0.131486
0.152463
0.146697
0.141175
0.164679
0.152582
0.158821
0.164638
0.146776
0.152542
0.208755
0.229869
0.245794
0.172256
0.188501
0.181852
0.164761
0.176811
0.159357
0.187859
0.222709
0.199064
0.232249
0.223064
0.260864
0.209934
0.199169
0.231999
0.17702
0.187705
0.19891
0.158928
0.184602
0.164786
0.208587
0.195636
0.2297
0.254573
0.21557
0.2459
0.177967
0.195462
0.208413
0.215212
0.184937
0.208502
0.158842
0.146177
0.177637
0.261015
0.268173
0.232401
0.129993
0.138489
0.130894
0.131431
0.129941
0.122206
0.131509
0.14562
0.130019
0.188574
0.177023
0.198913
0.181944
0.188593
0.199635
0.172239
0.176934
0.188485
0.146735
0.159193
0.145769
0.164856
0.187591
0.176906
0.225403
0.23662
0.236592
0.233535
0.216461
0.224653
0.210353
0.195896
0.211964
0.196944
0.182256
0.181914
0.220957
0.226645
0.211832
0.224907
0.240992
0.236633
0.211838
0.226651
0.222846
0.199763
0.211662
0.197102
0.199843
0.220867
0.211742
0.23719
0.240994
0.224909
0.24145
0.237185
0.22298
0.241536
0.248597
0.237271
0.215756
0.228548
0.212302
0.148346
0.1386
0.145705
0.182137
0.175798
0.167432
0.140684
0.138583
0.14833
0.13092
0.140617
0.135871
0.148406
0.145765
0.156468
0.211972
0.197143
0.211703
0.146798
0.164661
0.159257
0.222945
0.22675
0.241415
0.241637
0.256208
0.259865
0.241073
0.237269
0.248595
0.246447
0.275187
0.245215
0.210034
0.239856
0.220995
0.275293
0.278102
0.245321
0.310038
0.342803
0.304381
0.357299
0.354159
0.310819
0.361505
0.357323
0.310896
0.361914
0.432525
0.357732
0.357666
0.420185
0.354526
0.275145
0.287018
0.272162
0.30412
0.297691
0.277134
0.304301
0.330823
0.297871
0.172185
0.181781
0.167418
0.156619
0.172101
0.167334
0.160271
0.15658
0.167294
0.145801
0.159226
0.156504
0.159382
0.176836
0.172142
0.255082
0.25575
0.245786
0.260844
0.255113
0.249962
0.26094
0.27086
0.262704
0.123581
0.124378
0.115245
0.212162
0.228783
0.207046
0.205312
0.18388
0.197753
0.230883
0.254473
0.229004
0.205277
0.187258
0.183844
0.242046
0.242948
0.253053
0.271912
0.269689
0.272213
0.302506
0.284219
0.282185
0.265775
0.269668
0.271891
0.212242
0.230742
0.228863
0.284053
0.271291
0.263648
0.263531
0.271174
0.249173
0.236931
0.254247
0.25786
0.2153
0.236777
0.250651
0.215127
0.198992
0.236603
0.275028
0.264171
0.260003
0.275068
0.272086
0.264212
0.297594
0.275197
0.277037
0.297627
0.287103
0.27523
0.313997
0.287234
0.297758
0.359116
0.314349
0.331061
0.302622
0.28725
0.314013
0.272193
0.269669
0.265979
0.282043
0.272255
0.272136
0.282043
0.271954
0.272255
0.302516
0.282195
0.287143
0.284055
0.26365
0.271932
0.282083
0.284117
0.271994
0.302593
0.308278
0.284307
0.308458
0.302773
0.337936
0.308174
0.27144
0.284202
0.272175
0.265961
0.264182
0.287041
0.282093
0.272186
0.26576
0.267357
0.269652
0.230853
0.228619
0.245612
0.230001
0.254153
0.236838
0.199041
0.229816
0.236653
0.218192
0.24987
0.250461
0.25158
0.259088
0.263901
0.24174
0.226771
0.226238
0.263659
0.241494
0.254964
0.228591
0.226777
0.241283
0.253139
0.259052
0.251544
0.242075
0.253082
0.251487
0.230473
0.242828
0.2287
0.245746
0.255709
0.242969
0.270245
0.263964
0.25915
0.317387
0.282668
0.284404
0.274575
0.264056
0.282457
0.279329
0.263943
0.302085
0.255075
0.263964
0.274483
0.258819
0.259076
0.253163
0.258879
0.265534
0.264448
0.219244
0.22058
0.180122
0.217878
0.229679
0.176888
0.17997
0.217712
0.176722
0.254382
0.267424
0.267632
0.250794
0.23692
0.257848
0.250683
0.267168
0.267411
0.230046
0.250515
0.254199
0.250034
0.26711
0.250625
0.276924
0.274122
0.272234
0.278333
0.277182
0.278537
0.26811
0.260937
0.264599
0.273827
0.268153
0.264642
0.273848
0.270922
0.268174
0.269664
0.268133
0.273363
0.272211
0.264615
0.26991
0.272194
0.264624
0.264597
0.274102
0.272247
0.271
0.273841
0.264655
0.272225
0.278529
0.277173
0.275768
0.270879
0.260958
0.268131
0.26089
0.254103
0.264552
0.250853
0.263463
0.249105
0.215341
0.250692
0.248943
0.257945
0.265665
0.25089
0.250909
0.265684
0.263519
0.19884
0.176824
0.229615
0.267644
0.267324
0.258006
0.25435
0.2676
0.257963
0.267491
0.274075
0.267698
0.270962
0.267368
0.267687
0.275737
0.272263
0.274118
0.269906
0.265971
0.269662
0.272233
0.269931
0.270986
0.264594
0.265954
0.269889
0.270969
0.26967
0.267374
0.272195
0.264202
0.272076
0.254999
0.251566
0.263887
0.254529
0.230939
0.245699
0.245647
0.228654
0.241346
0.263628
0.245765
0.241463
0.27911
0.25469
0.245861
0.261282
0.258836
0.255815
0.270391
0.284247
0.282511
0.273878
0.272262
0.275736
0.24664
0.249866
0.220905
0.266174
0.246785
0.248026
0.266161
0.267162
0.250086
0.266235
0.266147
0.246846
0.266338
0.27745
0.26625
0.270353
0.271224
0.284209
0.264042
0.270323
0.282443
0.264489
0.266446
0.270271
0.270293
0.266468
0.271165
0.258857
0.264426
0.259114
0.265559
0.266324
0.264473
0.267078
0.266011
0.26644
0.22617
0.176792
0.198835
0.253071
0.219508
0.226494
0.267933
0.266245
0.248097
0.273757
0.268019
0.266153
0.273789
0.275719
0.268051
0.249771
0.218092
0.220809
0.220575
0.217859
0.180118
0.247783
0.220807
0.219471
0.247875
0.246633
0.220898
SCALARS PressionMoyenne float
LOOKUP_TABLE default
0.00334901
0.00343652
0.0030256
-0.131752
0.00395763
-0.133948
0.00309186
0.00341705
0.00334916
0.00427164
0.00433967
-0.131291
0.00425967
0.00426401
-0.133492
0.00441405
0.00426018
-0.133491
0.00487719
0.00452437
0.00472331
0.00452372
0.00487654
0.00452963
0.00435721
0.00453638
0.00436325
0.00418027
0.00435601
0.00436205
0.00436565
0.00453639
0.00435722
0.00454074
0.00472721
0.00472287
0.00387463
0.00392125
0.00402932
0.00445165
0.00441478
0.00444052
0.00377011
0.00387346
0.00383306
0.00364152
0.00376933
0.00383228
0.00382799
0.00364172
0.00383248
0.00341727
0.00309207
0.00341309
0.00359063
0.00335157
0.00363932
0.00334785
0.00302443
0.00309054
0.00363874
0.003351
0.00341889
0.00358996
0.00343842
0.0033509
0.00350157
0.00384274
0.0037689
0.00364014
0.00342029
0.00376795
0.00341535
0.00354582
0.00364008
0.00371273
0.00364108
0.00354682
0.00410386
0.00400744
0.00405106
0.00405304
0.00405221
0.00406128
0.00405269
0.00417413
0.00408303
0.00411502
0.00410342
0.00405581
0.00411555
0.00421383
0.00410395
0.00433111
0.00425935
0.00439553
0.00397931
0.00392102
0.00385578
0.00395852
0.00397943
0.00385591
0.00408867
0.0040778
0.00398061
0.00426213
0.00429079
0.00417534
0.00392057
0.00384443
0.00385533
0.00419501
0.00403092
0.00407833
0.00341863
0.00341445
0.00349896
0.00407741
0.00403
0.00392193
0.00420186
0.00418477
0.00401112
0.00454099
0.00479548
0.00472745
0.00434612
0.00448309
0.00435179
0.00420353
0.00434518
0.00435085
0.00433169
0.00448302
0.00434605
0.00380759
-0.131755
-0.133948
0.00448396
0.00444097
0.00451645
0.00435236
0.00448366
0.00451615
0.00445188
0.00444075
0.00448374
-0.135356
-0.131759
0.00387112
0.00393877
0.0040503
0.00394603
0.00371331
0.0035474
0.00381438
0.00393799
0.00394525
0.00381646
0.0038544
0.00384349
0.00364255
0.00384414
0.00392028
0.0037703
0.00399614
0.0039704
-0.127973
-0.135346
0.00352863
-0.128441
0.00479445
0.00451749
0.00444201
0.00420347
0.00433075
0.00434511
0.00444022
0.00441478
0.00445165
0.00433175
0.00439617
0.00445122
0.00448338
0.00433204
0.00445151
0.00398005
0.00407724
0.00392176
0.00417425
0.00408933
0.00408316
0.00417405
0.00407845
0.00408932
0.00426174
0.00417495
0.00417513
0.00425816
0.0041961
0.00417501
0.00429077
0.00425848
0.00417532
0.00429151
0.00439539
0.00425921
0.00420297
0.00419643
0.00433025
0.00420196
0.00403133
0.00419543
0.00418591
0.004203
0.00435032
0.00453831
0.00436566
0.00435736
0.00383428
0.00400926
0.00399865
0.00359223
0.00364091
0.00382719
0.00387433
0.00402903
0.00383393
0.00392038
0.00387376
0.0037704
0.00402948
0.00400937
0.00383438
0.00418498
0.00398941
0.00399976
0.00398755
0.00379933
0.00382904
0.00383368
0.00399805
0.00382919
0.00404564
0.00411159
0.00419848
0.00380458
0.00400029
0.00401729
0.00418637
0.00436207
0.00435657
0.00401917
0.00418464
0.00418265
0.00400146
0.00398941
0.00418393
0.00395915
0.00400685
0.00401936
0.00408846
0.00398041
0.00401739
0.00385476
0.00371456
0.00388112
0.00401695
0.00397997
0.00395906
0.0040194
0.00401708
0.00395919
0.00401981
0.0040824
0.0040175
0.00363993
0.00349971
0.00341519
0.00385396
0.00364211
0.00371376
0.00384231
0.00350114
0.00364136
0.00422232
0.00423174
0.00412253
0.00422088
0.00411594
0.00421081
0.0043235
0.00422158
0.00421151
0.00421422
0.00411595
0.0042209
0.00372905
0.00432185
0.00420986
0.00426187
0.00417527
0.00421455
0.0044396
0.0042921
0.00439051
0.00417474
0.00410415
0.00421403
0.0041744
0.00419549
0.00407881
0.00438992
0.00429151
0.00426285
0.00425868
0.00433044
0.00419662
0.00443962
0.004396
0.00429212
0.00444015
0.00445159
0.00439654
0.0041742
0.00405276
0.00410361
0.00405557
0.00403274
0.00411479
0.0043266
0.00397416
-0.1349
0.00408881
0.00401773
0.00408263
-0.122575
-0.128398
0.00354566
0.00388143
0.00371486
0.00394472
0.00395849
0.00388224
0.00394553
0.00395819
0.00385558
0.00388194
0.00414915
-0.12213
0.00399045
0.0040511
0.00393957
0.00418337
0.00441519
0.00444063
0.00457388
0.00446247
0.00415834
0.00418548
0.00457459
0.00439225
0.00467677
-0.122548
0.00373095
-0.120632
0.00444055
0.00439146
0.0045738
0.00376522
-0.112334
-0.120598
0.00455281
0.00415958
0.00446371
0.00393276
0.00395976
0.00378677
0.00393373
0.00407666
0.00396073
0.00405275
0.00402523
0.00400348
0.0040615
0.00410409
0.00406682
0.00422341
0.00410585
0.00407811
0.00415881
0.00455203
0.00423376
0.00430028
0.00435826
0.004225
0.00408964
0.00417456
0.00417437
0.00432654
0.00466597
0.00467686
0.00426296
0.00432423
0.00439003
0.00421492
0.00422159
0.00432351
0.00432337
0.00373057
0.00466279
0.00403325
0.00421018
0.00411531
0.00403224
0.00390212
0.0041208
-0.096974
-0.104626
0.00302626
0.00428648
-0.111915
0.0041843
0.00432562
0.00467593
0.00439141
0.00427589
-0.111915
0.00428678
0.00430334
0.00410706
0.00435787
0.00393375
0.00386727
0.00399888
0.00403789
0.00395464
0.00402502
0.00403758
0.00393358
0.00395433
0.00378552
0.00369173
0.0038259
0.00395452
0.00400315
0.0040249
0.00382727
0.00395362
0.00393287
0.00382717
0.00390185
0.00395352
0.00352617
0.00361063
0.00369014
0.00390244
0.00400274
0.00395411
0.00390249
0.00396949
0.00400279
0.00378619
0.00390129
0.0038266
0.00378666
0.00396877
0.00390176
0.00369173
0.00378548
0.0038259
0.00390186
0.00395399
0.00412053
0.00396959
0.00390161
0.00403174
0.00377636
0.00395283
0.0039007
0.00361131
0.00363321
0.00378457
0.00369101
0.0036115
0.00378476
0.00347403
0.00347643
0.00360974
0.00374805
0.00395232
0.00377584
0.00403225
0.00405508
0.0039701
0.00400091
0.00410586
0.00430214
0.00360991
0.00352544
0.00347419
0.00421988
0.00374928
0.00387383
0.00422015
0.00395381
0.00374954
-0.0891668
0.00358863
-0.0947781
0.00423038
0.00372874
0.00420955
-0.0944658
0.0039009
0.00389149
-0.089174
-0.0969205
0.00358144
0.0037758
0.00390014
0.00378601
-0.0966098
0.00339042
0.00389206
0.00318444
0.00337535
0.00329395
0.00282827
0.00318151
0.0029638
0.00313298
0.00337481
0.0031839
0.00405499
0.00400331
0.00397
0.00412252
0.00406745
0.00423202
0.00407817
0.00412253
0.00422347
0.00407755
0.00403862
0.00412191
0.00378633
0.00382671
0.00393231
0.00405217
0.00408252
0.00401993
0.00406354
0.00405211
0.00401986
0.00405318
0.0041032
0.00405235
0.00402542
0.00405295
0.00406119
0.0040556
0.00410321
0.00405319
0.00391025
-0.104675
-0.112281
0.00426237
0.00421505
0.00432365
0.0033661
-0.104287
0.00429833
0.00422458
0.00423314
0.00429986
0.00423196
0.00406739
0.00410466
0.00430096
0.00423424
0.00455251
0.00422398
0.00412305
0.00423255
0.00423226
0.00410497
0.0041573
0.00403859
0.0040668
0.00412187
0.00393399
0.00403799
0.00407692
0.00402539
0.00406648
0.00403826
0.00402547
0.00406124
0.00406656
0.00405527
0.00405285
0.00400358
0.00401971
0.0040072
0.00406339
0.00406368
0.00400748
0.0041039
0.00406149
0.00406386
0.00410408
0.00406132
0.00405225
0.00406368
0.00405183
0.0041841
0.00415697
0.00410436
0.00405156
0.0041567
0.0039445
0.00371464
0.00381572
0.00400691
0.00394626
0.00405053
0.0040066
0.00395891
0.00394595
0.00400034
0.00430156
0.00393521
0.00355151
0.00386577
0.00393225
0.00410679
0.00422435
0.00435761
0.00396104
0.00410471
0.00399977
0.0039613
0.00407723
0.00410497
0.0041225
0.0042317
0.00421087
0.00403328
0.00412183
0.00421021
0.00395506
0.0042214
0.00412161
0.00386454
0.00355029
0.00356706
0.00378524
0.00386533
0.00356785
0.00396025
0.00399897
0.00386736
0.0039356
0.00430196
0.00411657
0.00383706
0.00359966
0.0041139
0.00354865
0.00337748
0.00356543
0.00383506
0.00351651
0.00359765
0.00356671
0.00352633
0.0037841
0.00395954
0.00386665
0.00378655
0.00337681
0.00334803
0.00356475
0.0039344
0.00358834
-0.0813247
0.00390079
0.00396876
0.00378666
0.00288554
-0.0605926
-0.0815429
0.00374648
0.00338638
0.00387103
0.00330938
0.0029978
0.00284638
-0.0566131
0.00321465
0.00264669
0.00349281
0.0034755
0.00331314
0.00374521
0.00349395
0.00338512
0.00331019
0.00308698
0.0029986
0.00347481
0.00328655
0.00331245
0.00347535
0.00347294
0.00328709
0.00349478
0.00374604
0.00363269
-0.0813275
0.00358554
0.0031009
-0.0816547
-0.0947529
0.00360439
0.00359579
0.00351465
0.00328099
0.00316992
0.00320404
-0.0603082
0.00310297
0.00273661
0.00296323
0.00329231
0.00310484
0.0029651
0.00354775
0.00329517
0.00337657
0.00354848
0.00359596
0.00329591
0.00327736
0.00291946
0.00310464
0.00329336
0.00327861
0.00310589
0.00393135
0.00359809
0.00355062
0.00393324
0.00411422
0.00359998
0.00351326
0.00318189
0.0032796
0.00299012
-0.0568377
-0.0642652
0.00341574
0.00331079
0.00284778
-0.0605346
0.00297771
-0.0642776
0.00338402
0.00349286
0.00341814
0.00276103
0.00243115
0.00246318
0.00299539
0.00267276
0.00276362
0.00299528
0.00272947
0.00267264
0.000526831
0.000777708
0.00106139
0.000532581
0.00014174
0.000140964
0.000943634
0.00053655
0.000525631
0.00134654
0.000948146
0.0010647
0.00134781
0.00140748
0.000986925
0.000123625
0.000556169
9.7923e-05
0.000141145
0.000206537
0.000521843
0.0017665
0.00214796
0.00223862
0.00229581
0.00252412
0.00229827
0.00328026
0.00329501
0.00359506
0.00196699
0.00222257
0.00142369
0.00256415
-0.0566153
0.00264451
0.00237138
0.00291524
0.00274865
0.00222834
0.00236907
0.00274635
0.00192059
0.00183587
0.0023419
0.00237003
0.00234701
0.00291389
0.00261183
0.00296159
0.00273496
0.00243185
0.00276172
0.00267086
0.00183694
0.00223951
0.00234297
0.00197016
0.00236647
0.00222574
0.00148446
0.00196476
0.00149494
0.00192111
0.00236544
0.00196914
0.00260054
0.0023027
-0.0453932
-0.0567772
0.00240229
-0.0455915
0.00284455
0.00299597
0.00276419
0.00272632
0.00229693
0.00243048
0.00293064
0.00276613
0.00272957
0.00308482
0.00293171
0.00273064
0.00308626
0.00316098
0.00293315
0.00282533
0.00249966
0.00276501
0.0014997
0.00164969
0.00124974
-0.0275647
0.00136786
-0.00206156
0.00202403
0.00201506
0.00165564
0.00229283
0.0020258
0.00190615
0.00252569
0.00276334
0.00229984
0.00272664
0.00252556
0.00229725
0.00272821
0.00276478
0.00252713
0.00267075
0.00272758
0.00243173
0.00334701
0.00316366
0.0034721
0.00356525
0.00334853
0.00352487
0.00313281
0.00316252
0.00334587
0.00299666
0.00308503
0.00273085
0.00308794
0.00331115
0.00328525
0.0022966
0.00202711
0.00229414
0.00141105
0.0019163
0.00148402
0.00176268
0.00183223
0.0014117
0.00138506
0.00176098
0.00135033
0.000780176
0.00126225
0.00106386
0.00201762
0.00229608
0.00214899
0.00165454
0.00201396
0.00169722
0.00202618
0.00229567
0.0020172
0.00176575
0.00201584
0.00214721
0.00224107
0.0021504
0.00249565
0.00273255
0.0022434
0.00260942
0.001835
0.00176545
0.00223757
0.00233219
0.00248235
-0.0364561
-0.0455248
0.0021711
-0.0366172
0.00242773
0.00229418
0.0019075
0.00276325
0.00249789
0.00229974
0.00312976
0.00282744
0.00276712
0.00293208
0.00315991
0.00276758
0.00334658
0.00337536
0.00313353
0.00334822
0.00347331
0.00352456
0.00276824
0.00316058
0.00313088
0.00308744
0.00328475
0.00316216
0.00328604
0.0034719
0.00316345
0.00331295
0.0034179
0.00349262
0.00363376
0.0037749
0.00378512
0.00349388
0.00363178
0.00347657
0.00374698
0.00377477
0.00363363
0.00347696
0.00363217
0.00361027
0.00369072
0.00378452
0.00352675
0.00313115
0.00318207
0.00282884
0.000407516
0.000206136
0.000135662
0.00138622
0.00169548
0.00176213
0.00126427
0.00138245
0.00106588
0.00126623
0.00165099
0.00138442
0.00165026
0.00165189
0.00126713
0.000816788
0.00124617
0.00126298
0.00148204
0.0026078
0.00190539
0.00165239
0.00190277
0.00165402
1.59202e-05
0.000476517
9.68871e-05
-0.000585644
1.23559e-05
9.33228e-05
9.90267e-05
0.000531535
0.000478249
0.000121126
9.5424e-05
-0.000188535
0.000478502
0.00060735
9.88717e-05
9.72964e-05
0.000476518
1.59216e-05
0.000536221
0.000986823
0.0009917
0.000557538
0.000531801
9.92928e-05
0.000562016
0.000982891
0.000986879
0.00234823
0.00273393
0.00291511
0.00192237
0.00234368
0.0023667
0.00224251
0.00273167
0.00234597
0.00282481
0.00261059
0.00249914
0.00282636
0.00296189
0.00261214
0.00318307
0.00329258
0.00296536
0.00291794
0.00317814
0.00275136
0.00310282
0.00291764
0.00273646
0.00327761
0.0031799
0.00291971
0.00142125
0.00149473
0.00196455
0.00190402
0.00202366
0.00165526
0.00147883
0.00190218
0.0016518
0.00261109
0.00246093
0.00190867
0.00116295
0.00149204
0.00141856
0.00250896
0.0013832
-0.0275493
-0.0365568
0.00238165
-0.0276766
0.00246032
0.00242829
0.00190806
0.00146535
0.00148833
-0.00196406
0.00126141
0.000779342
0.000815222
0.00124896
0.0016489
0.00126577
0.000855
0.00149559
0.000816258
0.00143317
-0.0149723
-0.00201922
0.000817573
0.00149691
0.00124695
0.000896521
0.0131896
0.00153711
0.00165243
0.00169512
0.00138585
0.00224261
0.00249719
0.00260863
0.00169759
0.00201433
0.00176424
0.00229769
0.00249584
0.00215059
0.000994865
0.000989988
0.00147953
0.000612613
0.00099253
0.00115859
0.000481238
0.000534525
0.000990003
0.000996549
0.00148121
0.00149169
0.000560512
0.000985376
0.000534774
0.000985724
0.00140628
0.000989713
0.000991374
0.00140794
0.00148091
0.000945248
0.000982751
0.000561876
0.00094788
0.00134627
0.000985383
0.00138273
0.00134799
0.00106616
0.00176106
0.00141008
0.00135041
0.00183275
0.00191747
0.00141222
0.00191816
0.00196618
0.00148588
0.000493764
0.000207338
0.000408717
0.000775428
0.00049567
0.000410624
0.000775811
0.000524934
0.000496054
0.000990257
0.000610341
0.000481493
-0.000419776
-0.000190623
1.1961e-05
-0.00107832
-0.00072248
-0.000837545
-0.000274823
-0.000156807
0.000119994
-0.000593387
-0.000432112
-0.000761616
-0.000591629
-0.000237888
-0.000430355
-0.000761822
-0.000432318
-0.000654809
0.000494148
0.000523028
0.000207722
-0.000279293
-0.000719194
-0.000654155
0.00165045
0.00150046
0.00147748
9.50635e-05
1.36887e-05
-0.000188896
1.06296e-05
-0.000587371
-0.000421107
-0.00107771
-0.000656834
-0.000721874
-0.00142433
-0.00146263
-0.00159666
-0.00124401
-0.00133527
-0.00105004
-0.00151249
-0.00167661
-0.0014632
-0.00154403
-0.00151162
-0.00133782
-0.00167703
-0.00163567
-0.00146361
-0.000594115
-0.000911395
-0.000500249
0.000411686
0.00081237
0.000776491
0.00057912
0.000408767
0.000136913
0.000581515
0.000850588
0.000411162
0.013235
0.000941966
0.0150795
0.0131365
-0.0149215
0.00148403
0.000945397
0.000527394
0.00106195
0.000123692
0.000141682
0.000532524
0.000557632
0.000125088
0.000533919
0.000943751
0.000560379
0.000536666
0.000995476
0.00149062
0.00116153
-0.000192589
-0.000717645
-0.000277745
-0.00071813
-0.000193073
-0.000422226
-0.000276666
-0.000429036
-0.00015865
-0.000189778
-0.000274934
0.000119883
-0.000653187
-0.000430696
-0.000278325
0.000142243
0.000522942
0.000533861
-0.000239864
0.000203981
0.000138589
-0.000257651
-0.000243533
-0.00049689
-0.000254873
0.000132615
-4.23036e-05
-0.000254459
8.08506e-05
0.000133029
0.0202521
-4.03088e-05
-0.000581187
0.0203196
0.0195252
2.71621e-05
0.000630596
0.0150372
0.000899669
0.000812621
0.000411938
0.000851364
0.00013364
0.0150347
0.000628025
-0.000255264
-0.000106684
8.00462e-05
-4.35607e-05
-0.000242012
-0.00025613
0.000204632
-4.07616e-05
0.000134157
0.000203375
-0.00024047
-4.20188e-05
-0.000572969
-0.000108875
-0.000257455
0.0195083
0.015098
0.000196997
0.000135822
8.36442e-05
0.000578029
-0.000592273
-0.0010392
-0.000836978
-0.00119827
-0.00104318
-0.00142108
-0.00150305
-0.00142439
-0.00172898
0.000146196
-4.05337e-05
0.0194575
-0.00176537
-0.0017319
-0.00203773
-0.00218355
-0.00238143
-0.00200625
-0.0018222
-0.00215911
-0.00199681
-0.00186426
-0.00182121
-0.00199582
-0.00176628
-0.00203864
-0.00200371
-0.00187995
-0.00175363
-0.00163732
-0.00202368
-0.00187881
-0.00200407
-0.00175269
-0.00159833
-0.00163638
-0.00189705
-0.00175449
-0.00187755
-0.00189634
-0.00166494
-0.00175378
-0.000839005
-0.00104123
-0.00119631
-0.00107991
-0.000839135
-0.00119644
-0.000720286
-0.000424381
-0.00083535
-0.00057429
-0.000651074
-0.000110196
-0.000238115
-0.000591856
-0.00049799
0.000137116
-0.000234818
-0.000241336
0.000138655
0.000139432
-0.00015536
-0.000216448
0.023319
0.0310708
0.0274542
-0.000202571
0.0310847
-0.00110702
-0.00147634
-0.00166137
-0.000898768
-0.00119137
-0.000405344
-0.000900477
-0.000914736
-0.00119308
-0.000500686
-0.000911832
-0.00072448
-0.000996232
-0.00128359
-0.00117582
-0.000656657
-0.000983009
-0.00076367
-0.00119277
-0.001317
-0.000406748
-0.000423944
-0.000590208
-0.000834914
-0.000498
-0.000574275
-0.000258761
-0.000236945
-0.000496821
-0.000243464
-0.000158515
-0.000428901
-0.000236434
0.0001374
-0.000156614
-0.000234534
0.000139374
0.000121384
-0.000155418
-0.000763497
-0.000992551
-0.000595267
-0.000595769
-0.000993053
-0.000913048
0.027348
-0.000558352
-0.000308756
0.0274173
0.0203442
-0.000489047
-0.00238136
-0.00216101
-0.00200618
-0.00098432
-0.00104727
-0.000764981
-0.00107859
-0.000984066
-0.000657714
-0.00156888
-0.00150364
-0.00176304
-0.00142262
-0.00150127
-0.0011998
-0.0010473
-0.000994068
-0.000765014
-0.00108056
-0.00124295
-0.00098603
-0.00124567
-0.00154314
-0.00133692
-0.00205143
-0.00198344
-0.00199698
-0.000725816
-0.000913168
-0.000898909
-0.00057717
-0.000724689
-0.000897781
-0.000575834
-0.000499559
-0.000723352
-0.00117459
-0.000914991
-0.000994995
-0.0015967
-0.00147718
-0.00142438
-0.001194
-0.000915658
-0.00117525
-0.000653134
-0.000896961
-0.000403538
-0.000653716
-0.000576932
-0.000897543
-0.00150116
-0.001391
-0.0011997
-0.00176358
-0.00150418
-0.00173011
-0.0021824
-0.00200511
-0.00204003
-0.00138975
-0.0012443
-0.00108191
-0.00156764
-0.00139224
-0.0015024
-0.0020031
-0.00182103
-0.00180185
-0.00154535
-0.00173138
-0.00151294
-0.00156729
-0.00154391
-0.00124644
-0.00173183
-0.00167752
-0.00151339
-0.00124284
-0.00104887
-0.000985924
-0.00156678
-0.00124593
-0.00139137
-0.00156921
-0.00181872
-0.00154583
-0.00119829
-0.00138959
-0.00108176
-0.00221896
-0.00216181
-0.00240705
-0.00198281
-0.0018648
-0.00199636
-0.00215832
-0.00205692
-0.00202479
-0.00200487
-0.00211668
-0.00202448
-0.00228729
-0.00233338
-0.00216012
-0.0013354
-0.0012843
-0.00105018
-0.00147798
-0.00159751
-0.00166302
-0.00117789
-0.00142298
-0.00147578
-0.00117725
-0.00128502
-0.00142233
-0.00146334
-0.0016354
-0.00159736
-0.00128597
-0.00146159
-0.00142329
-0.00128568
-0.00133678
-0.0014613
-0.00104904
-0.00128316
-0.000995806
-0.00133754
-0.00151135
-0.00146206
-0.00175444
-0.00188076
-0.0018775
-0.001733
-0.0018629
-0.00167869
-0.00188159
-0.00200359
-0.00187833
-0.00177637
-0.00188003
-0.0016374
-0.00167808
-0.0017757
-0.00163672
-0.00167884
-0.00186305
-0.00177646
-0.00198586
-0.00204237
-0.00208753
-0.000905551
0.0337758
0.0233258
-0.00147519
-0.00110588
-0.00132029
-0.00141364
0.0336928
-0.00098857
0.0338143
-0.00129217
0.0352075
-0.00123511
0.0232106
-0.000324857
-0.0014755
-0.00132059
-0.00119636
-0.00117713
-0.00147501
-0.00119588
-0.00166156
-0.00153227
-0.00110721
-0.00102305
0.0232083
-0.00123746
-0.00216169
-0.00228641
-0.0022127
-0.0021037
-0.00205238
-0.00216054
-0.00204292
-0.00210358
-0.00213286
-0.00198379
-0.00205179
-0.00210311
-0.00204242
-0.00198376
-0.00210308
-0.00205289
-0.00198589
-0.00208756
-0.00192157
-0.00198315
-0.00204181
-0.00205226
-0.00200417
-0.00188218
-0.00219555
-0.00205359
-0.00208826
-0.00219614
-0.00219933
-0.0021179
-0.00189856
-0.00202393
-0.00205945
-0.0019852
-0.0020522
-0.00188211
-0.00192104
-0.00198476
-0.00188167
-0.00192158
-0.00204182
-0.0019853
-0.00211719
-0.00215852
-0.00202499
-0.00205305
-0.00211677
-0.00200496
-0.0021992
-0.00215911
-0.00211778
-0.00215858
-0.0021959
-0.00208862
-0.00228685
-0.00215968
-0.00219977
-0.00205958
-0.00206436
-0.0018987
-0.00188098
-0.00177732
-0.00192034
-0.00186338
-0.00173347
-0.00182033
-0.00192098
-0.00186455
-0.00198256
-0.00192029
-0.00177727
-0.00186386
-0.00216236
-0.0023827
-0.0024076
-0.00199758
-0.00215988
-0.00205202
-0.00181927
-0.00173241
-0.00154638
-0.00180039
-0.00181957
-0.00157006
-0.00176403
-0.00180021
-0.00156988
-0.00176549
-0.00200291
-0.00180166
-0.0020043
-0.00215913
-0.00182223
-0.00228754
-0.00241165
-0.0022997
-0.00205276
-0.00221777
-0.00216092
-0.0022194
-0.00241138
-0.00228727
-0.00207204
-0.00212859
-0.00216475
-0.00189694
-0.00206261
-0.00153626
-0.00159843
-0.00175278
-0.00166394
-0.00187846
-0.00202332
-0.00189796
0.0361396
-0.00193191
-0.00192852
-0.00189561
-0.00153492
-0.0016642
0.0361395
-0.00193672
-0.00193194
0.0363044
0.0352141
-0.00181193
-0.0019385
0.0350876
-0.00141215
-0.00228687
-0.00229903
-0.00221316
-0.00205659
-0.00205998
-0.00202446
-0.00233261
-0.00205795
-0.00215935
-0.00236277
-0.00242105
-0.00228827
0.032354
0.0328234
-0.00210052
0.0362679
0.0363079
-0.0018084
-0.00227079
-0.00232015
-0.00226332
0.0328374
0.0362562
-0.00181185
-0.00241176
-0.00232075
-0.00229981
-0.00219986
-0.00226257
-0.00216563
-0.00215837
-0.00208841
-0.0021332
-0.00224969
-0.00215919
-0.0022182
-0.00219676
-0.00230195
-0.00219994
-0.00232364
-0.00238805
-0.00234344
-0.00230175
-0.00244839
0.0334692
-0.00230279
-0.00236237
-0.00228787
-0.00242451
-0.00256884
-0.0024222
-0.00236296
-0.0023437
-0.00242356
-0.00220025
-0.00230225
-0.00228732
-0.00225059
-0.00234291
-0.0023026
-0.00219644
-0.00215912
-0.00224962
-0.00230211
-0.00219692
-0.0022501
-0.00219565
-0.00211741
-0.00205369
-0.00221863
-0.00224774
-0.00228973
-0.00238858
-0.00237373
-0.00245283
-0.00234604
-0.00237316
-0.0023236
-0.00245103
-0.00251989
0.0284178
0.0323665
-0.00233397
0.0285349
-0.00246541
-0.00262352
-0.00255467
-0.00238879
-0.00246419
-0.00242405
-0.00252457
-0.00262342
-0.00246531
0.0323834
0.0335856
-0.002332
-0.00221561
0.0327083
-0.00194095
-0.0022184
-0.00230511
0.0322361
-0.00222471
-0.00221024
-0.00217349
-0.00229882
-0.00222513
-0.00221295
-0.00227026
-0.00220008
-0.002225
-0.00212901
-0.00219941
-0.00216518
-0.00212903
-0.00217113
-0.00219817
-0.00192233
-0.00206691
-0.00207102
-0.00219318
-0.00218276
-0.00227294
-0.00220484
-0.00219325
-0.00227171
-0.00220436
-0.00212717
-0.00219277
-0.00218496
0.033586
0.0323563
-0.00228817
-0.00242096
-0.00233426
-0.00236322
-0.00242382
-0.00242151
-0.00200077
-0.00206668
-0.00192209
-0.00213281
-0.00208802
-0.00204287
-0.00216081
-0.00213326
-0.00210398
-0.00221856
-0.00228643
-0.00216171
-0.00216062
-0.00221777
-0.00205276
-0.00240789
-0.00241179
-0.0022198
-0.00221232
-0.00217328
-0.00216131
-0.00221253
-0.00222471
-0.00217349
-0.00227059
-0.00222533
-0.00229902
-0.00232028
-0.00227091
-0.00229934
-0.00219975
-0.0021985
-0.00219743
-0.00217326
-0.00221002
-0.00215891
-0.00216104
-0.00217302
-0.00213349
-0.00221017
-0.00221806
-0.00215906
-0.00226292
-0.00220021
-0.00227039
-0.00217301
-0.00215865
-0.00213348
-0.00219754
-0.00221888
-0.0022103
-0.00222479
-0.00219756
-0.00221032
-0.00219856
-0.00221885
-0.0021975
-0.00234378
-0.00238838
-0.00242365
-0.00236256
-0.00230298
-0.00234329
-0.0022904
-0.00232332
-0.00234312
-0.00225055
-0.00229016
-0.00234287
-0.00225013
-0.00221863
-0.00228974
-0.00216526
-0.0022588
-0.0023104
-0.00209691
-0.00216429
-0.00218208
-0.00206437
-0.0020376
-0.0021637
-0.00242466
-0.00246479
-0.00256898
-0.00227194
-0.00219348
-0.00227324
-0.00226446
-0.00227234
-0.00232299
-0.002248
-0.00226438
-0.00232291
-0.00224765
-0.00221923
-0.00226403
-0.00229008
-0.00224809
-0.002323
-0.00221836
-0.00221047
-0.00224747
-0.00219241
-0.0021268
-0.00209682
-0.00226389
-0.00221909
-0.0022049
-0.00212607
-0.00206736
-0.00200146
-0.00221876
-0.00219847
-0.00217143
-0.00227195
-0.00226406
-0.00220508
-0.00224747
-0.00221047
-0.00221905
-0.00212859
-0.00206794
-0.00217069
-0.00219259
-0.00209701
-0.00218217
-0.00217114
-0.00212709
-0.00220429
-0.00217068
-0.00206793
-0.00212664
-0.00207171
-0.00206761
-0.00212826
-0.00200155
-0.00209618
-0.00212616
-0.00183654
-0.002
-0.00192132
-0.00183657
-0.00193071
-0.00200003
-0.0019312
-0.00194593
-0.00203642
-0.00235588
-0.00225617
-0.00225382
-0.00235625
-0.00236167
-0.00225653
-0.00246546
-0.00235694
-0.00235985
-0.00246583
-0.00246886
-0.00235731
-0.00257319
-0.00246994
-0.00257022
-0.00246308
-0.00236337
-0.00246888
-0.00236233
-0.00236204
-0.00225963
-0.00246854
-0.00236303
-0.0023624
-0.00246272
-0.00236272
-0.00236301
-0.00251277
-0.0025751
-0.00245789
-0.00256871
-0.00251277
-0.00246391
-0.00256909
-0.00257547
-0.00251314
-0.00219984
-0.00219752
-0.00222475
-0.00212912
-0.00219827
-0.00219952
-0.00217145
-0.00220459
-0.00221878
-0.00179322
-0.00193002
-0.00183588
-0.00179324
-0.00184066
-0.00193003
-0.0020009
-0.00193158
-0.00209553
-0.00245359
-0.002524
-0.00246474
-0.00238889
-0.00245314
-0.00246428
-0.00242927
-0.00252388
-0.00245347
-0.00237387
-0.00242877
-0.00245297
-0.00232374
-0.0023733
-0.00238815
-0.00234639
-0.00242841
-0.00237351
-0.00245702
-0.00236303
-0.00246304
-0.00254307
-0.00244837
-0.00245757
-0.00235984
-0.00236269
-0.00245667
-0.00234641
-0.00235975
-0.00244738
-0.00234583
-0.00227404
-0.00235917
-0.00236232
-0.00225655
-0.00236169
-0.00227285
-0.00218267
-0.00216488
-0.00231045
-0.00227327
-0.00216531
-0.00235935
-0.00231139
-0.0023622
-0.00235906
-0.00227392
-0.0023111
-0.00234554
-0.00227245
-0.00227375
-0.00214783
-0.00203744
-0.00203299
-0.00225208
-0.00214894
-0.00215003
-0.00225826
-0.00216472
-0.00214901
-0.00193179
-0.00206378
-0.00209574
-0.00215004
-0.00214761
-0.00225512
-0.00225244
-0.00215039
-0.00225548
-0.00214821
-0.00203337
-0.0021493
-0.00193159
-0.00203682
-0.00206359
-0.00194592
-0.00193484
-0.00203197
-0.00181462
-0.00194488
-0.00184078
-0.00243795
0.0322625
-0.00245288
-0.00231023
-0.00226797
-0.00235672
-0.00225965
-0.00231021
-0.00235901
-0.00225902
-0.00216966
-0.00230958
-0.0023559
-0.00225383
-0.00225945
-0.00215246
-0.00205245
-0.00206306
-0.00251624
-0.00247419
0.0295316
-0.0025815
-0.00252469
-0.00254374
0.0285255
-0.00241221
0.0296357
-0.00255449
-0.00256942
-0.00246523
-0.00244775
-0.00236013
-0.00245695
-0.00262381
-0.00252496
-0.00258176
-0.00245752
-0.00246354
-0.0025124
-0.00231106
-0.00225946
-0.00236186
-0.00232327
-0.00227262
-0.0023457
-0.00209652
-0.00206456
-0.0021639
-0.00225315
-0.00225619
-0.00236195
-0.00225927
-0.00225316
-0.00236197
-0.00225855
-0.0021493
-0.00225244
-0.00258953
-0.00257034
0.0261775
-0.00246993
-0.00257319
-0.00256893
-0.00257088
-0.00266644
-0.00257385
-0.00194527
-0.00193054
-0.00184117
-0.0018208
-0.00192031
-0.00193405
-0.00216398
-0.00203788
-0.00214827
-0.00182044
-0.00193369
-0.00181452
-0.00256857
-0.00246377
-0.00246956
0.0261133
-0.00253675
-0.00258198
-0.00244821
-0.00252386
-0.00242926
-0.00234664
-0.00244761
-0.00242866
-0.00245799
-0.0025752
-0.00254349
-0.00263266
-0.00257587
-0.00256949
-0.00254329
-0.00252424
-0.00244859
-0.0026327
-0.00258196
-0.00257591
-0.00237056
0.0283669
0.0296353
-0.00257561
-0.00258167
-0.00254391
-0.00252922
0.028259
-0.00247849
-0.00267823
-0.002633
-0.00256983
0.0262171
0.0283552
-0.00243293
-0.00178656
-0.00197274
-0.00193607
-0.00258142
-0.00258905
0.0263324
0.0262105
-0.00248478
0.0264291
-0.00256966
-0.00257391
-0.00268568
-0.00239573
0.0284136
0.0261759
-0.00255892
-0.00259596
-0.00271999
-0.00254471
-0.00253282
-0.00259528
-0.00197385
-0.00197287
-0.00178668
-0.00212014
-0.00213207
-0.00219696
-0.00206337
-0.00211984
-0.00217609
-0.00216849
-0.00215285
-0.00206345
-0.0022669
-0.00216925
-0.00217694
-0.00225849
-0.0021535
-0.00216914
-0.00205173
-0.00193726
-0.00206234
-0.00197435
-0.00208553
-0.00211924
-0.00219135
-0.00214869
-0.00217418
-0.00206208
-0.001937
-0.00197366
-0.00193482
-0.00192108
-0.00205125
-0.00214654
-0.00203304
-0.00205233
-0.00194519
-0.00181494
-0.00193411
-0.00182035
-0.00178605
-0.00193556
-0.00197496
-0.0020064
-0.00208515
-0.00216969
-0.00226734
-0.0023096
0.0256146
-0.00257235
-0.00262568
-0.00249221
0.0262748
0.0264293
-0.00257001
-0.00268603
-0.00267841
-0.00257424
-0.00266683
-0.00268601
-0.00255884
-0.0027199
-0.00257101
0.0257116
0.0262724
-0.00247537
-0.00208606
-0.0021317
-0.00211977
-0.00214778
-0.00208573
-0.00200698
-0.00214826
-0.00215202
-0.00208622
-0.00214806
-0.00200726
-0.00216833
-0.00225961
-0.00217448
-0.00216926
-0.00228713
-0.00232174
-0.00225525
-0.00221965
-0.00228679
-0.0022549
-0.0022559
-0.00229886
-0.00228705
0.0312411
-0.00237246
0.0305408
-0.00235753
-0.002459
-0.00235983
-0.0022693
-0.00235659
-0.00226783
-0.00243652
-0.00244555
-0.00235774
-0.00247768
-0.002532
-0.0024155
-0.00258963
0.0283171
-0.00249226
0.0284211
-0.00248563
0.028499
-0.00234203
-0.00243617
-0.00235739
-0.00226929
-0.00234118
-0.00226926
-0.00232261
-0.00238818
-0.0024145
-0.00246647
-0.00246002
-0.00255762
-0.00246958
-0.00246654
-0.00256986
-0.00246852
-0.00236238
-0.00235696
-0.00234147
-0.00235683
-0.00226955
-0.00241473
-0.00243636
-0.00234223
-0.0024772
-0.00241502
-0.0023887
-0.00253186
-0.002437
-0.00241536
-0.00243714
-0.00254389
-0.00244617
-0.00235933
-0.00231054
-0.00235703
-0.00246581
-0.0023602
-0.00245936
-0.00225277
-0.00214762
-0.00215341
-0.00235916
-0.00235625
-0.00225981
-0.00225547
-0.00214796
-0.00225312
-0.00217703
-0.0021976
-0.00226699
-0.00216856
-0.00206353
-0.00217626
-0.00225315
-0.00215378
-0.00225878
-0.00214695
-0.00205274
-0.00215274
-0.00203233
-0.0019352
-0.00205163
-0.00214929
-0.00203336
-0.00214687
-0.00203676
-0.00194626
-0.00203232
-0.00206269
-0.00197427
-0.00211916
-0.00192109
-0.00193678
-0.00205126
-0.00192032
-0.0018208
-0.00193601
-0.00213218
-0.00215233
-0.00219707
-0.00197485
-0.00208504
-0.00197387
-0.00241435
-0.00234184
-0.00232245
-0.00219791
-0.00226877
-0.0022673
-0.00219773
-0.00221331
-0.00226862
-0.00244563
-0.00245928
-0.00235782
-0.00253229
-0.00254418
-0.00243743
-0.00254397
-0.00245991
-0.00244625
-0.00254434
-0.00255788
-0.00246028
-0.00269315
-0.00259578
-0.00253332
-0.00259537
-0.00255834
-0.00254479
0.025711
-0.00252924
0.0261664
-0.00266693
-0.00257137
-0.00272027
-0.00257016
-0.00246684
-0.00255799
-0.00221965
-0.00225564
-0.00228679
-0.00262391
-0.00249988
0.0260717
-0.0022344
-0.00226027
-0.00230728
-0.00217442
-0.00221928
-0.00219159
-0.00216889
-0.00217411
-0.00214862
-0.00223382
-0.00221942
-0.00217456
-0.00227294
-0.00223444
-0.00230732
-0.00227267
-0.00222095
-0.00223974
-0.00254706
-0.00269299
-0.00253316
-0.00247812
-0.00254633
-0.00253244
-0.00247833
-0.00259589
-0.00254655
-0.00235601
-0.00244634
-0.0023884
-0.00259662
-0.0026932
-0.00254727
-0.00244727
-0.00254454
-0.00247783
0.0312343
0.0285088
-0.00237928
-0.00249278
0.0283953
-0.00258937
-0.00227344
-0.00230783
-0.00238385
-0.00235559
-0.00238799
-0.00232241
-0.00229947
-0.00236787
-0.00235545
-0.00215212
-0.002292
-0.0022073
-0.00236837
-0.00244627
-0.00235594
-0.00223017
-0.00236743
-0.0022928
-0.00223136
-0.00264528
-0.00236861
-0.00243479
-0.00253627
0.0304276
-0.00248547
-0.00243462
0.0304278
-0.00244691
-0.002369
-0.00254417
-0.00222051
-0.00217605
-0.00220566
-0.00156122
-0.00153177
-0.00131783
-0.00171831
-0.00156272
-0.00157832
-0.00182469
-0.00171919
-0.0015792
-0.00183983
-0.00174847
-0.0017198
-0.00174791
-0.00185824
-0.00153421
-0.00171888
-0.00174754
-0.00156328
-0.00184118
-0.00198535
-0.00188677
-0.00174692
-0.00153321
-0.00156266
-0.00188604
-0.00185942
-0.00174909
-0.00210128
-0.00200046
-0.0019866
-0.00210225
-0.00217863
-0.00209976
-0.00180169
-0.00170978
-0.00157569
-0.00200576
-0.00180363
-0.00186
-0.00200526
-0.00171122
-0.00180313
-0.00209838
-0.00200675
-0.00186099
-0.00210166
-0.00209917
-0.00200083
-0.00217937
-0.00232533
-0.00210051
-0.0021642
-0.00197863
-0.00200737
-0.0013894
-0.00114041
-0.00153061
-0.00229253
-0.00228628
-0.0022299
-0.00229227
-0.00215239
-0.00228602
-0.00208456
-0.00198525
-0.00203735
-0.00226881
-0.00221351
-0.00225482
-0.00212029
-0.00219711
-0.00217654
-0.00226918
-0.00225519
-0.00232168
-0.00234136
-0.00226947
-0.00232197
-0.00226878
-0.00219791
-0.00226881
-0.0021526
-0.00221292
-0.00219734
-0.00221687
-0.00221947
-0.00220579
-0.00215258
-0.00219149
-0.00221291
-0.00215237
-0.00214862
-0.00219128
-0.00208616
-0.00215196
-0.00213181
-0.00219173
-0.00221943
-0.00221682
-0.00225982
-0.00223395
-0.0021747
-0.00215884
-0.00211198
-0.00209938
-0.00223956
-0.00222077
-0.0022196
-0.00223403
-0.00223961
-0.00221964
-0.00223421
-0.00227272
-0.00223979
-0.00227338
-0.00238378
-0.00228754
-0.00237413
-0.00228788
-0.00238412
-0.00215616
-0.00204842
-0.00208517
-0.0021361
-0.00210173
-0.00198705
-0.00228648
-0.00213744
-0.00220303
-0.00228641
-0.00217937
-0.00213737
-0.00138434
-0.00156073
-0.00131734
-0.00195647
-0.00198681
-0.00184142
-0.00188536
-0.00195608
-0.0018265
-0.00204743
-0.0019875
-0.00195716
-0.00188688
-0.00199932
-0.00186026
-0.00184039
-0.00188597
-0.00174903
-0.00198588
-0.00199974
-0.0018873
-0.00220245
-0.00213686
-0.00211225
-0.00217567
-0.00220258
-0.00211238
-0.00222083
-0.00227255
-0.00220327
-0.00210047
-0.00232529
-0.00216567
-0.00228694
-0.00220349
-0.00227277
-0.00218016
-0.0022872
-0.00237345
-0.00217875
-0.00210238
-0.00213675
-0.0022992
-0.00235518
-0.00228739
-0.0022925
-0.00229872
-0.00220779
-0.00229303
-0.00236766
-0.00229926
-0.00264633
-0.00254484
-0.00236967
0.0295849
-0.00253805
-0.00212413
0.0296945
0.0305354
-0.00242845
-0.00247731
-0.00238881
-0.00244675
-0.00237394
-0.00243238
-0.00218065
-0.00259589
-0.00247833
-0.00254504
-0.00208569
-0.00215143
-0.00220661
-0.00215669
-0.0020857
-0.00220663
-0.0020363
-0.00188577
-0.00187003
0.0304486
0.0296956
-0.00201344
-0.0020846
-0.00204785
-0.00198529
0.0327983
0.030459
-0.00200303
-0.00243222
-0.00232645
-0.00218049
-0.00200777
-0.0020994
-0.0021646
-0.000995377
-0.00138808
-0.00127892
-0.000653608
-0.000991075
-0.000727088
-0.000449096
0.000117226
-0.000463986
-0.000436754
-0.000750752
-0.000651833
-0.000654265
-0.000922815
-0.000991732
-0.00175421
-0.00188468
-0.00182583
-0.00157931
-0.00175319
-0.0018248
-0.00158813
-0.00168582
-0.00175275
-0.00120534
-0.00137237
-0.00149511
-0.00141961
-0.0012055
-0.00149527
-0.000977758
-0.00137063
-0.00120361
-0.0020379
-0.00215086
-0.00208512
-0.00218693
-0.00203731
-0.00187104
-0.00218787
-0.00215121
-0.00203825
-0.00149773
-0.00167584
-0.00168526
0.028194
0.0362191
-0.00142279
-0.00198709
-0.00211153
-0.00213614
-0.00209836
-0.00186097
-0.00200003
-0.00184151
-0.00198691
-0.00198568
-0.00142089
-0.00149655
-0.00158638
-0.0015774
-0.00142116
-0.00158665
-0.000974104
-0.000976427
-0.00120228
-0.00221701
-0.00225465
-0.00221333
-0.00219171
-0.0022168
-0.00221312
-0.00220591
-0.00225462
-0.00221699
-0.00222066
-0.00220581
-0.00221949
-0.00217584
-0.00215941
-0.00220545
-0.00220294
-0.00217604
-0.0022205
-0.00209953
-0.00215658
-0.00215899
-0.00223082
-0.00215718
-0.00220711
-0.00232207
-0.00228746
-0.00235526
-0.00221923
-0.00215972
-0.00225521
-0.00220592
-0.00221938
-0.00225463
-0.00215952
-0.0021571
-0.002255
-0.0022056
-0.00215956
-0.00221906
-0.00217553
-0.00211224
-0.0021591
-0.00198659
-0.00198781
-0.00211103
-0.00204847
-0.00215621
-0.00209916
-0.00223145
-0.00229868
-0.00225571
-0.00215734
-0.00223098
-0.00225524
-0.00220759
-0.00229852
-0.00223129
-0.00157375
-0.00154203
-0.00139089
-0.0015431
-0.00157482
-0.00170891
-0.0021689
0.0326888
-0.00211252
-0.00187185
-0.00227776
-0.00218773
0.0330929
0.032807
-0.00205076
-0.00186908
-0.00188483
-0.00175436
0.0361173
-0.00214848
-0.00152462
-0.00203668
-0.00198459
-0.00188616
-0.00207082
0.0329758
-0.0021678
-0.00215204
-0.0021887
-0.00228568
-0.00216082
0.0329758
-0.0020708
-0.00165209
-0.00227596
-0.00187005
0.0362335
0.0331044
-0.00203228
-0.00138521
-0.0015772
-0.0015616
-0.0011641
-0.00138301
-0.00131601
-0.00116364
-0.00117999
-0.00138255
-0.00186842
-0.00175369
-0.00168676
-0.00165011
-0.00186807
-0.00168641
-0.00198432
-0.00195661
-0.00188589
-0.00116296
-0.00131487
-0.00104479
-0.000973718
-0.00116134
-0.000901935
-0.00118085
-0.00141915
-0.00138341
-0.00175239
-0.00157851
-0.00158777
-0.00182556
-0.00184009
-0.00172006
-0.00204742
-0.00195716
-0.00198486
-0.00198819
-0.00209881
-0.00211141
-0.00182636
-0.00195593
-0.00184088
-0.0020479
-0.00209859
-0.00198797
-0.00154345
-0.00170926
-0.00168083
-0.00149743
-0.00168496
-0.00158727
-0.00118025
-0.00120444
-0.00141855
-0.00157673
-0.00138474
-0.00142048
-0.000974783
-0.00120296
-0.00117876
-0.00127125
0.0291066
-0.0015721
-0.00157651
0.0280672
-0.00154963
-0.00116972
-0.00141166
-0.000879954
-0.0017118
-0.00200585
-0.00197711
-0.00168228
-0.00171072
-0.00197603
-0.00157619
-0.00185856
-0.00180219
-0.00153206
-0.00157372
-0.00139086
-0.00153363
-0.00185766
-0.00157528
-0.00167984
-0.00141558
-0.00154247
-0.000804276
-0.00116768
-0.000877916
-0.00137157
-0.00097869
-0.00148145
0.0261438
-0.0014801
0.0291986
-0.00167635
-0.00164947
-0.00168577
-0.00137394
-0.00167479
-0.00149669
0.0261403
0.0281601
-0.00148359
-0.000922012
-0.000653462
-0.000752381
-0.00104211
-0.000923316
-0.000753685
-0.00113705
-0.000993352
-0.000924436
-0.00116807
-0.000804662
-0.000993055
-0.000449473
-0.000601172
0.000141507
-0.000991577
-0.000803184
-0.00072759
-0.00127819
-0.00116965
-0.000994644
-0.00154105
-0.00128075
-0.00138991
-0.00154031
-0.00117149
-0.00128002
-0.00154076
-0.00141388
-0.00117194
-0.000447418
0.000143562
1.12746e-05
-0.00127061
-0.00138049
0.0291073
-0.000766165
-0.000974964
-0.00097264
0.000126295
0.0284505
0.0194626
-0.000821665
-4.16359e-05
-0.00147648
-0.000976855
-0.000824803
-0.00147961
-0.00097446
-0.000765661
-0.000822408
-0.000587638
-0.000293741
-3.68976e-05
-0.00087603
-0.000605755
-0.00080239
-0.000725331
-0.000467482
-0.000651851
0.000526392
0.000537491
1.5849e-05
0.000317855
0.000525655
1.51119e-05
0.00109662
0.000854945
0.000531069
-0.000271808
-0.000435147
-0.000650226
-0.00046596
-0.000271912
-0.000650329
0.000121749
-4.0353e-05
-0.000267906
1.44923e-05
0.000536134
0.000122122
0.000317473
-3.83886e-05
0.000123714
0.000599877
0.000880453
0.000490027
0.000546591
0.000952667
0.000631969
0.0012368
0.00155176
0.00146204
0.000941831
0.00123293
0.000914613
0.0012818
0.00153912
0.00123616
-9.74915e-06
-0.000438477
-0.000433562
0.000217302
-5.19908e-06
0.000271129
0.00021559
-0.000239265
-6.91181e-06
-0.000697375
-0.000898606
-0.000442332
-0.000763633
-0.000697095
-0.000493456
-0.000765238
-0.000971713
-0.0006987
-4.22149e-05
-0.000433107
-0.000269768
-5.90215e-06
-3.88236e-05
0.000317038
-8.41647e-06
-0.00043223
-4.13379e-05
-0.00140874
2.6096e-05
0.0193625
0.0291768
-0.00131092
0.0194603
-0.000818688
-0.0005894
-3.86591e-05
0.00123369
0.00116797
0.000915372
0.00116663
0.00086507
0.000883603
0.00207748
0.0020178
0.00175359
0.000746168
-0.0231499
0.00163836
-0.000295067
-0.000294607
-0.000588504
-0.000241458
-0.000437832
-9.1045e-06
0.00125381
0.000529812
0.000322012
0.00171999
0.00077718
0.00122548
-0.000327516
0.00100704
0.00966941
-0.000359502
0.000137551
0.000975057
0.0098785
-0.000208216
0.0150688
0.000140473
0.0005112
0.000977979
-0.000292884
0.000133296
-0.000363757
-0.000243074
-0.000490854
-0.000439448
0.000136069
-4.42247e-05
0.00021672
-0.000294564
-0.000490368
-0.000242588
-0.000293858
-0.000294317
-0.000365191
0.0150345
-0.000242418
-0.000313752
0.00992416
0.0284185
9.42864e-05
-0.000699153
-0.000972167
-0.000900384
-0.000590734
-0.000763276
-0.0004931
-0.000591835
-0.000821124
-0.000764377
0.00982793
-1.946e-06
-0.000258789
-0.000452175
-0.000467065
-0.000800509
-0.000604334
-0.000452636
-0.000800969
1.11916e-05
0.000118821
-0.000447501
0.000316582
1.38383e-05
0.000146126
0.00123416
0.000943057
0.0012798
-4.8609e-06
0.00031808
0.000271467
0.00128999
0.00119463
0.00157021
0.000853079
0.000540301
0.000529202
0.00158242
0.00128213
0.00129033
0.000939712
0.000912495
0.000601488
0.000854521
0.000953414
0.000547338
0.00123706
0.00154003
0.00155203
0.000956153
0.00127887
0.000942124
0.00158326
0.00154029
0.00128297
0.000543505
0.000123897
0.00053791
-0.000589165
-0.000491531
-0.000295727
-0.00104471
-0.00131479
-0.00113853
-0.0009008
-0.00104203
-0.000753609
-0.000902169
-0.00116158
-0.0010434
-0.000442514
-0.000898788
-0.000751597
-0.000974646
-0.00117862
-0.00116227
-4.71912e-05
-0.000293077
-0.000241101
0.00021546
-4.54847e-05
-0.000239394
0.000134363
-0.000291817
-4.59312e-05
0.00125641
0.00109797
0.000532416
0.00126072
0.00181527
0.00110227
0.0097166
0.015068
-0.000280332
-0.0104533
0.00963543
0.000973064
0.0019879
0.00202147
0.00155089
0.00172016
0.00122565
0.000827965
-0.0104998
0.00166157
-0.00496288
0.000772323
0.000980099
0.00051332
-0.0104807
0.000737897
0.0016807
-0.0104832
0.000943198
0.000735423
0.00158702
0.00188357
0.00206615
0.000487245
0.000509553
0.000138826
0.000272779
0.000486721
0.000218953
0.000880158
0.000512041
0.000489732
0.00077431
0.000864892
0.00122261
0.000771929
0.000512925
0.00086251
0.00207144
0.00247102
0.0025789
0.0015735
0.00188192
0.00158537
0.00157496
0.0020212
0.00188338
0.00301021
0.00329828
0.00313608
0.00288029
0.00309236
0.00321505
0.00300908
0.00288001
0.00321477
0.00287618
0.0024738
0.00260515
0.00309466
0.0035664
0.00321735
0.00161906
-0.0231692
-0.0050054
0.00201924
0.00227248
0.00198639
0.00175328
0.00201749
0.00198464
0.00122765
0.00146245
0.00168484
0.00155554
0.00207593
0.00175204
0.00254747
0.00250208
0.00297823
0.00185095
0.00207626
0.00155587
0.00214907
0.00249775
0.00208041
-0.0104989
-0.0231906
0.000705439
0.00198657
0.00227266
0.0020739
0.00357242
0.00321895
0.00356801
0.00357551
0.00389487
0.00381634
0.00359362
0.0035745
0.00381533
0.00330043
0.00321806
0.00357152
0.00146073
0.00122593
0.00116977
0.00198354
0.00168834
0.00175217
0.00234509
0.0020751
0.00227386
0.00207194
0.00168941
0.00198461
0.000827839
0.00122552
0.00168271
0.00338635
0.00359224
0.00359216
0.0030075
0.00274396
0.00287843
0.00357468
0.00357027
0.00389405
0.00221178
0.00305106
-0.0385594
-0.0105456
0.00216616
-0.0386051
0.0027212
0.00300368
0.00310916
0.0023503
0.00271928
0.00318958
0.00227754
0.00201956
0.00207924
0.00206807
0.000830667
0.00168554
-0.0104092
0.00203254
0.00230253
-0.0104143
0.000790063
0.00202746
0.00298314
0.00313627
0.00338279
0.00329858
0.00301622
0.00308827
0.00278865
0.00258309
0.00300666
0.00250289
0.00278829
0.00297904
0.00250156
0.0025814
0.00278695
0.00254446
0.00208174
0.00249907
0.00278811
0.00254802
0.00285643
0.00247707
0.00227412
0.00202088
0.00278685
0.00248055
0.00254676
0.00278743
0.00271837
0.00248112
0.00308934
0.00260625
0.00258755
0.00258294
0.00274297
0.00300651
0.00206792
0.00214687
0.0018529
0.00246869
0.00206911
0.00188653
0.00221843
0.0024692
0.00188703
0.00274118
0.00258115
0.00247326
0.00257782
0.0021493
0.00207036
0.00332293
0.00339561
0.00355564
0.00353676
0.00330188
0.00355605
0.00365658
0.00353795
0.00355724
0.00331371
0.00311114
0.00300566
0.0032993
0.00331434
0.0030063
0.00355852
0.00258934
0.00252422
0.00278918
0.0030026
0.00272012
0.00315052
0.00308725
0.00285945
0.0032983
0.00300529
0.00301594
0.00185293
0.00214691
0.00207825
0.00154208
0.00184916
0.00155408
0.0015438
0.0020659
0.00185087
0.000597842
0.000487992
0.000274051
0.00202493
0.00199136
0.00258193
0.00309032
0.00287825
0.00260722
0.00154725
0.00110324
0.00181623
0.00157384
0.0015495
0.00202008
0.00157107
0.00119549
0.00154673
0.00221693
0.00188553
0.00202336
0.00260146
0.00221933
0.00202576
0.00260296
0.0024716
0.00222083
0.00258399
0.00260268
0.00202698
0.00287664
0.00274217
0.00247426
0.00054278
0.000319424
0.000125664
0.000853135
0.000545952
0.000540357
0.000957315
0.00128823
0.00128003
0.000633289
0.000953987
0.000939957
0.0012913
0.00157152
0.00158339
0.000857002
0.00128681
0.000955895
0.00119391
0.00110115
0.00154516
0.000857795
0.00119224
0.0012876
0.000857162
0.00109884
0.0011916
-0.000696012
-0.000440968
-0.000492374
-0.00113722
-0.000924604
-0.0010434
-0.00153036
-0.00114016
-0.00131642
-0.00138761
-0.000994906
-0.00113861
-0.000436047
-0.000440961
-0.000750045
-0.000267369
0.000119795
0.000122287
-0.000269334
-0.000463382
0.000117829
-0.000725833
-0.000801427
-0.000467984
0.000542119
0.000125003
0.000122511
0.00088141
0.000862877
0.000513293
0.000601294
0.0009123
0.00088187
0.0003201
0.000597278
0.000273487
0.000632103
0.000938771
0.000600547
0.000321297
0.000630031
0.000598475
0.000321116
0.000544472
0.00062985
0.00116777
0.00122393
0.000866212
0.000914198
0.0011668
0.000883768
0.00146421
0.00175043
0.0016866
0.00123552
0.00146076
0.0011698
0.00155349
0.00174998
0.00146376
0.000486268
0.000137849
0.0002185
0.00155021
0.0018192
0.00198723
0.00315309
0.00339426
0.00332158
0.0030888
0.00315207
0.00332056
0.0032996
0.0030893
0.00332105
0.00301451
0.00279044
0.00308657
0.0029832
0.00338284
0.00315192
0.00279041
0.00313428
0.00298116
0.0027905
0.00300851
0.00313437
0.00215074
0.00257926
0.00249942
0.00206501
0.00154291
0.00158588
0.00321617
0.00329855
0.00301048
0.00330106
0.00359127
0.00338537
0.00411921
0.00381816
0.0038967
0.0040581
0.0043974
0.00441201
0.00330169
0.00357278
0.0035919
0.00412168
0.00439642
0.00405713
0.00271622
0.00234724
0.00227601
-0.0546816
0.0029995
0.00291716
-0.0455716
-0.0387198
0.00289071
0.00377037
0.00378953
0.00389681
0.00252514
0.00310953
0.0033121
0.00339695
0.00359252
0.00368858
0.00297942
0.00285707
0.00254866
0.00272183
0.00310979
0.00319213
0.00279016
0.00301423
0.00300359
0.00227646
0.00247941
0.00271666
0.00285824
0.00308604
0.00278992
0.0022793
0.002081
0.00254372
0.00247885
0.00228063
0.00254506
0.00247709
0.0020209
0.00227887
0.00298144
0.00315017
0.00285909
0.00330117
0.00356355
0.00331621
0.00355533
0.00330116
0.00332262
0.00226754
0.00233266
-0.072932
-0.0549093
0.00210511
-0.0642573
0.00331361
0.00356095
0.00252665
0.00353679
0.00356429
0.00330191
0.00353798
0.00365825
0.00356549
-0.0548445
-0.0456257
0.0028366
0.00415268
0.00405728
0.00441119
0.00384227
0.003861
0.00359467
0.00405426
0.00384367
0.00381777
0.00405441
0.00386254
0.00384382
0.00374096
0.00386444
0.00369064
0.00386065
0.00374063
0.00359425
0.00386206
0.00401455
0.00374204
0.00374205
0.00401456
0.00386553
0.00359383
0.00386016
0.00359375
0.00405544
0.00415084
0.00386357
0.00411974
0.00405519
0.0038187
0.00415071
0.00401592
0.00386344
0.00445463
0.00415401
0.00441253
0.00445417
0.00422603
0.00420479
0.00415201
0.00420324
0.00406579
0.00378813
0.00355818
0.00368977
0.00396019
0.00386626
0.0040153
0.00397586
0.0039606
0.00402676
0.00391138
0.00380696
0.00395965
0.00397548
0.00391195
0.00396021
0.00402301
0.00397607
0.00402697
0.00402277
0.00395684
0.00397584
0.00378896
0.0036906
0.00380565
0.00368396
0.00424171
0.00446538
-0.0732129
0.00205178
-0.0814353
0.0040706
0.0040234
0.00404865
0.00414243
0.00407113
0.00408839
0.00410561
0.00402359
0.00407079
0.00410561
0.00406913
0.00402358
0.00414355
0.00427594
0.00421948
0.00407941
0.00417148
0.00408852
0.00419145
0.00418805
0.00431657
0.00407975
0.0041906
0.00417182
0.0040794
0.00406583
0.00419025
0.00412335
0.00406946
0.00410594
0.00408262
0.00412384
0.0042419
0.00403521
0.00389825
0.00395663
0.00408193
0.00403639
0.00412316
0.00408118
0.00389867
0.00403563
0.00395585
0.0037902
0.00391132
0.00284818
0.00259043
0.00355961
0.00384212
0.00359452
0.00381623
0.00368973
0.00359367
0.00374005
0.00380591
0.00369085
0.00386466
0.00395949
0.00380681
0.00386556
0.00391081
0.0037897
0.00380639
0.00355687
0.00339683
0.00368846
0.00338385
0.00313733
0.00329953
0.00339594
0.00338569
0.0035915
0.00339447
0.0031533
0.00338422
0.00409187
0.00403831
0.00420225
0.00405432
0.00409138
0.00404147
0.00404855
0.00402726
0.00403758
0.00405434
0.00404882
0.00409141
0.00405427
0.0040707
0.00404875
0.0039558
0.00389743
0.00379016
0.00397547
0.00395647
0.00391194
0.00406923
0.00412311
0.00403634
0.00394028
0.00377088
0.00389731
0.0036825
0.00418713
0.00408096
0.00285233
0.00356377
0.00382987
0.00365742
0.00355808
0.00378802
0.00376957
0.00365813
0.00378873
0.00376914
0.00365933
0.0036577
0.00408086
0.00394132
0.00389835
0.00365855
0.00353829
0.00365692
0.00383326
0.00365992
0.00376973
0.00383257
0.00356648
0.00365923
-0.0643185
0.00204388
-0.0731557
0.00233052
-0.0546839
0.00291492
0.00394007
0.0038342
0.00377067
0.004188
0.00394229
0.00408184
0.00418717
0.00383559
0.00394147
-0.0814588
0.002286
-0.0804803
-0.081181
0.00230606
0.00256381
0.00404876
0.0040378
0.00409135
0.00406863
0.00395716
0.00402308
0.00406516
0.0040166
0.00415139
0.00403823
0.00406541
0.00420286
0.00396086
0.00401596
0.00406452
0.00368267
0.00408114
0.00424042
-0.0805048
0.00308597
-0.089588
0.00418352
0.00285441
0.00383195
-0.080191
0.00390434
0.0033997
-0.0801938
0.00257245
0.00390156
0.00399292
0.00420718
0.00412581
-0.0893039
0.00337005
0.00415147
0.00409244
0.00420282
0.00420777
0.00388475
0.00400605
0.00381705
0.00337095
0.00378574
0.00381459
0.00396617
0.00404084
0.00399183
0.00378666
0.00361417
0.00384579
0.00337027
0.00361257
0.00378506
0.00336916
0.00345601
0.00361147
0.00402975
0.00404097
0.00396629
0.00402019
0.00402968
0.00396623
0.00402048
0.00405404
0.00402997
0.0037015
-0.117088
-0.103388
-0.0896619
0.00379353
-0.103296
0.00438881
0.00444978
0.00442361
0.00427911
0.00438824
0.00442304
0.00427843
0.00422031
0.00438756
0.00424333
0.00427839
0.00435302
0.00424236
0.0041243
0.00421931
0.00394771
-0.116728
0.00406168
0.00424396
0.00435366
0.00446763
0.00444993
0.00443267
0.00442376
0.00384752
0.00394061
0.00397496
0.00388449
0.0038473
0.00396516
0.00379316
0.00394
0.00384691
0.00366757
0.00379147
0.00361359
0.00350747
0.00366662
0.00361263
0.00350771
0.00368515
0.00366686
0.00366782
0.0036861
0.00379171
0.00410644
0.00421885
0.00412385
0.00399225
0.00412514
0.00400744
0.00396565
0.00399131
0.00388519
0.00420822
0.00420327
0.00422521
0.00404165
0.0042069
0.00399264
0.00404198
0.0040919
0.00420723
0.00433712
0.00455194
0.00431828
0.00387036
0.003687
0.00385892
0.00406511
0.00407868
0.00397615
0.00419833
0.00406574
0.00404549
0.00418721
0.00419061
0.00406619
0.00378746
0.00388401
0.00381631
0.00379207
0.00384581
0.00361419
0.00388402
0.00388424
0.00378769
0.0038467
0.00388389
0.00378756
0.00396529
0.00388484
0.00388462
0.0045524
0.00433758
0.00445494
-0.116728
0.00394756
0.00401686
0.00421982
0.00427795
0.00424288
0.0041434
0.00417232
0.00427578
0.00407119
0.00414249
0.00410601
0.00408873
0.00417169
0.00414277
0.00427753
0.00444929
0.00438832
0.00442292
0.00435362
0.004279
-0.12196
0.00399957
0.00400848
-0.122366
-0.117152
0.00359299
0.00397563
0.00402001
0.00396604
0.00406465
0.00397569
0.00394133
0.00407853
0.00402039
0.003976
0.00431687
0.00427643
0.00419175
0.00408801
0.00402076
0.0040789
0.00419126
0.00427594
0.00417248
0.0043359
0.00431706
0.00418853
0.00427676
0.00438755
0.0042203
0.00410651
0.00414299
0.00421892
0.00431773
0.00444906
0.00427729
0.00405411
0.00404126
0.00403004
0.00407084
0.0040544
0.0040881
0.00402325
0.00402721
0.0040485
0.00408793
0.00405424
0.00402068
0.00406867
0.00403579
0.0039572
0.00403729
0.00402697
0.0039608
0.00406459
0.00403742
0.00396093
0.00445393
0.00420454
0.00415332
0.00420263
0.00403869
0.00420332
0.00422519
0.00420325
0.00420394
0.00422488
0.00410734
0.0042079
0.00420757
0.00410701
0.0041262
0.00399144
0.00400664
0.00388533
0.00350509
0.0034548
0.00311216
0.00387013
0.00379239
0.00368678
0.00361193
0.00345647
0.00350677
0.0035049
0.00311196
0.00339735
0.00443252
0.00455212
0.00427637
0.00455232
0.00444998
0.00431866
0.00427644
0.00455219
0.00445473
0.00444508
0.00427608
0.00445437
0.00482842
0.00444694
0.00445623
-0.126787
-0.130853
0.00355421
-0.130826
-0.118452
0.00341261
0.0044331
0.00445036
0.0045527
-0.118
0.00402127
0.00386512
-0.118423
-0.122371
0.00359766
0.00339927
0.00368425
0.00350682
0.00321351
0.00339637
0.00311098
0.00336342
0.00358758
0.00339846
0.00370276
0.00364528
0.00359183
0.0038274
0.00370337
0.00359244
0.00382809
0.00379838
0.00370406
0.00363103
0.00368467
0.00339968
0.00358848
0.00363071
0.00339936
0.00379738
0.00358986
0.00364559
0.00380282
0.00385852
0.00363296
0.00379791
0.00380247
0.00359039
0.00379928
0.00399956
0.00380384
0.00387182
0.00404398
0.00394092
0.00379324
0.00387098
0.00394008
0.00386003
0.00401705
0.00387146
0.00358983
0.00380191
0.00363206
0.0037999
0.00398812
0.00400018
0.00370345
0.00379777
0.00364597
0.00418578
0.0041797
0.00436148
0.00418723
0.00406622
0.0041988
0.00404462
0.00406488
0.00394157
0.00434509
0.00445424
0.00433688
0.00411145
0.00401893
0.00418241
0.00423063
0.00411216
0.00418312
0.00435613
0.00423145
0.00418393
0.00434389
0.00419988
0.00423146
0.00404454
0.00387239
0.00411049
0.00453066
0.00487757
0.00483011
0.0043577
0.0043632
0.00452143
0.00443414
0.00435795
0.0045276
0.00445518
0.00443446
0.00452793
0.00434509
0.00435734
0.00443353
0.00418378
0.00418577
0.00435597
0.0041991
0.00411221
0.00423068
0.00418453
0.00399
0.00417845
0.00401857
0.00400156
0.00418403
0.00401682
0.0038598
0.0038041
0.004537
0.00436626
0.00453891
0.00434442
0.00423198
0.00435666
0.00418028
0.00436446
0.00435602
0.00368621
0.00363257
0.00385813
0.00454028
0.00451782
0.00479477
0.00453693
0.00452203
0.0043638
0.00472223
0.00453819
0.00454011
0.00472218
0.00452324
0.00453814
0.00435613
0.00418642
0.00435083
0.00435558
0.00418682
0.00418587
0.00451572
0.00435724
0.00435194
0.00436448
0.00418742
0.00435618
0.00452198
0.00452789
0.00435825
0.00417971
0.00418683
0.00436389
0.00417846
0.00399001
0.00418558
0.00341982
0.00350015
0.00376748
0.00420134
0.0040106
0.00403071
0.00399857
0.00398822
0.00382971
0.00418471
0.00418567
0.00401106
0.00401044
0.00418505
0.00399983
0.00397505
0.00396547
0.0038476
0.00336106
0.00321325
0.00306718
0.00358841
0.00336425
0.00364414
0.00339721
0.00321436
0.00336217
0.00336181
0.00306793
0.00343671
0.0041997
0.00433551
0.00418814
0.0038723
0.00401789
0.0041104
0.00434424
0.00433603
0.00420023
0.00443385
0.00445457
0.00434542
-0.131288
0.00437434
0.0044218
-0.135317
-0.126802
0.00353923
0.0039925
-0.130415
0.0038235
0.0034394
0.00359094
0.0036444
0.00336375
0.00343864
0.00364364
0.00306679
0.00302465
0.00343558
0.0044565
0.00452925
0.0048287
0.00397938
0.00436086
-0.134877
0.00435786
0.00451635
0.00453882
-0.131757
-0.135333
0.00390537
-0.118414
-0.128807
-0.122984
-0.114533
-0.118366
-0.122936
-0.123073
-0.124329
-0.132147
-0.11085
-0.122992
-0.121528
-0.110811
-0.110026
-0.122953
-0.109958
-0.110742
-0.102484
-0.101246
-0.109926
-0.102452
-0.113258
-0.124222
-0.110039
-0.135766
-0.128861
-0.121631
-0.0226813
-0.0330067
-0.0248705
-0.00813473
-0.0259773
-0.0237137
-0.0431628
-0.0432472
-0.0332786
-0.0478906
-0.0519478
-0.0432407
-0.043327
-0.0478617
-0.0432118
-0.0518769
-0.0519768
-0.0479196
-0.0565284
-0.0548939
-0.0496483
-0.0599056
-0.0600111
-0.0519439
-0.0635702
-0.0599276
-0.0549518
-0.0557786
-0.0629188
-0.0565757
-0.0707488
-0.069477
-0.063655
-0.0678816
-0.0600646
-0.0599591
-0.0562317
-0.0640053
-0.0620955
-0.0518137
-0.0561496
-0.0497244
-0.0598946
-0.0639979
-0.0562243
-0.0564627
-0.0643079
-0.0598965
-0.0519174
-0.0599846
-0.0520173
-0.0643464
-0.0679305
-0.059935
-0.0683549
-0.0643483
-0.0600809
-0.0683814
-0.0679588
-0.0643747
-0.0679098
-0.0683669
-0.0600928
-0.0679637
-0.0761654
-0.0684208
-0.0851395
-0.0762762
-0.0843993
-0.0680243
-0.0767111
-0.0756244
-0.0684502
-0.0761947
-0.0767144
-0.135746
-0.121612
-0.123076
-0.122945
-0.121029
-0.114542
-0.0517783
-0.0433385
-0.0519612
-0.0561835
-0.0518477
-0.0598539
-0.0496935
-0.0469405
-0.0517828
-0.0498495
-0.0497178
-0.0561409
-0.0524593
-0.0498587
-0.0561501
-0.0429074
-0.0425262
-0.0497812
-0.0518221
-0.052005
-0.0563945
-0.0469191
-0.0433216
-0.0517614
-0.0425392
-0.0469095
-0.0496624
-0.0425178
-0.0432906
-0.0468881
-0.0331034
-0.0332449
-0.0432134
-0.0344208
-0.024399
-0.024881
-0.0428563
-0.0345414
-0.042475
-0.0359589
-0.0244362
-0.034458
-0.0259448
-0.00810225
-0.0140361
-0.0288446
-0.0353318
-0.0260854
-0.0141055
-0.0287733
-0.0260142
-0.0216346
-0.0341036
-0.0288256
-0.0419092
-0.0432757
-0.0338261
-0.0330346
-0.0227091
-0.0331761
-0.00839842
-0.00807574
-0.0236547
-0.00845078
-0.0225989
-0.0247881
-0.0629924
-0.0707271
-0.0636333
-0.0566019
-0.062945
-0.0635859
-0.0619287
-0.0681248
-0.062978
-0.0557964
-0.0618873
-0.0629367
-0.0919486
-0.0858979
-0.0951078
-0.0686188
-0.0725599
-0.074178
-0.0726048
-0.0774801
-0.0787328
-0.0742158
-0.0725977
-0.0798839
-0.0685956
-0.067261
-0.0725367
-0.110677
-0.120982
-0.112719
-0.110683
-0.1145
-0.120988
-0.100192
-0.110578
-0.103798
-0.100188
-0.10255
-0.110574
-0.099245
-0.0880316
-0.0944985
-0.104991
-0.0993328
-0.103777
-0.0918068
-0.0880226
-0.099236
-0.102378
-0.0979665
-0.0911295
-0.0891039
-0.0936452
-0.100086
-0.0813118
-0.0758454
-0.0785376
-0.0972733
-0.0918378
-0.099267
-0.078498
-0.071897
-0.0734059
-0.0868406
-0.0785723
-0.0806783
-0.0758138
-0.0719051
-0.0785061
-0.118344
-0.109362
-0.121508
-0.0965469
-0.0936261
-0.086944
-0.107528
-0.0966304
-0.0980021
-0.102482
-0.0936782
-0.0965991
-0.114429
-0.102588
-0.107603
-0.100131
-0.0936901
-0.102494
-0.0895723
-0.084446
-0.0857909
-0.0928735
-0.0896006
-0.0858192
-0.0975924
-0.0930941
-0.0896407
-0.103741
-0.0928017
-0.0934007
-0.0933391
-0.0927401
-0.0853915
-0.10306
-0.0933995
-0.0931249
-0.103096
-0.103775
-0.0934352
-0.109962
-0.101282
-0.113181
-0.0842872
-0.0852014
-0.0774663
-0.0754212
-0.0842544
-0.0774335
-0.0843584
-0.0932261
-0.0843371
-0.11062
-0.112661
-0.10384
-0.0933461
-0.103387
-0.101194
-0.0843601
-0.0853614
-0.09271
-0.0754153
-0.0756744
-0.0842699
-0.0703932
-0.0753747
-0.0773869
-0.0692309
-0.0679992
-0.0755993
-0.0703659
-0.0692379
-0.0753473
-0.070328
-0.0640762
-0.0692001
-0.0680001
-0.0684227
-0.0766869
-0.0933397
-0.0852256
-0.0930651
-0.103821
-0.112642
-0.105036
-0.0973174
-0.0993111
-0.10497
-0.0888523
-0.0965309
-0.086928
-0.109247
-0.10757
-0.0980445
-0.102439
-0.10923
-0.0980273
-0.110804
-0.121482
-0.109336
-0.114439
-0.110622
-0.102598
-0.118297
-0.107638
-0.109315
-0.128803
-0.118409
-0.121573
-0.114481
-0.107656
-0.118314
-0.0698249
-0.0662569
-0.0718441
-0.0562055
-0.0620693
-0.0562034
-0.0679467
-0.0691783
-0.0599512
-0.0703248
-0.068222
-0.0640729
-0.0599381
-0.0691652
-0.0640414
-0.0564631
-0.0600409
-0.0643084
-0.0518485
-0.0564209
-0.0598547
-0.0520324
-0.0599998
-0.056422
-0.0933179
-0.0928001
-0.103358
-0.0852562
-0.0843421
-0.0938065
-0.0843866
-0.0927364
-0.0932543
-0.076769
-0.085279
-0.0756824
-0.0851958
-0.0844556
-0.0930353
-0.0768007
-0.0851443
-0.0853108
-0.0767703
-0.0762506
-0.0851139
-0.0718976
-0.0733704
-0.0678733
-0.0654232
-0.071871
-0.0678466
-0.0748973
-0.0806162
-0.0719454
-0.0703609
-0.0748506
-0.0682581
-0.0774591
-0.0851942
-0.0821324
-0.0692556
-0.0756241
-0.075365
-0.0785745
-0.0868429
-0.0813487
-0.0719404
-0.0806112
-0.0734131
-0.0821899
-0.0910314
-0.0888181
-0.0966456
-0.107543
-0.102528
-0.0888893
-0.0979396
-0.0965679
-0.0807126
-0.0887993
-0.0868749
-0.0910842
-0.0979212
-0.0888709
-0.0806968
-0.0821552
-0.0887834
-0.0852788
-0.0938291
-0.0910585
-0.102482
-0.11074
-0.109273
-0.0678182
-0.0662191
-0.0625717
-0.0733702
-0.0718614
-0.0678731
-0.0654245
-0.0682317
-0.0718723
-0.0806333
-0.0785273
-0.0734352
-0.0938864
-0.102364
-0.0911158
-0.0935753
-0.081399
-0.0868932
-0.0757848
-0.0698569
-0.0718761
-0.043665
-0.0435557
-0.0390145
-0.0474684
-0.0436898
-0.0425197
-0.0474952
-0.0504896
-0.0437165
-0.0813086
-0.0775933
-0.0758422
-0.0714624
-0.0607818
-0.0637546
-0.0464447
-0.0449684
-0.046385
-0.0469664
-0.0464514
-0.0463918
-0.0466883
-0.0469043
-0.0464522
-0.0462519
-0.0464959
-0.0469661
-0.0469044
-0.0467312
-0.0464523
-0.051309
-0.0538662
-0.0557081
-0.0481678
-0.0512756
-0.0514077
-0.0481582
-0.0485269
-0.0512659
-0.0451079
-0.0433992
-0.0449539
-0.0464464
-0.0467253
-0.045124
-0.0465041
-0.0438985
-0.0451147
-0.0430716
-0.0469056
-0.0430373
-0.0485148
-0.0465335
-0.0492945
-0.0418559
-0.0438733
-0.0422307
-0.0418526
-0.0417419
-0.0433775
-0.0472873
-0.0501528
-0.0469435
-0.0519838
-0.0529808
-0.0557996
-0.0424716
-0.0331344
-0.0432444
-0.0498039
-0.0425489
-0.0496722
-0.0428346
-0.0360206
-0.0345197
-0.111057
-0.112152
-0.101557
-0.132185
-0.124367
-0.134378
-0.101155
-0.0929327
-0.0919924
-0.104902
-0.109532
-0.0991672
-0.0895967
-0.09305
-0.0844703
-0.103103
-0.0976654
-0.101482
-0.103075
-0.0931392
-0.0976374
-0.11305
-0.103868
-0.11114
-0.0976314
-0.0929526
-0.101448
-0.0933138
-0.0853662
-0.0851997
-0.0842988
-0.0842774
-0.0754442
-0.0853043
-0.0843031
-0.0757076
-0.0932579
-0.0938334
-0.0843689
-0.0695163
-0.0707881
-0.0753544
-0.0761939
-0.0695344
-0.0753726
-0.0679131
-0.0599906
-0.0694553
-0.07538
-0.0708137
-0.0771381
-0.0857194
-0.07543
-0.0771881
-0.076169
-0.0679674
-0.0695096
-0.024343
-0.0284265
-0.0141235
-0.0244162
-0.0359389
-0.0284997
-0.00817487
-0.024275
-0.0140555
-0.033105
-0.0424423
-0.0345086
-0.0430424
-0.0430081
-0.0382111
-0.0360335
-0.043019
-0.0381877
-0.0429233
-0.0497971
-0.0472727
-0.02491
-0.0330462
-0.0344498
-0.0082109
-0.024793
-0.024311
-0.00815752
-0.00840232
-0.0247396
-0.0435385
-0.0448616
-0.041289
-0.0469155
-0.0460114
-0.0430471
-0.057791
-0.0579338
-0.0629193
-0.0473057
-0.0524307
-0.0501712
-0.0430858
-0.0472636
-0.0469198
-0.0430723
-0.0429008
-0.0472501
-0.0505393
-0.0514269
-0.0546518
-0.064509
-0.0662323
-0.0698003
-0.047521
-0.051403
-0.0505154
-0.0610292
-0.0662028
-0.0644796
-0.0518978
-0.0482412
-0.0501726
-0.0544552
-0.0529761
-0.0519279
-0.0609729
-0.0558465
-0.0580057
-0.0519716
-0.0538537
-0.0512965
-0.0450137
-0.0422413
-0.0438839
-0.0578064
-0.0629348
-0.0625272
-0.0820979
-0.0749206
-0.0774246
-0.0910194
-0.0821779
-0.0852397
-0.0806503
-0.0749314
-0.0821087
-0.0662502
-0.0678493
-0.0718375
-0.0653918
-0.0621402
-0.068199
-0.0625608
-0.0629683
-0.0678072
-0.059692
-0.0562151
-0.062081
-0.056177
-0.0578935
-0.0524862
-0.0748813
-0.0703916
-0.0773853
-0.0719039
-0.0682633
-0.0748558
-0.0629778
-0.0653934
-0.0678168
-0.0629258
-0.0579402
-0.0597006
-0.0621357
-0.0640455
-0.0681945
-0.0597227
-0.0621117
-0.0653634
-0.0629507
-0.0597255
-0.0653662
-0.0579177
-0.0562012
-0.059678
-0.0561621
-0.049739
-0.0561641
-0.0854818
-0.0917656
-0.0894547
-0.0334563
-0.0399033
-0.0381568
-0.0294054
-0.033421
-0.0381215
-0.0285457
-0.0359849
-0.0381391
-0.0141178
-0.0284208
-0.0226485
-0.0285371
-0.0381305
-0.0334182
-0.0795994
-0.0854598
-0.0950439
-0.0665594
-0.0730201
-0.0715127
-0.0715561
-0.0730635
-0.0794794
-0.0879682
-0.0917524
-0.0830299
-0.0776174
-0.0836039
-0.0807576
-0.0945512
-0.103742
-0.0992977
-0.0795876
-0.0950321
-0.0819339
-0.091744
-0.0854602
-0.0830215
-0.0807901
-0.0879314
-0.0829932
-0.0972405
-0.0894941
-0.091805
-0.0894658
-0.095077
-0.0854929
-0.0364776
-0.039615
-0.0366836
-0.0463991
-0.0486444
-0.0469738
-0.0469143
-0.0477881
-0.0483569
-0.0462116
-0.0460302
-0.0482398
-0.0449518
-0.0434539
-0.0444291
-0.0444291
-0.0423944
-0.0460047
-0.0422165
-0.0396514
-0.0418418
-0.0499802
-0.0550739
-0.0537233
-0.0403839
-0.0373961
-0.0366892
-0.0435268
-0.040423
-0.0422247
-0.0412536
-0.0374114
-0.0403993
-0.0435236
-0.0412741
-0.0404198
-0.0448581
-0.042503
-0.0412855
-0.0464297
-0.0448789
-0.0435558
-0.0481552
-0.0513951
-0.047513
-0.0450435
-0.0465192
-0.0485006
-0.052963
-0.0505393
-0.0519148
-0.0579744
-0.0529964
-0.0544755
-0.051962
-0.0493275
-0.0529591
-0.0529543
-0.0493227
-0.0505306
-0.0538688
-0.0519867
-0.0558026
-0.0605411
-0.0538975
-0.0558313
-0.0557
-0.051433
-0.0513009
-0.048533
-0.0493127
-0.0519472
-0.0464467
-0.0450432
-0.0485003
-0.0448942
-0.046445
-0.0481299
-0.0435563
-0.0450266
-0.0464302
-0.0451043
-0.0438881
-0.0433956
-0.049294
-0.046533
-0.0483607
-0.045028
-0.0438982
-0.0465038
-0.048142
-0.0464571
-0.0485107
-0.0435422
-0.0422401
-0.0450126
-0.048374
-0.0505152
-0.0493073
-0.0530009
-0.0579789
-0.0558197
-0.0538534
-0.0544581
-0.0519309
-0.057763
-0.0579904
-0.0544915
-0.0485396
-0.0519538
-0.0512787
-0.0605408
-0.0557391
-0.0538972
-0.0627963
-0.066109
-0.065697
-0.0580221
-0.0627691
-0.0656698
-0.0584746
-0.0605795
-0.0627536
-0.0625489
-0.0661963
-0.0610227
-0.0645086
-0.0698
-0.0661285
-0.0474912
-0.0448977
-0.0481334
-0.0546594
-0.053695
-0.0505469
-0.0557113
-0.0546691
-0.0514443
-0.0661662
-0.0698377
-0.0757657
-0.0584511
-0.0557544
-0.060556
-0.0644666
-0.0627737
-0.0605996
-0.0579709
-0.0547001
-0.0584389
-0.0627922
-0.0644851
-0.0661049
-0.0504955
-0.0492573
-0.0437225
-0.0579646
-0.0575034
-0.0537293
-0.0579979
-0.0584659
-0.0627449
-0.0726714
-0.0775807
-0.080721
-0.0657359
-0.0725891
-0.0679572
-0.0715057
-0.0775498
-0.0726405
-0.0657477
-0.0714661
-0.0726009
-0.065726
-0.066138
-0.0714444
-0.0492342
-0.04359
-0.0436993
-0.0536769
-0.0492907
-0.0505289
-0.0536811
-0.0517687
-0.0492949
-0.0579551
-0.0537198
-0.0546842
-0.0557347
-0.0584314
-0.0546926
-0.0616438
-0.05753
-0.0579911
-0.0492425
-0.0461846
-0.0435984
-0.0574827
-0.0517962
-0.0537086
-0.0574818
-0.0534269
-0.0517952
-0.0758094
-0.0775604
-0.0715163
-0.0389488
-0.0338919
-0.0336688
-0.0461531
-0.039841
-0.0435668
-0.0461475
-0.0419011
-0.0398354
-0.042476
-0.0368345
-0.0412586
-0.0836059
-0.0776193
-0.0813346
-0.0890079
-0.0836441
-0.0813729
-0.0890586
-0.0944568
-0.0857476
-0.0854042
-0.0795438
-0.0784787
-0.0664742
-0.0610266
-0.0580123
-0.0669054
-0.0664939
-0.058032
-0.0784186
-0.0730679
-0.0739206
-0.0829386
-0.0784518
-0.0739537
-0.082977
-0.0854158
-0.0784902
-0.0784374
-0.0795025
-0.0730866
-0.0714817
-0.0637739
-0.0665284
-0.0610458
-0.0664934
-0.0637389
-0.0558144
-0.0554388
-0.0564085
-0.0483654
-0.0514211
-0.0514633
-0.0563989
-0.0546284
-0.0537432
-0.0554309
-0.0552395
-0.0546301
-0.054634
-0.0564045
-0.0554349
-0.0552262
-0.0514546
-0.0546168
-0.0550955
-0.0564004
-0.0537448
-0.0499507
-0.0482712
-0.0516962
-0.0507805
-0.0499658
-0.0537089
-0.0507635
-0.048669
-0.0499489
-0.0454981
-0.0437665
-0.0483198
-0.0499405
-0.0486606
-0.048261
-0.0546096
-0.050796
-0.0537244
-0.0514178
-0.0480834
-0.0507665
-0.0507572
-0.0480742
-0.0486627
-0.0514863
-0.0514441
-0.0552157
-0.0470371
-0.0480709
-0.0514053
-0.0483505
-0.047038
-0.0514062
-0.0455239
-0.0483456
-0.0514435
-0.0437716
-0.0470124
-0.0483249
-0.0380079
-0.0437319
-0.0454635
-0.0443758
-0.0399596
-0.0440989
-0.044356
-0.0381933
-0.0399398
-0.046002
-0.0441146
-0.0430377
-0.0464945
-0.0459557
-0.046852
-0.0466883
-0.0464969
-0.0468544
-0.0462423
-0.044127
-0.0464863
-0.0480535
-0.0462571
-0.0469713
-0.0443969
-0.04412
-0.0462353
-0.0381686
-0.0399033
-0.0334563
-0.0428632
-0.0430347
-0.0360492
-0.0429977
-0.0399353
-0.0382006
-0.0538409
-0.0501932
-0.0524527
-0.0578858
-0.0538667
-0.0524785
-0.0577899
-0.0625107
-0.0580173
-0.0579035
-0.0577607
-0.0538844
-0.0610104
-0.0644607
-0.0605937
-0.055855
-0.0609815
-0.0605648
-0.0580281
-0.0625215
-0.0609953
-0.0443983
-0.0469992
-0.0437584
-0.038206
-0.0443687
-0.0437289
-0.044126
-0.0459466
-0.0464853
-0.0430174
-0.0440943
-0.0399551
-0.0460118
-0.045945
-0.0441244
-0.0379834
-0.0381846
-0.0437075
-0.0379355
-0.0294206
-0.0381367
-0.0473046
-0.049829
-0.0524296
-0.0333693
-0.0293537
-0.022716
-0.0470076
-0.0444066
-0.046245
-0.050156
-0.0482246
-0.0469467
-0.0469794
-0.04865
-0.0480615
-0.0451242
-0.0467255
-0.0465136
-0.0468558
-0.0469056
-0.0466896
-0.0469676
-0.0464973
-0.0466886
-0.04596
-0.0477799
-0.0468563
-0.0477997
-0.0482286
-0.0505097
-0.0468595
-0.047783
-0.0469093
-0.0459572
-0.046024
-0.0477771
-0.0480536
-0.0470198
-0.0462573
-0.0460316
-0.0482136
-0.0477846
-0.043434
-0.0417415
-0.0416899
-0.0449484
-0.0433936
-0.0434504
-0.0469674
-0.0466885
-0.0464524
-0.0467363
-0.0483521
-0.0465244
-0.0449641
-0.0464404
-0.0451181
-0.0469108
-0.0483534
-0.0467376
-0.0438772
-0.0418598
-0.0433847
-0.0227131
-0.0284854
-0.0333664
-0.046435
-0.0549849
-0.0569719
-0.071523
-0.0817926
-0.0608423
-0.0618068
-0.0575428
-0.0616567
-0.0679078
-0.0618415
-0.0616914
-0.0656994
-0.0679207
-0.0617044
-0.0580184
-0.0656662
-0.0616711
-0.0661717
-0.0757712
-0.0714781
-0.0738652
-0.0669632
-0.0679656
-0.0668897
-0.0580164
-0.0618259
-0.0665441
-0.0669556
-0.0730049
-0.0579713
-0.053462
-0.0617808
-0.0795089
-0.0818552
-0.0715856
-0.0607584
-0.0645014
-0.0637312
-0.0519742
-0.046388
-0.0459292
-0.046015
-0.0428145
-0.0470858
-0.0517191
-0.0550672
-0.0499735
-0.0392284
-0.0361874
-0.0396067
-0.041678
-0.039256
-0.0423627
-0.0460175
-0.0461989
-0.0444418
-0.041728
-0.0393992
-0.0416764
-0.0370001
-0.0366303
-0.0342123
-0.0342038
-0.0369919
-0.0342042
-0.0361787
-0.0392197
-0.0370153
-0.041668
-0.0393909
-0.039246
-0.0417282
-0.041839
-0.0393055
-0.0482492
-0.0486487
-0.0464034
-0.041832
-0.0396416
-0.0392985
-0.0514397
-0.0507884
-0.0546019
-0.0478001
-0.0505102
-0.048369
-0.0469328
-0.0482107
-0.0460288
-0.051899
-0.0505234
-0.0482424
-0.0538391
-0.0519166
-0.0501914
-0.0538729
-0.0577492
-0.0544777
-0.0482617
-0.047123
-0.0516868
-0.0434397
-0.0433829
-0.0417472
-0.0444182
-0.043443
-0.0416989
-0.04238
-0.0444146
-0.0416953
-0.0462001
-0.0463825
-0.0444431
-0.0444389
-0.0463783
-0.0449616
-0.0460332
-0.047104
-0.0482428
-0.0463952
-0.0462129
-0.048241
-0.042389
-0.0427988
-0.0459993
-0.0299496
-0.0336212
-0.0286613
-0.0247728
-0.0299199
-0.0286317
-0.0270094
-0.029409
-0.02993
-0.0260528
-0.0269762
-0.0233677
-0.0328194
-0.0336351
-0.0299635
-0.026083
-0.0299469
-0.029406
-0.0379549
-0.0389597
-0.0328639
-0.0517436
-0.0462119
-0.0492698
-0.051738
-0.0475812
-0.0462063
-0.0617793
-0.0534604
-0.0575153
-0.0579293
-0.0492708
-0.05342
-0.0726591
-0.0807087
-0.0739269
-0.0464041
-0.056941
-0.0457552
-0.0367532
-0.0383473
-0.0456608
-0.0550562
-0.0610074
-0.0637005
-0.0383801
-0.0458836
-0.0463424
-0.0492661
-0.0579247
-0.052024
-0.0739614
-0.0807432
-0.0829463
-0.0669802
-0.0738822
-0.0730295
-0.066923
-0.0618591
-0.0679253
-0.0679846
-0.0726164
-0.0738842
-0.094554
-0.100138
-0.103744
-0.085744
-0.0944532
-0.0879863
-0.0891068
-0.100089
-0.0945049
-0.0857113
-0.0836586
-0.0890224
-0.0807992
-0.0856981
-0.0879405
-0.0807847
-0.083631
-0.0856837
-0.0814062
-0.0935825
-0.0890412
-0.0550454
-0.0644599
-0.0570324
-0.0520046
-0.0549683
-0.0464184
-0.0520534
-0.0609683
-0.0550171
-0.0418609
-0.0341619
-0.0397952
-0.0423676
-0.0396393
-0.0427774
-0.0533938
-0.0476053
-0.0517621
-0.0550678
-0.0637122
-0.0644823
-0.041927
-0.0461734
-0.0475482
-0.0430502
-0.0419165
-0.0475378
-0.0341352
-0.0338962
-0.0397684
-0.0382256
-0.0305146
-0.0318633
-0.0382472
-0.0383017
-0.0305363
-0.0382987
-0.0458566
-0.0383531
-0.0360199
-0.0382441
-0.0318817
-0.0282894
-0.0359865
-0.0318483
-0.0341493
-0.0418483
-0.0360395
-0.0430746
-0.0475622
-0.0492015
-0.0360572
-0.0429996
-0.0382814
-0.0360693
-0.041878
-0.0430117
-0.0492259
-0.0519838
-0.0459387
-0.0463418
-0.0456929
-0.0383794
-0.0366672
-0.027787
-0.0304958
-0.0392491
-0.0396274
-0.0423558
-0.0366189
-0.0336079
-0.0342009
-0.0392803
-0.0366552
-0.0393742
-0.0364573
-0.0336155
-0.0366265
-0.0392706
-0.0364763
-0.0366454
-0.04172
-0.0392973
-0.0393912
-0.0396237
-0.0364863
-0.0392806
-0.0346224
-0.0329007
-0.0364482
-0.0366669
-0.034635
-0.0364609
-0.0366531
-0.0323676
-0.0346213
-0.00833831
-0.0191699
-0.0150624
0.0131039
-0.00823001
-0.0149541
-0.00835034
-0.0186462
-0.0191819
-0.0317906
-0.021141
-0.0258894
-0.0520633
-0.057964
-0.0609782
-0.0383144
-0.0430325
-0.0458723
-0.0475968
-0.0533853
-0.0492361
-0.0382965
-0.0367024
-0.0305311
-0.0276399
-0.00213678
-0.0210477
-0.0064476
-0.00776376
-0.0159769
-0.00559921
-0.00642623
-0.0117541
-0.00161729
-0.00771557
-0.00639941
-0.00555
0.00291088
-0.00637702
0.00253872
-0.00213598
-0.00156874
-0.0370174
-0.0393666
-0.0366476
-0.0143093
-0.00641706
-0.00817569
-0.0223477
-0.0288926
-0.0224554
-0.0179946
-0.0246951
-0.0173335
-0.0286202
-0.0289133
-0.0223684
-0.0247474
-0.0286063
-0.0223545
-0.0233333
-0.0247152
-0.0180147
-0.0269938
-0.0299144
-0.0247673
-0.0336343
-0.0338575
-0.0286745
-0.019169
-0.0210193
-0.00210835
-0.011804
-0.0186214
-0.00832558
-0.0258473
-0.021099
-0.0192486
-0.0187049
-0.0258393
-0.0192406
-0.0160438
-0.0223773
-0.0118424
-0.0282117
-0.0258694
-0.018735
-0.016079
-0.0223047
-0.0224124
-0.0341039
-0.0359941
-0.0282969
-0.031806
-0.0304574
-0.0211564
-0.0282556
-0.0318145
-0.0259132
-0.0459088
-0.0430691
-0.049196
-0.0108088
-0.00774633
-0.00640391
-0.0233633
-0.0269718
-0.0247453
-0.00560544
-0.0117603
-0.0082819
0.0131355
-0.0055219
-0.00819836
0.0029242
-0.00158159
-0.0063637
0.0150238
0.0029827
-0.00547819
0.00746005
0.00258605
0.00298437
-0.022441
-0.0282002
-0.0187235
-0.017319
-0.0222877
-0.0160619
-0.0289123
-0.0282343
-0.0224752
-0.017348
-0.0247096
-0.0223167
-0.03386
-0.034099
-0.02897
0.0150581
-0.00544386
0.0132136
-0.0223861
-0.0186686
-0.0118512
-0.0191489
-0.00208829
-0.0150414
-0.0297685
-0.0269935
-0.0321482
-0.0328584
-0.0297882
-0.0321679
-0.0320488
-0.0310118
-0.0279938
-0.0177125
-0.0216526
-0.0207073
-0.0133588
-0.0188021
-0.0144769
-0.00799676
-0.0133103
-0.0107657
-0.00826116
-0.00797982
-0.0107488
-0.00636142
-0.0086266
-0.00796636
-0.0153851
-0.0188052
-0.0133619
-0.0328548
-0.0323617
-0.0366472
-0.0367894
-0.032872
-0.0373713
-0.0299547
-0.0272993
-0.0305259
-0.0331169
-0.0299819
-0.032835
-0.0331055
-0.0294296
-0.0299705
-0.024187
-0.0216893
-0.0251959
-0.0260566
-0.0242085
-0.0272651
-0.020729
-0.0216743
-0.024172
-0.0233468
-0.0207408
-0.0260319
-0.0147393
-0.0114711
-0.014457
-0.0176686
-0.0147601
-0.0144778
-0.0188167
-0.0176823
-0.0144914
-0.0206972
-0.0186501
-0.0177025
-0.0186191
-0.0143721
-0.0147629
-0.0284123
-0.0299092
-0.0323243
-0.0252286
-0.0283797
-0.0272763
-0.0235598
-0.0254701
-0.0270165
-0.0305523
-0.0323413
-0.0328344
-0.0299733
-0.0305444
-0.0328264
-0.0284144
-0.0323264
-0.0305375
-0.0279643
-0.0287308
-0.0254905
-0.0328712
-0.0323393
-0.0299242
-0.0320675
-0.0335821
-0.0310306
-0.033603
-0.0364448
-0.0328972
-0.0331435
-0.0379354
-0.0328444
-0.0331568
-0.0367923
-0.0379486
-0.0294391
-0.033115
-0.0328159
-0.0299494
-0.0294285
-0.0328052
-0.0260759
-0.0272843
-0.0299398
-0.027294
-0.0283975
-0.0305206
-0.0373994
-0.0412416
-0.0368175
-0.036664
-0.0373709
-0.0328716
-0.0328869
-0.0346086
-0.032355
-0.0396281
-0.0403914
-0.0366967
-0.0396466
-0.0422117
-0.0404099
-0.0112299
-0.00864228
-0.00778679
-0.00218636
-0.00637498
-0.0077174
0.0150673
0.00750194
0.00302625
-0.0235401
-0.0211421
-0.0254504
-0.0176826
-0.0186302
-0.014774
-0.0179944
-0.0186598
-0.023313
-0.0147183
-0.00819389
-0.01145
-0.0179644
-0.0143829
-0.0186298
-0.0108793
-0.0179482
-0.0172871
-0.0154072
-0.0177
-0.021089
-0.00798386
-0.0086441
-0.0115746
-0.00207791
-0.00474066
-0.00168984
-0.0105191
-0.0112362
-0.00779309
-0.0110411
-0.0124948
-0.00927811
-0.01106
-0.0125826
-0.0148309
-0.00862065
-0.00478286
-0.00776515
-0.013313
-0.00799953
-0.0115902
-0.00635072
-0.00477811
-0.0086159
-0.0108308
-0.00642597
-0.0143182
-0.0143568
-0.0179384
-0.0108695
-0.0125101
-0.0159973
-0.0077841
-0.0172689
-0.0125246
-0.0108611
-0.0172863
-0.0160292
-0.0125419
0.019533
0.00755733
0.0151227
0.0123047
0.00754787
0.0195235
-0.0064611
-0.0159904
-0.011789
-0.00217035
-0.00770138
-0.0016031
-0.0108292
-0.0124927
-0.00776676
0.0158375
0.020399
0.0274721
-0.00155166
0.00295413
0.0025558
0.0195665
0.0203609
0.0123477
-0.0320609
-0.0297878
-0.0328581
-0.03419
-0.0341904
-0.0328799
0.00185295
-0.00136738
-0.0021376
0.0274684
0.0192826
0.0158338
-0.00141494
-0.00813242
-0.00637379
0.000440394
-0.0034628
0.00375652
0.000412175
-0.00465269
-0.00349102
0.00118072
-0.00228216
0.00347226
-0.00139492
-0.00635376
-0.00216514
0.00376838
-0.00134756
0.00187277
-0.0035087
-0.00812281
-0.00140533
-0.00468168
-0.00822595
-0.00352001
-0.00820358
-0.014728
-0.0143372
-0.00826407
-0.0114284
-0.00817223
-0.00353163
-0.00823758
-0.00814573
-0.00469658
-0.00795951
-0.00824085
-0.0177063
-0.0188407
-0.0216464
-0.0107811
-0.0144437
-0.0114578
-0.0107874
-0.0133319
-0.01445
-0.0367752
-0.0331397
-0.0328578
-0.0186689
-0.0207161
-0.0233221
-0.0270339
-0.0254874
-0.0287277
-0.0283946
-0.0270475
-0.0298915
-0.0283789
-0.0252278
-0.0270318
-0.0252116
-0.023559
-0.0270157
-0.0242057
-0.0252146
-0.0272623
-0.0216871
-0.0235411
-0.0251937
-0.0260347
-0.0207436
-0.0241866
-0.0188602
-0.0235198
-0.0216659
-0.0211139
-0.0177249
-0.0228453
-0.0188583
-0.02112
-0.023518
-0.0188311
-0.015411
-0.0210928
-0.0228712
-0.0254481
-0.0211399
-0.019875
-0.0228411
-0.0177208
-0.0243988
-0.0205425
-0.0274969
-0.0167335
-0.0187282
-0.0220221
-0.0172028
-0.0167212
-0.0198528
-0.0177019
-0.0172061
-0.0198561
-0.0176845
-0.0146849
-0.0171888
-0.0138315
-0.0125289
-0.0166854
-0.0148693
-0.0164361
-0.0187033
-0.0269686
-0.0297436
-0.0247267
-0.0246987
-0.0254601
-0.0228832
-0.0205076
-0.0179345
-0.0235376
-0.0187221
-0.0164549
-0.0204865
-0.0171827
-0.0138471
-0.016701
-0.0125134
-0.0110597
-0.0148307
-0.0166888
-0.0125323
-0.0148496
-0.0105283
-0.00927639
-0.0124931
-0.0125967
-0.013701
-0.0164118
-0.0303685
-0.0321502
-0.0269955
-0.031021
-0.0328668
-0.0299198
-0.02473
-0.0297469
-0.0279651
-0.0392305
-0.0393753
-0.0370261
-0.0310333
-0.0335848
-0.0328791
-0.0369985
-0.0342104
-0.0361619
-0.0320781
-0.0341857
-0.0335927
-0.0320757
-0.0328728
-0.0341833
-0.0211427
-0.0304437
-0.0277349
-0.0289513
-0.0340802
-0.0282733
-0.0286587
-0.0338417
-0.0289518
-0.0260731
-0.0293961
-0.0269964
-0.0390016
-0.0435428
-0.039817
-0.0328495
-0.0389453
-0.0336653
-0.0379911
-0.0436463
-0.0389959
-0.0339125
-0.0389693
-0.0397847
-0.0425237
-0.0448789
-0.0474724
-0.0380028
-0.042488
-0.043658
-0.0379799
-0.0368235
-0.042465
0.00189562
0.00257977
0.00667331
0.0219978
0.0193155
0.0311318
0.00781799
0.00192792
0.0110915
0.00672446
0.00750492
0.0122617
-0.0287557
-0.0310072
-0.029906
-0.0270487
-0.0287424
-0.0298927
-0.0279828
-0.0310008
-0.0287493
-0.0247157
-0.0279508
-0.0254771
-0.0297715
-0.0320446
-0.0279897
0.00523466
0.00046958
0.0037857
0.0186543
0.0211383
0.0155806
0.0105
0.0160173
0.0142882
0.0254417
0.0338724
0.0258613
0.0160702
0.0219452
0.0186587
0.0234142
0.0338642
0.0254334
0.00120646
0.003498
0.00538641
-0.00165232
0.00118199
0.00321962
-0.00228463
0.000443375
0.00346979
-0.00167084
-0.00229942
0.00116347
-0.00233992
-0.0079397
-0.00467677
0.0160446
0.0186331
0.0143154
0.0135858
0.0160149
0.0104976
0.00528153
0.00782703
0.0104425
0.0157867
0.012335
0.0203482
0.0136143
0.0157873
0.0192361
0.0111527
0.0123041
0.0157559
0.00785702
0.0111305
0.0135606
0.0104702
0.00785481
0.0135584
0.00379906
0.00190345
0.00779351
0.0067366
0.0122738
0.0111225
0.0219922
0.0233743
0.0253936
0.0192649
0.0219473
0.0160722
0.0136151
0.019237
0.0160443
0.0275198
0.0311503
0.019334
0.0311454
0.0233936
0.0220115
-0.0303426
-0.0269696
-0.0244299
0.0258944
0.0339055
0.0352988
0.0113212
0.0155307
0.0135224
0.0258188
0.0211951
0.0253991
0.0113238
0.0142893
0.0155332
0.00921583
0.00528619
0.0104471
-0.0204838
-0.0164522
-0.0179107
-0.0243746
-0.0220477
-0.0187539
-0.0303445
-0.0244317
-0.0275298
-0.0269418
-0.0220752
-0.0244021
-0.0167374
-0.0220259
-0.019869
0.0276732
0.0258735
0.0352779
0.0229438
0.0276382
0.0277337
0.0229285
0.0231582
0.0276228
0.0186314
0.0155577
0.0143138
0.0253752
0.0211711
0.0186872
0.0364035
0.0277085
0.0353132
0.0276326
0.023168
0.0258328
0.0231012
0.0179293
0.0155848
0.0258112
0.0231463
0.0211875
0.022896
0.0179539
0.0231258
-0.0146788
-0.0176785
-0.0153857
-0.0116194
-0.0146585
-0.0153654
-0.0138403
-0.0171759
-0.014672
-0.0125083
-0.0138109
-0.0105435
-0.0148703
-0.0187042
-0.0167095
0.0276832
0.0363782
0.0277788
-0.011126
-0.0108905
-0.0132843
-0.0141087
-0.00955309
-0.0132898
-0.00509792
-0.00635323
-0.00441805
-0.00317645
-0.00508219
-0.00288937
-0.00703027
-0.00636199
-0.00510669
-0.0108671
-0.0089484
-0.00847636
-0.00893321
-0.0077542
-0.00704773
-0.0095294
-0.00920894
-0.0111078
-0.00751575
-0.00827882
-0.00888427
-0.006743
-0.00698575
-0.00806887
-0.00690032
-0.00782148
-0.00750759
-0.00808847
-0.00783109
-0.00919316
-0.00808311
-0.0075956
-0.00782573
-0.00670698
-0.00881636
-0.00759432
-0.009207
-0.00895164
-0.0111058
-0.000577895
0.00150543
-0.00215216
-0.00645641
-0.0077198
-0.010384
-0.00367898
-0.00643834
-0.00901982
-0.00409292
-0.00380327
-0.0065431
-0.0121018
-0.0147891
-0.0108988
-0.0104168
-0.0149294
-0.00907075
-0.0179746
-0.014137
-0.013318
-0.0179989
-0.0205752
-0.0141613
-0.00464873
0.000416132
-0.00231188
-0.00634034
-0.00794529
-0.0023455
-0.0107604
-0.0114371
-0.00827276
-0.000563355
0.00218076
0.00151997
0.0287849
0.0235163
0.0245847
0.0336901
0.0288452
0.0324604
0.0280087
0.0235278
0.0287964
0.0287992
0.024599
0.0277733
0.0188619
0.0202869
0.0226504
0.0202706
0.0245561
0.0234877
0.0118436
0.0122105
0.0163355
0.0240522
0.0229318
0.0277217
0.0210272
0.0188208
0.0240161
0.0245616
0.0210475
0.0243528
0.0178705
0.0188001
0.0210066
0.0188271
0.0229019
0.0240224
0.0164614
0.0178601
0.0202247
0.0135445
0.0155527
0.0178973
0.0286202
0.0277818
0.0363411
0.0243887
0.0285802
0.0277719
0.0243762
0.0240599
0.0285678
0.028579
0.0240712
0.0277407
0.0202624
0.0210338
0.0245479
0.02024
0.0178753
0.0210114
0.0231121
0.0155956
0.0211532
0.00780478
0.00525928
0.00381032
0.0113027
0.00924874
0.0142682
0.00726179
0.0112935
0.0134947
0.00724746
0.00922518
0.0112792
-0.00136549
0.00375046
-0.00346886
0.00255025
0.0018661
-0.00212446
0.00670187
0.0110877
0.00192417
0.00747249
0.00669203
0.00259849
0.011157
0.0157602
0.0135872
0.0219765
0.0253779
0.0186899
0.0142654
0.00924597
0.0104773
0.00352429
0.00526296
0.0091926
0.00349502
0.000468604
0.00523369
0.0364073
0.0363672
0.027808
0.0363584
0.0329396
0.0286375
-0.0105393
-0.0138067
-0.0112563
-0.0220525
-0.0246773
-0.0198956
-0.0205131
-0.0243695
-0.0187487
-0.0269428
-0.024701
-0.0220762
-0.02468
-0.0228645
-0.0198984
0.0278134
0.0329238
0.0324544
-0.0107214
-0.00884067
-0.01085
-0.00952207
-0.0103943
-0.00773008
-0.00808918
-0.00951433
-0.00772235
-0.0111214
-0.0132797
-0.00954306
-0.0065518
-0.00381198
-0.00668675
0.000532203
0.00269785
-0.000138789
-0.00206229
0.000509157
-0.00226931
0.00104772
0.0055419
0.00331003
-0.0154619
-0.0181606
-0.0225808
-0.0179986
-0.0148386
-0.0197932
-0.0120738
-0.00847997
-0.00882004
0.0286088
0.0329109
0.0278005
0.0280428
0.0288304
0.0336753
0.0234815
0.0226659
0.0203024
-0.00218325
-0.00519288
-0.00317446
-0.000593548
-0.00216782
-0.00315902
-0.0118247
-0.0181245
-0.0154258
-0.000116457
-0.0041391
-0.0021695
0.00603307
0.00623085
0.0101158
0.00201158
0.00600516
0.00598926
0.0022169
0.00620434
0.00600656
-0.00356735
0.000260049
-0.00102684
0.000301067
0.00363557
0.00403473
0.00406812
0.00770538
0.00621621
-0.00100138
0.000285507
0.00401917
-0.00241503
-0.00101696
0.00206055
-0.00243937
-0.00519258
-0.0010413
0.00365924
0.00735535
0.0040584
-0.0253049
-0.0341931
-0.0226673
-0.00409205
-0.0064218
-0.00366245
-0.00512929
-0.00668198
-0.0038072
-0.0104338
-0.0141172
-0.0149463
-0.00646085
-0.0103884
-0.00904233
-0.00951929
-0.00809414
-0.00919883
0.0263373
0.0228699
0.0223974
0.028613
0.026372
0.0270185
0.0251697
0.0228792
0.0263466
-0.00602794
-0.00845379
-0.00704035
-0.00520571
-0.00600419
-0.00318728
-0.0052245
-0.00878892
-0.00602299
-0.00415615
-0.00519618
-0.00218654
-0.01483
-0.0154414
-0.0197846
-0.0133203
-0.0148168
-0.0179769
-0.012117
-0.0154156
-0.0148043
-0.00848687
-0.0120807
-0.0108776
-0.0118046
-0.0154056
-0.0121069
-0.00417501
-0.00780812
-0.00521504
-0.0122919
-0.0122692
-0.0173758
-0.0118142
-0.0122929
-0.018114
-0.00803329
-0.00690544
-0.0122199
-0.00784455
-0.00803652
-0.0122459
-0.0078175
-0.00418439
-0.00800947
-0.0088169
-0.00784557
-0.0117683
-0.00964353
-0.00715874
-0.012336
-0.0122606
-0.00805126
-0.0122379
0.000287252
-8.22845e-05
0.00362175
0.00208216
-0.000995352
0.0040252
-0.00356426
-0.000106399
0.000263138
-0.00407723
-0.00364763
-0.00200577
-0.00655617
-0.00769913
-0.004106
-0.0080747
-0.00872261
-0.00674883
-0.0055951
-0.0068911
-0.00697797
-0.00889269
-0.0102256
-0.0080869
-0.00883412
-0.0107149
-0.00889683
-0.0108662
-0.0136762
-0.0107377
-0.00769873
-0.00643534
-0.00410559
-0.0080793
-0.00771247
-0.0065695
-0.00954344
-0.0140991
-0.0104156
0.0251927
0.0263696
0.0297208
0.0192493
0.0155683
0.0151481
0.0226574
0.0223717
0.0188689
0.0221871
0.0209058
0.0182999
0.0243982
0.0222217
0.025161
0.0182576
0.0148857
0.0155641
0.0221816
0.0182944
0.019282
0.020902
0.0210333
0.018296
0.0262991
0.0265177
0.0239201
0.0175349
0.0148923
0.0182642
0.0324407
0.0288255
0.0277996
0.0279882
0.0226917
0.0235073
0.0324854
0.0280551
0.0336876
0.0324631
0.027037
0.0280327
0.0202578
0.0163778
0.0164565
0.0234734
0.0202943
0.0202563
0.0188409
0.0163858
0.0202658
0.0263811
0.0286221
0.0297323
0.0226847
0.0269854
0.0223989
0.0324651
0.0286334
0.027039
0.00500888
0.00850833
0.00773063
0.024384
0.0209263
0.0222075
0.00597326
0.00498196
0.0022142
0.0228456
0.0221969
0.0192973
0.0269977
0.0263511
0.0224112
0.0251558
0.0222165
0.0228653
-0.0180415
-0.0268434
-0.0206178
-0.0149803
-0.0141512
-0.0205651
-7.81262e-05
0.00152642
0.00362591
-0.00241944
0.00215982
-0.00243634
0.00404933
0.00619742
0.0021063
0.00736894
0.00770925
0.00407199
0.00772234
0.00736765
0.00367154
0.00774658
0.0108948
0.00739189
0.00154337
0.00497192
0.00364286
0.00854298
0.0118144
0.011285
0.0112928
0.00624046
0.00772962
0.0101551
0.0138981
0.0101079
-0.00883113
-0.0117825
-0.0120849
-0.00603384
-0.00879978
-0.0084597
-0.00523055
-0.00782363
-0.00879496
0.0270042
0.0227035
0.028
0.0192887
0.0196353
0.022837
0.0228474
0.0196456
0.0223749
0.00497338
0.00736124
0.00871545
-0.000933498
0.0038335
0.00182059
-0.000130714
0.00416129
0.00384401
-0.0040291
-0.00395064
-0.00837569
0.0073424
0.00386909
0.00418637
-0.000982387
-0.00503461
-0.00392928
0.00211294
0.00598925
0.00590271
0.0101078
0.0138981
0.0101456
0.0101056
0.00601642
0.00603232
0.0136934
0.0113415
0.0148563
0.00604599
0.0101287
0.0100815
0.00624852
0.0113008
0.0101335
0.010934
0.0155277
0.0113346
0.00739184
0.0108947
0.00773214
0.0113092
0.0118387
0.0157704
0.00775963
0.0112793
0.0109078
0.00775164
0.00852934
0.0112713
0.0137108
0.0174632
0.0139346
0.0137228
0.0175284
0.0174753
0.0155409
0.0148625
0.0113477
0.0155788
0.0192598
0.0182723
0.00774528
0.0109079
0.0113084
0.0196322
0.0188588
0.0223615
0.0151616
0.0196095
0.0192629
0.01515
0.0158092
0.0195979
0.0239131
0.0244076
0.026292
0.0204196
0.0238904
0.0235177
0.021052
0.0209207
0.0238839
0.0235463
0.0265166
0.0263621
0.0257992
0.0236213
0.02636
0.0238951
0.0209319
0.0243896
0.0204113
0.0210503
0.0238822
0.0175555
0.0182848
0.021022
0.0251997
0.0297278
0.0284594
0.0251819
0.0284416
0.0244191
-0.0226136
-0.0181934
-0.0252512
-0.0198643
-0.0226399
-0.0314468
-0.0198106
-0.0154674
-0.0225863
-0.0180389
-0.0198335
-0.0268408
-0.0147931
-0.0132966
-0.0109028
0.0263072
0.0244228
0.0284454
-0.0123278
-0.00715049
-0.00718509
-0.0120066
-0.0123441
-0.00720139
-0.00841315
-0.0119934
-0.0071882
-0.0130419
-0.0182154
-0.018546
-0.00785712
-0.0122584
-0.0117798
-0.0184157
-0.0173963
-0.0122897
-0.0184568
-0.0245582
-0.0174375
-0.0120442
-0.0183981
-0.0123817
-0.0252338
-0.0181761
-0.0174388
0.00196981
0.00207117
-0.00256663
0.00220279
0.00599245
0.00199887
0.00591257
0.00775782
0.00329113
0.0101053
0.00592953
0.00601607
0.0207038
0.0174155
0.0203161
0.0113575
0.0135984
0.0149604
0.0173767
0.0138485
0.0155781
0.0136147
0.013842
0.0173701
0.0101581
0.0139106
0.0138188
0.00779891
0.0101673
0.0113221
0.0265084
0.0235381
0.0239109
-0.000122361
0.000235136
-8.76268e-05
-0.0021557
-9.6815e-05
-0.000478805
-0.00323833
-0.00216624
-0.000489347
-0.00376793
-0.0032437
-0.000494722
-0.00511781
-0.00379572
-0.00325926
-0.00206457
-0.000136987
-0.00216113
-0.00378585
-0.0021773
-0.00324939
-0.00206399
-0.0019873
-0.000136404
-9.56458e-05
-0.00215453
-0.00013038
-0.00378831
-0.00407796
-0.00208319
-0.00217336
-0.00378191
-0.0020768
-0.00514283
-0.00784151
-0.00669552
-0.00326307
-0.0037873
-0.00626559
-0.0020772
-0.00407196
-0.0020005
-0.00627008
-0.00512611
-0.00326756
-0.00844544
-0.00628298
-0.00380469
-0.0108769
-0.0139211
-0.0136869
-0.00846516
-0.00968344
-0.00630271
-0.00848999
-0.0137013
-0.00970827
-0.00723099
-0.00872816
-0.00925277
-0.0079789
-0.00722847
-0.00925025
-0.00498531
-0.00673343
-0.00721004
-0.00226292
0.000515556
-0.000155436
-0.00882163
-0.00827889
-0.00759959
-0.0125661
-0.0102468
-0.0107319
-0.00775768
-0.00919205
-0.00782998
-0.00690113
-0.00774999
-0.0078223
-0.00637085
-0.00703913
-0.0077456
-0.00559303
-0.00636315
-0.00688904
-0.00497987
-0.00558787
-0.00672799
-0.00441968
-0.00635486
-0.00558475
-0.00274133
-0.00440756
-0.00557262
-0.00273231
-0.0028856
-0.00439854
-0.00509264
-0.0031869
-0.00600381
-0.0060167
-0.00702912
-0.00510553
-0.00674597
-0.00871975
-0.00722257
-0.00378078
-0.00557798
-0.00496998
-0.00198682
-0.00376873
-0.00495793
-0.0027392
-0.00557049
-0.00377329
-0.00750991
-0.00782381
-0.00759368
-0.00698438
-0.00689751
-0.00750478
-0.00807144
-0.00698832
-0.00750872
-0.00673469
-0.00559457
-0.00697744
-0.00637037
-0.00774512
-0.00689626
-0.0087409
-0.0110285
-0.00926551
-0.00795831
-0.00519175
-0.0051314
-0.00881723
-0.00670785
-0.00785384
-0.0108404
-0.00883109
-0.00786771
-0.00759139
-0.00807889
-0.0065691
-0.00669942
-0.00758676
-0.00656447
-0.00827449
-0.00751143
-0.00759519
-0.00888867
-0.00828322
-0.00882596
-0.0088836
-0.0080778
-0.00751508
-0.00874415
-0.010235
-0.0110317
-0.0205397
-0.0235697
-0.0274941
-0.0137187
-0.017888
-0.0164295
-0.0137104
-0.0139446
-0.0178797
-0.0126006
-0.0164156
-0.0148489
-0.0108635
-0.0097169
-0.0139077
-0.0125777
-0.0107434
-0.0136819
-0.00787061
-0.00969664
-0.0108433
-0.0102251
-0.00873427
-0.00808637
-0.0107196
-0.0102345
-0.00890153
-0.0125672
-0.0110446
-0.0102478
-0.00514145
-0.00628542
-0.00784013
0.00538555
0.00324323
0.0012056
0.00919311
0.00541321
0.0035248
0.00720788
0.00326338
0.00540569
0.00920553
0.00722782
0.00542563
0.01349
0.00989069
0.00725708
0.0277584
0.0245841
0.0243753
0.0059173
0.00950428
0.0085173
0.0102932
0.0120559
0.0128064
0.0128316
0.0120811
0.0178207
0.0122141
0.0128274
0.0164177
0.012191
0.0095396
0.0128043
0.0120562
0.0139895
0.00865304
0.00685464
0.0120323
0.0086291
0.0099068
0.0135061
0.0120588
0.0187768
0.0178471
0.0140428
0.0120788
0.0153918
0.0140122
0.0179394
0.0228815
0.0188066
0.0210458
0.0240347
0.024351
0.0202328
0.0202708
0.0164695
0.0196103
0.0158216
0.0188368
0.00952405
0.0118085
0.00853707
0.0095363
0.0121877
0.0118208
0.0068372
0.00558318
0.00986284
0.00540067
0.0086183
0.0102569
0.0164296
0.0163509
0.0122259
-0.0031521
-0.000105086
-0.000586626
0.00477592
0.00949172
0.00590474
0.00324323
0.00554168
0.00104749
0.00538778
0.010244
0.0047767
0.0032639
0.00720841
0.00556235
0.0140346
0.0154142
0.0187686
0.00596591
0.00220685
0.00279168
0.0120544
0.00865303
0.0139895
0.0178247
0.0120851
0.0140203
0.0102792
0.00864058
0.0120419
0.0095332
0.0102847
0.0127979
0.00950633
0.00479052
0.0102579
0.00499263
0.00771437
0.00366357
0.00219932
0.00496707
0.00153852
0.00599437
0.0085025
0.00500306
0.00590553
0.00850553
0.00599739
0.011304
0.015106
0.0109325
0.0157873
0.0118556
0.0163475
0.018826
0.0158107
0.0163709
0.0151222
0.0113202
0.0157815
0.0151202
0.0155404
0.0109467
-0.000112758
-0.00315977
-0.00287269
-0.0137195
-0.0139173
-0.00972648
-0.0179285
-0.0187132
-0.0235316
-0.00893559
-0.00705011
-0.00846355
-0.0111114
-0.00895724
-0.0108759
-0.00919578
-0.0077614
-0.00894042
0.00329323
0.000538106
0.00103093
0.00681527
0.00332938
0.00556125
0.00270939
0.000543738
0.00329887
0.00680577
0.0027304
0.00331988
0.0154273
0.0179144
0.0187816
0.0135245
0.0153901
0.0120772
0.013544
0.0178968
0.0154097
0.00536948
0.00273728
0.00681265
0.00860681
0.00538918
0.00683235
0.0098845
0.0120365
0.00685885
0.0128463
0.0178353
0.0164366
0.00475368
0.00338206
0.00536475
0.00276216
-8.5248e-05
-0.000569202
0.00587312
0.00279074
0.00202012
0.00218657
-7.60005e-05
0.0027714
-0.000550145
-0.00271456
-0.00142397
0.00107387
-0.000537432
-0.00141125
-0.000589055
-0.00271175
-0.000547343
0.00108529
0.00199302
-0.000526008
-0.000104128
-0.00286406
-0.000588082
-0.00228835
-0.00516259
-0.00208132
0.00101299
0.000520171
-0.00205127
-0.00199132
-0.00496243
-0.00511068
-0.00228781
-0.00198234
-0.0051017
0.00335142
0.00109114
-0.000134734
0.00535795
0.00337526
0.00272575
0.00109833
0.0033586
0.00200605
-0.00143222
-0.0037569
-0.00197499
-0.00143473
-0.00272532
-0.00375941
0.0010691
-0.00141602
-0.00195879
-0.000152539
0.00107334
-0.00195455
-0.00227124
-0.000163762
-0.00196577
0.00270733
0.00335684
-0.00012931
0.00337083
0.00474245
0.00201828
0.0020267
0.00475087
0.00587969
0.00597826
0.00280403
0.0058864
-0.000573286
-0.000531574
0.00198745
-0.0028935
-0.00508631
-0.00440644
-0.00511241
-0.00517276
-0.00229852
-0.00720466
-0.00512817
-0.00497992
-0.00721467
-0.0079651
-0.00513819
-0.0105132
-0.00798992
-0.00926128
-0.0105082
-0.00778218
-0.00798496
-0.00775364
-0.00477135
-0.00518986
-0.00517085
-0.00475234
-0.00208959
-0.00215055
0.00150704
-9.75103e-05
-0.0139612
-0.0186811
-0.0178964
-0.00785537
-0.00630066
-0.0096814
-0.0137495
-0.0186672
-0.0139473
-0.00796715
-0.00776437
-0.00520059
-0.0146522
-0.0112701
-0.0138205
-0.0115855
-0.00865503
-0.0112426
-0.0146447
-0.0116056
-0.0112627
-0.0153609
-0.0133377
-0.0116149
-0.0017041
-0.00475492
-0.00632752
-0.00165285
0.00321908
0.00102335
-0.00232453
-0.00169595
-0.00631937
0.00276915
-0.00056221
0.00199853
-0.000568748
-8.7209e-05
0.00217536
-0.00287284
-0.00271956
-0.000596859
-0.00167056
0.00100564
-0.00205862
0.0055845
0.00723055
0.00986416
-0.0558095
-0.0554041
-0.0554317
-0.0539645
-0.0542052
-0.0553938
-0.0539643
-0.0553936
-0.054145
-0.0542058
-0.0541184
-0.0554221
-0.0553987
-0.0542101
-0.0554264
-0.0522993
-0.0500492
-0.0496585
-0.0539542
-0.0523275
-0.0541949
-0.0539463
-0.0518454
-0.0523196
-0.0517151
-0.0490535
-0.051827
-0.052307
-0.0496662
-0.0523405
-0.051844
-0.0541256
-0.0517321
-0.0500514
-0.0523014
-0.0502926
-0.0539524
-0.0541331
-0.0518514
-0.0523525
-0.0514617
-0.0540989
-0.0423915
-0.0460053
-0.0427952
-0.0490487
-0.0502876
-0.0518222
-0.0448342
-0.0435635
-0.0450084
-0.0475842
-0.0448516
-0.0461833
-0.0460121
-0.0423983
-0.0448337
-0.0435519
-0.042002
-0.0443743
-0.0393484
-0.0418689
-0.0423661
-0.0395494
-0.0419802
-0.0418682
-0.0417251
-0.0445036
-0.0443766
-0.0482477
-0.0502708
-0.0476092
-0.0457831
-0.04271
-0.0440386
-0.0484013
-0.0500315
-0.0482496
-0.0482559
-0.0500378
-0.050279
-0.0464997
-0.0463459
-0.0459698
-0.0473448
-0.0465031
-0.0459732
-0.046022
-0.0461786
-0.0450211
-0.0443913
-0.0456236
-0.0450138
-0.047027
-0.0473467
-0.0460326
-0.0478271
-0.0465676
-0.0496727
-0.0442949
-0.0406954
-0.0435432
-0.0478044
-0.0428997
-0.0465449
-0.045053
-0.0438107
-0.0485174
-0.0435633
-0.0450436
-0.0459556
-0.0435561
-0.043794
-0.0450363
-0.0463386
-0.0443219
-0.0459625
-0.040675
-0.0382276
-0.0435229
-0.0428455
-0.0427303
-0.0354343
-0.0432704
-0.0428571
-0.0383547
-0.0477917
-0.0427717
-0.042887
-0.0519865
-0.0478453
-0.0496909
-0.0428308
-0.0354195
-0.0383284
-0.038238
-0.0437712
-0.0435333
-0.0496454
-0.0500362
-0.0484059
-0.0514431
-0.0523339
-0.0485673
-0.0523557
-0.0541895
-0.0523222
-0.0485613
-0.0523279
-0.0496536
-0.0541081
-0.0541955
-0.0523617
-0.0523074
-0.0518331
-0.0502985
-0.0490193
-0.0472784
-0.0460424
-0.0787892
-0.0870177
-0.0799474
-0.0726129
-0.0787409
-0.079899
-0.0775092
-0.081261
-0.0787618
-0.0700642
-0.077451
-0.0725757
-0.0623297
-0.0599009
-0.0683044
-0.0610616
-0.0623257
-0.0659558
-0.061033
-0.0574245
-0.0622971
-0.073249
-0.0812425
-0.0774907
-0.068486
-0.0671017
-0.0727342
-0.0598306
-0.0545613
-0.0550688
-0.0683063
-0.0599028
-0.0628936
-0.0585546
-0.0573904
-0.0545648
-0.0622971
-0.0585887
-0.0598683
-0.0622889
-0.0574163
-0.0585805
-0.0617159
-0.0570505
-0.0619189
-0.0684493
-0.0617713
-0.0670649
-0.0628609
-0.05987
-0.0585427
-0.0778231
-0.0814111
-0.0843586
-0.0617495
-0.0619525
-0.0670431
-0.0614207
-0.0551554
-0.0599049
-0.0670222
-0.0614605
-0.0599448
-0.066453
-0.0619495
-0.0614653
-0.0812929
-0.0870222
-0.0787937
-0.0485449
-0.0456441
-0.0514207
-0.0421684
-0.0467778
-0.0444704
-0.0496732
-0.0465681
-0.0479708
-0.0417021
-0.039827
-0.0421715
-0.0461946
-0.048234
-0.0475955
-0.0460295
-0.0448511
-0.0475837
-0.0460202
-0.0450193
-0.0456291
-0.0421979
-0.0448941
-0.0445069
-0.0473511
-0.0459795
-0.0483847
-0.0461938
-0.0473513
-0.0482332
-0.0470258
-0.0460315
-0.0469952
-0.0445203
-0.0449074
-0.0461744
-0.0456219
-0.0443897
-0.0445167
-0.0469911
-0.0456362
-0.0461851
-0.0469905
-0.0460268
-0.0456357
-0.0417178
-0.0421872
-0.0444963
-0.044294
-0.043283
-0.0406945
-0.0472808
-0.0460109
-0.0463487
-0.0479585
-0.0465558
-0.0460139
-0.0396478
-0.0395236
-0.0364746
-0.0435531
-0.0448238
-0.0418911
-0.0419936
-0.0435436
-0.0418816
-0.0450172
-0.0461747
-0.044843
-0.0490203
-0.0460435
-0.0475977
-0.0502735
-0.0490345
-0.0476118
-0.0516999
-0.0472974
-0.0490383
-0.0472576
-0.0428115
-0.0460216
-0.0427738
-0.0396502
-0.0423702
-0.0923204
-0.085487
-0.0899238
-0.103618
-0.0923813
-0.0899846
-0.0812435
-0.07325
-0.0777854
-0.102999
-0.115629
-0.104935
-0.112254
-0.12028
-0.122795
-0.0725374
-0.06602
-0.0700258
-0.0531125
-0.051146
-0.05306
-0.0497072
-0.0509634
-0.053768
-0.0479822
-0.0487096
-0.0509407
-0.0433083
-0.0459983
-0.0465402
-0.0472952
-0.0486973
-0.04797
-0.0460163
-0.0472862
-0.047961
-0.0463495
-0.0465032
-0.0470253
-0.0589073
-0.0574132
-0.0610216
-0.0538039
-0.0531388
-0.0582597
-0.0511374
-0.0505368
-0.0530513
-0.0476517
-0.0470076
-0.0491157
-0.0487024
-0.0476574
-0.0491214
-0.0486963
-0.0472942
-0.0476513
-0.054534
-0.0517004
-0.0550415
-0.0557493
-0.0530896
-0.0573761
-0.0519209
-0.0488782
-0.0504272
-0.0491116
-0.0461975
-0.0472232
-0.0511243
-0.0491391
-0.0505236
-0.0476457
-0.0472886
-0.0470322
-0.0509512
-0.0487201
-0.0511243
-0.0461864
-0.0460298
-0.0473439
-0.0491108
-0.0470027
-0.0461968
-0.0470286
-0.0465066
-0.0473483
-0.0476447
-0.0470312
-0.0470006
-0.0472842
-0.0463521
-0.0470279
-0.047221
-0.0458143
-0.0488471
-0.0472078
-0.0449151
-0.0458011
-0.049126
-0.0472376
-0.0505106
-0.0461834
-0.0449164
-0.0472091
-0.0511182
-0.048714
-0.049133
-0.0443682
-0.0419958
-0.0417167
-0.0461768
-0.0456279
-0.0445227
-0.0450069
-0.043562
-0.0443844
-0.0421918
-0.0427008
-0.044888
-0.0531474
-0.0557545
-0.0588754
-0.0509748
-0.0531144
-0.0537794
-0.050966
-0.051139
-0.0531055
-0.0530769
-0.0519582
-0.0573633
-0.0531279
-0.0530754
-0.0557351
-0.0505394
-0.0519353
-0.053054
-0.0501906
-0.0516614
-0.0476991
-0.0502208
-0.0533334
-0.0550325
-0.0589149
-0.0624031
-0.0583077
-0.0573955
-0.0588896
-0.0557688
-0.0610384
-0.0624122
-0.058924
-0.0672186
-0.0624565
-0.0659769
-0.0672272
-0.0685618
-0.0624651
-0.0725281
-0.0672524
-0.0660107
-0.0685481
-0.0631511
-0.0624515
-0.0631001
-0.0574459
-0.0583052
-0.0520119
-0.0557181
-0.0494052
-0.058274
-0.0574148
-0.0538182
-0.0631121
-0.0618935
-0.0574579
-0.0681477
-0.0631702
-0.0685672
-0.0573938
-0.0520322
-0.0537973
-0.0548783
-0.0518923
-0.0496327
-0.063559
-0.0549405
-0.0565751
-0.0598885
-0.0519267
-0.0549127
-0.0631167
-0.0583218
-0.0624172
-0.0496271
-0.0493972
-0.0557101
-0.0496293
-0.0450725
-0.048537
-0.0482406
-0.0473587
-0.0483923
-0.0443118
-0.0459908
-0.0433008
-0.0459532
-0.0443125
-0.0435609
-0.0463388
-0.046001
-0.044322
-0.0469227
-0.0440484
-0.0444772
-0.0504066
-0.0469547
-0.0476841
-0.0457973
-0.0440528
-0.0469271
-0.0504105
-0.0488615
-0.0469587
-0.0469432
-0.0488461
-0.0458134
-0.0545186
-0.0504453
-0.051685
-0.0519212
-0.0505254
-0.0488785
-0.0545195
-0.0519399
-0.0504461
-0.0545427
-0.0573683
-0.0519631
-0.0505097
-0.0472368
-0.0488628
-0.0449001
-0.0427129
-0.045786
-0.0774531
-0.0700663
-0.0732115
0.000930163
0.000242933
0.000997203
-0.00192417
0.000922891
0.000989931
-0.00193538
-0.00235026
0.000911682
-0.000439129
-0.00192874
0.00098536
-0.00367778
-0.00412062
-0.00719172
-0.00364797
-0.00194429
-0.000454677
-0.00409804
-0.0036552
-0.000461904
-0.00720022
-0.00665263
-0.00368628
-0.00413722
-0.00862249
-0.00720831
-0.00169185
0.000912499
-0.00234945
-0.00722965
-0.00864383
-0.010496
-0.0113835
-0.0106352
-0.00906485
-0.0143197
-0.0181285
-0.0129581
-0.0114087
-0.0142972
-0.0129355
-0.0106482
-0.0113964
-0.0129233
-0.00929058
-0.010512
-0.0113838
-0.0145815
-0.0210899
-0.014335
-0.00351901
-0.00503541
-0.00163074
-0.00765354
-0.00395167
-0.005057
-0.0129836
-0.0077057
-0.0116221
-0.00838789
-0.00396284
-0.00766472
0.00778976
0.00549421
0.00919102
0.0108391
0.0078077
0.00920896
0.0108341
0.0077093
0.00780267
0.00778269
0.00768932
0.00488017
0.00570621
0.00184651
0.00494487
0.00545772
0.00273594
0.0033328
0.00918557
0.00548876
0.00616481
0.00485204
0.00465269
0.00240891
0.00361878
0.00240477
0.00464855
-0.00557315
-0.00518608
-0.00299724
-0.00520775
-0.00762574
-0.00742412
0.00331625
0.000642322
0.00260407
0.00546916
0.00334424
0.00614521
0.00116559
0.000637495
0.00331142
-0.0108098
-0.00864834
-0.00912282
-0.00676468
-0.00539805
-0.00541667
-0.00676996
-0.00698783
-0.00540332
-0.00788057
-0.00677944
-0.00734674
-0.0078794
-0.00699614
-0.00677827
-0.00904487
-0.00781906
-0.00822472
-0.00754922
-0.00699849
-0.00780996
-0.00754186
-0.00561771
-0.00699113
-0.00537959
-0.00307848
-0.00358318
-0.0073385
-0.0067712
-0.00542318
-0.00559744
-0.00308524
-0.00538635
-0.0106265
-0.00879149
-0.00905615
-0.00274785
-0.00350668
-0.0002323
-0.00685675
-0.00494708
-0.00560859
-0.00686002
-0.00658386
-0.00495035
-0.00769053
-0.00846276
-0.011607
-0.000228497
-0.00350288
-0.00161461
-0.00658953
-0.00843721
-0.00506844
-0.00660244
-0.00891599
-0.00845012
-0.0035356
-0.00657308
-0.00505199
-0.00276361
-0.00492641
-0.00352244
-0.00118932
-0.00273729
0.000609389
0.00115053
-0.00117628
0.000622436
-0.00306172
-0.00274961
-0.00120164
-0.00307644
-0.00558864
-0.00276433
-0.00357137
-0.0019107
-0.00301648
-0.0053874
-0.00359099
-0.00540602
-0.00306382
-0.00101044
-0.00356852
-0.00493337
-0.00277056
-0.00559487
-0.000985538
0.00269695
-0.00188295
-0.000975333
0.00115817
0.00270715
0.00259227
0.000630521
-0.000200603
0.00262251
0.00613566
0.00333468
-0.00359509
-0.00660944
-0.00541012
-0.00100655
-0.00190396
-0.00356463
-0.00119578
-0.00100248
-0.00305586
-0.00118168
0.00114512
-0.000988383
-0.000879043
-0.0005061
-0.00296589
-0.00911593
-0.00744498
-0.00995322
-0.0110861
-0.0116018
-0.00894152
0.0123722
0.0115561
0.0150655
0.00572924
0.00496791
0.00870998
0.00263049
0.00571284
0.00614364
0.00261604
0.0018387
0.00569839
0.00495713
0.00387167
0.00734498
0.0123425
0.00900506
0.0087456
0.0018403
0.0038532
0.00493866
-0.00763104
-0.00560012
-0.00861657
-0.0119807
-0.0149455
-0.0176412
-0.0105831
-0.0119545
-0.0141657
-0.00861992
-0.00569653
-0.0085357
-0.00686545
-0.00561729
-0.00754144
-0.00891802
-0.00688063
-0.0087785
-0.0065727
-0.00353522
-0.0049392
-0.0145272
-0.0105204
-0.00866831
-0.014347
-0.0211019
-0.0181559
0.0203467
0.023594
0.02367
0.0206881
0.0176641
0.0207059
0.0175069
0.0203876
0.0203154
-0.0198785
-0.0314611
-0.0268858
0.0203901
0.0175626
0.0210291
0.0263524
0.0236137
0.0235366
0.0176213
0.0149814
0.0136194
0.0236883
0.0236123
0.0257902
0.0285015
0.0257489
0.024298
0.0138179
0.0135907
0.010195
0.0206949
0.0176531
0.0174066
0.0236604
0.0207248
0.0203371
0.0236888
0.0257907
0.0237756
0.0180333
0.0149962
0.0176361
-0.000143838
-6.69136e-05
0.00414817
-8.20091e-05
-0.00257351
0.00206428
0.00325217
-6.24598e-05
0.00208383
0.00589359
0.00327215
0.00210382
0.00415958
-5.54942e-05
0.00325913
-0.000183992
-0.00392315
-0.00400161
-0.0129728
-0.00841812
-0.00769495
-0.0156747
-0.0182012
-0.0116662
-0.0185434
-0.0184187
-0.0120649
-0.0130212
-0.0185253
-0.0120468
-0.0182715
-0.0239652
-0.0243895
-0.0186052
-0.0243927
-0.024582
-0.0122729
-0.0123824
-0.0183988
-0.00715206
-0.00711745
-0.0024832
-0.000102349
-0.00399689
-0.00259385
-0.00843261
-0.0129873
-0.0120129
-0.0123116
-0.0173955
-0.0181327
-0.00521211
-0.0024589
-0.00686336
-0.00417026
-0.00360547
-0.00799533
-0.00414383
-0.000121187
-0.00357905
-0.00966059
-0.0123531
-0.0122436
-0.00691084
-0.00964233
-0.0122253
-0.00688537
-0.00463694
-0.00961686
-0.031495
-0.0226881
-0.0342139
0.00199848
0.00597615
0.00209984
-0.00243757
0.00195468
-0.00258176
-0.00713694
-0.00246808
-0.00261226
-0.00461291
-0.00686135
-0.00245689
-0.00245902
-0.00459814
-0.00244212
-0.0071329
-0.00961769
-0.00463777
-0.00523074
-0.00688198
-0.00800984
-0.003609
-0.00521976
-0.00799885
-0.00358566
-0.00104515
-0.00519642
0.00217495
-0.00240432
0.00207126
0.00619123
0.00220379
0.00210011
0.00197064
-0.00242161
0.00217455
-0.00247468
-0.00710893
-0.0046138
0.0242677
0.0214226
0.0237629
0.0262496
0.0242839
0.0237791
0.0257279
0.0222324
0.024277
0.00780336
0.0113265
0.0114944
0.00328533
0.00775202
0.00418578
0.00593558
0.0101492
0.00778083
0.0113505
0.0149534
0.0115184
0.00737991
0.00779012
0.0114812
0.0101867
0.0135823
0.0113415
0.0101192
0.0101571
0.00594343
0.0101456
0.0138063
0.0101835
0.0180619
0.0221892
0.0190091
0.0235935
0.0203462
0.0235164
0.0262547
0.0237842
0.0257993
0.0203355
0.0204077
0.0235058
0.0174047
0.0174969
0.0203054
0.0136274
0.0173828
0.0176294
0.0155788
0.0139409
0.0174695
0.0173889
0.0155903
0.0174811
0.013837
0.0139287
0.0155666
0.0100815
0.0101193
0.00604596
0.0137141
0.014877
0.0175197
0.0101671
0.0136863
0.0139101
0.0101584
0.0113258
0.0136776
0.0175507
0.0203783
0.0174976
0.0285159
0.0285938
0.0257633
-0.0341998
-0.0253115
-0.0246372
0.0313218
0.0263341
0.025954
0.0306371
0.0263498
0.0313375
-0.0240414
-0.0309994
-0.0344447
-0.0351486
-0.0246375
-0.0244482
-0.011593
-0.00846687
-0.00893273
-0.024581
-0.0252553
-0.0174603
-0.0185853
-0.0245621
-0.0184607
-0.0351815
-0.0342329
-0.0246703
-0.000196615
0.00181892
0.00259626
-0.000210686
-0.0015968
0.00180485
-0.00403987
-0.00838646
-0.00716151
-0.00261747
-0.00402051
-0.00714215
-9.42187e-05
-0.000171143
-0.00398876
-0.000966076
-0.00391297
-0.000173805
-0.00507206
-0.00844083
-0.0076686
-0.000940103
-0.000147832
0.00382689
-0.00159929
-0.000951729
0.00180236
-0.0016222
-0.00502687
-0.000974646
0.0155144
0.0155007
0.0115342
0.0237799
0.0199293
0.0196827
0.00898595
0.0091973
0.00617655
0.00872345
0.00898292
0.00574271
0.0123556
0.0126224
0.00901807
0.0115349
0.012351
0.00875409
0.0156358
0.0161057
0.0126571
0.0196394
0.0156558
0.0151036
0.0198903
0.01613
0.0156601
0.0238284
0.0263152
0.0278028
0.0196933
0.0230787
0.0237904
0.0155257
0.0155394
0.0189783
0.0115665
0.0154994
0.015076
0.0115546
0.0115209
0.0154874
0.0227902
0.0257352
0.0259235
0.0190248
0.0222049
0.0227554
0.0155381
0.0189907
0.0192192
0.0155478
0.0180396
0.0189868
0.0207082
0.020726
0.0236616
0.0237586
0.0207184
0.0236718
0.0285032
0.0242998
0.0262654
0.0214106
0.0207108
0.023751
0.0180699
0.0213966
0.0221972
0.0180649
0.0206918
0.0213916
0.0180523
0.0176552
0.0206792
0.0259616
0.0286039
0.0313294
0.0192434
0.0190149
0.0227454
0.022218
0.0214174
0.0242625
0.0259264
0.0263065
0.023108
0.0227814
0.0259146
0.0230962
0.019257
0.022759
0.0230738
0.0222274
0.0257228
0.0227778
0.0257547
0.0285852
0.0259429
0.030637
0.0297961
0.0278372
-0.0216187
-0.0309563
-0.0239984
0.0278267
0.0297856
0.0275116
0.00573412
0.00897433
0.00616493
0.0114937
0.0115274
0.00739245
0.00419944
0.00776568
0.00735547
0.015525
0.0192061
0.0151017
0.0149674
0.0155126
0.0115324
0.0149891
0.0180262
0.0155344
0.0150792
0.0156315
0.0123859
0.027795
0.0239836
0.0238206
0.0306254
0.0278256
0.026338
0.0297947
0.0305477
0.0275208
0.0292844
0.0329121
0.033198
0.0292386
0.0245878
0.0278124
0.0363176
0.0277932
0.0284282
0.0277373
0.0257072
0.0223278
0.0241341
0.027732
0.0223225
0.0363171
0.028292
0.0277928
0.0247196
0.0274946
0.027807
0.0237942
0.0239572
0.0199436
0.019678
0.0192467
0.0230635
0.0156719
0.0196555
0.0199021
0.0151155
0.01922
0.0196514
0.0231009
0.0262994
0.0238126
0.0275142
0.0305411
0.0278265
0.0278073
0.0274922
0.0239959
0.0305592
0.0328985
0.0278446
-0.0244437
-0.0240194
-0.0344227
-0.0351816
-0.0244812
-0.0344601
-0.018584
-0.0182534
-0.0243715
-0.0116573
-0.0181923
-0.0130188
-0.0157159
-0.0239361
-0.0182424
-0.0116261
-0.0156527
-0.0116442
-0.00847588
-0.011602
-0.0116201
-0.0111062
-0.0149477
-0.0116219
-0.0181929
-0.0211389
-0.0253763
-0.0150045
-0.0181595
-0.0215458
-0.0149521
-0.0111106
-0.0129367
0.0152931
0.0131649
0.0178172
-0.00995873
-0.00765209
-0.0105546
-0.014262
-0.011704
-0.0125731
-0.0066897
-0.0050396
-0.00665545
-0.000865812
-0.00188365
0.00236793
-0.000488186
-0.000861129
0.00237261
-0.00300747
-0.00190168
-0.00088385
-0.0029743
-0.00301107
-0.000887449
-0.00225296
-0.0029705
-0.000510711
-0.00517753
-0.00302546
-0.00298869
-0.00518968
-0.00660684
-0.0030376
-0.00226991
-0.00556336
-0.00298746
-0.00742075
-0.00662154
-0.00520438
-0.00303223
-0.00660146
-0.00358711
-0.00994828
-0.00744003
-0.00764164
-0.00996743
-0.0116781
-0.00913014
-0.00781682
-0.00904262
-0.00755608
0.00762283
0.0150945
0.00974312
0.0132746
0.00855525
0.0103874
0.0220373
0.0188452
0.0169892
0.0103646
0.00855517
0.0132745
0.0167205
0.010392
0.0133019
0.00752655
0.00244106
0.0103249
0.000924189
-0.00801954
-0.000684329
0.00244439
0.00851883
0.0103282
-0.000920788
-0.00125267
0.00353144
0.00783892
0.0126191
0.0103828
0.0167487
0.0133302
0.0188153
0.0285042
0.0167996
0.0188662
0.0111469
0.00755576
0.0103541
0.00760225
0.00754653
0.0111377
0.0035114
0.00357384
0.00699278
0.0178655
0.0222778
0.0206364
0.0332067
0.0363357
0.0284464
0.0153181
0.0178422
0.020613
0.0144839
0.0124437
0.0108723
0.0204193
0.016179
0.019501
0.0204087
0.0163499
0.0161685
0.00208094
-0.0010595
-0.00264989
0.00446132
0.00211146
0.00095452
0.004479
0.00622522
0.00212915
0.00873742
0.0073832
0.0115182
-0.014963
-0.0156638
-0.0116372
-0.0129603
-0.0181307
-0.0149757
-0.0106472
-0.0129223
-0.0110962
-0.0089321
-0.00879258
-0.0110766
-0.00906032
-0.00928571
-0.0113789
-0.00698394
-0.00561052
-0.00539943
-0.0087812
-0.00755931
-0.00904586
-0.00877391
-0.00687605
-0.00755203
-0.0110824
-0.00879829
-0.0106333
-0.0089107
-0.00659715
-0.00687331
-0.00812989
-0.00666754
-0.00721513
-0.00904947
-0.00814474
-0.00927486
-0.00821999
-0.00731517
-0.00813541
-0.0105393
-0.0145461
-0.0142996
-0.0215375
-0.015697
-0.0149962
-0.0309611
-0.0216234
-0.0254206
-0.0239473
-0.0157271
-0.0215675
0.0247068
0.0239855
0.0274818
0.00626621
0.00852204
0.01034
-0.00104116
0.00209927
0.00281293
0.00450039
0.00850245
0.00624661
0.0103839
0.0152665
0.012644
0.00285631
0.00623874
0.00779241
0.00781751
0.00626384
0.0103376
-0.00047321
0.00238759
0.0036016
0.0195277
0.0199317
0.0246666
0.0194991
0.0161429
0.0199031
0.0243196
0.0204634
0.0245467
0.0292269
0.024349
0.0245761
0.0241136
0.0196142
0.0243153
0.00977514
0.0131154
0.00854306
0.0108496
0.012421
0.0077248
0.0163312
0.0178207
0.0131684
0.0124554
0.0161298
0.0127314
0.0196074
0.0241068
0.0222953
0.0204201
0.0195752
0.0163614
0.0204468
0.024303
0.0196019
0.0245307
0.0204473
0.019529
0.0163142
0.0131513
0.0127343
0.0126446
0.0123777
0.0156233
0.0145021
0.0126533
0.0161019
0.0092189
0.00900755
0.0126119
0.0183959
0.0169564
0.0126764
0.0206149
0.018417
0.01532
0.0206697
0.0256906
0.024429
0.0292664
0.0278403
0.0328942
0.0245726
0.0247098
0.0277972
0.0195666
0.0178421
0.0163527
0.0292397
0.0283931
0.0243618
0.0222743
0.017862
0.0195865
0.0283874
0.0277524
0.0241544
0.0243447
0.028376
0.024143
0.0292693
0.033183
0.0284227
0.0256835
0.0206626
0.0223041
0.0194812
0.0161593
0.0145251
0.0103855
0.01314
0.0152681
0.0108553
0.0092251
0.0126181
0.00873625
0.00708215
0.00468131
0.0131294
0.00978913
0.0127124
0.00850524
0.00450319
0.00708079
0.00270824
0.00237992
-0.00187165
0.00331842
0.00272156
0.00117258
0.00486972
0.00767887
0.00467037
0.00546283
0.00485586
0.00274105
0.00547972
0.00777527
0.00487275
0.0124341
0.0127101
0.0097868
0.0145016
0.0161357
0.0124614
0.0126358
0.0144846
0.0108729
0.0161248
0.0194811
0.014525
0.0161427
0.0163242
0.0127443
0.00361334
0.00446636
0.00095956
0.00769186
0.00873829
0.00468335
0.00975495
0.00852287
0.00709841
0.010363
0.00854503
0.0131174
0.00484559
0.00240246
0.00273078
0.00875328
0.00975572
0.00709918
0.012414
0.00876424
0.0077178
0.0124209
0.00977358
0.00877113
0.00359675
0.000942968
-0.000478058
0.00706503
0.00363442
0.00466419
0.00706444
0.00448684
0.00363383
0.0199466
0.0239602
0.0246815
0.0244095
0.0220608
0.0184523
0.0206454
0.0244047
0.0184475
0.0257092
0.0262188
0.0244476
0.0282565
0.0257271
0.0277572
0.0282514
0.0262316
0.025722
-0.0253778
-0.0215806
-0.0181944
-0.0114968
-0.00965177
-0.0108211
-0.00664535
-0.0050295
-0.00367899
-0.00814122
-0.00904595
-0.0082258
-0.0104981
-0.00927665
-0.00723178
-0.0105288
-0.0142891
-0.0114006
-0.0079822
-0.00838885
-0.00731522
-0.00864241
-0.00963454
-0.00852534
-0.00789071
-0.00863656
-0.00851949
-0.00735707
-0.00911124
-0.00863675
-0.00743384
-0.0091048
-0.00663463
-0.0116941
-0.0130454
-0.0108331
-0.0114937
-0.00989808
-0.00964867
-0.00763329
-0.00516834
-0.0066934
-0.00362817
-0.0061815
-0.00848817
-0.00361061
-0.00325495
-0.00616394
-0.00359566
-0.00170991
-0.00324
-0.00514518
-0.00238084
-0.00502014
-0.00501377
-0.00195959
-0.00366327
-0.00500943
-0.00237013
-0.00195525
-0.00323587
-0.00170577
-0.00236337
-0.00513923
-0.00324739
-0.00237489
-0.00515196
-0.00616911
-0.00326012
0.0292857
0.0244596
0.0262308
-0.0105501
-0.00764765
-0.00863318
-0.0142039
-0.0171626
-0.0168035
-0.017667
-0.0149712
-0.0196592
-0.017185
-0.0176756
-0.0200337
-0.016823
-0.0171821
-0.0200308
-0.0142068
-0.0176561
-0.0171654
-0.0141894
-0.0119782
-0.0176387
-0.0125899
-0.0141886
-0.0167881
-0.0105645
-0.00864757
-0.011936
-0.0197047
-0.0235891
-0.0226319
-0.0125781
-0.0171349
-0.0149458
-0.0118185
-0.0112743
-0.00820993
-0.0167775
-0.0213791
-0.0162211
-0.0155924
-0.0179039
-0.0148368
-0.0203021
-0.0171707
-0.0179275
-0.0235878
-0.0203359
-0.021612
-0.0196754
-0.0171766
-0.020308
-0.0125536
-0.00997746
-0.0148002
-0.00910191
-0.00514284
-0.00469911
-0.0125347
-0.00914422
-0.00995848
-0.00853555
-0.00515571
-0.00911478
-0.00864084
-0.00855662
-0.0119292
-0.00568487
-0.0051442
-0.00852404
-0.0148242
-0.0171345
-0.0125777
-0.0211661
-0.0237941
-0.0195023
-0.0330903
-0.0284551
-0.0319391
-0.0291568
-0.0254023
-0.0284201
-0.0235814
-0.0196969
-0.0203295
-0.0130714
-0.0142781
-0.0160285
-0.0130569
-0.0117056
-0.0142636
-0.0171412
-0.0138776
-0.0160408
-0.0108324
-0.0130447
-0.0115082
-0.00865008
-0.0108115
-0.00964222
-0.009133
-0.011681
-0.0108199
-0.00503458
-0.00668468
-0.00515962
-0.00273403
-0.000218477
0.000612647
-0.00731465
-0.00821948
-0.00798163
-0.00666305
-0.00730515
-0.0066973
-0.00666786
-0.0081302
-0.00730996
-0.00813862
-0.00722386
-0.00926873
-0.00997893
-0.0125588
-0.0116896
0.0220806
0.0292553
0.0195388
0.0284744
0.00998012
0.0167698
0.0169878
0.0184273
0.0220359
0.018816
0.0133309
0.01696
0.0195039
0.0188536
0.0220457
0.0195256
0.0285134
0.0188753
0.0126708
0.0152933
0.0183904
0.0104133
0.0126496
0.0169296
0.0133027
0.0104155
0.0169318
0.00851136
0.00352797
0.00700935
0.00783884
0.0103589
0.012619
-0.00619956
-0.00764736
-0.00986943
-0.010571
-0.012555
-0.00997518
-0.0138639
-0.01307
-0.0160272
-0.0189927
-0.0141655
-0.0171521
-0.0141163
-0.00991308
-0.0115087
-0.00516663
-0.00763158
-0.00618378
-0.0115183
-0.0130549
-0.0138488
-0.0141295
-0.0115219
-0.0138524
-0.00988771
-0.00840299
-0.0096383
-0.0067042
-0.00838567
-0.00764409
-0.00798331
-0.00822116
-0.0078155
-0.00788616
-0.00798218
-0.00781438
-0.00699961
-0.00788286
-0.00781108
-0.00735296
-0.00863264
-0.00788679
-0.00851899
-0.00839289
-0.00798624
-0.00788852
-0.0085173
-0.00798454
-0.006622
-0.007338
-0.00542268
-0.00663435
-0.00910452
-0.00735035
-0.00963372
-0.00839841
-0.00852452
-0.00765475
-0.00839633
-0.00988106
-0.00670308
-0.00731093
-0.00838455
-0.0167884
-0.014279
-0.0125902
-0.0188581
-0.0206229
-0.0160691
0.0244458
0.0292718
0.0220971
0.0111761
0.0167118
0.00992207
-0.0160479
-0.0142974
-0.0188369
-0.0171639
-0.0160634
-0.0206172
-0.0134445
-0.0141531
-0.0189802
-0.0098818
-0.00765973
-0.00988604
-0.0141109
-0.00990345
-0.00990769
-0.0171349
-0.0141483
-0.0138712
-0.013414
-0.00991521
-0.0141227
-0.0133953
-0.00853326
-0.00989646
-0.00987232
-0.00850912
-0.00620245
0.0111707
0.00991668
0.0151069
0.0103848
0.0167133
0.0111776
-0.027342
-0.0226639
-0.0254997
-0.0275258
-0.0242954
-0.0298416
-0.0220419
-0.0200723
-0.0243732
-0.0271957
-0.0220658
-0.0243972
-0.0242404
-0.0188902
-0.0220375
-0.0237834
-0.0171898
-0.0206431
-0.0200743
-0.0226358
-0.0243752
-0.0168393
-0.020047
-0.0220166
-0.0143
-0.0168094
-0.0188394
-0.0125691
-0.0105851
-0.0141678
-0.0149266
-0.0119618
-0.0120033
-0.000632113
0.00754091
0.000976406
0.0150993
0.00762759
0.011163
0.00963536
-0.0104534
0.000950564
-0.0147096
-0.00506019
-0.023224
-0.0201073
-0.0136727
-0.00979331
-0.0258216
-0.0201646
-0.0147688
-0.0330286
-0.0316876
-0.0257603
-0.0392773
-0.0360993
-0.0420991
-0.0348854
-0.0349873
-0.0400753
-0.0389042
-0.0348986
-0.0400884
-0.0290665
-0.0273811
-0.0348232
-0.0273717
-0.026164
-0.0349157
-0.0218206
-0.013713
-0.0201477
-0.0258597
-0.0261097
-0.0202027
-0.0216954
-0.0167698
-0.0135946
-0.0040071
0.000904783
-0.0104991
-0.0136451
-0.0135387
-0.00811126
-0.014715
-0.0201108
-0.00979681
-0.00501496
-0.0146644
-0.00974615
-0.0256797
-0.0258401
-0.0147873
-0.0217986
-0.0135846
-0.013691
-0.00803066
0.000913067
-0.00399882
-0.0097208
-0.00806635
-0.00403451
-0.0111415
-0.0167313
-0.0126405
-0.0206503
-0.0188855
-0.0242358
-0.027495
-0.0206792
-0.0242647
-0.023778
-0.0190249
-0.0171843
-0.0119726
-0.00855842
-0.00913766
-0.0149286
-0.0120053
-0.0125609
-0.0119405
-0.00856783
-0.011982
-0.00224714
0.000916133
-0.00265776
0.00354734
0.0034849
-0.00090489
0.00778347
0.00357426
0.00284737
0.00703229
0.0103664
0.0085343
0.00779743
0.00700716
0.00358822
0.00782016
0.010364
0.0070299
-0.0295702
-0.0306691
-0.0321499
-0.0295542
-0.0273822
-0.0306531
-0.0320665
-0.0295749
-0.0321546
-0.032051
-0.0298666
-0.0272474
-0.0243996
-0.0226602
-0.0273383
-0.0220127
-0.0188653
-0.0168353
-0.0271953
-0.0242683
-0.0220654
-0.0274935
-0.023818
-0.0206777
-0.0316858
-0.0314507
-0.0348898
-0.0278402
-0.0316638
-0.0319323
-0.0238219
-0.0211939
-0.0277781
-0.0253844
-0.023838
-0.0284022
-0.0216099
-0.0195038
-0.0237956
-0.0264283
-0.0214541
-0.0290186
-0.0284103
-0.0238461
-0.0278023
-0.021159
-0.0171032
-0.0240839
-0.0277791
-0.0211949
-0.0241198
-0.0194798
-0.0170878
-0.0211436
-0.0264119
-0.024116
-0.0214377
-0.0316576
-0.0264705
-0.0314224
-0.0316455
-0.0278218
-0.0264584
-0.0179395
-0.0194842
-0.0215903
-0.0203169
-0.0179423
-0.0215931
-0.0171524
-0.0148421
-0.0179091
-0.0117839
-0.00452527
-0.00462737
-0.0170457
-0.0118645
-0.0161902
-0.0240674
-0.0170867
-0.0162311
-0.0155703
-0.0148147
-0.0113089
-0.0194612
-0.0156051
-0.0170692
-0.0194641
-0.0179194
-0.0156079
-0.00471518
-0.00993224
-0.00911798
-0.0117959
-0.00818733
-0.00453721
-0.011268
-0.0099511
-0.00820367
-0.0170293
-0.0113039
-0.0118481
-0.0147959
-0.00997322
-0.0112901
-0.016796
-0.0217215
-0.0213975
-0.0319214
-0.0284374
-0.0278294
-0.0147788
-0.0232932
-0.0256712
0.00237257
-0.00102303
-0.0016016
-0.0111156
-0.00810277
-0.0135302
-0.0167344
-0.0111446
-0.0135592
-0.00574617
-0.000716823
-0.0110649
-0.00158649
0.00347874
0.00238768
-0.0125962
-0.00886643
-0.00577855
-0.0111047
-0.0126037
-0.00578606
-0.0167482
-0.0161919
-0.0126574
-0.00447898
-0.000948822
-0.00162427
0.0011751
0.00754158
-0.000631446
-0.0217625
-0.029003
-0.0214385
-0.00402686
-0.0105189
-0.00498197
0.00969586
0.00101106
0.00757557
-0.00402415
-0.00497926
-0.00971044
-0.00568666
-0.00861005
-0.0055936
-0.00465936
-0.00107746
-0.00128059
-0.00991924
-0.00470218
-0.00524255
-0.00511595
-0.00109033
-0.00467223
-0.00226919
-0.00267981
-0.00565571
-0.00558866
-0.00761958
-0.00520159
0.00283729
0.00212364
0.00621972
-0.000497644
0.000923382
-0.00223989
0.0245449
0.0195432
0.0246821
0.00093068
0.00208762
-0.00264321
-0.0119859
-0.00915103
-0.0125415
-0.00268939
-0.00512462
-0.00566529
-0.00267402
-0.00108362
-0.00510925
-0.00557235
-0.0022789
-0.00566541
-0.000922155
0.00346764
-0.0015976
-0.00521189
-0.000960861
-0.00449102
-0.00521361
-0.00467324
-0.00129447
-0.0241373
-0.0264332
-0.0277966
-0.0404293
-0.0411962
-0.0426826
-0.0396481
-0.0362855
-0.0398005
-0.0359039
-0.0386226
-0.040398
-0.0360719
-0.0358953
-0.0403895
-0.0331158
-0.0319646
-0.0360589
-0.0360726
-0.0317099
-0.0374791
-0.025361
-0.0236047
-0.0216289
-0.0238152
-0.0253617
-0.0216296
-0.0291518
-0.026945
-0.0253973
-0.0333029
-0.0291988
-0.0330973
-0.0297631
-0.0281703
-0.0269563
-0.0171587
-0.0196575
-0.0149695
-0.033081
-0.0291825
-0.0284458
-0.0254872
-0.0226513
-0.0236085
-0.0411846
-0.0386423
-0.0410063
-0.0226121
-0.0176926
-0.0196849
-0.0387231
-0.0330016
-0.0106636
-0.0331039
-0.0388253
-0.0411345
-0.0389632
-0.0331043
-0.041135
-0.0256896
-0.0106199
-0.0329579
-0.0321656
-0.0328481
-0.0320774
-0.0295427
-0.0272306
-0.0273708
-0.0360482
-0.0333351
-0.0358716
-0.0358618
-0.0333253
-0.0331197
-0.0398023
-0.036085
-0.0404026
-0.0397885
-0.0362735
-0.0360712
-0.0360476
-0.03625
-0.0327766
-0.0421673
-0.0398227
-0.040423
-0.0416937
-0.0396663
-0.0398186
-0.0364434
-0.0335963
-0.036254
-0.0297755
-0.0306566
-0.0281827
-0.0335653
-0.0306845
-0.0327496
-0.0366297
-0.0342107
-0.0364467
-0.0321633
-0.0306825
-0.0335633
-0.0176939
-0.0226134
-0.0200519
-0.0269268
-0.0255015
-0.0236229
-0.0253788
-0.0269264
-0.0236225
-0.0291665
-0.0297665
-0.0269596
-0.0327458
-0.0297996
-0.0333038
-0.032737
-0.0306718
-0.0297908
-0.0281575
-0.0273604
-0.0255182
-0.026942
-0.028156
-0.0255168
-0.0306485
-0.0273776
-0.0281747
-0.0272213
-0.0298406
-0.0242944
-0.0273536
-0.0272134
-0.0244149
-0.0295584
-0.03205
-0.0272463
-0.0297877
-0.0291877
-0.0332918
-0.0317418
-0.0389417
-0.0360635
-0.0257364
-0.0316637
-0.0258968
-0.0330728
-0.0389316
-0.0317318
-0.0457195
-0.0411769
-0.0388677
-0.0457897
-0.0550085
-0.0460375
-0.0136115
-0.0218255
-0.0217123
0.00120243
0.00751319
0.00756891
-0.00570525
0.00113065
-0.000675898
0.00241038
0.00749588
0.00118512
-0.00101378
0.00238183
0.00115657
-0.00570647
-0.00104092
0.00112943
-0.00575179
-0.00883967
-0.00462162
-0.0080598
-0.0110726
-0.000724587
-0.00525424
-0.00818349
-0.00993092
-0.00128197
-0.000950092
-0.00520112
0.00280167
-0.00125555
-0.00105242
0.00281709
0.00354398
-0.00124013
-0.0045152
-0.00816531
-0.00523606
-0.00459331
-0.00449121
-0.0016365
-0.00888672
-0.0126165
-0.0118252
-0.00464191
-0.00885996
-0.0117985
-0.00104637
-0.00458175
-0.00162494
-0.00106013
-0.00572569
-0.00459552
-0.0162456
-0.0214036
-0.0240819
-0.0155777
-0.0113164
-0.0170418
-0.0118497
-0.012641
-0.0161754
0.00351258
0.00849596
0.00242151
-0.00809856
-0.00975301
-0.0136324
-0.0105874
-0.0256571
-0.0232791
-0.0421248
-0.0390032
-0.0440634
-0.0447943
-0.0421539
-0.046988
-0.0360982
-0.0389764
-0.0420981
-0.04009
-0.035002
-0.0392669
-0.0261482
-0.0258981
-0.031665
-0.0599119
-0.0549643
-0.0637068
-0.0513269
-0.056987
-0.0533436
-0.04593
-0.0512745
-0.0487363
-0.0518403
-0.0564701
-0.0513202
-0.0448229
-0.0517833
-0.0459186
-0.0565229
-0.0619015
-0.057033
-0.055112
-0.0564829
-0.051853
-0.055144
-0.0614093
-0.0565149
-0.0441296
-0.0539002
-0.0470251
-0.0746178
-0.0727707
-0.0794065
-0.0777844
-0.072813
-0.0813724
-0.0665329
-0.0727275
-0.0745746
-0.0565376
-0.0614321
-0.0619163
-0.0670818
-0.0727024
-0.0665078
-0.0614824
-0.0670441
-0.0664701
-0.0599524
-0.0637473
-0.0670299
-0.05398
-0.05988
-0.0551304
-0.0470618
-0.053937
-0.0550874
-0.0441262
-0.0460282
-0.0538969
-0.0421516
-0.0440901
-0.0469856
-0.0549507
-0.0551008
-0.0644487
-0.0411952
-0.0459856
-0.0440836
-0.0412008
-0.0457434
-0.0459912
-0.0341917
-0.0345372
-0.0328631
-0.0335751
-0.0341862
-0.032175
-0.0335894
-0.0364365
-0.0342005
-0.0321726
-0.0341838
-0.0328552
-0.0539793
-0.0549317
-0.0598793
-0.0645394
-0.0733766
-0.0637838
-0.0366457
-0.03931
-0.0361297
-0.0345563
-0.0366297
-0.0361138
-0.0423845
-0.0418872
-0.0448199
-0.0362417
-0.033584
-0.0327683
-0.0290801
-0.0348368
-0.0314418
-0.0201893
-0.0260963
-0.0218621
-0.0261822
-0.031699
-0.0360207
-0.0854146
-0.0798173
-0.0807681
-0.0360378
-0.0327667
-0.0333247
-0.0396369
-0.0364637
-0.0362743
-0.0419728
-0.039542
-0.0396663
-0.0395135
-0.0366475
-0.0364645
-0.041701
-0.0419801
-0.0396735
-0.03932
-0.0396178
-0.0361397
-0.0418594
-0.0393389
-0.0395406
-0.0423587
-0.0396387
-0.0393409
-0.0366233
-0.0345499
-0.0342043
-0.0854484
-0.0808019
-0.0898851
-0.0846674
-0.0854694
-0.0923028
-0.0794238
-0.072788
-0.0797706
-0.0854102
-0.0794662
-0.0798129
-0.0845882
-0.0746574
-0.0794462
-0.100209
-0.0896663
-0.0923688
-0.072719
-0.0670984
-0.0714462
-0.0814014
-0.074664
-0.0845948
-0.0685232
-0.0777427
-0.0732073
-0.0745766
-0.0727546
-0.0671222
-0.0746244
-0.0813618
-0.0728024
-0.117436
-0.103301
-0.100339
-0.0485193
-0.0438126
-0.0456185
-0.117437
-0.10034
-0.103737
-0.0487611
-0.0512993
-0.053316
-0.0393064
-0.0421282
-0.0447685
-0.0401227
-0.0392997
-0.0447618
-0.0349886
-0.0360754
-0.0392534
-0.039
-0.0411718
-0.0440602
-0.0549796
-0.0644777
-0.0637221
-0.0460643
-0.0548853
-0.053933
-0.0460681
-0.0550391
-0.054889
-0.0816821
-0.0714974
-0.0734597
-0.0817343
-0.0807557
-0.0798049
-0.0361037
-0.0375103
-0.0409855
-0.0331289
-0.036072
-0.035871
-0.0319598
-0.0316914
-0.0360541
-0.03491
-0.0374752
-0.031706
-0.0388754
-0.034914
-0.0314748
-0.0388956
-0.0374994
-0.0349342
-0.027328
-0.0218861
-0.0261203
-0.0468188
-0.0487356
-0.0501779
-0.0389418
-0.0441066
-0.042141
-0.0401448
-0.0447839
-0.0458795
-0.051787
-0.0448266
-0.0470203
-0.0512848
-0.0459403
-0.0518049
-0.0441232
-0.0401426
-0.0458773
-0.0314746
-0.0348697
-0.0388752
-0.0273134
-0.0217583
-0.0218715
-0.0360316
-0.0349447
-0.0261931
-0.0290228
-0.0217823
-0.0273374
-0.0349448
-0.0348429
-0.0274009
-0.0314137
-0.0264617
-0.029052
-0.0470547
-0.0550803
-0.0518214
-0.0386403
-0.0411827
-0.0404158
-0.0360904
-0.0386082
-0.0358894
-0.0361075
-0.0409892
-0.0386253
-0.0487124
-0.0441519
-0.0459061
-0.0501997
-0.0487574
-0.0533123
-0.0467986
-0.0441549
-0.0487154
-0.0375305
-0.0421259
-0.0410057
-0.038935
-0.0401193
-0.0440999
-0.061062
-0.0659562
-0.0624358
-0.0582767
-0.0531559
-0.0588838
-0.0585628
-0.0545731
-0.0598423
-0.055027
-0.0516859
-0.0502152
-0.0570391
-0.0617046
-0.0585293
-0.0623557
-0.0699917
-0.0659858
-0.0585489
-0.0617241
-0.0628671
-0.0533611
-0.0584948
-0.0550603
-0.0533677
-0.0570111
-0.0585014
-0.0683383
-0.0699995
-0.0623636
-0.0684573
-0.068335
-0.0629224
-0.0684918
-0.0731758
-0.0683694
-0.050944
-0.0496878
-0.0479855
-0.0440177
-0.0412027
-0.0410243
-0.0516621
-0.0504224
-0.0476999
-0.0426946
-0.0412083
-0.0440233
-0.0404326
-0.0426859
-0.0421769
-0.0440286
-0.0410352
-0.0444574
-0.0598439
-0.0550821
-0.0585166
-0.0375235
-0.0389197
-0.0421189
-0.0629003
-0.0617573
-0.0684353
-0.0685217
-0.0727699
-0.0777413
-0.0700358
-0.0683746
-0.073181
-0.0619683
-0.0664718
-0.067059
-0.0513375
-0.0564874
-0.0569976
-0.066514
-0.0745557
-0.0671012
-0.0794823
-0.0854264
-0.0846244
-0.0714886
-0.0797439
-0.0727614
-0.0637857
-0.0714162
-0.0670684
-0.063807
-0.0733997
-0.0714374
-0.0715186
-0.0817033
-0.0797739
-0.0844395
-0.0944571
-0.0889687
-0.0846448
-0.0895778
-0.0814514
-0.0846813
-0.0923167
-0.0896142
-0.0468153
-0.0501744
-0.0476829
-0.0444888
-0.0467962
-0.0476638
-0.0469348
-0.0444893
-0.0476643
-0.0410289
-0.0421491
-0.0444511
-0.0421673
-0.0441329
-0.0467766
-0.0618688
-0.0557779
-0.0574333
-0.0681254
-0.0619293
-0.0631479
-0.0681544
-0.0707422
-0.0630076
-0.0395231
-0.0393214
-0.0366571
-0.0437778
-0.0381641
-0.0455838
-0.0450597
-0.048377
-0.0459718
-0.0381718
-0.0294328
-0.0380914
-0.045072
-0.0496288
-0.0483893
-0.0478443
-0.0519855
-0.0493788
-0.102891
-0.0951692
-0.0933088
-0.103266
-0.108164
-0.0989794
-0.104867
-0.0952079
-0.10293
-0.0437531
-0.0382199
-0.0381394
-0.108272
-0.118775
-0.115693
-0.11577
-0.118852
-0.131226
-0.120584
-0.111112
-0.109624
-0.12716
-0.120667
-0.118364
-0.127219
-0.135734
-0.120726
-0.0843582
-0.0812808
-0.0778227
-0.0843954
-0.0889246
-0.081318
-0.0895769
-0.084398
-0.0814506
-0.0896206
-0.0944593
-0.0844417
-0.100217
-0.0945122
-0.0896735
-0.103653
-0.100256
-0.0924158
-0.103224
-0.0945577
-0.100262
-0.0932559
-0.0951162
-0.0871168
-0.0988819
-0.0932748
-0.089013
-0.0989285
-0.102904
-0.0933215
-0.10322
-0.0989337
-0.0945532
-0.108219
-0.11564
-0.10301
-0.0989783
-0.108163
-0.102954
-0.103345
-0.122694
-0.108243
-0.122725
-0.103376
-0.117511
-0.122746
-0.118799
-0.108295
-0.0932097
-0.0870706
-0.0813413
-0.0945056
-0.098886
-0.0890171
-0.104854
-0.0991191
-0.0951952
-0.0381963
-0.0406437
-0.0341985
-0.120269
-0.111148
-0.12062
-0.135711
-0.120351
-0.120703
-0.122764
-0.1112
-0.112224
-0.0427242
-0.0419098
-0.0345461
-0.0428846
-0.0432978
-0.0465298
-0.0288855
-0.0382816
-0.0353727
-0.0406745
-0.0432631
-0.0383474
-0.0493283
-0.0419594
-0.0427738
-0.0478134
-0.0493479
-0.0427934
-0.0537715
-0.0520064
-0.0497107
-0.0574003
-0.0557449
-0.0520387
-0.0337967
-0.0345162
-0.0418798
-0.00844714
-0.0237034
-0.0225952
-0.0260655
-0.0344298
-0.0238019
-0.0215675
-0.0287584
-0.0140905
-0.0353507
-0.0344686
-0.0261043
-0.0495811
-0.0419822
-0.0493511
-0.0495941
-0.0518537
-0.0433617
-0.124335
-0.122602
-0.134346
-0.122861
-0.120347
-0.132131
-0.134373
-0.122908
-0.132178
-0.11102
-0.101521
-0.101247
-0.118306
-0.120609
-0.109648
-0.112126
-0.103151
-0.101531
-0.120241
-0.112215
-0.11112
-0.111135
-0.103183
-0.112158
-0.0896401
-0.092913
-0.0975918
-0.0762436
-0.0754224
-0.0843667
-0.0728878
-0.0681989
-0.0741777
-0.0771412
-0.0729178
-0.0742077
-0.0771298
-0.0708054
-0.0729064
-0.0599762
-0.0636189
-0.0694409
-0.0845037
-0.0799625
-0.0858223
-0.0844649
-0.0742556
-0.0799237
-0.0928771
-0.0845674
-0.0919367
-0.0771799
-0.0742464
-0.0844557
-0.0843986
-0.0754542
-0.0857436
-0.0707754
-0.0681875
-0.0728764
-0.0681846
-0.0686041
-0.0741633
-0.118362
-0.115769
-0.131224
-0.127196
-0.1184
-0.131263
-0.109596
-0.104966
-0.118253
-0.118274
-0.104987
-0.115681
-0.13575
-0.132174
-0.12039
-0.101234
-0.0991549
-0.109519
-0.111047
-0.101274
-0.109559
-0.10146
-0.0929645
-0.101187
-0.092013
-0.0990962
-0.101175
-0.0858023
-0.0845468
-0.0928565
-0.0858816
-0.0870921
-0.0950915
-0.0845438
-0.0858624
-0.0919132
-0.079971
-0.0870413
-0.0858309
-0.0919928
-0.095152
-0.099076
-0.093216
-0.0813476
-0.0889542
-0.0354064
-0.0427023
-0.0345243
-0.0294196
-0.0381586
-0.0341608
-0.0341989
-0.0406441
-0.038317
-0.0288814
-0.0341594
-0.0382775
-0.0216364
-0.0293641
-0.0341054
-0.0565312
-0.0496511
-0.0557341
-0.0336966
-0.02268
-0.0237881
-0.0772185
-0.0844943
-0.0857498
-0.113112
-0.111202
-0.122487
-0.103493
-0.113055
-0.113199
-0.103835
-0.103155
-0.111107
-0.103461
-0.103842
-0.113024
-0.103393
-0.0928352
-0.103774
-0.0337281
-0.0331784
-0.0227115
-0.0344556
-0.0337361
-0.0238276
-0.0432799
-0.0431647
-0.0338303
-0.0337966
-0.0431311
-0.0332469
-0.0495609
-0.0433285
-0.041962
-0.051848
-0.0478907
-0.043356
-0.0519325
-0.0433098
-0.0432254
-0.123111
-0.132185
-0.135782
-0.110072
-0.124255
-0.122998
-0.10126
-0.103453
-0.113159
-0.0939202
-0.101193
-0.102398
-0.0938897
-0.0933142
-0.101162
-0.111235
-0.122799
-0.122519
-0.122597
-0.122876
-0.134341
-0.1133
-0.122531
-0.124264
-0.113263
-0.113119
-0.122494
SCALARS VonMisesRatio float
LOOKUP_TABLE default
0.00253623
0.00220131
0.00382897
0.176022
0.00911814
0.179271
0.00443449
0.00318827
0.00254156
0.00850959
0.00864202
0.175428
0.00887428
0.00852134
0.17871
0.00855724
0.0088744
0.17871
0.00798166
0.0071874
0.00829882
0.00718333
0.00797759
0.0070857
0.00620408
0.00721251
0.00620042
0.00521132
0.00619737
0.0061937
0.00620587
0.00721253
0.0062041
0.00721193
0.00794585
0.00829878
0.00379844
0.00425712
0.00442868
0.00695322
0.00755429
0.00853759
0.00354898
0.00379285
0.00346356
0.0029016
0.00354598
0.00346057
0.00330563
0.0029008
0.00345976
0.00319744
0.00444365
0.00527164
0.00250493
0.00253413
0.00289502
0.00254373
0.00383647
0.00443666
0.0028973
0.0025364
0.00318312
0.00250259
0.00219686
0.00253178
0.00390636
0.00416787
0.00355171
0.00290068
0.0031865
0.00354506
0.00528161
0.00593894
0.0046811
0.0052514
0.004681
0.00593884
0.00634436
0.00578194
0.00629016
0.0064205
0.00601878
0.00632612
0.00601513
0.00599218
0.00566494
0.00714798
0.00652602
0.00682126
0.00714771
0.00673982
0.00652575
0.00612602
0.00581698
0.00662467
0.00472202
0.00426091
0.00463982
0.00538334
0.00472579
0.00464359
0.00521383
0.00482406
0.00472583
0.00650447
0.00627466
0.00564259
0.00425907
0.00417268
0.00463798
0.00534245
0.00443574
0.00482352
0.00319564
0.00526985
0.00390885
0.00481989
0.00443211
0.00426054
0.00524822
0.00519425
0.00429162
0.00721118
0.00807753
0.0079451
0.00612258
0.00703132
0.00613265
0.00525744
0.00611662
0.0061267
0.0061284
0.00703131
0.00612256
0.00908217
0.176001
0.17927
0.00704266
0.00853641
0.0071107
0.00613594
0.00703461
0.00710264
0.0069515
0.00853587
0.00704213
0.198107
0.176064
0.00927825
0.00679639
0.00629207
0.00589907
0.00525784
0.00594528
0.00660055
0.00679744
0.00590012
0.00660555
0.00463937
0.00417407
0.00467305
0.00416904
0.00425543
0.00355288
0.00924868
0.00826537
0.218857
0.198254
0.00988622
0.219494
0.00807919
0.00711418
0.00853988
0.00525743
0.00612245
0.00611661
0.00710671
0.00754948
0.00694841
0.00612979
0.00662845
0.00694207
0.00703406
0.00613115
0.00694343
0.00472263
0.00482086
0.00426152
0.00598952
0.00522086
0.00566228
0.00563344
0.00482711
0.00521688
0.00650353
0.00564164
0.00599374
0.00581108
0.00534977
0.00563717
0.00627234
0.00581417
0.00564027
0.00627565
0.00662517
0.00581748
0.00525485
0.00534952
0.00611987
0.00524921
0.00443717
0.00534388
0.0052004
0.00525437
0.00612363
0.00719893
0.00620566
0.00615307
0.00346745
0.00428241
0.00422093
0.00250751
0.0028976
0.00330243
0.00379579
0.00442603
0.0034665
0.00425417
0.0037955
0.00355163
0.00442767
0.0042831
0.00346814
0.00521976
0.00421522
0.00422656
0.00420552
0.00323854
0.00330925
0.00346418
0.00421767
0.00331005
0.00454535
0.00478149
0.00529239
0.0032946
0.00422429
0.00429289
0.00523326
0.00619365
0.00615917
0.0043026
0.00522372
0.00519736
0.00423047
0.00421523
0.0052202
0.00539001
0.0057764
0.0055883
0.00521496
0.00472696
0.0051609
0.00464513
0.00524921
0.0053195
0.00516148
0.00472753
0.00538507
0.00558625
0.00516436
0.00538796
0.00558716
0.00566075
0.00516527
0.00467431
0.00391382
0.00527481
0.00464297
0.00467665
0.00524705
0.00417162
0.00391011
0.0046706
0.00712784
0.00848053
0.00787928
0.00718285
0.00715261
0.00754777
0.00738111
0.00718361
0.00754854
0.00674202
0.0071499
0.00718014
0.00852683
0.00738562
0.00755305
0.0065072
0.00599741
0.00673591
0.00710302
0.00628158
0.00711383
0.00599746
0.00652189
0.00673596
0.00563387
0.00534647
0.00482754
0.00711184
0.00627959
0.0065094
0.0058127
0.00612175
0.00535139
0.00710139
0.00662948
0.00627996
0.00710363
0.00694533
0.00663172
0.00599505
0.006018
0.00651948
0.00682413
0.00737899
0.00715084
0.00871823
0.00917892
0.197547
0.00521809
0.00516403
0.00565951
0.241393
0.219636
0.00904438
0.00532367
0.00525339
0.00589067
0.00538951
0.00532413
0.00589113
0.00538533
0.00464558
0.00531995
0.00873285
0.240686
0.00833665
0.00629612
0.00680044
0.007106
0.00755284
0.00711006
0.00794904
0.007036
0.00650764
0.00710749
0.00794827
0.00712011
0.00731401
0.241578
0.00962481
0.27414
0.00710861
0.00711942
0.00794758
0.00981969
0.299652
0.274335
0.00673648
0.0065064
0.00703475
0.00712408
0.00691677
0.00724019
0.00712309
0.0069441
0.00691577
0.00642466
0.00672204
0.00686579
0.00632806
0.00634746
0.00667215
0.00659802
0.00648648
0.0069409
0.00650526
0.00673534
0.00669628
0.00618491
0.00582523
0.00659328
0.00522078
0.00598943
0.00563734
0.00738007
0.00710702
0.00731206
0.00651309
0.00737742
0.00711552
0.00674279
0.00718091
0.00737841
0.00738414
0.00852535
0.00711109
0.00738142
0.00754844
0.00715327
0.00738407
0.00761762
0.00787725
0.353379
0.327357
0.0107536
0.00829266
0.298759
0.00892693
0.0073801
0.0073121
0.00711821
0.00808479
0.298756
0.00828983
0.00519943
0.00647806
0.00582155
0.00610798
0.00688254
0.0063254
0.00689127
0.00702467
0.00672413
0.00689261
0.00712328
0.00702601
0.0072424
0.0073862
0.00731391
0.00702459
0.0068678
0.00672405
0.00731231
0.00702742
0.00712469
0.00731276
0.00725747
0.00702786
0.00736488
0.00755339
0.00738741
0.00725598
0.00686958
0.00702638
0.00725659
0.00720751
0.00687019
0.00749703
0.00725904
0.00731433
0.00749668
0.00720962
0.00725869
0.00738706
0.00749746
0.00731476
0.00761931
0.00788807
0.00787895
0.00721042
0.00761538
0.00738184
0.00766209
0.00788734
0.00761858
0.00755483
0.00768537
0.00749926
0.00738786
0.00755383
0.00749827
0.00750017
0.0076198
0.00755462
0.00786378
0.00788816
0.00766291
0.00737918
0.00682432
0.00720777
0.00632102
0.00647974
0.00520111
0.00755376
0.00736525
0.00749932
0.00712659
0.00786278
0.00812491
0.00712579
0.00788636
0.00786198
0.376815
0.0110501
0.4065
0.00848415
0.00853052
0.00755674
0.405264
0.00981404
0.00846134
0.376637
0.353545
0.0108724
0.00766079
0.00761728
0.00749939
0.352313
0.00968742
0.00964105
0.00659973
0.00693446
0.00634487
0.00636635
0.00659752
0.00625156
0.00687592
0.00693625
0.00660151
0.0068226
0.00686874
0.00720606
0.00672916
0.00667466
0.00669682
0.00694172
0.00672972
0.00659883
0.0069427
0.00689102
0.0067307
0.00724152
0.00731303
0.00712541
0.00601379
0.00566359
0.00559001
0.00601263
0.00601496
0.00559118
0.00642116
0.00652091
0.00601943
0.00672023
0.00642286
0.00632848
0.00681883
0.00652359
0.00642384
0.00915487
0.327172
0.299826
0.00651183
0.00674054
0.00737616
0.00959519
0.326198
0.00818094
0.00659619
0.00669475
0.00618783
0.00669554
0.00667338
0.00634869
0.0061883
0.00669521
0.00673428
0.00659801
0.0067289
0.00669656
0.00669498
0.00634812
0.00650396
0.00689012
0.00667531
0.0067298
0.00712301
0.00689234
0.00694402
0.00672296
0.00667528
0.0068901
0.00672107
0.00632932
0.0066734
0.00681998
0.00642499
0.00686611
0.00559039
0.00577849
0.00601184
0.00601437
0.00578101
0.00634343
0.00632586
0.0060162
0.00634526
0.00632476
0.00601742
0.0060151
0.00629513
0.007105
0.00650516
0.00634677
0.00629258
0.00650261
0.00589496
0.00525767
0.00660038
0.00578043
0.00589566
0.00628866
0.00577742
0.00539103
0.00589265
0.00631976
0.00519984
0.00610233
0.00666223
0.00688367
0.00610911
0.00648274
0.00659428
0.00582623
0.00691158
0.00648548
0.00632676
0.00691364
0.00694196
0.00648754
0.00788071
0.00848197
0.00755455
0.00738385
0.00787703
0.00755087
0.00788641
0.00712585
0.00787729
0.00688713
0.00666568
0.00713823
0.00724015
0.00688906
0.00714016
0.00691292
0.00632811
0.00688524
0.00609846
0.00519597
0.00516521
0.00501864
0.00580573
0.00516363
0.00666585
0.00693734
0.0071384
0.0050192
0.00532823
0.00580629
0.00714175
0.00736302
0.00724174
0.00691598
0.0068883
0.0072394
0.00693906
0.00717942
0.00714012
0.0085037
0.00950201
0.41824
0.00761577
0.00721081
0.00749788
0.010961
0.428165
0.419648
0.00786631
0.00817898
0.00812844
0.00763654
0.00700728
0.00738472
0.440866
0.00926719
0.00884121
0.00776225
0.00762096
0.00763985
0.00786509
0.00776487
0.00817776
0.00763561
0.00710842
0.00700635
0.00761989
0.00744211
0.00763878
0.00761942
0.0074998
0.00744164
0.00776322
0.00786344
0.00768729
0.418243
0.00950554
0.00955609
0.419572
0.406639
0.00983637
0.00580816
0.00533011
0.00557875
0.00958372
0.00922259
0.426788
0.00599079
0.00555358
0.00624681
0.00634055
0.00599343
0.00624945
0.00666319
0.00634509
0.00693468
0.00665943
0.00581516
0.00634133
0.00557987
0.00548429
0.00598833
0.00633832
0.00558274
0.00599119
0.00610552
0.00581437
0.00665864
0.00610052
0.00516727
0.00580936
0.00532984
0.0057267
0.00557848
0.0107123
0.442311
0.43948
0.00781341
0.00763924
0.00738742
0.42823
0.010665
0.439433
0.0081776
0.00776471
0.00781647
0.00586774
0.00584324
0.00582707
0.00699823
0.00644168
0.00587366
0.00700013
0.00643981
0.00644358
0.00199039
0.00192692
0.00253316
0.00236516
0.00248662
0.00221215
0.00265847
0.00236499
0.00199228
0.00327781
0.00266335
0.00253993
0.00328319
0.00367054
0.00314133
0.0029278
0.002882
0.00361001
0.00220885
0.00187459
0.00198913
0.00409152
0.0049087
0.00499792
0.0054034
0.00594047
0.00539846
0.00558214
0.00633771
0.00581154
0.00526639
0.00645967
0.00676721
0.00733271
0.44086
0.00883472
0.00537831
0.00548334
0.00590496
0.00645718
0.00538157
0.00590823
0.0046285
0.00429728
0.00509014
0.00537559
0.0050966
0.00548063
0.00563783
0.00624562
0.00555239
0.00584529
0.00586979
0.00643781
0.00429852
0.00499922
0.00509139
0.00526174
0.00537941
0.00645501
0.00428702
0.00525379
0.0051725
0.00463265
0.00537329
0.00525562
0.00732073
0.00728005
0.438833
0.442308
0.00878055
0.440292
0.00737881
0.00700138
0.00587681
0.00643247
0.00540653
0.00584372
0.00679168
0.00641542
0.00643902
0.00710371
0.00679399
0.00644133
0.00710601
0.00712721
0.00679629
0.0063638
0.00567466
0.00641143
0.00332525
0.00364382
0.00276295
0.426611
0.00699357
0.413662
0.00474743
0.00468363
0.00380831
0.00539639
0.0047521
0.0044917
0.00594385
0.00640912
0.00540183
0.00643281
0.00594394
0.00540687
0.00643618
0.00641259
0.00594732
0.00643971
0.00643594
0.00584719
0.00718125
0.0071298
0.00749729
0.00714155
0.00718084
0.00736281
0.00687849
0.00712773
0.00717917
0.00700235
0.00710441
0.00644203
0.00710987
0.00763707
0.0074404
0.00539448
0.00475513
0.00539942
0.00367883
0.00462372
0.00427991
0.00408503
0.00429073
0.00367707
0.00320319
0.00408008
0.00328476
0.00192987
0.00286943
0.00253611
0.00468948
0.00539263
0.00491202
0.00380554
0.00468086
0.00392184
0.00475275
0.0053921
0.00468895
0.00409047
0.00468511
0.00490765
0.0050032
0.00491398
0.00566511
0.00554823
0.00500521
0.00563367
0.00429516
0.00408946
0.00499586
0.0072622
0.00635728
0.434458
0.440271
0.00871828
0.435914
0.00583722
0.00540003
0.00449534
0.0064082
0.00567143
0.00540092
0.0068734
0.00636782
0.00641546
0.00679398
0.0071249
0.00641772
0.00717854
0.00693818
0.00687786
0.00718204
0.00749807
0.00736401
0.006418
0.00712517
0.00687594
0.00710817
0.00743869
0.00712936
0.00744
0.00749816
0.00713067
0.0076405
0.00781467
0.0077629
0.00768573
0.00766102
0.00749962
0.00776241
0.00768647
0.00762112
0.0078631
0.00766224
0.00768695
0.00762042
0.00768578
0.00755524
0.00738637
0.00724256
0.00736384
0.00687401
0.00659961
0.00636844
0.00146889
0.00187165
0.00185248
0.00320531
0.00391784
0.00408221
0.00287368
0.00319666
0.00254036
0.0028779
0.0037971
0.00320088
0.00364579
0.00379859
0.00287939
0.00181968
0.00275533
0.00286979
0.00421472
0.00490906
0.00448827
0.00365117
0.00448269
0.00380397
0.00472404
0.00483148
0.00622902
0.00580516
0.00472731
0.00623229
0.00361892
0.00365576
0.00481917
0.00293026
0.00361248
0.00361749
0.00483773
0.00658667
0.00623527
0.00362248
0.00482273
0.0047153
0.00365714
0.00390419
0.00494712
0.00288442
0.00364926
0.00361243
0.00288367
0.00314075
0.00389556
0.00509718
0.00554803
0.00548121
0.00463211
0.00509375
0.00537275
0.00500341
0.00554642
0.00509558
0.00636121
0.00563862
0.00567207
0.00636314
0.00624834
0.00564055
0.00659744
0.00634258
0.00625148
0.00548452
0.00572831
0.00590613
0.00598823
0.0054842
0.00555102
0.005579
0.00572721
0.00548342
0.00676291
0.00518081
0.0052621
0.00448637
0.00474677
0.00380765
0.0042105
0.00448405
0.00365254
0.00491445
0.00581936
0.00449366
0.00671548
0.00518568
0.00676779
0.006321
0.00562665
0.425244
0.435865
0.00776475
0.426688
0.00582247
0.00583864
0.00449676
0.00557776
0.00470123
0.412246
0.00286701
0.00192746
0.0018169
0.00276145
0.00364231
0.00287591
0.00186552
0.00331615
0.00181819
0.00601354
0.396645
0.413558
0.00182118
0.00331914
0.00275684
0.00314504
0.383116
0.00459567
0.00380059
0.00391689
0.00320437
0.00500561
0.00566752
0.00563407
0.00392279
0.00468181
0.00408716
0.00539591
0.00566642
0.0049153
0.00494922
0.00390629
0.00428176
0.0065887
0.00496632
0.00671415
0.00482364
0.00366022
0.00495021
0.00495346
0.00428601
0.00517149
0.00288538
0.00389727
0.00365022
0.0031434
0.00367261
0.00389821
0.00390202
0.00367641
0.00427749
0.00266402
0.00313662
0.00287954
0.00266536
0.00327981
0.00313796
0.00319803
0.0032796
0.00254172
0.00408166
0.0036737
0.00328634
0.00429254
0.00462377
0.00367888
0.004629
0.00525197
0.00428519
0.00170351
0.00187115
0.00146839
0.0019224
0.00170368
0.00146856
0.00192415
0.00198762
0.00170542
0.00496001
0.00658239
0.00483345
0.00436979
0.00362599
0.00471379
0.0038706
0.00371608
0.00415634
0.00316324
0.00280733
0.00292605
0.0033893
0.00318177
0.00366957
0.00338619
0.00274437
0.00317866
0.00367011
0.00318231
0.0035517
0.00170525
0.00198744
0.0018729
0.00316836
0.00371171
0.0035518
0.00364867
0.0033301
0.00420663
0.00361845
0.00471127
0.00362346
0.00472108
0.00579894
0.00437708
0.00386858
0.00355415
0.00371406
0.00470921
0.00468284
0.00485279
0.00421973
0.00441793
0.00409559
0.00454854
0.00465497
0.00468164
0.00438144
0.00454675
0.00441998
0.00465576
0.00478418
0.00468244
0.00339005
0.00393701
0.00313771
0.00146892
0.00181221
0.00192277
0.000856848
0.00146548
0.00184908
0.000856872
0.00185612
0.0014655
0.384299
0.00432811
0.357149
0.384436
0.396547
0.00591581
0.00265904
0.00199285
0.00253561
0.00292233
0.002489
0.00236754
0.00287784
0.00292363
0.00236884
0.00266144
0.00287696
0.00236796
0.00496159
0.00517962
0.00670942
0.00361862
0.00371194
0.00316858
0.00371596
0.00362264
0.00436644
0.00316409
0.00317813
0.00280818
0.00361599
0.00316595
0.00292876
0.00355001
0.00318062
0.00316658
0.00221049
0.00199077
0.00236349
0.00262655
0.00187673
0.00221099
0.00255096
0.00263188
0.00313054
0.00254518
0.0018571
0.00217585
0.00254481
0.00206815
0.00185674
0.317896
0.00374459
0.00424921
0.319011
0.336361
0.00485906
0.00204614
0.355866
0.00304538
0.00181199
0.00146871
0.00185932
0.00325047
0.355867
0.00204682
0.00254759
0.00268262
0.00207092
0.00217844
0.00262869
0.00254777
0.00187402
0.0021736
0.00185485
0.00187661
0.00262643
0.00217619
0.00319164
0.00268638
0.00255135
0.336487
0.356989
0.00437275
0.00185108
0.0020625
0.000858852
0.00579982
0.00519402
0.00416774
0.00399626
0.00518921
0.00453336
0.00384274
0.00452848
0.003884
0.00318755
0.00379925
0.335302
0.00369039
0.0038788
0.00312694
0.00290471
0.00286378
0.00361845
0.004188
0.00362128
0.00410682
0.00445833
0.00419081
0.00410962
0.00368953
0.00312608
0.00362195
0.0047457
0.00493113
0.00478531
0.00499588
0.00492436
0.00483688
0.00493149
0.00485388
0.00478567
0.00511906
0.00493284
0.0049251
0.0051193
0.0049968
0.00493308
0.00416168
0.00518796
0.00399502
0.00387153
0.00415727
0.0039906
0.00371775
0.00436824
0.00415801
0.0031938
0.00319316
0.00268854
0.00274422
0.00338604
0.0031337
0.00221388
0.00273862
0.00262944
0.00221362
0.00248809
0.00280269
0.00474398
0.246347
0.270094
0.293172
0.00490112
0.270251
0.00400214
0.004784
0.00499257
0.00384858
0.00439063
0.00304431
0.00385159
0.00394276
0.00439365
0.00313822
0.00393753
0.00354368
0.00407727
0.00447481
0.00436166
0.00355401
0.00386856
0.00367241
0.00439414
0.00489423
0.00304782
0.00437521
0.00579707
0.00416499
0.00313242
0.00319314
0.00255284
0.00274169
0.00313118
0.00263252
0.00280676
0.00317672
0.00274243
0.00221447
0.00280353
0.0027392
0.00249047
0.00292379
0.00280507
0.00367255
0.00407135
0.00339228
0.00339318
0.00407224
0.00394015
0.292279
0.00416441
0.00400821
0.293336
0.318868
0.00522099
0.00286616
0.00361523
0.00362084
0.00387037
0.00409193
0.00367422
0.0038691
0.00386922
0.00355467
0.00410563
0.00384069
0.00369354
0.00452884
0.0038431
0.00399175
0.00409262
0.0040737
0.0036749
0.00387133
0.00421716
0.00387145
0.00422069
0.00438035
0.00441889
0.00410971
0.00435055
0.00410899
0.00354606
0.00393991
0.00384875
0.00319884
0.00354357
0.00384626
0.00319645
0.00313574
0.00354119
0.00435987
0.00394339
0.00407549
0.00485314
0.0047859
0.00470956
0.00439535
0.00394447
0.00436095
0.00319651
0.00384457
0.0030403
0.00319704
0.00319768
0.0038451
0.00384125
0.00397771
0.0039899
0.00369278
0.00383994
0.0038812
0.00290558
0.00361932
0.00312345
0.00397858
0.00421752
0.00387169
0.00410659
0.0039781
0.00384164
0.00362634
0.00418746
0.00393872
0.00438149
0.00443628
0.00454681
0.00410919
0.00437931
0.00421965
0.0044372
0.00465415
0.00454772
0.0042179
0.00409376
0.00387219
0.00410785
0.00421831
0.00397937
0.0041091
0.00419054
0.00437921
0.00399
0.00397781
0.00387092
0.00362631
0.00361572
0.0030073
0.00435172
0.00445887
0.00411016
0.00491074
0.0047226
0.00499545
0.0048361
0.00469067
0.0049951
0.00470622
0.00501956
0.00491077
0.00441879
0.00447507
0.00409645
0.00478686
0.0048541
0.00499543
0.0043648
0.00470792
0.00478426
0.00436377
0.00447693
0.00470689
0.0046831
0.00478484
0.00485304
0.00447799
0.00468159
0.00470796
0.00447703
0.00442075
0.00468062
0.0040953
0.00447392
0.00407638
0.00442099
0.00454776
0.00468086
0.00493159
0.00474616
0.00492385
0.00443691
0.00446098
0.00465386
0.00474584
0.00483604
0.00492352
0.00473227
0.00474503
0.00478464
0.00465593
0.00473198
0.00478434
0.00465485
0.00446196
0.00473089
0.00455655
0.00433664
0.00424322
0.00554135
0.223806
0.246195
0.00478368
0.00400183
0.00489873
0.00555902
0.222998
0.00473385
0.223658
0.0062189
0.201376
0.00570318
0.24546
0.00385677
0.00478502
0.00490006
0.00439997
0.00436376
0.00478322
0.00439817
0.00499272
0.00482746
0.00400229
0.00480948
0.245463
0.00570638
0.00389544
0.00362536
0.00365738
0.00412279
0.00410824
0.00389861
0.00433471
0.00412422
0.00409892
0.0043506
0.00410976
0.00412431
0.00433556
0.00435136
0.00412506
0.00451766
0.00455716
0.00424383
0.00458476
0.0043529
0.0043371
0.00452027
0.00483469
0.00474449
0.0041723
0.00451637
0.00424253
0.00417371
0.00449442
0.00468678
0.00512058
0.00499813
0.00531422
0.00455883
0.00451934
0.00474356
0.00458681
0.00455906
0.00474379
0.00458545
0.00433779
0.0045577
0.00469092
0.00491064
0.00499535
0.00452008
0.00468907
0.00483451
0.00449688
0.00490896
0.00468925
0.00393787
0.00417036
0.00424059
0.00470447
0.00490901
0.00449693
0.00531663
0.00571572
0.00512299
0.00474437
0.00473161
0.00458739
0.00445942
0.00443536
0.0041919
0.00458517
0.00446047
0.00435332
0.00458644
0.00473066
0.00446173
0.00361316
0.00286409
0.00300474
0.00410654
0.003621
0.00410726
0.00419164
0.00443509
0.0043803
0.00394033
0.00418907
0.00410762
0.00369386
0.00393867
0.00410596
0.00369225
0.00362468
0.00393706
0.00362527
0.00361966
0.00418639
0.00362261
0.00316027
0.00357036
0.00410659
0.00363093
0.00389696
0.00362685
0.00316046
0.0036228
0.00348455
0.00296024
0.00362086
0.00512137
0.0057141
0.00483362
0.00485458
0.00493219
0.00499592
0.00492531
0.00499683
0.00511928
0.158713
0.00582872
0.00523978
0.00511896
0.00483121
0.00499646
0.158716
0.00623113
0.00583205
0.178841
0.201228
0.00695194
0.00637022
0.200646
0.00548974
0.00362427
0.00357202
0.0036563
0.00472395
0.00531289
0.0049968
0.00501962
0.00472269
0.00491082
0.00459619
0.00497939
0.00470504
0.119325
0.137681
0.00584695
0.159296
0.1787
0.00681123
0.0034719
0.00348637
0.00363708
0.137813
0.159156
0.00568268
0.00315981
0.0034851
0.0035699
0.00323806
0.00363675
0.0036223
0.00393763
0.00424035
0.00409798
0.00383968
0.00393458
0.00358756
0.004172
0.00417719
0.00449271
0.00336581
0.00378864
0.00398779
0.00530781
0.00513375
0.102364
0.0041793
0.00459351
0.00470235
0.00443721
0.00480514
0.0049792
0.00459199
0.00399405
0.0044332
0.00449448
0.00417897
0.00470202
0.00384183
0.00399067
0.00417441
0.00416902
0.00393653
0.00384163
0.00417501
0.00416982
0.00384243
0.00417379
0.00468686
0.00451786
0.00358435
0.00324163
0.00357325
0.00378871
0.00343198
0.00394473
0.0030981
0.00342772
0.00336162
0.00521598
0.0049749
0.0713477
0.087525
0.005493
0.0716247
0.00433895
0.00475004
0.00499112
0.00379336
0.00433388
0.00443167
0.00416895
0.00474728
0.00433619
0.0876285
0.10264
0.00540999
0.00546387
0.137298
0.00516694
0.00540294
0.00536395
0.118881
0.00348384
0.00344091
0.00377196
0.00357155
0.00348389
0.00365583
0.00347055
0.00323704
0.00348215
0.00295941
0.00323579
0.00362003
0.00295516
0.00261136
0.0029754
0.00322437
0.00261396
0.00348206
0.00233589
0.00211934
0.00248817
0.00257434
0.00233839
0.00278169
0.00257293
0.00236146
0.00233698
0.00569061
0.102746
0.119208
0.00470646
0.00498081
0.0050198
0.00459529
0.00443651
0.00497849
0.00225508
0.00260985
0.00322026
0.00409931
0.00424168
0.00433511
0.00389858
0.00409745
0.00412275
0.00362931
0.00362527
0.00389535
0.00361941
0.00363
0.00410566
0.00300576
0.00315839
0.00362478
0.00365788
0.00377406
0.00389594
0.0036565
0.00348457
0.00377268
0.00347167
0.00348327
0.00357093
0.00348615
0.00347168
0.00357094
0.00323436
0.00297821
0.00317362
0.00377347
0.00344242
0.00393387
0.00389741
0.00377553
0.00409629
0.0034418
0.00358622
0.00393324
0.00363625
0.00323755
0.00347106
0.00377566
0.00393607
0.00409642
0.00317415
0.0029335
0.00343707
0.00348184
0.00317599
0.00343891
0.0029772
0.00293196
0.00317261
0.00399136
0.00379221
0.00443052
0.00459113
0.00417692
0.00399319
0.00357501
0.00336509
0.00398707
0.00383982
0.0035766
0.00398867
0.00383847
0.00358635
0.00357525
0.00192666
0.00234943
0.00265698
0.00195531
0.00192353
0.00211618
0.00163188
0.00144378
0.0019202
0.00443506
0.00433726
0.00480298
0.00278141
0.00233811
0.00249039
0.00298779
0.00278649
0.00335911
0.00323893
0.00298931
0.00336063
0.00323749
0.00293221
0.00298787
0.0035725
0.00324089
0.00336259
0.0035839
0.00343947
0.00324118
0.00233492
0.00235939
0.0019575
0.00298565
0.00293
0.002577
0.00236129
0.00260696
0.00225219
0.00293008
0.00297531
0.00261127
0.00278386
0.00298516
0.00257651
0.003239
0.00343729
0.00293372
0.00295394
0.00261014
0.00261013
0.0023341
0.00195669
0.00211756
0.00260803
0.00236237
0.00257384
0.00260815
0.00260816
0.00236248
0.00348116
0.00261307
0.00295686
0.00225001
0.00195721
0.00235911
0.00287063
0.00225595
0.00322113
0.00286593
0.00181996
0.00225125
0.00181231
0.00138596
0.0014426
0.00288775
0.0023153
0.00230637
0.00288975
0.00290415
0.00231731
0.00352066
0.00289383
0.00291972
0.0035227
0.00352982
0.00289588
0.004155
0.00353616
0.00415997
0.00351617
0.00290586
0.00352983
0.00289991
0.00291341
0.00235354
0.00352779
0.00290382
0.00290825
0.00351412
0.0029173
0.0029038
0.00381807
0.00412255
0.00352961
0.00414926
0.00381813
0.00352129
0.00415128
0.00412463
0.00382015
0.00323604
0.00317531
0.00348116
0.00295725
0.00297749
0.00323363
0.00260993
0.00257574
0.00292873
0.00255335
0.00182097
0.00286695
0.0025512
0.00222588
0.00181882
0.00224819
0.00181691
0.00195539
0.003949
0.00416627
0.00433351
0.00379173
0.00394775
0.00433225
0.00361697
0.00416387
0.0039466
0.0034314
0.00361451
0.00394414
0.00336393
0.00343003
0.00378676
0.00309894
0.00361167
0.00342856
0.00352457
0.00291939
0.0035162
0.00415256
0.00355261
0.00352882
0.00298805
0.00291762
0.0035228
0.00309725
0.00298874
0.00354727
0.00309372
0.0024936
0.0029852
0.00289976
0.00231734
0.00290419
0.00248679
0.00211796
0.00192531
0.00265745
0.0024886
0.00192712
0.00298517
0.00266241
0.00291473
0.00298375
0.00249215
0.002661
0.00309304
0.00278394
0.00249292
0.00178129
0.00144213
0.00127667
0.00230184
0.00178568
0.00173033
0.00234651
0.00192374
0.00178648
0.00181484
0.00163323
0.00195333
0.00173026
0.00175826
0.0023096
0.00230361
0.00173209
0.00231143
0.00178225
0.00127763
0.00172689
0.00181313
0.00144342
0.00163152
0.0013836
0.00127548
0.00127478
0.00208096
0.00138946
0.00222287
0.0052697
0.0873017
0.00508325
0.0026609
0.00248589
0.00298382
0.0023527
0.00266022
0.00291503
0.00234944
0.00194261
0.00265696
0.00288787
0.00230649
0.00235142
0.00182563
0.00138677
0.00160856
0.0049431
0.00491809
0.0621378
0.00472158
0.00416827
0.00415861
0.0715394
0.00516667
0.0623614
0.00499131
0.00480485
0.00433913
0.00354871
0.00299017
0.00352492
0.00474858
0.00417025
0.00472356
0.00352758
0.00351921
0.00381604
0.00266029
0.00235273
0.00291261
0.00335947
0.00278685
0.00309595
0.00195369
0.00163359
0.00192191
0.00230752
0.00231534
0.00289776
0.00235151
0.00230764
0.00289788
0.00234778
0.00178775
0.00230391
0.00494555
0.00492664
0.0394875
0.00353613
0.00415497
0.00415044
0.00416423
0.00480587
0.00415926
0.00138857
0.00181492
0.00222198
0.00219085
0.00143752
0.00127873
0.00192071
0.00144429
0.00178345
0.00219301
0.00128089
0.00208049
0.00414831
0.00352034
0.003534
0.0436259
0.00502436
0.00496073
0.00355293
0.00416255
0.00361565
0.00309934
0.00354936
0.00361208
0.00353074
0.00412368
0.00415447
0.00488956
0.00412822
0.00415487
0.00415469
0.00416436
0.00355474
0.00489147
0.00472391
0.00413013
0.00507827
0.0526768
0.062298
0.00412767
0.00472145
0.00415847
0.00505374
0.0524847
0.00488617
0.00482828
0.00489191
0.00415722
0.0437859
0.0526153
0.00518427
0.00255223
0.0021121
0.00180278
0.00495148
0.00495048
0.0409354
0.0437469
0.00508167
0.0410656
0.00415476
0.00415929
0.00482482
0.00518812
0.0525789
0.0438581
0.00414868
0.00489498
0.00464032
0.00414431
0.00415873
0.00489335
0.00292508
0.00211587
0.00255599
0.00207587
0.00234177
0.00238504
0.00161182
0.00207252
0.00211372
0.00193736
0.00182748
0.00161041
0.00248058
0.00194124
0.00211619
0.00234666
0.00182995
0.00193983
0.00138668
0.0017972
0.00160846
0.00211314
0.00259158
0.00207579
0.00297188
0.00294676
0.00318476
0.00161089
0.00179962
0.00210894
0.00127602
0.00143482
0.00138435
0.00175365
0.00127639
0.00138542
0.00138629
0.00207779
0.00127818
0.00219634
0.00255251
0.00180307
0.00292892
0.00322235
0.00259814
0.00194305
0.00248239
0.0026574
0.0391375
0.00492484
0.00475744
0.00506678
0.0396088
0.0410517
0.004157
0.00482706
0.00482807
0.00416149
0.0048081
0.00482701
0.00414622
0.00463786
0.00416363
0.0392544
0.0396027
0.00504177
0.00259235
0.00234247
0.00207656
0.00294564
0.0025982
0.0032224
0.00294359
0.00261115
0.00259615
0.00294877
0.00322554
0.00353207
0.00366911
0.00318905
0.00353436
0.00357041
0.00336718
0.00324691
0.00358294
0.00357114
0.00324763
0.00385084
0.00417106
0.00357512
0.0740805
0.00548897
0.0868057
0.00298816
0.00352308
0.00292004
0.00266825
0.00298385
0.00248591
0.00359312
0.00354289
0.00299048
0.00432706
0.00415523
0.00366331
0.00470371
0.0524476
0.00505673
0.0526383
0.00489445
0.0618973
0.00308478
0.00359158
0.00298894
0.00293202
0.00308151
0.00267006
0.00336931
0.0037967
0.00365891
0.00352686
0.00352896
0.00414039
0.00353405
0.00352694
0.00415786
0.00352775
0.00290821
0.00289381
0.00308169
0.00298585
0.00267025
0.00365729
0.00359383
0.00308702
0.00432587
0.00366212
0.00379991
0.00415278
0.0035974
0.00366087
0.00359697
0.00413792
0.00354674
0.00291716
0.00266234
0.00298527
0.00352277
0.00292184
0.00352487
0.00230097
0.00175856
0.00182919
0.0029158
0.00288991
0.00235347
0.00231152
0.00176018
0.00230258
0.00211768
0.00238565
0.00248207
0.00193832
0.00161137
0.00211327
0.00230294
0.00183117
0.00234788
0.0017555
0.00138727
0.00182612
0.00127478
0.00127548
0.00138382
0.0017268
0.00127753
0.0017548
0.00144079
0.00138415
0.00127534
0.0016118
0.00210986
0.00207251
0.00143656
0.00179662
0.0013861
0.00143927
0.0021926
0.00179933
0.00234356
0.00260844
0.00238683
0.00292521
0.00259443
0.002116
0.00365653
0.00308626
0.00336693
0.00238749
0.00266625
0.00248391
0.00238916
0.00271952
0.00292987
0.00354266
0.00352517
0.00299025
0.00415439
0.00413996
0.00359901
0.0041377
0.00352902
0.00354651
0.0041397
0.00414244
0.00353102
0.00454167
0.00489469
0.00416006
0.00489331
0.00414701
0.00414427
0.039268
0.00488793
0.0438125
0.00480748
0.00416585
0.00464008
0.00415991
0.00352898
0.0041425
0.00358496
0.00384887
0.00357315
0.00477303
0.00502769
0.0436976
0.00343415
0.00366993
0.00353333
0.00318594
0.00329845
0.00297306
0.00353194
0.00318664
0.00294864
0.00343175
0.00329999
0.00318748
0.00355193
0.00343375
0.00353294
0.00355266
0.00367091
0.00351203
0.00454652
0.0045405
0.00415889
0.00433002
0.00454581
0.00415819
0.00433278
0.00498059
0.00454857
0.00394288
0.00437774
0.00380102
0.0049813
0.00454326
0.00454928
0.00438244
0.0048182
0.00433168
0.0739972
0.0619705
0.00540563
0.0051732
0.0617381
0.00473517
0.0035518
0.0035328
0.00339392
0.0039395
0.00379764
0.00337026
0.00417485
0.00461447
0.00394492
0.00500101
0.00480246
0.00450999
0.00461516
0.00438047
0.00394561
0.0049611
0.00461997
0.00480269
0.0049637
0.00557569
0.00462256
0.00509817
0.00585023
0.0865762
0.00525748
0.00509618
0.0865742
0.00438341
0.00461809
0.00481916
0.00367144
0.00377345
0.00345099
0.00461564
0.00436629
0.0044348
0.00473165
0.00461791
0.00474789
0.00477082
0.00473216
0.0047484
0.00462621
0.00446744
0.00473074
0.00446466
0.00416055
0.00436487
0.00473071
0.00446741
0.00461697
0.00462486
0.00436067
0.00443325
0.00446619
0.00436639
0.00461574
0.00443204
0.00416078
0.00446489
0.00406822
0.00410553
0.00435771
0.00406465
0.00371244
0.00368504
0.00392687
0.00376354
0.00404785
0.0035885
0.00392665
0.00415616
0.00358718
0.00376199
0.00392533
0.00368492
0.00358769
0.00415535
0.00406597
0.00368635
0.00410328
0.00370819
0.00279794
0.00368079
0.00300482
0.00329498
0.00358254
0.00400269
0.00408605
0.00436307
0.00480512
0.00534218
0.00496353
0.00480525
0.0050038
0.00534232
0.00473917
0.00485157
0.00503602
0.00293273
0.00272238
0.00324262
0.00207511
0.00238429
0.00211631
0.00293489
0.00324477
0.00336505
0.00308384
0.00293435
0.00336451
0.00266774
0.00238899
0.00292969
0.0026097
0.00271844
0.00238809
0.00307696
0.00329967
0.00344741
0.00261165
0.00296921
0.00272039
0.00261241
0.00294484
0.00296996
0.00259414
0.00260914
0.00234426
0.00297269
0.00329808
0.00307536
0.00366877
0.00343299
0.00318871
0.00394247
0.00409407
0.00424149
0.00351118
0.00367006
0.00330187
0.00343284
0.00351039
0.00330107
0.00343368
0.00355186
0.00351123
0.00355207
0.0033942
0.00361447
0.00311293
0.003613
0.00339272
0.00425738
0.00453198
0.0047355
0.00398781
0.00406782
0.00435732
0.0036174
0.00398456
0.00383665
0.00361698
0.00371194
0.00398414
0.00458415
0.00461637
0.00443553
0.00469523
0.00449716
0.0046262
0.0049153
0.00469711
0.00477126
0.00453264
0.00449685
0.00469491
0.00443084
0.00410608
0.00415958
0.00462522
0.0044336
0.00446645
0.00435893
0.00410675
0.00443151
0.00383825
0.00398615
0.00409287
0.00377615
0.00383754
0.00409217
0.00367199
0.00355374
0.00383539
0.00367842
0.00279557
0.00300347
0.00361595
0.0038352
0.00355355
0.00370902
0.00361406
0.00311399
0.00371345
0.00406566
0.00398565
0.00417137
0.00394143
0.00357542
0.0047997
0.00417736
0.00450723
0.00480007
0.00461734
0.00417772
0.00557522
0.00482316
0.00462209
0.0997098
0.00589477
0.00528278
0.0999837
0.0868946
0.00616864
0.00432827
0.00380232
0.00437904
0.00311186
0.00297858
0.00370689
0.0049815
0.00433369
0.00482021
0.00473791
0.00500079
0.00450977
0.0042573
0.00473542
0.00450728
0.00503727
0.00491735
0.00504507
0.116885
0.100082
0.00565523
0.00473749
0.00453396
0.00484989
0.137635
0.117011
0.00578125
0.00297752
0.00279558
0.00370583
0.00358383
0.00368107
0.00300612
0.0038169
0.00400032
0.00392421
0.00351656
0.0038146
0.00371991
0.00448831
0.00360087
0.00369013
0.00318279
0.00365333
0.00351423
0.00351684
0.00380245
0.00381488
0.00493459
0.00491609
0.00477206
0.00474908
0.00493403
0.0047715
0.00487133
0.00487008
0.00493477
0.00439792
0.00469691
0.00478751
0.0047277
0.00439802
0.00478761
0.0040447
0.00469442
0.00439542
0.00503653
0.00500256
0.00473968
0.00513563
0.005038
0.0050458
0.00513549
0.00500389
0.00503786
0.0047912
0.00532904
0.00487113
0.20003
0.178963
0.00640411
0.00435741
0.00409461
0.0039879
0.00368665
0.00415708
0.00410358
0.00462507
0.00449604
0.00436088
0.00472928
0.0047892
0.00487037
0.00474872
0.00472915
0.00487024
0.0040432
0.00404251
0.00439324
0.00307435
0.00324309
0.00272286
0.00297076
0.00307343
0.00272194
0.00344723
0.00324552
0.00307678
0.00366986
0.0034494
0.00330166
0.00377435
0.00393876
0.00345188
0.00383613
0.00377474
0.00367273
0.00424203
0.00425376
0.003943
0.00418847
0.00425546
0.00450544
0.0033695
0.00357273
0.00393874
0.00358619
0.00393946
0.0038501
0.00344893
0.00358253
0.00324722
0.00394169
0.00425245
0.00385234
0.00345125
0.00393812
0.00358485
0.0037765
0.00409251
0.00394091
0.00435911
0.00449427
0.00409631
0.00453033
0.00425573
0.004244
0.00418601
0.00417311
0.00385289
0.00425327
0.00418628
0.00385316
0.00450517
0.0041753
0.0041882
0.00404803
0.00374326
0.00400049
0.00374246
0.00404723
0.00376292
0.00578667
0.137262
0.00540801
0.00504926
0.00606865
0.00513909
0.157934
0.137773
0.0062985
0.00504473
0.00491701
0.0049355
0.178314
0.00665019
0.00575519
0.00503662
0.00485217
0.0049167
0.00564821
0.157491
0.00585513
0.00500491
0.00513652
0.00534343
0.00658021
0.157493
0.00565065
0.00517376
0.00606877
0.00504938
0.178825
0.158074
0.00716133
0.0045852
0.0047474
0.00461742
0.00434584
0.00458324
0.00443462
0.0043456
0.00436431
0.004583
0.00504457
0.00493535
0.00487066
0.00516974
0.00504536
0.00487144
0.00485103
0.00469738
0.00491556
0.00434422
0.00443301
0.00410188
0.00404261
0.0043423
0.00391769
0.00436559
0.00472691
0.00458428
0.00493436
0.00474941
0.00487093
0.00477041
0.00462723
0.00473176
0.00453383
0.0046961
0.00484975
0.00449388
0.00424334
0.00409593
0.00477029
0.00469615
0.00462711
0.00453113
0.0042448
0.00449534
0.00374188
0.00376234
0.00387493
0.00478967
0.00486959
0.00487084
0.00436496
0.0043966
0.00472628
0.00474777
0.00458557
0.00472819
0.00404427
0.00439431
0.00436267
0.00551474
0.247574
0.00614317
0.00598325
0.19945
0.00582364
0.00400637
0.00454116
0.0052543
0.00375989
0.00358507
0.00329751
0.00387344
0.00376085
0.00329848
0.00404917
0.0041577
0.00392819
0.00436295
0.00405011
0.00400257
0.00436348
0.00415916
0.00405063
0.00387752
0.00453568
0.00374448
0.00424534
0.00400538
0.00525331
0.00469473
0.00404501
0.00448731
0.222237
0.00687043
0.248301
0.00533031
0.0051707
0.0048724
0.00470004
0.00532846
0.00479063
0.222076
0.200175
0.00670893
0.00380192
0.0035163
0.0036554
0.00409747
0.00380387
0.00365735
0.00408356
0.00381678
0.00380436
0.00400056
0.00424053
0.00381796
0.00450459
0.00578513
0.00637378
0.00381703
0.00423959
0.00372234
0.0039242
0.0039995
0.0038169
0.00374284
0.00392396
0.00400007
0.00374284
0.00399925
0.00392395
0.00374489
0.00453609
0.00400131
0.00450067
0.00636987
0.00461791
0.00551193
0.00530451
0.247571
0.00365024
0.00404002
0.0040407
0.0040722
0.293187
0.27011
0.00356893
0.00221518
0.00447742
0.00404125
0.00357506
0.00448355
0.00403845
0.00364867
0.00357226
0.00314444
0.00281284
0.00220819
0.00525927
0.00578056
0.0042513
0.00371948
0.00368728
0.00351613
0.00487353
0.00369208
0.0046102
0.00647456
0.00488287
0.00461954
0.00502027
0.00383012
0.00487536
0.00317676
0.00318119
0.00351263
0.00368546
0.00317845
0.00351432
0.00291682
0.00266794
0.00317305
0.00460593
0.00368781
0.00360125
0.00238945
0.00266531
0.00291419
0.00202588
0.00206587
0.00172989
0.00289715
0.00314929
0.00241676
0.0029036
0.00358664
0.0032919
0.00265887
0.00289727
0.00232785
0.00309181
0.00370395
0.00290332
0.00239562
0.00315622
0.00317738
0.00188365
0.00238769
0.00207917
0.00188551
0.00263314
0.00238955
0.00356772
0.00391215
0.00316259
0.0036457
0.0035668
0.0031556
0.00364866
0.00403913
0.00356977
0.00266881
0.00317836
0.00317392
0.00239133
0.00266355
0.0023877
0.00239397
0.00317574
0.0026662
0.00536862
0.00310637
0.269144
0.248458
0.00619194
0.269967
0.00356447
0.00314696
0.00221071
0.00289711
0.00261105
0.00232769
0.00260677
0.00187493
0.0020683
0.00484359
0.00474577
0.00405043
0.0036215
0.412243
0.00328871
0.00252607
0.00281391
0.00314551
0.0026374
0.0031544
0.0023938
0.0067973
0.00489018
0.00648187
0.00191195
0.00153361
0.00268078
0.00373946
0.00293821
0.360503
0.00253572
0.00179048
0.00173448
0.31658
0.00499061
0.339926
0.00178715
0.00154508
0.00173116
0.00252062
0.00179312
0.00253836
0.00263994
0.00315087
0.00315694
0.00178973
0.00216348
0.00188194
0.00252549
0.00314875
0.00263782
0.00281188
0.00252404
0.00254178
0.338876
0.00394058
0.00367048
0.316421
0.293343
0.00422761
0.00357066
0.00404002
0.0039151
0.00315039
0.0036443
0.0031542
0.00315178
0.00356928
0.00364569
0.31545
0.00325619
0.00386085
0.00449046
0.00369229
0.00424174
0.005778
0.00449746
0.00424874
0.00460863
0.00360395
0.00449139
0.00647957
0.00462455
0.00637651
0.00289982
0.00266142
0.00308832
0.00238937
0.00238574
0.00208085
0.00373256
0.00427087
0.00433965
0.00382566
0.00368944
0.0048709
0.00389551
0.00309521
0.00372715
0.00265596
0.00232494
0.00202984
0.00381728
0.00315399
0.00290185
0.00290498
0.00370561
0.00358802
0.00315075
0.00308916
0.00266226
0.00389544
0.00370728
0.00309514
0.00290288
0.00359554
0.00368209
0.00314664
0.00315046
0.0025272
0.00410101
0.00443214
0.00408661
0.00391558
0.00409785
0.00365773
0.00391788
0.00434249
0.00410015
0.00316288
0.00391245
0.00365459
0.0040441
0.0043625
0.00434379
0.00216845
0.0025222
0.00263453
0.00188476
0.00216631
0.00263239
0.00179187
0.00251937
0.00216562
0.00679243
0.00503022
0.00488531
0.00679862
0.00673066
0.00503641
0.361635
0.340076
0.00487079
0.384145
0.36178
0.00421474
0.00641103
0.00532684
0.00524306
0.00191434
0.00268317
0.00224713
0.384272
0.00451909
0.399478
0.0015292
0.00173029
0.00154421
0.382941
0.00280966
0.00318799
0.382941
0.00301014
0.00280906
0.00390389
0.00463135
0.00469646
0.00172735
0.00154507
0.00178714
0.00207696
0.00172944
0.00188144
0.00206426
0.001546
0.00172828
0.00153348
0.00187339
0.00268065
0.00152967
0.00154468
0.00186958
0.00470444
0.0052687
0.00565351
0.00434142
0.00463015
0.0039027
0.00434617
0.0053179
0.0046349
0.00590517
0.00631617
0.00652272
0.00556529
0.00575963
0.00565281
0.00589975
0.00556576
0.00565328
0.00556274
0.00527066
0.00538029
0.00575807
0.0051023
0.00565125
0.00461741
0.413572
0.399576
0.00475001
0.00546349
0.00469769
0.00404992
0.00474527
0.00469294
0.00269328
0.00329222
0.00389255
0.00359563
0.00483973
0.00404657
0.00594915
0.0056824
0.00661313
0.00424704
0.0048404
0.00359631
0.0049247
0.00567307
0.00484962
0.423631
0.413654
0.00503204
0.00469934
0.00546515
0.00524331
0.00589173
0.0056517
0.00510275
0.00589238
0.00492287
0.00602621
0.00663729
0.00589813
0.00603197
0.00631324
0.00565576
0.00589579
0.00328793
0.00268899
0.00261357
0.00469011
0.00390175
0.00404709
0.00550316
0.005246
0.00546784
0.00523807
0.00390575
0.00469411
0.00225376
0.0026898
0.00388906
0.00695282
0.00664443
0.00711254
0.00589942
0.0055528
0.00556542
0.00588927
0.00510029
0.00491976
0.00694716
0.00845544
0.434015
0.423715
0.00834065
0.435409
0.00642284
0.00700034
0.00783344
0.00551227
0.00641514
0.00702054
0.005363
0.00475018
0.00484799
0.00522991
0.00226228
0.00389759
0.422276
0.00664469
0.00690185
0.422266
0.0036662
0.00663383
0.0066193
0.00652723
0.00695078
0.0074577
0.00697675
0.00703561
0.00617899
0.00566056
0.00590183
0.00568318
0.00618145
0.00661391
0.00567998
0.00565981
0.00617825
0.00594324
0.00485303
0.00567649
0.00658181
0.00595216
0.00661512
0.00586483
0.00546741
0.00475393
0.00657932
0.00587254
0.00594967
0.00658088
0.00641488
0.0058741
0.00576055
0.00538375
0.00610916
0.00565846
0.00555311
0.00589973
0.00469858
0.00491944
0.00425099
0.00526529
0.00470103
0.00463591
0.0051112
0.00526666
0.00463729
0.005551
0.00565635
0.00527154
0.00565235
0.00492414
0.00470328
0.00732709
0.00724106
0.00753753
0.00766936
0.0074617
0.00753941
0.00762826
0.00766992
0.00753997
0.00763253
0.0078375
0.0070044
0.00745978
0.00763126
0.00700313
0.0077579
0.00701475
0.00609087
0.00658464
0.00699615
0.00641865
0.00703007
0.00703299
0.00662023
0.00745758
0.00700093
0.00697663
0.00425148
0.00491993
0.00484484
0.0037101
0.00424325
0.00359251
0.0037138
0.00469454
0.00424695
0.00202592
0.00172992
0.00207744
0.00532975
0.00641394
0.00611116
0.00575872
0.00556438
0.00538193
0.00524313
0.00503119
0.00672544
0.00434818
0.00523614
0.00531992
0.00434468
0.0042759
0.00523264
0.00511138
0.00463747
0.00532047
0.00537896
0.00511387
0.00532296
0.00537878
0.00526915
0.00511369
0.0061077
0.0053823
0.00532629
0.00556331
0.00555069
0.00527123
0.00289628
0.00239023
0.00291496
0.00381905
0.00290363
0.00368284
0.00315432
0.00372466
0.00309272
0.00241596
0.00314849
0.00266
0.00373132
0.0043384
0.00389968
0.00382005
0.0037271
0.00315676
0.00427818
0.00502298
0.00523492
0.00382378
0.00426914
0.00373083
0.0038281
0.00501825
0.00427346
0.00356517
0.00316005
0.00315397
0.0040845
0.0038053
0.00409891
0.00436452
0.00408749
0.00443303
0.00400086
0.00381744
0.00408421
0.0031816
0.00316043
0.00365214
0.00317615
0.0035939
0.00291993
0.00317872
0.00368574
0.00359647
0.00372191
0.00423917
0.00368971
0.00290032
0.002919
0.00359298
0.00206474
0.00187137
0.00154648
0.00202787
0.00232297
0.00206786
0.00238453
0.00202811
0.00207964
0.00241221
0.00265625
0.00203013
0.00238564
0.0024113
0.00202923
0.00238855
0.0028946
0.00241421
0.00260883
0.00268426
0.001877
0.00232491
0.00260828
0.00206981
0.00329675
0.00404242
0.00389708
0.00290033
0.00328864
0.00261428
0.00359045
0.00404139
0.00329572
0.00172847
0.00178827
0.00188048
0.00524777
0.00673009
0.00641574
0.00703312
0.00723936
0.0073254
0.00703535
0.00703244
0.00732472
0.00745887
0.00703678
0.00732615
0.00697382
0.00658662
0.00703269
0.00662099
0.00695247
0.00702981
0.00618427
0.00652466
0.00661673
0.00618188
0.00590472
0.00652227
0.0049274
0.00565562
0.00567578
0.00469337
0.00371264
0.00390081
0.00565579
0.00631326
0.00590226
0.00632006
0.00664177
0.00695016
0.00517755
0.00602381
0.00492047
0.00623521
0.00532436
0.00577051
0.00631653
0.00589909
0.00663824
0.00517959
0.00532237
0.00623322
0.00640995
0.00550707
0.00547175
0.441129
0.00848708
0.00929228
0.440261
0.435469
0.00990951
0.00768114
0.00748398
0.0075643
0.00609318
0.00783444
0.00762947
0.00723992
0.00711607
0.00741034
0.00661626
0.00661523
0.00595228
0.00642293
0.00783353
0.00702833
0.00658651
0.00697371
0.00699801
0.00547297
0.00587039
0.00641116
0.00661874
0.0070315
0.00658543
0.005367
0.00485199
0.0059422
0.00586849
0.00537041
0.00594561
0.00586449
0.00475359
0.00536641
0.00661987
0.00702869
0.00661885
0.00746233
0.00776456
0.00763382
0.00753827
0.00746055
0.00732783
0.00750836
0.00843224
0.430171
0.442569
0.00899139
0.439461
0.00762922
0.00775996
0.00609293
0.00767012
0.00776468
0.00746245
0.00767113
0.00776398
0.00776569
0.442575
0.440284
0.00993336
0.00638465
0.00623877
0.00577407
0.00651819
0.00685833
0.00664213
0.00624006
0.00651408
0.0060327
0.00624283
0.00685699
0.00651685
0.00718868
0.00719303
0.00741042
0.00686215
0.00718659
0.00711405
0.00686167
0.00697311
0.00718611
0.00718722
0.00697422
0.00719156
0.00664412
0.00686033
0.00711223
0.0062424
0.00638828
0.00685656
0.00518196
0.00623559
0.00602823
0.00639073
0.00697045
0.006859
0.00633748
0.00638498
0.0057744
0.00634086
0.0066269
0.00654151
0.00638922
0.00654237
0.00683739
0.007483
0.00753863
0.00741256
0.00706092
0.00719114
0.0069738
0.00693279
0.00705921
0.00672068
0.0071894
0.00732606
0.0070621
0.00693436
0.00718809
0.00706078
0.006637
0.00693138
0.00671926
0.00663853
0.00717509
0.00693291
0.00748229
0.00741186
0.00732821
0.00700806
0.00763387
0.00871501
0.431553
0.00981402
0.41928
0.00619276
0.00663347
0.00640198
0.00615812
0.00618872
0.00567004
0.00652125
0.00663387
0.00619316
0.0065234
0.00683384
0.00663602
0.0061625
0.00644687
0.00672084
0.00519999
0.00585572
0.00566572
0.00558826
0.00539791
0.00624981
0.00519973
0.00558628
0.00585546
0.00519625
0.00481944
0.0055828
0.00716463
0.00683562
0.00652518
0.00783243
0.00717166
0.00763147
0.00738323
0.00756228
0.00717969
0.0078316
0.0073841
0.00717083
0.00783292
0.00756447
0.00738542
0.00717877
0.00748105
0.00719031
0.00740912
0.00701917
0.00776233
0.00651542
0.00663936
0.00603404
0.00741017
0.00711589
0.00718842
0.00732724
0.00741089
0.00719349
0.00706211
0.00732607
0.00719232
0.00719081
0.00748155
0.00732747
0.00753782
0.00724134
0.00741175
0.00694978
0.00652623
0.00631967
0.0072384
0.00695482
0.00711454
0.00723812
0.00703188
0.00695454
0.00636909
0.00668711
0.00661716
0.00603137
0.00636499
0.00604795
0.00640391
0.00671767
0.00668757
0.00603255
0.00640055
0.00636618
0.00603196
0.00619074
0.00639996
0.00718002
0.00756261
0.0074823
0.00693475
0.00717694
0.00718848
0.00683849
0.0071675
0.00738077
0.00787957
0.00768247
0.00756562
0.00700621
0.00796331
0.00783299
0.00741291
0.00776612
0.0081488
0.00762763
0.00753935
0.00748372
0.00768136
0.00762811
0.0074842
0.0076823
0.00776356
0.00762904
0.00783458
0.00788008
0.00756613
0.00776352
0.00767067
0.00762901
0.00814971
0.00776531
0.00768404
0.00814999
0.0077673
0.00776559
0.439424
0.00895464
0.431617
0.00754786
0.441126
0.00928912
0.00788153
0.0081501
0.00768443
0.00796625
0.00788142
0.00783593
0.00796731
0.00815105
0.00788248
0.419169
0.0100934
0.3982
0.417861
0.00839534
0.00878529
0.00640274
0.00668639
0.00636837
0.00683603
0.00717477
0.00663821
0.00683882
0.00697038
0.00639066
0.00668844
0.00683839
0.00654338
0.00705975
0.00697262
0.00684107
0.00700509
0.00783187
0.00763091
0.398054
0.00954263
0.376131
0.00796573
0.00741358
0.00814947
0.396823
0.00926865
0.00831154
0.396825
0.00871786
0.00927001
0.0062496
0.00648734
0.00689185
0.374828
0.00824025
0.00994721
0.00636842
0.00661649
0.00648682
0.00588909
0.00696666
0.00660646
0.00604522
0.00527806
0.00660134
0.00540771
0.00604545
0.00624316
0.00526718
0.00475782
0.00463393
0.00603905
0.00476254
0.00527189
0.00603914
0.00529762
0.00476263
0.00568001
0.00604356
0.00540582
0.00527587
0.00567744
0.00540324
0.00527796
0.0060265
0.00567953
0.0109913
0.337126
0.358122
0.376003
0.0111217
0.358252
0.0071944
0.00710016
0.00816071
0.00715167
0.00719457
0.00816088
0.00714686
0.00672662
0.00718976
0.00763103
0.00715166
0.00772245
0.00762776
0.00716796
0.00672816
0.00882944
0.335954
0.00981916
0.00763629
0.00772771
0.00871742
0.00710449
0.00848623
0.00816505
0.00463035
0.00423949
0.00471467
0.00532307
0.00463626
0.00539992
0.00414921
0.00423759
0.00462845
0.00397126
0.00414873
0.00475187
0.00377778
0.00397001
0.00475062
0.003773
0.0033273
0.00396523
0.00396648
0.00332855
0.00414396
0.0065248
0.00672445
0.00716426
0.00625122
0.00689347
0.00696883
0.00540716
0.00624261
0.00588265
0.00648769
0.00661736
0.00662764
0.00604907
0.00648451
0.00624677
0.00604947
0.00636651
0.00648492
0.00614599
0.00701321
0.00625708
0.00377858
0.00332576
0.00349905
0.00481654
0.00519335
0.00471849
0.00529251
0.00481629
0.00454547
0.00539311
0.00558347
0.0048201
0.00527752
0.00588342
0.00660079
0.00415094
0.00463018
0.00475408
0.0053268
0.00587914
0.00527324
0.00463582
0.00532263
0.00526907
0.00540409
0.00587958
0.00532724
0.00701635
0.00614913
0.00719268
0.335952
0.00882759
0.00926601
0.00672809
0.00714833
0.0076277
0.00615961
0.00586154
0.00644398
0.00619157
0.00616097
0.00651967
0.00566893
0.00585893
0.00615701
0.00645155
0.00709442
0.00718867
0.00816266
0.00772424
0.00715345
0.306378
0.00916932
0.0094905
0.307477
0.336954
0.0102682
0.0047207
0.00527266
0.00540003
0.00481334
0.00471529
0.0042401
0.00519488
0.00527197
0.00472002
0.00625332
0.00644339
0.00559177
0.00566377
0.00527514
0.00519804
0.00559045
0.00644207
0.00585963
0.00614058
0.00625166
0.00539976
0.00645031
0.00718742
0.00672428
0.00652144
0.00616275
0.00672109
0.00625835
0.0070913
0.00644843
0.00602907
0.00604566
0.0056821
0.00618829
0.00602951
0.00566961
0.00663523
0.00671749
0.00640374
0.00566655
0.00602645
0.00527792
0.00683852
0.0073808
0.00717726
0.00668976
0.00671986
0.0070584
0.00684012
0.00669017
0.0070588
0.00634006
0.00654071
0.00638755
0.00661775
0.0066877
0.00654264
0.00662783
0.00661755
0.00654244
0.00662881
0.00696387
0.00648885
0.00648974
0.00696476
0.00689425
0.00624784
0.00696546
0.00588788
0.00378152
0.00528936
0.00455178
0.00378074
0.00414333
0.00332792
0.00475505
0.00529004
0.00378221
0.00377454
0.0045448
0.00320745
0.00848412
0.00702557
0.00761448
0.00701638
0.00709321
0.00626025
0.00761016
0.00702125
0.00719758
0.00837558
0.0076147
0.00720212
0.00814262
0.00837735
0.00720389
0.214533
0.248135
0.00987341
0.24832
0.27032
0.00929719
0.0084824
0.00710066
0.00702384
0.269519
0.00936497
0.00849533
0.270521
0.307255
0.0103675
0.00320336
0.00332474
0.00377044
0.0038939
0.00320786
0.0045452
0.00244723
0.00249295
0.00319615
0.00274178
0.00239391
0.00250395
0.00330192
0.00274483
0.002507
0.00330436
0.00323365
0.00274726
0.00293471
0.00332194
0.00320056
0.00249458
0.00293194
0.00319778
0.00322976
0.00249289
0.00239551
0.00328762
0.0034961
0.00293559
0.00323274
0.00328527
0.00249588
0.00323853
0.00422075
0.00329106
0.0037851
0.00453849
0.00423607
0.00414638
0.00378378
0.00423476
0.00350229
0.00429211
0.00378182
0.00249487
0.00328426
0.00293223
0.00324161
0.00420859
0.00422383
0.00274422
0.0032306
0.00239635
0.00523007
0.00520808
0.00619045
0.00539214
0.00481913
0.00529535
0.00454194
0.00481276
0.00423952
0.00612304
0.00718968
0.00614614
0.00478035
0.00430111
0.00519587
0.0054408
0.00478417
0.0051997
0.00615657
0.0054454
0.0052043
0.00611437
0.00529986
0.00544558
0.0045403
0.00378691
0.00477644
0.00708892
0.00798081
0.0081409
0.00616568
0.00620016
0.00717431
0.00662592
0.00616678
0.00707778
0.0071945
0.00662937
0.00708123
0.0061212
0.00616357
0.00662271
0.00520358
0.00522994
0.00615584
0.0052954
0.00478449
0.00544112
0.00522345
0.00421849
0.00520146
0.00429936
0.00423075
0.00522048
0.00429047
0.00350065
0.00329217
0.00721588
0.00620922
0.0072025
0.00611726
0.00544847
0.00615963
0.00521134
0.00619916
0.00619739
0.00332293
0.00293571
0.00349622
0.00720838
0.00710971
0.00807473
0.00721578
0.00717783
0.00620368
0.00829636
0.00722288
0.0072095
0.00829627
0.00718485
0.0072228
0.00614614
0.00520339
0.00612662
0.00614313
0.00522947
0.00520038
0.00709968
0.0061525
0.00613298
0.00619906
0.00523282
0.00614648
0.00717726
0.00707963
0.00616863
0.00520809
0.00522967
0.00619591
0.00520146
0.00421849
0.00522303
0.00318986
0.00390308
0.00354843
0.00524567
0.00428907
0.00443363
0.00422016
0.00420882
0.00331255
0.00519417
0.00522325
0.00429154
0.00428829
0.00522001
0.00422681
0.00471856
0.00539789
0.00463423
0.00245351
0.00388847
0.00367772
0.00249025
0.00244453
0.00239287
0.00320083
0.00388687
0.00245191
0.00244784
0.00367206
0.00220049
0.00529977
0.00613738
0.00539657
0.00378609
0.00429638
0.00477562
0.0061167
0.0061398
0.00530219
0.00662616
0.00719129
0.00612465
0.175449
0.00870587
0.00854577
0.198231
0.214365
0.00970594
0.00918176
0.247443
0.00842088
0.00219639
0.00250212
0.00239208
0.00244355
0.00219619
0.00239189
0.00367671
0.0038328
0.00220514
0.00719956
0.0070863
0.00813828
0.00901606
0.00878133
0.197541
0.00615609
0.00710327
0.00720194
0.176085
0.198101
0.00934196
0.250402
0.220446
0.242203
0.265261
0.250552
0.242354
0.226238
0.219252
0.176861
0.253192
0.226555
0.237474
0.253245
0.253184
0.226607
0.253317
0.253377
0.266035
0.26795
0.253365
0.266084
0.247892
0.219579
0.253143
0.199017
0.220257
0.237272
0.284235
0.269472
0.280025
0.316877
0.274752
0.282634
0.266454
0.266024
0.271151
0.266336
0.267079
0.266441
0.264476
0.266327
0.266432
0.265568
0.267076
0.266333
0.261313
0.264853
0.258866
0.269648
0.271002
0.265592
0.268104
0.269636
0.264911
0.255827
0.262655
0.261295
0.27092
0.273368
0.268137
0.274343
0.271031
0.269677
0.262445
0.26719
0.259453
0.265591
0.262439
0.259141
0.269237
0.267222
0.262478
0.269185
0.273456
0.269281
0.265583
0.270993
0.267092
0.273473
0.274296
0.269298
0.275855
0.273484
0.271049
0.275866
0.274318
0.273495
0.274364
0.275858
0.271052
0.274388
0.278315
0.275882
0.279909
0.278342
0.278547
0.274347
0.279257
0.27879
0.275899
0.278331
0.279261
0.199038
0.237292
0.226373
0.242436
0.274998
0.265343
0.265629
0.266008
0.267075
0.262473
0.265625
0.269232
0.259141
0.262627
0.265592
0.252131
0.25907
0.254765
0.241043
0.252071
0.254704
0.250059
0.25833
0.252113
0.26564
0.267086
0.269151
0.26265
0.265993
0.265615
0.258395
0.262602
0.259117
0.258418
0.265969
0.262625
0.269381
0.27116
0.266034
0.264108
0.276658
0.279982
0.250099
0.263947
0.258369
0.254683
0.276573
0.264023
0.274818
0.316943
0.302248
0.26377
0.255075
0.274482
0.30207
0.263928
0.27464
0.279141
0.245891
0.263755
0.259152
0.264465
0.270246
0.269442
0.284206
0.271221
0.317496
0.317021
0.282778
0.317378
0.284396
0.280186
0.262728
0.270884
0.268101
0.261336
0.262696
0.268069
0.255155
0.260887
0.262651
0.255807
0.255138
0.262634
0.270977
0.269923
0.269678
0.25408
0.254291
0.264529
0.254284
0.255926
0.260385
0.264564
0.254326
0.264537
0.254013
0.244466
0.254224
0.280692
0.275244
0.300561
0.280574
0.265471
0.275126
0.280177
0.280698
0.29733
0.280091
0.271785
0.280612
0.3153
0.296287
0.28707
0.328189
0.315442
0.297606
0.333731
0.296444
0.315457
0.266148
0.268718
0.271626
0.272098
0.272051
0.280064
0.263828
0.253081
0.257995
0.354421
0.333926
0.315651
0.257965
0.24985
0.258099
0.266143
0.258041
0.264501
0.253034
0.249833
0.257948
0.250512
0.257909
0.23757
0.26908
0.271994
0.266205
0.265331
0.269066
0.268707
0.27172
0.272013
0.269098
0.265408
0.271685
0.265329
0.280063
0.27205
0.271757
0.27695
0.278528
0.275767
0.274134
0.276936
0.275753
0.272241
0.276361
0.276931
0.266286
0.277486
0.277246
0.277292
0.277533
0.280161
0.267287
0.277245
0.276345
0.267253
0.266252
0.277212
0.253305
0.26789
0.248054
0.277628
0.274141
0.273062
0.27703
0.277637
0.273072
0.278731
0.275767
0.277652
0.280767
0.300635
0.297398
0.275694
0.266338
0.268026
0.278745
0.280166
0.277538
0.277053
0.278797
0.278739
0.270475
0.277006
0.273048
0.273472
0.274327
0.27877
0.270476
0.273454
0.277007
0.270443
0.267263
0.273421
0.274337
0.275885
0.279248
0.277288
0.279898
0.276387
0.297557
0.300794
0.32814
0.354402
0.315633
0.32838
0.26992
0.269073
0.266198
0.258062
0.265294
0.26867
0.266102
0.258065
0.268673
0.253298
0.237579
0.257918
0.265459
0.280563
0.271736
0.250604
0.265234
0.258001
0.22043
0.250386
0.237444
0.265338
0.265258
0.250629
0.241451
0.240705
0.249737
0.262404
0.259411
0.2548
0.274295
0.273441
0.269298
0.27041
0.263413
0.267229
0.269274
0.273417
0.267259
0.269191
0.271026
0.273462
0.265647
0.269159
0.269255
0.267104
0.271005
0.269169
0.275725
0.277482
0.266369
0.274143
0.27763
0.273816
0.27873
0.277523
0.275767
0.279277
0.280172
0.278809
0.279903
0.27854
0.276392
0.279281
0.279918
0.280176
0.279274
0.278345
0.279912
0.260049
0.258107
0.250161
0.255676
0.260041
0.250153
0.267039
0.264511
0.260127
0.270409
0.26707
0.263412
0.273035
0.274113
0.269306
0.273481
0.278779
0.277035
0.258039
0.266141
0.263871
0.260097
0.264481
0.258155
0.269287
0.271641
0.269939
0.269076
0.265341
0.271697
0.269929
0.268722
0.269081
0.264541
0.269905
0.266183
0.271639
0.268731
0.269937
0.264551
0.269263
0.269915
0.274123
0.273796
0.27167
0.266051
0.253393
0.258013
0.250026
0.240691
0.236996
0.258072
0.249824
0.250127
0.25572
0.26334
0.260085
0.264474
0.258014
0.258148
0.273769
0.266165
0.271643
0.271977
0.263918
0.266187
0.252979
0.241492
0.249778
0.163068
0.177355
0.164112
0.166996
0.162986
0.14971
0.167104
0.18177
0.163093
0.263833
0.259648
0.253087
0.357913
0.429148
0.366497
0.164356
0.151555
0.160665
0.179413
0.164449
0.160758
0.178345
0.178662
0.164506
0.193956
0.192431
0.179617
0.17863
0.168768
0.164474
0.180545
0.195095
0.197427
0.165894
0.180394
0.181256
0.165863
0.171994
0.180362
0.155362
0.141757
0.151462
0.164396
0.168691
0.155495
0.161124
0.145326
0.155406
0.240318
0.226717
0.227102
0.171983
0.161302
0.181897
0.132915
0.145166
0.135817
0.13289
0.131972
0.141616
0.239611
0.226686
0.226714
0.189637
0.20447
0.209014
0.258441
0.269339
0.265991
0.252143
0.25836
0.259082
0.250086
0.254594
0.263934
0.254324
0.25064
0.267367
0.176705
0.219097
0.179975
0.26771
0.274087
0.270985
0.26572
0.258
0.267318
0.276953
0.276382
0.27853
0.26724
0.272179
0.267483
0.26727
0.276328
0.272209
0.246792
0.266092
0.250018
0.272202
0.27409
0.267506
0.2773
0.280169
0.279911
0.278735
0.277656
0.277049
0.28017
0.278749
0.278807
0.275751
0.273821
0.277636
0.273398
0.27095
0.27714
0.278316
0.273423
0.277165
0.274351
0.269685
0.273384
0.277142
0.270952
0.273878
0.275753
0.277158
0.273895
0.278306
0.27438
0.273413
0.276724
0.261964
0.301919
0.276566
0.254676
0.261805
0.317004
0.276909
0.302104
0.269332
0.258434
0.264011
0.240371
0.227155
0.242537
0.254491
0.240463
0.242629
0.249997
0.252051
0.239774
0.279958
0.269404
0.264084
0.31693
0.280159
0.276835
0.317067
0.317488
0.280296
0.143901
0.151932
0.13868
0.226631
0.214584
0.227016
0.233241
0.243917
0.247029
0.239658
0.240908
0.226733
0.24036
0.239657
0.226759
0.240438
0.249958
0.239735
0.181926
0.18136
0.195425
0.231002
0.240642
0.241388
0.167165
0.181265
0.181831
0.225239
0.240588
0.230948
0.216165
0.212867
0.226561
0.218944
0.204592
0.216112
0.225106
0.209193
0.222618
0.18951
0.195068
0.180519
0.149487
0.135872
0.145221
0.233217
0.247006
0.236961
0.269282
0.267098
0.273011
0.271655
0.269301
0.274108
0.264542
0.267069
0.269254
0.240734
0.250069
0.249766
0.255718
0.259417
0.263337
0.237017
0.247062
0.250047
0.252023
0.254765
0.259376
0.254677
0.243969
0.241016
0.267102
0.270442
0.273015
0.260123
0.263378
0.267035
0.247125
0.255633
0.25011
0.247092
0.24398
0.251946
0.259456
0.267193
0.263376
0.252026
0.259379
0.25568
0.247131
0.251985
0.255639
0.244005
0.254714
0.251971
0.254799
0.259104
0.262403
0.343087
0.334095
0.377683
0.246764
0.229802
0.230656
0.254529
0.246847
0.230739
0.261691
0.254562
0.2427
0.301923
0.261967
0.277786
0.261666
0.242675
0.24691
0.354442
0.343255
0.407536
0.312305
0.310502
0.357335
0.357476
0.310643
0.354165
0.296402
0.333689
0.302961
0.259738
0.266802
0.276962
0.287074
0.297468
0.315304
0.354702
0.407796
0.42073
0.333845
0.342837
0.303117
0.277204
0.296212
0.302772
0.354629
0.377722
0.334134
0.37793
0.407615
0.343334
0.114838
0.125556
0.117972
0.160775
0.169564
0.17943
0.178782
0.198635
0.180025
0.15034
0.146681
0.159615
0.151423
0.141212
0.144349
0.144311
0.134825
0.146578
0.135751
0.125676
0.132849
0.166408
0.173418
0.173755
0.130783
0.125955
0.118026
0.143821
0.130902
0.135805
0.13855
0.126024
0.130852
0.14383
0.13861
0.130912
0.151951
0.149579
0.138699
0.15786
0.151996
0.143965
0.165849
0.181212
0.167111
0.149661
0.161194
0.171875
0.204517
0.196694
0.216037
0.222582
0.204613
0.218966
0.189546
0.1821
0.20438
0.204403
0.182124
0.196581
0.195164
0.189605
0.208982
0.216524
0.195254
0.209073
0.197381
0.181362
0.180499
0.172078
0.181992
0.189438
0.157945
0.14965
0.171864
0.152069
0.157933
0.165721
0.143957
0.149556
0.157852
0.155341
0.145261
0.141736
0.181924
0.161328
0.179911
0.149571
0.145306
0.161105
0.165788
0.157999
0.171918
0.143883
0.135868
0.149482
0.180029
0.196499
0.182042
0.20458
0.222549
0.209124
0.230269
0.21903
0.216198
0.233076
0.222678
0.219061
0.172073
0.189433
0.180442
0.216486
0.197547
0.195215
0.221366
0.232975
0.232182
0.212231
0.221296
0.232112
0.207946
0.216607
0.22123
0.236913
0.240608
0.225259
0.230976
0.241362
0.233038
0.167014
0.1521
0.165752
0.195485
0.199384
0.181986
0.197431
0.195477
0.181412
0.233112
0.241436
0.252923
0.207867
0.19759
0.216528
0.230854
0.221307
0.216684
0.212064
0.195614
0.207846
0.221362
0.230909
0.232971
0.181841
0.188302
0.163164
0.21212
0.220464
0.199568
0.21215
0.207931
0.221215
0.256718
0.259704
0.276928
0.232366
0.256546
0.253008
0.245503
0.259599
0.256612
0.232341
0.245412
0.256521
0.232262
0.233056
0.245333
0.188287
0.177437
0.16315
0.19936
0.188423
0.181963
0.199451
0.209257
0.188515
0.212036
0.199484
0.195586
0.19752
0.207797
0.195565
0.226046
0.220553
0.212209
0.188407
0.198989
0.177557
0.220455
0.209364
0.199559
0.220579
0.236561
0.209488
0.253025
0.259587
0.245491
0.164133
0.18526
0.161365
0.198988
0.187921
0.177555
0.199119
0.216609
0.188052
0.149516
0.133184
0.138636
0.266758
0.259694
0.263879
0.272027
0.266799
0.26392
0.272144
0.286867
0.278754
0.342924
0.354111
0.308892
0.312011
0.31069
0.26923
0.275326
0.311892
0.269111
0.308528
0.310224
0.277847
0.302815
0.308503
0.277822
0.303033
0.342753
0.308721
0.308783
0.354002
0.31048
0.357522
0.366105
0.312491
0.311014
0.312335
0.365949
0.17642
0.176221
0.178247
0.196604
0.185704
0.189633
0.178245
0.17822
0.173811
0.176229
0.178929
0.17823
0.178228
0.178253
0.176227
0.178961
0.185607
0.178262
0.173458
0.178229
0.173795
0.166327
0.159724
0.16332
0.178158
0.166424
0.173771
0.178144
0.169578
0.16641
0.20698
0.212065
0.19675
0.166348
0.169516
0.159745
0.17822
0.178198
0.17381
0.185624
0.184122
0.178257
0.178203
0.184068
0.169637
0.189574
0.185645
0.178999
0.198062
0.184188
0.185691
0.196632
0.198104
0.185733
0.206905
0.196675
0.189704
0.212035
0.198192
0.196721
0.229066
0.212173
0.207089
0.208348
0.229613
0.212312
0.208409
0.230527
0.229674
0.214536
0.212324
0.226968
0.192495
0.202051
0.190824
0.178479
0.192416
0.190745
0.194065
0.212141
0.19254
0.184154
0.193928
0.179589
0.208229
0.212193
0.194118
0.242568
0.229842
0.246804
0.250008
0.240487
0.254516
0.22712
0.229776
0.242502
0.230377
0.226702
0.240877
0.243887
0.230435
0.240934
0.233136
0.236879
0.222738
0.243861
0.233185
0.230409
0.225159
0.230867
0.216697
0.209173
0.225086
0.216624
0.222711
0.236853
0.225199
0.208242
0.198231
0.212074
0.230469
0.208351
0.212182
0.212168
0.202122
0.192567
0.227018
0.212375
0.229675
0.214453
0.202196
0.212241
0.229145
0.230538
0.212252
0.229286
0.25447
0.23068
0.239743
0.25202
0.240993
0.247004
0.254687
0.277578
0.19817
0.208182
0.194071
0.226596
0.212902
0.226624
0.179508
0.169642
0.184073
0.155485
0.16868
0.161202
0.190699
0.17875
0.178433
0.179565
0.192379
0.178442
0.202072
0.198749
0.190845
0.198804
0.212709
0.196664
0.190767
0.198671
0.178818
0.202151
0.214408
0.198828
0.184216
0.19809
0.193991
0.214444
0.212769
0.198864
0.141108
0.13197
0.132897
0.151414
0.141709
0.141203
0.179472
0.178348
0.164508
0.168762
0.179867
0.161284
0.151538
0.164338
0.155438
0.178682
0.179925
0.16882
0.145185
0.132934
0.141661
0.277602
0.261783
0.247028
0.367752
0.364127
0.443254
0.358096
0.420813
0.42933
0.24618
0.220667
0.22616
0.252953
0.246288
0.226269
0.232264
0.252906
0.226222
0.212247
0.232128
0.226085
0.233125
0.252937
0.245403
0.277545
0.275158
0.253221
0.275107
0.268892
0.246505
0.31203
0.275464
0.310228
0.268763
0.236845
0.246377
0.354534
0.420562
0.357845
0.429425
0.440628
0.366774
0.310032
0.367103
0.30333
0.146602
0.136609
0.149757
0.163366
0.173383
0.166373
0.124122
0.115651
0.125356
0.132849
0.124211
0.134712
0.14663
0.150289
0.144363
0.131909
0.123107
0.132836
0.116042
0.114384
0.108099
0.108926
0.116024
0.10808
0.11562
0.124091
0.1161
0.13281
0.123081
0.124172
0.131908
0.132826
0.122644
0.159726
0.169498
0.160709
0.132805
0.125632
0.122623
0.185605
0.178237
0.178259
0.198694
0.196555
0.180085
0.226583
0.212862
0.214537
0.216065
0.196722
0.212767
0.230295
0.216223
0.226619
0.230326
0.233102
0.219087
0.159669
0.14989
0.163265
0.141138
0.141644
0.131999
0.144287
0.14115
0.132938
0.134779
0.144265
0.132917
0.150336
0.160594
0.14441
0.144414
0.160598
0.151488
0.14668
0.149834
0.159613
0.160645
0.150387
0.159662
0.134799
0.136559
0.146552
0.155898
0.161314
0.178303
0.166067
0.155914
0.178319
0.147108
0.135975
0.155709
0.12876
0.147045
0.143985
0.142934
0.161195
0.155779
0.128653
0.123117
0.135804
0.147033
0.163943
0.142914
0.209255
0.199096
0.188514
0.209387
0.227808
0.199228
0.246215
0.236684
0.220703
0.268824
0.264623
0.236907
0.256778
0.276988
0.277563
0.368012
0.443513
0.441498
0.437111
0.365349
0.441468
0.363679
0.311187
0.366121
0.364654
0.303513
0.367286
0.264867
0.269068
0.309575
0.277717
0.277142
0.30271
0.275349
0.277736
0.310113
0.275054
0.246452
0.253117
0.253159
0.256698
0.277483
0.286956
0.280198
0.297351
0.278835
0.286948
0.296165
0.272148
0.280114
0.286872
0.278687
0.266849
0.272076
0.277123
0.278802
0.296132
0.277025
0.266865
0.278703
0.263938
0.271997
0.272044
0.364371
0.440667
0.443498
0.310234
0.36368
0.367306
0.310045
0.310999
0.363491
0.21667
0.217165
0.188113
0.134728
0.125461
0.136488
0.236586
0.227934
0.209513
0.364113
0.366555
0.440409
0.216743
0.199252
0.227833
0.255229
0.216931
0.228021
0.217061
0.185527
0.188008
0.300741
0.361767
0.297136
0.300968
0.364628
0.361994
0.300771
0.30329
0.364431
0.255059
0.300383
0.296778
0.243812
0.254869
0.296588
0.217388
0.216893
0.254514
0.255389
0.22818
0.264549
0.254921
0.255598
0.300245
0.254642
0.21702
0.255318
0.264981
0.309689
0.302987
0.367749
0.441235
0.365116
0.437056
0.427879
0.362661
0.124186
0.12542
0.134687
0.114353
0.106603
0.108067
0.122553
0.114456
0.123014
0.114763
0.106625
0.114375
0.122525
0.114816
0.114429
0.131875
0.122611
0.123073
0.125572
0.114854
0.122563
0.112233
0.107182
0.114758
0.117927
0.112269
0.114794
0.117913
0.110485
0.112255
0.329841
0.339183
0.397479
0.385523
0.329997
0.397635
0.329439
0.27758
0.33878
0.297047
0.343909
0.291819
0.309729
0.269222
0.310682
0.300406
0.255759
0.302926
0.228118
0.23677
0.264487
0.365084
0.436845
0.36245
0.427744
0.414795
0.344757
0.261763
0.21442
0.223155
0.315348
0.262252
0.268646
0.247401
0.214502
0.261844
0.315443
0.296881
0.262347
0.239859
0.20508
0.247296
0.116092
0.122992
0.114434
0.159434
0.177392
0.154823
0.194245
0.206985
0.229766
0.164006
0.16613
0.18901
0.178583
0.206813
0.194073
0.166194
0.178447
0.193937
0.144165
0.165979
0.163856
0.147209
0.155809
0.165962
0.161413
0.185308
0.178402
0.339289
0.34446
0.414498
0.268742
0.277344
0.329204
0.291959
0.344049
0.338877
0.277453
0.291736
0.338654
0.223229
0.230067
0.26823
0.243869
0.291418
0.277135
0.222981
0.194298
0.229819
0.217478
0.254604
0.243546
0.297282
0.361913
0.344144
0.243935
0.296711
0.291484
0.302806
0.255639
0.2648
0.183115
0.214005
0.177669
0.144109
0.14717
0.165923
0.315573
0.268871
0.329332
0.385249
0.315964
0.329723
0.296653
0.247677
0.26212
0.357899
0.297201
0.315763
0.282626
0.240283
0.296697
0.230165
0.243663
0.276929
0.189301
0.194162
0.222845
0.20715
0.243429
0.229931
0.189111
0.16623
0.193973
0.18559
0.217124
0.206914
0.358195
0.316059
0.385345
0.230248
0.277012
0.26841
0.339468
0.414677
0.397764
0.096181
0.089206
0.101836
0.104959
0.0962339
0.101889
0.102063
0.101324
0.0960817
0.125388
0.114289
0.126293
0.11667
0.112659
0.12437
0.127728
0.116732
0.127911
0.141268
0.127811
0.127994
0.125196
0.115283
0.127714
0.107176
0.112601
0.116612
0.118804
0.110507
0.117935
0.133039
0.118906
0.125966
0.123006
0.117329
0.11377
0.128913
0.123061
0.118882
0.12897
0.135805
0.123118
0.121597
0.114226
0.111246
0.128586
0.121665
0.117374
0.126281
0.114276
0.121647
0.143915
0.126403
0.128691
0.138981
0.137825
0.124529
0.125465
0.13894
0.124488
0.112688
0.125377
0.124399
0.126384
0.141368
0.125479
0.141523
0.159262
0.13911
0.108858
0.104094
0.110427
0.111214
0.108904
0.117273
0.10542
0.0987573
0.103601
0.113733
0.110492
0.11879
0.123011
0.113775
0.118832
0.10889
0.110459
0.1137
0.0960659
0.0999532
0.0987138
0.10714
0.110421
0.104088
0.102098
0.106539
0.101359
0.106601
0.114739
0.107163
0.129073
0.146916
0.142796
0.129041
0.133143
0.146883
0.135871
0.129036
0.142759
0.155694
0.13596
0.142849
0.128591
0.117379
0.123055
0.117282
0.108913
0.113723
0.126032
0.138557
0.133105
0.117986
0.125915
0.118855
0.107167
0.112219
0.110448
0.12561
0.130782
0.118025
0.125669
0.135745
0.130841
0.105556
0.115154
0.10889
0.204761
0.177742
0.214078
0.357789
0.28302
0.297091
0.105419
0.103261
0.0987562
0.125521
0.14141
0.138997
0.163774
0.141555
0.144083
0.139082
0.154623
0.137926
0.163825
0.159345
0.141606
0.182986
0.164063
0.189067
0.107083
0.0980819
0.103264
0.127669
0.115238
0.111821
0.11789
0.117225
0.126144
0.0997186
0.105505
0.108839
0.0848499
0.0901759
0.0939342
0.084751
0.0742312
0.0803213
0.115193
0.117159
0.108929
0.116678
0.127674
0.111826
0.125161
0.117213
0.115247
0.182932
0.177486
0.159529
0.159483
0.163964
0.182887
0.20326
0.222959
0.214224
0.189198
0.203044
0.183117
0.189331
0.222875
0.203177
0.337422
0.283155
0.357925
0.268412
0.282855
0.337122
0.261943
0.223336
0.268337
0.204994
0.214311
0.24721
0.1832
0.203127
0.21409
0.253422
0.319701
0.294169
0.247603
0.29658
0.240166
0.337246
0.319896
0.268536
0.102076
0.0962345
0.104959
0.108889
0.108043
0.105021
0.201569
0.176532
0.204715
0.293883
0.234467
0.253136
0.176284
0.154879
0.177449
0.150088
0.155914
0.170252
0.14999
0.140999
0.155816
0.135746
0.135951
0.146897
0.176451
0.177616
0.204635
0.170492
0.176417
0.201454
0.15595
0.154807
0.176212
0.14097
0.141405
0.155788
0.154695
0.139154
0.159306
0.141391
0.137934
0.154631
0.155834
0.141451
0.154691
0.140877
0.127854
0.141312
0.125342
0.112654
0.114243
0.127971
0.124492
0.137788
0.1279
0.116721
0.124421
0.133049
0.128947
0.118916
0.14143
0.126446
0.143958
0.103583
0.0987391
0.0999784
0.108835
0.103631
0.104071
0.108859
0.111169
0.103654
0.111157
0.105462
0.103643
0.121607
0.111257
0.117316
0.114172
0.105497
0.111192
0.128616
0.126329
0.121696
0.112587
0.105502
0.114177
0.103225
0.0980436
0.0956574
0.112551
0.103307
0.105465
0.112556
0.107131
0.103312
0.0956597
0.0987234
0.103228
0.0905427
0.0956148
0.098001
0.0818493
0.0715671
0.0870507
0.0861832
0.077676
0.0842487
0.092366
0.0862532
0.0904926
0.0979902
0.0924054
0.090532
0.0980272
0.101537
0.0924423
0.0955969
0.0901862
0.086263
0.0802861
0.0708528
0.0776115
0.0891674
0.0961425
0.090348
0.0903781
0.0986803
0.0956165
0.0714608
0.0625181
0.074615
0.077582
0.0708233
0.0714985
0.0923832
0.0956043
0.0862704
0.0901304
0.0848044
0.0803747
0.0862119
0.0901351
0.0803794
0.0996178
0.0939837
0.0902255
0.0741262
0.0628985
0.070783
0.0961831
0.101836
0.089206
0.101368
0.10711
0.104058
0.090371
0.0961655
0.0960253
0.124116
0.123025
0.116124
0.101376
0.106556
0.107118
0.116049
0.108951
0.115569
0.102121
0.108026
0.106562
0.102115
0.104999
0.108021
0.344581
0.36235
0.427568
0.207108
0.217318
0.243387
0.178554
0.185461
0.206784
0.128733
0.135884
0.147018
0.164195
0.177438
0.187804
0.142961
0.163991
0.161223
0.1471
0.162967
0.16401
0.185349
0.164221
0.187831
0.149674
0.152046
0.16696
0.147052
0.149643
0.162919
0.146952
0.133211
0.149544
0.201868
0.239794
0.231009
0.218402
0.234274
0.270768
0.188352
0.201666
0.221889
0.231374
0.2825
0.268057
0.0999886
0.101344
0.104034
0.103601
0.0999962
0.104041
0.0960746
0.101317
0.0999619
0.0903795
0.0960337
0.0986817
0.0962047
0.102046
0.0960645
0.161628
0.150107
0.170271
0.182926
0.170007
0.160725
0.176833
0.195139
0.168733
0.203012
0.224257
0.183679
0.195325
0.217979
0.183202
0.246858
0.224469
0.203224
0.135772
0.146923
0.143733
0.126257
0.135668
0.133276
0.135999
0.149944
0.146944
0.126266
0.135882
0.135676
0.135904
0.127836
0.140859
0.19516
0.183037
0.168754
0.204436
0.195259
0.176953
0.161777
0.188068
0.176786
0.253335
0.268255
0.319614
0.20482
0.252837
0.234168
0.222327
0.267928
0.253008
0.188362
0.221899
0.204563
0.176929
0.188211
0.204412
0.170532
0.201493
0.18818
0.231171
0.267855
0.222254
0.218218
0.246838
0.203203
0.234021
0.218149
0.195495
0.204627
0.233976
0.19545
0.293943
0.271022
0.234527
0.270811
0.247064
0.218445
0.0961164
0.0891392
0.0819384
0.183675
0.224253
0.201971
0.150436
0.160536
0.146085
0.183497
0.17015
0.202831
0.150511
0.16853
0.160611
0.156019
0.161669
0.176678
0.0714479
0.0707727
0.0625053
0.0818603
0.0842342
0.0776615
0.0961096
0.0819317
0.087133
0.0890995
0.0842726
0.0818987
0.0862261
0.0842916
0.0904655
0.167791
0.183486
0.201782
0.148983
0.167517
0.154194
0.149005
0.160585
0.167538
0.182921
0.16072
0.168638
0.202829
0.170148
0.183067
0.179381
0.167777
0.201768
0.167653
0.160701
0.183348
0.16055
0.145363
0.160567
0.183356
0.160709
0.170008
0.14893
0.145324
0.160511
0.101586
0.0980763
0.107077
0.111707
0.101632
0.107123
0.0956555
0.0924344
0.101529
0.090231
0.0956417
0.0996234
0.0803375
0.0776629
0.0861701
0.167618
0.179221
0.154295
0.0648422
0.0714315
0.0632832
0.0534757
0.0546107
0.0631889
0.0886952
0.0864726
0.0924329
0.0900767
0.0887131
0.0941626
0.0825017
0.0864393
0.0886619
0.0715143
0.0744195
0.0784744
0.0744522
0.0773297
0.0824238
0.0546618
0.0671465
0.0647991
0.0742927
0.0641406
0.0726324
0.0893271
0.0852369
0.0815256
0.0813782
0.067894
0.0743346
0.0559268
0.0677848
0.0671607
0.055881
0.0535248
0.0677391
0.0408055
0.0548037
0.0534311
0.0672126
0.0743596
0.0648652
0.0914968
0.0888056
0.0860695
0.025845
0.040205
0.0392449
0.0134495
0.0257204
0.0287412
0.0226015
0.0200942
0.0412565
0.073904
0.0691945
0.0714816
0.0392779
0.0470176
0.0288989
0.0643168
0.0535082
0.0632215
0.0643242
0.065412
0.0535156
0.140933
0.149924
0.135978
0.125265
0.127783
0.135852
0.128027
0.137845
0.141302
0.0915273
0.0951611
0.0888361
0.110499
0.108517
0.117663
0.103098
0.110487
0.119559
0.0965593
0.108447
0.110428
0.110556
0.11772
0.125557
0.0937724
0.103282
0.094813
0.112637
0.11767
0.108525
0.0989894
0.106822
0.101137
0.137695
0.148883
0.154094
0.123461
0.132026
0.137536
0.11777
0.123381
0.127762
0.118765
0.131963
0.123398
0.132111
0.14881
0.137621
0.109476
0.118654
0.112643
0.146068
0.160519
0.145315
0.139941
0.154137
0.15966
0.127843
0.13974
0.125688
0.127883
0.137577
0.139779
0.139867
0.137665
0.154064
0.112686
0.12333
0.11772
0.11269
0.1187
0.123333
0.160632
0.16065
0.169932
0.188047
0.161756
0.170398
0.150495
0.155955
0.168514
0.140857
0.15037
0.146019
0.14089
0.155862
0.150403
0.176264
0.17034
0.156002
0.239706
0.201781
0.204927
0.23095
0.222032
0.201809
0.282406
0.23128
0.240064
0.222115
0.252796
0.204779
0.218005
0.20299
0.183228
0.168602
0.156043
0.176702
0.14705
0.16157
0.15592
0.14703
0.150029
0.16155
0.179195
0.159791
0.154269
0.159606
0.138264
0.139888
0.0996745
0.0956928
0.10546
0.0843053
0.0903128
0.0904792
0.0715354
0.0818177
0.0776189
0.0891277
0.0903083
0.0843008
0.0903507
0.0955891
0.0905171
0.125655
0.138083
0.119727
0.0657009
0.0548829
0.0521962
0.0544869
0.039341
0.0403011
0.0557928
0.0545421
0.0403563
0.0647859
0.0632268
0.0546486
0.0413171
0.0201548
0.0406492
0.118518
0.116718
0.112759
0.117852
0.118524
0.113547
0.124739
0.129759
0.123293
0.071349
0.074642
0.0788292
0.0643971
0.069163
0.0715647
0.0739585
0.0784961
0.0784674
0.139774
0.13815
0.125723
0.0965411
0.11041
0.103021
0.108417
0.0948621
0.103331
0.0860422
0.0821066
0.0900274
0.091501
0.0860737
0.090059
0.0743993
0.0746271
0.0713342
0.0812278
0.0788446
0.0860018
0.0732442
0.0756348
0.0743312
0.0720176
0.073228
0.0730889
0.0725081
0.0756287
0.0732381
0.0760026
0.0782456
0.0747842
0.0782833
0.0832805
0.078784
0.0787638
0.0798736
0.0756718
0.0747934
0.0782548
0.0787555
0.0721532
0.0747582
0.0743055
0.0721481
0.072797
0.0747531
0.0833021
0.0847342
0.0788056
0.0844468
0.107705
0.0789836
0.0225271
0.0256996
0.0134286
0.0277242
0.0406035
0.0201091
0.03936
0.0533708
0.0470997
0.0258068
0.0392067
0.0288277
0.0546319
0.0558826
0.0671166
0.0753362
0.0777484
0.0869722
0.0718537
0.0753138
0.0861835
0.0662144
0.0776787
0.0752665
0.0836809
0.0785419
0.0824587
0.0820988
0.083718
0.0900196
0.0820602
0.0785118
0.0836794
0.0788474
0.0820691
0.0860047
0.0691862
0.0713066
0.0715879
0.0632739
0.0691352
0.0643692
0.0739034
0.0713143
0.069194
0.0784727
0.0739351
0.0715127
0.0743969
0.0713318
0.0739209
0.0788139
0.0760109
0.0820355
0.0722745
0.0709636
0.0733644
0.0744025
0.0722902
0.0746303
0.0738615
0.0710727
0.0709612
0.0759618
0.0738823
0.0722929
0.0759836
0.0787866
0.0739041
0.0784606
0.0759842
0.0744277
0.0699133
0.0696347
0.0707023
0.0722762
0.0738655
0.0709653
0.0782915
0.0812169
0.0832886
0.0743276
0.0747803
0.0787423
0.0760241
0.0811925
0.0782671
0.0224582
0.0133597
0.00514821
0.041324
0.0402013
0.0226689
0.081533
0.087452
0.0893345
0.0922463
0.0814961
0.0852465
0.072699
0.0768985
0.0814421
0.0549512
0.0657693
0.0725732
0.0522228
0.0628084
0.0657275
0.0401492
0.0257892
0.0226168
0.0557489
0.0403123
0.041435
0.0545308
0.0533958
0.0393849
0.0661637
0.0752158
0.0625777
0.0803081
0.0818117
0.0880946
0.0947587
0.0870906
0.0937181
0.071454
0.0661173
0.0717997
0.059717
0.0714137
0.0661415
0.0718653
0.075432
0.0817411
0.0715014
0.071847
0.0802193
0.0660872
0.062485
0.0717696
0.0439096
0.0412283
0.0535641
0.0684636
0.0753874
0.0718207
0.119635
0.110562
0.125563
0.096507
0.0948392
0.108394
0.087934
0.0964657
0.102945
0.0878782
0.0863077
0.0964098
0.103356
0.10116
0.109387
0.108477
0.103391
0.112589
0.0937935
0.101107
0.103303
0.0752347
0.0717745
0.0625965
0.0947338
0.0862994
0.0870657
0.0877959
0.0718956
0.0862254
0.0914285
0.0971998
0.0897966
0.0597168
0.0660768
0.0714135
0.0983801
0.0914505
0.0951928
0.0777131
0.0715211
0.0802389
0.0862344
0.0753647
0.0870007
0.0662017
0.0714739
0.077666
0.0644249
0.0835501
0.0655128
0.0471869
0.0534581
0.0653545
0.081252
0.0887621
0.0833238
0.0721332
0.0724875
0.0705821
0.0787452
0.0756532
0.0743306
0.0847228
0.079904
0.0787942
0.089728
0.0847709
0.0833388
0.0897353
0.0855229
0.0847782
0.0887961
0.0913788
0.0833577
0.097231
0.0989255
0.0916147
0.0775898
0.0756678
0.0798697
0.0743109
0.0704079
0.072416
0.0784537
0.0744208
0.0739448
0.0836676
0.0785
0.0785287
0.0820344
0.0760098
0.0784861
0.0863308
0.0947652
0.0964329
0.0802889
0.0864159
0.0777631
0.0777856
0.0864384
0.0870094
0.0913799
0.0845112
0.0937491
0.0846729
0.0855054
0.0904485
0.081274
0.0805509
0.085461
0.0741398
0.0785672
0.0735599
0.0844473
0.0854716
0.0805616
0.0846264
0.0834259
0.0786352
0.0736721
0.0730996
0.0747623
0.0724098
0.0704018
0.0724817
0.0724935
0.0730905
0.0732296
0.072653
0.0775648
0.0754207
0.0732335
0.0743204
0.0724255
0.0756493
0.0775713
0.0743457
0.0854725
0.081794
0.077629
0.0847453
0.08549
0.0799265
0.0916036
0.0989144
0.0939403
0.089758
0.0915449
0.0855456
0.0897971
0.0972003
0.091584
0.0725974
0.0659879
0.0703807
0.0725909
0.0684348
0.0659814
0.0817603
0.0754512
0.0775954
0.0817573
0.0802537
0.0718814
0.0799026
0.0854661
0.0776227
0.0864918
0.0936903
0.0870628
0.0881101
0.0864506
0.0803236
0.0881556
0.0938873
0.0864961
0.0536257
0.0595834
0.0439712
0.0604016
0.0536522
0.0510585
0.0624244
0.0660266
0.053709
0.0509479
0.0412057
0.0397627
0.0394039
0.0495902
0.0397521
0.0536997
0.0660173
0.0596573
0.0604397
0.0624056
0.0536902
0.0684204
0.0717774
0.0624928
0.0660888
0.0625027
0.0528816
0.0660792
0.052872
0.0596548
0.0788728
0.0746855
0.084336
0.0717087
0.0789075
0.0976985
0.0716203
0.0713389
0.0788191
0.0644454
0.0716131
0.0835706
0.0691589
0.0632976
0.071446
0.0439684
0.0595806
0.0527978
0.0707037
0.0696361
0.0703442
0.0713887
0.0707096
0.0703501
0.0735233
0.0713981
0.0703596
0.0727085
0.0743269
0.0747115
0.0759635
0.0722947
0.074407
0.0751964
0.0733742
0.0709734
0.0752408
0.0841913
0.0734185
0.0714049
0.075189
0.0707258
0.0843177
0.0746672
0.073417
0.0720143
0.0736581
0.0716595
0.072496
0.073226
0.0720157
0.0747881
0.0781251
0.0763694
0.0724986
0.0747584
0.0730957
0.0599049
0.0656278
0.0592775
0.0774721
0.0727864
0.0754812
0.0656921
0.0701513
0.0682406
0.0727293
0.0701663
0.0657071
0.0724743
0.0703943
0.0701812
0.0781275
0.0743759
0.0774862
0.0412521
0.0509943
0.0535879
0.00155188
0.000755289
0.000399629
0.00768141
0.000425878
0.00247443
0.0143269
0.00772805
0.00252108
0.0126436
0.0143434
0.00253757
0.0276364
0.0200214
0.014452
0.0106999
0.0016096
0.00771287
0.0199548
0.00778656
0.0143854
0.010691
0.00506953
0.00160073
0.000422861
0.00767839
0.00157511
0.019992
0.0224993
0.0108109
0.00777439
0.0199426
0.0107614
0.0277876
0.0389962
0.0406669
0.0144185
0.0127187
0.0249092
0.010761
0.0224495
0.00513949
0.0249593
0.027653
0.0144686
0.0269441
0.0249512
0.0127607
0.0521744
0.0513109
0.06276
0.0270261
0.0371813
0.0250332
0.0270871
0.0432135
0.0372423
0.0947394
0.0875116
0.0939583
0.102142
0.0947885
0.0940074
0.0993271
0.0894185
0.0947637
0.11353
0.118507
0.112748
0.0548816
0.0640117
0.053509
0.0741563
0.0768512
0.0658478
0.0772568
0.0672323
0.0678564
0.0813882
0.0773043
0.0679039
0.0864014
0.0824638
0.0773698
0.0922503
0.086448
0.0815002
0.0993189
0.0923198
0.0894103
0.092445
0.0864847
0.092287
0.0976809
0.0924826
0.0923246
0.0976872
0.0942007
0.0924889
0.0886781
0.0900417
0.0837401
0.0837148
0.0824926
0.0886528
0.0893788
0.0874962
0.094724
0.0990103
0.092352
0.0993511
0.10756
0.0990614
0.0994021
0.0977028
0.0923465
0.0990048
0.0742413
0.0678007
0.0535864
0.0851866
0.0814362
0.0743926
0.0814755
0.0851868
0.0743927
0.0893632
0.0922727
0.0852729
0.086398
0.0773664
0.0814502
0.0874784
0.0848409
0.0939251
0.102232
0.110396
0.105111
0.0547556
0.0407574
0.0390867
0.052107
0.0547937
0.0391248
0.0534367
0.0557929
0.041479
0.0407607
0.0533862
0.0414286
0.0640766
0.0742288
0.0535739
0.0725675
0.0640757
0.0549455
0.0726905
0.0814335
0.0743508
0.0874214
0.0769589
0.0847839
0.0715431
0.0746972
0.0870267
0.0628594
0.0624764
0.0707439
0.0627944
0.0513453
0.0624113
0.0741845
0.0708413
0.0802746
0.0520892
0.0373528
0.0512256
0.0741095
0.065801
0.0628818
0.0390661
0.0373119
0.0520484
0.0769478
0.0874104
0.0814915
0.0658428
0.0768461
0.0726467
0.0742197
0.0847396
0.0769146
0.0277351
0.0250414
0.0389438
0.143688
0.133335
0.135726
0.15586
0.143801
0.14699
0.140792
0.133352
0.143705
0.15584
0.140868
0.14378
0.14597
0.135727
0.140808
0.125614
0.117778
0.127769
0.102658
0.107276
0.0972958
0.113276
0.119123
0.112422
0.11244
0.119141
0.118685
0.106894
0.112368
0.109436
0.106887
0.10734
0.112361
0.131436
0.125113
0.119927
0.123867
0.131432
0.119923
0.135696
0.145939
0.131558
0.131969
0.118771
0.125111
0.131493
0.137065
0.125171
0.145229
0.148835
0.132137
0.123447
0.137522
0.127828
0.112592
0.103394
0.109425
0.0865148
0.0939059
0.0937133
0.107263
0.098978
0.0972835
0.107295
0.106843
0.09901
0.123914
0.129797
0.135616
0.114772
0.119832
0.113286
0.109398
0.101172
0.106857
0.0900914
0.095727
0.0915334
0.108397
0.107313
0.102695
0.133251
0.129792
0.124773
0.114734
0.113248
0.108457
0.133305
0.140746
0.129846
0.125172
0.137067
0.13203
0.0984088
0.0952215
0.0999982
0.119188
0.119886
0.125072
0.118728
0.119184
0.125068
0.113301
0.119846
0.119148
0.107361
0.113237
0.112382
0.107348
0.108433
0.113223
0.091382
0.0897501
0.0833609
0.0951607
0.0914184
0.0888357
0.0983869
0.0972286
0.0914573
0.102629
0.0972661
0.0984244
0.0915395
0.0881446
0.0855402
0.0939722
0.0989463
0.101094
0.0937621
0.0939548
0.101076
0.0881727
0.0915676
0.0939043
0.088112
0.0818291
0.0855076
0.0957359
0.0901003
0.0941862
0.0432944
0.0511961
0.0373232
0.062478
0.0594896
0.0745748
0.0744561
0.0824277
0.078511
0.0648795
0.0743739
0.0714687
0.0672542
0.0772788
0.0744012
0.123256
0.11858
0.124702
0.123872
0.12329
0.129756
0.116753
0.118553
0.123229
0.123829
0.116771
0.123247
0.137134
0.14519
0.132097
0.145943
0.137134
0.131563
0.145989
0.145236
0.13718
0.114797
0.116743
0.1238
0.119867
0.114807
0.123811
0.135622
0.131484
0.123919
0.112407
0.118653
0.109475
0.108456
0.112755
0.114732
0.100004
0.0957867
0.0994644
0.102656
0.100041
0.103853
0.0952126
0.0957724
0.0999894
0.102413
0.097754
0.104245
0.109212
0.102451
0.104283
0.0994789
0.097738
0.102397
0.10921
0.103883
0.10245
0.0957672
0.0942176
0.099445
0.11352
0.110476
0.117825
0.124684
0.118562
0.117889
0.10758
0.0994223
0.105092
0.113468
0.107627
0.105139
0.112751
0.109274
0.112715
0.11476
0.112782
0.116706
0.109245
0.112721
0.103917
0.104267
0.0990777
0.107576
0.104234
0.0977427
0.0990447
0.109229
0.104301
0.10761
0.112697
0.109257
0.107639
0.113493
0.112712
0.107653
0.116699
0.112776
0.112739
0.112718
0.10842
0.103914
0.103881
0.108386
0.102684
0.0984337
0.100023
0.102638
0.0994994
0.102417
0.10385
0.0941706
0.0887211
0.0924588
0.105149
0.110433
0.113477
0.0948162
0.105049
0.0993795
0.0948255
0.10218
0.105059
0.0996579
0.102159
0.0940238
0.0997076
0.108827
0.102209
0.108913
0.117143
0.110458
0.110488
0.117173
0.117837
0.0860351
0.0887712
0.0812611
0.0513339
0.0594116
0.0624
0.0389756
0.0250733
0.0372214
0.0433683
0.0593478
0.05127
0.102244
0.108863
0.110408
0.101572
0.105467
0.0956992
0.111747
0.115164
0.105566
0.101626
0.111702
0.10552
0.107173
0.116609
0.111758
0.126169
0.11725
0.125197
0.126221
0.13324
0.124761
0.135847
0.126231
0.12526
0.100031
0.0994914
0.103842
0.0915505
0.0957441
0.0951843
0.0942241
0.0977106
0.0994515
0.126169
0.124709
0.117915
0.129854
0.140754
0.135673
0.17641
0.175366
0.176223
0.173312
0.178094
0.175362
0.173294
0.175344
0.172744
0.17812
0.180102
0.176245
0.175372
0.178104
0.176229
0.176548
0.176548
0.187138
0.173316
0.176507
0.178098
0.173282
0.167865
0.176473
0.163807
0.157663
0.16777
0.176576
0.187165
0.184652
0.167821
0.172687
0.163858
0.176477
0.176477
0.165964
0.173269
0.172719
0.167852
0.184673
0.189867
0.18017
0.134829
0.147086
0.136581
0.15767
0.165872
0.167777
0.144616
0.141551
0.151297
0.1574
0.144691
0.158005
0.147112
0.134856
0.144579
0.141506
0.1342
0.14835
0.124473
0.132587
0.13474
0.123672
0.134087
0.132582
0.132815
0.146247
0.148361
0.169608
0.165878
0.15751
0.154798
0.140739
0.148384
0.18369
0.176513
0.169731
0.169672
0.176454
0.165941
0.190205
0.202546
0.197765
0.178985
0.190126
0.197686
0.16422
0.15805
0.151418
0.148468
0.159711
0.151371
0.181101
0.178843
0.164389
0.241909
0.226245
0.228683
0.213614
0.228451
0.212759
0.241953
0.241791
0.226289
0.205403
0.21205
0.196726
0.21263
0.205408
0.197849
0.212677
0.212103
0.205456
0.202624
0.213478
0.197843
0.228509
0.230742
0.212817
0.241919
0.251492
0.254925
0.226821
0.241791
0.241327
0.242037
0.251449
0.241876
0.242866
0.241964
0.228738
0.241885
0.254891
0.241421
0.230688
0.212188
0.212762
0.187162
0.176572
0.183748
0.189923
0.184728
0.196583
0.184622
0.178136
0.176545
0.196574
0.184719
0.187232
0.18013
0.178148
0.184634
0.176448
0.16784
0.165935
0.157549
0.150337
0.147208
0.260453
0.265923
0.264562
0.254312
0.260414
0.264523
0.255959
0.264109
0.260418
0.241154
0.255861
0.254219
0.224812
0.21215
0.237093
0.225364
0.224854
0.236581
0.225276
0.210226
0.224766
0.248735
0.26407
0.255919
0.241587
0.245135
0.256159
0.211919
0.195851
0.197089
0.237086
0.212143
0.222882
0.210347
0.21008
0.19589
0.224723
0.21045
0.21206
0.224716
0.210176
0.210444
0.22676
0.221073
0.246204
0.241489
0.226824
0.245036
0.222797
0.212058
0.211789
0.260046
0.276911
0.275071
0.226841
0.246285
0.245052
0.274056
0.268481
0.311416
0.310451
0.274197
0.311557
0.275283
0.246543
0.273862
0.264142
0.265921
0.260451
0.196657
0.206865
0.189997
0.159314
0.172074
0.156593
0.228583
0.226146
0.212337
0.132705
0.126015
0.135828
0.158088
0.169582
0.157484
0.147188
0.144655
0.157364
0.164226
0.151424
0.159764
0.135953
0.14991
0.146262
0.178963
0.197665
0.183791
0.15816
0.178784
0.169654
0.181078
0.164366
0.172035
0.146349
0.149997
0.161922
0.159694
0.148451
0.146337
0.171956
0.159825
0.162041
0.171964
0.164294
0.159833
0.132773
0.135896
0.146205
0.213661
0.226684
0.228498
0.199343
0.214117
0.202632
0.212289
0.226097
0.214239
0.123507
0.123574
0.113889
0.141489
0.144553
0.132676
0.134147
0.141454
0.132641
0.151353
0.157985
0.144671
0.157573
0.147231
0.157407
0.165837
0.157636
0.157469
0.163749
0.150393
0.157605
0.150267
0.136633
0.147137
0.136508
0.125468
0.134756
0.331217
0.343117
0.377023
0.359326
0.331272
0.377077
0.264083
0.248748
0.259915
0.27187
0.263589
0.265754
0.250394
0.229925
0.218125
0.254155
0.236731
0.24109
0.216265
0.200887
0.198547
0.228609
0.215817
0.230382
0.212197
0.19702
0.21565
0.226679
0.214288
0.226146
0.199317
0.196965
0.212142
0.21415
0.199375
0.212199
0.202491
0.19015
0.181266
0.224605
0.210226
0.225275
0.230401
0.216481
0.233554
0.200778
0.183924
0.198438
0.183574
0.172106
0.18305
0.196816
0.183657
0.183133
0.19687
0.199222
0.183711
0.195752
0.182302
0.19699
0.212737
0.198566
0.210097
0.188567
0.171193
0.175832
0.182958
0.162098
0.165988
0.200727
0.183147
0.183873
0.183658
0.199169
0.181233
0.215612
0.196982
0.20088
0.158142
0.164312
0.178766
0.182978
0.172034
0.162118
0.181187
0.190071
0.178929
0.183568
0.181142
0.1721
0.199233
0.202521
0.181296
0.165924
0.154958
0.171048
0.165853
0.150039
0.154888
0.183031
0.16606
0.183757
0.161988
0.150063
0.165877
0.200771
0.196873
0.183191
0.148321
0.13417
0.132774
0.161955
0.159739
0.146382
0.15131
0.141564
0.148407
0.135935
0.140681
0.149891
0.216392
0.212845
0.224584
0.215776
0.216421
0.230341
0.215677
0.200944
0.216322
0.198485
0.188773
0.210016
0.216305
0.198586
0.212757
0.183884
0.188685
0.198397
0.181815
0.182157
0.167452
0.181972
0.199663
0.197002
0.224721
0.23658
0.233602
0.210184
0.224563
0.212824
0.225363
0.236552
0.224693
0.244349
0.236655
0.236684
0.244407
0.253954
0.236713
0.254166
0.244408
0.236743
0.253973
0.249877
0.236732
0.249839
0.245695
0.233717
0.242994
0.255734
0.253099
0.233652
0.24563
0.230499
0.249911
0.255062
0.245767
0.260841
0.249958
0.254054
0.245661
0.242885
0.23053
0.264867
0.265535
0.25888
0.268076
0.264883
0.261343
0.269627
0.265571
0.264903
0.249809
0.233687
0.236664
0.258808
0.253152
0.255787
0.187301
0.20532
0.196643
0.169739
0.17887
0.183697
0.213613
0.214245
0.226637
0.197877
0.213512
0.212657
0.202679
0.214165
0.213533
0.160208
0.148455
0.156517
0.175725
0.160335
0.167358
0.154864
0.148449
0.160202
0.175737
0.171098
0.160348
0.160278
0.171029
0.154939
0.195681
0.175893
0.182232
0.188594
0.183792
0.17122
0.195703
0.188649
0.175914
0.195817
0.210007
0.188764
0.183717
0.16602
0.171144
0.149954
0.140744
0.154804
0.255842
0.241136
0.248658
0.00223855
0.000764045
0.00171475
0.00529511
0.00225376
0.00172996
0.00532379
0.0102769
0.00228244
0.00271644
0.00529666
0.00173151
0.0181567
0.014158
0.0357146
0.0180171
0.00535131
0.00277109
0.0140476
0.0180463
0.00280027
0.0358053
0.0411927
0.0182475
0.0141927
0.0284977
0.0357493
0.00419712
0.00227866
0.0102731
0.0358313
0.0285797
0.0386254
0.0560646
0.0673639
0.0670204
0.0540854
0.0645849
0.0629628
0.0560064
0.0540566
0.062934
0.0673504
0.056051
0.0629786
0.0471833
0.0387547
0.0559026
0.0465777
0.0660641
0.0540356
0.0889645
0.0834687
0.0870948
0.076678
0.0786086
0.0833992
0.0727152
0.0766281
0.0743879
0.0735683
0.0785756
0.076645
0.111796
0.108621
0.106537
0.114568
0.111816
0.106557
0.114605
0.117737
0.111853
0.11185
0.117734
0.113756
0.0978074
0.0905122
0.0914136
0.108603
0.109327
0.103596
0.106507
0.108592
0.103079
0.113769
0.118949
0.114432
0.124217
0.114467
0.118984
0.110265
0.104271
0.110404
0.1042
0.102459
0.0970854
0.10352
0.0984539
0.0967891
0.108582
0.103575
0.103069
0.103977
0.098478
0.103544
0.0764906
0.0777244
0.0875758
0.0851989
0.0904805
0.0934736
0.0851659
0.0836484
0.0904475
0.0775165
0.0851325
0.0865904
0.0775065
0.083605
0.0851225
0.0670701
0.0744807
0.0638132
0.0782118
0.0835721
0.0745841
0.0782545
0.0873107
0.0836148
0.0905432
0.0974807
0.099963
0.0866439
0.085186
0.0934607
0.0873979
0.0974385
0.0905011
0.0674297
0.0756696
0.0670862
0.0942008
0.0890218
0.093493
0.082634
0.0878894
0.0873396
0.0826208
0.0834315
0.0878763
0.0766457
0.0779626
0.0744055
0.0934693
0.0889981
0.0871284
0.0834012
0.0780153
0.0834197
0.0833818
0.0776374
0.0779959
0.0889522
0.0834379
0.0834564
0.0941822
0.0879336
0.0890031
0.098562
0.0942493
0.0984288
0.103961
0.0985946
0.0984614
0.0974884
0.0942461
0.0985588
0.097451
0.0874103
0.0942087
0.10004
0.105285
0.105808
0.09053
0.0999497
0.0935231
0.097519
0.101967
0.100001
0.0879282
0.0941767
0.0873784
0.102024
0.109311
0.105303
0.10202
0.104008
0.109306
0.0967556
0.0984204
0.093533
0.0968045
0.10303
0.103536
0.0999648
0.0950157
0.0935382
0.101993
0.105272
0.100027
0.0985847
0.101962
0.0975143
0.0986064
0.103973
0.101984
0.110569
0.115968
0.110444
0.0876976
0.0970007
0.0936299
0.0713923
0.0733557
0.0775818
0.0986048
0.0916092
0.0928064
0.0978184
0.0914246
0.0937938
0.0967855
0.0978672
0.103011
0.0967436
0.0905301
0.0978253
0.0913523
0.0855078
0.0844835
0.0986365
0.100063
0.0938254
0.090471
0.0855279
0.0913723
0.102517
0.110252
0.108492
0.104967
0.107288
0.0981259
0.0998154
0.104935
0.0959921
0.10856
0.117663
0.115368
0.0826016
0.0873073
0.0782511
0.0776272
0.0825609
0.0757555
0.0834528
0.0889671
0.0878976
0.046401
0.0386608
0.0286152
0.054096
0.0661246
0.0645956
0.0591942
0.0496938
0.0509245
0.0627518
0.0683471
0.0599256
0.0659102
0.0604701
0.0592804
0.0717247
0.0977145
0.0836822
0.060489
0.0683825
0.0624549
0.039791
0.0496291
0.0509762
0.0684325
0.0754508
0.0727561
0.0508582
0.0496275
0.0394412
0.0528368
0.066529
0.0596213
0.0701953
0.0727582
0.0743335
0.0599354
0.0683569
0.0656583
0.0509586
0.0598557
0.0592283
0.0508752
0.0394582
0.054708
0.0723133
0.0754493
0.068431
0.0812421
0.0759569
0.080519
0.075902
0.0716725
0.0736712
0.0763583
0.0759177
0.0736869
0.0747732
0.0763545
0.0736831
0.0805027
0.0759406
0.0763812
0.0812297
0.0785929
0.0741656
0.0727123
0.0735486
0.0766253
0.0714442
0.0743215
0.0743759
0.0747101
0.0752024
0.0714183
0.0726987
0.0747017
0.0714099
0.0743859
0.0813351
0.0837311
0.0747815
0.0837421
0.0842243
0.0709645
0.0707244
0.0751875
0.0703438
0.0696357
0.0705666
0.0759035
0.0741246
0.071674
0.0735311
0.0726948
0.0714059
0.0722868
0.0733767
0.0746269
0.0727846
0.0721358
0.0710731
0.0787867
0.0760015
0.0739042
0.0788111
0.0811943
0.0760259
0.0699177
0.0707067
0.0709468
0.0710595
0.0699189
0.070948
0.0710579
0.0704626
0.0699172
0.0978195
0.0790285
0.10775
0.0720191
0.0730904
0.0736629
0.0705789
0.072004
0.0716491
0.0703505
0.0705734
0.0716436
0.07047
0.0710653
0.072128
0.0705754
0.0704684
0.0721264
0.0696339
0.0699125
0.0704578
0.0727904
0.0710789
0.0738676
0.0759814
0.0728069
0.0738841
0.0759844
0.074766
0.0728098
0.0725
0.0721456
0.074298
0.0756323
0.0725117
0.0743097
0.0720068
0.0705817
0.0724871
0.070567
0.0696361
0.07046
0.0596248
0.0655911
0.0548246
0.0440472
0.0595525
0.0547523
0.0665914
0.0714137
0.0596836
0.0781552
0.0775139
0.0826301
0.0763886
0.0781443
0.0805101
0.0747814
0.0743668
0.0781184
0.0775051
0.0755142
0.0826212
0.0844299
0.0781784
0.0826533
0.0743579
0.0727827
0.0774683
0.0725028
0.0743479
0.0747626
0.0724875
0.0701944
0.0743326
0.0723375
0.0714995
0.079593
0.0496942
0.0591946
0.0510413
0.0439797
0.0546848
0.0394351
0.0592306
0.0604203
0.0510773
0.065648
0.0659276
0.0592977
0.0727234
0.0657012
0.0683998
0.0682422
0.0703661
0.0659733
0.065678
0.0682265
0.0659576
0.070167
0.0703801
0.0682563
0.0724193
0.0724912
0.0732273
0.0726224
0.0753901
0.0684663
0.0743116
0.0726253
0.0704086
0.0743356
0.0775612
0.0726493
0.0683942
0.0605007
0.0659408
0.0528452
0.0621042
0.0665374
0.107723
0.0844648
0.0843369
0.0743151
0.086342
0.0760777
0.0870771
0.0863789
0.074352
0.0814907
0.0978436
0.106804
0.110928
0.0843456
0.0838634
0.0733778
0.0779624
0.0776039
0.0842219
0.0843498
0.0734491
0.074753
0.0841958
0.0752453
0.111009
0.107812
0.084426
0.0935065
0.0905156
0.0967291
0.0934743
0.0871334
0.0904834
0.0741123
0.0735324
0.0703687
0.0716554
0.074106
0.0703624
0.0759355
0.0812207
0.0741566
0.0846192
0.078628
0.0812647
0.0833971
0.0779928
0.0766759
0.0846421
0.0812877
0.0854747
0.0871039
0.0846782
0.0904539
0.0870804
0.0834542
0.0846548
0.081623
0.0866143
0.0826721
0.0974395
0.106241
0.0959516
0.10012
0.106479
0.103051
0.0938228
0.10006
0.0978474
0.0986792
0.106557
0.100106
0.0916126
0.0986081
0.0937971
0.101085
0.109026
0.106595
0.0959186
0.100995
0.0928288
0.106297
0.109025
0.101084
0.0973833
0.0864954
0.0988751
0.0958853
0.0865046
0.0973733
0.0866042
0.0816129
0.0796746
0.0915692
0.0866813
0.0927663
0.0915355
0.0827054
0.0866475
0.0775535
0.0666666
0.0760227
0.0796106
0.0715171
0.0775818
0.0866257
0.0796961
0.0880173
0.0815651
0.0723712
0.0796268
0.0626935
0.0598673
0.0509702
0.0547859
0.0626764
0.0509532
0.0527614
0.0595458
0.0440405
0.0656015
0.0627256
0.054835
0.0722908
0.0656891
0.0714528
0.0722617
0.062784
0.06566
0.0722709
0.0683885
0.0627932
0.0759967
0.0622074
0.0742341
0.0879872
0.0796659
0.077637
0.0714105
0.0656467
0.0596805
0.0761182
0.0863826
0.0864017
0.0776197
0.0760888
0.0863723
0.0880098
0.0776597
0.0864123
0.0714736
0.0666513
0.0775383
0.066615
0.0621818
0.0759711
0.0872057
0.100295
0.0988873
0.0738454
0.097733
0.0813801
0.0989716
0.100379
0.112352
0.0978783
0.100091
0.103022
0.0826981
0.0915282
0.0844747
0.0805371
0.0781713
0.0844228
0.0866695
0.0880611
0.0927546
0.0755279
0.0815858
0.0826349
0.0754934
0.0723574
0.0815513
0.0928379
0.101004
0.0986363
0.0989469
0.107888
0.0974551
0.0871593
0.0988408
0.0864611
0.100441
0.117243
0.112413
0.139935
0.138222
0.158382
0.139791
0.127762
0.125733
0.179346
0.168053
0.153003
0.168096
0.186467
0.15883
0.149812
0.167973
0.158707
0.179506
0.200573
0.168212
0.118485
0.112501
0.125611
0.0974797
0.107913
0.106282
0.0958541
0.0880709
0.0864733
0.10104
0.0959636
0.106254
0.0927855
0.088092
0.0958753
0.0864729
0.0864538
0.0973417
0.112497
0.117327
0.125607
0.098997
0.112377
0.107938
0.117413
0.138037
0.125693
0.0838397
0.0814437
0.106757
0.111004
0.0839389
0.106856
0.0747484
0.0743638
0.083709
0.0743802
0.0743258
0.0727074
0.0714674
0.081294
0.0743448
0.0733451
0.0714409
0.0743726
0.0779516
0.073367
0.0743945
0.0713631
0.0688731
0.0733265
0.0646881
0.0662172
0.0816786
0.0688519
0.0646702
0.0736929
0.0688386
0.0713286
0.0630347
0.16136
0.145009
0.152258
0.0936885
0.102433
0.0997993
0.0807632
0.0839728
0.0900337
0.0409698
0.0282912
0.0412436
0.110546
0.105349
0.114376
0.115981
0.110582
0.114412
0.105843
0.10532
0.110518
0.11041
0.10586
0.110535
0.118108
0.110469
0.115993
0.104256
0.105839
0.110389
0.104205
0.0950709
0.105788
0.118089
0.110311
0.11045
0.0970605
0.0950416
0.104176
0.105774
0.0950568
0.100006
0.0936793
0.0970501
0.102423
0.0935863
0.0840077
0.087654
0.0745289
0.0671183
0.0781566
0.283726
0.341012
0.36257
0.210636
0.189645
0.180346
0.218015
0.239269
0.196904
0.219949
0.189777
0.210769
0.255353
0.220169
0.210989
0.230445
0.200462
0.22005
0.299296
0.260473
0.25071
0.200325
0.189742
0.219913
0.153768
0.144403
0.156868
0.157254
0.171072
0.180106
0.255417
0.211053
0.239441
0.293927
0.255695
0.239719
0.270012
0.230678
0.220283
0.283048
0.230889
0.270222
0.169623
0.157002
0.168541
0.15234
0.158729
0.172129
0.158563
0.179314
0.152971
0.161451
0.152349
0.172138
0.117551
0.123897
0.114645
0.131921
0.127797
0.120593
0.131982
0.138839
0.127858
0.134323
0.135119
0.126035
0.131638
0.134308
0.125075
0.131698
0.142997
0.134369
0.0937498
0.0845118
0.0915653
0.0688733
0.0714225
0.0733267
0.0630123
0.0646344
0.0688161
0.0674016
0.0630299
0.0713238
0.0775897
0.075718
0.0714003
0.066953
0.0472779
0.0559972
0.0836558
0.0873516
0.0904548
0.0757056
0.0781605
0.0671222
0.0757575
0.0825629
0.0782123
0.0713662
0.075684
0.0674441
0.0776528
0.0833972
0.0825865
0.0519287
0.0413057
0.0359184
0.0669398
0.0520524
0.0472646
0.0636945
0.053982
0.052064
0.0387458
0.046486
0.0539439
0.0737156
0.0714238
0.0688746
0.0977345
0.0738469
0.0818146
0.081292
0.0714654
0.0737573
0.118426
0.108003
0.112442
0.143077
0.138212
0.151594
0.135187
0.134392
0.146446
0.131711
0.138145
0.14301
0.151765
0.161445
0.170992
0.146549
0.143123
0.157048
0.157065
0.14314
0.151657
0.116027
0.114457
0.124207
0.120476
0.106394
0.118448
0.120445
0.10909
0.106362
0.137996
0.131979
0.127777
0.139832
0.138023
0.127803
0.149661
0.143523
0.138108
0.130876
0.14486
0.138149
0.114646
0.123898
0.117778
0.138964
0.152183
0.144934
0.123996
0.127815
0.133889
0.143592
0.14973
0.158625
0.132035
0.143467
0.138891
0.132032
0.138049
0.143464
0.127718
0.131921
0.120593
0.138903
0.144873
0.133996
0.10656
0.0986824
0.10105
0.117474
0.10665
0.109081
0.106491
0.100132
0.106583
0.183404
0.196561
0.171215
0.172242
0.18329
0.161555
0.172395
0.186631
0.203729
0.139826
0.125768
0.138112
0.12769
0.118536
0.125662
0.143535
0.152178
0.138959
0.139916
0.152771
0.138106
0.158633
0.152244
0.143601
0.152904
0.167954
0.149792
0.138139
0.152804
0.149692
0.139984
0.158431
0.152839
0.186481
0.172244
0.158844
0.120545
0.127749
0.117583
0.151678
0.145007
0.161358
0.11455
0.106539
0.106631
0.124301
0.127663
0.119028
0.144846
0.130862
0.133969
0.138094
0.13166
0.127751
0.109352
0.114372
0.105345
0.103581
0.109312
0.104014
0.11378
0.117758
0.11896
0.108637
0.113717
0.109361
0.108646
0.11182
0.113726
0.124006
0.133899
0.130792
0.117595
0.12776
0.123941
0.106668
0.117493
0.114587
0.109127
0.120482
0.117521
0.127864
0.138846
0.133939
0.124295
0.131605
0.125042
0.117793
0.124268
0.118995
0.130819
0.138091
0.127748
0.1516
0.138218
0.14493
0.113737
0.1144
0.10938
0.124341
0.130773
0.127702
0.12393
0.124285
0.11781
0.123974
0.13076
0.124328
0.124242
0.12499
0.116062
0.127663
0.124261
0.119028
0.127705
0.131614
0.124303
0.106352
0.107983
0.118406
0.203871
0.217852
0.183584
0.172384
0.203718
0.183432
0.1868
0.222691
0.203898
0.200597
0.186607
0.168236
0.20078
0.22268
0.18679
0.0817038
0.0737361
0.0647133
0.0648064
0.0672031
0.0763793
0.0411672
0.0282149
0.018222
0.0521077
0.0669951
0.0637381
0.0386876
0.0471161
0.0358935
0.0387775
0.0539756
0.0559254
0.0661168
0.0556977
0.0540022
0.0776243
0.0672143
0.066908
0.0774258
0.0776585
0.0669422
0.0865995
0.0876098
0.0777583
0.0970052
0.0877022
0.0949863
0.0839047
0.073972
0.0764658
0.064729
0.053306
0.0671257
0.0390114
0.0277833
0.0409606
0.0123251
0.0252589
0.0270096
0.0122822
0.014239
0.025216
0.0122119
0.00424337
0.0141686
0.0276449
0.010438
0.0281437
0.028095
0.00543629
0.0181021
0.028069
0.0103634
0.00541033
0.0141623
0.004237
0.010313
0.0275982
0.0142407
0.0103914
0.0276481
0.0252676
0.0142906
0.248963
0.204106
0.222899
0.0998489
0.102482
0.108457
0.0959058
0.0926939
0.0862616
0.0981185
0.10728
0.102764
0.0927141
0.0980277
0.0901803
0.0862422
0.0926746
0.0901408
0.0959454
0.098047
0.0927335
0.0959863
0.104929
0.098088
0.090092
0.0958971
0.0862528
0.0998573
0.108466
0.104977
0.102751
0.105378
0.0961452
0.117166
0.112349
0.107376
0.156534
0.138201
0.141375
0.188771
0.16471
0.161463
0.132274
0.118764
0.124354
0.108311
0.112357
0.118644
0.105457
0.108274
0.114441
0.102814
0.112304
0.108258
0.117275
0.127951
0.124334
0.121566
0.12518
0.132028
0.117265
0.121526
0.127941
0.115437
0.125125
0.12151
0.108518
0.115326
0.105028
0.117718
0.125112
0.115424
0.124282
0.112405
0.117222
0.13481
0.121521
0.126318
0.119351
0.11802
0.127427
0.109342
0.111061
0.117932
0.105418
0.102791
0.108235
0.0739412
0.0806643
0.0704998
0.0739862
0.0839189
0.0807093
0.061579
0.0626564
0.0703982
0.0764018
0.0739079
0.0648289
0.0776562
0.0764224
0.0672462
0.0875967
0.0839504
0.0765115
0.028246
0.0409245
0.0277472
0.0942324
0.0935245
0.0984119
0.0540292
0.0637417
0.0661438
0.0413294
0.0538703
0.0410556
0.0413661
0.0519891
0.053907
0.0519484
0.035938
0.0471606
0.0935944
0.0900768
0.0840158
0.218295
0.24917
0.270679
0.294188
0.317266
0.255956
0.196717
0.18356
0.217828
0.239245
0.210857
0.19688
0.270647
0.239516
0.218263
0.270901
0.293978
0.23977
0.171097
0.161551
0.183286
0.180238
0.171204
0.19655
0.210659
0.18037
0.196682
0.189469
0.169732
0.16865
0.157158
0.151751
0.170977
0.0253811
0.0389897
0.0368846
0.099758
0.0901296
0.0936472
0.0626977
0.0738809
0.0704395
0.0597181
0.0515709
0.0615062
0.0515599
0.0532538
0.0646767
0.0277309
0.038959
0.0253504
0.0647828
0.0738619
0.0626787
0.0515913
0.0647081
0.062604
0.0532757
0.0556985
0.0670954
0.0410538
0.055564
0.0391046
0.0662124
0.0638103
0.0744778
0.0774131
0.0662581
0.0745235
0.0835696
0.0774712
0.0745816
0.0865656
0.0777244
0.0774917
0.0668312
0.0557407
0.0661598
0.0773875
0.0669039
0.0662325
0.0949711
0.0866768
0.0934936
0.0949516
0.0876674
0.0866572
0.0671409
0.055744
0.0668345
0.0391453
0.0556047
0.0531819
0.0411036
0.0539183
0.0556137
0.0862021
0.0807706
0.0900412
0.0779119
0.0717724
0.0704833
0.20409
0.248947
0.218072
0.27042
0.255876
0.317186
0.0705132
0.0806777
0.0779418
0.0616094
0.0704286
0.0717177
0.0428844
0.0515084
0.0596556
0.0369776
0.0390828
0.0531194
0.0514671
0.0370192
0.053161
0.0615159
0.0515806
0.0625933
0.0428083
0.0369845
0.0514324
0.0427268
0.0271502
0.036903
0.0368446
0.0270919
0.0253412
0.270705
0.317471
0.340818
0.220367
0.255551
0.270095
0.0955692
0.0960992
0.0988262
0.0871572
0.0812064
0.0948461
0.0840876
0.090124
0.0898195
0.089556
0.0840857
0.0898176
0.0811395
0.0779885
0.084018
0.0745425
0.0616232
0.0717315
0.0901642
0.0960512
0.0898596
0.0862134
0.0901119
0.0840755
0.0807302
0.0861617
0.0779943
0.0901373
0.0997658
0.0959424
0.10733
0.10501
0.11085
0.250786
0.283212
0.299372
0.340704
0.283417
0.270591
0.362773
0.385138
0.300087
0.334375
0.400683
0.414679
0.276874
0.270352
0.325483
0.291753
0.276972
0.33355
0.356702
0.297048
0.347668
0.220861
0.254631
0.257865
0.184867
0.215142
0.187786
0.164882
0.184699
0.187617
0.177932
0.208377
0.184812
0.208706
0.245746
0.215416
0.230176
0.270032
0.276554
0.29146
0.246228
0.276679
0.195555
0.189086
0.225
0.314366
0.299925
0.384976
0.269962
0.225487
0.260291
0.333664
0.277086
0.325695
0.400386
0.334078
0.326109
0.347575
0.29199
0.333787
0.230005
0.225386
0.26986
0.260686
0.299508
0.313949
0.325575
0.260773
0.314037
0.217617
0.189026
0.184961
0.071808
0.0779475
0.0810985
0.08708
0.0718387
0.0811292
0.0745024
0.0597951
0.0615832
0.110932
0.115389
0.121463
0.107371
0.110891
0.117161
0.105036
0.115334
0.110877
0.11819
0.125003
0.125947
0.156953
0.169574
0.153853
0.157094
0.156887
0.146595
0.168685
0.180206
0.189504
0.157168
0.168499
0.15696
0.157245
0.180097
0.168577
0.0960107
0.100555
0.102103
0.0959888
0.0955745
0.100533
0.100852
0.0960117
0.102104
0.100807
0.0949199
0.089629
0.0898777
0.0960692
0.0955391
0.0840349
0.0780054
0.0861727
0.089527
0.0811782
0.0840567
0.0870582
0.0746278
0.0718169
0.141215
0.158742
0.152503
0.129965
0.141036
0.127539
0.121533
0.134822
0.129924
0.111102
0.121414
0.117973
0.114555
0.12625
0.121453
0.146197
0.164622
0.177656
0.118036
0.121477
0.129868
0.134934
0.141202
0.143756
0.129999
0.134897
0.143719
0.126384
0.141144
0.134876
0.146083
0.143872
0.164508
0.141194
0.146055
0.15872
0.141098
0.130027
0.145959
0.118711
0.126241
0.114546
0.108318
0.118651
0.114485
0.11241
0.124287
0.118698
0.15672
0.156925
0.178265
0.141333
0.156611
0.161277
0.143845
0.14129
0.161235
0.132338
0.124419
0.138064
0.126376
0.132355
0.141135
0.126301
0.118771
0.13228
0.132038
0.127991
0.121575
0.156596
0.141437
0.156801
0.138106
0.128077
0.141279
0.141256
0.138201
0.156533
0.124404
0.12802
0.138049
0.188884
0.195353
0.164824
0.127462
0.118056
0.129888
0.334198
0.414502
0.347986
0.200236
0.206773
0.176365
0.21799
0.260116
0.225313
0.189161
0.217752
0.225075
0.210209
0.25027
0.217907
0.176241
0.169793
0.200112
0.184906
0.180257
0.209864
0.217688
0.185032
0.20999
0.188838
0.16153
0.184773
0.156908
0.153874
0.176043
0.2403
0.283014
0.250588
0.195316
0.177821
0.164787
0.314704
0.385313
0.400519
0.362432
0.299747
0.283587
0.314505
0.40032
0.326043
0.117646
0.108543
0.110303
0.132138
0.135172
0.144258
0.128053
0.1321
0.140031
0.125226
0.135109
0.132074
0.118166
0.125923
0.11773
0.110238
0.102503
0.104245
0.146473
0.134418
0.143047
0.116042
0.124969
0.118157
0.127673
0.120548
0.118519
0.125057
0.134289
0.126001
0.110938
0.121469
0.117208
0.125946
0.125147
0.117753
0.126005
0.135088
0.125205
0.110335
0.118113
0.117678
0.153917
0.169638
0.176086
0.1402
0.153754
0.156788
0.140086
0.132154
0.144274
0.143756
0.145968
0.130036
0.130929
0.138525
0.140626
0.123515
0.113958
0.125911
0.122204
0.129939
0.130839
0.116824
0.12216
0.130795
0.119396
0.127472
0.131413
0.13155
0.141105
0.146627
0.111037
0.105467
0.11445
0.121402
0.11109
0.114504
0.109295
0.103836
0.111014
0.112418
0.109351
0.119272
0.103671
0.0990834
0.103777
0.112301
0.102811
0.107328
0.119291
0.10937
0.11796
0.0988591
0.0961321
0.105365
0.138539
0.130043
0.145644
0.0961207
0.098081
0.102726
0.43658
0.357427
0.424887
0.357209
0.436362
0.359977
0.300544
0.356754
0.359522
0.348096
0.42459
0.35713
0.102134
0.104924
0.100882
0.0959522
0.0896148
0.0955379
0.116763
0.112452
0.122098
0.122107
0.11246
0.119315
0.125945
0.116837
0.130808
0.125888
0.113936
0.116781
0.116717
0.113872
0.107058
0.135822
0.126009
0.130871
0.132664
0.123577
0.125974
0.1138
0.106593
0.113861
0.10366
0.100571
0.0990727
0.106526
0.100607
0.10698
0.115158
0.108139
0.11381
0.102139
0.10059
0.106509
0.098039
0.0960786
0.0901916
0.103783
0.0988847
0.10539
0.111001
0.103823
0.105431
0.10927
0.103705
0.103812
0.10701
0.103726
0.112358
0.10697
0.100597
0.103686
0.0990399
0.095579
0.0988361
0.103761
0.0990673
0.0988635
0.100544
0.0955848
0.0990456
0.0895632
0.0948542
0.0812144
0.0955174
0.0895943
0.0898559
0.0959699
0.10081
0.0896325
0.103733
0.109299
0.112365
0.296548
0.299993
0.255025
0.347451
0.29683
0.291866
0.356543
0.300333
0.296889
0.441436
0.36026
0.436645
0.441469
0.443759
0.362809
0.225137
0.229756
0.195691
0.240233
0.230788
0.282948
0.210283
0.240055
0.250344
0.200528
0.230512
0.239957
0.206986
0.200449
0.239878
0.210138
0.207018
0.23991
0.209843
0.180236
0.178521
0.260201
0.218074
0.250437
0.140062
0.141286
0.128084
0.144347
0.153712
0.140158
0.14648
0.144306
0.135221
0.146552
0.156844
0.144379
0.156746
0.141382
0.140158
0.178331
0.15699
0.176126
0.180079
0.184728
0.156819
0.178343
0.180058
0.156797
0.2067
0.178497
0.176292
0.206813
0.209932
0.17861
0.161313
0.164559
0.143923
0.132395
0.13812
0.141175
0.156756
0.184665
0.161423
0.169838
0.189574
0.200157
0.260626
0.325428
0.270297
0.424783
0.34829
0.414806
0.258296
0.300029
0.304053
0.22315
0.257894
0.26095
0.254896
0.299864
0.258131
0.187905
0.215262
0.220496
0.246294
0.291527
0.296491
0.312044
0.368919
0.361548
0.209899
0.220861
0.199837
0.199023
0.209789
0.188684
0.232136
0.239893
0.210071
0.222857
0.232042
0.199212
0.239977
0.246249
0.221117
0.268103
0.240088
0.23233
0.268242
0.273817
0.240227
0.304089
0.307783
0.261387
0.278435
0.310407
0.309843
0.259983
0.256326
0.276848
0.275511
0.310291
0.27832
0.240154
0.273744
0.246425
0.310452
0.310399
0.275619
0.274076
0.31033
0.275497
0.311849
0.361353
0.310743
0.307832
0.311529
0.268594
0.261268
0.307663
0.268426
0.304426
0.361897
0.30812
0.258165
0.303922
0.261221
0.369624
0.443779
0.440671
0.359553
0.36207
0.304599
0.360011
0.441188
0.362528
0.108091
0.109674
0.104973
0.106534
0.108071
0.102164
0.106573
0.113781
0.10811
0.102158
0.108065
0.104948
0.308168
0.368739
0.311865
0.44061
0.432803
0.362192
0.115216
0.124349
0.115042
0.109732
0.115167
0.114993
0.134807
0.132654
0.144531
0.113838
0.10657
0.107024
0.177766
0.184646
0.158972
0.276473
0.246022
0.230096
0.246171
0.296367
0.254845
0.343268
0.354407
0.399098
0.116712
0.107053
0.112401
0.123474
0.113857
0.113918
0.134057
0.123641
0.123574
0.123546
0.115209
0.113861
0.132691
0.134088
0.123605
0.124383
0.125362
0.115077
0.132549
0.124436
0.123639
0.134716
0.125428
0.124449
0.115144
0.109709
0.108125
0.343345
0.399175
0.377251
0.304452
0.342873
0.330974
0.310097
0.31066
0.354
0.34297
0.310205
0.354109
0.304165
0.278414
0.309822
0.314143
0.297904
0.330856
0.310673
0.310725
0.357153
0.277069
0.278304
0.304055
0.241612
0.25984
0.248673
0.278038
0.256281
0.245257
0.278144
0.276909
0.256387
0.337955
0.302793
0.314184
0.196731
0.212055
0.206939
0.338144
0.314373
0.35914
0.188687
0.209792
0.199729
0.220755
0.257759
0.223015
0.187931
0.220521
0.222781
0.215485
0.254489
0.220719
0.300368
0.359346
0.304392
0.369349
0.440397
0.361979
0.362114
0.368908
0.308337
0.362567
0.443517
0.369362
0.420448
0.357928
0.432721
0.420325
0.399356
0.354665
0.131565
0.146642
0.145676
0.119379
0.131395
0.12217
0.127544
0.141041
0.131486
0.152463
0.146697
0.141175
0.164679
0.152582
0.158821
0.164638
0.146776
0.152542
0.208755
0.229869
0.245794
0.172256
0.188501
0.181852
0.164761
0.176811
0.159357
0.187859
0.222709
0.199064
0.232249
0.223064
0.260864
0.209934
0.199169
0.231999
0.17702
0.187705
0.19891
0.158928
0.184602
0.164786
0.208587
0.195636
0.2297
0.254573
0.21557
0.2459
0.177967
0.195462
0.208413
0.215212
0.184937
0.208502
0.158842
0.146177
0.177637
0.261015
0.268173
0.232401
0.129993
0.138489
0.130894
0.131431
0.129941
0.122206
0.131509
0.14562
0.130019
0.188574
0.177023
0.198913
0.181944
0.188593
0.199635
0.172239
0.176934
0.188485
0.146735
0.159193
0.145769
0.164856
0.187591
0.176906
0.225403
0.23662
0.236592
0.233535
0.216461
0.224653
0.210353
0.195896
0.211964
0.196944
0.182256
0.181914
0.220957
0.226645
0.211832
0.224907
0.240992
0.236633
0.211838
0.226651
0.222846
0.199763
0.211662
0.197102
0.199843
0.220867
0.211742
0.23719
0.240994
0.224909
0.24145
0.237185
0.22298
0.241536
0.248597
0.237271
0.215756
0.228548
0.212302
0.148346
0.1386
0.145705
0.182137
0.175798
0.167432
0.140684
0.138583
0.14833
0.13092
0.140617
0.135871
0.148406
0.145765
0.156468
0.211972
0.197143
0.211703
0.146798
0.164661
0.159257
0.222945
0.22675
0.241415
0.241637
0.256208
0.259865
0.241073
0.237269
0.248595
0.246447
0.275187
0.245215
0.210034
0.239856
0.220995
0.275293
0.278102
0.245321
0.310038
0.342803
0.304381
0.357299
0.354159
0.310819
0.361505
0.357323
0.310896
0.361914
0.432525
0.357732
0.357666
0.420185
0.354526
0.275145
0.287018
0.272162
0.30412
0.297691
0.277134
0.304301
0.330823
0.297871
0.172185
0.181781
0.167418
0.156619
0.172101
0.167334
0.160271
0.15658
0.167294
0.145801
0.159226
0.156504
0.159382
0.176836
0.172142
0.255082
0.25575
0.245786
0.260844
0.255113
0.249962
0.26094
0.27086
0.262704
0.123581
0.124378
0.115245
0.212162
0.228783
0.207046
0.205312
0.18388
0.197753
0.230883
0.254473
0.229004
0.205277
0.187258
0.183844
0.242046
0.242948
0.253053
0.271912
0.269689
0.272213
0.302506
0.284219
0.282185
0.265775
0.269668
0.271891
0.212242
0.230742
0.228863
0.284053
0.271291
0.263648
0.263531
0.271174
0.249173
0.236931
0.254247
0.25786
0.2153
0.236777
0.250651
0.215127
0.198992
0.236603
0.275028
0.264171
0.260003
0.275068
0.272086
0.264212
0.297594
0.275197
0.277037
0.297627
0.287103
0.27523
0.313997
0.287234
0.297758
0.359116
0.314349
0.331061
0.302622
0.28725
0.314013
0.272193
0.269669
0.265979
0.282043
0.272255
0.272136
0.282043
0.271954
0.272255
0.302516
0.282195
0.287143
0.284055
0.26365
0.271932
0.282083
0.284117
0.271994
0.302593
0.308278
0.284307
0.308458
0.302773
0.337936
0.308174
0.27144
0.284202
0.272175
0.265961
0.264182
0.287041
0.282093
0.272186
0.26576
0.267357
0.269652
0.230853
0.228619
0.245612
0.230001
0.254153
0.236838
0.199041
0.229816
0.236653
0.218192
0.24987
0.250461
0.25158
0.259088
0.263901
0.24174
0.226771
0.226238
0.263659
0.241494
0.254964
0.228591
0.226777
0.241283
0.253139
0.259052
0.251544
0.242075
0.253082
0.251487
0.230473
0.242828
0.2287
0.245746
0.255709
0.242969
0.270245
0.263964
0.25915
0.317387
0.282668
0.284404
0.274575
0.264056
0.282457
0.279329
0.263943
0.302085
0.255075
0.263964
0.274483
0.258819
0.259076
0.253163
0.258879
0.265534
0.264448
0.219244
0.22058
0.180122
0.217878
0.229679
0.176888
0.17997
0.217712
0.176722
0.254382
0.267424
0.267632
0.250794
0.23692
0.257848
0.250683
0.267168
0.267411
0.230046
0.250515
0.254199
0.250034
0.26711
0.250625
0.276924
0.274122
0.272234
0.278333
0.277182
0.278537
0.26811
0.260937
0.264599
0.273827
0.268153
0.264642
0.273848
0.270922
0.268174
0.269664
0.268133
0.273363
0.272211
0.264615
0.26991
0.272194
0.264624
0.264597
0.274102
0.272247
0.271
0.273841
0.264655
0.272225
0.278529
0.277173
0.275768
0.270879
0.260958
0.268131
0.26089
0.254103
0.264552
0.250853
0.263463
0.249105
0.215341
0.250692
0.248943
0.257945
0.265665
0.25089
0.250909
0.265684
0.263519
0.19884
0.176824
0.229615
0.267644
0.267324
0.258006
0.25435
0.2676
0.257963
0.267491
0.274075
0.267698
0.270962
0.267368
0.267687
0.275737
0.272263
0.274118
0.269906
0.265971
0.269662
0.272233
0.269931
0.270986
0.264594
0.265954
0.269889
0.270969
0.26967
0.267374
0.272195
0.264202
0.272076
0.254999
0.251566
0.263887
0.254529
0.230939
0.245699
0.245647
0.228654
0.241346
0.263628
0.245765
0.241463
0.27911
0.25469
0.245861
0.261282
0.258836
0.255815
0.270391
0.284247
0.282511
0.273878
0.272262
0.275736
0.24664
0.249866
0.220905
0.266174
0.246785
0.248026
0.266161
0.267162
0.250086
0.266235
0.266147
0.246846
0.266338
0.27745
0.26625
0.270353
0.271224
0.284209
0.264042
0.270323
0.282443
0.264489
0.266446
0.270271
0.270293
0.266468
0.271165
0.258857
0.264426
0.259114
0.265559
0.266324
0.264473
0.267078
0.266011
0.26644
0.22617
0.176792
0.198835
0.253071
0.219508
0.226494
0.267933
0.266245
0.248097
0.273757
0.268019
0.266153
0.273789
0.275719
0.268051
0.249771
0.218092
0.220809
0.220575
0.217859
0.180118
0.247783
0.220807
0.219471
0.247875
0.246633
0.220898
VECTORS Deplacement float
1.78939e-05 -1.07791e-05 0
1.85081e-05 -6.87895e-08 0
1.42561e-07 -6.68985e-08 0
7.69241e-08 9.79642e-05 0
2.12234e-05 7.91869e-05 0
5.94846e-08 5.70969e-07 0
1.334e-07 -1.33165e-07 0
1.69544e-05 -1.8472e-05 0
1.7885e-05 -1.08702e-05 0
2.13813e-05 -7.35052e-05 0
2.12723e-05 -0.000150231 0
1.44427e-07 -9.8501e-05 0
2.0865e-05 -2.65877e-07 0
2.13694e-05 -7.27276e-05 0
1.37136e-07 -2.71523e-07 0
2.12732e-05 7.88814e-05 0
2.08652e-05 2.44567e-07 0
1.38041e-07 2.91972e-07 0
2.13926e-05 7.90316e-05 0
3.52143e-05 5.5066e-05 0
2.0985e-05 4.49948e-07 0
3.52507e-05 5.54451e-05 0
2.14471e-05 7.94499e-05 0
3.44936e-05 0.000119262 0
4.38396e-05 1.27272e-07 0
3.54584e-05 1.39671e-07 0
4.36423e-05 4.01431e-05 0
4.72474e-05 1.19503e-07 0
4.38783e-05 1.27201e-07 0
4.36803e-05 4.01103e-05 0
4.36653e-05 -4.01595e-05 0
3.54585e-05 -1.64203e-07 0
4.38397e-05 -1.43059e-07 0
3.52363e-05 -5.50487e-05 0
2.149e-05 -7.28823e-05 0
2.09851e-05 -4.71681e-07 0
3.5724e-05 -7.49542e-05 0
3.23698e-05 -9.47549e-05 0
4.10444e-05 -9.9525e-05 0
3.17679e-05 -0.000235659 0
2.01457e-05 -0.00028957 0
2.07505e-05 -0.000229499 0
2.71443e-05 -5.10199e-05 0
3.5698e-05 -7.46498e-05 0
3.85149e-05 -5.18292e-05 0
2.9661e-05 -3.54314e-05 0
2.71181e-05 -5.08866e-05 0
3.85016e-05 -5.16978e-05 0
4.0371e-05 -2.655e-05 0
2.97135e-05 -3.53727e-05 0
3.85403e-05 -5.15941e-05 0
1.6898e-05 -1.84681e-05 0
6.63775e-08 -6.84346e-08 0
5.96541e-08 -9.37451e-08 0
3.12841e-05 -1.81172e-05 0
1.80434e-05 -1.09467e-05 0
2.96095e-05 -3.51662e-05 0
1.78402e-05 -1.08079e-05 0
7.11915e-08 -3.53463e-08 0
6.70726e-08 -6.48359e-08 0
2.95692e-05 -3.51708e-05 0
1.79862e-05 -1.09419e-05 0
1.70515e-05 -1.85867e-05 0
3.12562e-05 -1.79751e-05 0
1.86126e-05 -7.36409e-08 0
1.79959e-05 -1.0846e-05 0
1.535e-05 -2.68068e-05 0
2.39177e-05 -6.3978e-05 0
2.70209e-05 -5.08805e-05 0
2.959e-05 -3.53224e-05 0
1.70915e-05 -1.87032e-05 0
2.70486e-05 -5.07351e-05 0
5.5909e-08 -9.72434e-08 0
4.96107e-08 -1.22062e-07 0
1.3059e-05 -3.30978e-05 0
1.11513e-05 -3.74707e-05 0
1.30831e-05 -3.32359e-05 0
9.62211e-08 -2.41732e-07 0
1.49261e-05 -8.68655e-05 0
1.61799e-05 -8.46754e-05 0
7.48296e-06 -4.36007e-05 0
2.98374e-05 -0.000184152 0
2.97594e-05 -0.000178543 0
2.32148e-05 -0.000133854 0
2.98031e-05 -0.000178799 0
3.43959e-05 -0.000220501 0
3.08526e-05 -0.000172382 0
3.41944e-05 -0.000306124 0
3.35781e-05 -0.000237916 0
3.4205e-05 -0.000242534 0
3.41815e-05 -0.000306296 0
3.3524e-05 -0.000290421 0
3.35842e-05 -0.00023808 0
3.87418e-05 -0.000189361 0
3.80915e-05 -0.000201864 0
3.48805e-05 -0.000237339 0
2.88491e-05 -0.000110771 0
3.22781e-05 -9.47763e-05 0
2.16133e-05 -7.18547e-05 0
1.7915e-05 -8.19451e-05 0
2.88042e-05 -0.000110742 0
2.15572e-05 -7.17972e-05 0
3.31814e-05 -0.000157394 0
3.62311e-05 -0.000137597 0
2.89075e-05 -0.000111202 0
3.4105e-05 -0.00027393 0
3.56833e-05 -0.00024612 0
3.63895e-05 -0.000200303 0
3.22687e-05 -9.4621e-05 0
2.39545e-05 -6.42909e-05 0
2.1592e-05 -7.17005e-05 0
4.00309e-05 -0.000161296 0
4.10621e-05 -9.99267e-05 0
3.62972e-05 -0.000137574 0
1.69381e-05 -1.85494e-05 0
1.17557e-07 -1.91639e-07 0
1.52281e-05 -2.65026e-05 0
3.62686e-05 -0.000137337 0
4.10392e-05 -9.97409e-05 0
3.23765e-05 -9.49555e-05 0
4.28166e-05 -0.000126126 0
4.51543e-05 -8.69907e-05 0
4.38036e-05 -6.88728e-05 0
3.52323e-05 -5.55022e-05 0
2.14007e-05 -0.000150054 0
2.14857e-05 -7.33817e-05 0
4.03205e-05 -0.000156276 0
3.30813e-05 -0.000189738 0
4.17939e-05 -0.000120493 0
4.28034e-05 -0.000126556 0
4.03523e-05 -0.000156065 0
4.1829e-05 -0.000120313 0
3.87495e-05 -0.000189062 0
3.30745e-05 -0.000189999 0
4.03099e-05 -0.000156506 0
2.13214e-05 -7.30307e-05 0
7.82347e-08 -9.7943e-05 0
5.85866e-08 -5.49721e-07 0
3.29838e-05 -0.000190066 0
2.08208e-05 -0.000228809 0
3.41326e-05 -0.000140728 0
4.17808e-05 -0.000120438 0
3.30541e-05 -0.000189691 0
3.42088e-05 -0.000140386 0
3.18046e-05 -0.000235337 0
2.08159e-05 -0.000229163 0
3.29752e-05 -0.000190383 0
8.38619e-08 -0.000192337 0
5.21283e-08 -9.88353e-05 0
2.12335e-05 -0.000150598 0
5.73794e-08 -2.94827e-07 0
7.41134e-06 -4.31619e-05 0
8.87269e-06 -4.16281e-05 0
1.11107e-05 -3.7374e-05 0
4.66617e-08 -1.19672e-07 0
3.93467e-08 -1.38585e-07 0
3.01065e-08 -1.49896e-07 0
8.85642e-06 -4.14829e-05 0
3.61625e-08 -1.35621e-07 0
2.15294e-05 -7.14743e-05 0
2.38901e-05 -6.40887e-05 0
1.3204e-05 -3.35529e-05 0
2.39726e-05 -6.4222e-05 0
3.2288e-05 -9.45229e-05 0
2.70764e-05 -5.10891e-05 0
2.06688e-05 -0.000229598 0
2.00161e-05 -0.000289709 0
1.36298e-07 -0.000280814 0
4.34542e-08 -0.000193205 0
2.06052e-05 -0.000229269 0
8.62063e-08 -0.000280393 0
2.13891e-05 -0.000150886 0
3.40997e-05 -0.000140594 0
2.07619e-05 -0.00022868 0
4.27893e-05 -0.000126756 0
3.87774e-05 -0.000188821 0
4.03418e-05 -0.000156295 0
3.01871e-05 -0.000291193 0
2.01943e-05 -0.000289797 0
3.17922e-05 -0.000235856 0
3.87252e-05 -0.000189456 0
3.48534e-05 -0.000237456 0
3.18748e-05 -0.000235343 0
3.30386e-05 -0.000190269 0
3.87282e-05 -0.000189317 0
3.18669e-05 -0.000235182 0
2.88995e-05 -0.000111001 0
3.62341e-05 -0.000137377 0
3.23273e-05 -9.49744e-05 0
3.44045e-05 -0.000220409 0
3.31797e-05 -0.00015787 0
3.08635e-05 -0.000172314 0
3.63867e-05 -0.000199555 0
3.62536e-05 -0.000137871 0
3.32089e-05 -0.000157696 0
3.41085e-05 -0.000273837 0
3.63767e-05 -0.000200225 0
3.4423e-05 -0.000220905 0
3.80923e-05 -0.000201636 0
4.00089e-05 -0.000161857 0
3.64074e-05 -0.000199811 0
3.56981e-05 -0.000245868 0
3.8078e-05 -0.000201918 0
3.64011e-05 -0.000200083 0
3.56893e-05 -0.000246008 0
3.48725e-05 -0.000237547 0
3.80789e-05 -0.000202037 0
4.27816e-05 -0.00012678 0
4.00411e-05 -0.000161572 0
3.87836e-05 -0.000188838 0
4.27905e-05 -0.000126495 0
4.1091e-05 -9.98815e-05 0
4.00455e-05 -0.000161255 0
4.51478e-05 -8.71565e-05 0
4.28135e-05 -0.00012633 0
4.1851e-05 -0.000120073 0
3.53835e-05 -5.52022e-05 0
4.36607e-05 -4.05933e-05 0
4.30875e-05 -8.04931e-05 0
3.86119e-05 -5.17529e-05 0
4.37861e-05 -6.84705e-05 0
4.55475e-05 -3.51997e-05 0
3.1358e-05 -1.81648e-05 0
2.96828e-05 -3.52592e-05 0
4.03539e-05 -2.64381e-05 0
3.57452e-05 -7.48101e-05 0
4.1064e-05 -9.9344e-05 0
3.85609e-05 -5.19517e-05 0
3.23213e-05 -9.45577e-05 0
3.56767e-05 -7.47936e-05 0
2.71223e-05 -5.11263e-05 0
4.1085e-05 -9.93252e-05 0
4.37706e-05 -6.86866e-05 0
3.85942e-05 -5.19299e-05 0
4.67217e-05 -4.40667e-05 0
4.62009e-05 -2.36167e-07 0
4.55816e-05 -3.49229e-05 0
4.61707e-05 -5.54563e-08 0
4.09108e-05 1.07924e-05 0
4.04363e-05 -2.62199e-05 0
3.85949e-05 -5.16128e-05 0
4.5542e-05 -3.50577e-05 0
4.04231e-05 -2.65256e-05 0
3.94087e-05 0.000114361 0
4.30816e-05 0.000103784 0
4.11098e-05 0.00014897 0
3.99497e-05 3.16354e-05 0
4.55453e-05 3.51322e-05 0
4.37814e-05 6.84355e-05 0
4.66896e-05 4.44159e-05 0
4.36745e-05 4.05921e-05 0
4.26376e-05 9.32936e-05 0
4.38103e-05 6.86855e-05 0
4.6695e-05 4.45218e-05 0
4.51532e-05 8.67509e-05 0
4.55759e-05 3.49399e-05 0
4.62008e-05 2.53659e-07 0
4.67089e-05 4.4076e-05 0
1.78846e-05 -8.20226e-05 0
1.62529e-05 -8.49371e-05 0
2.43885e-05 -0.000127079 0
3.31544e-05 -0.000157335 0
2.88668e-05 -0.000111134 0
2.62303e-05 -0.000119635 0
2.14896e-05 -7.14896e-05 0
1.12251e-05 -3.78054e-05 0
1.46904e-05 -5.85916e-05 0
2.61772e-05 -0.000119382 0
2.88138e-05 -0.000110904 0
1.79372e-05 -8.21088e-05 0
2.44171e-05 -0.000127192 0
2.61622e-05 -0.000119437 0
1.79223e-05 -8.21432e-05 0
2.44631e-05 -0.000127498 0
3.08104e-05 -0.000171866 0
2.62048e-05 -0.000119725 0
1.31028e-05 -3.3174e-05 0
1.5215e-05 -2.6551e-05 0
1.13825e-07 -1.9512e-07 0
2.1491e-05 -7.13929e-05 0
1.3155e-05 -3.34576e-05 0
1.12174e-05 -3.77227e-05 0
2.38773e-05 -6.39241e-05 0
1.52954e-05 -2.67417e-05 0
1.31758e-05 -3.34072e-05 0
2.05713e-05 -0.000475241 0
1.96569e-05 -0.000474322 0
3.0986e-05 -0.000387848 0
3.18641e-05 -0.00033308 0
3.41677e-05 -0.000306911 0
2.92104e-05 -0.000378664 0
2.85617e-05 -0.000358083 0
3.18462e-05 -0.000333252 0
2.91821e-05 -0.000378851 0
3.35125e-05 -0.000290731 0
3.41708e-05 -0.000306628 0
3.18779e-05 -0.000332785 0
1.95067e-05 -0.000459782 0
2.85179e-05 -0.000358481 0
2.91459e-05 -0.000379262 0
3.40939e-05 -0.000274156 0
3.44202e-05 -0.000221191 0
3.3527e-05 -0.000290236 0
3.02426e-05 -0.000291345 0
3.56553e-05 -0.000246589 0
2.92206e-05 -0.00032868 0
3.44072e-05 -0.000221078 0
3.35746e-05 -0.00023781 0
3.35331e-05 -0.000290116 0
3.64021e-05 -0.000199577 0
4.00098e-05 -0.000161655 0
3.62852e-05 -0.000137889 0
2.92387e-05 -0.000328613 0
3.56586e-05 -0.000246538 0
3.40847e-05 -0.000274373 0
3.81009e-05 -0.000201604 0
3.87656e-05 -0.000189116 0
4.00256e-05 -0.000161815 0
3.02596e-05 -0.000291025 0
3.48388e-05 -0.000237838 0
3.56712e-05 -0.000246311 0
3.02357e-05 -0.000290995 0
3.18367e-05 -0.000235695 0
3.48246e-05 -0.000237796 0
3.43947e-05 -0.000220726 0
2.98189e-05 -0.000179009 0
3.35603e-05 -0.000237426 0
3.42204e-05 -0.000242767 0
3.56547e-05 -0.000310654 0
3.41939e-05 -0.00030638 0
2.12943e-05 -0.000151026 0
2.06335e-05 -0.000228871 0
1.40719e-07 -0.000192855 0
3.3155e-05 -0.000157549 0
2.62411e-05 -0.00011983 0
3.08327e-05 -0.000171969 0
8.8184e-08 -0.000360583 0
3.75855e-08 -0.000281153 0
1.99969e-05 -0.000290109 0
1.46481e-05 -5.84893e-05 0
1.11772e-05 -3.76951e-05 0
8.9328e-06 -4.1797e-05 0
1.78291e-05 -8.16573e-05 0
1.46692e-05 -5.86376e-05 0
8.95901e-06 -4.19532e-05 0
1.7866e-05 -8.17521e-05 0
2.15048e-05 -7.16303e-05 0
1.47115e-05 -5.87399e-05 0
1.82588e-05 -0.000352183 0
1.3107e-07 -0.000360924 0
2.0061e-05 -0.000290363 0
7.38199e-06 -4.30343e-05 0
2.72957e-08 -1.44958e-07 0
2.30797e-08 -1.53352e-07 0
2.01288e-05 -0.00029019 0
3.01544e-05 -0.00029157 0
1.83879e-05 -0.000351978 0
1.89408e-08 -1.49281e-07 0
6.62491e-06 -4.29137e-05 0
2.08712e-08 -1.4731e-07 0
1.84147e-05 -0.00035252 0
2.91415e-05 -0.000329416 0
1.87735e-05 -0.000398702 0
2.96842e-08 -0.000361279 0
1.82243e-05 -0.000352603 0
6.84887e-08 -0.000430922 0
3.01861e-05 -0.000291692 0
2.91758e-05 -0.000329072 0
1.84515e-05 -0.000352137 0
1.82716e-05 -0.000353004 0
7.50692e-08 -0.000490836 0
6.86607e-08 -0.000431308 0
1.88466e-08 -1.39974e-07 0
6.62288e-06 -4.29064e-05 0
1.8934e-08 -1.49257e-07 0
2.88813e-05 -0.000125013 0
2.30057e-05 -7.33698e-05 0
3.43133e-05 -0.000116918 0
2.88362e-05 -0.000124887 0
1.87338e-05 -7.94482e-05 0
2.29454e-05 -7.32443e-05 0
2.98414e-05 -0.000184177 0
2.43131e-05 -0.000133042 0
3.13202e-05 -0.000185033 0
2.31131e-05 -0.000133216 0
1.4983e-05 -8.71701e-05 0
1.56373e-05 -8.54096e-05 0
8.42849e-06 -3.82118e-05 0
1.08268e-05 -3.45243e-05 0
1.86286e-05 -7.90216e-05 0
6.64676e-06 -4.30366e-05 0
3.74393e-08 -2.81104e-07 0
6.88269e-06 -4.13963e-05 0
2.36847e-08 -1.27605e-07 0
3.09949e-08 -1.1315e-07 0
8.33176e-06 -3.78255e-05 0
3.32066e-05 -0.000157959 0
3.44154e-05 -0.000220507 0
3.63757e-05 -0.000199849 0
2.84897e-05 -0.000358482 0
1.86884e-05 -0.000436211 0
1.87318e-05 -0.000399074 0
3.40677e-05 -0.000274726 0
2.85719e-05 -0.000357696 0
2.92059e-05 -0.000329005 0
3.35048e-05 -0.000290889 0
3.186e-05 -0.000332957 0
2.85855e-05 -0.000357772 0
2.84908e-05 -0.000358652 0
1.94446e-05 -0.00045997 0
1.86938e-05 -0.000436401 0
3.56372e-05 -0.000311124 0
2.92273e-05 -0.000378598 0
3.41778e-05 -0.000306835 0
3.56615e-05 -0.000311148 0
3.89772e-05 -0.000309553 0
3.10873e-05 -0.000386755 0
9.90166e-08 -0.000567797 0
1.51177e-08 -0.000535473 0
1.93193e-05 -0.000460916 0
1.86906e-05 -0.000399199 0
1.58539e-07 -0.000490886 0
1.83271e-05 -0.00035297 0
2.85155e-05 -0.000358139 0
1.87967e-05 -0.000398717 0
2.91534e-05 -0.000329416 0
1.85548e-05 -0.000436595 0
9.87775e-08 -0.000491162 0
1.86566e-05 -0.000399456 0
4.31416e-08 -9.6746e-08 0
1.07408e-05 -3.41287e-05 0
3.29813e-08 -1.12418e-07 0
1.6823e-05 -2.74058e-05 0
2.68367e-05 -6.79628e-05 0
1.36724e-05 -3.11637e-05 0
2.13462e-05 -0.000105304 0
2.98736e-05 -0.000154203 0
2.42722e-05 -0.000132672 0
2.13598e-05 -0.000105278 0
2.88592e-05 -0.000125254 0
2.98897e-05 -0.000154178 0
3.44188e-05 -0.000117399 0
4.33263e-05 -0.000167013 0
3.7243e-05 -0.000176742 0
2.9903e-05 -0.000154473 0
3.1324e-05 -0.000184933 0
2.43106e-05 -0.000132937 0
3.71845e-05 -0.000176731 0
2.99377e-05 -0.000154418 0
2.89199e-05 -0.000125491 0
3.7206e-05 -0.000177014 0
3.69809e-05 -0.000209076 0
2.99712e-05 -0.000154696 0
5.0448e-05 -0.00015555 0
4.83926e-05 -0.000223931 0
4.34196e-05 -0.000167297 0
3.69593e-05 -0.000209102 0
3.136e-05 -0.000185189 0
2.99525e-05 -0.000154726 0
3.69763e-05 -0.000209403 0
3.65795e-05 -0.000242959 0
3.13885e-05 -0.000185479 0
4.21629e-05 -0.000235594 0
3.70171e-05 -0.00020935 0
3.72558e-05 -0.000177283 0
4.21482e-05 -0.000235821 0
3.66048e-05 -0.000243135 0
3.70153e-05 -0.000209572 0
4.33492e-05 -0.000167406 0
4.21867e-05 -0.000235447 0
3.72735e-05 -0.000177141 0
3.89813e-05 -0.000309796 0
3.33919e-05 -0.000386714 0
3.10715e-05 -0.00038702 0
3.66097e-05 -0.000243706 0
3.89979e-05 -0.000309065 0
3.56784e-05 -0.000310674 0
4.23372e-05 -0.000303141 0
3.34356e-05 -0.000386425 0
3.90122e-05 -0.000309516 0
4.83685e-05 -0.000224623 0
4.66313e-05 -0.00029111 0
4.22312e-05 -0.000236026 0
4.33984e-05 -0.00016756 0
4.83577e-05 -0.00022421 0
4.22138e-05 -0.000235609 0
5.36842e-05 -0.000213731 0
5.14174e-05 -0.000279804 0
4.84278e-05 -0.000224513 0
3.69794e-05 -0.000377287 0
3.34198e-05 -0.000386665 0
4.23425e-05 -0.00030336 0
3.56712e-05 -0.000310438 0
3.42177e-05 -0.000242562 0
3.65823e-05 -0.000243493 0
1.35603e-05 -3.09599e-05 0
1.07872e-05 -3.42315e-05 0
8.97792e-08 -1.94566e-07 0
4.84175e-05 -0.000224089 0
5.0494e-05 -0.000155701 0
5.36801e-05 -0.000213315 0
2.0586e-05 -0.000475194 0
3.68777e-05 -0.000378123 0
2.35749e-05 -0.00046628 0
2.06353e-05 -0.000474907 0
3.3352e-05 -0.000387239 0
3.6904e-05 -0.000377873 0
8.13667e-08 -0.00058523 0
1.95102e-05 -0.000475226 0
6.49407e-08 -0.000593327 0
1.96238e-05 -0.000474198 0
1.94608e-05 -0.00046017 0
2.9124e-05 -0.000379624 0
1.56582e-07 -0.000593151 0
1.95553e-05 -0.000474938 0
2.04726e-05 -0.000475841 0
8.12367e-08 -0.000585226 0
2.51422e-08 -0.000567976 0
1.94713e-05 -0.00047513 0
4.23693e-05 -0.000302636 0
3.90379e-05 -0.000309015 0
4.21934e-05 -0.000236343 0
1.37499e-07 -0.000567722 0
1.9404e-05 -0.000460773 0
1.94931e-05 -0.000474755 0
5.57882e-05 -8.5632e-05 0
4.93579e-05 -9.56295e-05 0
4.21614e-05 -5.04017e-05 0
7.27022e-05 -0.000115885 0
5.59386e-05 -8.57991e-05 0
6.30073e-05 -7.76444e-05 0
6.37507e-05 -0.000132399 0
4.94305e-05 -9.59223e-05 0
5.58617e-05 -8.59054e-05 0
3.42013e-05 -0.000242153 0
3.13859e-05 -0.000185592 0
3.65666e-05 -0.000243071 0
1.18394e-05 -6.05442e-05 0
1.55759e-05 -8.5014e-05 0
6.95668e-06 -4.17394e-05 0
1.86266e-05 -7.91199e-05 0
1.1854e-05 -6.05101e-05 0
8.43488e-06 -3.82994e-05 0
1.86691e-05 -7.93427e-05 0
2.12647e-05 -0.000104812 0
1.18983e-05 -6.07353e-05 0
3.43599e-05 -0.00011726 0
3.72037e-05 -0.0001766 0
2.89316e-05 -0.000125365 0
2.97664e-05 -0.000178471 0
3.08179e-05 -0.000172073 0
2.44787e-05 -0.000127688 0
1.93714e-05 -0.000108399 0
2.97387e-05 -0.000178256 0
2.44348e-05 -0.000127478 0
2.98735e-05 -0.000184501 0
3.35551e-05 -0.000237298 0
2.97963e-05 -0.000178878 0
2.42772e-05 -0.000132872 0
2.98225e-05 -0.000184002 0
2.31895e-05 -0.000133695 0
3.41884e-05 -0.000242124 0
3.35632e-05 -0.000237519 0
2.98957e-05 -0.000184706 0
1.85592e-05 -0.00043701 0
9.21086e-08 -0.000535202 0
1.5519e-08 -0.000491475 0
3.40733e-05 -0.000274601 0
3.35102e-05 -0.000290699 0
2.8597e-05 -0.000357557 0
1.93139e-05 -0.0004605 0
1.20945e-07 -0.000535207 0
1.86356e-05 -0.000436957 0
8.34806e-06 -3.79727e-05 0
6.89096e-06 -4.13642e-05 0
4.60453e-08 -2.55753e-07 0
6.96686e-06 -4.18268e-05 0
1.5583e-05 -8.51019e-05 0
1.49241e-05 -8.68627e-05 0
2.23682e-08 -1.28127e-07 0
6.86225e-06 -4.1245e-05 0
1.85877e-08 -1.41123e-07 0
8.39177e-06 -3.81705e-05 0
1.18156e-05 -6.03849e-05 0
6.92926e-06 -4.15763e-05 0
6.93497e-06 -4.16827e-05 0
1.48981e-05 -8.67261e-05 0
6.70012e-06 -4.33326e-05 0
2.12531e-05 -0.000104833 0
1.56225e-05 -8.52237e-05 0
1.18904e-05 -6.07546e-05 0
2.88257e-05 -0.000125002 0
2.13181e-05 -0.000105028 0
1.87318e-05 -7.9556e-05 0
2.42283e-05 -0.000132442 0
1.56666e-05 -8.54646e-05 0
2.12929e-05 -0.000105075 0
2.42307e-05 -0.000132537 0
2.31374e-05 -0.000133368 0
1.56744e-05 -8.55626e-05 0
3.41873e-05 -0.000241949 0
2.98785e-05 -0.000184532 0
3.13536e-05 -0.000185402 0
2.43906e-05 -0.000127174 0
1.62582e-05 -8.50224e-05 0
1.93163e-05 -0.000108084 0
1.92849e-05 -0.000107947 0
1.62185e-05 -8.48835e-05 0
1.49674e-05 -8.70854e-05 0
2.31248e-05 -0.000133288 0
1.93081e-05 -0.000108109 0
1.49984e-05 -8.72494e-05 0
2.31745e-05 -0.0001336 0
2.97354e-05 -0.000178289 0
1.93671e-05 -0.000108413 0
7.39934e-06 -4.31745e-05 0
4.39455e-08 -3.00631e-07 0
6.65062e-06 -4.30496e-05 0
1.48995e-05 -8.67304e-05 0
7.44854e-06 -4.3453e-05 0
6.70194e-06 -4.33382e-05 0
8.89124e-06 -4.15943e-05 0
1.11289e-05 -3.75157e-05 0
7.54695e-08 -2.74179e-07 0
1.61664e-05 -8.45246e-05 0
8.92786e-06 -4.18984e-05 0
7.46313e-06 -4.34497e-05 0
1.61997e-05 -8.46474e-05 0
1.78328e-05 -8.17465e-05 0
8.96654e-06 -4.20351e-05 0
1.35804e-05 -3.09362e-05 0
9.37136e-08 -1.90778e-07 0
1.67165e-05 -2.7198e-05 0
3.49435e-05 -5.79245e-05 0
2.68994e-05 -6.80506e-05 0
1.68987e-05 -2.74951e-05 0
1.07587e-05 -3.42697e-05 0
8.36905e-06 -3.79356e-05 0
6.39565e-08 -2.25613e-07 0
2.28755e-05 -7.27772e-05 0
1.08577e-05 -3.44896e-05 0
1.36406e-05 -3.11959e-05 0
2.28834e-05 -7.29478e-05 0
1.86731e-05 -7.91367e-05 0
1.08795e-05 -3.46414e-05 0
3.09935e-05 -0.000387539 0
1.9689e-05 -0.000473969 0
2.91529e-05 -0.000379402 0
3.56369e-05 -0.000311383 0
3.10457e-05 -0.000386993 0
2.92058e-05 -0.000378878 0
3.33322e-05 -0.000387269 0
2.06254e-05 -0.000474928 0
3.10223e-05 -0.000387567 0
2.69811e-05 -6.83254e-05 0
3.5035e-05 -5.81729e-05 0
4.26068e-05 -0.000104843 0
3.43729e-05 -0.000116827 0
2.69892e-05 -6.85204e-05 0
4.25924e-05 -0.000105049 0
2.29261e-05 -7.28913e-05 0
1.36998e-05 -3.13059e-05 0
2.68473e-05 -6.8131e-05 0
1.66786e-05 -2.7087e-05 0
4.71046e-08 -9.29301e-08 0
6.16597e-08 -8.06339e-08 0
8.0296e-08 -6.45532e-08 0
2.22177e-05 -2.18525e-05 0
6.22918e-08 -7.5318e-08 0
3.51226e-05 -5.82676e-05 0
4.9288e-05 -9.57344e-05 0
4.26766e-05 -0.000104934 0
8.04039e-08 -6.44733e-08 0
9.44258e-08 -5.15176e-08 0
2.22499e-05 -2.18287e-05 0
4.26754e-05 -0.000105335 0
5.04085e-05 -0.00015499 0
3.44501e-05 -0.000117123 0
2.29943e-05 -7.31874e-05 0
2.69182e-05 -6.84139e-05 0
3.43157e-05 -0.000116722 0
4.93615e-05 -9.60167e-05 0
5.67669e-05 -0.000142988 0
4.27489e-05 -0.000105231 0
2.04626e-05 -0.000475799 0
2.34746e-05 -0.00046692 0
1.70931e-07 -0.000582258 0
3.90277e-05 -0.000308808 0
3.66194e-05 -0.00024346 0
4.216e-05 -0.000236151 0
2.59467e-05 -0.000451129 0
1.178e-07 -0.000558431 0
4.86366e-08 -0.000582197 0
3.68987e-05 -0.000378021 0
2.61303e-05 -0.000450281 0
2.35894e-05 -0.00046615 0
4.71568e-05 -0.00033691 0
5.25861e-05 -0.000306509 0
3.22835e-05 -0.000381608 0
2.13315e-07 -0.000481711 0
2.89221e-05 -0.000419339 0
3.20275e-05 -0.000382436 0
4.25404e-05 -0.000356396 0
5.13806e-05 -0.000280658 0
4.71803e-05 -0.000336739 0
3.69538e-05 -0.000377669 0
4.24232e-05 -0.000357087 0
2.62144e-05 -0.000449924 0
4.72429e-05 -0.000336442 0
6.20802e-05 -0.000247269 0
5.26875e-05 -0.000306067 0
5.14169e-05 -0.000280359 0
5.65653e-05 -0.000265523 0
4.72395e-05 -0.000336426 0
5.14325e-05 -0.000279944 0
5.37261e-05 -0.000213866 0
5.6589e-05 -0.000265117 0
4.24948e-05 -0.000356575 0
3.70189e-05 -0.000377146 0
4.65984e-05 -0.000292023 0
1.57147e-07 -0.000582096 0
2.34891e-05 -0.00046679 0
2.5972e-05 -0.000450825 0
6.23303e-08 -0.000582423 0
7.93372e-08 -0.000593279 0
2.04123e-05 -0.000476111 0
2.23295e-05 -2.18979e-05 0
1.94166e-07 -1.04815e-07 0
2.61657e-05 -1.89208e-05 0
2.60651e-05 -0.000450701 0
2.89011e-05 -0.000419732 0
2.00286e-07 -0.000558002 0
4.73866e-05 -4.50916e-05 0
5.40452e-05 -3.80022e-05 0
6.29304e-05 -7.72264e-05 0
4.21664e-05 -5.02279e-05 0
4.73472e-05 -4.51348e-05 0
6.28848e-05 -7.72904e-05 0
3.51103e-05 -5.80939e-05 0
4.20799e-05 -5.0311e-05 0
4.92972e-05 -9.55353e-05 0
3.50248e-05 -5.78322e-05 0
2.25011e-05 -2.21929e-05 0
4.19883e-05 -5.00776e-05 0
2.63485e-05 -1.90514e-05 0
3.0501e-05 -1.57967e-05 0
4.72043e-05 -4.48029e-05 0
4.20499e-05 -5.00151e-05 0
2.6404e-05 -1.91518e-05 0
4.72248e-05 -4.49383e-05 0
1.68712e-05 -2.73518e-05 0
2.24045e-05 -2.21161e-05 0
3.49455e-05 -5.77575e-05 0
1.67576e-05 -2.71515e-05 0
1.23947e-07 -1.55952e-07 0
2.22635e-05 -2.19453e-05 0
9.98467e-08 -5.32016e-08 0
1.11398e-07 -4.06201e-08 0
2.61171e-05 -1.88277e-05 0
2.88627e-05 -0.000419763 0
7.84214e-08 -0.000481917 0
1.19759e-07 -0.000524322 0
2.90951e-05 -0.000418935 0
4.70901e-05 -0.000337282 0
3.21779e-05 -0.000381994 0
6.92316e-08 -0.000558036 0
2.88511e-05 -0.000419962 0
1.19701e-07 -0.00052464 0
2.61746e-05 -0.000450041 0
4.24162e-05 -0.000357216 0
2.90755e-05 -0.000419196 0
3.55249e-05 -0.000339494 0
6.29781e-05 -0.00023953 0
3.80319e-05 -0.000294917 0
5.26427e-05 -0.000306159 0
5.83964e-05 -0.000271655 0
3.55817e-05 -0.000339697 0
5.27482e-05 -0.000305714 0
7.14321e-05 -0.000212957 0
5.85137e-05 -0.000271234 0
0.000100026 -1.89971e-05 0
9.34322e-05 -4.28602e-05 0
0.000100963 -5.01116e-05 0
9.814e-05 -1.70245e-05 0
9.4782e-05 -2.06631e-06 0
9.67757e-05 3.31365e-06 0
9.92504e-05 -3.25943e-05 0
9.81643e-05 -1.7181e-05 0
0.000100045 -1.88935e-05 0
9.79537e-05 -4.86371e-05 0
9.92496e-05 -3.27769e-05 0
0.000100983 -5.01711e-05 0
9.78844e-05 -4.8522e-05 0
8.70799e-05 -3.36202e-05 0
8.83208e-05 -2.39787e-05 0
8.40144e-05 -5.28275e-06 0
8.71923e-05 -1.442e-05 0
6.50745e-05 -6.22151e-06 0
9.67547e-05 3.35328e-06 0
9.04961e-05 3.23684e-06 0
9.99961e-05 -1.86998e-05 0
9.42341e-05 -6.51796e-05 0
8.85827e-05 -8.18525e-05 0
7.82059e-05 -5.46436e-05 0
8.03858e-05 -0.000173405 0
7.98625e-05 -0.00016793 0
8.66734e-05 -0.000129182 0
2.63076e-05 -1.908e-05 0
4.19756e-05 -4.99344e-05 0
2.24578e-05 -2.20806e-05 0
3.67492e-05 -1.07343e-05 0
1.45141e-07 -3.11554e-08 0
1.47309e-07 -2.45616e-08 0
3.52809e-05 -0.000340461 0
2.33939e-07 -0.000481365 0
3.20662e-05 -0.000382138 0
3.4318e-05 -1.25374e-05 0
3.03781e-05 -1.56287e-05 0
2.59586e-07 -6.88399e-08 0
1.39683e-07 -2.80703e-08 0
3.42445e-05 -1.24749e-05 0
1.32824e-07 -3.58456e-08 0
6.45346e-05 -2.5651e-05 0
8.34204e-05 -4.36849e-05 0
6.00188e-05 -3.14317e-05 0
3.45167e-05 -1.26406e-05 0
5.97524e-05 -3.12853e-05 0
3.05597e-05 -1.5754e-05 0
7.09847e-05 -6.57198e-05 0
6.2998e-05 -7.72972e-05 0
5.41392e-05 -3.80706e-05 0
6.303e-05 -0.000239452 0
3.56047e-05 -0.000339436 0
5.84336e-05 -0.000271428 0
8.34508e-05 -4.37804e-05 0
7.80592e-05 -5.4389e-05 0
6.00794e-05 -3.15271e-05 0
3.68382e-05 -1.07863e-05 0
3.4348e-05 -1.25156e-05 0
2.84677e-07 -5.92798e-08 0
6.7226e-05 -2.02689e-05 0
3.70685e-05 -1.08524e-05 0
3.88705e-05 -9.10189e-06 0
6.43088e-05 -2.54833e-05 0
3.45504e-05 -1.26171e-05 0
3.70489e-05 -1.08725e-05 0
3.53397e-05 -0.000340132 0
3.78087e-05 -0.000295396 0
2.73201e-07 -0.000427027 0
9.8997e-08 -0.000481297 0
3.52051e-05 -0.000340618 0
1.40165e-07 -0.000427544 0
3.22277e-05 -0.000381582 0
5.25683e-05 -0.000306519 0
3.54822e-05 -0.000340042 0
7.15448e-05 -0.000212438 0
8.02767e-05 -0.000173903 0
6.32443e-05 -0.000238739 0
6.96485e-05 -0.000200949 0
7.59114e-05 -0.000161368 0
7.15448e-05 -0.000212264 0
6.21987e-05 -0.000246513 0
6.96024e-05 -0.000201236 0
7.14878e-05 -0.00021255 0
6.21847e-05 -0.000246437 0
6.42789e-05 -0.00019013 0
6.95768e-05 -0.00020116 0
7.28191e-05 -0.000116203 0
8.12005e-05 -9.93094e-05 0
7.59622e-05 -0.000160689 0
4.4066e-05 -0.000128142 0
7.19413e-05 -0.000148063 0
7.41152e-05 -0.000105026 0
1.47845e-07 -0.000299338 0
4.22168e-05 -0.000188803 0
1.46342e-07 -0.000232613 0
8.47216e-05 -0.000149892 0
9.21852e-05 -0.000108671 0
8.93736e-05 -0.000117391 0
8.0345e-05 -0.000173564 0
8.46109e-05 -0.000150361 0
6.85852e-05 -0.000191116 0
7.98464e-05 -0.000167887 0
7.59898e-05 -0.000160985 0
8.66481e-05 -0.000129138 0
7.15814e-05 -0.000212185 0
7.98116e-05 -0.00016821 0
8.03258e-05 -0.000173684 0
7.15753e-05 -0.000212144 0
7.5949e-05 -0.000161267 0
7.97956e-05 -0.000168167 0
5.85511e-05 -0.000271008 0
7.1481e-05 -0.000212763 0
6.31613e-05 -0.000239075 0
5.68547e-05 -0.000143654 0
6.42012e-05 -0.000189822 0
5.37502e-05 -0.000213148 0
4.27621e-05 -0.000105426 0
5.67608e-05 -0.000143191 0
5.04781e-05 -0.000155078 0
6.37916e-05 -0.000132902 0
6.42459e-05 -0.000189548 0
5.68819e-05 -0.000143397 0
5.27752e-05 -0.000305631 0
6.2156e-05 -0.000246867 0
7.14329e-05 -0.000212876 0
6.20785e-05 -0.000247134 0
4.72667e-05 -0.0003363 0
5.66016e-05 -0.000265411 0
8.67055e-05 -0.00012914 0
8.46749e-05 -0.000150164 0
8.03974e-05 -0.000173341 0
8.69139e-05 -3.3542e-05 0
6.45713e-05 -2.55929e-05 0
6.74628e-05 -2.03925e-05 0
9.42604e-05 -6.4952e-05 0
8.35965e-05 -4.38145e-05 0
8.70531e-05 -3.37187e-05 0
9.95245e-05 -6.92223e-05 0
9.43383e-05 -6.51213e-05 0
9.79293e-05 -4.87919e-05 0
9.33965e-05 -4.30896e-05 0
9.23963e-05 -8.39157e-05 0
0.000100947 -5.0317e-05 0
9.21689e-05 -0.000108473 0
8.67403e-05 -0.000128674 0
8.86147e-05 -8.22362e-05 0
8.94239e-05 -0.000117191 0
9.22122e-05 -0.000108474 0
9.64246e-05 -8.98308e-05 0
8.47272e-05 -0.000149942 0
8.67332e-05 -0.000128925 0
9.21567e-05 -0.000108693 0
9.4278e-05 -6.53297e-05 0
9.22061e-05 -0.000108243 0
8.86293e-05 -8.2036e-05 0
7.81591e-05 -5.47227e-05 0
8.85386e-05 -8.19651e-05 0
8.12649e-05 -9.88407e-05 0
5.41874e-05 -3.80214e-05 0
7.79939e-05 -5.44918e-05 0
7.10356e-05 -6.56435e-05 0
8.35664e-05 -4.38838e-05 0
9.42303e-05 -6.50538e-05 0
7.81759e-05 -5.45156e-05 0
3.78485e-05 -0.000294991 0
4.0436e-05 -0.000239005 0
2.84229e-07 -0.000365738 0
1.19436e-07 -0.00042689 0
3.7709e-05 -0.000295494 0
1.35942e-07 -0.000366257 0
6.32191e-05 -0.000238652 0
8.02842e-05 -0.000173848 0
6.85044e-05 -0.000191407 0
7.59996e-05 -0.000160728 0
8.12609e-05 -9.93583e-05 0
8.66645e-05 -0.000128919 0
6.38899e-05 -0.000132726 0
7.27602e-05 -0.000116315 0
7.59089e-05 -0.000160829 0
6.96228e-05 -0.000200873 0
6.43129e-05 -0.000189841 0
7.58745e-05 -0.00016129 0
5.68291e-05 -0.000143079 0
4.94433e-05 -9.61104e-05 0
6.37424e-05 -0.000132597 0
5.67958e-05 -0.000143539 0
5.37149e-05 -0.000213031 0
5.05159e-05 -0.000155439 0
7.58686e-05 -0.000161072 0
6.42981e-05 -0.000189603 0
6.38711e-05 -0.000132966 0
6.21403e-05 -0.000246657 0
5.66547e-05 -0.000264915 0
6.42387e-05 -0.000190329 0
5.66398e-05 -0.000264803 0
5.37574e-05 -0.000213567 0
6.41966e-05 -0.000190218 0
4.7103e-05 -0.000337197 0
2.91611e-05 -0.000418846 0
4.24739e-05 -0.00035686 0
4.66014e-05 -0.000291378 0
4.23942e-05 -0.000302576 0
4.22229e-05 -0.000236283 0
4.25543e-05 -0.00035624 0
4.66381e-05 -0.000291706 0
5.13623e-05 -0.000280509 0
3.70306e-05 -0.000376956 0
4.23789e-05 -0.000303047 0
4.65816e-05 -0.000291848 0
5.13834e-05 -0.000280071 0
4.66512e-05 -0.000291263 0
4.84137e-05 -0.000224768 0
4.33711e-05 -0.00016694 0
3.44637e-05 -0.000117331 0
5.04002e-05 -0.0001552 0
6.38186e-05 -0.000132463 0
5.59526e-05 -8.59774e-05 0
7.2693e-05 -0.00011607 0
7.39188e-05 -1.8696e-05 0
9.03323e-05 3.3001e-06 0
7.24291e-05 1.46995e-05 0
9.95078e-05 -6.93607e-05 0
9.64651e-05 -8.95255e-05 0
9.43454e-05 -6.52593e-05 0
9.24254e-05 -8.40116e-05 0
9.95159e-05 -6.9285e-05 0
0.000100953 -5.03895e-05 0
9.23746e-05 -8.42481e-05 0
8.94197e-05 -0.000117005 0
9.94914e-05 -6.94876e-05 0
7.21551e-05 -0.000147914 0
8.93267e-05 -0.000117289 0
9.22837e-05 -8.44791e-05 0
7.49753e-05 -6.13242e-05 0
7.42862e-05 -0.000104591 0
9.22599e-05 -8.42016e-05 0
4.25814e-05 -0.000188595 0
4.06865e-05 -0.000238207 0
6.8321e-05 -0.000191459 0
7.20623e-05 -0.000148296 0
6.85555e-05 -0.000190881 0
8.92578e-05 -0.000117619 0
3.70865e-05 -4.58506e-06 0
3.87426e-05 -6.06615e-06 0
2.88874e-07 -4.15791e-08 0
1.32923e-07 -1.61969e-08 0
3.69683e-05 -4.56556e-06 0
1.46016e-07 -2.23307e-08 0
6.48453e-05 -6.23166e-06 0
6.74969e-05 -1.08279e-05 0
3.90882e-05 -6.12419e-06 0
8.39434e-05 -5.23936e-06 0
6.49732e-05 -6.19312e-06 0
6.19107e-05 -2.7916e-06 0
3.86445e-05 -6.05501e-06 0
1.53005e-07 -2.4554e-08 0
1.42975e-07 -1.92653e-08 0
6.47621e-05 -6.21598e-06 0
3.89654e-05 -6.10086e-06 0
3.72988e-05 -4.60326e-06 0
6.75105e-05 -1.08712e-05 0
6.83414e-05 -1.54477e-05 0
3.96181e-05 -7.58821e-06 0
8.71528e-05 -1.44411e-05 0
6.76561e-05 -1.08554e-05 0
6.50031e-05 -6.23581e-06 0
8.72204e-05 -1.45366e-05 0
8.82226e-05 -2.38254e-05 0
6.8586e-05 -1.55293e-05 0
5.97997e-05 -3.13731e-05 0
5.39796e-05 -3.77678e-05 0
3.06424e-05 -1.58352e-05 0
6.43672e-05 -2.55525e-05 0
5.98581e-05 -3.13136e-05 0
3.46457e-05 -1.26796e-05 0
7.79714e-05 -5.43774e-05 0
5.41359e-05 -3.7908e-05 0
5.9966e-05 -3.14968e-05 0
7.28023e-05 -0.000115866 0
7.11194e-05 -6.60344e-05 0
8.1187e-05 -9.90115e-05 0
7.27525e-05 -0.000115794 0
6.30583e-05 -7.75758e-05 0
7.10452e-05 -6.59622e-05 0
5.5834e-05 -8.55714e-05 0
4.22054e-05 -5.03592e-05 0
6.29015e-05 -7.74297e-05 0
3.02827e-05 -1.55813e-05 0
1.17659e-07 -4.31387e-08 0
1.2691e-07 -3.29292e-08 0
4.72844e-05 -4.48692e-05 0
3.06104e-05 -1.58564e-05 0
5.39371e-05 -3.78128e-05 0
2.62036e-05 -1.88866e-05 0
2.28921e-07 -8.38458e-08 0
3.03421e-05 -1.56604e-05 0
2.99899e-07 -5.27156e-08 0
3.86509e-05 -9.03414e-06 0
3.68541e-05 -1.07679e-05 0
6.86088e-05 -0.000190888 0
8.46432e-05 -0.000150171 0
8.92885e-05 -0.000117624 0
4.26947e-05 -0.000188309 0
6.8411e-05 -0.00019116 0
7.19108e-05 -0.000148526 0
4.06702e-05 -0.000238559 0
3.80685e-05 -0.000294382 0
6.82935e-05 -0.000191755 0
1.50692e-07 -2.23513e-08 0
3.85515e-05 -8.99181e-06 0
1.52744e-07 -2.81165e-08 0
4.04626e-05 -0.000238555 0
4.23458e-05 -0.000188818 0
3.0655e-07 -0.000299549 0
1.34654e-07 -0.000365556 0
4.03221e-05 -0.000239029 0
1.45233e-07 -0.00030005 0
3.81522e-05 -0.000294406 0
6.30843e-05 -0.000239066 0
6.8356e-05 -0.000191754 0
4.23617e-05 -0.000188331 0
4.3725e-05 -0.000128526 0
3.24515e-07 -0.000232119 0
9.23159e-05 -8.39915e-05 0
9.33089e-05 -4.3106e-05 0
7.50496e-05 -6.11152e-05 0
7.42745e-05 -0.000104881 0
7.20934e-05 -0.00014787 0
9.22446e-05 -8.44397e-05 0
4.47587e-05 -6.75565e-05 0
4.39522e-05 -0.000127657 0
7.47237e-05 -6.12881e-05 0
4.35855e-05 -0.000128438 0
1.54641e-07 -0.000158907 0
1.64734e-07 -0.000231853 0
7.4814e-05 -6.141e-05 0
4.40721e-05 -0.000127798 0
7.4127e-05 -0.000104736 0
4.45221e-05 -6.76369e-05 0
3.24285e-07 -9.04968e-05 0
4.36945e-05 -0.000127746 0
8.94438e-05 -0.000117025 0
9.6449e-05 -8.96993e-05 0
9.94907e-05 -6.94997e-05 0
7.80866e-05 -5.46674e-05 0
8.12179e-05 -9.87866e-05 0
7.11258e-05 -6.58481e-05 0
9.64407e-05 -8.96568e-05 0
9.22209e-05 -0.000108267 0
9.43171e-05 -6.53575e-05 0
8.67164e-05 -0.000128647 0
8.12944e-05 -9.91145e-05 0
8.85658e-05 -8.22e-05 0
3.96175e-05 -7.59646e-06 0
6.83407e-05 -1.54784e-05 0
6.73197e-05 -2.02616e-05 0
1.49209e-07 -2.10855e-08 0
3.91678e-05 -7.48666e-06 0
1.55327e-07 -2.62134e-08 0
3.89809e-05 -6.11531e-06 0
6.7431e-05 -1.08435e-05 0
3.94975e-05 -7.5562e-06 0
3.94965e-05 -7.573e-06 0
6.72393e-05 -2.02399e-05 0
3.88786e-05 -9.09069e-06 0
8.71665e-05 -1.44969e-05 0
6.84995e-05 -1.54845e-05 0
6.76679e-05 -1.08861e-05 0
8.82218e-05 -2.38884e-05 0
8.69842e-05 -3.34938e-05 0
6.85853e-05 -1.55622e-05 0
6.84982e-05 -1.55482e-05 0
8.69295e-05 -3.34826e-05 0
6.74761e-05 -2.03598e-05 0
9.91875e-05 -3.25675e-05 0
8.83238e-05 -2.38827e-05 0
8.73232e-05 -1.45625e-05 0
9.92077e-05 -3.26966e-05 0
9.79124e-05 -4.85177e-05 0
8.83758e-05 -2.39782e-05 0
9.9532e-05 -6.91589e-05 0
9.79659e-05 -4.8757e-05 0
0.000100972 -5.02988e-05 0
9.42962e-05 -6.49676e-05 0
8.71155e-05 -3.37375e-05 0
9.78891e-05 -4.86763e-05 0
8.3498e-05 -4.36822e-05 0
6.46414e-05 -2.56707e-05 0
8.69525e-05 -3.36182e-05 0
6.44061e-05 -2.55039e-05 0
3.71743e-05 -1.0905e-05 0
6.72931e-05 -2.03234e-05 0
9.22338e-05 -1.93776e-05 0
9.03859e-05 3.19167e-06 0
7.39987e-05 -1.8813e-05 0
9.33017e-05 -4.27769e-05 0
9.22437e-05 -1.95315e-05 0
7.40063e-05 -1.90011e-05 0
9.33881e-05 -4.27424e-05 0
0.000100005 -1.88999e-05 0
9.23297e-05 -1.95309e-05 0
3.92711e-05 -7.50549e-06 0
3.02081e-07 -4.56381e-08 0
3.87601e-05 -6.08079e-06 0
3.46572e-05 -2.8525e-06 0
6.16723e-05 -2.79843e-06 0
3.72752e-05 -4.58872e-06 0
4.86831e-05 9.32493e-06 0
5.50136e-05 3.84041e-06 0
3.12971e-05 -7.28021e-07 0
7.89947e-05 3.95854e-06 0
9.05546e-05 8.90701e-06 0
8.40702e-05 -5.18312e-06 0
8.47252e-05 4.48566e-05 0
8.56848e-05 2.02634e-05 0
7.85337e-05 3.32468e-05 0
8.47563e-05 4.48271e-05 0
9.15025e-05 2.48222e-05 0
8.57437e-05 2.02401e-05 0
7.84897e-05 3.31285e-05 0
8.56439e-05 2.01701e-05 0
7.23356e-05 1.32982e-05 0
9.23198e-05 -1.93773e-05 0
9.99929e-05 -1.87791e-05 0
9.04679e-05 3.15895e-06 0
7.88342e-05 4.00759e-06 0
5.52638e-05 3.87621e-06 0
7.22226e-05 1.31493e-05 0
7.18516e-05 -0.000148335 0
4.39602e-05 -0.000128396 0
4.26039e-05 -0.00018806 0
6.48186e-05 -6.19181e-06 0
3.7397e-05 -4.6041e-06 0
6.17585e-05 -2.80605e-06 0
3.70588e-05 -4.56834e-06 0
2.67969e-07 -3.38149e-08 0
3.44563e-05 -2.84796e-06 0
4.88118e-05 9.39231e-06 0
7.2131e-05 1.31712e-05 0
5.515e-05 3.88844e-06 0
5.65722e-05 0.000133501 0
5.80567e-05 9.82963e-05 0
5.11781e-05 0.000145039 0
5.63321e-05 3.18483e-05 0
6.10523e-05 5.90193e-05 0
6.98471e-05 4.6609e-05 0
5.4241e-05 6.7635e-05 0
4.81185e-05 7.64155e-05 0
5.8038e-05 9.78526e-05 0
4.80795e-05 4.08065e-05 0
5.42496e-05 6.73849e-05 0
6.09717e-05 5.91268e-05 0
4.8119e-05 7.6551e-05 0
5.13904e-05 0.00010953 0
5.8018e-05 9.79984e-05 0
8.46832e-05 4.51792e-05 0
7.18662e-05 9.2064e-05 0
8.05736e-05 6.05537e-05 0
7.39381e-05 -1.91332e-05 0
7.49712e-05 -6.08695e-05 0
9.32582e-05 -4.29111e-05 0
4.36027e-05 -1.66385e-05 0
7.37597e-05 -1.87818e-05 0
7.22815e-05 1.46532e-05 0
4.34918e-05 -1.69132e-05 0
4.47716e-05 -6.70146e-05 0
7.36881e-05 -1.90228e-05 0
1.62852e-07 -9.00567e-05 0
4.44099e-05 -6.7279e-05 0
1.63388e-07 -1.09964e-05 0
1.47532e-07 -9.06644e-05 0
1.54595e-07 -0.000158465 0
4.35689e-05 -0.000128053 0
9.92724e-05 -3.26989e-05 0
0.000100046 -1.89984e-05 0
0.000100981 -5.00565e-05 0
8.41658e-05 -5.26345e-06 0
9.47401e-05 -2.09511e-06 0
9.80983e-05 -1.70187e-05 0
8.73026e-05 -1.44691e-05 0
8.41268e-05 -5.30157e-06 0
9.80865e-05 -1.70625e-05 0
9.92074e-05 -3.25431e-05 0
8.73702e-05 -1.45434e-05 0
9.81222e-05 -1.71664e-05 0
3.92768e-05 -7.51915e-06 0
3.86569e-05 -9.01727e-06 0
3.05872e-07 -4.85794e-08 0
6.18604e-05 -2.74246e-06 0
5.5214e-05 3.82742e-06 0
7.88153e-05 3.94725e-06 0
5.50735e-05 3.78286e-06 0
6.17112e-05 -2.75998e-06 0
3.47387e-05 -2.8413e-06 0
7.90133e-05 4.03171e-06 0
8.5707e-05 2.00459e-05 0
9.05463e-05 9.00613e-06 0
6.19737e-05 -2.76654e-06 0
7.89009e-05 3.91155e-06 0
8.39747e-05 -5.20261e-06 0
7.23247e-05 1.32104e-05 0
8.56585e-05 2.00613e-05 0
7.89384e-05 4.04501e-06 0
9.6782e-05 3.26189e-06 0
0.000100021 -1.87528e-05 0
9.81704e-05 -1.70826e-05 0
8.48926e-05 4.00574e-05 0
9.04361e-05 3.45259e-06 0
9.67155e-05 3.52733e-06 0
6.83888e-05 5.97137e-05 0
8.47599e-05 4.04525e-05 0
8.05662e-05 6.044e-05 0
6.83215e-05 5.95142e-05 0
7.23718e-05 1.50606e-05 0
8.06604e-05 2.96467e-05 0
6.82169e-05 5.95454e-05 0
4.33471e-05 3.09787e-05 0
7.22551e-05 1.50538e-05 0
2.92859e-07 0.000122423 0
4.07606e-05 8.39053e-05 0
3.83104e-05 0.000124037 0
1.53484e-07 0.000122071 0
1.39336e-07 6.15211e-05 0
4.06537e-05 8.36449e-05 0
4.32468e-05 -1.68912e-05 0
3.2797e-07 -1.08532e-05 0
4.45325e-05 -6.70363e-05 0
7.48067e-05 -6.09565e-05 0
7.37806e-05 -1.91629e-05 0
4.48855e-05 -6.71772e-05 0
4.30048e-05 3.05909e-05 0
3.13225e-07 -1.05325e-05 0
4.32361e-05 -1.65899e-05 0
6.81202e-05 5.97698e-05 0
4.09923e-05 8.34138e-05 0
4.32232e-05 3.121e-05 0
8.07018e-05 2.97315e-05 0
8.47649e-05 4.03547e-05 0
6.83724e-05 5.95936e-05 0
9.03383e-05 3.43855e-06 0
8.07344e-05 2.94585e-05 0
7.24553e-05 1.48664e-05 0
9.03712e-05 3.52995e-06 0
8.48304e-05 4.01724e-05 0
8.07758e-05 2.95433e-05 0
6.45317e-05 8.9052e-05 0
4.10891e-05 8.36212e-05 0
6.8169e-05 5.99447e-05 0
1.65261e-07 6.09594e-05 0
1.48676e-07 -1.04221e-05 0
4.28937e-05 3.08277e-05 0
7.21909e-05 1.48132e-05 0
4.32395e-05 3.06928e-05 0
4.34817e-05 -1.64806e-05 0
1.2878e-07 -1.91904e-08 0
1.20541e-07 -1.21191e-08 0
3.09609e-05 -7.72217e-07 0
2.704e-05 1.66081e-06 0
1.14114e-07 -1.33228e-08 0
1.03909e-07 -4.74979e-09 0
2.28973e-05 4.46727e-06 0
9.7774e-08 -5.44335e-09 0
8.6476e-08 4.66211e-09 0
4.30046e-05 3.11612e-05 0
4.07663e-05 8.33707e-05 0
3.16907e-07 6.13803e-05 0
1.9305e-05 7.04131e-06 0
8.14399e-08 4.45101e-09 0
6.93765e-08 1.56128e-08 0
5.31091e-08 2.76553e-08 0
4.00853e-08 3.82581e-08 0
1.50288e-05 1.07896e-05 0
2.88153e-05 2.71875e-05 0
1.1933e-05 1.41475e-05 0
2.3401e-05 3.26801e-05 0
3.44003e-05 5.40357e-05 0
2.89015e-05 2.73124e-05 0
2.34771e-05 3.28147e-05 0
1.93348e-05 7.0942e-06 0
1.33729e-07 3.16523e-08 0
1.51111e-05 1.07971e-05 0
4.159e-05 0.000122786 0
4.59446e-05 0.000154087 0
5.13235e-05 0.000109872 0
3.09497e-05 0.000216229 0
4.09242e-05 0.000163293 0
3.68181e-05 0.00016868 0
4.59661e-05 0.000154167 0
5.11231e-05 0.000145151 0
5.13693e-05 0.000109942 0
3.54514e-05 0.000208852 0
4.5879e-05 0.000154558 0
4.09763e-05 0.000163218 0
3.54437e-05 0.000208961 0
4.16468e-05 0.000192881 0
4.58972e-05 0.000154653 0
3.10236e-05 -7.51303e-07 0
2.34517e-07 -2.53558e-08 0
2.71276e-05 1.66728e-06 0
4.86032e-05 9.31078e-06 0
3.11869e-05 -7.28968e-07 0
2.72784e-05 1.70925e-06 0
5.49869e-05 3.78368e-06 0
3.46189e-05 -2.83216e-06 0
3.12294e-05 -7.51289e-07 0
6.44435e-05 8.92608e-05 0
3.85278e-05 0.000123976 0
4.097e-05 8.38383e-05 0
9.14817e-05 2.49359e-05 0
8.47411e-05 4.4973e-05 0
8.06478e-05 6.03111e-05 0
9.67065e-05 3.59657e-06 0
9.15386e-05 2.47436e-05 0
8.49041e-05 4.01233e-05 0
9.6752e-05 3.43161e-06 0
9.47557e-05 -1.97919e-06 0
9.06412e-05 8.94238e-06 0
3.50284e-05 0.00016812 0
1.09955e-07 0.000263859 0
1.36523e-07 0.000223204 0
1.16869e-07 0.000176659 0
3.5036e-05 0.000167872 0
1.36548e-07 0.000222873 0
2.81472e-05 0.000228466 0
4.63585e-05 0.000177703 0
4.16279e-05 0.000193026 0
5.81927e-05 0.000126898 0
5.22606e-05 0.000153953 0
3.54059e-05 0.000167562 0
5.83137e-05 0.000126647 0
7.16893e-05 9.26453e-05 0
5.23668e-05 0.000153684 0
8.0513e-05 6.07042e-05 0
7.18135e-05 9.2243e-05 0
7.02566e-05 9.17401e-05 0
7.36739e-05 7.02354e-05 0
6.51307e-05 8.66943e-05 0
6.42502e-05 0.000114199 0
7.22507e-05 1.33035e-05 0
6.45924e-05 2.25015e-05 0
7.84304e-05 3.31371e-05 0
5.21835e-05 0.000154192 0
3.18282e-05 0.000200771 0
3.53081e-05 0.000167798 0
3.4436e-05 -2.83591e-06 0
2.63843e-07 -3.68022e-08 0
3.10565e-05 -7.7316e-07 0
8.05106e-05 6.05957e-05 0
6.46565e-05 8.89584e-05 0
6.83085e-05 5.98811e-05 0
9.14941e-05 2.49166e-05 0
8.06351e-05 6.02966e-05 0
8.48369e-05 4.0336e-05 0
9.05892e-05 9.06809e-06 0
8.57514e-05 2.01315e-05 0
9.15344e-05 2.46943e-05 0
9.67294e-05 3.52443e-06 0
9.06439e-05 9.02318e-06 0
9.15581e-05 2.4635e-05 0
9.47137e-05 -2.00819e-06 0
8.41375e-05 -5.20548e-06 0
9.05949e-05 8.88813e-06 0
7.85031e-05 3.33974e-05 0
7.37903e-05 6.98214e-05 0
8.46749e-05 4.50339e-05 0
8.46481e-05 4.52106e-05 0
7.37727e-05 7.00339e-05 0
7.18539e-05 9.20942e-05 0
2.74281e-07 0.000176484 0
3.83094e-05 0.000124509 0
3.51319e-05 0.00016757 0
1.48114e-07 0.000176184 0
1.29389e-07 0.000122558 0
3.82092e-05 0.000124305 0
8.02708e-08 7.91585e-08 0
1.18089e-05 1.39826e-05 0
1.5063e-05 1.08433e-05 0
6.45963e-05 2.26037e-05 0
6.99341e-05 4.64827e-05 0
7.84102e-05 3.32584e-05 0
4.88566e-05 9.44921e-06 0
6.4493e-05 2.24158e-05 0
7.21482e-05 1.32376e-05 0
3.68541e-05 1.93222e-05 0
2.30646e-05 4.57002e-06 0
1.9488e-05 7.13985e-06 0
2.01562e-07 -1.01e-08 0
2.29753e-05 4.4817e-06 0
2.70903e-05 1.69322e-06 0
6.99659e-05 4.66477e-05 0
7.37504e-05 6.98233e-05 0
7.84389e-05 3.34004e-05 0
4.88062e-05 9.49053e-06 0
5.6264e-05 3.15939e-05 0
6.44392e-05 2.24773e-05 0
5.62464e-05 3.18281e-05 0
4.8076e-05 4.06924e-05 0
6.09888e-05 5.8998e-05 0
2.01236e-05 3.62078e-05 0
2.97991e-05 5.97296e-05 0
2.34348e-05 3.28615e-05 0
7.0182e-05 9.1961e-05 0
7.17477e-05 9.24575e-05 0
5.83746e-05 0.000126433 0
6.45827e-05 8.92961e-05 0
7.01584e-05 9.19505e-05 0
5.83415e-05 0.000126428 0
6.46673e-05 8.90685e-05 0
8.04986e-05 6.06865e-05 0
7.02331e-05 9.17296e-05 0
6.42602e-05 0.000114221 0
7.17767e-05 9.23455e-05 0
7.37109e-05 7.0254e-05 0
5.11482e-05 0.000145311 0
4.65014e-05 0.000177222 0
5.65326e-05 0.000133765 0
5.23976e-05 0.000153636 0
7.16977e-05 9.26107e-05 0
6.41918e-05 0.000114507 0
3.85004e-05 0.000124397 0
5.81713e-05 0.000126809 0
3.53309e-05 0.000167457 0
3.86176e-05 0.000124133 0
6.44838e-05 8.93949e-05 0
5.82593e-05 0.000126554 0
2.31035e-05 4.54459e-06 0
4.18401e-05 1.51649e-05 0
2.72323e-05 1.7354e-06 0
1.93749e-05 7.06313e-06 0
2.29388e-05 4.51014e-06 0
1.67822e-07 9.20459e-09 0
5.31908e-08 2.75805e-08 0
1.50531e-05 1.07673e-05 0
6.44316e-08 1.59546e-08 0
4.20054e-05 1.52996e-05 0
5.61996e-05 3.15646e-05 0
4.87167e-05 9.4711e-06 0
3.69213e-05 1.93557e-05 0
4.1856e-05 1.52421e-05 0
2.31514e-05 4.59004e-06 0
1.52179e-05 1.09314e-05 0
2.8846e-05 2.71109e-05 0
2.48326e-05 1.55517e-05 0
4.79988e-05 4.07738e-05 0
4.03157e-05 4.90458e-05 0
5.41874e-05 6.7349e-05 0
3.70565e-05 1.95356e-05 0
4.79961e-05 4.05537e-05 0
5.61628e-05 3.17036e-05 0
4.03261e-05 4.91608e-05 0
4.80571e-05 7.62487e-05 0
5.41782e-05 6.74745e-05 0
5.6333e-05 3.17343e-05 0
6.98705e-05 4.64773e-05 0
6.45088e-05 2.25969e-05 0
3.70259e-05 1.94593e-05 0
5.61543e-05 3.16138e-05 0
4.19671e-05 1.5334e-05 0
3.69547e-05 1.95198e-05 0
2.89863e-05 2.7229e-05 0
4.79085e-05 4.05385e-05 0
2.73328e-05 1.74493e-06 0
4.19142e-05 1.51877e-05 0
4.86195e-05 9.38083e-06 0
8.88331e-06 1.71832e-05 0
1.17773e-05 1.40128e-05 0
5.95518e-08 1.03203e-07 0
2.98411e-05 5.97938e-05 0
3.43956e-05 5.41541e-05 0
2.34884e-05 3.2918e-05 0
2.71917e-05 0.000218713 0
1.67441e-05 0.00027261 0
3.08304e-05 0.000216779 0
3.67887e-05 0.000168709 0
3.22859e-05 0.000171642 0
3.09277e-05 0.000216253 0
2.40452e-05 0.000212971 0
1.49628e-05 0.000266151 0
2.71587e-05 0.000218693 0
6.10832e-05 5.92075e-05 0
6.51126e-05 8.64152e-05 0
6.98743e-05 4.67788e-05 0
4.64409e-05 0.000177428 0
5.11083e-05 0.000145502 0
4.16954e-05 0.000192741 0
6.41142e-05 0.000114714 0
5.65767e-05 0.000133662 0
4.65341e-05 0.000177107 0
6.41845e-05 0.000114423 0
6.5081e-05 8.68961e-05 0
5.66354e-05 0.000133355 0
5.80263e-05 9.82213e-05 0
5.14025e-05 0.000109761 0
5.11713e-05 0.000144954 0
6.50464e-05 8.68436e-05 0
5.80954e-05 9.81097e-05 0
5.66263e-05 0.000133294 0
6.50645e-05 8.66013e-05 0
6.10517e-05 5.93694e-05 0
5.81053e-05 9.78558e-05 0
6.99296e-05 4.68121e-05 0
6.51443e-05 8.64558e-05 0
7.36959e-05 7.00172e-05 0
6.10036e-05 5.93099e-05 0
5.42845e-05 6.75777e-05 0
5.80789e-05 9.77867e-05 0
4.59028e-05 0.000154272 0
4.15673e-05 0.000122959 0
4.09949e-05 0.00016293 0
4.02522e-05 4.91185e-05 0
3.45143e-05 5.42634e-05 0
4.7998e-05 7.62012e-05 0
4.15318e-05 0.000123006 0
3.68508e-05 0.000168369 0
4.09645e-05 0.000162978 0
4.49476e-05 9.85799e-05 0
4.15766e-05 0.000122603 0
5.13163e-05 0.000109692 0
4.80659e-05 7.65523e-05 0
4.49693e-05 9.84244e-05 0
5.13501e-05 0.000109531 0
4.80063e-05 7.63692e-05 0
3.45477e-05 5.44169e-05 0
4.49264e-05 9.82282e-05 0
3.60063e-05 0.000108432 0
2.97041e-05 7.767e-05 0
2.95648e-05 9.6339e-05 0
2.78599e-05 0.000229014 0
1.10342e-07 0.000297347 0
9.79203e-08 0.000264342 0
4.63457e-05 0.000177732 0
2.80891e-05 0.000228498 0
3.17829e-05 0.000201086 0
2.48693e-05 0.000248466 0
2.08139e-07 0.000297432 0
2.79287e-05 0.000229016 0
9.09918e-08 0.000297618 0
2.47973e-05 0.000248719 0
9.75793e-08 0.00032141 0
3.16646e-05 0.00020112 0
2.39028e-07 0.000263917 0
3.51119e-05 0.00016806 0
4.64168e-05 0.000177488 0
3.1882e-05 0.000200823 0
5.21993e-05 0.000154222 0
6.41114e-05 0.000114776 0
4.65099e-05 0.000177182 0
5.23071e-05 0.000153937 0
4.15658e-05 0.000193256 0
2.50033e-05 0.000248157 0
2.80633e-05 0.000228714 0
2.79363e-05 0.000228745 0
2.2697e-07 0.000264176 0
3.16308e-05 0.000201347 0
1.57624e-05 4.12275e-05 0
7.52884e-06 1.95123e-05 0
1.37825e-05 4.35017e-05 0
2.18337e-05 5.05504e-05 0
2.00644e-05 3.62065e-05 0
1.58265e-05 4.1307e-05 0
2.96342e-05 7.73779e-05 0
2.18971e-05 5.07711e-05 0
2.35566e-05 6.66823e-05 0
2.97871e-05 5.97953e-05 0
2.01205e-05 3.62659e-05 0
2.18804e-05 5.06121e-05 0
2.96561e-05 7.73551e-05 0
2.98152e-05 5.99363e-05 0
2.19161e-05 5.07482e-05 0
3.43475e-05 0.000129634 0
3.60166e-05 0.000108611 0
2.9586e-05 9.65081e-05 0
3.73994e-05 8.83806e-05 0
2.98745e-05 6.00587e-05 0
2.97032e-05 7.74838e-05 0
3.43887e-05 0.000129922 0
3.68381e-05 0.00016825 0
4.14973e-05 0.000122903 0
2.92202e-05 0.000130888 0
3.43198e-05 0.000129712 0
2.95668e-05 9.65863e-05 0
2.92278e-05 0.000131254 0
2.96587e-05 0.000170122 0
3.22513e-05 0.00017136 0
3.5309e-05 0.000209433 0
3.08666e-05 0.000216733 0
1.93824e-05 0.000272187 0
3.60591e-05 0.000108699 0
3.4378e-05 0.000129728 0
4.14908e-05 0.000122705 0
3.74624e-05 8.86938e-05 0
3.60693e-05 0.000108561 0
4.15122e-05 0.000122561 0
3.74147e-05 8.85468e-05 0
2.97296e-05 7.76425e-05 0
3.6034e-05 0.000108407 0
3.22627e-05 0.000171801 0
2.7242e-05 0.000218376 0
3.08874e-05 0.00021643 0
3.43676e-05 0.00013008 0
3.22924e-05 0.000171356 0
3.68007e-05 0.000168419 0
2.96546e-05 0.000170411 0
2.72471e-05 0.000218208 0
3.22466e-05 0.000171655 0
2.62217e-05 9.7725e-05 0
2.92026e-05 0.000130774 0
2.95308e-05 9.64855e-05 0
2.4091e-05 0.000212656 0
2.72111e-05 0.000218357 0
2.96341e-05 0.000170546 0
1.93403e-05 0.000272348 0
2.18313e-05 0.000264915 0
3.529e-05 0.000209587 0
4.15407e-05 0.000122527 0
4.48992e-05 9.85091e-05 0
3.74922e-05 8.86599e-05 0
3.44506e-05 5.40935e-05 0
4.01875e-05 4.89546e-05 0
2.89674e-05 2.73622e-05 0
3.74215e-05 8.82975e-05 0
3.44437e-05 5.43374e-05 0
2.98885e-05 5.99818e-05 0
3.74666e-05 8.84298e-05 0
4.48912e-05 9.82702e-05 0
3.4512e-05 5.44544e-05 0
1.17514e-05 1.39513e-05 0
4.01708e-08 4.0888e-08 0
2.98665e-08 5.00128e-08 0
2.33731e-05 3.27106e-05 0
1.19134e-05 1.41687e-05 0
2.00645e-05 3.60498e-05 0
2.90083e-05 2.73249e-05 0
4.02317e-05 4.89084e-05 0
4.79077e-05 4.06445e-05 0
2.49058e-05 1.55804e-05 0
2.89099e-05 2.71432e-05 0
3.68667e-05 1.94452e-05 0
1.94992e-05 7.17267e-06 0
2.48748e-05 1.55126e-05 0
3.68461e-05 1.93741e-05 0
1.94158e-05 7.14889e-06 0
1.51778e-05 1.08688e-05 0
2.48015e-05 1.54839e-05 0
1.51741e-05 1.09251e-05 0
1.18995e-05 1.40781e-05 0
2.87952e-05 2.71092e-05 0
7.44617e-06 1.9304e-05 0
4.5144e-08 1.27856e-07 0
6.43712e-06 2.09652e-05 0
2.00202e-05 3.60952e-05 0
8.96841e-06 1.73917e-05 0
1.57875e-05 4.11898e-05 0
8.86359e-06 1.72096e-05 0
4.61389e-08 1.24725e-07 0
7.45494e-06 1.92917e-05 0
2.46679e-08 7.24585e-08 0
7.11209e-06 2.00659e-05 0
2.15515e-08 7.52608e-08 0
3.53311e-05 0.000209512 0
2.18539e-05 0.00026485 0
2.49732e-05 0.000248337 0
5.109e-05 0.000145427 0
4.59426e-05 0.000154447 0
4.17085e-05 0.000192659 0
4.0931e-05 0.000163421 0
3.09358e-05 0.000216371 0
3.53931e-05 0.000209068 0
1.48075e-07 0.000342793 0
1.92286e-05 0.000272818 0
1.66177e-05 0.000273191 0
3.53881e-05 0.000209281 0
2.50503e-05 0.000248083 0
4.15716e-05 0.000193194 0
1.37755e-07 0.000342745 0
2.16932e-05 0.000265315 0
1.92399e-05 0.000272776 0
8.71102e-08 0.000335246 0
7.95126e-08 0.000321619 0
2.16755e-05 0.000265438 0
2.17386e-05 0.000265186 0
1.82969e-07 0.000321428 0
2.48543e-05 0.000248664 0
7.49474e-06 1.94459e-05 0
6.48338e-06 2.11158e-05 0
1.3755e-05 4.34339e-05 0
1.67095e-05 0.000272805 0
1.93221e-05 0.000272414 0
3.08114e-05 0.000216949 0
1.49344e-05 0.000266367 0
1.66903e-05 0.00027278 0
2.71444e-05 0.000218882 0
2.24753e-05 0.000204314 0
1.36853e-05 0.000251476 0
2.40232e-05 0.000212887 0
5.32703e-08 0.000330729 0
6.21601e-08 0.000341494 0
1.48018e-05 0.000266885 0
5.69919e-08 0.00034288 0
8.70354e-08 0.000335365 0
2.16525e-05 0.000265502 0
6.08425e-06 2.15263e-05 0
1.92174e-08 7.11585e-08 0
1.87412e-08 7.51826e-08 0
6.16323e-08 0.000341534 0
6.72653e-08 0.000342929 0
1.65629e-05 0.000273369 0
2.18383e-08 6.38712e-08 0
1.93095e-08 7.12878e-08 0
6.41204e-06 2.0903e-05 0
6.39819e-06 2.14281e-05 0
1.91209e-08 7.52608e-08 0
2.08664e-08 7.62906e-08 0
2.61997e-05 9.7515e-05 0
2.9514e-05 9.62657e-05 0
2.35778e-05 6.69008e-05 0
2.69693e-05 0.000126626 0
2.61946e-05 9.77182e-05 0
2.42768e-05 9.5756e-05 0
2.92066e-05 0.000131239 0
2.66587e-05 0.000162614 0
2.96386e-05 0.000170095 0
2.57156e-05 0.000111035 0
2.5073e-05 0.000138662 0
2.56575e-05 0.000153879 0
1.35714e-05 0.000251873 0
1.29085e-05 0.000232967 0
1.06606e-07 0.000311222 0
2.66301e-05 0.000162975 0
2.25178e-05 0.000204017 0
2.4067e-05 0.000212572 0
2.15048e-05 0.000191222 0
1.29719e-05 0.00023259 0
1.36471e-05 0.000251492 0
2.25068e-05 0.000203909 0
2.56447e-05 0.000154357 0
2.15655e-05 0.000190814 0
2.96208e-05 0.000170373 0
2.66452e-05 0.000162871 0
2.4097e-05 0.000212455 0
2.69781e-05 0.000127036 0
2.56681e-05 0.000154025 0
2.6642e-05 0.000162534 0
2.91894e-05 0.000130876 0
2.62191e-05 9.78305e-05 0
2.69788e-05 0.000126749 0
2.66578e-05 0.000162461 0
2.9189e-05 0.000131103 0
2.6983e-05 0.000126957 0
2.92326e-05 0.000131128 0
3.2274e-05 0.000171221 0
3.43292e-05 0.000129964 0
2.42639e-05 9.57151e-05 0
2.35456e-05 9.03983e-05 0
2.59847e-05 0.000119173 0
2.50639e-05 0.000138623 0
2.58299e-05 0.00011318 0
2.34705e-05 0.000140088 0
2.62272e-05 9.02076e-05 0
2.58368e-05 0.000112927 0
2.57105e-05 0.000110757 0
1.24936e-05 0.000205878 0
1.24098e-05 0.000173531 0
9.66593e-08 0.000249101 0
5.34116e-08 0.000283938 0
1.24612e-05 0.000206216 0
4.13874e-08 0.000249435 0
2.09095e-05 0.00017035 0
1.24745e-05 0.00017331 0
1.25675e-05 0.000205633 0
2.50504e-05 0.000138968 0
2.09722e-05 0.000170173 0
2.15582e-05 0.000190643 0
2.08866e-05 0.000135032 0
1.25031e-05 0.000173061 0
2.09311e-05 0.000170123 0
4.387e-08 0.000284223 0
5.48682e-08 0.000311289 0
1.28615e-05 0.00023304 0
1.48551e-05 0.000266738 0
1.28321e-07 0.000341365 0
1.66008e-05 0.000273154 0
1.48362e-05 0.000266628 0
1.35873e-05 0.000252052 0
1.14077e-07 0.000330504 0
1.30532e-05 4.41686e-05 0
1.92692e-05 6.83411e-05 0
2.07069e-05 6.87166e-05 0
6.5046e-06 2.11987e-05 0
1.29839e-05 4.39297e-05 0
1.3771e-05 4.35198e-05 0
6.15007e-06 2.17414e-05 0
6.45906e-06 2.16341e-05 0
1.29562e-05 4.38552e-05 0
7.13117e-06 2.01318e-05 0
6.42282e-06 2.14911e-05 0
4.24177e-08 1.5152e-07 0
7.20752e-06 2.03217e-05 0
1.40939e-05 3.81059e-05 0
1.31372e-05 4.18814e-05 0
2.94149e-08 6.43162e-08 0
8.05771e-06 1.76334e-05 0
2.55632e-08 7.09871e-08 0
2.08416e-05 4.88818e-05 0
2.20179e-05 4.0864e-05 0
2.56231e-05 5.48891e-05 0
1.9962e-05 5.64165e-05 0
2.08273e-05 4.89859e-05 0
2.40663e-05 7.52562e-05 0
1.99305e-05 5.62753e-05 0
1.51247e-05 3.45276e-05 0
2.07979e-05 4.88584e-05 0
1.35379e-05 0.000252161 0
4.80125e-08 0.000311488 0
5.66354e-08 0.000330601 0
2.40075e-05 0.000213084 0
1.36587e-05 0.000251698 0
1.49178e-05 0.000266264 0
2.24674e-05 0.000204241 0
2.15297e-05 0.000191132 0
1.36805e-05 0.000251385 0
8.89572e-06 1.47591e-05 0
8.08819e-06 1.76705e-05 0
5.9696e-08 1.26928e-07 0
2.35864e-05 6.6832e-05 0
2.95287e-05 9.61974e-05 0
2.96557e-05 7.75341e-05 0
1.58463e-05 4.14078e-05 0
2.35142e-05 6.656e-05 0
2.18452e-05 5.06536e-05 0
8.92569e-06 1.73373e-05 0
7.51017e-06 1.94276e-05 0
1.57518e-05 4.11335e-05 0
1.18586e-05 1.41203e-05 0
8.94958e-06 1.73056e-05 0
2.00171e-05 3.59966e-05 0
2.96751e-08 5.31872e-08 0
2.28386e-08 6.07209e-08 0
8.84011e-06 1.71416e-05 0
1.38282e-05 4.36683e-05 0
2.07048e-05 6.8624e-05 0
1.58072e-05 4.13931e-05 0
1.38205e-05 4.36776e-05 0
1.30307e-05 4.40856e-05 0
2.06939e-05 6.86308e-05 0
6.15111e-06 2.17403e-05 0
1.29604e-05 4.38567e-05 0
6.47695e-06 2.11258e-05 0
3.85264e-08 1.42455e-07 0
6.10594e-06 2.15927e-05 0
6.43063e-06 2.09807e-05 0
6.50191e-06 2.17443e-05 0
1.31419e-05 4.19437e-05 0
1.59247e-05 5.43144e-05 0
2.07549e-05 6.88959e-05 0
1.93103e-05 6.85133e-05 0
2.61609e-05 9.74179e-05 0
1.58457e-05 4.14677e-05 0
2.07316e-05 6.87035e-05 0
2.35069e-05 6.66217e-05 0
1.93286e-05 6.85998e-05 0
2.42501e-05 9.55623e-05 0
2.6166e-05 9.75122e-05 0
3.78599e-08 1.50427e-07 0
6.41673e-06 2.14944e-05 0
6.10443e-06 2.15978e-05 0
2.07686e-05 6.88896e-05 0
2.61773e-05 9.74191e-05 0
2.35408e-05 6.68129e-05 0
1.5985e-05 5.45444e-05 0
1.90818e-05 6.31398e-05 0
1.92684e-05 6.83573e-05 0
1.30364e-05 4.41266e-05 0
1.59639e-05 5.44795e-05 0
1.92554e-05 6.82909e-05 0
1.31853e-05 4.20804e-05 0
1.90686e-05 6.30499e-05 0
1.59644e-05 5.44564e-05 0
2.56459e-05 0.000154152 0
2.50595e-05 0.00013892 0
2.15796e-05 0.000190582 0
2.25301e-05 0.000203808 0
2.66279e-05 0.000162791 0
2.56551e-05 0.000154268 0
2.59937e-05 0.000119433 0
2.57126e-05 0.000110974 0
2.56669e-05 0.000153807 0
2.69689e-05 0.000126897 0
2.59974e-05 0.000119486 0
2.5672e-05 0.000153875 0
2.69644e-05 0.000126695 0
2.42824e-05 9.58317e-05 0
2.59909e-05 0.0001193 0
2.32457e-05 2.83852e-05 0
2.7029e-05 2.9396e-05 0
2.72506e-05 4.89151e-05 0
1.64717e-05 2.75595e-05 0
2.31836e-05 2.83657e-05 0
2.19948e-05 4.0705e-05 0
1.7638e-05 1.91884e-05 0
1.82029e-05 1.2617e-05 0
2.31796e-05 2.82229e-05 0
2.15193e-05 0.000190964 0
2.09356e-05 0.000170477 0
1.30002e-05 0.000232299 0
2.40801e-05 7.52557e-05 0
2.08515e-05 4.89896e-05 0
2.56246e-05 5.50092e-05 0
2.35434e-05 8.32874e-05 0
2.40897e-05 7.55509e-05 0
2.57029e-05 0.000110587 0
2.35439e-05 9.03359e-05 0
2.35412e-05 8.33367e-05 0
2.57032e-05 0.00011065 0
2.35202e-05 9.01683e-05 0
1.91324e-05 6.33005e-05 0
2.35185e-05 8.31832e-05 0
2.59851e-05 0.000119221 0
2.35572e-05 9.04513e-05 0
2.57062e-05 0.000110776 0
2.42418e-05 9.55381e-05 0
1.93225e-05 6.85883e-05 0
2.35219e-05 9.02389e-05 0
2.07895e-05 4.87551e-05 0
1.51099e-05 3.44362e-05 0
1.6435e-05 2.75876e-05 0
2.35097e-05 8.30634e-05 0
1.91161e-05 6.31933e-05 0
1.99518e-05 5.64847e-05 0
1.50463e-05 3.4283e-05 0
8.13905e-06 1.77824e-05 0
8.94881e-06 1.48544e-05 0
1.90634e-05 6.29869e-05 0
1.31785e-05 4.20279e-05 0
1.41326e-05 3.82395e-05 0
2.4072e-05 7.53786e-05 0
2.35219e-05 8.31037e-05 0
1.99738e-05 5.65245e-05 0
2.35097e-05 9.01243e-05 0
1.9297e-05 6.84847e-05 0
1.911e-05 6.32517e-05 0
7.18836e-06 2.02427e-05 0
8.12903e-06 1.78066e-05 0
1.40812e-05 3.80211e-05 0
2.0809e-05 4.87748e-05 0
1.64624e-05 2.7609e-05 0
2.19867e-05 4.07735e-05 0
1.41451e-05 3.81986e-05 0
1.50986e-05 3.44896e-05 0
1.99119e-05 5.62404e-05 0
1.41051e-05 3.80646e-05 0
8.15964e-06 1.78572e-05 0
1.50598e-05 3.43673e-05 0
5.02267e-08 1.43399e-07 0
8.07795e-06 1.76949e-05 0
7.1402e-06 2.01164e-05 0
8.98089e-06 1.48913e-05 0
1.63964e-05 2.74842e-05 0
1.50704e-05 3.43138e-05 0
3.39845e-08 5.20552e-08 0
8.87367e-06 1.47031e-05 0
3.02929e-08 6.26616e-08 0
6.89272e-08 1.02283e-07 0
9.92574e-06 1.00162e-05 0
8.90532e-06 1.47228e-05 0
9.9944e-06 1.00171e-05 0
1.05861e-05 4.42126e-06 0
1.81402e-05 1.252e-05 0
2.84198e-05 -2.01354e-05 0
2.76625e-05 -1.10645e-07 0
2.74372e-05 -1.47468e-05 0
2.84197e-05 -2.00876e-05 0
2.85559e-05 -7.28001e-08 0
2.76701e-05 -6.09763e-08 0
2.65707e-05 -3.09186e-05 0
2.84145e-05 -2.03311e-05 0
2.80101e-05 -4.00755e-05 0
2.6562e-05 -3.07771e-05 0
2.67263e-05 -1.89429e-07 0
2.84155e-05 -2.02079e-05 0
2.17359e-05 -1.4747e-07 0
2.66917e-05 -1.19519e-07 0
2.15923e-05 -3.76342e-05 0
2.65915e-05 3.07567e-05 0
2.84293e-05 2.01964e-05 0
2.67265e-05 1.74518e-07 0
2.84299e-05 2.03258e-05 0
2.80362e-05 4.00467e-05 0
2.70527e-05 2.93442e-05 0
2.67368e-05 7.10698e-08 0
2.84316e-05 2.00968e-05 0
2.85533e-05 6.31063e-08 0
2.66003e-05 3.08982e-05 0
2.80358e-05 4.00619e-05 0
2.84284e-05 2.03196e-05 0
2.44496e-05 5.41229e-05 0
2.13938e-05 8.02368e-05 0
2.60544e-05 6.8052e-05 0
2.16561e-05 3.79114e-05 0
2.44519e-05 5.38575e-05 0
2.65618e-05 3.09935e-05 0
2.16355e-05 3.80791e-05 0
2.13756e-05 8.01385e-05 0
2.44349e-05 5.40221e-05 0
6.49666e-06 2.17447e-05 0
1.59241e-05 5.43246e-05 0
1.29874e-05 4.39668e-05 0
7.17846e-06 2.02612e-05 0
1.31146e-05 4.18283e-05 0
6.46865e-06 2.16293e-05 0
1.41598e-05 3.82886e-05 0
1.99214e-05 5.63418e-05 0
1.90818e-05 6.30356e-05 0
3.90046e-08 3.67495e-08 0
9.90279e-06 9.97065e-06 0
3.49674e-08 5.02853e-08 0
3.90226e-08 3.66473e-08 0
4.03057e-08 1.98346e-08 0
9.90813e-06 9.9402e-06 0
8.95948e-06 1.48156e-05 0
9.9832e-06 1.00815e-05 0
1.63845e-05 2.73927e-05 0
2.3437e-05 0.000140266 0
2.09183e-05 0.000134935 0
2.09605e-05 0.000169993 0
2.50525e-05 0.000138815 0
2.34504e-05 0.000140277 0
2.09796e-05 0.000169997 0
2.51573e-05 0.000113375 0
2.09373e-05 0.000134738 0
2.34506e-05 0.000140077 0
2.5831e-05 0.000113102 0
2.51698e-05 0.000113308 0
2.34705e-05 0.000139995 0
2.57135e-05 0.000110912 0
2.58334e-05 0.000113089 0
2.50753e-05 0.000138519 0
2.6232e-05 9.02081e-05 0
2.51829e-05 0.000113141 0
2.58354e-05 0.000112935 0
2.60823e-05 6.78305e-05 0
2.80319e-05 4.02125e-05 0
2.65888e-05 3.1063e-05 0
2.11152e-05 0.000108671 0
2.56405e-05 8.84722e-05 0
2.60557e-05 6.82476e-05 0
2.7004e-05 7.05768e-05 0
2.80284e-05 4.03401e-05 0
2.6088e-05 6.79696e-05 0
2.62377e-05 9.00047e-05 0
2.6995e-05 7.08e-05 0
2.56657e-05 8.84303e-05 0
2.62345e-05 8.98701e-05 0
2.56561e-05 5.51058e-05 0
2.69945e-05 7.06888e-05 0
2.84334e-05 2.00761e-05 0
2.76702e-05 5.46206e-08 0
2.8556e-05 6.30549e-08 0
2.56296e-05 5.48014e-05 0
2.2026e-05 4.07954e-05 0
2.32134e-05 2.84345e-05 0
2.72463e-05 4.90087e-05 0
2.56444e-05 5.48336e-05 0
2.32397e-05 2.84553e-05 0
2.70032e-05 7.05009e-05 0
2.72594e-05 4.91027e-05 0
2.80295e-05 4.02897e-05 0
2.69991e-05 7.05461e-05 0
2.56583e-05 5.49837e-05 0
2.72513e-05 4.9152e-05 0
2.62299e-05 8.98874e-05 0
2.41003e-05 7.54033e-05 0
2.56407e-05 5.51271e-05 0
2.39968e-05 1.44353e-05 0
1.82098e-05 1.25188e-05 0
1.87377e-05 8.1128e-08 0
2.74224e-05 1.47276e-05 0
2.40411e-05 1.44632e-05 0
2.41958e-05 3.05958e-06 0
2.70213e-05 2.92786e-05 0
2.32266e-05 2.82764e-05 0
2.40364e-05 1.45883e-05 0
1.00174e-05 1.00983e-05 0
1.75877e-05 1.91788e-05 0
1.64096e-05 2.74039e-05 0
2.41973e-05 2.94288e-06 0
2.41878e-05 -8.47481e-06 0
2.76419e-05 -2.62526e-08 0
2.74308e-05 1.4677e-05 0
2.42122e-05 3.01386e-06 0
2.76486e-05 5.89996e-08 0
2.40125e-05 1.43994e-05 0
1.87617e-05 4.6484e-08 0
2.41665e-05 3.01443e-06 0
1.00228e-05 1.00686e-05 0
1.81586e-05 1.25743e-05 0
1.75937e-05 1.91286e-05 0
1.05905e-05 4.36323e-06 0
1.07738e-05 -4.51756e-10 0
1.86731e-05 2.91641e-08 0
4.17381e-08 1.30852e-09 0
1.05005e-05 4.34198e-06 0
4.12434e-08 1.86984e-08 0
1.25078e-05 0.000206189 0
1.00686e-07 0.000283917 0
1.2894e-05 0.000232724 0
2.72303e-05 -4.91671e-05 0
2.56349e-05 -5.49963e-05 0
2.69741e-05 -7.05724e-05 0
2.70336e-05 -2.94393e-05 0
2.72386e-05 -4.89797e-05 0
2.80077e-05 -4.01605e-05 0
2.70169e-05 -2.9418e-05 0
2.28822e-05 -3.07835e-05 0
2.7229e-05 -4.89414e-05 0
2.84181e-05 -2.02513e-05 0
2.74351e-05 -1.48445e-05 0
2.70356e-05 -2.9273e-05 0
2.36621e-05 -2.02269e-05 0
1.84411e-05 -9.91907e-06 0
1.76489e-05 -1.9172e-05 0
1.23991e-05 0.000173158 0
1.24692e-05 0.000132746 0
9.58676e-08 0.000207899 0
1.25634e-05 0.000132318 0
2.0889e-05 0.000134706 0
2.10507e-05 0.000109053 0
5.2078e-08 0.000249084 0
1.2365e-05 0.000173517 0
4.14396e-08 0.000208268 0
1.25694e-05 0.000205834 0
1.29693e-05 0.000232359 0
2.09122e-05 0.00017052 0
2.56597e-05 8.83453e-05 0
2.70004e-05 7.07332e-05 0
2.60761e-05 6.81402e-05 0
1.24726e-05 0.000172923 0
2.08665e-05 0.000134911 0
1.25347e-05 0.00013254 0
2.60678e-05 6.78899e-05 0
2.65728e-05 3.10973e-05 0
2.44667e-05 5.39584e-05 0
2.72596e-05 4.89647e-05 0
2.70449e-05 2.9428e-05 0
2.80334e-05 4.01469e-05 0
2.57058e-05 0.000110618 0
2.41042e-05 7.55761e-05 0
2.62259e-05 9.00889e-05 0
1.64532e-05 2.74872e-05 0
1.7632e-05 1.92388e-05 0
2.31735e-05 2.82931e-05 0
2.7445e-05 1.47401e-05 0
2.76626e-05 1.04305e-07 0
2.84335e-05 2.01239e-05 0
2.70468e-05 2.92618e-05 0
2.74429e-05 1.48378e-05 0
2.8432e-05 2.02399e-05 0
2.70314e-05 2.92282e-05 0
2.40544e-05 1.45451e-05 0
2.74279e-05 1.48223e-05 0
1.29322e-05 3.45018e-06 0
1.27662e-05 -4.56311e-05 0
9.8074e-08 2.64932e-07 0
2.66919e-05 1.04521e-07 0
2.1736e-05 1.05969e-07 0
2.16477e-05 3.76107e-05 0
2.15455e-05 -3.78008e-05 0
1.28664e-05 -4.57315e-05 0
2.1692e-05 -2.84906e-07 0
1.05265e-05 4.3883e-06 0
9.93686e-06 9.95118e-06 0
8.15054e-08 3.85655e-08 0
8.18501e-08 -3.62651e-08 0
1.0508e-05 -5.12945e-06 0
1.07114e-05 -4.94902e-08 0
2.31969e-05 2.82074e-05 0
1.82289e-05 1.26052e-05 0
2.40073e-05 1.45422e-05 0
4.10674e-08 -1.71516e-08 0
1.06832e-05 -3.21823e-08 0
4.23323e-08 2.58711e-12 0
2.16677e-05 3.77125e-05 0
2.65691e-05 3.08176e-05 0
2.67041e-05 2.07988e-07 0
9.65208e-08 0.000110056 0
1.26565e-05 9.37786e-05 0
1.28099e-05 4.62466e-05 0
2.56362e-05 8.87013e-05 0
2.09476e-05 0.000134548 0
2.51638e-05 0.000113209 0
2.62367e-05 9.01418e-05 0
2.5655e-05 8.85764e-05 0
2.51809e-05 0.000113058 0
2.60464e-05 6.82191e-05 0
2.13817e-05 8.04253e-05 0
2.10965e-05 0.000108647 0
1.27633e-05 9.36416e-05 0
2.13409e-05 8.02751e-05 0
2.16025e-05 3.81907e-05 0
2.10935e-05 0.000108906 0
2.0929e-05 0.000134536 0
2.56276e-05 8.8682e-05 0
1.27296e-05 9.39762e-05 0
1.25347e-05 0.000132066 0
2.13163e-05 8.05748e-05 0
1.24244e-05 0.000132688 0
4.18536e-08 0.000161534 0
5.14672e-08 0.000207838 0
2.13389e-05 8.06267e-05 0
1.2564e-05 0.000132111 0
2.10525e-05 0.00010887 0
1.2664e-05 9.42231e-05 0
9.5831e-08 0.000161168 0
1.24589e-05 0.000132335 0
1.28768e-05 4.6028e-05 0
1.27336e-05 9.35294e-05 0
2.15781e-05 3.80728e-05 0
4.271e-08 0.000110437 0
5.11348e-08 0.00016108 0
1.26206e-05 9.41377e-05 0
7.62176e-08 -7.41565e-08 0
9.17349e-06 -1.35671e-05 0
9.92557e-06 -9.98636e-06 0
1.28018e-05 4.57801e-05 0
1.29368e-05 3.9237e-06 0
9.66075e-08 5.59369e-05 0
5.10631e-08 0.000109918 0
1.27664e-05 4.61118e-05 0
4.3707e-08 5.62921e-05 0
2.16032e-05 3.76518e-05 0
2.16909e-05 1.16779e-07 0
1.30387e-05 3.7444e-06 0
1.28293e-05 -0.000132556 0
5.08455e-08 -0.00016107 0
4.2007e-08 -0.000110428 0
2.1296e-05 -7.48275e-05 0
1.2934e-05 -0.000132177 0
1.30638e-05 -8.72205e-05 0
2.10348e-05 -0.000109084 0
2.08671e-05 -0.000134754 0
1.2967e-05 -0.000132473 0
3.46219e-08 -5.20258e-08 0
9.14457e-06 -1.35404e-05 0
3.74472e-08 -3.71401e-08 0
1.60069e-05 -2.96162e-05 0
1.51028e-05 -3.44538e-05 0
2.06535e-05 -5.12683e-05 0
1.76337e-05 -1.92896e-05 0
1.60205e-05 -2.95405e-05 0
2.19592e-05 -4.06804e-05 0
2.28288e-05 -3.06469e-05 0
2.36726e-05 -2.03016e-05 0
1.76675e-05 -1.92396e-05 0
2.56055e-05 -5.48233e-05 0
2.28494e-05 -3.08276e-05 0
2.20054e-05 -4.08093e-05 0
2.70084e-05 -2.93243e-05 0
2.37038e-05 -2.03264e-05 0
2.28613e-05 -3.06906e-05 0
1.83949e-05 -9.90381e-06 0
1.00181e-05 -1.00505e-05 0
1.76034e-05 -1.9132e-05 0
9.21705e-06 -1.36966e-05 0
8.13388e-06 -1.77681e-05 0
1.59492e-05 -2.94473e-05 0
1.31077e-05 -4.1815e-05 0
7.16769e-06 -2.02695e-05 0
6.50561e-06 -2.13983e-05 0
1.75758e-05 -1.91565e-05 0
9.98312e-06 -1.00485e-05 0
9.22846e-06 -1.36516e-05 0
1.07727e-05 -5.20091e-08 0
1.0569e-05 -5.1612e-06 0
1.83806e-05 -9.79653e-06 0
2.41429e-05 -8.50902e-06 0
1.87388e-05 -5.20197e-08 0
1.84467e-05 -9.82553e-06 0
1.053e-05 4.33783e-06 0
8.40315e-08 1.35474e-09 0
1.07129e-05 -4.81752e-10 0
4.02822e-08 -2.01754e-08 0
3.88086e-08 -3.69947e-08 0
9.90232e-06 -9.92789e-06 0
3.28476e-08 -5.1916e-08 0
2.99263e-08 -6.45789e-08 0
8.05759e-06 -1.76137e-05 0
2.28762e-05 -3.08524e-05 0
2.56203e-05 -5.48556e-05 0
2.72248e-05 -4.90351e-05 0
9.08599e-08 -5.57108e-05 0
1.27572e-05 -4.6096e-05 0
1.2991e-05 -8.68826e-05 0
1.28955e-05 3.77027e-06 0
4.51047e-08 6.14345e-07 0
5.02112e-08 5.57794e-05 0
2.15782e-05 3.78033e-05 0
1.30066e-05 3.89888e-06 0
1.28761e-05 4.5725e-05 0
2.16677e-05 -1.47446e-07 0
1.28358e-05 -4.55949e-05 0
1.30056e-05 3.44923e-06 0
2.13211e-05 -7.4529e-05 0
1.30991e-05 -8.68896e-05 0
2.15436e-05 -3.81742e-05 0
4.48039e-08 -5.54136e-05 0
5.01939e-08 6.14397e-08 0
1.27248e-05 -4.58253e-05 0
8.15729e-06 -1.78405e-05 0
1.50602e-05 -3.43435e-05 0
1.59644e-05 -2.95192e-05 0
7.13234e-06 -2.01159e-05 0
8.07455e-06 -1.76875e-05 0
5.79303e-08 -1.27888e-07 0
7.17704e-06 -2.02514e-05 0
1.407e-05 -3.80202e-05 0
8.12124e-06 -1.78058e-05 0
7.10782e-06 -2.00629e-05 0
2.80319e-08 -6.33057e-08 0
2.52945e-08 -7.27949e-08 0
2.14243e-08 -7.63761e-08 0
6.43939e-06 -2.11943e-05 0
2.35883e-08 -7.08612e-08 0
2.59686e-05 -0.000119238 0
2.57019e-05 -0.000110796 0
2.35512e-05 -9.04623e-05 0
2.42596e-05 -9.57249e-05 0
2.59682e-05 -0.00011919 0
2.35397e-05 -9.04092e-05 0
2.69674e-05 -0.000126931 0
2.66146e-05 -0.000162409 0
2.59835e-05 -0.000119526 0
4.7844e-08 -0.000249061 0
1.27505e-05 -0.000206532 0
5.36715e-08 -0.000283855 0
2.69797e-05 -7.05829e-05 0
2.61578e-05 -6.07326e-05 0
2.80031e-05 -4.03324e-05 0
2.45613e-05 -6.96397e-05 0
2.69694e-05 -7.06568e-05 0
2.56241e-05 -5.50624e-05 0
2.52867e-05 -0.000106784 0
2.56208e-05 -8.85048e-05 0
2.69708e-05 -7.08706e-05 0
2.10259e-05 -0.000170025 0
2.09078e-05 -0.000134929 0
2.50824e-05 -0.000123596 0
1.28909e-05 -0.000167575 0
9.31257e-08 -0.000161291 0
1.28668e-05 -0.000132739 0
3.93156e-08 -0.000161519 0
1.28645e-05 -0.000167812 0
5.28939e-08 -0.000207808 0
2.62141e-05 -9.00847e-05 0
2.52937e-05 -0.000106789 0
2.69678e-05 -7.088e-05 0
2.37513e-05 -8.15753e-05 0
2.6205e-05 -9.00027e-05 0
2.4551e-05 -6.97797e-05 0
2.57109e-05 -0.000110971 0
2.50813e-05 -0.000138591 0
2.51055e-05 -0.000123425 0
2.65367e-05 -3.11508e-05 0
2.61295e-05 -6.0707e-05 0
2.13858e-05 -7.44019e-05 0
2.67039e-05 -2.22984e-07 0
2.65394e-05 -3.08382e-05 0
2.16122e-05 -3.77361e-05 0
2.67367e-05 -8.59611e-08 0
2.85532e-05 -7.28877e-08 0
2.84178e-05 -2.01083e-05 0
2.62109e-05 -8.99578e-05 0
2.69668e-05 -7.07772e-05 0
2.4568e-05 -6.97533e-05 0
2.51068e-05 -0.000123234 0
2.52835e-05 -0.000106976 0
2.6212e-05 -9.02509e-05 0
2.10457e-05 -0.000170029 0
2.509e-05 -0.000123604 0
2.50662e-05 -0.000138789 0
2.09275e-05 -0.000134708 0
2.52661e-05 -0.000107121 0
2.50913e-05 -0.000123398 0
2.52693e-05 -0.00010693 0
2.10974e-05 -0.000108852 0
2.56016e-05 -8.86319e-05 0
2.80037e-05 -4.03034e-05 0
2.72384e-05 -4.91178e-05 0
2.69782e-05 -7.05271e-05 0
2.6559e-05 -3.1058e-05 0
2.80066e-05 -4.02047e-05 0
2.61511e-05 -6.05881e-05 0
2.74137e-05 -1.47815e-05 0
2.41849e-05 -8.59288e-06 0
2.37102e-05 -2.02127e-05 0
2.80105e-05 -4.00603e-05 0
2.84161e-05 -2.03373e-05 0
2.70415e-05 -2.93555e-05 0
2.76486e-05 -8.84311e-08 0
2.42025e-05 -8.53212e-06 0
2.74228e-05 -1.47067e-05 0
2.19978e-05 -4.08793e-05 0
2.07063e-05 -5.13926e-05 0
2.55992e-05 -5.49123e-05 0
2.28229e-05 -3.07151e-05 0
1.76609e-05 -1.9291e-05 0
2.19781e-05 -4.06809e-05 0
2.74194e-05 -1.48532e-05 0
2.37236e-05 -2.02802e-05 0
2.70192e-05 -2.92632e-05 0
2.41553e-05 -8.58388e-06 0
1.84675e-05 -9.88856e-06 0
2.368e-05 -2.01841e-05 0
1.86947e-05 -3.04726e-08 0
1.08054e-05 -3.47603e-08 0
1.84026e-05 -9.77856e-06 0
2.4167e-05 2.93796e-06 0
1.8762e-05 -1.14845e-08 0
2.41579e-05 -8.46069e-06 0
1.81654e-05 1.24764e-05 0
1.06206e-05 4.40026e-06 0
1.86928e-05 7.12972e-08 0
1.75907e-05 -1.92208e-05 0
9.25285e-06 -1.37144e-05 0
1.5978e-05 -2.94437e-05 0
1.05664e-05 -5.19438e-06 0
9.98971e-06 -1.00018e-05 0
1.83767e-05 -9.85761e-06 0
1.05054e-05 -5.16243e-06 0
8.10682e-08 -3.92754e-08 0
9.93149e-06 -9.94117e-06 0
1.50966e-05 -3.44828e-05 0
1.41365e-05 -3.81869e-05 0
2.06475e-05 -5.13104e-05 0
6.74334e-08 -1.03949e-07 0
8.08429e-06 -1.7653e-05 0
9.16376e-06 -1.36072e-05 0
2.51135e-05 -0.000123254 0
2.62068e-05 -9.02678e-05 0
2.57079e-05 -0.000110816 0
2.07191e-05 -5.14868e-05 0
2.45389e-05 -6.95627e-05 0
2.56032e-05 -5.50108e-05 0
2.06881e-05 -5.15244e-05 0
1.95882e-05 -5.97456e-05 0
2.37177e-05 -8.13907e-05 0
2.56242e-05 -8.83514e-05 0
2.61459e-05 -6.09014e-05 0
2.6976e-05 -7.07393e-05 0
2.09082e-05 -0.000134655 0
2.10767e-05 -0.000109011 0
2.52588e-05 -0.000107079 0
2.10991e-05 -0.000108676 0
2.6125e-05 -6.10022e-05 0
2.5605e-05 -8.84784e-05 0
2.10805e-05 -0.000108634 0
2.13631e-05 -7.46783e-05 0
2.61153e-05 -6.09523e-05 0
1.29664e-05 -0.000167477 0
1.29309e-05 -0.000132672 0
2.08449e-05 -0.000134943 0
1.29679e-05 -0.000132246 0
2.13186e-05 -7.49037e-05 0
2.10369e-05 -0.000108884 0
4.27672e-08 -5.59067e-05 0
1.29595e-05 -8.7086e-05 0
5.09155e-08 -0.000109909 0
1.28293e-05 -4.60383e-05 0
2.15199e-05 -3.80763e-05 0
1.30648e-05 -8.67958e-05 0
2.15892e-05 -3.80006e-05 0
2.65258e-05 -3.10726e-05 0
2.13664e-05 -7.43288e-05 0
2.42782e-05 -9.58415e-05 0
2.69587e-05 -0.000126708 0
2.59745e-05 -0.000119317 0
1.29981e-05 -8.73302e-05 0
1.286e-05 -0.000132321 0
9.58728e-08 -0.000110196 0
6.07805e-06 -2.16198e-05 0
1.98492e-08 -7.41432e-08 0
1.92324e-08 -7.5923e-08 0
6.5248e-06 -2.14755e-05 0
1.27947e-05 -4.37208e-05 0
1.31235e-05 -4.18964e-05 0
4.88659e-08 -1.4365e-07 0
6.4624e-06 -2.12557e-05 0
7.12423e-06 -2.01374e-05 0
6.1433e-06 -2.1832e-05 0
1.27741e-05 -4.36542e-05 0
6.49834e-06 -2.14046e-05 0
6.41643e-06 -2.09971e-05 0
6.09776e-06 -2.16866e-05 0
3.7172e-08 -1.48899e-07 0
6.48032e-06 -2.11753e-05 0
1.3746e-05 -4.3472e-05 0
9.56865e-06 -3.23192e-05 0
1.73358e-05 -0.000170267 0
1.29848e-05 -0.000167605 0
2.08559e-05 -0.000135054 0
2.09964e-05 -0.000170197 0
1.73644e-05 -0.000170278 0
2.08775e-05 -0.000135075 0
2.09762e-05 -0.000170426 0
1.28625e-05 -0.000205928 0
1.73369e-05 -0.000170515 0
2.54019e-05 -0.000150892 0
2.14566e-05 -0.000187727 0
2.50685e-05 -0.000138931 0
1.28252e-05 -0.000205923 0
1.29488e-05 -0.000167849 0
1.73082e-05 -0.000170504 0
2.13979e-05 -0.000188112 0
1.34128e-05 -0.000230639 0
2.09917e-05 -0.000170557 0
4.77834e-08 -0.000248825 0
3.76871e-08 -0.000208238 0
1.27335e-05 -0.000206307 0
1.27646e-05 -0.000206054 0
9.38094e-08 -0.000207993 0
1.29041e-05 -0.000167958 0
6.39666e-06 -2.09278e-05 0
1.79398e-08 -7.29921e-08 0
1.97937e-08 -7.16436e-08 0
2.54147e-05 -0.000150631 0
2.50822e-05 -0.000138682 0
2.57112e-05 -0.000111045 0
2.65925e-05 -0.000162784 0
2.2487e-05 -0.000203794 0
2.54096e-05 -0.00015102 0
2.78351e-05 -0.000218244 0
2.4445e-05 -0.00021432 0
2.96477e-05 -0.000170577 0
2.24622e-05 -0.000203886 0
2.1441e-05 -0.000187958 0
2.53994e-05 -0.000151097 0
1.51162e-05 -0.00026478 0
2.24397e-05 -0.000204355 0
2.43782e-05 -0.000214586 0
1.50698e-05 -0.000264906 0
1.41982e-05 -0.000252177 0
2.24129e-05 -0.000204471 0
1.33081e-05 -0.000231231 0
1.41007e-05 -0.000252325 0
8.90293e-08 -0.000284002 0
1.27911e-05 -0.000206497 0
1.33148e-05 -0.000231084 0
1.08467e-07 -0.000283836 0
2.1401e-05 -0.000188225 0
2.24187e-05 -0.000204174 0
1.34124e-05 -0.000230773 0
1.38302e-05 -4.3753e-05 0
2.07125e-05 -6.87196e-05 0
1.92723e-05 -6.83594e-05 0
5.18628e-05 -7.10843e-05 0
4.80666e-05 -4.08069e-05 0
6.09522e-05 -5.91385e-05 0
4.78788e-05 -9.46565e-05 0
5.18427e-05 -7.1418e-05 0
5.42337e-05 -0.000104744 0
4.40049e-05 -0.00011992 0
4.78527e-05 -9.48206e-05 0
5.41954e-05 -0.000104913 0
4.06259e-05 -8.52334e-05 0
4.02817e-05 -4.92513e-05 0
4.78093e-05 -9.45061e-05 0
4.02264e-05 -4.88937e-05 0
2.90034e-05 -2.73181e-05 0
4.79029e-05 -4.06346e-05 0
4.78459e-05 -9.44564e-05 0
4.03221e-05 -4.92101e-05 0
5.17942e-05 -7.12342e-05 0
4.05528e-05 -8.51344e-05 0
2.98969e-05 -5.99558e-05 0
3.44566e-05 -5.43282e-05 0
4.03034e-05 -4.90425e-05 0
4.79857e-05 -4.07741e-05 0
5.18023e-05 -7.10482e-05 0
3.44515e-05 -5.40945e-05 0
2.89626e-05 -2.73554e-05 0
4.01821e-05 -4.894e-05 0
2.01299e-05 -3.61895e-05 0
2.34323e-05 -3.28568e-05 0
2.97974e-05 -5.9714e-05 0
2.00294e-05 -3.59711e-05 0
9.60507e-06 -1.65305e-05 0
1.22614e-05 -1.35775e-05 0
2.48695e-05 -1.55106e-05 0
1.94991e-05 -7.17857e-06 0
3.68456e-05 -1.93883e-05 0
1.52202e-05 -1.09191e-05 0
2.48274e-05 -1.55495e-05 0
2.88412e-05 -2.71042e-05 0
1.51801e-05 -1.08566e-05 0
1.94158e-05 -7.15474e-06 0
2.47964e-05 -1.54819e-05 0
1.23016e-05 -1.35387e-05 0
1.51783e-05 -1.09114e-05 0
2.87933e-05 -2.71001e-05 0
2.00726e-05 -3.60284e-05 0
1.23145e-05 -1.36271e-05 0
2.33728e-05 -3.2703e-05 0
9.54285e-06 -1.64002e-05 0
7.82717e-08 -8.1498e-08 0
1.21892e-05 -1.34634e-05 0
5.36711e-08 -2.81017e-08 0
6.44017e-08 -1.60949e-08 0
1.50559e-05 -1.07557e-05 0
4.20135e-05 -1.53632e-05 0
5.94701e-05 -2.77615e-05 0
4.80182e-05 -4.05072e-05 0
2.43753e-05 -0.000214804 0
1.66826e-05 -0.000272745 0
1.50919e-05 -0.000265031 0
2.44105e-05 -0.000214657 0
2.77905e-05 -0.000218591 0
1.67307e-05 -0.000272575 0
3.33971e-05 -0.000171012 0
3.6821e-05 -0.000168705 0
3.09177e-05 -0.000216322 0
2.37241e-05 -8.15307e-05 0
1.95994e-05 -5.98662e-05 0
2.35135e-05 -9.016e-05 0
1.60343e-05 -2.96412e-05 0
2.06726e-05 -5.12903e-05 0
2.19655e-05 -4.07987e-05 0
2.37446e-05 -8.16969e-05 0
2.3538e-05 -9.03424e-05 0
2.5699e-05 -0.000110663 0
2.62029e-05 -9.01465e-05 0
2.37599e-05 -8.1705e-05 0
2.57018e-05 -0.000110663 0
2.4532e-05 -6.96516e-05 0
2.07096e-05 -5.15555e-05 0
2.37295e-05 -8.14271e-05 0
1.41546e-05 -3.8269e-05 0
1.95552e-05 -5.96001e-05 0
2.06579e-05 -5.13955e-05 0
1.89724e-05 -6.5355e-05 0
1.28635e-05 -4.39594e-05 0
1.92642e-05 -6.83453e-05 0
1.41249e-05 -3.82305e-05 0
1.31731e-05 -4.20091e-05 0
1.95338e-05 -5.9573e-05 0
1.40828e-05 -3.81049e-05 0
7.19598e-06 -2.03306e-05 0
1.31303e-05 -4.18692e-05 0
8.15147e-06 -1.78564e-05 0
1.40941e-05 -3.80636e-05 0
1.5054e-05 -3.43723e-05 0
1.31661e-05 -4.20391e-05 0
1.28393e-05 -4.38737e-05 0
1.89565e-05 -6.52636e-05 0
4.12651e-08 -1.50505e-07 0
6.09913e-06 -2.16865e-05 0
6.45612e-06 -2.12659e-05 0
2.62065e-05 -9.75283e-05 0
2.35696e-05 -6.69133e-05 0
2.95138e-05 -9.62781e-05 0
9.58961e-06 -3.23964e-05 0
1.37622e-05 -4.35488e-05 0
1.2805e-05 -4.37656e-05 0
6.15443e-06 -2.18693e-05 0
9.56434e-06 -3.23238e-05 0
1.27846e-05 -4.36938e-05 0
6.12999e-06 -2.17905e-05 0
6.45168e-06 -2.11015e-05 0
9.54334e-06 -3.22465e-05 0
6.42284e-06 -2.09893e-05 0
3.87352e-08 -1.40202e-07 0
7.20019e-06 -1.95096e-05 0
2.29655e-08 -6.36237e-08 0
7.17904e-06 -1.94388e-05 0
1.89306e-08 -6.85652e-08 0
3.03359e-05 -0.000131293 0
3.43559e-05 -0.00012996 0
3.33901e-05 -0.000170591 0
1.70035e-05 -3.89043e-05 0
2.0108e-05 -3.62098e-05 0
2.97697e-05 -5.97379e-05 0
7.29076e-06 -1.97028e-05 0
1.69102e-05 -3.8792e-05 0
1.50054e-05 -4.18277e-05 0
7.26754e-06 -1.96176e-05 0
9.57862e-06 -1.65556e-05 0
1.68968e-05 -3.87007e-05 0
6.11161e-05 -9.26802e-05 0
5.19092e-05 -7.12657e-05 0
6.09959e-05 -5.93072e-05 0
3.8693e-05 -0.000124823 0
3.44011e-05 -9.22276e-05 0
4.05712e-05 -8.5484e-05 0
4.10008e-05 -0.000162779 0
3.87245e-05 -0.000125179 0
4.39388e-05 -0.000120212 0
3.43856e-05 -0.000129678 0
3.43878e-05 -9.2373e-05 0
3.8667e-05 -0.000124977 0
3.44014e-05 -5.40366e-05 0
2.34746e-05 -3.28101e-05 0
2.88967e-05 -2.73057e-05 0
4.05869e-05 -8.5093e-05 0
3.44914e-05 -5.42919e-05 0
4.02188e-05 -4.91299e-05 0
2.98397e-05 -5.97781e-05 0
2.34859e-05 -3.29134e-05 0
3.43967e-05 -5.41549e-05 0
1.50606e-05 -4.1984e-05 0
1.69707e-05 -3.89463e-05 0
2.34894e-05 -6.6532e-05 0
2.07304e-05 -6.87086e-05 0
1.50776e-05 -4.2083e-05 0
2.34951e-05 -6.66363e-05 0
1.37639e-05 -4.35045e-05 0
6.49633e-06 -2.12069e-05 0
1.4989e-05 -4.18503e-05 0
1.21694e-05 -1.33937e-05 0
4.0468e-08 -4.02305e-08 0
5.01926e-08 -2.85276e-08 0
7.25669e-06 -1.96437e-05 0
1.49698e-05 -4.1768e-05 0
6.47226e-06 -2.11266e-05 0
9.50933e-06 -1.64373e-05 0
7.21226e-06 -1.94878e-05 0
4.50845e-08 -1.22753e-07 0
9.62647e-06 -1.66097e-05 0
2.00381e-05 -3.60659e-05 0
1.69401e-05 -3.87563e-05 0
2.66026e-05 -0.000162497 0
2.54211e-05 -0.000150747 0
2.59851e-05 -0.000119603 0
2.4448e-05 -0.000214119 0
2.66126e-05 -0.000162879 0
2.96316e-05 -0.000170405 0
2.44164e-05 -0.000214238 0
2.24767e-05 -0.000204021 0
2.65974e-05 -0.000162983 0
1.41904e-05 -0.000252067 0
1.33752e-05 -0.000230991 0
2.24019e-05 -0.000204378 0
1.03558e-07 -0.000310643 0
1.41358e-05 -0.000252521 0
1.49787e-05 -0.000265252 0
6.18459e-08 -0.000310667 0
3.43091e-08 -0.000284225 0
1.4082e-05 -0.000252573 0
2.10287e-05 -0.000170258 0
2.50599e-05 -0.000138992 0
2.14366e-05 -0.000187798 0
2.2108e-08 -5.91393e-08 0
2.99579e-08 -5.1965e-08 0
9.48713e-06 -1.63717e-05 0
1.28523e-05 -0.000206142 0
2.0969e-05 -0.000170611 0
1.33822e-05 -0.000230711 0
3.33588e-05 -0.000171027 0
2.78727e-05 -0.000218089 0
2.96697e-05 -0.000170438 0
3.03288e-05 -0.000131422 0
3.33663e-05 -0.000170734 0
2.96747e-05 -0.000170151 0
3.09202e-05 -0.000216446 0
4.09407e-05 -0.000163387 0
3.46562e-05 -0.000210258 0
6.06924e-08 -0.000329998 0
3.76636e-08 -0.000310848 0
1.49505e-05 -0.000265491 0
3.34045e-05 -0.000170725 0
3.43884e-05 -0.000130076 0
3.68328e-05 -0.000168415 0
5.9646e-08 -0.000341551 0
6.07684e-08 -0.000330069 0
1.49731e-05 -0.000265579 0
3.00107e-08 -5.19049e-08 0
3.78379e-08 -4.12077e-08 0
9.50286e-06 -1.63538e-05 0
1.50808e-05 -1.08195e-05 0
1.22181e-05 -1.34334e-05 0
1.03811e-07 -5.67085e-08 0
5.03488e-05 -7.74015e-06 0
4.19248e-05 -1.51946e-05 0
3.59408e-05 -6.58292e-06 0
7.21338e-05 -1.31655e-05 0
5.05276e-05 -7.72676e-06 0
5.5151e-05 -3.91298e-06 0
3.47376e-05 2.87626e-06 0
6.47904e-05 6.12509e-06 0
5.89513e-05 -7.86163e-08 0
8.56418e-05 -2.01793e-05 0
7.84816e-05 -3.31437e-05 0
7.23311e-05 -1.33004e-05 0
7.21555e-05 -1.32252e-05 0
6.57525e-05 -2.00649e-05 0
5.05759e-05 -7.77458e-06 0
4.58978e-05 -0.000154221 0
4.10145e-05 -0.000162883 0
4.39741e-05 -0.000120305 0
5.41909e-05 -0.000105104 0
4.59473e-05 -0.000154018 0
4.40081e-05 -0.000120116 0
5.10787e-05 -0.000145403 0
4.17011e-05 -0.000192543 0
4.59296e-05 -0.000154404 0
5.22578e-05 -0.000154214 0
3.17142e-05 -0.000200766 0
4.64665e-05 -0.000177557 0
5.65722e-05 -0.000133801 0
5.23492e-05 -0.000154001 0
4.65392e-05 -0.000177323 0
5.72138e-05 -0.000131395 0
3.17351e-05 -0.000200588 0
5.22941e-05 -0.000154058 0
3.08792e-05 -0.000216496 0
2.78671e-05 -0.000218255 0
3.33752e-05 -0.000171172 0
1.92451e-05 -0.000272201 0
3.08509e-05 -0.000216809 0
3.45749e-05 -0.000210625 0
1.92338e-05 -0.000272226 0
2.78245e-05 -0.000218592 0
3.08288e-05 -0.000216837 0
4.6408e-05 -0.000177772 0
2.82645e-05 -0.000229006 0
4.16207e-05 -0.000192909 0
1.01874e-07 -0.000319638 0
6.57586e-08 -0.000335008 0
2.45417e-05 -0.000252839 0
2.97711e-05 -5.98435e-05 0
2.35301e-05 -6.65943e-05 0
1.70207e-05 -3.9003e-05 0
1.23355e-05 -1.36066e-05 0
2.88134e-05 -2.71784e-05 0
2.34008e-05 -3.26726e-05 0
4.05428e-05 -8.5267e-05 0
3.43705e-05 -9.20103e-05 0
2.99039e-05 -6.0078e-05 0
5.65474e-05 -0.000133769 0
4.655e-05 -0.00017729 0
5.11371e-05 -0.000145287 0
5.42718e-05 -0.000105118 0
5.65754e-05 -0.000133531 0
5.11561e-05 -0.000145041 0
6.98331e-05 -9.8351e-05 0
5.73487e-05 -0.000131068 0
5.24174e-05 -0.000153708 0
1.90109e-05 -6.54755e-05 0
2.3503e-05 -9.01024e-05 0
1.95782e-05 -5.98147e-05 0
1.3193e-05 -4.20975e-05 0
1.89749e-05 -6.53141e-05 0
1.95456e-05 -5.96671e-05 0
1.93006e-05 -6.85088e-05 0
2.35042e-05 -9.01454e-05 0
1.90094e-05 -6.55045e-05 0
1.3797e-05 -4.36718e-05 0
1.92505e-05 -6.82733e-05 0
1.28397e-05 -4.38829e-05 0
2.07552e-05 -6.88986e-05 0
2.61676e-05 -9.74314e-05 0
1.93121e-05 -6.8531e-05 0
1.50416e-05 -4.20091e-05 0
2.07037e-05 -6.86292e-05 0
1.38133e-05 -4.36624e-05 0
2.95359e-05 -9.64956e-05 0
3.03004e-05 -0.000130937 0
2.62318e-05 -9.77372e-05 0
2.85631e-05 -0.000147445 0
3.03061e-05 -0.000131354 0
2.96614e-05 -0.000170068 0
2.57082e-05 -0.000110984 0
2.59765e-05 -0.000119442 0
2.54237e-05 -0.000150563 0
2.42725e-05 -9.57658e-05 0
2.62013e-05 -9.77316e-05 0
2.69635e-05 -0.000126639 0
1.93243e-05 -6.86061e-05 0
2.42375e-05 -9.5548e-05 0
2.35159e-05 -9.02497e-05 0
2.62291e-05 -9.78427e-05 0
3.02834e-05 -0.000131044 0
2.69746e-05 -0.000126765 0
1.93304e-05 -6.86177e-05 0
2.61726e-05 -9.75256e-05 0
2.42459e-05 -9.55721e-05 0
2.0769e-05 -6.88926e-05 0
2.35324e-05 -6.68256e-05 0
2.61841e-05 -9.74325e-05 0
2.98356e-05 -6.00198e-05 0
3.43175e-05 -9.1943e-05 0
2.35853e-05 -6.67705e-05 0
3.43421e-05 -0.000129711 0
3.03206e-05 -0.000131051 0
2.95719e-05 -9.65965e-05 0
2.85412e-05 -0.000147406 0
2.66191e-05 -0.000162515 0
2.69776e-05 -0.000127021 0
3.02865e-05 -0.000131218 0
2.8553e-05 -0.000147301 0
2.698e-05 -0.000126924 0
2.96404e-05 -0.000170182 0
2.66201e-05 -0.000162669 0
2.85512e-05 -0.000147551 0
3.69206e-05 -1.93699e-05 0
2.31582e-05 -4.57581e-06 0
4.18444e-05 -1.52262e-05 0
2.30717e-05 -4.55551e-06 0
3.68534e-05 -1.93366e-05 0
1.94879e-05 -7.1457e-06 0
1.65973e-05 -0.000273136 0
1.26377e-07 -0.000341422 0
1.50174e-05 -0.000265423 0
3.45551e-05 -0.000210781 0
2.1671e-05 -0.000266215 0
1.92006e-05 -0.000272365 0
6.68556e-08 -0.000342937 0
6.21014e-08 -0.0003416 0
1.6561e-05 -0.000273354 0
3.47126e-05 -0.000210044 0
4.09858e-05 -0.000163184 0
4.58626e-05 -0.000154521 0
1.62828e-07 -0.000334927 0
2.15926e-05 -0.000266548 0
2.45864e-05 -0.000252666 0
3.09364e-05 -0.0002163 0
3.68461e-05 -0.000168679 0
4.09376e-05 -0.000163254 0
1.9091e-05 -0.000272827 0
1.46697e-07 -0.0003428 0
1.66153e-05 -0.000273176 0
2.77855e-05 -0.000218774 0
1.91801e-05 -0.00027243 0
1.66996e-05 -0.000272787 0
2.1533e-05 -0.000266609 0
1.34288e-07 -0.000342752 0
1.91001e-05 -0.000272787 0
2.4731e-05 -0.000252303 0
2.16935e-05 -0.000266142 0
3.45905e-05 -0.000210711 0
9.16426e-08 -0.000335186 0
5.45183e-08 -0.000342882 0
2.14999e-05 -0.000266808 0
6.10841e-05 -9.28405e-05 0
5.42748e-05 -0.000104738 0
5.18974e-05 -7.14134e-05 0
6.81788e-05 -8.1109e-05 0
6.11603e-05 -9.27152e-05 0
6.10646e-05 -5.93396e-05 0
6.81888e-05 -8.12898e-05 0
6.42569e-05 -0.000114227 0
6.1179e-05 -9.29084e-05 0
3.47059e-05 -0.000210153 0
4.58805e-05 -0.000154615 0
4.16369e-05 -0.000192771 0
2.48094e-05 -0.000252059 0
3.46475e-05 -0.000210479 0
4.15612e-05 -0.000193089 0
3.68714e-05 -0.000168374 0
3.87096e-05 -0.000125335 0
4.0969e-05 -0.000162947 0
6.82179e-05 -8.09436e-05 0
6.10845e-05 -5.91921e-05 0
6.98816e-05 -4.67628e-05 0
6.99561e-05 -9.78962e-05 0
6.82649e-05 -8.11457e-05 0
7.67149e-05 -6.40379e-05 0
6.42075e-05 -0.000114408 0
5.66399e-05 -0.000133383 0
6.11505e-05 -9.30758e-05 0
4.59611e-05 -0.000154107 0
5.42273e-05 -0.000105182 0
5.11203e-05 -0.00014511 0
4.397e-05 -0.00011985 0
4.06416e-05 -8.54747e-05 0
4.78055e-05 -9.47551e-05 0
3.43978e-05 -0.000129929 0
3.86763e-05 -0.000125231 0
3.68587e-05 -0.000168256 0
3.43079e-05 -9.207e-05 0
2.95408e-05 -9.62593e-05 0
2.35955e-05 -6.68892e-05 0
4.39379e-05 -0.000119953 0
3.87172e-05 -0.000124921 0
4.06138e-05 -8.55719e-05 0
3.43624e-05 -0.000129576 0
2.9578e-05 -9.64678e-05 0
3.43477e-05 -9.22826e-05 0
2.2946e-05 -4.49548e-06 0
1.93749e-05 -7.06884e-06 0
1.67771e-07 -9.16639e-09 0
4.64889e-05 -0.000177496 0
4.16881e-05 -0.000192626 0
5.10971e-05 -0.000145478 0
6.41738e-05 -0.000114605 0
5.24193e-05 -0.000153783 0
5.6621e-05 -0.000133597 0
5.42951e-05 -0.00010495 0
6.10999e-05 -9.30429e-05 0
5.66191e-05 -0.000133348 0
6.98429e-05 -9.82995e-05 0
5.24511e-05 -0.000153647 0
6.42178e-05 -0.000114486 0
3.14597e-05 -0.000201286 0
2.21802e-07 -0.000264589 0
2.80478e-05 -0.000229285 0
2.80145e-05 -0.000229604 0
1.87803e-07 -0.000319331 0
2.46469e-05 -0.000252532 0
2.75059e-05 -1.26936e-06 0
1.03646e-07 4.65809e-09 0
1.14662e-07 1.32571e-08 0
1.93348e-05 -7.10002e-06 0
1.51134e-05 -1.0785e-05 0
1.3369e-07 -3.18167e-08 0
8.14406e-08 -4.42143e-09 0
1.93051e-05 -7.04704e-06 0
6.93685e-08 -1.56383e-08 0
3.68662e-05 -1.94592e-05 0
2.8905e-05 -2.71363e-05 0
2.49005e-05 -1.55783e-05 0
4.79554e-05 -4.04743e-05 0
3.70007e-05 -1.94961e-05 0
4.19282e-05 -1.53381e-05 0
4.79036e-05 -4.05285e-05 0
2.89814e-05 -2.72222e-05 0
3.69541e-05 -1.95335e-05 0
8.64239e-08 -4.65376e-09 0
9.76953e-08 5.38016e-09 0
2.29045e-05 -4.45266e-06 0
3.10053e-05 7.67066e-07 0
2.7596e-05 -1.27476e-06 0
2.34955e-07 2.52334e-08 0
3.16655e-05 -0.000200635 0
5.71707e-05 -0.000131443 0
3.47509e-05 -0.000170674 0
1.10468e-07 -0.000295433 0
2.79715e-05 -0.000229567 0
9.44287e-08 -0.000264756 0
2.81802e-05 -0.000229247 0
2.47701e-05 -0.000252114 0
4.1558e-05 -0.000193144 0
3.16145e-05 -0.000201027 0
2.82057e-05 -0.00022904 0
4.63964e-05 -0.0001778 0
1.10401e-07 -0.00029567 0
7.98228e-08 -0.000319368 0
2.79545e-05 -0.000229732 0
6.58469e-05 -2.01547e-05 0
7.22506e-05 -1.32987e-05 0
7.84272e-05 -3.31422e-05 0
6.99342e-05 -4.64705e-05 0
6.58512e-05 -2.02527e-05 0
7.8407e-05 -3.32633e-05 0
5.95651e-05 -2.76578e-05 0
5.05357e-05 -7.80598e-06 0
6.57101e-05 -2.01128e-05 0
2.77532e-05 -1.31079e-06 0
3.11737e-05 7.46899e-07 0
5.03171e-05 -7.64967e-06 0
3.43406e-05 2.87148e-06 0
1.34835e-07 1.73916e-08 0
1.40076e-07 2.27584e-08 0
5.03965e-05 -7.66484e-06 0
3.12819e-05 7.44717e-07 0
5.5015e-05 -3.86536e-06 0
3.58937e-05 -6.53625e-06 0
2.77754e-05 -1.3309e-06 0
5.03158e-05 -7.68958e-06 0
2.31415e-05 -4.54768e-06 0
3.58486e-05 -6.57145e-06 0
4.18458e-05 -1.51791e-05 0
2.30806e-05 -4.50723e-06 0
2.76685e-05 -1.32543e-06 0
3.58015e-05 -6.52482e-06 0
2.2983e-05 -4.46527e-06 0
2.0122e-07 9.95146e-09 0
2.75562e-05 -1.29988e-06 0
3.44425e-05 2.87892e-06 0
2.85955e-07 4.35209e-08 0
3.7074e-05 4.59586e-06 0
3.14898e-05 -0.000201072 0
3.45442e-05 -0.000171022 0
2.36268e-07 -0.00026434 0
6.9532e-05 -9.52742e-05 0
5.74068e-05 -0.000130867 0
6.98888e-05 -9.81729e-05 0
3.80144e-05 -0.000128903 0
1.44493e-07 -0.000174934 0
1.25304e-07 -0.000221822 0
5.00757e-05 -0.000130625 0
3.82805e-05 -0.000128692 0
3.47422e-05 -0.000170421 0
5.72342e-05 -0.000131234 0
5.01418e-05 -0.000130637 0
3.48148e-05 -0.000170441 0
5.73354e-05 -0.000130984 0
6.94738e-05 -9.53736e-05 0
5.02682e-05 -0.000130394 0
6.45457e-05 -8.93503e-05 0
4.08108e-05 -8.37726e-05 0
3.83425e-05 -0.000128264 0
1.20422e-07 1.20581e-08 0
1.28556e-07 1.89923e-08 0
3.094e-05 7.86795e-07 0
5.51794e-05 -3.88723e-06 0
5.90435e-05 -1.60233e-07 0
7.21672e-05 -1.31248e-05 0
3.89628e-05 6.1267e-06 0
6.74106e-05 1.07857e-05 0
3.73061e-05 4.63047e-06 0
3.00693e-07 4.80824e-08 0
3.87422e-05 6.09054e-06 0
3.70902e-05 4.6105e-06 0
3.93023e-05 7.73059e-06 0
6.80174e-05 1.40297e-05 0
3.89691e-05 6.13927e-06 0
7.89286e-05 -4.0325e-06 0
8.56562e-05 -2.00704e-05 0
7.23204e-05 -1.32129e-05 0
5.91381e-05 -1.59415e-07 0
7.88402e-05 -3.97571e-06 0
7.22334e-05 -1.31302e-05 0
8.40693e-05 5.19198e-06 0
9.23344e-05 -4.80677e-06 0
7.89921e-05 -3.93647e-06 0
3.74132e-05 4.63592e-06 0
6.74783e-05 1.07832e-05 0
6.48356e-05 6.17405e-06 0
9.65107e-05 9.03399e-06 0
9.23802e-05 -4.75972e-06 0
8.41428e-05 5.23051e-06 0
0.00010045 2.29601e-05 0
9.33195e-05 5.12999e-05 0
9.23876e-05 1.96683e-05 0
8.73056e-05 1.45186e-05 0
8.82825e-05 2.38514e-05 0
9.83655e-05 2.06568e-05 0
0.000100265 6.09058e-05 0
9.78802e-05 8.06491e-05 0
9.14158e-05 9.96176e-05 0
9.92371e-05 3.27876e-05 0
0.000100302 6.05541e-05 0
0.000101071 4.19548e-05 0
9.82092e-05 4.45475e-05 0
9.62075e-05 5.71052e-05 0
0.000100296 6.06725e-05 0
9.50959e-05 -1.13045e-05 0
8.73994e-05 -3.75612e-05 0
8.5767e-05 -2.01961e-05 0
9.05329e-05 -3.33938e-06 0
9.51432e-05 -1.11028e-05 0
9.81931e-05 4.46856e-06 0
9.04799e-05 -3.49549e-06 0
8.49175e-05 -4.01272e-05 0
9.5111e-05 -1.12364e-05 0
8.03701e-05 -6.31361e-05 0
7.68099e-05 -6.37878e-05 0
8.73081e-05 -3.78788e-05 0
6.96509e-05 -9.49106e-05 0
8.03344e-05 -6.33166e-05 0
8.05777e-05 -6.0662e-05 0
6.96189e-05 -9.5046e-05 0
6.99542e-05 -9.79435e-05 0
8.0295e-05 -6.34305e-05 0
9.23272e-05 -4.90168e-06 0
8.5712e-05 -2.00413e-05 0
7.90106e-05 -4.0095e-06 0
9.51547e-05 -1.10629e-05 0
9.2417e-05 -4.82338e-06 0
9.65478e-05 9.00176e-06 0
9.51231e-05 -1.11933e-05 0
8.57724e-05 -2.00924e-05 0
9.2381e-05 -4.92043e-06 0
3.45964e-05 -0.000170723 0
3.81137e-05 -0.000128897 0
2.66238e-07 -0.000221947 0
1.08881e-07 -0.000264278 0
3.44623e-05 -0.00017109 0
1.32552e-07 -0.000222337 0
5.01741e-05 -0.000130363 0
6.45576e-05 -8.94937e-05 0
3.8386e-05 -0.00012843 0
0.000100281 6.07159e-05 0
9.28429e-05 7.53395e-05 0
0.000101052 4.20792e-05 0
9.27214e-05 7.54073e-05 0
7.49743e-05 6.15123e-05 0
9.32294e-05 5.16363e-05 0
9.10267e-05 0.000113934 0
8.46869e-05 0.000149742 0
8.83318e-05 0.000125448 0
4.27538e-05 0.000187809 0
3.3759e-07 0.000232351 0
4.28524e-05 0.000127518 0
6.81757e-05 -5.99712e-05 0
4.09316e-05 -8.35475e-05 0
6.46341e-05 -8.91307e-05 0
8.4919e-05 -4.02472e-05 0
8.74015e-05 -3.76419e-05 0
9.50869e-05 -1.13412e-05 0
1.50829e-07 2.69973e-08 0
3.86418e-05 6.08239e-06 0
1.53129e-07 2.29785e-08 0
4.30814e-05 0.000126875 0
4.44839e-05 7.14949e-05 0
7.38106e-05 0.000104625 0
4.29602e-05 -3.08687e-05 0
4.38043e-05 1.63656e-05 0
3.1349e-07 5.50529e-06 0
4.32014e-05 -3.0975e-05 0
7.22401e-05 -1.49478e-05 0
4.40458e-05 1.62611e-05 0
1.50315e-07 -0.00012089 0
4.04904e-05 -8.35717e-05 0
1.37642e-07 -6.15717e-05 0
7.23344e-05 -1.47644e-05 0
7.43625e-05 2.57178e-05 0
4.41695e-05 1.64501e-05 0
6.82224e-05 -5.95725e-05 0
7.23048e-05 -1.51879e-05 0
4.33096e-05 -3.12561e-05 0
8.48583e-05 -4.0428e-05 0
8.06583e-05 -6.03914e-05 0
8.73621e-05 -3.78003e-05 0
7.25061e-05 -1.49989e-05 0
8.07586e-05 -2.95097e-05 0
9.03855e-05 -3.44841e-06 0
6.83961e-05 -5.9741e-05 0
8.06026e-05 -6.04812e-05 0
8.47914e-05 -4.04903e-05 0
4.08334e-05 -8.33411e-05 0
6.81259e-05 -5.97963e-05 0
4.31851e-05 -3.14863e-05 0
3.11224e-07 -6.14296e-05 0
4.0605e-05 -8.32988e-05 0
4.29633e-05 -3.14398e-05 0
1.27036e-07 -0.000121394 0
1.44513e-07 -0.000174563 0
3.80181e-05 -0.000128608 0
8.03116e-05 -6.33367e-05 0
6.99827e-05 -9.78272e-05 0
7.67598e-05 -6.39819e-05 0
6.4769e-05 -8.91616e-05 0
6.95943e-05 -9.50104e-05 0
8.05329e-05 -6.07385e-05 0
6.46561e-05 -8.93974e-05 0
5.02869e-05 -0.000130246 0
6.9504e-05 -9.52452e-05 0
2.87644e-07 -0.000121248 0
3.81229e-05 -0.000128324 0
4.05981e-05 -8.38394e-05 0
3.4611e-05 2.86234e-06 0
5.88496e-05 -9.68354e-08 0
3.12173e-05 7.71928e-07 0
2.63242e-07 3.63097e-08 0
3.44168e-05 2.86142e-06 0
3.10358e-05 7.87444e-07 0
3.72863e-05 4.61558e-06 0
6.4737e-05 6.14394e-06 0
3.46452e-05 2.88273e-06 0
1.47717e-07 2.51464e-08 0
3.6985e-05 4.59618e-06 0
1.46033e-07 2.08219e-08 0
0.000100305 6.0562e-05 0
9.92138e-05 3.27946e-05 0
9.82194e-05 4.44671e-05 0
9.5161e-05 -1.10336e-05 0
9.65802e-05 9.0377e-06 0
9.82134e-05 4.50982e-06 0
7.84958e-05 2.37668e-05 0
6.15773e-05 1.48587e-05 0
6.65619e-05 2.16328e-05 0
6.80929e-05 1.40356e-05 0
6.74994e-05 1.08236e-05 0
3.90857e-05 6.15346e-06 0
8.56834e-05 3.75016e-05 0
9.81375e-05 4.43667e-05 0
7.87093e-05 2.39058e-05 0
9.9238e-05 3.26949e-05 0
0.000101072 4.1828e-05 0
0.000100482 2.29991e-05 0
6.83416e-05 1.41198e-05 0
8.81828e-05 2.38129e-05 0
8.72077e-05 1.45101e-05 0
0.000100282 6.07922e-05 0
9.62198e-05 5.72241e-05 0
9.78963e-05 8.05012e-05 0
8.83365e-05 2.39656e-05 0
9.81808e-05 4.43315e-05 0
9.91734e-05 3.26897e-05 0
8.57525e-05 3.76166e-05 0
9.61572e-05 5.70127e-05 0
9.81618e-05 4.44806e-05 0
8.71411e-05 1.44222e-05 0
6.50007e-05 6.19197e-06 0
6.76475e-05 1.08247e-05 0
6.47588e-05 -8.90382e-05 0
8.05472e-05 -6.06371e-05 0
6.83158e-05 -5.9908e-05 0
6.9854e-05 -4.65913e-05 0
6.10524e-05 -5.90011e-05 0
5.96223e-05 -2.79154e-05 0
7.67626e-05 -6.37029e-05 0
6.99729e-05 -4.66297e-05 0
7.84421e-05 -3.33992e-05 0
7.67176e-05 -6.3874e-05 0
6.82586e-05 -8.09607e-05 0
6.99485e-05 -4.67794e-05 0
8.73156e-05 -3.77915e-05 0
7.68101e-05 -6.36728e-05 0
7.85167e-05 -3.33769e-05 0
6.99038e-05 -9.8073e-05 0
6.42701e-05 -0.000114243 0
6.82342e-05 -8.13094e-05 0
8.0726e-05 -2.97827e-05 0
6.83792e-05 -5.96209e-05 0
8.47964e-05 -4.03925e-05 0
9.04182e-05 -3.54009e-06 0
8.08002e-05 -2.95944e-05 0
8.48619e-05 -4.02102e-05 0
7.24219e-05 -1.51935e-05 0
6.83278e-05 -5.95416e-05 0
8.06843e-05 -2.9698e-05 0
3.0509e-07 5.1215e-08 0
3.90798e-05 7.6777e-06 0
3.87458e-05 6.10439e-06 0
1.54413e-07 2.42403e-08 0
1.493e-07 2.87214e-08 0
3.89719e-05 7.66145e-06 0
1.45563e-07 5.40864e-06 0
1.62107e-07 -6.10002e-05 0
4.28465e-05 -3.1103e-05 0
1.46465e-07 7.27666e-05 0
1.55122e-07 5.96391e-06 0
4.36787e-05 1.67447e-05 0
2.87154e-07 6.08106e-08 0
3.68324e-05 1.07764e-05 0
3.82698e-05 9.20479e-06 0
4.30785e-05 0.000127234 0
7.38011e-05 0.000104934 0
4.29993e-05 0.000187355 0
1.78628e-07 7.36324e-05 0
4.27225e-05 0.000127135 0
1.5288e-07 0.00015226 0
4.44652e-05 7.08162e-05 0
4.40525e-05 1.67597e-05 0
7.42854e-05 2.59883e-05 0
3.48389e-07 7.32787e-05 0
4.42334e-05 7.1377e-05 0
4.28626e-05 0.000126871 0
3.16183e-07 7.28494e-05 0
4.38032e-05 1.69495e-05 0
4.42182e-05 7.101e-05 0
8.55727e-05 3.7524e-05 0
6.45997e-05 2.56769e-05 0
8.03842e-05 4.95982e-05 0
9.22431e-05 1.94718e-05 0
7.45236e-05 2.57193e-05 0
7.24911e-05 -1.47182e-05 0
9.82005e-05 4.55899e-06 0
9.23704e-05 1.94072e-05 0
9.05079e-05 -3.22853e-06 0
9.32322e-05 5.13503e-05 0
7.46082e-05 2.59636e-05 0
9.23006e-05 1.96706e-05 0
4.45908e-05 7.12731e-05 0
7.47356e-05 6.16566e-05 0
7.39003e-05 0.000104405 0
4.45872e-05 7.09613e-05 0
7.43754e-05 2.61304e-05 0
7.47342e-05 6.13949e-05 0
8.03111e-05 4.97292e-05 0
5.83296e-05 3.31334e-05 0
7.10833e-05 6.55777e-05 0
6.6607e-05 2.17109e-05 0
6.45368e-05 2.55947e-05 0
8.55413e-05 3.74315e-05 0
6.6443e-05 2.16285e-05 0
3.71542e-05 1.09096e-05 0
6.43769e-05 2.54968e-05 0
4.91726e-05 4.28071e-05 0
4.21769e-05 5.02622e-05 0
5.78406e-05 8.38217e-05 0
3.03607e-05 1.56623e-05 0
2.30018e-07 8.41638e-08 0
2.67393e-05 1.82635e-05 0
4.90473e-05 4.24744e-05 0
3.05245e-05 1.57964e-05 0
2.68908e-05 1.84198e-05 0
3.05699e-05 1.57647e-05 0
5.80339e-05 3.28508e-05 0
3.35616e-05 1.33649e-05 0
1.12153e-07 4.09291e-08 0
9.98919e-08 5.2832e-08 0
2.66502e-05 1.82054e-05 0
4.27152e-05 0.000127422 0
1.72217e-07 0.000232091 0
1.52843e-07 0.000152527 0
8.45443e-05 0.00015031 0
6.48399e-05 0.000225243 0
6.83968e-05 0.000190881 0
8.82515e-05 0.000125671 0
8.46122e-05 0.000149999 0
6.84877e-05 0.000190528 0
7.40426e-05 0.000104786 0
9.12457e-05 0.000100017 0
7.16677e-05 0.000154727 0
9.78427e-05 8.08874e-05 0
9.10625e-05 0.000113699 0
8.83886e-05 0.000125202 0
8.1251e-05 0.000145697 0
8.12236e-05 9.92831e-05 0
6.86482e-05 0.000123569 0
9.48577e-05 8.26289e-05 0
9.10693e-05 0.000113535 0
9.78557e-05 8.0766e-05 0
8.86001e-05 8.20821e-05 0
8.13306e-05 9.90624e-05 0
9.10153e-05 0.000113618 0
1.52144e-07 0.000301381 0
1.51035e-07 0.000232859 0
4.2617e-05 0.00018828 0
6.82516e-05 0.000191172 0
6.47037e-05 0.00022557 0
4.10552e-05 0.000237687 0
2.18004e-05 2.25918e-05 0
2.66965e-05 1.82961e-05 0
1.93655e-07 1.04171e-07 0
2.17599e-05 2.26343e-05 0
1.57284e-07 1.30561e-07 0
1.80152e-05 2.59358e-05 0
3.49417e-05 5.7754e-05 0
2.18797e-05 2.28199e-05 0
1.81212e-05 2.61451e-05 0
4.19959e-05 4.99602e-05 0
2.68412e-05 1.84508e-05 0
2.1926e-05 2.27785e-05 0
9.13027e-05 9.97721e-05 0
7.41208e-05 0.000104522 0
9.27084e-05 7.56867e-05 0
6.84322e-05 0.000190544 0
7.16329e-05 0.000155126 0
8.82218e-05 0.000125691 0
3.86802e-05 0.000285633 0
4.09315e-05 0.000238002 0
6.46165e-05 0.000225885 0
4.10712e-05 0.00023741 0
7.14745e-05 0.000155467 0
6.82756e-05 0.000190936 0
4.30947e-05 0.000187472 0
7.38825e-05 0.00010502 0
7.15083e-05 0.000155041 0
4.92861e-05 9.5749e-05 0
3.51141e-05 5.82658e-05 0
4.26843e-05 0.000104948 0
4.91271e-05 4.25435e-05 0
5.39692e-05 3.78086e-05 0
3.06314e-05 1.58572e-05 0
2.1723e-05 2.25259e-05 0
9.38802e-08 5.12558e-08 0
8.10749e-08 6.57994e-08 0
3.84674e-05 0.000286394 0
3.57029e-05 0.000339418 0
2.70287e-07 0.000368811 0
1.1942e-07 0.000302178 0
3.83647e-05 0.000286211 0
1.50197e-07 0.000368503 0
5.83765e-05 0.000272284 0
5.26483e-05 0.000306384 0
3.25149e-05 0.000381212 0
3.86532e-05 0.000286137 0
5.83769e-05 0.000272123 0
3.59113e-05 0.000339177 0
8.50609e-05 0.000148392 0
8.46807e-05 0.000149826 0
9.09995e-05 0.000113992 0
4.09813e-05 0.000237386 0
4.29739e-05 0.000187946 0
7.14047e-05 0.00015546 0
2.79456e-07 0.000301983 0
4.07172e-05 0.000238218 0
3.84567e-05 0.000285824 0
3.12287e-07 0.000301589 0
4.27418e-05 0.0001883 0
4.0751e-05 0.00023788 0
6.8466e-05 0.000123353 0
5.79173e-05 8.42597e-05 0
4.94502e-05 9.59014e-05 0
5.66778e-05 0.000264983 0
6.40176e-05 0.000240528 0
6.61864e-05 0.000198928 0
7.05439e-05 9.12097e-05 0
7.10172e-05 6.57674e-05 0
4.9338e-05 4.28963e-05 0
8.11806e-05 9.91137e-05 0
7.06204e-05 9.16056e-05 0
6.85984e-05 0.000123373 0
8.12015e-05 9.89263e-05 0
7.11271e-05 6.59496e-05 0
7.06294e-05 9.14124e-05 0
8.13135e-05 0.000145651 0
9.0981e-05 0.000113827 0
8.13164e-05 9.92697e-05 0
6.97293e-05 0.000219322 0
8.12087e-05 0.000146229 0
7.29248e-05 0.000168854 0
7.69424e-05 0.000189847 0
6.48843e-05 0.000225246 0
8.45628e-05 0.000150304 0
6.97321e-05 0.000219393 0
7.69407e-05 0.000189811 0
8.12353e-05 0.000146301 0
6.96622e-05 0.000219833 0
5.86026e-05 0.000271376 0
7.68615e-05 0.000190211 0
1.17049e-07 4.228e-08 0
3.32774e-05 1.32005e-05 0
1.3178e-07 3.44928e-08 0
7.0972e-05 6.5592e-05 0
5.41034e-05 3.79765e-05 0
4.92563e-05 4.27288e-05 0
8.05248e-05 4.99438e-05 0
8.86143e-05 8.18138e-05 0
9.48195e-05 8.24292e-05 0
5.82915e-05 3.30108e-05 0
8.03044e-05 4.95912e-05 0
6.44917e-05 2.56512e-05 0
4.94752e-05 1.96321e-05 0
5.81797e-05 3.28993e-05 0
6.43752e-05 2.55649e-05 0
5.41335e-05 3.79439e-05 0
7.10072e-05 6.55414e-05 0
5.82275e-05 3.30881e-05 0
7.11847e-05 6.57651e-05 0
8.85449e-05 8.17614e-05 0
8.04133e-05 4.9878e-05 0
5.8824e-05 0.000202742 0
5.49976e-05 0.00014867 0
5.09982e-05 0.000219469 0
4.96698e-05 0.000285302 0
5.6589e-05 0.000265216 0
5.09942e-05 0.000220145 0
4.67994e-05 0.000259739 0
4.96412e-05 0.000285283 0
5.09473e-05 0.000220125 0
4.71392e-05 0.00033695 0
3.24933e-05 0.000381467 0
5.26102e-05 0.000306606 0
5.66059e-05 0.000265674 0
4.72117e-05 0.000336553 0
5.26993e-05 0.000306229 0
4.16271e-05 0.000361332 0
2.61663e-05 0.00044959 0
2.91242e-05 0.000419174 0
6.95869e-05 0.000220206 0
5.27678e-05 0.000305834 0
5.85124e-05 0.000271779 0
6.40881e-05 0.000160288 0
6.62372e-05 0.000198345 0
7.28468e-05 0.000168835 0
5.66512e-05 0.000265358 0
5.27675e-05 0.000305904 0
6.39776e-05 0.000240883 0
9.48258e-05 8.26322e-05 0
8.86492e-05 8.20352e-05 0
9.10462e-05 0.000113544 0
9.61892e-05 5.72753e-05 0
9.48753e-05 8.24395e-05 0
9.78818e-05 8.0581e-05 0
9.61336e-05 5.71874e-05 0
8.05533e-05 4.98834e-05 0
9.48442e-05 8.23329e-05 0
0.000100449 2.28223e-05 0
9.24175e-05 1.95018e-05 0
9.82213e-05 4.64112e-06 0
3.67142e-05 1.07463e-05 0
1.44827e-07 2.95342e-08 0
1.31379e-07 3.55026e-08 0
2.34882e-07 8.55216e-08 0
3.03832e-05 1.5646e-05 0
3.33571e-05 1.32607e-05 0
3.82855e-05 9.18926e-06 0
3.90738e-05 7.69236e-06 0
3.00546e-07 5.48584e-08 0
6.63751e-05 2.15718e-05 0
3.8496e-05 9.27262e-06 0
3.70476e-05 1.0858e-05 0
6.6443e-05 2.15776e-05 0
6.14421e-05 1.48163e-05 0
3.85879e-05 9.29065e-06 0
4.94041e-05 1.95611e-05 0
6.43233e-05 2.54927e-05 0
3.70868e-05 1.0895e-05 0
3.35374e-05 1.33107e-05 0
4.92986e-05 1.95194e-05 0
3.69619e-05 1.08549e-05 0
3.36277e-05 1.33802e-05 0
5.80931e-05 3.28564e-05 0
4.93699e-05 1.95904e-05 0
2.63057e-07 7.00129e-08 0
3.33917e-05 1.32352e-05 0
3.68007e-05 1.07938e-05 0
3.06542e-05 1.58418e-05 0
5.39992e-05 3.77762e-05 0
5.80859e-05 3.29381e-05 0
8.72857e-05 1.44323e-05 0
9.65074e-05 9.1093e-06 0
8.41119e-05 5.28424e-06 0
6.8255e-05 1.40801e-05 0
8.71538e-05 1.44701e-05 0
6.76586e-05 1.08511e-05 0
8.82564e-05 2.39396e-05 0
7.87178e-05 2.3872e-05 0
9.81462e-05 4.42979e-05 0
9.83919e-05 2.07184e-05 0
8.83369e-05 2.39137e-05 0
9.91741e-05 3.26101e-05 0
7.85715e-05 2.38374e-05 0
6.6658e-05 2.17094e-05 0
8.55776e-05 3.74131e-05 0
6.82992e-05 1.41326e-05 0
7.85862e-05 2.37685e-05 0
8.81569e-05 2.38491e-05 0
6.13604e-05 1.47723e-05 0
3.92708e-05 7.73661e-06 0
3.84755e-05 9.24675e-06 0
6.81933e-05 1.41075e-05 0
6.15827e-05 1.48393e-05 0
7.8502e-05 2.37316e-05 0
6.80766e-05 1.40655e-05 0
3.93915e-05 7.75859e-06 0
6.14522e-05 1.47863e-05 0
8.03842e-05 -6.3126e-05 0
8.73315e-05 -3.78627e-05 0
8.06476e-05 -6.04709e-05 0
5.96283e-05 -2.77992e-05 0
6.57746e-05 -2.02353e-05 0
6.98822e-05 -4.64487e-05 0
4.8081e-05 -4.06672e-05 0
5.95344e-05 -2.78962e-05 0
6.09889e-05 -5.898e-05 0
4.20087e-05 -1.52668e-05 0
5.0441e-05 -7.79355e-06 0
5.94948e-05 -2.76393e-05 0
8.5692e-05 -2.02539e-05 0
8.73558e-05 -3.76408e-05 0
7.8536e-05 -3.32426e-05 0
7.8903e-05 -3.87832e-06 0
6.50459e-05 6.14373e-06 0
8.39791e-05 5.22166e-06 0
7.8833e-05 -3.89459e-06 0
5.90966e-05 -1.08335e-07 0
6.49447e-05 6.12371e-06 0
5.50434e-05 -3.83971e-06 0
3.13031e-05 7.56288e-07 0
5.89002e-05 -1.27438e-07 0
8.71805e-05 1.44014e-05 0
8.40071e-05 5.28257e-06 0
6.50723e-05 6.17698e-06 0
9.31851e-05 5.14931e-05 0
7.48964e-05 6.13282e-05 0
7.45371e-05 2.61044e-05 0
0.000100466 2.30269e-05 0
0.000101052 4.18908e-05 0
9.33591e-05 5.13774e-05 0
9.65993e-05 9.12119e-06 0
0.000100464 2.27695e-05 0
9.82319e-05 4.62309e-06 0
9.84315e-05 2.07049e-05 0
9.92154e-05 3.26221e-05 0
0.000100486 2.29327e-05 0
9.65865e-05 9.17005e-06 0
9.84226e-05 2.06273e-05 0
0.000100477 2.28263e-05 0
9.65413e-05 9.16488e-06 0
8.73475e-05 1.44814e-05 0
9.83783e-05 2.05944e-05 0
9.26708e-05 7.55782e-05 0
7.40522e-05 0.000104381 0
7.49e-05 6.16867e-05 0
0.000101041 4.20501e-05 0
9.28059e-05 7.53062e-05 0
9.33161e-05 5.15708e-05 0
9.12761e-05 0.000100073 0
8.82865e-05 0.000125407 0
7.17225e-05 0.000154804 0
0.000100262 6.08927e-05 0
9.13864e-05 9.95973e-05 0
9.27959e-05 7.5549e-05 0
9.78526e-05 8.08503e-05 0
8.83731e-05 0.000125142 0
9.13625e-05 9.98479e-05 0
9.22829e-05 1.93751e-05 0
7.25555e-05 -1.48086e-05 0
9.04222e-05 -3.29291e-06 0
3.81716e-05 9.16536e-06 0
1.51382e-07 2.61382e-08 0
1.42438e-07 3.12632e-08 0
6.39952e-05 0.000160228 0
5.50393e-05 0.000148486 0
5.88697e-05 0.000202539 0
6.61916e-05 0.000198463 0
6.40372e-05 0.000160393 0
5.88986e-05 0.000202711 0
5.66704e-05 0.000264853 0
6.61626e-05 0.000198804 0
5.88837e-05 0.000203063 0
6.40606e-05 0.000240377 0
6.96388e-05 0.000219764 0
6.62386e-05 0.000198791 0
6.84771e-05 0.000123602 0
4.94942e-05 9.61521e-05 0
6.40286e-05 0.00015978 0
7.05401e-05 9.15545e-05 0
5.79916e-05 8.42502e-05 0
6.85301e-05 0.000123329 0
7.04991e-05 9.12802e-05 0
4.92955e-05 4.29363e-05 0
5.79282e-05 8.39645e-05 0
8.85349e-05 8.19322e-05 0
7.11996e-05 6.59339e-05 0
8.12586e-05 9.88883e-05 0
8.0491e-05 4.97277e-05 0
9.61137e-05 5.70437e-05 0
8.56783e-05 3.76207e-05 0
2.69465e-05 1.85163e-05 0
4.20787e-05 5.00269e-05 0
4.90677e-05 4.26019e-05 0
4.21008e-05 5.03382e-05 0
3.51019e-05 5.8092e-05 0
4.92955e-05 9.55498e-05 0
6.29486e-08 7.99879e-08 0
1.79474e-05 2.58562e-05 0
7.62969e-08 6.46668e-08 0
1.35408e-05 3.08581e-05 0
4.5918e-08 9.64884e-08 0
3.33081e-08 1.08055e-07 0
4.20059e-05 5.01085e-05 0
2.19684e-05 2.28983e-05 0
3.50138e-05 5.78358e-05 0
5.82018e-08 7.96675e-08 0
4.60015e-08 9.63931e-08 0
1.35657e-05 3.08297e-05 0
5.84624e-05 0.000271743 0
3.8774e-05 0.000285763 0
6.46561e-05 0.000225983 0
2.39634e-07 0.000481445 0
3.56926e-05 0.000340019 0
3.22775e-05 0.000381998 0
1.41686e-07 0.000427819 0
1.0593e-07 0.000369045 0
3.56187e-05 0.000339859 0
4.22655e-05 0.000302574 0
4.21521e-05 0.000236305 0
3.89582e-05 0.000308865 0
2.91456e-05 0.0004189 0
3.23887e-05 0.000381851 0
4.70729e-05 0.000337321 0
5.49064e-05 0.000148179 0
4.27364e-05 0.000105486 0
4.33907e-05 0.000166866 0
6.86317e-05 0.000123808 0
7.29201e-05 0.000168534 0
8.12121e-05 0.000145936 0
5.83334e-05 0.000272396 0
3.24477e-05 0.000381302 0
3.59024e-05 0.000339479 0
6.95902e-05 0.000220102 0
6.40205e-05 0.000240732 0
5.27978e-05 0.00030573 0
6.47876e-05 0.000225671 0
7.68605e-05 0.000190237 0
5.85741e-05 0.000271391 0
7.28738e-05 0.000169029 0
6.62605e-05 0.000198549 0
6.96811e-05 0.000219523 0
8.50486e-05 0.000148377 0
9.09779e-05 0.000113974 0
8.13203e-05 0.00014583 0
7.69924e-05 0.000189568 0
8.50016e-05 0.000148631 0
8.12831e-05 0.000146089 0
7.6995e-05 0.000189578 0
8.46245e-05 0.000150077 0
8.50138e-05 0.000148645 0
6.85587e-05 0.000123841 0
6.409e-05 0.000160032 0
7.28668e-05 0.000168586 0
5.65525e-05 0.000265838 0
4.17605e-05 0.000360449 0
4.71729e-05 0.000336736 0
5.10136e-05 0.000219873 0
5.66311e-05 0.000264935 0
5.88305e-05 0.000203131 0
2.89518e-05 0.000419696 0
2.60565e-05 0.000450233 0
1.98451e-07 0.000558088 0
7.97683e-08 0.000481996 0
2.89141e-05 0.000419727 0
1.20435e-07 0.000524343 0
4.70825e-05 0.000337249 0
4.1683e-05 0.00036097 0
2.92084e-05 0.000418824 0
4.96396e-05 0.000285771 0
4.1781e-05 0.000360272 0
5.65483e-05 0.000265674 0
4.95964e-05 0.000285988 0
4.3295e-05 0.000330831 0
4.17365e-05 0.000360504 0
1.03144e-07 0.00048138 0
1.41683e-07 0.000428231 0
3.56173e-05 0.000340159 0
1.03919e-05 3.50094e-05 0
1.35724e-05 3.09781e-05 0
6.639e-08 2.21949e-07 0
2.30848e-05 4.50679e-05 0
2.69151e-05 6.81338e-05 0
3.49512e-05 5.79846e-05 0
1.36828e-05 3.10915e-05 0
2.29845e-05 4.48367e-05 0
1.80491e-05 2.61263e-05 0
1.37194e-05 3.12322e-05 0
2.68519e-05 6.80459e-05 0
2.30132e-05 4.49784e-05 0
3.66704e-05 0.000112683 0
3.20542e-05 0.000121275 0
4.33084e-05 0.000166811 0
2.69981e-05 6.85204e-05 0
3.66501e-05 0.000112301 0
4.26102e-05 0.00010505 0
2.69212e-05 6.84196e-05 0
2.1727e-05 7.54103e-05 0
3.65824e-05 0.000112201 0
3.65916e-05 0.000112381 0
2.17518e-05 7.55867e-05 0
3.19809e-05 0.000120969 0
3.50264e-05 5.81713e-05 0
2.69821e-05 6.83375e-05 0
4.26145e-05 0.000104857 0
1.36771e-05 3.11955e-05 0
1.04768e-05 3.52399e-05 0
2.68017e-05 6.80184e-05 0
1.21081e-07 1.59734e-07 0
1.36212e-05 3.09179e-05 0
1.79726e-05 2.59761e-05 0
1.0508e-05 3.53882e-05 0
2.16411e-05 7.51517e-05 0
2.68219e-05 6.81677e-05 0
2.38274e-08 1.23011e-07 0
1.03382e-05 3.49158e-05 0
3.30559e-08 1.13903e-07 0
2.35846e-08 1.29224e-07 0
1.85588e-08 1.36234e-07 0
7.78796e-06 3.87851e-05 0
1.04349e-05 3.52967e-05 0
7.88881e-06 3.91618e-05 0
1.78e-05 8.08917e-05 0
4.21795e-05 0.000235556 0
5.09052e-05 0.000219653 0
4.33907e-05 0.00016755 0
2.72106e-05 0.000128152 0
3.19478e-05 0.000121021 0
2.17217e-05 7.56331e-05 0
3.17746e-05 0.000182734 0
2.72195e-05 0.000128558 0
2.43023e-05 0.000132839 0
3.47144e-05 0.000181093 0
3.83294e-05 0.000173803 0
2.72859e-05 0.000128685 0
3.18032e-05 0.0001829 0
3.46924e-05 0.000181124 0
2.7264e-05 0.000128718 0
3.02597e-05 0.000184637 0
3.178e-05 0.000182925 0
2.43205e-05 0.000133029 0
3.03006e-05 0.000184997 0
3.65779e-05 0.00024282 0
3.18237e-05 0.000183292 0
4.21497e-05 0.0002354 0
4.33375e-05 0.0001674 0
3.84128e-05 0.000174113 0
1.87353e-05 0.000473532 0
2.89048e-05 0.000378287 0
1.83301e-05 0.000460621 0
1.16174e-07 0.000558518 0
2.59374e-05 0.000450675 0
5.0967e-08 0.000579694 0
2.97329e-05 0.000181458 0
3.0248e-05 0.000184628 0
2.30817e-05 0.000132554 0
3.38357e-05 0.000226588 0
2.97723e-05 0.000181735 0
3.08878e-05 0.000172432 0
3.35929e-05 0.000237335 0
3.02836e-05 0.000184988 0
2.97704e-05 0.000181801 0
3.36004e-05 0.000237544 0
3.42347e-05 0.000242133 0
3.0308e-05 0.000185186 0
3.38654e-05 0.000227275 0
3.44743e-05 0.000268207 0
3.3544e-05 0.000290232 0
3.32212e-05 0.00015787 0
3.50663e-05 0.000214196 0
3.09065e-05 0.000172322 0
3.6859e-05 0.00019456 0
3.90577e-05 0.0001729 0
3.61663e-05 0.000237608 0
3.32496e-05 0.000157944 0
3.6834e-05 0.000194435 0
3.50788e-05 0.000214268 0
3.32479e-05 0.000157699 0
3.62946e-05 0.000137876 0
3.68427e-05 0.000194165 0
3.42462e-05 0.000306193 0
3.42491e-05 0.000242537 0
3.36153e-05 0.000237935 0
3.1123e-05 0.000386888 0
3.42251e-05 0.000307142 0
2.89792e-05 0.000377503 0
3.5767e-05 0.000310643 0
3.89196e-05 0.000308916 0
3.66253e-05 0.000243663 0
3.11542e-05 0.00038665 0
3.57363e-05 0.000311109 0
3.42382e-05 0.000306926 0
3.1166e-05 0.000386668 0
3.88986e-05 0.000309402 0
3.57507e-05 0.000311118 0
3.66164e-05 0.000242996 0
4.21054e-05 0.000235686 0
3.4766e-05 0.000181678 0
2.34567e-05 0.000468267 0
2.61394e-05 0.000449763 0
4.15887e-05 0.000361479 0
2.30561e-05 4.49262e-05 0
3.49322e-05 5.78452e-05 0
1.813e-05 2.62157e-05 0
4.33422e-05 0.000166747 0
4.26652e-05 0.000105368 0
3.67063e-05 0.00011263 0
3.8377e-05 0.000173732 0
4.33054e-05 0.000167022 0
3.20677e-05 0.000121477 0
2.72674e-05 0.000128485 0
3.83279e-05 0.000173599 0
3.20047e-05 0.000121349 0
3.47652e-05 0.000181449 0
4.21239e-05 0.000235449 0
3.83839e-05 0.000174161 0
5.0957e-05 0.000219348 0
5.49303e-05 0.00014855 0
4.34241e-05 0.000167259 0
4.93626e-05 9.56371e-05 0
5.78281e-05 8.40143e-05 0
4.21891e-05 5.04251e-05 0
5.49407e-05 0.000147938 0
4.93533e-05 9.60449e-05 0
4.27512e-05 0.00010526 0
5.50063e-05 0.000148125 0
6.39847e-05 0.000159871 0
4.94483e-05 9.62238e-05 0
1.49594e-05 8.68477e-05 0
1.55811e-05 8.51199e-05 0
6.95227e-06 4.18431e-05 0
2.32362e-05 0.000131424 0
1.50191e-05 8.71577e-05 0
1.54104e-05 8.63993e-05 0
2.30048e-05 0.00013206 0
2.42346e-05 0.000132529 0
1.56731e-05 8.55756e-05 0
2.32568e-05 0.000131577 0
2.3001e-05 0.000132061 0
1.50484e-05 8.73106e-05 0
2.33084e-05 0.000131886 0
2.9717e-05 0.000181277 0
2.3052e-05 0.000132382 0
3.66344e-05 0.000243417 0
3.89489e-05 0.000308658 0
4.21189e-05 0.000236114 0
3.18383e-05 0.000183279 0
3.65937e-05 0.000242814 0
3.47229e-05 0.000181508 0
3.42646e-05 0.000242771 0
3.42465e-05 0.000306449 0
3.57445e-05 0.000310625 0
3.32803e-05 0.000386117 0
4.22324e-05 0.000303077 0
3.89321e-05 0.000309365 0
1.87396e-05 0.00047362 0
2.14374e-05 0.000475275 0
3.10565e-05 0.000387764 0
2.35115e-05 0.000468046 0
4.16098e-05 0.000361258 0
3.62929e-05 0.000379702 0
4.67727e-05 0.000259573 0
5.09076e-05 0.000219963 0
4.21893e-05 0.000235871 0
4.22932e-05 0.000302407 0
4.6744e-05 0.000259851 0
4.21743e-05 0.000236144 0
4.22913e-05 0.000302729 0
4.3296e-05 0.000330548 0
4.67561e-05 0.000260162 0
3.11483e-05 0.000386931 0
3.32372e-05 0.000386406 0
3.89017e-05 0.000309645 0
4.33176e-05 0.000330489 0
4.96061e-05 0.000285658 0
4.67838e-05 0.000260106 0
3.63607e-05 0.000379051 0
4.32517e-05 0.00033095 0
4.22666e-05 0.000303121 0
3.6348e-05 0.000379251 0
4.16811e-05 0.000360822 0
4.32508e-05 0.000331143 0
1.20371e-07 0.000524661 0
2.8901e-05 0.000419926 0
6.94168e-08 0.00055812 0
2.89737e-05 0.000419303 0
2.1621e-07 0.000481789 0
3.22401e-05 0.000382292 0
3.32603e-05 0.000386359 0
3.63247e-05 0.00037924 0
4.22354e-05 0.000303303 0
2.14907e-05 0.000474954 0
3.3177e-05 0.000386961 0
3.1094e-05 0.00038748 0
2.14969e-05 0.000474926 0
3.62432e-05 0.000379814 0
3.31927e-05 0.000386932 0
1.08266e-07 0.000579966 0
2.32556e-05 0.000469347 0
3.61616e-08 0.000591613 0
1.72065e-07 0.000579609 0
2.59645e-05 0.000450381 0
2.33614e-05 0.000468986 0
2.29784e-05 0.000131907 0
1.56357e-05 8.54225e-05 0
1.50171e-05 8.715e-05 0
3.4243e-05 0.000242152 0
3.65762e-05 0.000243025 0
3.0317e-05 0.000185191 0
1.78424e-05 8.10104e-05 0
2.16106e-05 7.51952e-05 0
1.04861e-05 3.54191e-05 0
1.55937e-05 8.50854e-05 0
1.78116e-05 8.10684e-05 0
7.90931e-06 3.93283e-05 0
2.71705e-05 0.000128018 0
2.16664e-05 7.55003e-05 0
1.78995e-05 8.13306e-05 0
1.87815e-05 0.000473264 0
3.10725e-05 0.000387452 0
2.89382e-05 0.000378057 0
6.54037e-08 0.000591676 0
1.85866e-05 0.000474495 0
6.77955e-08 0.000589058 0
2.14421e-05 0.000475185 0
2.343e-05 0.00046843 0
3.62241e-05 0.000380076 0
1.64735e-07 0.000591543 0
2.13519e-05 0.00047591 0
1.86424e-05 0.00047424 0
1.35349e-07 0.000591454 0
2.32693e-05 0.000469012 0
2.13503e-05 0.000475848 0
7.51534e-06 4.28198e-05 0
6.64519e-06 4.30254e-05 0
4.38003e-08 3.00174e-07 0
1.43339e-07 0.000588842 0
1.86377e-05 0.000474143 0
1.82382e-05 0.000461255 0
1.49335e-05 8.67114e-05 0
6.92034e-06 4.16994e-05 0
6.69492e-06 4.33102e-05 0
8.84949e-06 4.14897e-05 0
3.02567e-08 1.49986e-07 0
3.62293e-08 1.35602e-07 0
4.67037e-08 1.19599e-07 0
1.11111e-05 3.73783e-05 0
3.93733e-08 1.38549e-07 0
1.78279e-05 8.17911e-05 0
1.53628e-05 8.60874e-05 0
7.60787e-06 4.32427e-05 0
1.12177e-05 3.77274e-05 0
1.31576e-05 3.34602e-05 0
2.15048e-05 7.14048e-05 0
9.63348e-08 2.41533e-07 0
1.30858e-05 3.3238e-05 0
1.11517e-05 3.74751e-05 0
4.96829e-08 1.21935e-07 0
5.60079e-08 9.69678e-08 0
1.30619e-05 3.30996e-05 0
2.04121e-05 0.000105169 0
1.54046e-05 8.62967e-05 0
1.78721e-05 8.19857e-05 0
2.58383e-05 0.000122691 0
2.04477e-05 0.000105293 0
1.79152e-05 8.2111e-05 0
2.58467e-05 0.000122858 0
2.32773e-05 0.000131603 0
2.04646e-05 0.000105459 0
1.81513e-05 0.000461303 0
1.77466e-08 0.000537749 0
7.51853e-08 0.000567738 0
6.26449e-08 0.000588977 0
1.81943e-05 0.000461485 0
7.53208e-08 0.000567836 0
2.90915e-05 0.000329524 0
2.98811e-05 0.000298195 0
1.72729e-05 0.000398478 0
2.85681e-05 0.000358026 0
2.90873e-05 0.000329729 0
1.72733e-05 0.000398719 0
2.86105e-05 0.000357635 0
3.35196e-05 0.000290883 0
2.91407e-05 0.000329389 0
2.89028e-05 0.000377838 0
2.85529e-05 0.000358271 0
1.86905e-05 0.0004349 0
2.89924e-05 0.000377158 0
3.42201e-05 0.000306838 0
3.35228e-05 0.000290856 0
1.85617e-05 0.000435713 0
1.03591e-07 0.000537459 0
1.81689e-05 0.000460915 0
2.88821e-05 0.000378171 0
1.86316e-05 0.000435239 0
1.83036e-05 0.000460464 0
2.98522e-05 0.000298275 0
1.7492e-05 0.000355412 0
1.72415e-05 0.000398587 0
2.16274e-05 7.18662e-05 0
3.23095e-05 9.48058e-05 0
2.88742e-05 0.000110787 0
1.47219e-05 5.87485e-05 0
2.1519e-05 7.1642e-05 0
1.78756e-05 8.17833e-05 0
2.39817e-05 6.42902e-05 0
3.22998e-05 9.46505e-05 0
2.16061e-05 7.1712e-05 0
2.0222e-05 4.31559e-05 0
2.39148e-05 6.39891e-05 0
1.31962e-05 3.34728e-05 0
1.54681e-05 2.54756e-05 0
2.01947e-05 4.30254e-05 0
1.31616e-05 3.33354e-05 0
1.55253e-05 2.55289e-05 0
2.77282e-05 4.64518e-05 0
2.02442e-05 4.30719e-05 0
2.02714e-05 4.32024e-05 0
2.77484e-05 4.65751e-05 0
2.39575e-05 6.40283e-05 0
3.36214e-05 0.000238098 0
3.35394e-05 0.000290409 0
3.4233e-05 0.000306366 0
7.49846e-06 4.26819e-05 0
2.30197e-08 1.52845e-07 0
2.7767e-08 1.45399e-07 0
1.78131e-05 8.16489e-05 0
7.5845e-06 4.30917e-05 0
8.928e-06 4.19024e-05 0
6.64137e-06 4.30146e-05 0
6.86852e-06 4.14141e-05 0
3.77126e-08 2.82592e-07 0
1.53289e-05 8.59631e-05 0
6.69662e-06 4.33133e-05 0
7.5694e-06 4.30989e-05 0
1.53511e-05 8.6108e-05 0
1.4962e-05 8.68608e-05 0
6.72414e-06 4.34661e-05 0
3.82489e-05 0.000200655 0
3.13879e-05 0.000252151 0
3.61427e-05 0.000237927 0
3.57152e-05 7.46722e-05 0
2.78629e-05 4.66439e-05 0
3.85041e-05 5.18217e-05 0
3.627e-05 0.000137617 0
3.3219e-05 0.000157412 0
2.89328e-05 0.000111219 0
4.10942e-05 0.000149105 0
3.63347e-05 0.000137607 0
3.93832e-05 0.000114468 0
3.90595e-05 0.000172579 0
3.68555e-05 0.000194215 0
3.63218e-05 0.000137923 0
1.11293e-05 3.75201e-05 0
8.88421e-06 4.16012e-05 0
7.55624e-08 2.74124e-07 0
2.39173e-05 6.40883e-05 0
2.15433e-05 7.14861e-05 0
1.32062e-05 3.35559e-05 0
1.46582e-05 5.84978e-05 0
8.92573e-06 4.18038e-05 0
1.11776e-05 3.76997e-05 0
2.15036e-05 7.15013e-05 0
1.47006e-05 5.86003e-05 0
1.12254e-05 3.78102e-05 0
1.78388e-05 8.16882e-05 0
8.95208e-06 4.19598e-05 0
1.46795e-05 5.86461e-05 0
3.13716e-05 0.000251984 0
3.82507e-05 0.000200513 0
3.30213e-05 0.00019059 0
1.5579e-07 0.000537276 0
1.85881e-05 0.000435538 0
1.71508e-05 0.000399606 0
3.3515e-05 0.000291013 0
2.86046e-05 0.000357789 0
2.89611e-05 0.000377336 0
3.38621e-05 0.000227032 0
3.50751e-05 0.000214751 0
3.44872e-05 0.000267944 0
2.97907e-05 0.000181946 0
3.38381e-05 0.000226815 0
3.35985e-05 0.000237473 0
3.09155e-05 0.000172544 0
3.50627e-05 0.000214439 0
3.38471e-05 0.000226695 0
3.44578e-05 0.000268564 0
2.99339e-05 0.000297788 0
2.91465e-05 0.000329088 0
1.72384e-05 0.000399098 0
1.86652e-05 0.000434987 0
2.85373e-05 0.000358364 0
1.37591e-07 0.000491712 0
1.71311e-05 0.000399165 0
1.7412e-05 0.000355995 0
4.84443e-08 0.000492139 0
6.97722e-08 0.000537272 0
1.70819e-05 0.000399688 0
2.88369e-05 0.000110933 0
2.58642e-05 0.000122708 0
1.79458e-05 8.21486e-05 0
3.6273e-05 0.000137398 0
2.89246e-05 0.000111018 0
3.23588e-05 9.5004e-05 0
3.31904e-05 0.000157367 0
2.59169e-05 0.000122965 0
2.889e-05 0.000111163 0
3.61451e-05 0.000237945 0
3.44898e-05 0.000267899 0
3.68487e-05 0.000194861 0
3.08726e-05 0.000172006 0
2.59292e-05 0.000123162 0
3.3191e-05 0.000157581 0
3.68364e-05 0.000194786 0
3.44939e-05 0.000267811 0
3.50854e-05 0.000214642 0
3.82749e-05 0.000200401 0
3.61631e-05 0.000237633 0
3.90709e-05 0.000172921 0
3.4459e-05 0.000268532 0
2.91669e-05 0.000329075 0
3.35307e-05 0.000290595 0
3.36121e-05 0.000237845 0
3.38528e-05 0.000227165 0
3.35487e-05 0.000290129 0
3.61219e-05 0.000238282 0
2.99637e-05 0.000297471 0
3.44722e-05 0.000268271 0
2.32511e-05 0.000131478 0
1.54298e-05 8.64637e-05 0
2.04291e-05 0.000105335 0
2.97361e-05 0.000181409 0
2.334e-05 0.00013203 0
3.08509e-05 0.000172131 0
3.02366e-05 0.000184463 0
2.42846e-05 0.000132862 0
2.30571e-05 0.000132387 0
3.08448e-05 0.000171927 0
2.33167e-05 0.000131839 0
2.58849e-05 0.000123071 0
3.42619e-05 0.000242566 0
3.57602e-05 0.000310408 0
3.6598e-05 0.00024345 0
1.56833e-05 8.55578e-05 0
2.42469e-05 0.000132516 0
2.71598e-05 0.00012823 0
1.78793e-05 8.13642e-05 0
1.56554e-05 8.53843e-05 0
2.71457e-05 0.000128056 0
4.74317e-08 2.52209e-07 0
7.82691e-06 3.88913e-05 0
1.03627e-05 3.50444e-05 0
6.92894e-06 4.16819e-05 0
1.5561e-05 8.49565e-05 0
7.87139e-06 3.91947e-05 0
3.76285e-08 2.78411e-07 0
6.87306e-06 4.1401e-05 0
7.81187e-06 3.89221e-05 0
1.86421e-08 1.40439e-07 0
1.88047e-08 1.49471e-07 0
6.61721e-06 4.28847e-05 0
6.61935e-06 4.28916e-05 0
1.88119e-08 1.49494e-07 0
2.07871e-08 1.47368e-07 0
7.52913e-06 4.281e-05 0
5.8005e-08 2.95359e-07 0
8.86695e-06 4.1635e-05 0
1.53761e-05 2.52244e-05 0
5.89136e-08 9.70516e-08 0
6.47297e-08 6.88327e-08 0
3.56714e-05 7.4734e-05 0
2.4013e-05 6.416e-05 0
2.78061e-05 4.66693e-05 0
1.31063e-05 3.31714e-05 0
1.14853e-07 1.94029e-07 0
1.54055e-05 2.53492e-05 0
1.54248e-05 2.52732e-05 0
1.31766e-07 1.37392e-07 0
1.69512e-05 1.85183e-05 0
1.7506e-05 0.00035491 0
3.12676e-05 0.000252844 0
1.84386e-05 0.000299138 0
3.13546e-05 0.000252489 0
2.99455e-05 0.00029741 0
3.61228e-05 0.000238238 0
1.84887e-05 0.000298551 0
3.13083e-05 0.000252318 0
3.29603e-05 0.000190875 0
1.97917e-05 0.000229071 0
1.84568e-05 0.000298487 0
3.29264e-05 0.000190785 0
2.13294e-05 0.000150902 0
1.97761e-05 0.000228564 0
3.29242e-05 0.000190335 0
6.64829e-08 0.000280338 0
8.24645e-08 0.000361265 0
1.96341e-05 0.000229473 0
4.6838e-08 0.000361981 0
7.86349e-08 0.000431676 0
1.82739e-05 0.000299628 0
1.75365e-05 0.000354889 0
2.98867e-05 0.000297808 0
3.12975e-05 0.000252847 0
1.34913e-07 0.00043176 0
1.73839e-05 0.000355457 0
1.83534e-05 0.00029968 0
4.36527e-08 0.000432248 0
7.60272e-08 0.000491693 0
1.73343e-05 0.000356019 0
1.70422e-05 1.8655e-05 0
2.77256e-05 4.63495e-05 0
1.55113e-05 2.54513e-05 0
7.01878e-08 3.70681e-08 0
1.69137e-05 1.84095e-05 0
6.71079e-08 6.852e-08 0
1.81825e-05 9.57812e-06 0
3.12753e-05 1.81194e-05 0
1.70612e-05 1.85458e-05 0
3.67017e-05 -8.20995e-06 0
3.1806e-05 5.06983e-06 0
3.13479e-05 -1.79742e-05 0
4.03718e-05 -2.63174e-05 0
3.67303e-05 -8.31599e-06 0
3.13834e-05 -1.80809e-05 0
4.03981e-05 -2.62195e-05 0
4.08741e-05 1.07478e-05 0
3.67624e-05 -8.22058e-06 0
2.96165e-05 3.53338e-05 0
2.7766e-05 4.63759e-05 0
1.70978e-05 1.86924e-05 0
3.13048e-05 1.82041e-05 0
2.96284e-05 3.52393e-05 0
1.71076e-05 1.86359e-05 0
4.08383e-05 1.09614e-05 0
3.13928e-05 1.80648e-05 0
3.18247e-05 5.24509e-06 0
3.98717e-05 3.1609e-05 0
3.85243e-05 5.16232e-05 0
2.97353e-05 3.54107e-05 0
4.08581e-05 1.10519e-05 0
3.98855e-05 3.13946e-05 0
3.14268e-05 1.81494e-05 0
4.09052e-05 1.10829e-05 0
4.55417e-05 3.49265e-05 0
3.99333e-05 3.14588e-05 0
3.5731e-05 7.50364e-05 0
3.93579e-05 0.000114078 0
3.23946e-05 9.48214e-05 0
2.40347e-05 6.43225e-05 0
3.56795e-05 7.49e-05 0
3.2342e-05 9.46481e-05 0
3.85574e-05 5.18786e-05 0
4.37507e-05 6.86712e-05 0
3.57702e-05 7.47706e-05 0
3.13816e-05 1.82176e-05 0
3.98546e-05 3.14935e-05 0
2.97043e-05 3.52971e-05 0
4.09332e-05 1.09859e-05 0
4.61807e-05 1.71235e-07 0
4.55567e-05 3.48175e-05 0
3.67338e-05 -8.11456e-06 0
4.0851e-05 1.08513e-05 0
3.18447e-05 5.16456e-06 0
4.66998e-05 4.41197e-05 0
4.72516e-05 2.67777e-07 0
4.36961e-05 4.02624e-05 0
3.9074e-05 0.000172427 0
3.63404e-05 0.000137799 0
4.10868e-05 0.000149305 0
3.93541e-05 0.000114299 0
3.63021e-05 0.000137403 0
3.24016e-05 9.50221e-05 0
4.03454e-05 0.000156612 0
3.30549e-05 0.000190259 0
3.8274e-05 0.000200205 0
4.31107e-05 0.000103425 0
4.379e-05 6.88562e-05 0
4.51427e-05 8.69558e-05 0
4.29618e-05 0.000128158 0
4.31103e-05 0.000103627 0
4.5134e-05 8.71538e-05 0
4.26363e-05 9.3768e-05 0
4.29642e-05 0.000128148 0
4.51369e-05 8.71158e-05 0
4.03921e-05 0.000156243 0
4.11155e-05 0.000149219 0
4.29398e-05 0.000128548 0
3.93899e-05 0.000114107 0
3.57819e-05 7.50716e-05 0
4.30771e-05 0.00010355 0
3.44522e-05 0.000119573 0
2.13855e-05 7.97728e-05 0
2.13418e-05 0.00015014 0
4.26031e-05 9.33661e-05 0
4.36368e-05 4.06205e-05 0
3.53608e-05 5.52494e-05 0
3.83998e-05 0.000140241 0
4.25798e-05 9.38811e-05 0
3.4574e-05 0.000119574 0
3.30181e-05 0.000189916 0
3.83676e-05 0.000140563 0
3.45351e-05 0.000119904 0
4.03742e-05 0.000156101 0
4.25939e-05 9.40132e-05 0
3.84199e-05 0.000140364 0
4.51502e-05 8.68391e-05 0
4.66887e-05 4.45681e-05 0
4.26484e-05 9.34511e-05 0
4.11165e-05 0.000149025 0
4.30946e-05 0.000103819 0
4.29486e-05 0.000128373 0
4.67092e-05 4.39601e-05 0
4.62117e-05 1.36286e-07 0
4.72589e-05 1.48684e-07 0
4.38063e-05 6.85147e-05 0
4.55676e-05 3.517e-05 0
4.6702e-05 4.43465e-05 0
4.37637e-05 6.849e-05 0
3.85714e-05 5.17326e-05 0
3.99191e-05 3.16867e-05 0
3.54235e-05 -3.48756e-07 0
4.36434e-05 -4.03401e-05 0
3.53492e-05 -5.49187e-05 0
4.03902e-05 0.000156051 0
4.29513e-05 0.000128379 0
4.26148e-05 9.40005e-05 0
4.72475e-05 -1.18639e-07 0
4.37032e-05 -4.01266e-05 0
4.38784e-05 -1.4291e-07 0
2.7836e-05 4.65157e-05 0
2.96878e-05 3.54429e-05 0
3.84905e-05 5.16904e-05 0
3.52714e-05 -5.57344e-05 0
3.41501e-05 -0.00014004 0
2.14567e-05 -0.000150281 0
3.54233e-05 3.24229e-07 0
3.53275e-05 5.49169e-05 0
4.36203e-05 4.03236e-05 0
2.10414e-05 -2.2711e-07 0
3.5347e-05 -1.96995e-07 0
3.52768e-05 -5.48087e-05 0
2.10412e-05 1.8429e-07 0
3.5255e-05 5.48069e-05 0
3.53469e-05 1.72284e-07 0
4.31117e-05 -8.0859e-05 0
4.51557e-05 -8.70104e-05 0
4.18437e-05 -0.000119907 0
4.31338e-05 -8.05941e-05 0
4.67027e-05 -4.45205e-05 0
4.5167e-05 -8.6766e-05 0
3.42492e-05 -0.000140002 0
4.30749e-05 -8.10113e-05 0
4.18086e-05 -0.000120091 0
4.36985e-05 -4.05647e-05 0
4.67037e-05 -4.43684e-05 0
4.31221e-05 -8.04309e-05 0
3.53246e-05 5.55183e-05 0
3.45632e-05 0.000119285 0
4.25782e-05 9.3624e-05 0
4.72517e-05 -2.6685e-07 0
4.67128e-05 -4.41106e-05 0
4.37192e-05 -4.02787e-05 0
4.72589e-05 -1.47636e-07 0
4.62117e-05 -1.18863e-07 0
4.6722e-05 -4.39509e-05 0
1.70345e-05 -1.86696e-05 0
1.53181e-05 -2.66678e-05 0
2.70075e-05 -5.07101e-05 0
4.28086e-05 -0.000126164 0
4.37841e-05 -6.89181e-05 0
4.10999e-05 -9.95899e-05 0
4.55604e-05 -3.48641e-05 0
4.61803e-05 -2.1795e-07 0
4.04567e-05 -2.63732e-05 0
4.51679e-05 -8.67157e-05 0
4.67079e-05 -4.45124e-05 0
4.38205e-05 -6.86376e-05 0
4.38164e-05 -6.84667e-05 0
4.67149e-05 -4.43371e-05 0
4.55732e-05 -3.51528e-05 0
2.88293e-05 0.000110759 0
1.79246e-05 8.19763e-05 0
2.15714e-05 7.18088e-05 0
1.80364e-05 9.42905e-06 0
7.20041e-08 3.52836e-08 0
7.26566e-08 2.83562e-09 0
3.13181e-05 1.80483e-05 0
1.8241e-05 9.55278e-06 0
3.17496e-05 5.26126e-06 0
1.69633e-05 1.84341e-05 0
1.42115e-07 7.24247e-08 0
1.80805e-05 9.51932e-06 0
1.80862e-05 9.42534e-06 0
1.46278e-07 2.93813e-09 0
1.85114e-05 3.05106e-08 0
4.10913e-05 0.000149489 0
3.82977e-05 0.000200091 0
3.90822e-05 0.00017264 0
3.57994e-05 7.49495e-05 0
4.37602e-05 6.88382e-05 0
4.30905e-05 0.000103383 0
4.03735e-05 0.00015649 0
3.82949e-05 0.000200037 0
4.11049e-05 0.000149445 0
3.83878e-05 0.000140686 0
3.3045e-05 0.000190031 0
4.0348e-05 0.000156414 0
1.43458e-07 9.85213e-05 0
2.12151e-05 0.000150081 0
2.12812e-05 7.96601e-05 0
4.69707e-08 0.000193027 0
6.63653e-08 0.000279818 0
1.95993e-05 0.000228966 0
1.97014e-05 0.000229585 0
1.41637e-07 0.000361417 0
1.83273e-05 0.000299022 0
1.86686e-05 -2.71334e-08 0
3.12946e-05 -1.79159e-05 0
3.1752e-05 5.08327e-06 0
1.81888e-05 9.49042e-06 0
1.86146e-05 4.10755e-08 0
3.17156e-05 5.19414e-06 0
7.36942e-08 8.76517e-12 0
7.14366e-08 -3.16486e-08 0
1.84611e-05 -3.2709e-08 0
3.2965e-05 0.000189979 0
3.44829e-05 0.000119926 0
2.13937e-05 0.000150533 0
1.96511e-05 0.000228572 0
2.12392e-05 0.000150854 0
1.43446e-07 0.000192666 0
4.30623e-05 -8.08087e-05 0
3.42234e-05 -0.00013979 0
3.53482e-05 -5.55432e-05 0
5.27112e-08 9.88326e-05 0
8.34391e-08 0.000192148 0
2.11767e-05 0.000150425 0
-0.00261637 -0.0019097 0
-7.85637e-06 -0.000286071 0
-8.70529e-06 -0.000366837 0
-0.00298135 -0.00238201 0
-0.00262681 -0.00191713 0
-1.76772e-05 -0.00037369 0
-0.00244565 -0.00105138 0
-0.00232865 -0.000493091 0
-1.46948e-05 -0.000102189 0
-0.00532315 -0.00257909 0
-0.00246384 -0.00106356 0
-0.0024835 -0.00152708 0
-0.00533241 -0.00257951 0
-0.00537254 -0.00175626 0
-0.00247371 -0.00106468 0
-0.00539229 -0.00176358 0
-0.00535377 -0.0025887 0
-0.00856717 -0.00349462 0
-0.00875752 -0.00232084 0
-0.0054042 -0.00176285 0
-0.00857793 -0.00349353 0
-0.00515392 -0.000753162 0
-0.00235523 -0.000496715 0
-0.00537082 -0.00174691 0
-7.26315e-06 -0.00019664 0
-8.00092e-06 -0.000285291 0
-0.00245684 -0.00151571 0
-0.0578663 0.000201013 0
-0.0510506 -0.00540991 0
-0.0587639 -0.00697982 0
-0.067696 0.00904592 0
-0.0619863 0.0141054 0
-0.058804 0.00680423 0
-0.0434509 -1.83041e-05 0
-0.0440612 -0.00450905 0
-0.050213 -0.000429661 0
-0.0403443 0.00237811 0
-0.0371858 8.93069e-06 0
-0.0433965 6.35452e-06 0
-0.0441034 0.0050498 0
-0.0403675 0.002395 0
-0.0434168 2.34284e-05 0
-0.0377818 0.00453604 0
-0.0371641 2.42436e-05 0
-0.0403254 0.00239328 0
-0.0357942 0.00901067 0
-0.0365292 0.00690524 0
-0.0414482 0.00970947 0
-0.0319426 0.00415001 0
-0.0313543 0.000804728 0
-0.0377366 0.00454392 0
-0.0301626 0.00697879 0
-0.0319337 0.00417872 0
-0.0364795 0.00687978 0
-0.0380718 0.0115388 0
-0.0312539 0.00942815 0
-0.035765 0.00902549 0
-0.0253806 0.00711836 0
-0.0256018 0.00514514 0
-0.0301054 0.00698258 0
-0.0264003 0.00296929 0
-0.0313169 0.000799907 0
-0.0319044 0.00414475 0
-0.0356351 -0.0083921 0
-0.030355 -0.00773853 0
-0.0325234 -0.010487 0
-0.0377797 -0.00458658 0
-0.0356887 -0.00837885 0
-0.0414515 -0.00969834 0
-0.0319289 -0.00418759 0
-0.0303519 -0.00771763 0
-0.0356322 -0.00837069 0
-0.0342695 -0.00217755 0
-0.0286535 -0.00118756 0
-0.0319214 -0.00414435 0
-0.0377511 0.00453025 0
-0.0313736 0.000790801 0
-0.0371348 1.9059e-05 0
-0.0286264 -0.0011904 0
-0.0263917 -0.00297094 0
-0.0318958 -0.00414682 0
-0.0259783 0.000863865 0
-0.0286235 -0.00116103 0
-0.0313066 0.000774729 0
-0.0259589 0.000851283 0
-0.0263691 -0.00295427 0
-0.0286069 -0.00117357 0
-0.0263794 0.0029584 0
-0.0259706 0.000877637 0
-0.031299 0.000788841 0
-0.0263469 0.00296423 0
-0.0213523 0.00257936 0
-0.0259365 0.000883862 0
-0.0164066 0.000989607 0
-0.0212885 0.0025802 0
-0.016839 0.00315353 0
-0.0263303 -0.00296154 0
-0.0210019 -1.76626e-05 0
-0.0213344 -0.00257627 0
-0.0259194 0.000873845 0
-0.0213327 0.00256946 0
-0.0210018 1.21857e-05 0
-1.50971e-05 -0.000199795 0
-0.00246486 -0.00151775 0
-0.00244668 -0.00105669 0
-8.9837e-06 -0.000367793 0
-1.00186e-05 -0.000438706 0
-0.00297307 -0.00237812 0
-0.0377962 -0.00454042 0
-0.0440011 -0.0045212 0
-0.0371752 -2.88233e-05 0
-0.0356544 -0.00836077 0
-0.0377511 -0.00456761 0
-0.0319564 -0.00417643 0
-0.041473 -0.00969509 0
-0.0424391 -0.0072606 0
-0.0378042 -0.00458208 0
-0.044251 -0.0132803 0
-0.0414816 -0.00974069 0
-0.0383194 -0.0121028 0
-0.0436037 -0.0158084 0
-0.0442578 -0.013301 0
-0.0383268 -0.0121231 0
-0.0508237 -0.0151765 0
-0.0476647 -0.0106869 0
-0.0443132 -0.0132936 0
-0.0377629 -0.00453257 0
-0.0371439 -2.16334e-05 0
-0.0343167 -0.00217496 0
-0.0424477 -0.00724328 0
-0.0440196 -0.00454623 0
-0.037816 -0.00456431 0
-0.0476305 -0.0106467 0
-0.0424718 -0.00728087 0
-0.0415091 -0.00971468 0
-0.0476354 -0.0106302 0
-0.0440487 -0.00456704 0
-0.0424803 -0.00726356 0
-0.0509772 -0.00540241 0
-0.050236 -0.000447944 0
-0.0440887 -0.00452669 0
-0.0544785 -0.012014 0
-0.0618916 -0.0137419 0
-0.0587863 -0.0070513 0
-0.0508551 -0.0151737 0
-0.0544057 -0.0120306 0
-0.0477003 -0.0106814 0
-0.057888 -0.0167358 0
-0.0618888 -0.013775 0
-0.0544771 -0.0120452 0
-0.0620282 0.0141388 0
-0.0677337 0.00908487 0
-0.0705754 0.0176242 0
-0.0658881 0.0201321 0
-0.0579286 0.0167614 0
-0.0619804 0.0141739 0
-0.0705691 0.0176614 0
-0.0659278 0.020138 0
-0.0620241 0.0141737 0
-0.0750081 0.0255286 0
-0.0716009 0.0263391 0
-0.0659774 0.0202009 0
-0.0476631 0.010627 0
-0.0441536 0.00509551 0
-0.0509667 0.00544027 0
-0.0510203 -0.00538891 0
-0.057841 0.000222969 0
-0.0502838 -0.000431342 0
-0.0667178 5.69886e-05 0
-0.0677128 0.00899626 0
-0.0588192 0.00676058 0
-0.0666872 -2.66656e-05 0
-0.0579209 0.000221291 0
-0.0588125 -0.00696677 0
-0.0311913 0.00940693 0
-0.0254001 0.0071325 0
-0.0301233 0.00699715 0
-0.0357393 0.00900999 0
-0.031226 0.0094133 0
-0.0301579 0.00700324 0
-0.0328819 0.0116685 0
-0.0276143 0.010216 0
-0.0312077 0.00943326 0
-0.0380629 0.0115476 0
-0.0329166 0.0116731 0
-0.0312435 0.00943724 0
-0.0127899 0.00589458 0
-0.0154923 0.00738614 0
-0.010263 0.00601105 0
-0.0276405 0.0117479 0
-0.0234035 0.0111135 0
-0.0227959 0.00933147 0
-0.0233649 0.0111092 0
-0.0193857 0.0102278 0
-0.0188885 0.00966301 0
-0.0227663 0.00932248 0
-0.0233728 0.0111039 0
-0.0186413 0.00896138 0
-0.0276584 0.01176 0
-0.0281681 0.0128713 0
-0.0234234 0.0111247 0
-0.00319081 -0.00266121 0
-9.89372e-06 -0.000439128 0
-1.09868e-05 -0.000499695 0
-0.00320018 -0.00266641 0
-0.00298445 -0.00238607 0
-1.99023e-05 -0.000446597 0
-0.00690498 -0.00482973 0
-0.00322507 -0.00268305 0
-0.00343271 -0.00288597 0
-0.0069149 -0.00483419 0
-0.00660079 -0.00448922 0
-0.00323627 -0.0026894 0
-0.00375246 -0.00307402 0
-0.00780635 -0.00531806 0
-0.00733276 -0.00514183 0
-2.36909e-05 -0.000553599 0
-0.00371182 -0.00304924 0
-0.00341121 -0.00287297 0
-0.00395905 -0.00311727 0
-0.00779617 -0.00531211 0
-0.00374025 -0.00306621 0
-0.00860325 -0.00351624 0
-0.00918434 -0.00492784 0
-0.0127642 -0.0058748 0
-0.0110856 -0.00695807 0
-0.0105785 -0.00646638 0
-0.00695505 -0.00485578 0
-0.0152929 -0.00875603 0
-0.0197646 -0.0105201 0
-0.0190718 -0.00989573 0
-2.57942e-05 -0.000586894 0
-0.00393203 -0.00310116 0
-0.003715 -0.00305086 0
-0.0191114 -0.00990538 0
-0.0236533 -0.0115779 0
-0.0230462 -0.0106347 0
-0.0145 -0.00783122 0
-0.0190645 -0.00988694 0
-0.0186001 -0.00895416 0
-0.0197926 -0.0105299 0
-0.0236433 -0.0115778 0
-0.0190997 -0.0099047 0
-0.0026439 -0.00192366 0
-0.00557356 -0.00319365 0
-0.00248442 -0.00153122 0
-0.00975777 -0.00572113 0
-0.0105992 -0.00647189 0
-0.0144423 -0.0078092 0
-0.00588444 -0.00375069 0
-0.00972407 -0.00570223 0
-0.00916582 -0.00492807 0
-0.00663483 -0.00450491 0
-0.0105725 -0.00646052 0
-0.00973196 -0.00571041 0
-0.00301513 -0.00240326 0
-0.00659537 -0.00448382 0
-0.0058533 -0.00373814 0
-0.00694025 -0.00484727 0
-0.010564 -0.00645836 0
-0.00662496 -0.00450133 0
-0.0141099 0.00338342 0
-0.0168143 0.00316974 0
-0.0161708 0.00500733 0
-0.0122243 0.00430264 0
-0.014094 0.00338744 0
-0.0161566 0.00501112 0
-0.0105692 0.00259646 0
-0.0124277 0.00183855 0
-0.0140765 0.00337077 0
-0.00840051 0.000263154 0
-0.0121986 -0.000960548 0
-0.0121314 0.000425175 0
-0.0121578 0.000421386 0
-0.0122259 -0.000965267 0
-0.0163622 -0.000971859 0
-0.00864093 0.00143662 0
-0.0121325 0.000439006 0
-0.012415 0.00182477 0
-0.00862688 0.00143131 0
-0.00838849 0.000270675 0
-0.0121195 0.000433769 0
-0.00539309 -0.00175413 0
-0.00874595 -0.00231082 0
-0.00517474 -0.000758326 0
-0.0164845 -0.00456956 0
-0.0164762 -0.00587231 0
-0.0207159 -0.00651411 0
-0.0215502 -0.00440021 0
-0.0165022 -0.00456485 0
-0.0207316 -0.00650929 0
-0.0168115 -0.00316598 0
-0.0126156 -0.00278489 0
-0.0164584 -0.00454789 0
-0.00320268 -0.00266926 0
-2.18239e-05 -0.000508369 0
-0.00340867 -0.00287085 0
-0.0125615 -0.00276956 0
-0.00847855 -0.000911861 0
-0.00878119 -0.00231534 0
-0.0168084 -0.00314746 0
-0.016377 -0.000984224 0
-0.0122412 -0.000976912 0
-0.0215538 -0.0043818 0
-0.0213049 -0.00259181 0
-0.0168581 -0.00316477 0
-0.0253363 -0.00711354 0
-0.0215787 -0.00440848 0
-0.0207618 -0.00651798 0
-0.0255755 -0.0051161 0
-0.0263459 -0.00297899 0
-0.0213502 -0.0025933 0
-0.0253514 -0.00710897 0
-0.0255739 -0.00513608 0
-0.0215962 -0.00440352 0
-0.0253819 -0.00712006 0
-0.0302982 -0.00771626 0
-0.0256024 -0.00514722 0
-0.026343 -0.00295005 0
-0.0259341 0.00085504 0
-0.0210188 -6.17456e-06 0
-0.0121589 0.000436818 0
-0.0163626 0.000978315 0
-0.0124407 0.00182348 0
-0.00339882 -0.00286492 0
-1.08524e-05 -0.000500001 0
-1.19186e-05 -0.000544495 0
-1.299e-05 -0.000577536 0
-0.00370157 -0.00304277 0
-1.17881e-05 -0.000544577 0
-0.0134756 -0.00687967 0
-0.00976807 -0.00572305 0
-0.0144512 -0.00781003 0
-0.00560676 -0.00321077 0
-0.00587077 -0.0037422 0
-0.00915209 -0.00491972 0
-0.00858028 -0.00350852 0
-0.00561601 -0.003211 0
-0.00915985 -0.00491845 0
-0.00533426 -0.00258691 0
-0.0024936 -0.00153396 0
-0.00558229 -0.00319525 0
-0.00300584 -0.00239884 0
-0.00322326 -0.00268081 0
-0.00658739 -0.0044812 0
-0.00265486 -0.00193105 0
-0.00584822 -0.00373149 0
-0.00558529 -0.00320132 0
-1.58472e-05 -0.00029063 0
-0.00262437 -0.00191275 0
-0.00246629 -0.0015223 0
-0.00300201 -0.00239438 0
-0.00584001 -0.00372957 0
-0.00264578 -0.00192757 0
-0.0243354 -0.0121599 0
-0.028483 -0.0132307 0
-0.0236893 -0.011594 0
-0.0356594 -0.0084073 0
-0.0325514 -0.0105012 0
-0.0382604 -0.0120891 0
-0.0263812 -0.00298418 0
-0.0256117 -0.00512162 0
-0.0318868 -0.00416027 0
-0.0253874 -0.00713486 0
-0.0273117 -0.00953782 0
-0.0303033 -0.00773151 0
-0.0318975 -0.00417672 0
-0.0256252 -0.00513736 0
-0.0303175 -0.00770687 0
-0.034267 -0.00216085 0
-0.031333 0.00076466 0
-0.0286522 -0.00117119 0
-0.0377484 -0.00454624 0
-0.0342992 -0.00218884 0
-0.0319534 -0.0041556 0
-0.0371252 -3.6247e-06 0
-0.0313622 0.000768706 0
-0.0342946 -0.00215713 0
-0.012572 -0.0027649 0
-0.0122004 -0.000975786 0
-0.00849081 -0.000907488 0
-0.0164474 -0.00586474 0
-0.0164565 -0.00456259 0
-0.0122343 -0.00430927 0
-0.016797 -0.00315356 0
-0.0122274 -0.000982862 0
-0.0126009 -0.00277308 0
-0.0209698 -1.13888e-05 0
-0.0164221 -0.000978963 0
-0.0213006 -0.00256947 0
-0.016377 0.000987565 0
-0.0168092 0.00315065 0
-0.0124567 0.00183248 0
-0.0209546 7.07609e-07 0
-0.0164045 0.000967453 0
-0.0164049 -0.000967228 0
-0.0209698 1.27931e-05 0
-0.0213011 0.00256944 0
-0.0164216 0.000979185 0
-0.0249914 -0.0104827 0
-0.0230809 -0.0106383 0
-0.0279313 -0.0122356 0
-0.0298449 -0.0114949 0
-0.0250146 -0.0104854 0
-0.027953 -0.0122388 0
-0.0224547 -0.00863751 0
-0.0186469 -0.00895947 0
-0.0249589 -0.0104653 0
-0.0253598 -0.00713843 0
-0.0224854 -0.00862801 0
-0.0272869 -0.00954042 0
-0.0207203 -0.00652521 0
-0.0164807 -0.0058827 0
-0.0179464 -0.00766178 0
-0.0255605 -0.00512071 0
-0.0213333 -0.00259809 0
-0.0215831 -0.00438837 0
-0.0190543 -0.00988664 0
-0.0144872 -0.0078305 0
-0.0152737 -0.00874713 0
-0.0249613 -0.0104721 0
-0.0186495 -0.0089654 0
-0.0230495 -0.0106273 0
-0.0179121 -0.00766311 0
-0.0128105 -0.00589529 0
-0.0134974 -0.00687987 0
-0.00971617 -0.00570141 0
-0.00587518 -0.00374854 0
-0.00661865 -0.00449542 0
-0.0134581 -0.00687011 0
-0.00919082 -0.00493807 0
-0.00975015 -0.00571315 0
-0.0185821 -0.00894403 0
-0.013505 -0.00689017 0
-0.0144812 -0.00782101 0
-0.0127813 -0.00588635 0
-0.00920157 -0.00493911 0
-0.0134676 -0.0068702 0
-0.0185927 -0.00894329 0
-0.0179306 -0.00767329 0
-0.0135172 -0.00689028 0
-0.0164355 -0.0058697 0
-0.0122208 -0.00431345 0
-0.0128004 -0.00588119 0
-0.00856865 -0.00350095 0
-0.00535472 -0.00259343 0
-0.00560328 -0.00320314 0
-0.0279761 -0.0122582 0
-0.0285261 -0.0132407 0
-0.0331902 -0.0145149 0
-0.0230759 -0.0106421 0
-0.0236827 -0.0115862 0
-0.0279273 -0.0122398 0
-0.0298428 -0.0114856 0
-0.0273099 -0.0095614 0
-0.0250123 -0.0104767 0
-0.0186285 -0.00896321 0
-0.0190935 -0.00989672 0
-0.0230301 -0.0106258 0
-0.0121948 -0.0043058 0
-0.00861461 -0.00351431 0
-0.0127732 -0.0058724 0
-0.0106171 -0.00648219 0
-0.0152441 -0.00873518 0
-0.0144596 -0.00781947 0
-0.019811 -0.0105374 0
-0.0243065 -0.0121506 0
-0.02366 -0.0115854 0
-0.0359316 -0.0126356 0
-0.031134 -0.0108134 0
-0.0323729 -0.00981007 0
-0.0392325 -0.0151463 0
-0.0359885 -0.0126647 0
-0.041255 -0.0141255 0
-0.0392088 -0.0151443 0
-0.0339623 -0.0136355 0
-0.0359629 -0.0126634 0
-0.0152817 -0.00875297 0
-0.0160363 -0.00911434 0
-0.0197553 -0.010518 0
-0.00470978 -0.00299748 0
-3.46943e-05 -0.000576149 0
-0.00501557 -0.00288395 0
-0.0720567 -0.0293419 0
-0.0723998 -0.0287672 0
-0.0787717 -0.0325022 0
-0.079682 -0.0336435 0
-0.07208 -0.0293571 0
-0.0787962 -0.0325194 0
-0.0717317 -0.0296318 0
-0.0644917 -0.0263448 0
-0.072007 -0.0293246 0
-0.0777363 -0.0327843 0
-0.0714584 -0.0296085 0
-0.0796789 -0.0336463 0
-0.0644606 -0.0263307 0
-0.0626072 -0.0252401 0
-0.0719774 -0.0293089 0
-0.041888 -0.0173853 0
-0.0405362 -0.0174403 0
-0.0359988 -0.0157692 0
-0.0434228 -0.017078 0
-0.0419055 -0.0173845 0
-0.0384402 -0.0159461 0
-0.0434577 -0.0170915 0
-0.0490568 -0.0198738 0
-0.0419417 -0.0173976 0
-0.0646882 -0.0254597 0
-0.0667928 -0.0253785 0
-0.0723361 -0.0287299 0
-0.0719766 -0.0293055 0
-0.0626083 -0.0252374 0
-0.0646715 -0.0254612 0
-0.0572634 -0.0226342 0
-0.0596395 -0.0225499 0
-0.0646131 -0.0254297 0
-0.0562949 -0.0194974 0
-0.0555654 -0.0212084 0
-0.0622357 -0.0237198 0
-0.0491356 -0.0199049 0
-0.0571857 -0.0226118 0
-0.0517353 -0.0212707 0
-0.0618625 -0.0221972 0
-0.0596272 -0.0225304 0
-0.0562594 -0.0200336 0
-0.0619239 -0.022222 0
-0.067677 -0.0246797 0
-0.0667679 -0.0253541 0
-0.0496995 -0.0174387 0
-0.0493841 -0.0192167 0
-0.055501 -0.0211866 0
-0.0458758 -0.0192594 0
-0.0447332 -0.0189608 0
-0.0394699 -0.0172272 0
-0.0476611 -0.0106257 0
-0.0509672 -0.00543782 0
-0.0440783 -0.00456029 0
-0.0442803 -0.0132763 0
-0.0476356 -0.0106677 0
-0.0415146 -0.00973492 0
-0.0508911 -0.0151925 0
-0.0578534 -0.0167386 0
-0.0544381 -0.012052 0
-0.00555548 0.00244718 0
-0.00539379 0.00176096 0
-0.00891865 0.00314804 0
-7.40802e-06 -9.96766e-05 0
-0.00232021 -0.000488438 0
-7.10007e-06 -7.47925e-07 0
-0.00892891 0.00408019 0
-0.012195 0.00430803 0
-0.0127739 0.00587697 0
-0.00586984 0.00374175 0
-0.00560739 0.00321047 0
-0.00915422 0.00491965 0
-0.0140974 0.00337274 0
-0.0124487 0.00184007 0
-0.0168027 0.00315874 0
-0.00862282 0.00144753 0
-0.010539 0.00259424 0
-0.00894508 0.00314763 0
-0.00863572 0.00144311 0
-0.01241 0.00183224 0
-0.0105506 0.00258977 0
-0.00515394 3.38541e-06 0
-0.00835371 0.000267396 0
-0.00517354 0.000746712 0
-0.0105505 0.00260388 0
-0.0121878 0.00429315 0
-0.00895819 0.00315713 0
-0.0121723 0.000427793 0
-0.0163751 -0.000965278 0
-0.0163751 0.000968626 0
-0.0168414 -0.00317122 0
-0.016489 -0.00455376 0
-0.0215384 -0.00438867 0
-0.0164071 -0.000989379 0
-0.0168396 -0.00315343 0
-0.0212881 -0.00258021 0
-0.0125992 -0.00278877 0
-0.0122206 -0.00429913 0
-0.0164437 -0.00455201 0
-0.0255735 0.00513652 0
-0.0253509 0.00710965 0
-0.0215963 0.00440336 0
-0.0213338 0.00259808 0
-0.0255601 0.00512115 0
-0.0215832 0.00438821 0
-0.0263808 0.00298373 0
-0.031887 0.00415936 0
-0.0256113 0.00512206 0
-0.0215788 0.00440832 0
-0.0253358 0.00711423 0
-0.020762 0.00651854 0
-0.0162102 0.00502237 0
-0.0215491 0.00440184 0
-0.0207312 0.00651144 0
-0.0213507 0.0025933 0
-0.0263455 0.00297855 0
-0.0255751 0.00511655 0
-0.0619691 -0.0138048 0
-0.0659774 -0.0204083 0
-0.0705672 -0.0176629 0
-0.061925 -0.0138054 0
-0.0579279 -0.0167616 0
-0.0659381 -0.0204022 0
-0.0677353 -0.00908237 0
-0.0619739 -0.0137683 0
-0.0705736 -0.0176246 0
-0.0509983 -0.00546351 0
-0.0476993 -0.0106496 0
-0.0544052 -0.0119974 0
-0.0563229 -0.0194992 0
-0.062261 -0.0237247 0
-0.063512 -0.0222922 0
-0.0578997 -0.0167893 0
-0.0563071 -0.0194763 0
-0.063497 -0.0222691 0
-0.050831 -0.015199 0
-0.0443202 -0.0133161 0
-0.0496664 -0.0173987 0
-0.0587524 -0.0070223 0
-0.0510387 -0.00544911 0
-0.054439 -0.0119878 0
-0.0676977 -0.00904433 0
-0.058833 -0.007038 0
-0.0619326 -0.0137357 0
-0.0677143 -0.00899619 0
-0.0667177 -5.81405e-05 0
-0.0588476 -0.00699595 0
-0.0504807 -0.0182798 0
-0.0450863 -0.0165618 0
-0.0466954 -0.0157089 0
-0.0555822 -0.021224 0
-0.0609786 -0.0242572 0
-0.0622515 -0.0237356 0
-0.0382057 -0.0158427 0
-0.0380225 -0.0145213 0
-0.0328612 -0.0133684 0
-0.0496608 -0.0174199 0
-0.043661 -0.0158447 0
-0.0493435 -0.0191998 0
-0.0562539 -0.0194751 0
-0.049724 -0.0174381 0
-0.0555226 -0.0211886 0
-0.0562385 -0.0194547 0
-0.0508697 -0.0152205 0
-0.0497078 -0.0174182 0
-0.0339472 -0.0136426 0
-0.0383769 -0.0159236 0
-0.0323996 -0.0139718 0
-0.0289931 -0.0137606 0
-0.0285 -0.0132382 0
-0.024354 -0.0121671 0
-0.0392169 -0.0151551 0
-0.0383987 -0.0159278 0
-0.0339709 -0.0136465 0
-0.03371 -0.0152369 0
-0.0285312 -0.0132483 0
-0.0290246 -0.0137709 0
-0.0487504 -0.0198921 0
-0.0557527 -0.0223861 0
-0.0493821 -0.0192294 0
-0.0439633 -0.0183153 0
-0.0447565 -0.018967 0
-0.0486954 -0.0198779 0
-0.0337754 -0.0152588 0
-0.0394049 -0.0172055 0
-0.0376555 -0.0164032 0
-0.0458702 -0.0192545 0
-0.0405695 -0.0174519 0
-0.0419202 -0.0173974 0
-0.0547079 -0.0207335 0
-0.0562349 -0.0200292 0
-0.0596032 -0.022525 0
-0.0381908 -0.0158422 0
-0.0328441 -0.0133689 0
-0.0332382 -0.0145275 0
-0.0179675 -0.00767108 0
-0.0224387 -0.00861944 0
-0.0207391 -0.00653438 0
-0.0128207 -0.00589252 0
-0.0179208 -0.00765922 0
-0.0164539 -0.00588103 0
-0.0186221 -0.00894977 0
-0.0224321 -0.00862824 0
-0.0179606 -0.0076787 0
-0.0284943 -0.0132309 0
-0.0279445 -0.0122487 0
-0.0237018 -0.0115947 0
-0.029867 -0.0114859 0
-0.0324962 -0.010503 0
-0.027336 -0.00956105 0
-0.0332035 -0.0145157 0
-0.0328105 -0.0133567 0
-0.0279915 -0.0122583 0
-0.0351281 -0.0125644 0
-0.0382603 -0.0121027 0
-0.0325503 -0.0105148 0
-0.038304 -0.0121282 0
-0.0380578 -0.0145172 0
-0.0435848 -0.0158115 0
-0.0224622 -0.00861797 0
-0.0253393 -0.00712821 0
-0.020765 -0.00653198 0
-0.0249866 -0.0104672 0
-0.0272861 -0.0095518 0
-0.0224845 -0.00863874 0
-0.0327996 -0.0133463 0
-0.0298702 -0.0115045 0
-0.0279799 -0.0122484 0
-0.0328506 -0.0133576 0
-0.0380126 -0.0145101 0
-0.035128 -0.0125822 0
-0.0324972 -0.0104904 0
-0.0303257 -0.00774302 0
-0.027337 -0.00954885 0
-0.0351005 -0.0125622 0
-0.0325214 -0.0105133 0
-0.0298939 -0.0114958 0
-0.0328226 -0.0133477 0
-0.0351015 -0.0125719 0
-0.0298951 -0.0115051 0
-0.0380288 -0.0145067 0
-0.0382767 -0.012117 0
-0.0351466 -0.0125778 0
-0.0382885 -0.0120872 0
-0.0414546 -0.00972371 0
-0.0356908 -0.00840398 0
-0.004105 -0.00306411 0
-0.00393443 -0.00310169 0
-2.76126e-05 -0.000604292 0
-0.0716249 -0.0263819 0
-0.0696923 -0.026957 0
-0.0778343 -0.031705 0
-0.0805882 -0.0324496 0
-0.0716624 -0.026397 0
-0.0778695 -0.0317243 0
-0.0659442 -0.0204301 0
-0.0579339 -0.0167898 0
-0.0635276 -0.022274 0
-0.0706095 -0.0177062 0
-0.0660232 -0.0204431 0
-0.0750057 -0.0255008 0
-0.0659887 -0.0204647 0
-0.0635749 -0.0223033 0
-0.0715651 -0.0263268 0
-0.00434294 -0.00303239 0
-0.00410734 -0.00306404 0
-2.95543e-05 -0.000612117 0
-0.00950653 -0.00513863 0
-0.00892655 -0.00521496 0
-0.00475525 -0.00302151 0
-0.00473698 -0.00301363 0
-0.00890998 -0.00520873 0
-0.00437457 -0.00304752 0
-0.0078107 -0.00531909 0
-0.00397393 -0.00312553 0
-0.00808338 -0.00530907 0
-0.0160052 -0.00910094 0
-0.0134279 -0.00804696 0
-0.0120626 -0.00733037 0
-0.00731807 -0.00513405 0
-0.00343462 -0.00288758 0
-0.00373748 -0.00306514 0
-0.00433062 -0.00302476 0
-1.49219e-05 -0.000602717 0
-1.56044e-05 -0.000591624 0
-0.0039606 -0.00311707 0
-0.00413274 -0.00307993 0
-0.00807206 -0.00530231 0
-0.0120179 -0.00730888 0
-0.00783715 -0.00533284 0
-0.00811103 -0.00532319 0
-1.28192e-05 -0.000577414 0
-1.39208e-05 -0.000595055 0
-0.00392074 -0.00309403 0
-1.37057e-05 -0.000594643 0
-1.46494e-05 -0.000602859 0
-0.00409314 -0.00305665 0
-0.0594189 -0.0178596 0
-0.0577638 -0.0193087 0
-0.053944 -0.015916 0
-0.0788422 -0.0325443 0
-0.0861272 -0.0369079 0
-0.0797313 -0.0336698 0
-0.0644015 -0.0263083 0
-0.0593931 -0.0242598 0
-0.0576985 -0.0235417 0
-0.0828291 -0.0339867 0
-0.0860836 -0.0355118 0
-0.0881586 -0.0375326 0
-0.072394 -0.0287546 0
-0.0715024 -0.0274903 0
-0.0771847 -0.0305578 0
-0.0772595 -0.0305916 0
-0.0797144 -0.0308726 0
-0.0860367 -0.0354774 0
-0.0562538 -0.0200227 0
-0.0577795 -0.0193367 0
-0.0618557 -0.0221864 0
-0.0946727 -0.0419145 0
-0.103324 -0.0475515 0
-0.104317 -0.0486023 0
-0.0521621 -0.0173917 0
-0.0484056 -0.0145335 0
-0.0538893 -0.0158985 0
-0.0505366 -0.0182969 0
-0.0521768 -0.017418 0
-0.056197 -0.0200034 0
-0.046713 -0.0156987 0
-0.0483806 -0.0145331 0
-0.0521384 -0.0173907 0
-0.0505039 -0.0182829 0
-0.0467198 -0.0157114 0
-0.0521458 -0.0174034 0
-0.0450548 -0.0165483 0
-0.0413103 -0.0141401 0
-0.0466656 -0.0156947 0
-0.0481145 -0.0185301 0
-0.0450909 -0.0165713 0
-0.0504857 -0.0182892 0
-0.0434142 -0.0170703 0
-0.0384308 -0.0159389 0
-0.0392481 -0.0151667 0
-0.0546758 -0.0207341 0
-0.0571947 -0.0226097 0
-0.0491464 -0.0199034 0
-0.0447866 -0.0189777 0
-0.0525866 -0.0217275 0
-0.0487236 -0.0198903 0
-0.037708 -0.016419 0
-0.0447205 -0.0189552 0
-0.0439266 -0.0183038 0
-0.0459169 -0.0192724 0
-0.0516835 -0.021256 0
-0.0447741 -0.018975 0
-0.0447975 -0.0189825 0
-0.051705 -0.0212649 0
-0.0525967 -0.0217318 0
-0.0405611 -0.0174513 0
-0.0458626 -0.0192538 0
-0.0394552 -0.0172226 0
-0.0326281 -0.0149969 0
-0.040517 -0.0174374 0
-0.0394111 -0.0172082 0
-0.0359913 -0.0157643 0
-0.0384146 -0.0159419 0
-0.0418813 -0.01738 0
-0.0490968 -0.0198942 0
-0.0516975 -0.0212587 0
-0.0459318 -0.0192754 0
-0.0481422 -0.0185493 0
-0.0546466 -0.02072 0
-0.0491146 -0.0198905 0
-0.0450666 -0.0165675 0
-0.0480912 -0.0185258 0
-0.0434657 -0.0170836 0
-0.0505171 -0.0183034 0
-0.0546505 -0.0207142 0
-0.0481475 -0.0185437 0
-0.0646445 -0.0254395 0
-0.0596721 -0.0225583 0
-0.0667515 -0.0253575 0
-0.0517645 -0.0212823 0
-0.0572126 -0.0226248 0
-0.0576494 -0.0235195 0
-0.0547107 -0.0207422 0
-0.0596071 -0.0225339 0
-0.057229 -0.0226192 0
-0.043479 -0.017095 0
-0.0481044 -0.0185372 0
-0.0490763 -0.0198782 0
-0.0505447 -0.018308 0
-0.0562056 -0.0200146 0
-0.0546769 -0.0207196 0
-0.0576348 -0.0235162 0
-0.0526394 -0.0217476 0
-0.0517482 -0.0212792 0
-0.0447064 -0.018951 0
-0.0376922 -0.0164158 0
-0.0394418 -0.0172177 0
-0.0435905 -0.0173192 0
-0.0439593 -0.0183097 0
-0.0486918 -0.0198723 0
-0.0382418 -0.0158655 0
-0.0376854 -0.0164088 0
-0.0439053 -0.0182932 0
-0.0490651 -0.019881 0
-0.0458983 -0.0192631 0
-0.0419497 -0.0174051 0
-0.0326154 -0.0149924 0
-0.0359667 -0.0157615 0
-0.0405061 -0.0174323 0
-0.0278743 -0.0132992 0
-0.0249931 -0.0124353 0
-0.0235216 -0.0116986 0
-0.027228 -0.0123988 0
-0.0278812 -0.0132996 0
-0.0235289 -0.0116986 0
-0.030985 -0.0141164 0
-0.0325562 -0.0149732 0
-0.0279245 -0.0133159 0
-0.0332091 -0.0145252 0
-0.028546 -0.0132506 0
-0.033723 -0.0152397 0
-0.0289821 -0.0137581 0
-0.0243416 -0.0121642 0
-0.0249994 -0.0124388 0
-0.0392714 -0.0151684 0
-0.045038 -0.0165561 0
-0.0434359 -0.0170725 0
-0.0323668 -0.0139592 0
-0.0287624 -0.0121344 0
-0.0339155 -0.0136296 0
-0.0359589 -0.0157532 0
-0.0324065 -0.0139792 0
-0.0383834 -0.0159306 0
-0.0249678 -0.0124279 0
-0.0243108 -0.0121535 0
-0.0198146 -0.0105401 0
-0.0310123 -0.0141246 0
-0.0359351 -0.0157504 0
-0.0325823 -0.0149815 0
-0.0290178 -0.0137707 0
-0.0279171 -0.0133154 0
-0.03255 -0.0149716 0
-0.0272697 -0.0124087 0
-0.0323523 -0.0139617 0
-0.0309825 -0.0141099 0
-0.0278914 -0.0133066 0
-0.0289929 -0.0137625 0
-0.0250117 -0.0124424 0
-0.0339309 -0.0136238 0
-0.0299649 -0.0116198 0
-0.0359331 -0.0126514 0
-0.0272322 -0.0123907 0
-0.0236527 -0.0105895 0
-0.0287104 -0.0121189 0
-0.0272535 -0.0124069 0
-0.0309679 -0.0141076 0
-0.0279057 -0.0133075 0
-0.0165965 -0.00913149 0
-0.0160157 -0.00910463 0
-0.0120734 -0.00733409 0
-0.0234607 -0.0116748 0
-0.0166405 -0.00914636 0
-0.0174971 -0.00908886 0
-0.0196008 -0.0104207 0
-0.0160403 -0.00911458 0
-0.016622 -0.00914168 0
-0.0234669 -0.0116785 0
-0.0196259 -0.0104293 0
-0.0166483 -0.009151 0
-0.0234936 -0.011689 0
-0.0249662 -0.0124261 0
-0.0196542 -0.0104406 0
-0.029955 -0.0116102 0
-0.0311258 -0.0108194 0
-0.0359246 -0.0126417 0
-0.0287538 -0.0121263 0
-0.0299397 -0.0116179 0
-0.0339078 -0.0136218 0
-0.0287234 -0.0121146 0
-0.0249544 -0.0100923 0
-0.0299101 -0.011606 0
-0.0272617 -0.0124018 0
-0.0287391 -0.0121303 0
-0.0323452 -0.0139551 0
-0.0359348 -0.015747 0
-0.0310119 -0.0141209 0
-0.0323807 -0.0139732 0
-0.0234673 -0.0111993 0
-0.0236342 -0.0105863 0
-0.0272152 -0.0123875 0
-0.029921 -0.0115992 0
-0.0259968 -0.0093721 0
-0.0310927 -0.0108085 0
-0.0236444 -0.0105816 0
-0.0249323 -0.0100888 0
-0.0287032 -0.0121113 0
-0.0236148 -0.0105695 0
-0.0199798 -0.00850638 0
-0.0249035 -0.0100767 0
-0.0197686 -0.0105239 0
-0.0160515 -0.00911987 0
-0.0196101 -0.0104257 0
-0.0323425 -0.00978159 0
-0.026348 -0.0069637 0
-0.0313716 -0.008066 0
-0.0259868 -0.00936141 0
-0.0270802 -0.00846532 0
-0.0310836 -0.010798 0
-0.0259552 -0.00934889 0
-0.0217951 -0.00710424 0
-0.0270498 -0.00845305 0
-0.0413036 -0.0141269 0
-0.0430418 -0.012621 0
-0.0466585 -0.0156816 0
-0.0134389 -0.00805163 0
-0.0160146 -0.00910537 0
-0.0152604 -0.00874464 0
-0.0111238 -0.00697646 0
-0.0134224 -0.00804443 0
-0.015245 -0.00873765 0
-0.0110882 -0.00696059 0
-0.00736661 -0.00515967 0
-0.0105955 -0.00675109 0
-0.00413468 -0.00307946 0
-0.00437138 -0.00304776 0
-0.00839521 -0.00524329 0
-0.00954384 -0.00515039 0
-0.01003 -0.00495969 0
-0.0149492 -0.00678888 0
-0.0136938 -0.00716743 0
-0.00955715 -0.00515832 0
-0.0149598 -0.00679581 0
-0.00843826 -0.0052638 0
-0.00894913 -0.00522955 0
-0.0126544 -0.0072532 0
-0.00811436 -0.00532258 0
-0.0084355 -0.00526409 0
-0.0126508 -0.00725353 0
-0.00808675 -0.00530882 0
-0.00414821 -0.00308789 0
-0.00840663 -0.0052502 0
-0.00841075 -0.00524976 0
-0.00438812 -0.00305577 0
-0.00892114 -0.0052157 0
-0.00474092 -0.00301312 0
-0.00504723 -0.00289878 0
-0.00949475 -0.00513127 0
-0.00999685 -0.00494679 0
-0.00951152 -0.00513694 0
-0.00506612 -0.00290607 0
-0.116691 -0.0577777 0
-0.111429 -0.0545115 0
-0.110057 -0.052566 0
-0.0929894 -0.0423612 0
-0.0979639 -0.0452881 0
-0.0997276 -0.0475293 0
-0.109995 -0.0525203 0
-0.105151 -0.0498043 0
-0.104375 -0.0486464 0
-0.111376 -0.054481 0
-0.105821 -0.0511902 0
-0.105159 -0.0498188 0
-0.105174 -0.049824 0
-0.110019 -0.0525396 0
-0.11139 -0.0544848 0
-0.105776 -0.0511586 0
-0.0980255 -0.0453256 0
-0.105116 -0.0497886 0
-0.103374 -0.0475868 0
-0.109988 -0.0525121 0
-0.104369 -0.0486389 0
-0.0945979 -0.0418635 0
-0.0882368 -0.0375829 0
-0.0969258 -0.0429692 0
-0.0962861 -0.0435078 0
-0.0946475 -0.0419012 0
-0.104294 -0.0485892 0
-0.0962237 -0.0434669 0
-0.086235 -0.0369703 0
-0.0945882 -0.0418631 0
-0.0933423 -0.0433466 0
-0.0862911 -0.0379103 0
-0.0929282 -0.0423228 0
-0.0945608 -0.0418428 0
-0.0862093 -0.0369526 0
-0.0881988 -0.0375635 0
-0.105104 -0.0497731 0
-0.0963213 -0.0435334 0
-0.10433 -0.0486166 0
-0.0979283 -0.0452554 0
-0.0861233 -0.0373885 0
-0.0962363 -0.0434808 0
-0.0961964 -0.0434517 0
-0.0860842 -0.0373636 0
-0.0862054 -0.0369558 0
-0.0997707 -0.0475603 0
-0.0980065 -0.0453164 0
-0.105758 -0.0511524 0
-0.0860675 -0.0376321 0
-0.0860876 -0.0373692 0
-0.0978958 -0.0452361 0
-0.0929433 -0.0423276 0
-0.0860908 -0.0376475 0
-0.0979196 -0.045256 0
-0.0933875 -0.0433814 0
-0.0929731 -0.0423534 0
-0.0997127 -0.0475251 0
-0.086266 -0.0378924 0
-0.0860498 -0.0376227 0
-0.0929041 -0.0423032 0
-0.0868965 -0.0384109 0
-0.0862697 -0.0378957 0
-0.0933223 -0.0433356 0
-0.0774799 -0.0324545 0
-0.0696839 -0.0269699 0
-0.0696459 -0.0282097 0
-0.0775055 -0.0324674 0
-0.077853 -0.0317249 0
-0.0697125 -0.0269792 0
-0.0610259 -0.0242792 0
-0.069567 -0.0281713 0
-0.0622982 -0.0237601 0
-0.0713744 -0.0295679 0
-0.0669483 -0.0273579 0
-0.0655715 -0.0269158 0
-0.0717335 -0.0296353 0
-0.07139 -0.0295758 0
-0.0655885 -0.0269235 0
-0.077703 -0.0327666 0
-0.069653 -0.0282218 0
-0.0714231 -0.0295911 0
-0.0860002 -0.0373163 0
-0.0777859 -0.0328108 0
-0.0797264 -0.0336711 0
-0.0775071 -0.0324726 0
-0.0696743 -0.0282296 0
-0.0777229 -0.0327772 0
-0.0635883 -0.0223249 0
-0.0696439 -0.0269278 0
-0.0715776 -0.0263476 0
-0.0508984 -0.0152168 0
-0.0562638 -0.0194541 0
-0.0578591 -0.0167639 0
-0.0623063 -0.0237477 0
-0.0696138 -0.0269177 0
-0.063556 -0.0223187 0
-0.0435919 -0.017308 0
-0.0493247 -0.0191984 0
-0.0436395 -0.0158452 0
-0.0380767 -0.014534 0
-0.0435536 -0.0172929 0
-0.0436028 -0.0158289 0
-0.0382065 -0.0158526 0
-0.0332549 -0.0145374 0
-0.037649 -0.0163966 0
-0.0380576 -0.0145348 0
-0.0382421 -0.0158555 0
-0.0435368 -0.0172923 0
-0.0337233 -0.0152428 0
-0.0290385 -0.0137765 0
-0.0325687 -0.0149781 0
-0.039389 -0.0172006 0
-0.0337578 -0.0152544 0
-0.0326043 -0.0149896 0
-0.037635 -0.0163941 0
-0.033239 -0.0145358 0
-0.0337539 -0.01525 0
-0.0775905 -0.0325186 0
-0.0859989 -0.037591 0
-0.0862138 -0.037856 0
-0.0779083 -0.0317642 0
-0.0775612 -0.0324994 0
-0.0861871 -0.0378377 0
-0.0696161 -0.0282025 0
-0.0669618 -0.0273619 0
-0.0713872 -0.0295738 0
-0.0623277 -0.0237674 0
-0.0695946 -0.0281819 0
-0.0696336 -0.0269376 0
-0.0610422 -0.0242912 0
-0.066927 -0.0273443 0
-0.0695823 -0.0281827 0
-0.086845 -0.0383681 0
-0.0779413 -0.0317808 0
-0.0862178 -0.0378594 0
-0.0868264 -0.0383522 0
-0.0806386 -0.0324946 0
-0.0779212 -0.0317608 0
-0.0496438 -0.0173998 0
-0.0442942 -0.0133195 0
-0.0436431 -0.0158252 0
-0.0716513 -0.0263755 0
-0.0805788 -0.0324315 0
-0.0750568 -0.0255734 0
-0.0859706 -0.0375725 0
-0.0775621 -0.0325046 0
-0.0777769 -0.0328058 0
-0.0494056 -0.0192329 0
-0.0557743 -0.0223915 0
-0.0555213 -0.0212033 0
-0.0797555 -0.0336845 0
-0.0861518 -0.036925 0
-0.0860275 -0.0373303 0
-0.0646234 -0.0254389 0
-0.0625578 -0.0252156 0
-0.0572728 -0.0226427 0
-0.0655649 -0.0269133 0
-0.0644686 -0.0263368 0
-0.0717107 -0.0296236 0
-0.0796591 -0.0336346 0
-0.0714382 -0.029599 0
-0.0717804 -0.029657 0
-0.066908 -0.0273392 0
-0.0594289 -0.0242719 0
-0.0655318 -0.0268984 0
-0.0593482 -0.0242392 0
-0.0557976 -0.0224103 0
-0.0526577 -0.0217532 0
-0.0655235 -0.026895 0
-0.0594207 -0.0242701 0
-0.0644272 -0.0263202 0
-0.0668932 -0.0273305 0
-0.061007 -0.0242796 0
-0.0594125 -0.0242637 0
-0.0860213 -0.0373303 0
-0.0859983 -0.037589 0
-0.0778066 -0.0328218 0
-0.0609699 -0.0242625 0
-0.0558267 -0.0224176 0
-0.0593752 -0.0242484 0
-0.0714751 -0.0274669 0
-0.0677315 -0.0247043 0
-0.0736266 -0.0275185 0
-0.0723578 -0.0287372 0
-0.0668156 -0.0253847 0
-0.0714678 -0.027473 0
-0.0796591 -0.0336327 0
-0.0717826 -0.0296561 0
-0.0720557 -0.0293482 0
-0.0625348 -0.025209 0
-0.0576857 -0.023533 0
-0.0572481 -0.0226374 0
-0.072354 -0.0287435 0
-0.0720084 -0.0293182 0
-0.0647049 -0.0254723 0
-0.0644118 -0.0263108 0
-0.0577105 -0.0235442 0
-0.0625588 -0.0252214 0
-0.0596636 -0.0225476 0
-0.0618967 -0.0222154 0
-0.0667417 -0.0253465 0
-0.0750088 -0.0255283 0
-0.0660284 -0.0204716 0
-0.0716013 -0.0263395 0
-0.00556242 -0.0024082 0
-0.00528499 -0.00266572 0
-3.87912e-05 -0.000496712 0
-0.00469419 -0.00299075 0
-1.64672e-05 -0.000591725 0
-1.69331e-05 -0.000567375 0
-0.0186433 -0.00896008 0
-0.0236058 -0.0105748 0
-0.0234389 -0.0111882 0
-0.0175034 -0.00908615 0
-0.0186218 -0.00895478 0
-0.0234196 -0.0111836 0
-0.0234822 -0.011681 0
-0.0175211 -0.00909621 0
-0.0234348 -0.0111924 0
-0.0272142 -0.0123913 0
-0.0235133 -0.0116915 0
-0.0234669 -0.0112031 0
-0.0249533 -0.0124224 0
-0.0197976 -0.0105347 0
-0.0196407 -0.0104372 0
-0.012699 -0.00727194 0
-0.0137128 -0.00718206 0
-0.0174515 -0.00906737 0
-0.0137239 -0.00718018 0
-0.0149903 -0.00680801 0
-0.0185815 -0.0089339 0
-0.00953661 -0.00515223 0
-0.0136751 -0.00716272 0
-0.0089561 -0.00522899 0
-0.0150128 -0.00681278 0
-0.0199291 -0.00848992 0
-0.0186012 -0.00893792 0
-0.00434551 -0.00303189 0
-3.20502e-05 -0.000600829 0
-0.00470707 -0.00299851 0
-1.77825e-05 -0.000567243 0
-1.79828e-05 -0.000533048 0
-0.00500151 -0.00287591 0
-0.0105056 -0.00457216 0
-0.00561787 -0.0024267 0
-0.0110285 -0.00412342 0
-0.0861028 -0.0355172 0
-0.0856085 -0.0344909 0
-0.0909826 -0.0386583 0
-0.0969731 -0.0430025 0
-0.103298 -0.0475324 0
-0.0946506 -0.0418971 0
-0.0750075 -0.0268388 0
-0.0761534 -0.0257426 0
-0.0806298 -0.0301585 0
-0.0736784 -0.027537 0
-0.0749941 -0.0268474 0
-0.0796652 -0.0308333 0
-0.0860486 -0.0354878 0
-0.0827929 -0.0339636 0
-0.0772686 -0.0306013 0
-0.0677247 -0.0246925 0
-0.0692137 -0.0239041 0
-0.0736179 -0.0275066 0
-0.0705753 -0.0227079 0
-0.0650447 -0.0201224 0
-0.0667502 -0.0184849 0
-0.0718842 -0.0210978 0
-0.0705979 -0.0227118 0
-0.066773 -0.0184878 0
-0.0761215 -0.0257174 0
-0.0749723 -0.0268144 0
-0.0706399 -0.0227546 0
-0.0736422 -0.0275143 0
-0.0692384 -0.0239108 0
-0.0749607 -0.0268236 0
-0.0676654 -0.0246662 0
-0.0619136 -0.0222087 0
-0.063474 -0.0213442 0
-0.0881481 -0.0375325 0
-0.0861551 -0.036921 0
-0.0788722 -0.0325562 0
-0.0618796 -0.0221912 0
-0.0578043 -0.0193407 0
-0.0634422 -0.0213259 0
-0.0979933 -0.0453001 0
-0.0962987 -0.0435217 0
-0.105084 -0.0497627 0
-0.0593537 -0.0242433 0
-0.0526654 -0.0217567 0
-0.057659 -0.0235272 0
-0.0555597 -0.0212209 0
-0.0558133 -0.0224076 0
-0.0609577 -0.0242521 0
-0.0487614 -0.0199009 0
-0.0526216 -0.0217399 0
-0.0557626 -0.0223949 0
-0.0436095 -0.0173214 0
-0.048709 -0.0198759 0
-0.0493418 -0.0192119 0
-0.0435561 -0.0173052 0
-0.0382625 -0.0158679 0
-0.043924 -0.0182967 0
-0.0882283 -0.0375734 0
-0.0910297 -0.038694 0
-0.0969107 -0.0429581 0
-0.0714519 -0.0274593 0
-0.0668006 -0.0253714 0
-0.067708 -0.0246976 0
-0.0771875 -0.0305539 0
-0.0715074 -0.0274861 0
-0.0736571 -0.0275387 0
-0.0796744 -0.0308458 0
-0.0772158 -0.0305658 0
-0.0736847 -0.0275495 0
-0.0827689 -0.0339539 0
-0.0788244 -0.0325252 0
-0.0772424 -0.0305925 0
-0.0772087 -0.0305754 0
-0.078788 -0.0325072 0
-0.0724181 -0.0287709 0
-0.0861109 -0.0355273 0
-0.090995 -0.0386692 0
-0.0881895 -0.0375492 0
-0.0788626 -0.0325474 0
-0.0828051 -0.0339771 0
-0.0881357 -0.037522 0
-0.0797425 -0.030885 0
-0.0855731 -0.0344646 0
-0.0860635 -0.0354913 0
-0.0312745 -0.00681616 0
-0.0313676 -0.00805149 0
-0.0263187 -0.00566473 0
-0.0271563 -0.00443482 0
-0.0312605 -0.00680384 0
-0.026304 -0.00565259 0
-0.0325377 -0.00609291 0
-0.0368935 -0.00787284 0
-0.0313142 -0.00681703 0
-0.0374064 -0.0065405 0
-0.0325421 -0.00608168 0
-0.0319763 -0.00478948 0
-0.0364164 -0.00919066 0
-0.0314019 -0.00806349 0
-0.031308 -0.00682792 0
-0.037453 -0.0065607 0
-0.0420073 -0.00907853 0
-0.036945 -0.00788184 0
-0.0376597 -0.0111537 0
-0.0323982 -0.00979962 0
-0.03644 -0.00921102 0
-0.0249446 -0.0100829 0
-0.0259751 -0.00936954 0
-0.0299013 -0.0115969 0
-0.024914 -0.0100704 0
-0.0208648 -0.00788247 0
-0.0259454 -0.00935713 0
-0.0186303 -0.00895062 0
-0.0199574 -0.00850238 0
-0.0235947 -0.0105659 0
-0.0150023 -0.00680365 0
-0.0157046 -0.00630305 0
-0.0199205 -0.00848113 0
-0.0165864 -0.00912574 0
-0.0120611 -0.0073274 0
-0.0126908 -0.00727269 0
-0.00554658 -0.00240057 0
-1.99467e-05 -0.000489072 0
-1.98063e-05 -0.000434233 0
-2.01208e-05 -0.000371786 0
-0.00569207 -0.00211015 0
-2.06089e-05 -0.000433624 0
-0.00531625 -0.00268243 0
-0.00998395 -0.00493875 0
-0.00505051 -0.00289735 0
-0.00574549 -0.00212924 0
-0.011014 -0.00411521 0
-0.00560056 -0.00241848 0
-0.0156735 -0.00629033 0
-0.0149708 -0.0067903 0
-0.0105536 -0.00459482 0
-0.0126617 -0.0072599 0
-0.0120334 -0.0073149 0
-0.00812732 -0.00533019 0
-0.0136842 -0.0071694 0
-0.0126708 -0.00725907 0
-0.00896753 -0.00523661 0
-0.0137337 -0.00718814 0
-0.0185892 -0.0089413 0
-0.0174706 -0.00907257 0
-0.0174603 -0.00907361 0
-0.0166041 -0.0091313 0
-0.0127099 -0.007279 0
-0.00732766 -0.00513911 0
-0.00691863 -0.00483762 0
-0.00344627 -0.00289465 0
-0.0105853 -0.00674582 0
-0.00735474 -0.00515344 0
-0.00782983 -0.00533026 0
-0.0110758 -0.00695427 0
-0.00694336 -0.00485059 0
-0.00735423 -0.00515311 0
-0.0106165 -0.00676095 0
-0.0134071 -0.00803788 0
-0.0111077 -0.00696959 0
-0.0120253 -0.00731302 0
-0.010601 -0.00675293 0
-0.00784611 -0.00533807 0
-0.0120436 -0.00732193 0
-0.0134104 -0.00803936 0
-0.0106196 -0.00676195 0
-0.0152345 -0.00873232 0
-0.0106049 -0.00647884 0
-0.0111141 -0.00697126 0
-0.00526818 -0.00266031 0
-1.88382e-05 -0.00053266 0
-1.88703e-05 -0.000489415 0
-0.0104879 -0.00456805 0
-0.00531978 -0.00268016 0
-0.00559702 -0.00242112 0
-0.0105013 -0.00457649 0
-0.0100009 -0.00494362 0
-0.00533607 -0.00268886 0
-0.0217786 -0.00709227 0
-0.0212164 -0.00583853 0
-0.027035 -0.00844125 0
-0.0797261 -0.0308679 0
-0.0806765 -0.0302016 0
-0.0855537 -0.0344467 0
-0.0199699 -0.00849708 0
-0.0208436 -0.00787933 0
-0.0248949 -0.0100678 0
-0.00528315 -0.00266831 0
-0.00501756 -0.002882 0
-3.67998e-05 -0.000541113 0
-0.0217731 -0.00710204 0
-0.0259355 -0.00934717 0
-0.0208536 -0.00787232 0
-0.016463 -0.00567748 0
-0.0217419 -0.00708999 0
-0.0208215 -0.00785975 0
-0.0212328 -0.00583833 0
-0.0262954 -0.00695167 0
-0.0270489 -0.00844046 0
-0.0112419 -0.00367252 0
-0.0056001 -0.00169276 0
-0.0109139 -0.0029151 0
-0.0112262 -0.00367052 0
-0.00574618 -0.00212581 0
-0.00558098 -0.00168965 0
-0.0112433 -0.00367906 0
-0.0110316 -0.00411876 0
-0.00576609 -0.00213401 0
-0.0160022 -0.00464285 0
-0.0112767 -0.0036833 0
-0.0109485 -0.00292456 0
-0.0161085 -0.00345392 0
-0.0160169 -0.00464153 0
-0.0109661 -0.00292454 0
-0.0211797 -0.00582607 0
-0.0217417 -0.00707931 0
-0.0160717 -0.00466389 0
-0.0164413 -0.00567443 0
-0.0208024 -0.00785746 0
-0.0157127 -0.0062974 0
-0.0160193 -0.00465204 0
-0.016411 -0.00565491 0
-0.0112964 -0.00369271 0
-0.0160544 -0.00466299 0
-0.0217272 -0.00707923 0
-0.0164461 -0.00566661 0
-0.0156615 -0.00628141 0
-0.0105393 -0.00458568 0
-0.0110618 -0.00413573 0
-0.00556386 -0.00240527 0
-4.03921e-05 -0.000440448 0
-0.00570918 -0.00211748 0
-2.00056e-05 -0.00037084 0
-1.93221e-05 -0.000304175 0
-0.00552631 -0.00167271 0
-0.0750181 -0.0268557 0
-0.0806431 -0.0301759 0
-0.0796887 -0.0308429 0
-0.0650134 -0.0201009 0
-0.0616418 -0.0161782 0
-0.0667215 -0.0184626 0
-0.0634908 -0.0213341 0
-0.0650274 -0.0201362 0
-0.0691711 -0.0238677 0
-0.0594693 -0.0178629 0
-0.0616176 -0.0161766 0
-0.064989 -0.0200984 0
-0.0634572 -0.0213144 0
-0.0594741 -0.0178802 0
-0.0649961 -0.0201157 0
-0.0676897 -0.0246723 0
-0.0634988 -0.0213493 0
-0.069181 -0.023883 0
-0.0577969 -0.0193263 0
-0.0594496 -0.017878 0
-0.0634333 -0.0213114 0
-0.0552614 -0.0150615 0
-0.0565009 -0.0141595 0
-0.0594174 -0.0178395 0
-0.0539362 -0.0159015 0
-0.0552528 -0.0150673 0
-0.05941 -0.017845 0
-0.0539082 -0.0158835 0
-0.0514219 -0.012393 0
-0.0552259 -0.0150491 0
-0.00551565 -0.0005338 0
-0.00572823 -0.000957377 0
-3.95447e-05 -0.000161671 0
-1.87034e-05 -9.09583e-05 0
-0.00549735 -0.000529832 0
-1.9971e-05 -0.000159673 0
-0.00555207 -0.000538356 0
-0.0112399 -0.00174371 0
-0.00576666 -0.000963826 0
-0.0109131 -0.00290874 0
-0.00584074 -0.00133656 0
-0.0109032 -0.00238944 0
-0.0105333 -0.00458974 0
-0.0149531 -0.00678638 0
-0.0100331 -0.00495781 0
-0.0112787 -0.00369046 0
-0.0163958 -0.00565373 0
-0.0110673 -0.00413116 0
-0.0208133 -0.00786689 0
-0.0199389 -0.0084843 0
-0.0157254 -0.00630703 0
-0.00570848 -0.00211371 0
-4.01029e-05 -0.00037655 0
-0.00554401 -0.00167936 0
-2.09706e-05 -0.000303491 0
-2.01291e-05 -0.000235586 0
-0.00576877 -0.00132061 0
-0.0105777 -0.000472519 0
-0.0151278 -0.000297478 0
-0.0159998 -0.00151914 0
-0.00538361 -0.000188981 0
-0.0105268 -0.000470521 0
-0.0108219 -0.000989962 0
-0.0100896 0.000193994 0
-0.0151095 -0.000291559 0
-0.0105567 -0.000467204 0
-0.00536351 -0.000185869 0
-0.00512056 0.000187818 0
-0.0105079 -0.000465548 0
-0.00962885 0.000648721 0
-0.0143637 0.000591008 0
-0.0100847 0.000200105 0
-0.0705846 -0.0227261 0
-0.0691948 -0.0238729 0
-0.0650516 -0.0201405 0
-0.0250656 -0.00146093 0
-0.0191912 0.000340907 0
-0.0231777 0.00050915 0
-0.0219182 -0.00347319 0
-0.021222 -0.0045249 0
-0.0166964 -0.00259454 0
-0.0260751 -0.002822 0
-0.027122 -0.00440933 0
-0.0211282 -0.00214339 0
-0.0262534 -0.0056416 0
-0.0212549 -0.00453567 0
-0.0219492 -0.00348304 0
-0.0271262 -0.00442395 0
-0.026272 -0.00564105 0
-0.0219702 -0.00348278 0
-0.0319216 -0.0047715 0
-0.0271587 -0.00441872 0
-0.0261111 -0.00283062 0
-0.0325055 -0.00608138 0
-0.0312805 -0.00680518 0
-0.0271781 -0.00443632 0
-0.031352 -0.00805214 0
-0.0263267 -0.00694969 0
-0.026301 -0.00566503 0
-0.00573045 -0.000961306 0
-0.00578586 -0.00132257 0
-4.08649e-05 -0.000237964 0
-0.0108255 -0.000996131 0
-0.0112551 -0.00174361 0
-0.00557089 -0.000538478 0
-0.0108865 -0.00238227 0
-0.00582251 -0.00133064 0
-0.00576551 -0.000967783 0
-0.011257 -0.00175076 0
-0.0109032 -0.0023836 0
-0.00578548 -0.000969296 0
-0.0160067 -0.00152922 0
-0.0166408 -0.00257567 0
-0.0108793 -0.00100161 0
-0.0160937 -0.00344158 0
-0.0109386 -0.00239279 0
-0.0112905 -0.0017584 0
-0.0160431 -0.00153689 0
-0.0219015 -0.0034626 0
-0.0166785 -0.00258477 0
-0.0211615 -0.00581359 0
-0.0160512 -0.00465163 0
-0.0161421 -0.00346265 0
-0.0108967 -0.00290682 0
-0.00558039 -0.00168531 0
-0.00582122 -0.00133412 0
-0.0160933 -0.00344662 0
-0.010948 -0.002917 0
-0.0109377 -0.00239661 0
-0.011083 -0.00413992 0
-0.0164092 -0.00566239 0
-0.0156799 -0.00628449 0
-0.0201023 -0.000795261 0
-0.0151718 -0.00029237 0
-0.0191474 0.00033972 0
-0.0319422 -0.00478251 0
-0.0325075 -0.00607452 0
-0.0271814 -0.00442983 0
-0.00536533 -0.000189406 0
-0.0108067 -0.000990222 0
-0.00555033 -0.000534167 0
-3.7903e-05 -9.0808e-05 0
-0.00533019 -0.000186823 0
-0.00551321 -0.000530075 0
-0.00513801 0.000189373 0
-0.0100566 0.000195421 0
-0.010522 -0.000464343 0
-3.60166e-05 -9.01334e-06 0
-0.00508686 0.000188607 0
-0.0053271 -0.000183386 0
-0.00484672 0.000480229 0
-0.00958197 0.00064819 0
-0.00511732 0.000192583 0
-0.0166434 -0.00258557 0
-0.0161114 -0.00344206 0
-0.0113113 -0.00175916 0
-0.0210764 -0.00213622 0
-0.0219148 -0.00346084 0
-0.0160594 -0.00153555 0
-0.0212038 -0.00452502 0
-0.0161454 -0.00345207 0
-0.0166756 -0.00259435 0
-0.0211129 -0.00214539 0
-0.0271095 -0.0044118 0
-0.0219525 -0.00347116 0
-0.0262766 -0.00693844 0
-0.0212121 -0.00582509 0
-0.0212517 -0.00454749 0
-1.77093e-05 -1.02044e-05 0
-0.00531207 -0.000183916 0
-1.92198e-05 -9.00695e-05 0
-0.0166266 -0.00257665 0
-0.011293 -0.00175143 0
-0.0108618 -0.00100223 0
-0.00571199 -0.000956371 0
-2.07577e-05 -0.000234723 0
-1.95941e-05 -0.000160638 0
-0.0595478 -0.0102236 0
-0.0562455 -0.00629616 0
-0.0639037 -0.0118602 0
-0.067811 -0.0163922 0
-0.059587 -0.0102574 0
-0.0639425 -0.0118948 0
-0.0628983 -0.0143078 0
-0.0580021 -0.0125095 0
-0.0550509 -0.00883083 0
-0.0341041 -0.00224117 0
-0.0399175 -0.00428556 0
-0.035519 -0.00382429 0
-0.0338606 0.000158248 0
-0.0385967 -0.00258851 0
-0.0327907 -0.000767629 0
-0.0281527 0.00180324 0
-0.0338164 0.000177293 0
-0.0296482 0.00063219 0
-0.0254403 0.000998102 0
-0.0281249 0.00180566 0
-0.0296201 0.000634981 0
-0.0267888 0.00282876 0
-0.0301729 0.00288798 0
-0.028131 0.00181947 0
-0.0374602 4.99038e-05 0
-0.0386111 -0.00258519 0
-0.0338769 0.000160856 0
-0.0466328 -0.0117157 0
-0.0513941 -0.0123818 0
-0.0538796 -0.0158724 0
-0.0430668 -0.0126084 0
-0.0465855 -0.0117121 0
-0.0483503 -0.0145035 0
-0.0420582 -0.00909096 0
-0.0425798 -0.00777028 0
-0.0471142 -0.0103973 0
-0.0415349 -0.0104026 0
-0.0420522 -0.00910412 0
-0.0465599 -0.0116864 0
-0.0415021 -0.0103898 0
-0.0369588 -0.00789477 0
-0.0420207 -0.00909143 0
-0.0389861 -0.00570406 0
-0.0399596 -0.00430627 0
-0.0437171 -0.00661149 0
-0.0374625 -0.00654909 0
-0.038973 -0.00571536 0
-0.042538 -0.00774618 0
-0.0355355 -0.00383594 0
-0.0399331 -0.00429716 0
-0.0389577 -0.0056946 0
-0.0319872 -0.00478195 0
-0.0355032 -0.00384 0
-0.0374149 -0.00653253 0
-0.0292851 -0.00122372 0
-0.027988 -5.58016e-05 0
-0.0327407 -0.000763978 0
-0.0340594 -0.00222079 0
-0.0293064 -0.00123111 0
-0.03276 -0.000771122 0
-0.0385989 -0.00259726 0
-0.0340908 -0.00222546 0
-0.0327911 -0.00077554 0
-0.0354878 -0.00381972 0
-0.030624 -0.00293517 0
-0.034073 -0.00223673 0
-0.030572 -0.00292356 0
-0.0251266 -0.00147884 0
-0.0292684 -0.00123567 0
-0.0477092 -0.00910786 0
-0.0529531 -0.0109272 0
-0.0513942 -0.0123562 0
-0.0437542 -0.0066343 0
-0.0476493 -0.00907814 0
-0.0425881 -0.00775768 0
-0.0449055 -0.00549536 0
-0.0497505 -0.00680638 0
-0.0487488 -0.00794437 0
-0.0471581 -0.0104214 0
-0.0513723 -0.0123633 0
-0.0466099 -0.0116973 0
-0.0420718 -0.00910417 0
-0.0471274 -0.0104105 0
-0.0465779 -0.0116864 0
-0.0476889 -0.00910612 0
-0.0513747 -0.0123545 0
-0.0471617 -0.0104127 0
-0.0549951 -0.0087978 0
-0.0540328 -0.00986696 0
-0.0498017 -0.00682364 0
-0.0564673 -0.0141271 0
-0.0514246 -0.0123731 0
-0.0529814 -0.010944 0
-0.0629207 -0.014333 0
-0.0616057 -0.016139 0
-0.0580241 -0.0125343 0
-0.0615905 -0.0161564 0
-0.0594396 -0.0178434 0
-0.0565227 -0.014163 0
-0.0414872 -0.0104013 0
-0.03769 -0.0111557 0
-0.0364707 -0.00921294 0
-0.0415081 -0.0104127 0
-0.0430135 -0.0125929 0
-0.037713 -0.0111671 0
-0.0369392 -0.00789508 0
-0.0414843 -0.0103903 0
-0.0364684 -0.00920192 0
-0.0313277 -0.00682746 0
-0.0369061 -0.00788322 0
-0.0364339 -0.00918992 0
-0.0374728 -0.00656038 0
-0.0425482 -0.00775748 0
-0.0420252 -0.00907801 0
-0.0425995 -0.00777035 0
-0.0476606 -0.00909083 0
-0.0471321 -0.0103973 0
-0.048351 -0.0145169 0
-0.0466816 -0.0156831 0
-0.0430661 -0.012622 0
-0.0538708 -0.0158793 0
-0.0483869 -0.0145144 0
-0.0466214 -0.0117231 0
-0.0564753 -0.0141409 0
-0.0552346 -0.0150432 0
-0.0514317 -0.0123869 0
-0.0577398 -0.0193068 0
-0.0521944 -0.0174074 0
-0.0539193 -0.0159149 0
-0.0577481 -0.0193204 0
-0.0562207 -0.0200071 0
-0.0522016 -0.017421 0
-0.0344795 0.00247673 0
-0.0302061 0.00289385 0
-0.0304998 0.00392418 0
-0.0144108 0.000588502 0
-0.0191296 0.000344434 0
-0.0151513 -0.000287714 0
-3.60093e-05 -8.1976e-06 0
-0.00481538 0.000477351 0
-0.0050853 0.000190896 0
-0.0448869 -0.00548015 0
-0.0432629 -0.00344223 0
-0.0497325 -0.00679096 0
-0.0340532 -0.00222817 0
-0.030602 -0.00292621 0
-0.029298 -0.00123812 0
-0.026124 -0.00282592 0
-0.0305845 -0.00294018 0
-0.0319318 -0.00476619 0
-0.0292528 -0.00121892 0
-0.0232222 0.000508741 0
-0.027956 -5.14854e-05 0
-0.0261 -0.00281489 0
-0.0251146 -0.00148394 0
-0.0305627 -0.0029292 0
-0.0201445 -0.000811461 0
-0.0260523 -0.00280951 0
-0.0211038 -0.00213157 0
-0.0375019 4.4794e-05 0
-0.0416821 -0.000605057 0
-0.0432101 -0.00340189 0
-0.028156 0.00181526 0
-0.0301953 0.00288425 0
-0.0336828 0.00162566 0
-0.0235455 0.00486743 0
-0.0265645 0.00409212 0
-0.0227561 0.00415404 0
-0.0343698 0.00370358 0
-0.0344926 0.00247969 0
-0.0305145 0.00392667 0
-0.0372132 0.0049332 0
-0.0382343 0.00344639 0
-0.0336053 0.00502213 0
-0.0372514 0.0049314 0
-0.0407513 0.00484019 0
-0.0423641 0.00296237 0
-0.0301786 0.00289972 0
-0.0266126 0.00408484 0
-0.0304743 0.00392909 0
-0.0338291 0.000180918 0
-0.0281681 0.0018064 0
-0.033695 0.00161659 0
-0.0267836 0.00283657 0
-0.0265993 0.00408155 0
-0.0301669 0.00289584 0
-0.0201354 -0.000799262 0
-0.0191796 0.000336638 0
-0.0250571 -0.00146582 0
-0.0250799 -0.00147692 0
-0.0260644 -0.00280711 0
-0.0201592 -0.000809357 0
-0.018068 -0.0011892 0
-0.0160246 -0.0015222 0
-0.0151517 -0.000299425 0
-0.0210762 -0.00212599 0
-0.0181017 -0.00119301 0
-0.0201178 -0.000806707 0
-0.0210641 -0.00212863 0
-0.0160463 -0.00152863 0
-0.018088 -0.00119547 0
-1.71866e-05 6.29589e-05 0
-0.00479987 0.000477325 0
-1.77004e-05 -9.13498e-06 0
-0.00423566 0.000748259 0
-0.00481183 0.000480209 0
-3.27084e-05 6.54898e-05 0
-0.0105619 -0.000474632 0
-0.0159874 -0.00152175 0
-0.0108582 -0.000995253 0
-0.0143808 0.000587719 0
-0.0151207 -0.000287665 0
-0.0101042 0.00019735 0
-0.0200993 -0.000800598 0
-0.0180817 -0.00118673 0
-0.0151671 -0.000297101 0
-0.00389267 0.000952802 0
-1.43679e-05 0.000125415 0
-1.36546e-05 0.000179536 0
-0.0100537 0.000199073 0
-0.00513633 0.000191844 0
-0.00959827 0.00064687 0
-1.55445e-05 6.36317e-05 0
-1.50135e-05 0.000124787 0
-0.00422101 0.000747412 0
-0.0629454 -0.0143259 0
-0.0595823 -0.0102653 0
-0.0678088 -0.0164007 0
-0.071874 -0.0210763 0
-0.066765 -0.0184667 0
-0.0678623 -0.0164517 0
-0.0127345 0.00135566 0
-0.0169264 0.00138108 0
-0.0143948 0.000597309 0
-2.72182e-05 0.000183414 0
-0.00367005 0.00117329 0
-0.00390317 0.000956303 0
-0.0169762 0.00137815 0
-0.0231522 0.000518713 0
-0.0191634 0.000349987 0
-0.0193895 0.00268215 0
-0.0203847 0.00176742 0
-0.0153658 0.00228251 0
-0.0194168 0.00268139 0
-0.0237765 0.00199691 0
-0.0204134 0.00176598 0
-0.0199273 0.00382967 0
-0.022582 0.00302481 0
-0.0175715 0.00339073 0
-0.0169466 0.00137775 0
-0.0191341 0.00035043 0
-0.0144178 0.0005939 0
-0.0153308 0.00227637 0
-0.0169284 0.00138699 0
-0.0127389 0.00136108 0
-0.0204031 0.00175689 0
-0.0231549 0.000523828 0
-0.0169817 0.00138265 0
-0.0237962 0.00199111 0
-0.0253939 0.00100286 0
-0.0204343 0.00176048 0
-0.023211 0.000504453 0
-0.0292444 -0.00122386 0
-0.0251003 -0.00146693 0
-0.0254172 0.000991515 0
-0.0279432 -4.40714e-05 0
-0.0232093 0.000515599 0
-0.020431 0.00175589 0
-0.0253925 0.000997735 0
-0.0231827 0.000521936 0
-0.0238221 0.00199131 0
-0.0281064 0.0018101 0
-0.0254198 0.00100281 0
-0.0341158 -0.00223728 0
-0.0386219 -0.00260906 0
-0.0399268 -0.00428125 0
-0.0296437 0.000622917 0
-0.032741 -0.000757591 0
-0.0279896 -4.97264e-05 0
-0.0296638 0.000623616 0
-0.0338317 0.000168343 0
-0.0327598 -0.000756826 0
-0.0430431 -0.0125947 0
-0.041538 -0.0104144 0
-0.0465637 -0.0116982 0
-0.0306158 -0.0029435 0
-0.0354818 -0.00382833 0
-0.0319632 -0.00476968 0
-0.0487803 -0.00795917 0
-0.0497801 -0.00682078 0
-0.0540126 -0.00986415 0
-0.0477008 -0.00909316 0
-0.0487688 -0.00797017 0
-0.0529438 -0.0109123 0
-0.0476692 -0.00907872 0
-0.0437756 -0.00663505 0
-0.048739 -0.00795598 0
-0.0437664 -0.00662303 0
-0.0448847 -0.00549462 0
-0.0487295 -0.00794385 0
-0.0389948 -0.00571568 0
-0.043726 -0.00662314 0
-0.0425582 -0.00774631 0
-0.0399801 -0.00430569 0
-0.0448562 -0.0054826 0
-0.0437361 -0.00661062 0
-0.0374376 -0.00653559 0
-0.0355258 -0.00384305 0
-0.0389494 -0.00570222 0
-0.0386574 -0.00261958 0
-0.0448395 -0.00546899 0
-0.0399629 -0.00429228 0
-0.0432458 -0.00341757 0
-0.0417154 -0.000618669 0
-0.0477276 -0.00431062 0
-0.0386695 -0.0026169 0
-0.0432262 -0.00342864 0
-0.0448494 -0.00546581 0
-0.0386437 -0.00259792 0
-0.0374904 3.89413e-05 0
-0.0432013 -0.00340941 0
-0.0477544 -0.00433197 0
-0.0497409 -0.00678675 0
-0.0432738 -0.00343868 0
-0.0461678 -0.00161075 0
-0.047736 -0.00430387 0
-0.0417266 -0.000613429 0
-0.053627 -0.003022 0
-0.0508473 2.38595e-05 0
-0.0567214 -0.00386008 0
-0.0434519 0.00114486 0
-0.0472917 0.000610083 0
-0.0500078 -0.00226883 0
-0.0425864 0.000286281 0
-0.0434214 0.00114601 0
-0.0461551 -0.00158896 0
-0.0417097 -0.000598925 0
-0.0425806 0.000280436 0
-0.0461509 -0.0015957 0
-0.0416819 -0.00058982 0
-0.038164 0.00102669 0
-0.0425547 0.000288922 0
-0.0388165 0.00196768 0
-0.0382727 0.00342361 0
-0.0433838 0.0011683 0
-0.0424164 0.00294002 0
-0.0457987 0.00269528 0
-0.0472734 0.000633145 0
-0.0562068 -0.00627458 0
-0.059507 -0.0102001 0
-0.0519619 -0.00508605 0
-0.0519018 -0.00506895 0
-0.0497702 -0.00679239 0
-0.0477835 -0.00433746 0
-0.0508229 5.16403e-05 0
-0.048854 0.00244597 0
-0.0536653 -0.000587603 0
-0.0473027 0.000622723 0
-0.0458261 0.0026865 0
-0.0507918 5.65961e-05 0
-0.0425618 0.000298234 0
-0.0388311 0.00195717 0
-0.0433984 0.00115706 0
-0.0382649 0.00343869 0
-0.0372418 0.00492717 0
-0.0423573 0.00295711 0
-0.0433944 0.00117202 0
-0.0382859 0.0034265 0
-0.0423777 0.00294407 0
-0.0343924 0.0037105 0
-0.0335947 0.00501845 0
-0.038226 0.00344185 0
-0.0407873 0.00483874 0
-0.0442946 0.00465717 0
-0.0457822 0.00271592 0
-0.0602117 -0.00766432 0
-0.0639046 -0.0118511 0
-0.0562494 -0.00628805 0
-0.0579747 -0.0125163 0
-0.056489 -0.0141276 0
-0.0530039 -0.0109444 0
-0.0519562 -0.00509388 0
-0.0595045 -0.0102092 0
-0.05502 -0.00879258 0
-0.0749494 -0.0268076 0
-0.0692294 -0.0238949 0
-0.0706163 -0.022749 0
-0.0580022 -0.0125337 0
-0.0615844 -0.0161382 0
-0.0565189 -0.014145 0
-0.0706308 -0.0227356 0
-0.0719143 -0.0211223 0
-0.0761102 -0.0256979 0
-0.0629485 -0.0143529 0
-0.0667133 -0.018443 0
-0.0616361 -0.0161588 0
-0.0629694 -0.0143536 0
-0.0678336 -0.016429 0
-0.0667339 -0.0184442 0
-0.00578591 -0.00132625 0
-0.00554357 -0.00167555 0
-4.02696e-05 -0.000307829 0
-0.0212184 -0.00453615 0
-0.0211774 -0.0058128 0
-0.0161612 -0.00346251 0
-0.0262676 -0.00565343 0
-0.0262924 -0.00693758 0
-0.0212701 -0.00454712 0
-0.0374221 -0.00655081 0
-0.0369128 -0.00787177 0
-0.0325592 -0.0060921 0
-0.0323444 -0.00979598 0
-0.031104 -0.0107994 0
-0.0271027 -0.0084669 0
-0.03642 -0.00920074 0
-0.0323761 -0.00978914 0
-0.0314053 -0.00807346 0
-0.0376581 -0.0111655 0
-0.0359528 -0.012637 0
-0.0323958 -0.00981128 0
-0.0263324 -0.00696482 0
-0.0323293 -0.00978312 0
-0.0270862 -0.00845384 0
-0.0412846 -0.0141387 0
-0.0450308 -0.0165463 0
-0.0392639 -0.0151589 0
-0.0376867 -0.0111801 0
-0.0412498 -0.0141121 0
-0.0359834 -0.0126512 0
-0.0377113 -0.0111797 0
-0.0430129 -0.0126056 0
-0.0412726 -0.0141121 0
-0.0126917 0.00135483 0
-0.00961747 0.000654179 0
-0.00850217 0.00115758 0
-0.00330348 0.00129156 0
-0.00366734 0.001175 0
-2.49597e-05 0.00023109 0
-0.0112448 0.00212361 0
-0.0126928 0.00136169 0
-0.00795397 0.00148953 0
-0.00845959 0.00115476 0
-0.00484001 0.000483277 0
-0.00426326 0.000752513 0
-0.0540535 -0.00989321 0
-0.057966 -0.012502 0
-0.0529962 -0.0109303 0
-0.0487908 -0.00797284 0
-0.0540236 -0.00987809 0
-0.0529644 -0.010915 0
-0.0550212 -0.00881658 0
-0.0579714 -0.0124946 0
-0.0540604 -0.00988611 0
-0.0519244 -0.00508318 0
-0.0549873 -0.00878116 0
-0.0497956 -0.00680759 0
-0.0595407 -0.0102407 0
-0.062902 -0.0142999 0
-0.0550575 -0.00882348 0
-0.0145056 0.00293729 0
-0.0193703 0.0026864 0
-0.0153455 0.00228602 0
-0.00597047 0.00223714 0
-0.00521577 0.00231568 0
-0.00809239 0.00304721 0
-0.0105752 0.00261651 0
-0.006877 0.00208233 0
-0.00925299 0.00289289 0
-0.00285786 0.00136527 0
-1.88698e-05 0.000306055 0
-0.00248431 0.00139999 0
-0.00684046 0.00207565 0
-0.00333424 0.00130174 0
-0.00596014 0.00223056 0
-1.05661e-05 0.000268537 0
-9.70214e-06 0.000301694 0
-0.00285096 0.00136186 0
-0.0199056 0.00383215 0
-0.0175484 0.00339293 0
-0.0158546 0.0037813 0
-0.0227143 0.0041518 0
-0.0199281 0.00383658 0
-0.0176646 0.00436002 0
-0.0225814 0.00302071 0
-0.0194038 0.00268997 0
-0.0175689 0.00338708 0
-0.0227305 0.0041472 0
-0.0225988 0.00302725 0
-0.0199446 0.0038322 0
-0.02263 0.00301346 0
-0.0280965 0.00181737 0
-0.0238126 0.00199812 0
-0.00686072 0.00208064 0
-0.00597937 0.00223606 0
-0.00923835 0.00289188 0
-0.00748934 0.00188118 0
-0.00687012 0.00207877 0
-0.0105706 0.00261318 0
-0.0144643 0.00293642 0
-0.0112602 0.0021325 0
-0.0106075 0.00261672 0
-0.00390582 0.000954228 0
-0.00423228 0.000750608 0
-2.93632e-05 0.000127994 0
-0.00745757 0.00187307 0
-0.00392867 0.000961596 0
-0.00369413 0.00117934 0
-0.00790218 0.00148323 0
-0.00425891 0.00075476 0
-0.00393145 0.000959252 0
-0.0112283 0.00212549 0
-0.00793627 0.00149052 0
-0.00749423 0.00187783 0
-0.0105845 0.00261301 0
-0.011236 0.00212923 0
-0.00750436 0.0018818 0
-0.0153129 0.00227894 0
-0.0127183 0.00136363 0
-0.0112691 0.00212648 0
-0.00846865 0.00115827 0
-0.00427524 0.000755819 0
-0.0079166 0.00148342 0
-0.00329978 0.00129256 0
-2.184e-05 0.000272613 0
-0.0028614 0.00136467 0
-0.0036906 0.00118088 0
-0.00332544 0.00129797 0
-0.00683428 0.00207234 0
-0.00746593 0.00187669 0
-0.00370532 0.00118334 0
-0.00684765 0.00207377 0
-1.35806e-05 0.000180239 0
-1.2787e-05 0.000226844 0
-0.00365797 0.00117141 0
-1.21865e-05 0.000227315 0
-1.12885e-05 0.00026829 0
-0.00329182 0.00128907 0
-0.0601775 -0.00763423 0
-0.0562148 -0.00625898 0
-0.0536551 -0.00305469 0
-0.0024752 0.00139697 0
-9.17949e-06 0.000301896 0
-8.34652e-06 0.00032575 0
-0.0113858 0.00357631 0
-0.00812725 0.00305634 0
-0.0102911 0.00371055 0
-0.00250083 0.00140675 0
-0.00518782 0.00230761 0
-0.00287579 0.0013718 0
-0.0113832 0.00357368 0
-0.00925976 0.00289928 0
-0.00812285 0.00305349 0
-0.012698 0.00336685 0
-0.0144676 0.00294058 0
-0.0106133 0.0026209 0
-0.050795 6.33907e-05 0
-0.045833 0.00269206 0
-0.0488286 0.00245585 0
-0.0535935 -0.0030147 0
-0.0500427 -0.00228387 0
-0.047325 0.000597296 0
-0.0601775 -0.00762565 0
-0.0536588 -0.0030473 0
-0.0567519 -0.00388625 0
-0.0561798 -0.00624038 0
-0.0500732 -0.00230679 0
-0.0536225 -0.00303806 0
-0.0434465 0.00113837 0
-0.0500057 -0.00227716 0
-0.0461809 -0.00159793 0
-0.00215371 0.00138833 0
-0.00248122 0.0014002 0
-1.62285e-05 0.000329977 0
-0.0040295 0.00225464 0
-0.00216478 0.00139451 0
-0.00184772 0.00134521 0
-0.00403875 0.00225757 0
-0.00460759 0.00231268 0
-0.00217422 0.00139817 0
-0.00598468 0.00223948 0
-0.00810529 0.00304886 0
-0.00924136 0.00289503 0
-0.00288792 0.00137509 0
-0.0051989 0.00230999 0
-0.00595252 0.00223178 0
-7.05977e-06 0.000339387 0
-0.00214557 0.00138516 0
-7.89149e-06 0.000325832 0
-0.0021683 0.00139494 0
-0.00460324 0.00231017 0
-0.00249714 0.00140674 0
-0.00463581 0.00232129 0
-0.00657502 0.00306097 0
-0.00808998 0.00305 0
-0.00250764 0.00141027 0
-0.00461324 0.00231285 0
-0.00519267 0.00231045 0
-0.00405291 0.00226312 0
-0.00656225 0.0030585 0
-0.00462283 0.00231814 0
-0.0381461 0.00102607 0
-0.0416656 -0.000590716 0
-0.0374853 5.87865e-05 0
-0.0337398 0.00161352 0
-0.0381203 0.00103322 0
-0.0374579 6.65423e-05 0
-0.0388126 0.00195688 0
-0.0425449 0.000297726 0
-0.0381544 0.00103509 0
-0.0382434 0.00343126 0
-0.0387852 0.0019768 0
-0.0344101 0.00370052 0
-0.042407 0.0029354 0
-0.0472669 0.000627405 0
-0.0434257 0.00116173 0
-0.00215073 0.00138811 0
-1.36952e-05 0.000343364 0
-0.001835 0.00133891 0
-0.0241748 0.0100192 0
-0.0205038 0.00857583 0
-0.0224251 0.0101972 0
-0.0245498 0.0126585 0
-0.0282395 0.0115862 0
-0.0224518 0.0102167 0
-0.0193663 0.00699952 0
-0.0234795 0.00762719 0
-0.0219075 0.00710849 0
-0.0157037 0.00616145 0
-0.0193274 0.00699201 0
-0.0178335 0.00649934 0
-0.0208953 0.00762914 0
-0.0234754 0.00762939 0
-0.0193637 0.00700073 0
-0.0204852 0.00856235 0
-0.0224211 0.0085894 0
-0.0186957 0.0074608 0
-0.0224439 0.00858918 0
-0.0250068 0.00848233 0
-0.0209112 0.00763696 0
-0.0282544 0.0115736 0
-0.026658 0.00971864 0
-0.0242148 0.0100277 0
-0.0316265 0.00829927 0
-0.035821 0.00840672 0
-0.0361081 0.00719035 0
-0.0298164 0.00690507 0
-0.0285756 0.00748919 0
-0.0329473 0.00704996 0
-0.0274639 0.00804511 0
-0.0295694 0.00945932 0
-0.0315763 0.00830485 0
-0.0312006 0.0107933 0
-0.0295659 0.00947385 0
-0.0266862 0.00971556 0
-0.0312303 0.0107943 0
-0.0357159 0.00989382 0
-0.0295973 0.00947495 0
-0.039315 0.0103461 0
-0.0394634 0.00821199 0
-0.0357756 0.00988715 0
-0.0266386 0.0097099 0
-0.0224608 0.00860089 0
-0.0241954 0.0100169 0
-0.0132238 0.0054728 0
-0.0104061 0.00456139 0
-0.011889 0.00498872 0
-0.0339454 0.0158016 0
-0.0326058 0.0132598 0
-0.0295804 0.0147251 0
-0.035622 0.0185987 0
-0.0339609 0.0158289 0
-0.0312909 0.0178428 0
-0.0379784 0.0145561 0
-0.0412775 0.0129937 0
-0.0359208 0.0118521 0
-0.0166823 0.00712102 0
-0.0184485 0.00852452 0
-0.0204638 0.00856194 0
-0.0295519 0.0147403 0
-0.0268674 0.0164272 0
-0.0312469 0.0178315 0
-0.0205185 0.0107597 0
-0.0245245 0.0126565 0
-0.0224257 0.0102127 0
-0.0205201 0.0107711 0
-0.0226502 0.0142787 0
-0.0245241 0.0126707 0
-0.0237828 0.00200131 0
-0.0194252 0.00268545 0
-0.0226016 0.00301582 0
-0.0267635 0.00282931 0
-0.0281053 0.00182028 0
-0.0226409 0.00301613 0
-0.02962 0.000628608 0
-0.0279641 -4.37582e-05 0
-0.025439 0.000991936 0
-0.0132236 0.00547279 0
-0.0116123 0.00503181 0
-0.0104045 0.0045617 0
-0.00123847 0.00116004 0
-0.00258729 0.00191601 0
-0.00289181 0.00203537 0
-3.54204e-06 0.00031447 0
-0.00122034 0.00114896 0
-4.22346e-06 0.000333968 0
-0.00105931 0.00104754 0
-0.00258052 0.00191263 0
-0.00123274 0.0011566 0
-0.00123438 0.0011575 0
-0.00288831 0.00203346 0
-0.00144373 0.00125206 0
-0.00331999 0.00223131 0
-0.00380038 0.00249699 0
-0.00217241 0.00168643 0
-0.00437196 0.00272118 0
-0.00290313 0.0020408 0
-0.00259743 0.00192113 0
-0.00652468 0.00352671 0
-0.00740441 0.00384906 0
-0.00516434 0.00305171 0
-0.00355675 0.00218181 0
-0.0040335 0.00225694 0
-0.00185299 0.00134822 0
-0.00458901 0.00273096 0
-0.00620059 0.00318615 0
-0.0035735 0.00218992 0
-0.00290523 0.00204133 0
-0.00457676 0.00272688 0
-0.00321062 0.00212192 0
-0.00599316 0.00327942 0
-0.00620832 0.00318939 0
-0.00459698 0.00273454 0
-0.00620004 0.00318499 0
-0.00404901 0.00226326 0
-0.00357118 0.00218812 0
-0.00588591 0.00332387 0
-0.00599089 0.00327977 0
-0.00439319 0.00272991 0
-0.0102747 0.00370928 0
-0.00811019 0.00305439 0
-0.00659281 0.0030659 0
-0.00161661 0.00129466 0
-0.0018325 0.00133844 0
-1.15553e-05 0.000350469 0
-0.0031958 0.00211483 0
-0.00162592 0.0013002 0
-0.00144552 0.00125268 0
-0.00320308 0.00211778 0
-0.00355264 0.0021811 0
-0.00163288 0.0013036 0
-0.00162787 0.00130064 0
-0.00354861 0.00217885 0
-0.00184499 0.00134467 0
-0.0043788 0.00272379 0
-0.00458041 0.00272875 0
-0.00290951 0.00204361 0
-0.0043885 0.00272774 0
-0.00598682 0.00327786 0
-0.0045913 0.00273296 0
-0.00463056 0.00231851 0
-0.00808644 0.00304774 0
-0.00521148 0.00231591 0
-0.0112769 0.00213163 0
-0.0144793 0.00293506 0
-0.0153178 0.0022843 0
-0.0113981 0.00357448 0
-0.0126832 0.00337 0
-0.00927586 0.0029006 0
-0.0143357 0.00405794 0
-0.011407 0.00357954 0
-0.0103113 0.00371421 0
-0.0143444 0.00405645 0
-0.0127003 0.00337369 0
-0.011415 0.00357842 0
-0.0169541 0.00138817 0
-0.015356 0.00227823 0
-0.0203776 0.00176291 0
-0.00963866 0.000652454 0
-0.0127101 0.00135288 0
-0.0143708 0.000595202 0
-0.00849686 0.00116021 0
-0.00794362 0.00148616 0
-0.0126852 0.00135847 0
-0.00485939 0.000483273 0
-0.00847618 0.00115418 0
-0.00959135 0.000651765 0
-0.00791149 0.00148695 0
-0.0039438 0.00096312 0
-0.00747086 0.0018736 0
-0.00332024 0.00129882 0
-0.00288043 0.00137137 0
-0.0059475 0.00222862 0
-0.00927211 0.00289737 0
-0.0126814 0.00336684 0
-0.0105948 0.00262051 0
-0.0175203 0.0033891 0
-0.014491 0.00294294 0
-0.0127207 0.0033699 0
-0.0175421 0.00338646 0
-0.0193763 0.00269016 0
-0.014514 0.00294101 0
-6.64233e-06 0.000339416 0
-5.84441e-06 0.000346764 0
-0.00182779 0.0013357 0
-5.71708e-06 0.000346777 0
-4.90621e-06 0.000345099 0
-0.00161016 0.00129147 0
-0.0343967 0.00369762 0
-0.0387738 0.00197322 0
-0.0345214 0.00247256 0
-0.0500334 -0.00229838 0
-0.0518951 -0.00504372 0
-0.04621 -0.00161883 0
-0.0508169 3.75175e-05 0
-0.0535943 -0.00300603 0
-0.0473296 0.000604198 0
-0.0561757 -0.00624786 0
-0.0519296 -0.00505995 0
-0.050066 -0.00231298 0
-0.051889 -0.00505113 0
-0.0477714 -0.00431981 0
-0.0462011 -0.00162492 0
-0.00142962 0.00124379 0
-4.98113e-06 0.000345169 0
-4.2043e-06 0.000334047 0
-0.0399846 0.0064689 0
-0.0394915 0.00818867 0
-0.043347 0.00658351 0
-0.0282923 0.0116001 0
-0.029561 0.0147082 0
-0.0325871 0.0132468 0
-0.0312152 0.0108113 0
-0.0282976 0.0115892 0
-0.032593 0.0132326 0
-0.0242009 0.0100293 0
-0.0224503 0.0102093 0
-0.0282396 0.0115774 0
-0.0359251 0.0118394 0
-0.0412819 0.0129783 0
-0.0393214 0.0103682 0
-0.0203472 0.00527156 0
-0.0174636 0.00543821 0
-0.0198334 0.00573402 0
-0.0235256 0.00487548 0
-0.0203788 0.00526852 0
-0.0230309 0.00541387 0
-0.0200499 0.00475362 0
-0.015717 0.00465406 0
-0.0176875 0.00506961 0
-0.0153087 0.0067024 0
-0.0127714 0.00463091 0
-0.0142748 0.00587389 0
-0.0204806 0.0107388 0
-0.0184494 0.00853582 0
-0.0170137 0.008471 0
-0.0166649 0.0071096 0
-0.0186566 0.00744882 0
-0.0150211 0.00617361 0
-0.00161446 0.00129405 0
-9.88308e-06 0.000348603 0
-0.00143543 0.00124696 0
-0.00105155 0.00104256 0
-0.00122353 0.00115095 0
-7.14176e-06 0.000317233 0
-0.00259342 0.0019193 0
-0.00216946 0.0016851 0
-0.00379848 0.00249622 0
-0.0119065 0.00499436 0
-0.013421 0.00549805 0
-0.0156625 0.00615182 0
-0.013242 0.00547798 0
-0.0119052 0.00499456 0
-0.0156631 0.00615138 0
-0.0138204 0.00564805 0
-0.0127684 0.00463153 0
-0.015309 0.00670033 0
-0.00906688 0.00371624 0
-0.0104616 0.00413071 0
-0.0118735 0.00498177 0
-0.00470897 0.000325215 0
-0.00512782 0.00149138 0
-0.00392736 0.00104877 0
-0.00579359 -0.00030001 0
-0.00471495 0.000314516 0
-0.00471499 -0.000316294 0
-0.00582089 0.000664478 0
-0.00513367 0.00149029 0
-0.00471583 0.000323665 0
-0.00909006 0.00321694 0
-0.00791541 0.00296655 0
-0.00748604 0.00226087 0
-0.00790756 0.00296774 0
-0.00767898 0.00333896 0
-0.00650579 0.00247647 0
-0.00648884 0.00246781 0
-0.00535616 0.00222598 0
-0.00513854 0.00150254 0
-0.00747783 0.0022585 0
-0.00790663 0.00296409 0
-0.00650587 0.00247287 0
-0.00730279 0.00147941 0
-0.0074748 0.00225055 0
-0.00626872 0.00161932 0
-0.0073103 0.00148218 0
-0.00866691 0.00247462 0
-0.00748314 0.00225341 0
-0.00767411 0.003339 0
-0.00636183 0.00298743 0
-0.00650018 0.00247671 0
-0.012521 0.00306271 0
-0.0143055 0.00413644 0
-0.0142686 0.00586225 0
-0.0379527 0.0145871 0
-0.0339837 0.0158188 0
-0.0356438 0.0185847 0
-0.0425974 0.0107389 0
-0.0393448 0.0103644 0
-0.0413023 0.0129738 0
-0.0295292 0.014725 0
-0.02457 0.0126898 0
-0.0268452 0.0164068 0
-0.0339406 0.0158173 0
-0.0295766 0.0147395 0
-0.0312705 0.0178277 0
-0.0282773 0.0115762 0
-0.0311958 0.010801 0
-0.0266822 0.00972129 0
-0.000751804 0.000761305 0
-0.00157507 0.00121029 0
-0.00192989 0.00150714 0
-5.01907e-06 0.000253499 0
-0.000743532 0.000756233 0
-0.000918217 0.000928254 0
-0.000659158 0.000626371 0
-0.0015707 0.00120728 0
-0.000748 0.000758442 0
-0.0166234 0.00659691 0
-0.0186772 0.00745134 0
-0.0208692 0.00762781 0
-0.0134359 0.00550373 0
-0.0165886 0.00658528 0
-0.0156796 0.00615648 0
-0.0134351 0.0055031 0
-0.0150036 0.00616537 0
-0.0165856 0.0065857 0
-0.0104749 0.00413698 0
-0.0134037 0.00549114 0
-0.0118893 0.00498738 0
-0.0184314 0.00852388 0
-0.0153391 0.00672196 0
-0.0169974 0.00845577 0
-0.0224046 0.0102007 0
-0.0184678 0.00854196 0
-0.0204988 0.0107439 0
-0.0166652 0.00711462 0
-0.0153373 0.00671885 0
-0.0184314 0.00851842 0
-0.0186758 0.00745593 0
-0.0166822 0.00711846 0
-0.0204656 0.00855767 0
-0.0138343 0.00565599 0
-0.0153228 0.00670835 0
-0.016649 0.00710593 0
-0.0104761 0.00413547 0
-0.0119129 0.00466187 0
-0.0134026 0.00549045 0
-0.0115374 0.00399788 0
-0.00974644 0.00191601 0
-0.0110282 0.00230314 0
-0.0138064 0.00564003 0
-0.0115592 0.00401717 0
-0.0127575 0.00462161 0
-0.0102964 0.00353351 0
-0.00851401 0.0016638 0
-0.00973407 0.00191277 0
-0.0119057 0.0046551 0
-0.0103168 0.00354983 0
-0.0115454 0.00401028 0
-0.0119029 0.00465519 0
-0.0104665 0.00412879 0
-0.0103126 0.00355058 0
-0.014988 0.00615995 0
-0.0119292 0.00466901 0
-0.0138175 0.00564636 0
-0.00877423 0.000877877 0
-0.0080912 2.23622e-06 0
-0.00926503 2.949e-06 0
-0.011537 0.00400109 0
-0.0103085 0.00354099 0
-0.0097422 0.00192086 0
-0.00791561 0.00297192 0
-0.00904507 0.00370676 0
-0.00768835 0.00334304 0
-0.00626524 0.00162271 0
-0.00747264 0.0022539 0
-0.00649964 0.00246848 0
-0.00909538 0.00322191 0
-0.00904932 0.00370642 0
-0.00792068 0.00297138 0
-0.037972 0.0145957 0
-0.0356632 0.0185963 0
-0.0397217 0.0188883 0
-0.03589 0.0118526 0
-0.0326414 0.0132479 0
-0.0379503 0.0145575 0
-0.0329633 0.00704481 0
-0.033401 0.00609436 0
-0.0298325 0.0069008 0
-0.0247886 0.0071849 0
-0.0274374 0.00803505 0
-0.0285408 0.00749293 0
-0.0361193 0.00717771 0
-0.0375052 0.00601233 0
-0.0329983 0.00704602 0
-0.0394682 0.00818974 0
-0.0399598 0.00647132 0
-0.0361503 0.00718278 0
-0.0433624 0.00657135 0
-0.0442827 0.00467591 0
-0.0400013 0.00645798 0
-0.0326353 0.0132601 0
-0.0339734 0.0158005 0
-0.0379439 0.014572 0
-0.0312417 0.0108122 0
-0.0326178 0.0132334 0
-0.035868 0.0118414 0
-0.0282638 0.011598 0
-0.0245734 0.0126757 0
-0.0295344 0.0147073 0
-0.000654213 0.000623267 0
-0.000742323 0.000754714 0
-4.18781e-06 0.000211427 0
-0.00249418 0.00161207 0
-0.00346724 0.00195248 0
-0.00418874 0.00247371 0
-0.00216659 0.00168309 0
-0.00194083 0.00151385 0
-0.00331378 0.00222807 0
-0.00142091 0.00101168 0
-0.00131663 0.000755497 0
-0.00209441 0.00110594 0
-0.000603247 0.000476333 0
-0.0014134 0.00100876 0
-0.000658471 0.000625023 0
-0.00210625 0.00111085 0
-0.0030157 0.00139765 0
-0.00346117 0.0019469 0
-0.00142472 0.00101448 0
-0.00209793 0.00110875 0
-0.00248007 0.00160414 0
-0.00131606 0.000753893 0
-0.0012267 0.000535937 0
-0.00209327 0.00110384 0
-1.73676e-06 0.000110925 0
-1.56128e-06 5.69102e-05 0
-0.000547156 0.000324841 0
-0.0020211 0.000727283 0
-0.00301085 0.00139338 0
-0.0021019 0.00110696 0
-8.42404e-06 0.000337188 0
-0.00122547 0.00115208 0
-0.0014333 0.00124606 0
-0.00106273 0.00104962 0
-0.00216094 0.00168048 0
-0.00258323 0.00191409 0
-3.01981e-06 0.000286856 0
-0.00104716 0.00103963 0
-3.60292e-06 0.000314318 0
-6.08885e-06 0.000289223 0
-0.00091981 0.000929774 0
-0.00105001 0.00104136 0
-0.0038194 0.00250549 0
-0.00515032 0.00304645 0
-0.00588024 0.00332219 0
-0.00260086 0.00192296 0
-0.00380611 0.00249967 0
-0.00437448 0.00272247 0
-0.0033293 0.00223569 0
-0.00514159 0.00304283 0
-0.00381105 0.00250172 0
-0.000740222 0.000753681 0
-2.46676e-06 0.000251235 0
-2.07114e-06 0.000210017 0
-0.00215805 0.00167852 0
-0.000929702 0.000936004 0
-0.00193315 0.00150967 0
-3.07147e-06 0.000286613 0
-2.55473e-06 0.000251683 0
-0.000915907 0.000926978 0
-0.00891761 0.00415442 0
-0.00792918 0.00395254 0
-0.00706406 0.00347787 0
-0.000605511 0.000476902 0
-0.00131169 0.000753503 0
-0.00141545 0.00100906 0
-0.0100197 0.00460413 0
-0.00893873 0.00416187 0
-0.0115966 0.00502767 0
-0.00157933 0.0012115 0
-0.00142282 0.00101453 0
-0.00247886 0.00160469 0
-0.000925214 0.000932862 0
-0.000749437 0.00076013 0
-0.001928 0.00150649 0
-0.000661467 0.000627381 0
-0.00141697 0.00101142 0
-0.00157282 0.00120793 0
-0.0205006 0.0107664 0
-0.0190025 0.011476 0
-0.0226317 0.0142765 0
-0.0268223 0.0164069 0
-0.024546 0.0126869 0
-0.0226709 0.0143011 0
-0.00905274 0.00371223 0
-0.0103764 0.00455028 0
-0.00769564 0.00334846 0
-0.00729769 0.00146763 0
-0.00583538 0.00066233 0
-0.00692676 -0.000267719 0
-0.00649109 0.00246584 0
-0.00514226 0.00150046 0
-0.00625768 0.00162025 0
-0.00635333 0.00298367 0
-0.00536021 0.0022309 0
-0.00649321 0.00247297 0
-0.00705502 0.00347198 0
-0.00636372 0.00299064 0
-0.00767665 0.00334244 0
-0.00704594 0.00346946 0
-0.00509579 0.00262517 0
-0.00635504 0.00298827 0
-0.0103771 0.00455158 0
-0.0089271 0.00415603 0
-0.00769407 0.00335012 0
-0.0079169 0.00394927 0
-0.00652847 0.00352723 0
-0.00578477 0.00312013 0
-0.00403604 0.00167245 0
-0.00513103 0.00150011 0
-0.00534771 0.00222327 0
-0.00391543 0.00104443 0
-0.00273719 0.000312257 0
-0.00367926 0.00032484 0
-0.0150051 0.00616739 0
-0.0138325 0.005655 0
-0.0166488 0.00710347 0
-0.0166039 0.00659174 0
-0.0150202 0.00617251 0
-0.0186574 0.00744657 0
-0.013419 0.00549673 0
-0.0119268 0.00466911 0
-0.0149875 0.00615903 0
-0.000926608 0.000934192 0
-0.00215535 0.00167724 0
-0.00105782 0.00104637 0
-0.00248366 0.00160772 0
-0.00282946 0.00190922 0
-0.00158377 0.00121448 0
-0.00158164 0.00121393 0
-0.00282792 0.00190911 0
-0.00193751 0.00151131 0
-0.008914 -0.00415178 0
-0.00636701 -0.00299492 0
-0.00749735 -0.00375351 0
-0.0105287 -0.00445171 0
-0.00803933 -0.00358974 0
-0.0107827 -0.00472522 0
-0.00904316 -0.00370774 0
-0.00675597 -0.00274543 0
-0.0080214 -0.00358047 0
-0.0086926 -0.00277208 0
-0.0104531 -0.00412276 0
-0.0101248 -0.00335362 0
-0.00636358 -0.00298948 0
-0.00801225 -0.00357809 0
-0.00674712 -0.0027431 0
-0.0105465 -0.00445642 0
-0.0137251 -0.00561668 0
-0.0104716 -0.00413602 0
-0.0061225 -0.00132494 0
-0.00471604 -0.000324615 0
-0.00499977 -0.00118906 0
-0.00367858 0.000320274 0
-0.00273647 0.0003081 0
-0.00367796 -0.000317641 0
-0.00368857 -0.000320161 0
-0.00470788 -0.00031637 0
-0.00470778 0.000314185 0
-0.00292473 0.000899681 0
-0.0040204 0.0016674 0
-0.00302046 0.00139604 0
-0.00470537 0.000321296 0
-0.00392204 0.00104486 0
-0.0036859 0.000324859 0
-0.00512677 0.00149609 0
-0.00403093 0.00166859 0
-0.00392511 0.00105312 0
-0.00507518 0.00261563 0
-0.00347542 0.00195342 0
-0.00402838 0.00167536 0
-0.00634912 0.0029841 0
-0.00509028 0.00262114 0
-0.00535512 0.00223153 0
-0.00577442 0.00311629 0
-0.0065169 0.00352324 0
-0.00461604 0.00277083 0
-0.00704451 0.00346998 0
-0.00577777 0.00311552 0
-0.00509333 0.00262553 0
-0.0070539 0.00347445 0
-0.00791797 0.00394905 0
-0.00578713 0.00312003 0
-0.00291668 0.00089125 0
-0.00188312 0.000280433 0
-0.00272786 0.000311786 0
-0.00291469 0.000892698 0
-0.00202049 0.000723035 0
-0.00188046 0.000281743 0
-0.00346817 0.00194926 0
-0.00302216 0.00139952 0
-0.00402259 0.00167134 0
-0.00345993 0.00194775 0
-0.00248725 0.00160747 0
-0.00210398 0.00111143 0
-0.00534784 0.00222711 0
-0.00508132 0.00261665 0
-0.00403474 0.00167598 0
-0.0028339 0.00191253 0
-0.00331565 0.00222858 0
-0.0019433 0.00151483 0
-0.00418709 0.00247377 0
-0.00283862 0.00191366 0
-0.00249181 0.00161176 0
-0.0041945 0.00247767 0
-0.0045978 0.00276304 0
-0.00284535 0.00191756 0
-0.000549346 0.000326538 0
-0.000598317 0.000472292 0
-3.41695e-06 0.000112062 0
-0.00115593 0.000307403 0
-0.000552895 0.000326367 0
-0.000509375 0.000151132 0
-0.00122192 0.000533628 0
-0.0013107 0.000751102 0
-0.000555612 0.000328719 0
-0.000503613 0.000148999 0
-1.59426e-06 5.6333e-05 0
-1.50636e-06 8.00094e-07 0
-1.53273e-06 -5.56047e-05 0
-0.000495924 -7.15822e-07 0
-1.56277e-06 2.31943e-07 0
-0.000553518 0.00032844 0
-0.00130868 0.00075103 0
-0.000602967 0.000474828 0
-0.00115832 0.000308704 0
-0.00122142 0.000532144 0
-0.000555328 0.000327723 0
-0.00201557 0.000724635 0
-0.00209547 0.00110377 0
-0.00122912 0.00053591 0
-0.000651438 0.000621039 0
-2.11862e-06 0.000209617 0
-1.79119e-06 0.00016291 0
-0.000653386 0.000621786 0
-3.71634e-06 0.000163937 0
-0.000598877 0.00047383 0
-0.0142656 0.00586123 0
-0.012762 0.00461916 0
-0.0125146 0.00306614 0
-0.0169836 0.00845381 0
-0.0142915 0.00589029 0
-0.0161269 0.00802098 0
-0.0169829 0.00844736 0
-0.0153243 0.00671353 0
-0.0142875 0.00588819 0
-0.0204808 0.0107499 0
-0.0170162 0.00847839 0
-0.0189843 0.0114533 0
-0.0184669 0.00853613 0
-0.0224055 0.0101927 0
-0.0204839 0.008571 0
-1.68208e-06 0.000111434 0
-0.000596492 0.000471864 0
-1.92713e-06 0.000162473 0
-0.00926321 -5.19952e-06 0
-0.00808922 -5.3705e-06 0
-0.00840648 -0.00140861 0
-0.00964903 -0.00169891 0
-0.009267 -1.09369e-05 0
-0.00841296 -0.00141416 0
-0.0101182 -0.00334156 0
-0.00965145 -0.00171049 0
-0.00841487 -0.00142508 0
-0.0114068 -0.00384959 0
-0.0127469 -0.00460908 0
-0.0109758 -0.0021552 0
-0.0119182 0.00466168 0
-0.0115557 0.00401788 0
-0.0138052 0.00563934 0
-0.0105098 0.000178752 0
-0.0110251 0.0022897 0
-0.00974352 0.00190374 0
-0.0105183 0.000172095 0
-0.0119023 0.000110897 0
-0.0110304 0.00228527 0
-0.00965444 -0.00169448 0
-0.0105052 0.000157476 0
-0.00927506 -5.37957e-06 0
-0.0125053 0.00305351 0
-0.0127496 0.0046082 0
-0.0110414 0.0023081 0
-0.00580557 -0.000308457 0
-0.00613327 -0.00132509 0
-0.0071864 -0.00120322 0
-0.00582298 0.000658295 0
-0.00471904 0.000317747 0
-0.00579651 -0.000296715 0
-0.00500122 -0.0011969 0
-0.00511613 -0.00193024 0
-0.00629949 -0.00205868 0
-0.0036893 -0.000324888 0
-0.00499097 -0.00118554 0
-0.00470854 -0.000321408 0
-0.00116215 -0.000306475 0
-0.00187214 -0.000277561 0
-0.00112164 -1.84181e-06 0
-0.00402027 -0.0016671 0
-0.00292473 -0.000899713 0
-0.00302036 -0.00139609 0
-0.00188125 -0.000277722 0
-0.00272613 -0.000308848 0
-0.00225682 1.48192e-05 0
-0.00291667 -0.000891281 0
-0.00272807 -0.00031195 0
-0.00188317 -0.000280437 0
-0.00367521 -0.000319784 0
-0.00273282 0.00030596 0
-0.00273345 -0.000308075 0
-0.00510477 -0.00192829 0
-0.00392469 -0.00105501 0
-0.00403072 -0.00166957 0
-3.15339e-06 5.71093e-05 0
-0.000505519 0.000150374 0
-0.000548832 0.000324909 0
-0.0434912 0.0188928 0
-0.0469029 0.018859 0
-0.0468697 0.0154934 0
-0.0444165 0.0138883 0
-0.046872 0.0154548 0
-0.0468736 0.0123676 0
-0.0445759 0.0117335 0
-0.0444085 0.0138755 0
-0.0468666 0.0123554 0
-0.0471418 0.00961937 0
-0.0445862 0.0117196 0
-0.0468745 0.0123407 0
-0.0426144 0.0107432 0
-0.0413204 0.0129798 0
-0.0445521 0.0117257 0
-0.04164 0.0154308 0
-0.0434647 0.0188748 0
-0.0443869 0.0139089 0
-0.0413274 0.0129908 0
-0.0443899 0.0138778 0
-0.0445575 0.011736 0
-0.0416241 0.0154464 0
-0.0397598 0.0188922 0
-0.04345 0.0188931 0
-0.0468613 0.0154767 0
-0.0444042 0.0139089 0
-0.0434823 0.018875 0
-0.0412949 0.0130046 0
-0.0379982 0.0145695 0
-0.0416114 0.0154135 0
-0.0443807 0.0138905 0
-0.0413168 0.0130022 0
-0.0416324 0.015411 0
-0.0426023 0.0107246 0
-0.042784 0.00872624 0
-0.0393498 0.0103516 0
-0.04458 0.011708 0
-0.0471381 0.00960843 0
-0.0454043 0.0089973 0
-0.0416064 0.0154327 0
-0.0379931 0.0145875 0
-0.0397412 0.0188759 0
-0.0453889 0.00900142 0
-0.0426287 0.0107304 0
-0.0445644 0.0117115 0
-0.0478738 0.00714466 0
-0.0454167 0.00898287 0
-0.0471474 0.00959283 0
-0.0433857 0.00656584 0
-0.0471731 0.00461291 0
-0.0443081 0.00466894 0
-0.0478723 0.00713565 0
-0.0461448 0.00687451 0
-0.0454121 0.00897372 0
-0.0478833 0.00712129 0
-0.049188 0.0047562 0
-0.0461587 0.00686118 0
-0.0303919 0.00602586 0
-0.0334057 0.0060843 0
-0.0335652 0.00503458 0
-0.0313338 0.00467182 0
-0.030384 0.00602168 0
-0.0335589 0.00502961 0
-0.0264987 0.00636728 0
-0.029801 0.00689782 0
-0.0303559 0.006033 0
-0.0230182 0.00541703 0
-0.0203666 0.00527122 0
-0.0198513 0.00573431 0
-0.0394529 0.00820645 0
-0.035846 0.00841514 0
-0.035763 0.00988017 0
-0.0407435 0.0048555 0
-0.037545 0.00600199 0
-0.0399689 0.00645612 0
-0.0250509 0.00849117 0
-0.0266654 0.00970702 0
-0.0295455 0.00946673 0
-0.0274412 0.00804567 0
-0.0250528 0.00848642 0
-0.0295485 0.00946007 0
-0.0234947 0.00763362 0
-0.020914 0.00763455 0
-0.025011 0.0084785 0
-0.024771 0.00718534 0
-0.0235158 0.00763105 0
-0.0274209 0.00803574 0
-0.0264792 0.00637119 0
-0.0247876 0.00717875 0
-0.0297822 0.00690229 0
-0.0219259 0.00710905 0
-0.0234974 0.00762753 0
-0.0247519 0.00718281 0
-0.0203737 0.00667489 0
-0.0219154 0.00710591 0
-0.0247421 0.00717975 0
-0.0203499 0.00667267 0
-0.0178573 0.00650192 0
-0.0218924 0.0071037 0
-0.0193222 0.00699285 0
-0.0157003 0.0061613 0
-0.016608 0.00659047 0
-0.0166245 0.00659606 0
-0.0208722 0.00762582 0
-0.0193399 0.00699731 0
-0.0298232 0.00689754 0
-0.033393 0.00609089 0
-0.0303795 0.00603175 0
-0.0232402 0.00664155 0
-0.0247662 0.007177 0
-0.0264563 0.00637081 0
-0.0222978 0.00601212 0
-0.0232318 0.00663778 0
-0.0264495 0.0063666 0
-0.0203774 0.00667377 0
-0.0247469 0.00717785 0
-0.0232198 0.00664253 0
-0.0316045 0.00830991 0
-0.0295978 0.00946708 0
-0.0357183 0.00988404 0
-0.0285637 0.00749626 0
-0.0274601 0.00803937 0
-0.031574 0.00829803 0
-0.0329522 0.00705464 0
-0.0285823 0.00749345 0
-0.0315915 0.00829452 0
-0.0297883 0.00690627 0
-0.0247956 0.00718223 0
-0.0285487 0.00748921 0
-0.0235172 0.00763494 0
-0.0250324 0.00847985 0
-0.0274208 0.00804063 0
-0.0334279 0.00608121 0
-0.0371973 0.00494216 0
-0.0335891 0.00503041 0
-0.0313002 0.00467062 0
-0.0270813 0.00491123 0
-0.0267294 0.00567121 0
-0.0394884 0.00820758 0
-0.0393379 0.0103424 0
-0.042775 0.00871819 0
-0.0433546 0.00659077 0
-0.0395025 0.00819621 0
-0.0427877 0.00870498 0
-0.0357359 0.00990017 0
-0.031252 0.010803 0
-0.0358784 0.0118295 0
-0.0393035 0.0103592 0
-0.0357639 0.00989817 0
-0.0359046 0.0118279 0
-0.0358198 0.00841547 0
-0.0316266 0.00830667 0
-0.0357381 0.00987932 0
-0.0361358 0.0071888 0
-0.0358473 0.00840637 0
-0.0394555 0.00819664 0
-0.0360994 0.00718595 0
-0.032978 0.00705308 0
-0.0316158 0.00829454 0
-0.0334421 0.00608431 0
-0.0375115 0.00600093 0
-0.0372097 0.00494549 0
-0.0508501 3.1188e-05 0
-0.0536904 -0.00060905 0
-0.0567193 -0.00385134 0
-0.0443208 0.00465001 0
-0.0488079 0.00247137 0
-0.0458104 0.00270707 0
-0.0443274 0.00465583 0
-0.0471904 0.00459898 0
-0.0488105 0.00247817 0
-0.0407792 0.00483362 0
-0.0457775 0.00270969 0
-0.0423938 0.00295396 0
-0.0433937 0.00657288 0
-0.0461358 0.00685839 0
-0.047177 0.00462036 0
-0.0407672 0.00485062 0
-0.039991 0.00645247 0
-0.0442757 0.00466995 0
-0.0428092 0.00870105 0
-0.0461223 0.00687245 0
-0.0433781 0.00658565 0
-0.0374974 0.00600855 0
-0.0334279 0.00609088 0
-0.0329886 0.00704244 0
-0.0399543 0.00646405 0
-0.0375292 0.0060096 0
-0.0361425 0.00717608 0
-0.0407356 0.00485018 0
-0.0372352 0.00494076 0
-0.0375352 0.00599711 0
-0.042622 0.0107201 0
-0.0453847 0.00899196 0
-0.0428051 0.00872129 0
-0.0158556 0.00378449 0
-0.0176418 0.00435838 0
-0.019905 0.00383559 0
-0.0127262 0.00337272 0
-0.0158307 0.00377964 0
-0.0175239 0.00339192 0
-0.0143749 0.0040604 0
-0.0176241 0.00435905 0
-0.0158364 0.00378505 0
-0.0127159 0.00337449 0
-0.0143585 0.00405704 0
-0.0158201 0.00378184 0
-0.0103154 0.0037166 0
-0.0124476 0.00425841 0
-0.0143382 0.00406022 0
-0.00145014 0.0012555 0
-0.00289535 0.00203661 0
-0.00319962 0.00211696 0
-0.0109765 0.00487177 0
-0.00943914 0.00444891 0
-0.00794237 0.00395847 0
-0.00994285 0.00449921 0
-0.0092321 0.00423155 0
-0.00780161 0.00393681 0
-0.007789 0.00393292 0
-0.00921878 0.00422784 0
-0.00601437 0.00328744 0
-0.00741205 0.00385137 0
-0.00778228 0.00393157 0
-0.00590196 0.00332982 0
-0.00742368 0.00385508 0
-0.0094278 0.00444547 0
-0.00779465 0.0039354 0
-0.0103144 0.00414823 0
-0.00851111 0.00392877 0
-0.01197 0.00475954 0
-0.01412 0.00488828 0
-0.0103343 0.00415176 0
-0.0119879 0.0047625 0
-0.0124342 0.00425865 0
-0.010302 0.00371655 0
-0.0103213 0.00414582 0
-0.00622224 0.00319363 0
-0.00600544 0.00328346 0
-0.00847729 0.00392055 0
-0.0103024 0.00414436 0
-0.0084473 0.00363945 0
-0.00849877 0.0039247 0
-0.00656687 0.00306121 0
-0.00405916 0.00226651 0
-0.00620962 0.0031875 0
-0.00457967 0.00272751 0
-0.0035631 0.00218587 0
-0.00321281 0.00212241 0
-0.00438602 0.00272724 0
-0.00381635 0.00250421 0
-0.00587824 0.0033213 0
-0.00284216 0.00191654 0
-0.00459514 0.00276235 0
-0.0033249 0.00223287 0
-0.00942296 0.00444452 0
-0.00654004 0.00353186 0
-0.00792868 0.00395382 0
-0.00942219 0.00444413 0
-0.0074192 0.00385374 0
-0.00653773 0.00353144 0
-0.0141393 0.00488812 0
-0.0156791 0.00465179 0
-0.0124657 0.00426438 0
-0.0137499 0.00521206 0
-0.0119851 0.00476462 0
-0.00997096 0.00450566 0
-0.005893 0.00332677 0
-0.00516167 0.00305089 0
-0.00740289 0.00384851 0
-0.0156733 0.00615349 0
-0.0145209 0.00578453 0
-0.013251 0.00548058 0
-0.0132553 0.00530162 0
-0.00945754 0.00445363 0
-0.0109946 0.00487622 0
-0.0176419 0.00436421 0
-0.0157162 0.00465181 0
-0.0200507 0.00475106 0
-0.0137537 0.00521387 0
-0.00997646 0.00450761 0
-0.0132677 0.00530274 0
-0.0176228 0.00436203 0
-0.014375 0.00406331 0
-0.0156973 0.00464922 0
-0.00848593 0.00392166 0
-0.00843278 0.00363629 0
-0.00622997 0.00319493 0
-0.0100337 0.00460841 0
-0.0116106 0.00503177 0
-0.0130624 0.00539958 0
-0.00924147 0.00423255 0
-0.0119657 0.00475979 0
-0.00850814 0.00392898 0
-0.00601567 0.0032873 0
-0.0092217 0.0042278 0
-0.00848716 0.00392379 0
-0.00995634 0.00450204 0
-0.0119695 0.00476146 0
-0.00924632 0.00423447 0
-0.00943604 0.00444756 0
-0.0099432 0.00449995 0
-0.00780309 0.00393767 0
-0.00945361 0.00445234 0
-0.0132531 0.00530049 0
-0.00996219 0.00450473 0
-0.00891562 0.00415245 0
-0.00706375 0.00347591 0
-0.00768409 0.00334646 0
-0.0115972 0.00502759 0
-0.00894063 0.00416165 0
-0.0103909 0.00455714 0
-0.0100071 0.00460059 0
-0.00793946 0.00395632 0
-0.00892718 0.00415822 0
-0.0109779 0.00487225 0
-0.00794515 0.00395889 0
-0.0100142 0.00460296 0
-0.00576798 0.00311216 0
-0.00420612 0.00248132 0
-0.00508436 0.00262236 0
-0.00461351 0.0027704 0
-0.00651542 0.00352313 0
-0.00515524 0.00304796 0
-0.00333233 0.00223673 0
-0.00460317 0.00276613 0
-0.00514385 0.00304352 0
-0.00420418 0.00248161 0
-0.00576699 0.00311283 0
-0.00460836 0.00276725 0
-0.0041981 0.00247733 0
-0.00347573 0.0019558 0
-0.00507695 0.00261853 0
-0.0145364 0.005788 0
-0.0156881 0.00615711 0
-0.0178172 0.00649559 0
-0.0491884 0.00474759 0
-0.047198 0.00461345 0
-0.0461545 0.00685297 0
-0.0488577 0.0024526 0
-0.0511469 0.00221835 0
-0.0536635 -0.000579816 0
-0.022423 0.00858566 0
-0.0208895 0.00763354 0
-0.0186963 0.00745845 0
-0.0241752 0.010013 0
-0.0224398 0.00859702 0
-0.0205033 0.00857145 0
-0.0266419 0.00970401 0
-0.0250262 0.00848843 0
-0.022463 0.00859679 0
-0.0177029 0.00507168 0
-0.0203497 0.00526677 0
-0.0200654 0.00475538 0
-0.0141561 0.00489093 0
-0.017668 0.00507011 0
-0.0156967 0.00465432 0
-0.0174561 0.00543606 0
-0.0203405 0.00526927 0
-0.0176945 0.0050738 0
-0.014163 0.00489356 0
-0.0174364 0.00543469 0
-0.0176733 0.00507278 0
-0.00842675 0.00363346 0
-0.00658189 0.00306567 0
-0.00622297 0.00319181 0
-0.0102876 0.00371446 0
-0.00845275 0.00363879 0
-0.0103087 0.0041437 0
-0.0102746 0.00371119 0
-0.00659506 0.0030679 0
-0.0084403 0.00363521 0
-0.0137812 0.00521581 0
-0.0174227 0.0054355 0
-0.0141498 0.00489393 0
-0.0119993 0.0047659 0
-0.013764 0.00521319 0
-0.0141306 0.00489163 0
-0.0124471 0.00426262 0
-0.0103349 0.00415002 0
-0.0141224 0.00488666 0
-0.00777811 0.00392994 0
-0.00600311 0.00328406 0
-0.00589688 0.00332782 0
-0.0132869 0.00530628 0
-0.0160397 0.00557314 0
-0.0137746 0.00521716 0
-0.0130938 0.00540685 0
-0.0145224 0.00578413 0
-0.0162922 0.00607102 0
-0.0110121 0.00488077 0
-0.0130768 0.00540256 0
-0.0147763 0.00568344 0
-0.0116252 0.00503582 0
-0.0145069 0.00578067 0
-0.0130779 0.00540329 0
-0.0181918 0.00622837 0
-0.020346 0.00666877 0
-0.0202505 0.00626077 0
-0.0181429 0.00592365 0
-0.0181841 0.00622597 0
-0.0202435 0.00625824 0
-0.0163287 0.00607684 0
-0.0203328 0.0066684 0
-0.0181786 0.00622772 0
-0.0181235 0.00592223 0
-0.0148169 0.0056899 0
-0.0181661 0.00622407 0
-0.0145379 0.00578795 0
-0.01782 0.00649502 0
-0.0163084 0.00607442 0
-0.0230528 0.00541304 0
-0.0270429 0.00491122 0
-0.0235488 0.00487402 0
-0.0200857 0.00475457 0
-0.0203687 0.00526635 0
-0.0235163 0.00487327 0
-0.0223091 0.00600941 0
-0.0264613 0.00636316 0
-0.0266974 0.00568028 0
-0.0230481 0.00541912 0
-0.0222966 0.0060064 0
-0.0266868 0.00567703 0
-0.0160764 0.00557699 0
-0.0181341 0.00591991 0
-0.0198205 0.00573704 0
-0.013788 0.00521796 0
-0.0160539 0.00557346 0
-0.0174282 0.00543772 0
-0.0181167 0.00592003 0
-0.0160594 0.00557673 0
-0.0148092 0.00568784 0
-0.020274 0.00626002 0
-0.0232118 0.00663709 0
-0.022276 0.00601195 0
-0.020268 0.00626201 0
-0.0203621 0.00667052 0
-0.0232048 0.0066396 0
-0.0181563 0.00592332 0
-0.020257 0.00625761 0
-0.0222586 0.00600998 0
-0.019842 0.00573812 0
-0.0181543 0.00592177 0
-0.0222579 0.006008 0
-0.023024 0.00541967 0
-0.0198582 0.00573663 0
-0.0222743 0.00600609 0
-0.0174494 0.00543906 0
-0.0160736 0.0055755 0
-0.0198189 0.00573527 0
-0.0160424 0.00557492 0
-0.0132907 0.00530778 0
-0.0147942 0.00568531 0
-0.0147776 0.00568301 0
-0.0132738 0.00530538 0
-0.0110119 0.00488058 0
-0.0100311 0.00460791 0
-0.013061 0.00539903 0
-0.0109963 0.00487688 0
-0.0163105 0.00607324 0
-0.0181598 0.00622466 0
-0.014812 0.00568989 0
-0.0178546 0.00650259 0
-0.0193479 0.00699526 0
-0.0218883 0.00710518 0
-0.0267029 0.00567303 0
-0.0270529 0.00491402 0
-0.0230642 0.00541564 0
-0.0303467 0.00602875 0
-0.0267254 0.00567977 0
-0.0264876 0.00636347 0
-0.0303622 0.00602331 0
-0.0313101 0.00467477 0
-0.0267413 0.0056747 0
-0.0343685 0.00371492 0
-0.0313477 0.00466383 0
-0.0335723 0.00502176 0
-0.0343592 0.00371089 0
-0.0305043 0.00393351 0
-0.0313371 0.00466031 0
-0.0304636 0.00393603 0
-0.0266025 0.00409123 0
-0.0270773 0.00490382 0
-0.027055 0.00490656 0
-0.0265784 0.00409471 0
-0.0235603 0.00486988 0
-0.0118744 0.00498292 0
-0.0103917 0.00455553 0
-0.00906546 0.00371794 0
-0.0472128 0.00459173 0
-0.051127 0.00223589 0
-0.0488348 0.00246928 0
-0.0428177 0.00870932 0
-0.0453954 0.0089787 0
-0.0461271 0.00688036 0
-0.0492035 0.00473192 0
-0.0511253 0.00224385 0
-0.0472164 0.00459876 0
-0.0313134 0.00466416 0
-0.0304789 0.00393797 0
-0.0270937 0.00490568 0
-0.0381266 0.0010427 0
-0.0345341 0.00246367 0
-0.0387865 0.00196381 0
-0.0337026 0.00162789 0
-0.0302168 0.00288623 0
-0.0344907 0.00246857 0
-0.0381104 0.00104145 0
-0.03373 0.00162137 0
-0.0345164 0.00246265 0
-0.0374442 6.35091e-05 0
-0.0338606 0.000174575 0
-0.0337245 0.00161098 0
-0.022766 0.00414789 0
-0.0265754 0.00408535 0
-0.0267574 0.00284155 0
-0.0227138 0.00415515 0
-0.017666 0.00436289 0
-0.0200736 0.00474935 0
-0.0226227 0.00302369 0
-0.022752 0.0041446 0
-0.026745 0.00283769 0
-0.0130941 0.00540667 0
-0.0162937 0.00607054 0
-0.0147946 0.00568709 0
-0.0132376 0.0054768 0
-0.0145069 0.00578101 0
-0.0116263 0.00503594 0
-0.017839 0.00649811 0
-0.0203309 0.00666962 0
-0.0163281 0.00607753 0
-0.0227334 0.00415649 0
-0.0200932 0.0047511 0
-0.0235246 0.00486936 0
-0.0156806 0.00464894 0
-0.0143568 0.00406299 0
-0.0124654 0.00426162 0
-0.116691 0.0577779 0
-0.110057 0.0525663 0
-0.111429 0.0545114 0
-0.102849 0.0475536 0
-0.105144 0.0497998 0
-0.10999 0.0525168 0
-0.102843 0.0475465 0
-0.109983 0.0525086 0
-0.103378 0.0475858 0
-0.105158 0.0498181 0
-0.10582 0.0511897 0
-0.111376 0.0544809 0
-0.110019 0.0525399 0
-0.105173 0.0498234 0
-0.11139 0.0544848 0
-0.0986339 0.0449833 0
-0.0924782 0.040998 0
-0.0926965 0.0416312 0
-0.102811 0.0475289 0
-0.0987089 0.0450315 0
-0.105105 0.0497739 0
-0.102787 0.0475095 0
-0.0980149 0.0439981 0
-0.0986856 0.0450127 0
-0.0969456 0.0429787 0
-0.0918152 0.0395647 0
-0.0979725 0.0439646 0
-0.0986563 0.0450005 0
-0.0927193 0.0416478 0
-0.0992095 0.0460889 0
-0.0980123 0.0439918 0
-0.103318 0.0475421 0
-0.096983 0.0430052 0
-0.0924767 0.0409937 0
-0.0986304 0.0449772 0
-0.0922251 0.0403165 0
-0.102803 0.0475178 0
-0.103339 0.0475577 0
-0.0980307 0.0440065 0
-0.0992568 0.0461284 0
-0.0997753 0.0475669 0
-0.105761 0.0511547 0
-0.0797428 0.0308854 0
-0.0860653 0.0354898 0
-0.0855741 0.0344659 0
-0.0917992 0.0395561 0
-0.0922218 0.0403091 0
-0.0979561 0.0439554 0
-0.0793847 0.031704 0
-0.0731347 0.0283015 0
-0.0724075 0.0287616 0
-0.0861986 0.0362908 0
-0.0794477 0.0317436 0
-0.0789777 0.0324564 0
-0.0860451 0.0354799 0
-0.0797213 0.0308769 0
-0.0794517 0.0317355 0
-0.0730753 0.0282683 0
-0.0676101 0.0249135 0
-0.0662361 0.0256887 0
-0.0750216 0.0269109 0
-0.0736783 0.0275377 0
-0.0796657 0.0308339 0
-0.0692383 0.0240253 0
-0.0676234 0.024905 0
-0.0736178 0.0275081 0
-0.0618964 0.0222188 0
-0.0605021 0.0229806 0
-0.0661727 0.0256621 0
-0.0861946 0.0369421 0
-0.0921635 0.0402745 0
-0.086265 0.0363347 0
-0.0490546 0.0187342 0
-0.0507094 0.0180712 0
-0.0454052 0.0163276 0
-0.0860722 0.037355 0
-0.0924146 0.0409566 0
-0.0861933 0.036947 0
-0.0862147 0.0369565 0
-0.0924345 0.0409663 0
-0.092185 0.0402906 0
-0.0732415 0.03048 0
-0.0669951 0.0273799 0
-0.0776038 0.0326957 0
-0.079684 0.0336493 0
-0.0732844 0.0305011 0
-0.0776459 0.0327189 0
-0.0725681 0.0295542 0
-0.0789079 0.0324233 0
-0.0724019 0.028768 0
-0.0662226 0.0256926 0
-0.0647354 0.0257471 0
-0.0723349 0.0287323 0
-0.0679377 0.0279123 0
-0.0796482 0.0336271 0
-0.0725543 0.0295553 0
-0.0495908 0.0171056 0
-0.0555003 0.0211848 0
-0.0493218 0.0189772 0
-0.0676454 0.0271873 0
-0.0697046 0.0271405 0
-0.0747698 0.0308004 0
-0.0496152 0.017105 0
-0.0561789 0.0192162 0
-0.0555216 0.0211869 0
-0.0817681 0.0349931 0
-0.0862487 0.0378792 0
-0.0917307 0.041421 0
-0.0748437 0.0308456 0
-0.0816824 0.0349416 0
-0.0776576 0.032724 0
-0.0748726 0.0308588 0
-0.0861918 0.0378397 0
-0.0817112 0.0349583 0
-0.0669756 0.0273688 0
-0.0676467 0.0271959 0
-0.0775859 0.0326855 0
-0.0697396 0.0271537 0
-0.0778434 0.031719 0
-0.0748027 0.0308158 0
-0.0561887 0.0191937 0
-0.0507272 0.0144913 0
-0.0578591 0.0167601 0
-0.0622606 0.0237245 0
-0.0562483 0.0192414 0
-0.063512 0.0222908 0
-0.0495985 0.0170826 0
-0.0506977 0.0144941 0
-0.0561628 0.0191933 0
-0.0435165 0.0154484 0
-0.0495519 0.0170853 0
-0.0492806 0.0189589 0
-0.0562331 0.0192181 0
-0.0579002 0.016788 0
-0.063497 0.0222677 0
-0.0778987 0.0317579 0
-0.0861793 0.0378312 0
-0.0748583 0.0308475 0
-0.092653 0.041604 0
-0.0924366 0.0409729 0
-0.0860936 0.0373694 0
-0.0997282 0.0475324 0
-0.0992108 0.0460974 0
-0.0918345 0.0414897 0
-0.0992516 0.046117 0
-0.105094 0.04977 0
-0.0986965 0.0450264 0
-0.0918106 0.0414714 0
-0.0991874 0.0460781 0
-0.0926951 0.0416353 0
-0.105779 0.0511609 0
-0.105118 0.0497906 0
-0.0992755 0.0461372 0
-0.0986489 0.0449874 0
-0.0979801 0.0439742 0
-0.0922437 0.0403262 0
-0.0917558 0.039523 0
-0.0909987 0.0386781 0
-0.086124 0.0355319 0
-0.0188558 0.00964774 0
-0.0145006 0.00783001 0
-0.0185988 0.00895138 0
-0.0233619 0.0111045 0
-0.0188859 0.00965879 0
-0.0186279 0.0089621 0
-0.0193589 0.0102196 0
-0.0152906 0.00875487 0
-0.0188611 0.00965576 0
-0.0243015 0.0121488 0
-0.0194041 0.0102363 0
-0.0233813 0.0111181 0
-0.0302991 0.0142359 0
-0.0306394 0.0141279 0
-0.0238363 0.0120414 0
-0.033716 0.0152396 0
-0.0303254 0.0142439 0
-0.0287697 0.013517 0
-0.0337449 0.0152501 0
-0.0375113 0.0165925 0
-0.0303559 0.0142542 0
-0.0200818 0.0107007 0
-0.0152943 0.00875779 0
-0.0193627 0.0102233 0
-0.0208653 0.0108454 0
-0.0188272 0.00968268 0
-0.0166363 0.00914677 0
-0.0306935 0.0141413 0
-0.0377793 0.0164232 0
-0.032188 0.0140164 0
-0.0238205 0.0120354 0
-0.0306261 0.0141217 0
-0.0259799 0.0125131 0
-0.0340331 0.0154007 0
-0.0375363 0.0166005 0
-0.0378068 0.0164358 0
-0.0303322 0.0142469 0
-0.0339849 0.0153852 0
-0.0306734 0.0141387 0
-0.0303566 0.0142547 0
-0.0375125 0.0165928 0
-0.0340079 0.0153934 0
-0.0234385 0.0111869 0
-0.0236063 0.0105744 0
-0.0186451 0.00896039 0
-0.0208868 0.0108522 0
-0.0234293 0.0111903 0
-0.0188507 0.00968977 0
-0.0259916 0.0125142 0
-0.0306375 0.0141229 0
-0.0272455 0.0124041 0
-0.0159985 0.00909948 0
-0.0120558 0.00732784 0
-0.011471 0.00717061 0
-0.0234233 0.0111841 0
-0.0186281 0.00895717 0
-0.0188428 0.00968318 0
-0.014338 0.00691268 0
-0.0151856 0.00664685 0
-0.0100455 0.00496572 0
-0.00954354 0.00514961 0
-0.0143198 0.00690823 0
-0.0100257 0.00495997 0
-0.0137212 0.00718131 0
-0.0185816 0.0089347 0
-0.0143615 0.00692776 0
-0.0152726 0.00874686 0
-0.0144878 0.00782927 0
-0.0188451 0.0096478 0
-0.0918135 0.0414785 0
-0.0933853 0.0433766 0
-0.099709 0.0475253 0
-0.0363012 0.0122753 0
-0.0350147 0.0131294 0
-0.0403225 0.0145145 0
-0.0493434 0.0189948 0
-0.0555214 0.0212025 0
-0.0557744 0.0223918 0
-0.0618551 0.0221868 0
-0.0577799 0.0193369 0
-0.0562535 0.0200228 0
-0.078999 0.0324726 0
-0.0861488 0.0369153 0
-0.0862222 0.0363087 0
-0.0860682 0.0354984 0
-0.0794722 0.031753 0
-0.0862221 0.0363016 0
-0.0725198 0.0295315 0
-0.0723558 0.0287458 0
-0.0647565 0.0257593 0
-0.0562372 0.0200308 0
-0.0546579 0.0207483 0
-0.0604444 0.0229568 0
-0.0797258 0.0336712 0
-0.0776899 0.0327427 0
-0.0860011 0.0373159 0
-0.0789759 0.0324648 0
-0.0797316 0.0336697 0
-0.0861277 0.0369063 0
-0.0678814 0.0278866 0
-0.0725014 0.0295286 0
-0.063218 0.0256209 0
-0.0604541 0.0229684 0
-0.0546665 0.0207598 0
-0.05902 0.0234307 0
-0.0646939 0.0257284 0
-0.066183 0.0256735 0
-0.0605107 0.0229924 0
-0.0631613 0.0255944 0
-0.0646799 0.0257292 0
-0.0590631 0.0234551 0
-0.0632078 0.0256142 0
-0.0724903 0.0295202 0
-0.0647246 0.0257493 0
-0.0618645 0.0221992 0
-0.0562619 0.0200351 0
-0.0604682 0.0229622 0
-0.0676033 0.0271651 0
-0.0623212 0.0237652 0
-0.0696632 0.0271149 0
-0.0615433 0.0251068 0
-0.061014 0.0242825 0
-0.0668998 0.0273346 0
-0.0558138 0.0224085 0
-0.0555599 0.0212208 0
-0.0609573 0.0242521 0
-0.0634879 0.0215078 0
-0.0691956 0.0239882 0
-0.0649507 0.0199592 0
-0.073139 0.0282974 0
-0.0793865 0.0317001 0
-0.0736691 0.0275456 0
-0.0676356 0.0249188 0
-0.073099 0.0282748 0
-0.0736314 0.0275224 0
-0.0724266 0.0287748 0
-0.0789303 0.0324311 0
-0.0794041 0.0317186 0
-0.0917401 0.0395148 0
-0.0861077 0.0355245 0
-0.0862649 0.0363278 0
-0.0921818 0.0402833 0
-0.0917616 0.0395311 0
-0.0862843 0.0363429 0
-0.0969206 0.0429608 0
-0.0910332 0.0387029 0
-0.0917933 0.0395479 0
-0.0909766 0.038661 0
-0.0856096 0.0344922 0
-0.0861046 0.0355157 0
-0.0855547 0.0344479 0
-0.0806773 0.0302017 0
-0.0797264 0.0308682 0
-0.00393497 0.00310116 0
-0.00410497 0.00306419 0
-2.76176e-05 0.000608137 0
-1.28264e-05 0.000577295 0
-0.00392129 0.0030935 0
-1.39301e-05 0.000598833 0
-0.015282 0.0087539 0
-0.0200717 0.0106972 0
-0.0160372 0.00911581 0
-0.00659506 0.00448422 0
-0.00283276 0.00226989 0
-0.00585171 0.00373722 0
-0.00536111 0.00174717 0
-0.00246454 0.00105756 0
-0.00234973 0.000498037 0
-0.0234116 0.0111289 0
-0.028715 0.0134966 0
-0.0243332 0.0121597 0
-0.0449241 0.0186862 0
-0.0503606 0.0209011 0
-0.0447985 0.0189953 0
-0.0492825 0.0189745 0
-0.0495792 0.0201372 0
-0.0436125 0.017321 0
-0.0557796 0.0224015 0
-0.0565205 0.0231763 0
-0.0496453 0.0201676 0
-0.0622516 0.023736 0
-0.0609782 0.0242572 0
-0.0555824 0.0212239 0
-0.061492 0.0250865 0
-0.0565603 0.0231919 0
-0.0558192 0.0224187 0
-0.0609768 0.0242654 0
-0.0615062 0.025091 0
-0.0558347 0.0224212 0
-0.0669614 0.0273661 0
-0.0732088 0.030464 0
-0.0678949 0.0278956 0
-0.0368841 0.0160998 0
-0.0375317 0.0165992 0
-0.0337669 0.0152561 0
-0.0435595 0.0173061 0
-0.0448799 0.0186632 0
-0.0382759 0.0158722 0
-0.0503732 0.0209068 0
-0.0488934 0.020236 0
-0.0448132 0.0189996 0
-0.0598077 0.0244676 0
-0.0631312 0.025586 0
-0.0545326 0.0223599 0
-0.0565504 0.0231899 0
-0.0597854 0.0244596 0
-0.054509 0.0223526 0
-0.0565744 0.0231984 0
-0.0615047 0.0250936 0
-0.0598082 0.0244694 0
-0.0378008 0.0164283 0
-0.0374964 0.0155769 0
-0.0322119 0.0140209 0
-0.0408879 0.0176303 0
-0.0447441 0.0189766 0
-0.0375835 0.0166159 0
-0.0432291 0.0182599 0
-0.0474075 0.0191473 0
-0.0423796 0.0173218 0
-0.0544949 0.0223436 0
-0.0589959 0.0234297 0
-0.0530689 0.0211905 0
-0.0504054 0.0209185 0
-0.0544528 0.0223311 0
-0.0489259 0.0202469 0
-0.0598463 0.0244843 0
-0.0615429 0.0251102 0
-0.067834 0.0278677 0
-0.0496265 0.0201636 0
-0.0565035 0.0231704 0
-0.0504151 0.02092 0
-0.0789321 0.0324407 0
-0.0725914 0.0295696 0
-0.079684 0.0336444 0
-0.0545302 0.0223574 0
-0.0631281 0.0255825 0
-0.0590289 0.0234447 0
-0.067939 0.0279144 0
-0.0732517 0.030485 0
-0.0796523 0.0336311 0
-0.0598527 0.0244857 0
-0.0678388 0.0278685 0
-0.0631746 0.0256047 0
-0.0615672 0.0251189 0
-0.0669219 0.0273475 0
-0.0678566 0.0278788 0
-0.0530124 0.0211641 0
-0.0490688 0.0187543 0
-0.0474624 0.0191618 0
-0.0530359 0.02117 0
-0.054609 0.0207383 0
-0.0490934 0.018759 0
-0.0544611 0.0223321 0
-0.0530349 0.0211804 0
-0.0489358 0.0202473 0
-0.0589956 0.023424 0
-0.0546412 0.0207545 0
-0.05307 0.021185 0
-0.050432 0.0209273 0
-0.0565192 0.0231775 0
-0.0544774 0.0223415 0
-0.0661965 0.0256692 0
-0.0675732 0.0248931 0
-0.0619204 0.0222247 0
-0.0590545 0.0234467 0
-0.0646703 0.0257205 0
-0.0604866 0.0229856 0
-0.0723619 0.0287412 0
-0.0730916 0.0282814 0
-0.0662519 0.0257007 0
-0.0562058 0.020014 0
-0.0507638 0.0180902 0
-0.0546245 0.0207325 0
-0.0448679 0.0186642 0
-0.040886 0.0176275 0
-0.0369337 0.0161139 0
-0.0495655 0.0201355 0
-0.044918 0.018677 0
-0.0435969 0.0173209 0
-0.0495879 0.0201479 0
-0.050376 0.0209056 0
-0.0449415 0.0186888 0
-0.0447516 0.0189788 0
-0.0432043 0.0182569 0
-0.0375913 0.0166183 0
-0.0448923 0.018675 0
-0.0447667 0.0189846 0
-0.0409123 0.0176372 0
-0.0488708 0.0202263 0
-0.0432425 0.0182685 0
-0.0447889 0.0189911 0
-0.0339683 0.013645 0
-0.0375067 0.0155713 0
-0.0392146 0.0151536 0
-0.0339152 0.0136297 0
-0.0287616 0.0121345 0
-0.0321686 0.014 0
-0.0368847 0.0160947 0
-0.0332523 0.0145366 0
-0.0382144 0.0158545 0
-0.0375557 0.0166069 0
-0.0369077 0.0161078 0
-0.0408616 0.0176205 0
-0.033752 0.0152494 0
-0.0332364 0.0145351 0
-0.0368703 0.0160923 0
-0.0282049 0.0128883 0
-0.033192 0.0145183 0
-0.0287608 0.0135101 0
-0.0282009 0.0128826 0
-0.0276902 0.0117714 0
-0.0331874 0.0145126 0
-0.0234261 0.0111307 0
-0.028172 0.012877 0
-0.0287272 0.0134989 0
-0.0277059 0.0117712 0
-0.0325754 0.0128826 0
-0.0332004 0.0145134 0
-0.0326266 0.0128943 0
-0.0378352 0.0140788 0
-0.0382134 0.0158432 0
-0.0434587 0.0154106 0
-0.0381399 0.0115717 0
-0.0441101 0.012828 0
-0.0382511 0.0158573 0
-0.0378706 0.0140941 0
-0.0435359 0.0172907 0
-0.0326092 0.0128801 0
-0.0329205 0.011693 0
-0.0378186 0.0140641 0
-0.0276 0.0102281 0
-0.0325574 0.0128676 0
-0.027687 0.0117567 0
-0.0378898 0.0140917 0
-0.0434579 0.0154333 0
-0.0435518 0.0172902 0
-0.0365359 0.00689033 0
-0.0377829 0.00458365 0
-0.0414518 0.00969512 0
-0.0301769 0.00699455 0
-0.0364921 0.00689623 0
-0.0357562 0.00900165 0
-0.0319609 0.00417019 0
-0.0377543 0.0045647 0
-0.0365039 0.00687184 0
-0.0326095 0.0128967 0
-0.0381997 0.0158439 0
-0.0332367 0.0145265 0
-0.0414797 0.00973861 0
-0.0441041 0.0128084 0
-0.0381337 0.0115525 0
-0.0926381 0.0415998 0
-0.0817915 0.035008 0
-0.0917519 0.0414326 0
-0.0861522 0.0369236 0
-0.0797553 0.0336845 0
-0.0860286 0.0373297 0
-0.0675753 0.0271549 0
-0.0610187 0.0242761 0
-0.0622915 0.0237572 0
-0.0776115 0.0326991 0
-0.0676734 0.0272063 0
-0.0747965 0.0308189 0
-0.0669197 0.0273422 0
-0.061035 0.0242881 0
-0.0675907 0.0271666 0
-0.0440408 0.0168808 0
-0.0453541 0.0163095 0
-0.0403825 0.0145406 0
-0.0423547 0.0173044 0
-0.0440274 0.0168861 0
-0.0392641 0.0151705 0
-0.0490327 0.0187299 0
-0.0453823 0.0163239 0
-0.0440703 0.0168945 0
-0.0423827 0.0173171 0
-0.0474097 0.019143 0
-0.0440538 0.0169 0
-0.0440767 0.0169044 0
-0.0474315 0.0191482 0
-0.0490396 0.0187395 0
-0.0378346 0.0164391 0
-0.0423291 0.0173038 0
-0.0375301 0.0155878 0
-0.0432518 0.0182691 0
-0.0488791 0.0202271 0
-0.0474285 0.0191575 0
-0.0378545 0.0164475 0
-0.0431974 0.0182506 0
-0.0423473 0.0173132 0
-0.0378379 0.0164453 0
-0.0375669 0.0166103 0
-0.0431818 0.0182482 0
-0.0489117 0.0202373 0
-0.0530125 0.021169 0
-0.0474616 0.0191668 0
-0.054601 0.0207278 0
-0.0507393 0.0180864 0
-0.0490862 0.0187485 0
-0.0193924 0.0102345 0
-0.0242923 0.012147 0
-0.0201127 0.0107122 0
-0.0468679 -0.0154942 0
-0.0469004 -0.0188578 0
-0.0434901 -0.0188892 0
-0.0422761 -0.0165592 0
-0.0468533 -0.0154868 0
-0.0434746 -0.0188815 0
-0.042276 -0.016542 0
-0.0435233 -0.0139048 0
-0.0468534 -0.0154702 0
-0.0397663 -0.0188948 0
-0.0422515 -0.0165699 0
-0.0434509 -0.0188936 0
-0.0380012 -0.0158576 0
-0.0356374 -0.0185979 0
-0.0337805 -0.0137149 0
-0.0380437 -0.015869 0
-0.0422342 -0.0165603 0
-0.0397479 -0.0188839 0
-0.0356576 -0.018619 0
-0.0380206 -0.0158744 0
-0.0397261 -0.018892 0
-0.0337807 -0.013695 0
-0.0358948 -0.0118548 0
-0.038002 -0.0158338 0
-0.0356151 -0.0186064 0
-0.0312915 -0.0178228 0
-0.0337562 -0.0137185 0
-0.0468745 -0.0123682 0
-0.0468676 -0.0154555 0
-0.04354 -0.0138913 0
-0.0337354 -0.0137088 0
-0.0312711 -0.0178078 0
-0.0295739 -0.0147334 0
-0.0259667 -0.0114839 0
-0.0237344 -0.00959909 0
-0.026454 -0.00973094 0
-0.0245242 -0.0126567 0
-0.0204404 -0.0107478 0
-0.0224273 -0.0102134 0
-0.0259559 -0.0114976 0
-0.0245429 -0.012658 0
-0.0224465 -0.0102163 0
-0.0237208 -0.00960023 0
-0.0259536 -0.0114869 0
-0.0224434 -0.0102072 0
-0.0297929 -0.0126758 0
-0.0295433 -0.0147074 0
-0.0259981 -0.0115118 0
-0.0268236 -0.0164079 0
-0.0226713 -0.0143018 0
-0.024546 -0.0126872 0
-0.0152869 -0.00607203 0
-0.0137482 -0.0056252 0
-0.0122747 -0.0051445 0
-0.011914 -0.00466255 0
-0.0104766 -0.0041365 0
-0.0137284 -0.00561779 0
-0.0114123 -0.00386137 0
-0.0119172 -0.00466096 0
-0.0136139 -0.00552575 0
-0.0101345 -0.00336026 0
-0.0104653 -0.00412871 0
-0.0119023 -0.00465475 0
-0.0111175 -0.00480176 0
-0.0127417 -0.00519684 0
-0.00945627 -0.00445368 0
-0.00950885 -0.00437521 0
-0.0111067 -0.00479903 0
-0.00944567 -0.00445074 0
-0.00951937 -0.0043771 0
-0.0127207 -0.00494715 0
-0.0111176 -0.00480076 0
-0.0111324 -0.00480401 0
-0.0127369 -0.00494998 0
-0.0141191 -0.00529854 0
-0.0100181 -0.00460303 0
-0.0107855 -0.00472748 0
-0.00893779 -0.00416034 0
-0.0127704 -0.00520291 0
-0.0155064 -0.0056347 0
-0.013623 -0.00547287 0
-0.00945648 -0.00445393 0
-0.0127406 -0.00519718 0
-0.0109924 -0.00487582 0
-0.0141503 -0.00530242 0
-0.0155825 -0.00521952 0
-0.017797 -0.00561802 0
-0.0173494 -0.00498793 0
-0.017808 -0.00561688 0
-0.0155932 -0.00521853 0
-0.027846 -0.00468996 0
-0.0273294 -0.00567574 0
-0.0243132 -0.00554908 0
-0.0273603 -0.00567672 0
-0.0306235 -0.00489374 0
-0.0307666 -0.0056055 0
-0.0136182 -0.00547316 0
-0.0147117 -0.00577997 0
-0.0121012 -0.00517267 0
-0.012755 -0.00520035 0
-0.0136084 -0.00547025 0
-0.0110059 -0.00487928 0
-0.0159869 -0.00587875 0
-0.0147246 -0.00578232 0
-0.0136317 -0.00547547 0
-0.0381764 -0.00576429 0
-0.0343317 -0.00708255 0
-0.0346679 -0.00572603 0
-0.0279587 -0.00755752 0
-0.023854 -0.0072839 0
-0.0262129 -0.00696102 0
-0.0279573 -0.007561 0
-0.025923 -0.00790108 0
-0.0238537 -0.00728657 0
-0.0314406 -0.00790504 0
-0.0279972 -0.00756016 0
-0.0302249 -0.00708285 0
-0.0314262 -0.00790877 0
-0.0259481 -0.0079041 0
-0.0279829 -0.00756285 0
-0.026483 -0.00972337 0
-0.0280768 -0.00871043 0
-0.0302857 -0.00976969 0
-0.0240455 -0.00837339 0
-0.0259237 -0.00790837 0
-0.0280545 -0.00870052 0
-0.0240247 -0.00836834 0
-0.0217366 -0.00744335 0
-0.0259021 -0.0079048 0
-0.0238194 -0.00727912 0
-0.0202738 -0.00666556 0
-0.0233612 -0.00661843 0
-0.0302077 -0.00708008 0
-0.0279796 -0.00755679 0
-0.026235 -0.00696022 0
-0.0217167 -0.00743552 0
-0.020269 -0.00666759 0
-0.0238135 -0.00728216 0
-0.0237209 -0.00958895 0
-0.0219372 -0.00836184 0
-0.0264411 -0.00972166 0
-0.0170235 -0.0063585 0
-0.0153034 -0.00607573 0
-0.0136976 -0.00560041 0
-0.019903 -0.00746251 0
-0.0183526 -0.00685942 0
-0.0216967 -0.00743726 0
-0.019886 -0.00745975 0
-0.0166188 -0.00659443 0
-0.0183354 -0.00685648 0
-0.0119289 -0.00466874 0
-0.0149873 -0.00615986 0
-0.0136265 -0.00553338 0
-0.0136815 -0.00559624 0
-0.0152875 -0.00607167 0
-0.0122738 -0.00514468 0
-0.0165871 -0.0065859 0
-0.0150049 -0.006166 0
-0.0137619 -0.0056301 0
-0.016603 -0.00659139 0
-0.0183617 -0.00739561 0
-0.0150195 -0.00617244 0
-0.015302 -0.00607646 0
-0.0165888 -0.00658522 0
-0.0137621 -0.00563026 0
-0.0170396 -0.00636228 0
-0.0183219 -0.00685107 0
-0.0153185 -0.00608012 0
-0.0173445 -0.00625797 0
-0.0170349 -0.00635929 0
-0.0147409 -0.00578651 0
-0.0159997 -0.00588123 0
-0.0173414 -0.00625633 0
-0.0147368 -0.00578508 0
-0.0202305 -0.00666149 0
-0.0170523 -0.00636269 0
-0.017363 -0.00626092 0
-0.0202453 -0.00666496 0
-0.0216949 -0.0074322 0
-0.0170674 -0.00636658 0
-0.0233627 -0.0066127 0
-0.0206354 -0.0062419 0
-0.0236993 -0.00605238 0
-0.0238384 -0.00728041 0
-0.023382 -0.006619 0
-0.0261977 -0.00695803 0
-0.0202571 -0.00666226 0
-0.0189057 -0.00630408 0
-0.0233447 -0.00661564 0
-0.0183431 -0.00685577 0
-0.0170619 -0.00636661 0
-0.021688 -0.00743342 0
-0.0188811 -0.00629929 0
-0.0155518 -0.00564108 0
-0.0205933 -0.0062397 0
-0.0188661 -0.00629807 0
-0.0160077 -0.00588092 0
-0.0155362 -0.00563944 0
-0.0121022 -0.00517289 0
-0.0147114 -0.00578048 0
-0.0136792 -0.00559538 0
-0.0120893 -0.00516955 0
-0.0110045 -0.00487908 0
-0.0136055 -0.00547028 0
-0.0233986 -0.00661693 0
-0.0288269 -0.006428 0
-0.0262144 -0.00695525 0
-0.0189065 -0.00630286 0
-0.0206195 -0.00624252 0
-0.0233468 -0.00661383 0
-0.017369 -0.00626084 0
-0.0188855 -0.0063026 0
-0.0202376 -0.00666081 0
-0.0173551 -0.00625805 0
-0.016014 -0.00588296 0
-0.0188712 -0.00630016 0
-0.0207187 -0.0058643 0
-0.021298 -0.00538309 0
-0.0242693 -0.0055519 0
-0.0346449 -0.00571738 0
-0.0308051 -0.00560503 0
-0.0347622 -0.00463078 0
-0.0202346 -0.00853213 0
-0.0166808 -0.00711809 0
-0.0183793 -0.00740499 0
-0.00651747 -0.0035223 0
-0.00577442 -0.00311584 0
-0.00453939 -0.00271087 0
-0.0100064 -0.00459983 0
-0.0089269 -0.00415711 0
-0.00750998 -0.00375891 0
-0.0120779 -0.00516654 0
-0.0100294 -0.00460683 0
-0.0109923 -0.0048761 0
-0.0120765 -0.00516612 0
-0.0107955 -0.00473095 0
-0.0100292 -0.00460637 0
-0.00891504 -0.00415123 0
-0.00801964 -0.00358285 0
-0.00636974 -0.00299426 0
-0.00653736 -0.00352945 0
-0.00844552 -0.00416031 0
-0.00749689 -0.00375535 0
-0.0107777 -0.00472419 0
-0.00803334 -0.00358883 0
-0.00893108 -0.00415693 0
-0.0306273 -0.00488375 0
-0.0278813 -0.00468041 0
-0.0312156 -0.00365119 0
-0.0352062 -0.00211636 0
-0.0374753 -6.34133e-05 0
-0.0416569 0.000586366 0
-0.0344002 -0.00369542 0
-0.0351889 -0.00213497 0
-0.0393157 -0.00167449 0
-0.0312141 -0.00364086 0
-0.0274488 -0.00378976 0
-0.0301831 -0.00289743 0
-0.0199217 -0.00746802 0
-0.0217162 -0.00744166 0
-0.024005 -0.00836703 0
-0.0183954 -0.0074063 0
-0.0199038 -0.00746722 0
-0.0218971 -0.00834754 0
-0.016604 -0.00658938 0
-0.0153178 -0.00608048 0
-0.0183198 -0.00685216 0
-0.0268687 -0.0164281 0
-0.0295505 -0.0147419 0
-0.0312488 -0.0178211 0
-0.0245238 -0.012671 0
-0.0226503 -0.0142795 0
-0.020442 -0.0107592 0
-0.00111498 -1.01854e-06 0
-0.000501401 -7.59327e-07 0
-0.00051816 -0.000174929 0
-0.00122651 -0.000533349 0
-0.00201251 -0.000721773 0
-0.00116285 -0.000309429 0
-0.00187209 0.000277557 0
-0.00116233 0.000306594 0
-0.00112164 1.64867e-06 0
-0.0170005 0.00846962 0
-0.0161416 0.00804211 0
-0.0189699 0.011445 0
-0.00116303 0.000309547 0
-0.00201244 0.000721762 0
-0.00122633 0.000533462 0
-3.06682e-06 6.22127e-07 0
-0.000497664 3.12902e-07 0
-0.00050529 0.000148769 0
-0.00202417 -0.000726621 0
-0.00301314 -0.00139268 0
-0.00291857 -0.000896734 0
-0.000514511 -0.000174778 0
-0.000497632 -1.28768e-06 0
-3.14806e-06 -5.61843e-05 0
-3.72007e-06 -0.000163787 0
-0.000653316 -0.000621804 0
-0.000599794 -0.000474293 0
-0.00273443 -0.000314282 0
-0.00292395 -0.000894131 0
-0.00391368 -0.00104689 0
-0.00116508 -0.000308718 0
-0.00201444 -0.000720844 0
-0.00187502 -0.000280147 0
-0.000520394 -0.000175976 0
-0.00115758 -0.000306018 0
-0.00111709 -2.03096e-06 0
-0.000514717 -0.000175862 0
-3.17737e-06 -5.66097e-05 0
-0.000549188 -0.000325161 0
-0.00210203 -0.00110701 0
-0.00301074 -0.00139342 0
-0.00202117 -0.000727293 0
-0.00903984 -0.00370412 0
-0.00745446 -0.00246487 0
-0.00675471 -0.0027417 0
-0.00744552 -0.00245174 0
-0.00719105 -0.0012107 0
-0.00613875 -0.00133226 0
-0.00631095 -0.00206091 0
-0.00744377 -0.0024544 0
-0.00613522 -0.00133514 0
-0.00500528 -0.00119482 0
-0.00630228 -0.00205665 0
-0.00612795 -0.00133094 0
-0.00674533 -0.00273624 0
-0.00744659 -0.0024592 0
-0.006313 -0.00206561 0
-0.00905701 -0.00370976 0
-0.0104504 -0.00412372 0
-0.00868798 -0.00277364 0
-0.0114021 -0.00385353 0
-0.0101385 -0.00335892 0
-0.0119044 -0.00465421 0
-0.0151744 -0.00662223 0
-0.0127675 -0.00463083 0
-0.0136294 -0.00553466 0
-0.0109644 -0.00213112 0
-0.010509 0.000150337 0
-0.00966145 -0.00170133 0
-0.0113945 -0.00384044 0
-0.0109674 -0.00214512 0
-0.00966398 -0.00171409 0
-0.0127611 -0.00461857 0
-0.014209 -0.00578535 0
-0.0124556 -0.00287458 0
-0.0109781 -0.00213618 0
-0.0124436 -0.00284496 0
-0.0119067 8.31881e-05 0
-0.00973596 0.00189638 0
-0.00927501 6.78065e-06 0
-0.0105056 0.000170936 0
-0.00839916 -0.001409 0
-0.00808138 -6.34221e-06 0
-0.00694002 -0.000279633 0
-0.00745496 -0.00245649 0
-0.00867274 -0.00275928 0
-0.00719803 -0.00121549 0
-0.0101302 -0.00334933 0
-0.0113935 -0.00384356 0
-0.00965939 -0.00171882 0
-0.0115494 0.00400637 0
-0.0110365 0.00231251 0
-0.0127481 0.00461002 0
-0.00866972 0.00247275 0
-0.00731434 0.00148007 0
-0.00850187 0.00165884 0
-0.0104564 0.00412424 0
-0.00910782 0.00322514 0
-0.0103041 0.00354553 0
-0.0104528 0.00412464 0
-0.00905841 0.00371019 0
-0.00910317 0.0032259 0
-0.0087797 0.000884204 0
-0.00926877 9.36648e-06 0
-0.00973113 0.00189797 0
-0.00851041 0.0016549 0
-0.00877718 0.000889693 0
-0.00973035 0.00190331 0
-0.00850276 0.0016512 0
-0.00759805 0.000783231 0
-0.00877057 0.000886019 0
-0.0161184 0.00800625 0
-0.0142818 0.00587701 0
-0.0143163 0.00415447 0
-0.00579772 -0.000305626 0
-0.00471947 -0.00032166 0
-0.00612428 -0.00132198 0
-0.00692832 -0.000280092 0
-0.00580916 -0.00030494 0
-0.00718839 -0.00119969 0
-0.00839745 -0.00141295 0
-0.00693638 -0.000283623 0
-0.00719757 -0.00120347 0
-0.00759267 0.00078531 0
-0.00849837 0.00165303 0
-0.00731085 0.00147453 0
-0.00693247 -0.000267557 0
-0.00758712 0.00077885 0
-0.00730346 0.00146818 0
-0.00808512 4.9049e-06 0
-0.00876916 0.000880316 0
-0.00759666 0.000777849 0
-0.00867975 0.00247964 0
-0.00850987 0.0016659 0
-0.0102943 0.00353488 0
-0.00910196 0.00321963 0
-0.00868173 0.00248485 0
-0.0102982 0.00353986 0
-0.00909199 0.00321543 0
-0.00748919 0.00225913 0
-0.00867287 0.00248059 0
-0.00583293 0.00066852 0
-0.00729753 0.00147394 0
-0.00626266 0.00161407 0
-0.00514015 0.00149463 0
-0.00582535 0.000668875 0
-0.00625544 0.00161413 0
-0.00580424 -0.000298814 0
-0.00692385 -0.000273699 0
-0.00582989 0.000656502 0
-0.00693715 -0.000272566 0
-0.00807943 1.08265e-06 0
-0.00758971 0.000773939 0
-0.000603883 -0.000475288 0
-0.00130864 -0.000751116 0
-0.000553811 -0.000328603 0
-3.42223e-06 -0.000111906 0
-0.000599234 -0.000472754 0
-0.000549642 -0.000326703 0
-0.0006584 -0.000625039 0
-0.0014134 -0.00100875 0
-0.000604165 -0.000476794 0
-0.00510721 -0.0019326 0
-0.00403271 -0.00167352 0
-0.00451323 -0.00224585 0
-0.00630531 -0.00206394 0
-0.00512218 -0.00193531 0
-0.00673724 -0.00273438 0
-0.0049938 -0.0011936 0
-0.00392844 -0.00105339 0
-0.0051074 -0.00192671 0
-0.00402569 -0.00167175 0
-0.00302542 -0.00140047 0
-0.00450579 -0.00224374 0
-0.00634522 -0.00298231 0
-0.00511377 -0.00193699 0
-0.00452128 -0.00225029 0
-0.00391803 -0.00105168 0
-0.00292813 -0.000898559 0
-0.00402281 -0.00166593 0
-0.00368608 -0.000327298 0
-0.00392377 -0.00104809 0
-0.00498905 -0.001188 0
-0.00367906 -0.000324542 0
-0.00273739 -0.000312418 0
-0.00391567 -0.00104493 0
-0.00209806 -0.00110881 0
-0.00142472 -0.00101447 0
-0.00248058 -0.00160436 0
-0.000501402 3.18744e-07 0
-0.00111497 7.0674e-07 0
-0.000509042 0.000149373 0
-1.73813e-06 -0.000110766 0
-0.000547449 -0.000325007 0
-1.56193e-06 -5.63709e-05 0
-0.00111708 1.71529e-06 0
-0.00115771 0.000306005 0
-0.000511219 0.00015036 0
-0.00187412 -0.000275482 0
-0.00187407 0.000275478 0
-0.00112405 -9.63554e-08 0
-0.00291469 -0.00089273 0
-0.00188051 -0.000281748 0
-0.00202056 -0.000723044 0
-0.00225687 1.87818e-05 0
-0.00272595 0.000308807 0
-0.00188122 0.000277822 0
-0.00187795 -0.000275712 0
-0.00225399 1.6791e-05 0
-0.00187793 0.000275812 0
-0.00272854 -0.000306836 0
-0.00272836 0.000306799 0
-0.0022597 1.68099e-05 0
-0.00368522 0.00032029 0
-0.00368466 -0.000317998 0
-0.00470475 0.000316345 0
-0.00291857 0.000896704 0
-0.00301325 0.00139264 0
-0.0020241 0.000726612 0
-0.00391345 0.00104639 0
-0.00292395 0.000894101 0
-0.00273422 0.000314121 0
-0.0039178 0.00105118 0
-0.00402295 0.00166623 0
-0.00292813 0.000898526 0
-0.00201437 0.000720834 0
-0.00116526 0.000308836 0
-0.00187496 0.000280142 0
-1.79214e-06 -0.00016276 0
-2.1189e-06 -0.000209459 0
-0.000651364 -0.000621057 0
-0.0142976 0.0041122 0
-0.0125129 0.00304341 0
-0.0119175 0.000122189 0
-5.14956e-06 -0.000253245 0
-0.000917559 -0.000928217 0
-0.000799253 -0.000800746 0
-3.06961e-06 -0.000286525 0
-0.000915 -0.000926762 0
-2.55107e-06 -0.000251302 0
-0.0142257 -0.00580167 0
-0.016117 -0.0080068 0
-0.0143198 -0.00415172 0
-0.0136854 -8.57833e-06 0
-0.0119169 9.17637e-05 0
-0.0124504 -0.00284091 0
-0.0166641 -0.00710941 0
-0.0150204 -0.00617354 0
-0.0183611 -0.00739784 0
-0.0119071 0.000120634 0
-0.0125023 0.00303766 0
-0.0110385 0.00229429 0
-0.0109701 -0.00212667 0
-0.0119021 9.3402e-05 0
-0.0105179 0.000157129 0
-0.0136922 1.74755e-05 0
-0.0143001 0.00410306 0
-0.0119227 0.000111967 0
-0.0136659 -0.00559195 0
-0.010807 -0.00473435 0
-0.0120889 -0.00516935 0
-0.0136657 -0.00559202 0
-0.0122595 -0.00513996 0
-0.0108083 -0.0047341 0
-0.00868581 -0.00276307 0
-0.0101168 -0.0033445 0
-0.00841024 -0.00142896 0
-0.00720256 -0.00121179 0
-0.00867454 -0.00275609 0
-0.00840253 -0.00142167 0
-0.00746109 -0.00246481 0
-0.00904557 -0.00370441 0
-0.00867938 -0.00276783 0
-0.0105305 -0.00445013 0
-0.0104576 -0.00412919 0
-0.00906372 -0.00371524 0
-0.0137452 -0.00562394 0
-0.0149887 -0.00615966 0
-0.0119278 -0.00466978 0
-0.0105227 -0.0044483 0
-0.00905559 -0.00371351 0
-0.00803478 -0.00358615 0
-0.0122492 -0.00513607 0
-0.0105424 -0.00445696 0
-0.0107981 -0.00473017 0
-0.012259 -0.00513897 0
-0.0137328 -0.00561957 0
-0.0105523 -0.00445984 0
-0.00347291 -0.00195465 0
-0.00392323 -0.0023256 0
-0.00450802 -0.00224822 0
-0.00223936 -0.00173096 0
-0.00397749 -0.00257488 0
-0.00345885 -0.00231976 0
-0.00846674 -0.00416718 0
-0.00944215 -0.00445024 0
-0.0109783 -0.00487236 0
-0.0075078 -0.00375893 0
-0.00845742 -0.00416389 0
-0.0100055 -0.00459984 0
-0.00653648 -0.00352966 0
-0.00741566 -0.00385308 0
-0.0084459 -0.00416074 0
-0.00578404 -0.00311926 0
-0.00652808 -0.00352589 0
-0.00748828 -0.00375186 0
-0.00516138 -0.00305129 0
-0.00589329 -0.00332747 0
-0.0074024 -0.00384876 0
-0.00347063 -0.00232477 0
-0.00514395 -0.00304408 0
-0.0045273 -0.00270667 0
-0.00399628 -0.00258301 0
-0.00588142 -0.0033232 0
-0.0051507 -0.00304715 0
-0.00222117 -0.00172117 0
-0.000925745 -0.000934074 0
-0.00107568 -0.00105974 0
-0.00345174 -0.00231617 0
-0.00194112 -0.0015147 0
-0.00223292 -0.00172734 0
-0.00391615 -0.00232322 0
-0.00346613 -0.00195254 0
-0.00249398 -0.0016118 0
-0.00576592 -0.00311187 0
-0.00393072 -0.00233085 0
-0.00453098 -0.00270679 0
-0.00576464 -0.00311022 0
-0.00451457 -0.00225202 0
-0.0039309 -0.00232957 0
-0.00157088 -0.00120745 0
-0.00065922 -0.000626508 0
-0.0008037 -0.000802939 0
-0.00247937 -0.00160491 0
-0.00142282 -0.00101452 0
-0.00157929 -0.0012115 0
-0.00391504 -0.00232364 0
-0.00249211 -0.00161185 0
-0.00303169 -0.00202427 0
-0.00345956 -0.0019483 0
-0.00210411 -0.00111148 0
-0.00248775 -0.00160769 0
-0.00122126 -0.000531212 0
-0.00115801 -0.000307797 0
-0.000520639 -0.000177165 0
-0.000553466 -0.000327137 0
-0.00121926 -0.000531351 0
-0.000518611 -0.000177204 0
-1.93006e-06 -0.000162325 0
-0.00059741 -0.000472327 0
-1.68621e-06 -0.00011128 0
-0.00131065 -0.000751189 0
-0.00122209 -0.000533516 0
-0.000555895 -0.000328882 0
-0.00209454 -0.001106 0
-0.00131659 -0.000755585 0
-0.00142091 -0.00101167 0
-0.0020934 -0.00110389 0
-0.00122687 -0.000535825 0
-0.00131601 -0.000753982 0
-0.00209559 -0.00110382 0
-0.00201564 -0.000724645 0
-0.00122929 -0.000535796 0
-0.000795789 -0.000798107 0
-2.16256e-06 -0.00020995 0
-2.60014e-06 -0.000250987 0
-0.00302319 -0.00202031 0
-0.00248468 -0.00160829 0
-0.00158421 -0.00121483 0
-0.00141545 -0.00100905 0
-0.00131165 -0.00075359 0
-0.000606428 -0.000477362 0
-0.000805328 -0.000804712 0
-0.000924563 -0.000932825 0
-0.00192831 -0.00150719 0
-0.00157526 -0.00121046 0
-0.000807671 -0.000805878 0
-0.0019302 -0.00150785 0
-0.00302177 -0.00202022 0
-0.00158207 -0.00121427 0
-0.00193814 -0.00151219 0
-0.00141697 -0.00101141 0
-0.000661392 -0.000627396 0
-0.00157277 -0.00120794 0
-0.000654275 -0.000623405 0
-4.27925e-06 -0.000211356 0
-0.000797891 -0.000799135 0
-2.98236e-06 -0.000286766 0
-3.59752e-06 -0.000313639 0
-0.00106472 -0.00105281 0
-0.0169145 -0.00841475 0
-0.0161255 -0.00802134 0
-0.014235 -0.00581486 0
-0.00106932 -0.00105586 0
-7.13874e-06 -0.000316556 0
-0.00125514 -0.00116921 0
-0.0100174 -0.00460349 0
-0.00846921 -0.00416772 0
-0.0109797 -0.00487284 0
-0.00452258 -0.00225405 0
-0.005773 -0.00311258 0
-0.00634855 -0.00298644 0
-0.00673776 -0.00273752 0
-0.00512104 -0.00193838 0
-0.00635272 -0.00298397 0
-0.00392194 -0.00232729 0
-0.00303866 -0.00202806 0
-0.00452147 -0.00270307 0
-0.00302305 -0.00140133 0
-0.00346967 -0.00195155 0
-0.00450442 -0.00224478 0
-0.0030156 -0.00139769 0
-0.00210638 -0.0011109 0
-0.00346081 -0.00194745 0
-0.00453678 -0.0027105 0
-0.00515457 -0.00304817 0
-0.006516 -0.00352218 0
-0.00108074 -0.00106307 0
-0.00258451 -0.00191448 0
-0.00222709 -0.00172451 0
-6.04878e-06 -0.00028912 0
-0.0010676 -0.00105455 0
-0.000918922 -0.000929587 0
-3.54416e-06 -0.00031379 0
-4.26342e-06 -0.000333362 0
-0.00125182 -0.00116717 0
-0.00161012 -0.00129139 0
-4.90505e-06 -0.000345162 0
-5.71648e-06 -0.000346783 0
-0.00162588 -0.00130012 0
-0.00319549 -0.00211522 0
-0.00144545 -0.00125277 0
-1.36992e-05 -0.000343173 0
-0.00215077 -0.00138803 0
-0.0018352 -0.00133874 0
-0.00216834 -0.00139482 0
-0.00251799 -0.00139752 0
-0.00460437 -0.00230853 0
-0.0040393 -0.00225715 0
-0.00217426 -0.00139809 0
-0.00460858 -0.00231107 0
-7.06204e-06 -0.000339223 0
-7.88991e-06 -0.00032389 0
-0.00214561 -0.0013851 0
-0.00288788 -0.00203306 0
-0.00126621 -0.00117582 0
-0.00144383 -0.00125222 0
-0.00223611 -0.00172937 0
-0.00259499 -0.00191981 0
-0.00397501 -0.00257377 0
-0.00345403 -0.00231695 0
-0.00302832 -0.00202399 0
-0.00194409 -0.00151592 0
-0.00514275 -0.00304388 0
-0.00346829 -0.00232407 0
-0.00398811 -0.00257951 0
-0.0045204 -0.00270332 0
-0.00303671 -0.00202787 0
-0.00346348 -0.00232124 0
-0.00193328 -0.00151031 0
-0.000928826 -0.000935857 0
-0.00222376 -0.00172241 0
-0.00125711 -0.00117035 0
-8.46261e-06 -0.000336566 0
-0.00143339 -0.00124623 0
-0.00107726 -0.00106092 0
-0.00126451 -0.00117494 0
-0.00258162 -0.00191294 0
-4.20174e-06 -0.00033338 0
-4.97964e-06 -0.000345233 0
-0.00142954 -0.00124387 0
-0.0124621 -0.00287086 0
-0.0142121 -0.00578628 0
-0.0143087 -0.00413289 0
-0.0136921 -2.3014e-05 0
-0.0124597 -0.00285392 0
-0.0143073 -0.00411206 0
-0.0109808 -0.00215071 0
-0.0127485 -0.00460733 0
-0.0124464 -0.00286169 0
-0.0136153 -0.00552636 0
-0.0127564 -0.00462068 0
-0.011416 -0.00386055 0
-0.0151746 -0.0066244 0
-0.0142183 -0.00579839 0
-0.0127707 -0.00463047 0
-0.0166476 -0.00710549 0
-0.0151879 -0.00663038 0
-0.0136428 -0.00554279 0
-0.0150044 -0.0061673 0
-0.016648 -0.00710323 0
-0.0136413 -0.00554211 0
-0.020234 -0.00853651 0
-0.018448 -0.00852434 0
-0.0166817 -0.00712088 0
-0.0204226 -0.0107544 0
-0.0226318 -0.0142772 0
-0.0190022 -0.0114767 0
-0.018449 -0.00853561 0
-0.0204023 -0.0107266 0
-0.0169443 -0.00843226 0
-0.0184664 -0.00853595 0
-0.020254 -0.00854574 0
-0.0224066 -0.0101934 0
-0.00845847 -0.00301586 0
-0.0102789 -0.00370906 0
-0.00735874 -0.00309083 0
-0.0347618 -0.00462121 0
-0.0306611 -0.00488393 0
-0.0343702 -0.00371379 0
-0.0419907 -0.00314736 0
-0.038186 -0.00456939 0
-0.0382665 -0.00343786 0
-0.0393171 -0.0103679 0
-0.039689 -0.0124001 0
-0.03592 -0.0118353 0
-0.0206956 -0.00586692 0
-0.0206076 -0.00623774 0
-0.0178365 -0.00562304 0
-0.0212754 -0.00538377 0
-0.0206977 -0.00586417 0
-0.0178374 -0.00562064 0
-0.0236909 -0.00604985 0
-0.0206262 -0.00623948 0
-0.0207153 -0.00586835 0
-0.0242768 -0.00555419 0
-0.0237034 -0.00604731 0
-0.0207272 -0.00586643 0
-0.0235323 -0.00487616 0
-0.0242793 -0.00554827 0
-0.0213073 -0.00537989 0
-0.0273157 -0.00568031 0
-0.0237251 -0.00604697 0
-0.0242998 -0.00555314 0
-0.0273307 -0.00568319 0
-0.0288336 -0.00642087 0
-0.0237415 -0.00604985 0
-0.0235551 -0.00487374 0
-0.0278341 -0.00468712 0
-0.0243002 -0.0055465 0
-0.0307604 -0.00561084 0
-0.0288558 -0.00641961 0
-0.0273549 -0.00568141 0
-0.0237282 -0.00605273 0
-0.02882 -0.0064247 0
-0.0233897 -0.00661404 0
-0.0347496 -0.00462788 0
-0.0307909 -0.00560239 0
-0.0306493 -0.00488984 0
-0.0347877 -0.00462682 0
-0.0381505 -0.00458172 0
-0.0346687 -0.00571443 0
-0.0280555 -0.00870661 0
-0.0264624 -0.00971755 0
-0.024048 -0.0083787 0
-0.0047985 -0.000478896 0
-1.71654e-05 -6.29887e-05 0
-1.76626e-05 4.14289e-06 0
-0.00733639 -0.00175469 0
-0.0112347 -0.00212861 0
-0.0104046 -0.00249999 0
-0.00332484 -0.00129729 0
-0.00356181 -0.00112122 0
-0.00683377 -0.00207259 0
-0.00793592 -0.00149015 0
-0.0112276 -0.00212528 0
-0.00732699 -0.00175114 0
-0.00394005 -0.000962197 0
-0.00791112 -0.00148658 0
-0.00730307 -0.00174696 0
-0.00849677 -0.00115981 0
-0.0126849 -0.00135832 0
-0.00794371 -0.0014862 0
-0.00513588 -0.000136786 0
-0.0105247 0.000463613 0
-0.0100586 -0.000194863 0
-0.0126925 -0.00136154 0
-0.0112443 -0.00212385 0
-0.00795407 -0.00148958 0
-0.0195234 -0.00223119 0
-0.0205963 -0.00281394 0
-0.0164808 -0.00284294 0
-0.0135354 -0.00320947 0
-0.0097735 -0.00282406 0
-0.0104205 -0.00250721 0
-0.00392456 -0.000960496 0
-0.00728908 -0.00174622 0
-0.0035646 -0.00111931 0
-2.66374e-05 -0.000181603 0
-0.00389983 -0.000955592 0
-0.0035411 -0.00111373 0
-0.00451812 -0.000741753 0
-0.00846943 -0.0011577 0
-0.00791742 -0.00148333 0
-0.0048397 -0.000484806 0
-0.00846037 -0.00115421 0
-0.00450641 -0.000738502 0
-0.0153307 -0.00228414 0
-0.0164429 -0.00284246 0
-0.0134099 -0.00273541 0
-0.0073304 -0.00308398 0
-0.00463017 -0.00231686 0
-0.0053499 -0.00230034 0
-5.84421e-06 -0.000346764 0
-6.64491e-06 -0.00033922 0
-0.00182799 -0.00133553 0
-0.00844158 -0.00301134 0
-0.0073427 -0.00308603 0
-0.00536321 -0.00230308 0
-0.0075597 -0.00380373 0
-0.00964517 -0.00422303 0
-0.00949762 -0.0043712 0
-0.00540237 -0.00293629 0
-0.00745596 -0.00361479 0
-0.00478626 -0.00283356 0
-0.00541244 -0.00293874 0
-0.00799043 -0.00349876 0
-0.00746721 -0.00361688 0
-0.0189973 -0.00409371 0
-0.0216662 -0.00338417 0
-0.0236302 -0.00386407 0
-0.0167068 -0.00453169 0
-0.0189686 -0.0041002 0
-0.0200571 -0.00474992 0
-0.0166909 -0.00452881 0
-0.0153272 -0.00390359 0
-0.018953 -0.00409745 0
-0.00748656 -0.00375004 0
-0.00635767 -0.00299153 0
-0.00578388 -0.00311764 0
-0.0184309 -0.00851819 0
-0.0152029 -0.00664134 0
-0.0166646 -0.00711447 0
-0.0224062 -0.0102014 0
-0.0204208 -0.0107319 0
-0.0184677 -0.00854185 0
-0.0237014 -0.00959157 0
-0.0224245 -0.0101962 0
-0.0202719 -0.00854947 0
-0.0183971 -0.00740926 0
-0.0218976 -0.00835145 0
-0.0202523 -0.00853599 0
-0.0264748 -0.00973887 0
-0.029783 -0.012658 0
-0.025987 -0.0114954 0
-0.0259023 -0.00790089 0
-0.0217353 -0.00744034 0
-0.0238322 -0.00728612 0
-0.0219378 -0.00835852 0
-0.0240273 -0.00837726 0
-0.0264426 -0.00971667 0
-0.021916 -0.00835065 0
-0.0199229 -0.00747062 0
-0.0240051 -0.00837064 0
-0.0202697 -0.0085441 0
-0.0219159 -0.00835787 0
-0.0237001 -0.00958502 0
-0.0183782 -0.00739979 0
-0.0166196 -0.00659576 0
-0.0198856 -0.00746187 0
-0.0317022 -0.0112811 0
-0.0358742 -0.0118421 0
-0.0337588 -0.0136786 0
-0.0264949 -0.00973932 0
-0.0316571 -0.0112711 0
-0.0298016 -0.0126566 0
-0.0303261 -0.00977942 0
-0.034817 -0.010179 0
-0.0316863 -0.0112628 0
-0.0295278 -0.0147265 0
-0.0268465 -0.0164077 0
-0.02457 -0.0126901 0
-0.0169278 -0.00841681 0
-0.0152046 -0.00664427 0
-0.0184306 -0.00852356 0
-0.0161404 -0.00804275 0
-0.0169316 -0.00843083 0
-0.0189696 -0.0114457 0
-0.0142307 -0.00581251 0
-0.0151899 -0.00663549 0
-0.0169133 -0.0084081 0
-0.00289137 -0.00203497 0
-0.0025882 -0.00191622 0
-0.0012703 -0.00117837 0
-0.0152915 -0.00390075 0
-0.01342 -0.00418769 0
-0.0118092 -0.00354835 0
-0.021646 -0.00338279 0
-0.0189769 -0.00409189 0
-0.0175652 -0.0033934 0
-0.0166732 -0.00452905 0
-0.0134362 -0.00419106 0
-0.0153078 -0.00390388 0
-0.0117742 -0.0035409 0
-0.00847116 -0.00301463 0
-0.00976104 -0.00282669 0
-0.017525 -0.00339242 0
-0.0153112 -0.00389689 0
-0.0135773 -0.00321586 0
-0.0135572 -0.00321626 0
-0.0152929 -0.00389741 0
-0.0118087 -0.00354515 0
-0.0212651 -0.00538087 0
-0.017826 -0.00561788 0
-0.0173696 -0.00498845 0
-0.0047666 -0.00282703 0
-0.00398475 -0.00257795 0
-0.00290847 -0.00204314 0
-0.00477714 -0.00283144 0
-0.00588085 -0.00332274 0
-0.00399417 -0.00258205 0
-0.00356561 -0.00218794 0
-0.00538404 -0.00292935 0
-0.00321464 -0.00212348 0
-0.00163284 -0.00130352 0
-0.00355254 -0.00218246 0
-0.00320278 -0.00211816 0
-0.00404805 -0.00226167 0
-0.00594629 -0.00291464 0
-0.00356927 -0.0021883 0
-0.0120603 -0.00440165 0
-0.0103113 -0.00371738 0
-0.013404 -0.00419001 0
-0.00951416 -0.00437518 0
-0.00966352 -0.00422705 0
-0.0127168 -0.00494539 0
-0.00800711 -0.00349957 0
-0.00735781 -0.00309245 0
-0.0102763 -0.00371069 0
-0.00964698 -0.00422126 0
-0.00748739 -0.00362297 0
-0.00989744 -0.00400149 0
-0.0059509 -0.00291504 0
-0.00405154 -0.00226212 0
-0.00462167 -0.00231596 0
-0.00540694 -0.0029362 0
-0.00596607 -0.00292108 0
-0.00798579 -0.00349652 0
-0.00539333 -0.00293185 0
-0.00357421 -0.00219083 0
-0.00595045 -0.00291671 0
-0.00321914 -0.00212593 0
-0.00538758 -0.00293125 0
-0.00477315 -0.0028286 0
-0.00801573 -0.00350269 0
-0.0102844 -0.00371352 0
-0.00990221 -0.00399932 0
-0.00740392 -0.00384932 0
-0.00652572 -0.00352599 0
-0.00516405 -0.00305211 0
-0.0075398 -0.0037989 0
-0.00741066 -0.00385129 0
-0.00590105 -0.00333002 0
-0.00943 -0.00444686 0
-0.00845533 -0.00416377 0
-0.00742579 -0.00385624 0
-0.00598012 -0.00223658 0
-0.00686222 -0.00208092 0
-0.00973691 -0.0028197 0
-0.00535778 -0.00229998 0
-0.00597169 -0.00223761 0
-0.00843807 -0.00300868 0
-0.00532868 -0.002292 0
-0.00252226 -0.00139749 0
-0.00293449 -0.00136649 0
-0.00161442 -0.00129396 0
-0.00143535 -0.00124704 0
-9.88032e-06 -0.000348664 0
-0.00319931 -0.00211734 0
-0.0028947 -0.00203611 0
-0.00145007 -0.00125559 0
-0.00597242 -0.00292165 0
-0.00734276 -0.00308954 0
-0.00799338 -0.0034969 0
-0.00162783 -0.00130055 0
-0.00184518 -0.00134449 0
-0.0035485 -0.00218021 0
-0.00463296 -0.0023191 0
-0.0073314 -0.00308586 0
-0.00596141 -0.00291768 0
-0.00184791 -0.00134503 0
-0.00216482 -0.00139443 0
-0.00403006 -0.00225422 0
-0.00355663 -0.00218317 0
-0.00185319 -0.00134804 0
-0.00403406 -0.00225651 0
-0.00161656 -0.00129458 0
-1.15545e-05 -0.000350474 0
-0.00183269 -0.00133827 0
-0.00252894 -0.00140103 0
-0.00533318 -0.00229487 0
-0.00461466 -0.00231119 0
-0.00479395 -0.00283689 0
-0.00746293 -0.00361755 0
-0.00753723 -0.00379679 0
-0.0117749 -0.00354385 0
-0.0102931 -0.00371041 0
-0.00847397 -0.00301767 0
-0.00949553 -0.0043721 0
-0.00943373 -0.0044476 0
-0.00742825 -0.00385692 0
-0.0124139 -0.00469652 0
-0.0143201 -0.00474286 0
-0.0155658 -0.00521467 0
-0.0102991 -0.00371659 0
-0.0120492 -0.00440098 0
-0.00991564 -0.00400234 0
-0.0134336 -0.00419379 0
-0.016669 -0.004532 0
-0.0143268 -0.00473908 0
-0.0155469 -0.00563901 0
-0.0178184 -0.00562248 0
-0.0205907 -0.00623734 0
-0.0136335 -0.00547522 0
-0.0155174 -0.0056368 0
-0.01599 -0.00587814 0
-0.0141339 -0.00529987 0
-0.0127519 -0.00495143 0
-0.015565 -0.00521744 0
-0.0127717 -0.00520242 0
-0.0141339 -0.00530202 0
-0.0155089 -0.00563393 0
-0.0127573 -0.00519951 0
-0.0111332 -0.00480475 0
-0.0141186 -0.00529945 0
-0.00966127 -0.00422395 0
-0.00991356 -0.00400404 0
-0.0120457 -0.00440269 0
-0.00755268 -0.00380115 0
-0.0074802 -0.00362218 0
-0.00963872 -0.00422061 0
-0.0074217 -0.00385478 0
-0.00755261 -0.0038025 0
-0.00948951 -0.00437 0
-0.00589237 -0.00332673 0
-0.00478984 -0.00283596 0
-0.00753144 -0.00379578 0
-0.00748137 -0.00362044 0
-0.00800664 -0.00350225 0
-0.00989232 -0.0039991 0
-0.0173609 -0.00498257 0
-0.016702 -0.00453442 0
-0.0200511 -0.00475299 0
-0.012746 -0.00494942 0
-0.0124091 -0.00469712 0
-0.0155599 -0.00521547 0
-0.0120734 -0.00440495 0
-0.0134174 -0.00419331 0
-0.0143121 -0.00473847 0
-0.0117916 -0.00354757 0
-0.013404 -0.00418712 0
-0.0103094 -0.00371442 0
-0.0141507 -0.00530366 0
-0.0177958 -0.00561965 0
-0.0155253 -0.00563546 0
-0.0124019 -0.00469362 0
-0.0120705 -0.0044065 0
-0.0143082 -0.00474015 0
-0.0096731 -0.00422823 0
-0.0123888 -0.00469377 0
-0.012727 -0.0049462 0
-0.00966956 -0.00422635 0
-0.012054 -0.00440492 0
-0.0123865 -0.00469195 0
-0.0173768 -0.00498555 0
-0.0200663 -0.00475579 0
-0.0212736 -0.00537761 0
-0.014337 -0.00474387 0
-0.0173379 -0.00498492 0
-0.0155815 -0.00521565 0
-0.0143399 -0.00474176 0
-0.0166819 -0.00453449 0
-0.0173422 -0.00498246 0
-0.0039782 -0.00257513 0
-0.00259731 -0.00192088 0
-0.00290128 -0.00203991 0
-0.00293886 -0.00136613 0
-0.00332043 -0.00129835 0
-0.00594725 -0.0022292 0
-0.00533997 -0.00229436 0
-0.00294671 -0.00136978 0
-0.00595293 -0.0022323 0
-0.00250529 -0.0013908 0
-1.89176e-05 -0.000304122 0
-0.00291595 -0.00136002 0
-1.61765e-05 -0.000327964 0
-0.0025019 -0.00139096 0
-0.00215374 -0.00138823 0
-8.29626e-06 -0.000323752 0
-9.1817e-06 -0.000300012 0
-0.00249588 -0.00138778 0
-0.0189838 -0.0114539 0
-0.0169469 -0.00843962 0
-0.0204026 -0.0107377 0
-0.0417507 -0.00575695 0
-0.0383855 -0.00699983 0
-0.0382141 -0.00576342 0
-0.0359157 -0.0118512 0
-0.0396843 -0.0124179 0
-0.0380204 -0.0158282 0
-0.0316592 -0.0112612 0
-0.0264961 -0.00973223 0
-0.0302975 -0.00977801 0
-0.0295687 -0.0147163 0
-0.0298191 -0.0126831 0
-0.0337317 -0.013695 0
-0.0295258 -0.0147091 0
-0.0245666 -0.0126752 0
-0.0259801 -0.011511 0
-0.0328075 -0.00899898 0
-0.0387044 -0.00847553 0
-0.0348483 -0.0101665 0
-0.0343367 -0.00709369 0
-0.0383523 -0.00701212 0
-0.0354858 -0.00808516 0
-0.0314791 -0.0079075 0
-0.0343125 -0.00709692 0
-0.0354636 -0.00808798 0
-0.0302565 -0.00707511 0
-0.0346396 -0.00573146 0
-0.034306 -0.00708644 0
-0.0307851 -0.00561088 0
-0.0346257 -0.00572389 0
-0.0288802 -0.00642043 0
-0.0381847 -0.00458125 0
-0.0414293 -0.00455234 0
-0.0382114 -0.0057519 0
-0.041763 -0.0057613 0
-0.0421946 -0.00708474 0
-0.0384002 -0.00700429 0
-0.0427848 -0.00872678 0
-0.042603 -0.0107239 0
-0.0393511 -0.0103528 0
-0.0471472 -0.00959295 0
-0.0454171 -0.00898325 0
-0.0478739 -0.00714507 0
-0.0471378 -0.00960854 0
-0.0445786 -0.0117098 0
-0.0454047 -0.00899769 0
-0.0471415 -0.00961947 0
-0.0468779 -0.0123412 0
-0.0445847 -0.0117215 0
-0.0426059 -0.0107472 0
-0.043501 -0.0138746 0
-0.039726 -0.0124086 0
-0.039705 -0.0124315 0
-0.0422341 -0.0165374 0
-0.0380426 -0.0158466 0
-0.039725 -0.0124262 0
-0.0435001 -0.0138947 0
-0.0422513 -0.0165298 0
-0.0445716 -0.0117354 0
-0.0468675 -0.012356 0
-0.0435317 -0.0138787 0
-0.0426224 -0.0107447 0
-0.0445573 -0.01173 0
-0.043516 -0.0138721 0
-0.0426295 -0.0107297 0
-0.0453893 -0.0090018 0
-0.044563 -0.0117134 0
-1.06999e-05 -0.000268983 0
-0.00290894 -0.00135667 0
-9.74628e-06 -0.000299754 0
-0.034359 -0.00371036 0
-0.0306483 -0.00488103 0
-0.0312383 -0.00364747 0
-0.0393712 -0.00165881 0
-0.0426789 -0.000164926 0
-0.0434007 -0.00115571 0
-0.0416804 0.000602566 0
-0.0374996 -4.76729e-05 0
-0.0423246 0.00255237 0
-0.042696 -0.000148083 0
-0.0417111 0.000599387 0
-0.0461515 0.00159644 0
-0.0434219 -0.00114571 0
-0.0427018 -0.000153997 0
-0.0461557 0.0015897 0
-0.039364 -0.0016537 0
-0.0416868 0.000587748 0
-0.0426732 -0.000159018 0
-0.0393398 -0.00166 0
-0.0352138 -0.00212105 0
-0.0416618 0.000580285 0
-0.0382738 -0.00342278 0
-0.039356 -0.00167002 0
-0.0433857 -0.00116736 0
-0.034374 -0.00370116 0
-0.0312535 -0.00363838 0
-0.0351607 -0.00214211 0
-0.0423704 0.00258365 0
-0.0448765 0.0054687 0
-0.0477364 0.00432445 0
-0.0332321 -0.000630254 0
-0.0375546 0.00159516 0
-0.0374554 -5.47929e-05 0
-0.0245641 0.000679526 0
-0.0279492 4.85143e-05 0
-0.0254197 -0.000988923 0
-0.0211268 0.00214166 0
-0.0267767 0.00371311 0
-0.0256438 0.0021478 0
-0.031444 0.00152152 0
-0.0362751 0.0024045 0
-0.0327749 0.000772 0
-0.0411402 0.00341756 0
-0.0375778 0.00161758 0
-0.0363238 0.00241384 0
-0.044847 0.00547202 0
-0.041176 0.00343669 0
-0.0399711 0.00429546 0
-0.0423246 0.00256828 0
-0.0375987 0.00161818 0
-0.0411596 0.003418 0
-0.0331878 -0.000636437 0
-0.0289509 -0.00112303 0
-0.0327557 0.000752467 0
-0.0295226 -0.00204827 0
-0.0259047 -0.0031987 0
-0.0248798 -0.00261375 0
-0.033177 -0.000645852 0
-0.02956 -0.00203466 0
-0.0289406 -0.00113202 0
-0.0301732 -0.00289001 0
-0.025923 -0.00319968 0
-0.0295398 -0.00204914 0
-0.0312391 -0.0036358 0
-0.0302099 -0.00289177 0
-0.0351479 -0.00213904 0
-0.0274307 -0.00378832 0
-0.0259164 -0.00320518 0
-0.0301659 -0.00289597 0
-0.0327857 0.000762086 0
-0.0375399 0.00159822 0
-0.0332157 -0.000627796 0
-0.0335135 0.00401025 0
-0.0387504 0.00560349 0
-0.0350097 0.00323912 0
-0.0465611 0.0116822 0
-0.0428074 0.00828955 0
-0.0414823 0.00990009 0
-0.0478702 0.00951265 0
-0.0438265 0.00679962 0
-0.0428209 0.00827193 0
-0.0448536 0.00546568 0
-0.0423476 0.00258063 0
-0.041184 0.00343094 0
-0.0414658 -0.00453828 0
-0.0420259 -0.00314508 0
-0.0455405 -0.00284799 0
-0.0414418 -0.00454349 0
-0.0381976 -0.00457283 0
-0.0420003 -0.00315137 0
-0.0486961 -0.00254657 0
-0.0445323 -0.00454123 0
-0.0455728 -0.0028458 0
-0.0382245 -0.00575563 0
-0.0414404 -0.00455635 0
-0.0417609 -0.00574836 0
-0.0343453 -0.00708683 0
-0.0381879 -0.00576858 0
-0.0383614 -0.007004 0
-0.034681 -0.00571798 0
-0.0381611 -0.00458567 0
-0.0381895 -0.00575539 0
-0.0397107 -0.0123963 0
-0.0393405 -0.0103641 0
-0.0425932 -0.0107368 0
-0.0170224 -0.0063573 0
-0.0136951 -0.00559961 0
-0.0147285 -0.00578426 0
-0.0348212 -0.0101709 0
-0.0303294 -0.00977261 0
-0.0327783 -0.0090026 0
-0.035903 -0.011827 0
-0.0348618 -0.010182 0
-0.039302 -0.0103616 0
-0.0358781 -0.0118302 0
-0.0317054 -0.0112707 0
-0.0348351 -0.0101849 0
-0.031681 -0.0112832 0
-0.0337392 -0.0136821 0
-0.0298259 -0.0126722 0
-0.0347998 -0.00461938 0
-0.0382414 -0.00344323 0
-0.0381625 -0.00457385 0
-0.00329171 -0.00128861 0
-1.12877e-05 -0.000268698 0
-1.21895e-05 -0.000226431 0
-1.36461e-05 -0.000177884 0
-1.4351e-05 -0.000124248 0
-0.00388969 -0.000952275 0
-0.00684027 -0.0020761 0
-0.00595957 -0.00223117 0
-0.00333413 -0.00130128 0
-0.00357586 -0.00112328 0
-0.00729753 -0.00174981 0
-0.00684646 -0.0020736 0
-2.43394e-05 -0.000229985 0
-0.00353822 -0.00111532 0
-0.00330288 -0.00129088 0
-1.21644e-05 -0.00022577 0
-1.30058e-05 -0.000178468 0
-0.00352876 -0.0011118 0
-0.00974099 -0.00282271 0
-0.00845214 -0.00301016 0
-0.00598656 -0.00223993 0
-0.0103974 -0.00250363 0
-0.00975156 -0.00282011 0
-0.00687764 -0.00208222 0
-0.00732094 -0.00175409 0
-0.0103904 -0.00250017 0
-0.00686838 -0.00207841 0
-0.0112722 -0.00213107 0
-0.0153137 -0.00228207 0
-0.0133927 -0.0027329 0
-0.0135386 -0.00321293 0
-0.0117904 -0.00354142 0
-0.00977891 -0.00282764 0
-0.0453957 -0.00897907 0
-0.0428184 -0.00870987 0
-0.0461269 -0.00688157 0
-0.0343966 -0.00370841 0
-0.0382296 -0.00344011 0
-0.0347865 -0.00461666 0
-0.0445086 -0.00454723 0
-0.0414754 -0.00454264 0
-0.0455473 -0.00285306 0
-0.0511268 -0.00223646 0
-0.047118 -0.00465222 0
-0.0487228 -0.0025447 0
-0.0470676 -0.00467923 0
-0.0422229 -0.00707791 0
-0.0417946 -0.00575343 0
-0.0426227 -0.0107194 0
-0.0428059 -0.00872185 0
-0.045385 -0.00899234 0
-0.0417811 -0.00574465 0
-0.0414625 -0.00455186 0
-0.0444964 -0.00455689 0
-0.0470761 -0.0046697 0
-0.0418025 -0.00574536 0
-0.0445155 -0.00455726 0
-0.0421846 -0.00709432 0
-0.0387472 -0.00845746 0
-0.0383898 -0.00701261 0
-0.0393371 -0.0103445 0
-0.0387536 -0.00847329 0
-0.0427736 -0.0087198 0
-0.0327558 -0.00899855 0
-0.0303066 -0.00976691 0
-0.0280988 -0.00870868 0
-0.0314483 -0.00791546 0
-0.03276 -0.00899179 0
-0.0281017 -0.00870331 0
-0.025949 -0.00790748 0
-0.0314254 -0.00791298 0
-0.0280787 -0.00869897 0
-0.0302469 -0.00708119 0
-0.0342955 -0.00709395 0
-0.0314611 -0.00790378 0
-0.0354825 -0.0080965 0
-0.0387077 -0.00846817 0
-0.0328091 -0.00899267 0
-0.0314743 -0.0079131 0
-0.0354582 -0.00809481 0
-0.0327841 -0.00898953 0
-0.0288501 -0.00642872 0
-0.0302111 -0.00707598 0
-0.0262373 -0.00695698 0
-0.0288789 -0.00642492 0
-0.0346221 -0.00572982 0
-0.0302379 -0.00707267 0
-0.038366 -0.00701628 0
-0.0387254 -0.00846036 0
-0.0355011 -0.00808996 0
-0.0427829 -0.00870823 0
-0.0387635 -0.0084635 0
-0.042198 -0.00709962 0
-0.0393113 -0.0103495 0
-0.0348707 -0.0101718 0
-0.0387252 -0.00847849 0
-0.0433932 -0.0011729 0
-0.0420077 -0.0031361 0
-0.038284 -0.0034271 0
-0.0473025 -0.000623008 0
-0.0509149 3.89756e-05 0
-0.0455882 -0.00282539 0
-0.00291964 -0.0013595 0
-2.19742e-05 -0.000273055 0
-0.00329997 -0.00129209 0
-0.00447492 -0.000736893 0
-0.00390347 -0.000953694 0
-3.00796e-05 -0.00012689 0
-0.0455593 -0.00283499 0
-0.0420458 -0.00313258 0
-0.0472714 -0.000634534 0
-0.0487164 -0.00253131 0
-0.0455949 -0.00283113 0
-0.0509176 3.18427e-05 0
-0.0492034 -0.00473218 0
-0.0471221 -0.00465901 0
-0.0511254 -0.00224416 0
-0.0461189 -0.00687557 0
-0.0428067 -0.00870323 0
-0.0422247 -0.00709392 0
-0.0470789 -0.00468259 0
-0.0461321 -0.00686169 0
-0.0422395 -0.00708179 0
-0.0486991 -0.00255309 0
-0.0470961 -0.00465903 0
-0.044539 -0.0045469 0
-0.0491883 -0.00474784 0
-0.046154 -0.00685436 0
-0.0471037 -0.00467363 0
-0.0491882 -0.00475624 0
-0.0478835 -0.00712169 0
-0.0461585 -0.0068624 0
-0.0461446 -0.00687574 0
-0.0478725 -0.00713605 0
-0.0454124 -0.0089741 0
-0.00446395 -0.000733793 0
-1.57481e-05 -0.000123679 0
-1.64633e-05 -6.37642e-05 0
-0.00790298 -0.00148314 0
-0.00392911 -0.00095871 0
-0.00450154 -0.000740841 0
-0.0545555 0.00826654 0
-0.0477919 0.00434728 0
-0.0497789 0.00680283 0
-0.0567516 0.00388608 0
-0.0534056 0.00282362 0
-0.0601765 0.00762437 0
-0.0500327 0.0022977 0
-0.0462094 0.00161835 0
-0.0516414 0.00479751 0
-0.0562982 0.00637808 0
-0.0500657 0.00231267 0
-0.0516763 0.00481406 0
-0.0533405 0.00279132 0
-0.0473244 -0.000597965 0
-0.050042 0.00228318 0
-0.0536651 0.000587285 0
-0.0487427 -0.00252102 0
-0.0509463 4.42346e-05 0
-0.0462005 0.00162444 0
-0.0477705 0.00431866 0
-0.0516352 0.00480484 0
-0.0434466 -0.00113848 0
-0.0461811 0.00159817 0
-0.0500058 0.0022772 0
-0.0420371 -0.00312761 0
-0.0434245 -0.0011626 0
-0.0472659 -0.000628246 0
-0.0382445 -0.00343043 0
-0.0344116 -0.00369924 0
-0.0393247 -0.0016794 0
-0.0374495 -7.03114e-05 0
-0.0351812 -0.00212216 0
-0.0342147 -0.00139778 0
-0.01004 -0.000198919 0
-0.0048459 -0.000480711 0
-0.00511618 -0.000139021 0
-3.36079e-05 -6.56096e-05 0
-0.0048115 -0.000481726 0
-0.00447885 -0.000734491 0
-1.81634e-05 5.05301e-06 0
-1.85466e-05 7.26449e-05 0
-0.00506857 -0.000136197 0
-0.00571964 0.000957368 0
-1.96748e-05 0.000154283 0
-2.08175e-05 0.000234981 0
-0.0112559 0.00174493 0
-0.0110242 0.00119585 0
-0.00564583 0.000603786 0
-0.0109034 0.00238362 0
-0.0112565 0.00175101 0
-0.00579305 0.000970293 0
-0.00558069 0.00168545 0
-0.0108969 0.00290686 0
-0.0058215 0.00133428 0
-0.0211915 0.00669124 0
-0.0160509 0.00466098 0
-0.0159648 0.00537386 0
-0.0262953 0.00695204 0
-0.0212326 0.00583793 0
-0.0270491 0.0084399 0
-0.0323299 0.00978296 0
-0.0263324 0.00696519 0
-0.0270864 0.00845327 0
-0.0262676 0.00565338 0
-0.0212702 0.00454741 0
-0.0262924 0.00693792 0
-0.0212185 0.00453644 0
-0.0161611 0.00346252 0
-0.0211773 0.0058124 0
-0.0166269 0.00257656 0
-0.0110605 0.00120209 0
-0.0112934 0.00175241 0
-0.0109387 0.0023928 0
-0.0160936 0.00344159 0
-0.01129 0.00175863 0
-0.0219144 0.00346095 0
-0.0210773 0.0021387 0
-0.0160602 0.00153588 0
-0.00533035 0.000190288 0
-0.00508482 -0.000135257 0
-3.77457e-05 7.29362e-05 0
-0.0110562 0.00119489 0
-0.0159889 0.00152291 0
-0.0105648 0.000474225 0
-0.00577462 0.000965048 0
-0.0112399 0.0017443 0
-0.00562649 0.000603085 0
-3.98415e-05 0.000155511 0
-0.00573624 0.000958601 0
-0.00558984 0.00059838 0
-0.00582282 0.00133081 0
-0.0108866 0.00238229 0
-0.00577308 0.000968771 0
-0.0166411 0.00257558 0
-0.0160083 0.0015304 0
-0.0110778 0.00120156 0
-0.0105105 0.000464797 0
-0.00511853 -0.000135353 0
-0.0053652 0.000191544 0
-0.00562315 0.000597446 0
-0.0105133 0.000468781 0
-0.00536671 0.000193913 0
-0.015437 0.000714448 0
-0.0210696 0.00212776 0
-0.0203504 0.00116132 0
-0.0509402 5.8098e-05 0
-0.0473294 -0.000604554 0
-0.0533418 0.00278313 0
-0.0567215 0.00386029 0
-0.0509705 7.18287e-05 0
-0.0533744 0.00279894 0
-0.053663 0.000579165 0
-0.0511469 -0.00221867 0
-0.048746 -0.00252789 0
-0.0341721 -0.00140721 0
-0.0302 -0.00288435 0
-0.0295684 -0.00204282 0
-0.0374443 -6.46902e-05 0
-0.0342081 -0.00139282 0
-0.0332212 -0.00063983 0
-0.0351582 -0.00213111 0
-0.0302195 -0.00288465 0
-0.0341902 -0.00140749 0
-0.0235266 -0.00486852 0
-0.0200945 -0.00475077 0
-0.0236383 -0.00387188 0
-0.0164628 -0.00284092 0
-0.0153521 -0.00228252 0
-0.0195063 -0.00222963 0
-0.0135803 -0.00321253 0
-0.0164501 -0.00284792 0
-0.0175295 -0.00338865 0
-0.0133769 -0.00273365 0
-0.0104242 -0.00250332 0
-0.011255 -0.00213153 0
-0.013566 -0.00321006 0
-0.0134043 -0.00273835 0
-0.0164364 -0.00284586 0
-0.0135471 -0.00320881 0
-0.0104331 -0.00250708 0
-0.0133841 -0.00273725 0
-0.0594401 0.0101148 0
-0.0576845 0.0120147 0
-0.0629118 0.0143122 0
-0.0594137 0.0100949 0
-0.0546198 0.00830324 0
-0.0576554 0.0119943 0
-0.0639272 0.0118843 0
-0.0594609 0.0101143 0
-0.062933 0.0143117 0
-0.0639051 0.0118482 0
-0.0602121 0.0076644 0
-0.0563729 0.00641926 0
-0.0516627 0.00482712 0
-0.0477995 0.00434103 0
-0.0545603 0.00825932 0
-0.0500079 0.00226888 0
-0.0472919 -0.000610132 0
-0.043452 -0.00114497 0
-0.0563021 0.00637055 0
-0.0533697 0.00281484 0
-0.0500728 0.00230648 0
-0.0567203 0.00385233 0
-0.0536906 0.000609037 0
-0.050974 6.50989e-05 0
-0.0364082 0.00864065 0
-0.0314375 0.00747049 0
-0.034488 0.00926986 0
-0.0376814 0.00714876 0
-0.0364522 0.00864151 0
-0.0414312 0.00988613 0
-0.0387595 0.00561664 0
-0.0335219 0.00402297 0
-0.0376624 0.00711865 0
-0.043797 0.00678674 0
-0.038811 0.00562973 0
-0.0427895 0.00825874 0
-0.0399302 0.00429517 0
-0.0350319 0.00324014 0
-0.0387713 0.00560432 0
-0.0324898 0.00607606 0
-0.0268165 0.00373802 0
-0.0263074 0.00564781 0
-0.0427698 0.00826005 0
-0.0387897 0.00563074 0
-0.0376947 0.00713327 0
-0.0334734 0.00400416 0
-0.0300693 0.00230136 0
-0.0319537 0.00476862 0
-0.0376403 0.00711588 0
-0.0334985 0.00402016 0
-0.0319803 0.00478516 0
-0.0349816 0.00322826 0
-0.0300809 0.00229665 0
-0.0334835 0.00399897 0
-0.0325069 0.00607281 0
-0.0319409 0.00478079 0
-0.0268368 0.0037353 0
-0.0364015 0.00862989 0
-0.0325366 0.00609832 0
-0.0314308 0.00745981 0
-0.0364215 0.00862866 0
-0.0376526 0.00713618 0
-0.0325586 0.00609734 0
-0.0363103 0.00242196 0
-0.0350239 0.00322964 0
-0.0399219 0.00428445 0
-0.0411483 0.00342663 0
-0.0363316 0.0024227 0
-0.0399417 0.00428503 0
-0.0375506 0.00160887 0
-0.0327961 0.000772333 0
-0.0362949 0.00240474 0
-0.0245167 0.000675518 0
-0.0211882 -0.0012458 0
-0.0183072 -0.000616514 0
-0.0300206 0.00228189 0
-0.0245714 0.000697378 0
-0.025666 0.00213808 0
-0.0319279 0.00476198 0
-0.0300441 0.00229538 0
-0.0256915 0.0021515 0
-0.0314153 0.00151341 0
-0.032748 0.00076426 0
-0.0279967 5.70816e-05 0
-0.0349745 0.00321981 0
-0.0314298 0.00152916 0
-0.0300741 0.00228849 0
-0.0349946 0.00322018 0
-0.0362827 0.00241287 0
-0.0314513 0.00152961 0
-0.0248894 -0.00260734 0
-0.0289116 -0.00113912 0
-0.0295329 -0.00204109 0
-0.0245398 0.000674476 0
-0.0253979 -0.000993197 0
-0.0212121 -0.00124714 0
-0.027963 4.22925e-05 0
-0.0289093 -0.00112629 0
-0.0254351 -0.000994614 0
-0.0300267 0.00227426 0
-0.0279642 5.90564e-05 0
-0.0245803 0.00069056 0
-0.0327392 0.000754973 0
-0.0289328 -0.0011209 0
-0.0279885 4.82752e-05 0
-0.021113 0.00214581 0
-0.021951 0.00346905 0
-0.0267657 0.00371791 0
-0.0414518 0.00988479 0
-0.0427789 0.00827442 0
-0.0377035 0.00714762 0
-0.00573805 0.000962293 0
-4.09377e-05 0.000238226 0
-0.00578618 0.00132274 0
-0.0127323 -0.0013559 0
-0.0137365 -0.000752198 0
-0.0169255 -0.00138026 0
-0.0153865 0.000710609 0
-0.0105809 0.000472657 0
-0.016002 0.00152101 0
-0.0210564 0.00212913 0
-0.0154211 0.00071565 0
-0.0160376 0.00152715 0
-0.014945 -3.96514e-05 0
-0.0101082 -0.000194434 0
-0.0153805 0.000702427 0
-0.0169295 -0.00138566 0
-0.0153304 -0.00227478 0
-0.0127386 -0.00136095 0
-0.0203439 0.00115204 0
-0.0197634 0.00026093 0
-0.0149946 -3.70672e-05 0
-0.0154157 0.000707638 0
-0.0203306 0.00115359 0
-0.0149787 -3.55204e-05 0
-0.0211043 0.00213319 0
-0.0256236 0.00213928 0
-0.0203845 0.00116603 0
-0.0211676 -0.0012577 0
-0.0195274 -0.00222106 0
-0.016973 -0.00138487 0
-0.00959406 -0.000649398 0
-0.00486242 -0.000482796 0
-0.0100536 -0.000200509 0
-0.0219688 0.00348069 0
-0.0262705 0.00563856 0
-0.0267817 0.00372967 0
-0.00531526 0.000191927 0
-1.92247e-05 7.35734e-05 0
-1.93241e-05 0.000153093 0
-3.58024e-05 3.32878e-06 0
-0.00508258 -0.000138524 0
-0.00481389 -0.000478742 0
-0.00533196 0.000193708 0
-3.94911e-05 0.000154589 0
-0.00558834 0.000595691 0
-0.0274412 -0.00379568 0
-0.0312059 -0.00364717 0
-0.0278701 -0.00467698 0
-0.0248356 -0.00261715 0
-0.0216758 -0.00337566 0
-0.0206316 -0.00281695 0
-0.028893 -0.00113914 0
-0.0248697 -0.00260706 0
-0.0238222 -0.00199402 0
-0.0258793 -0.00320294 0
-0.0216939 -0.00337707 0
-0.0248527 -0.00261832 0
-0.02355 -0.00486592 0
-0.0236643 -0.0038681 0
-0.0274008 -0.00379762 0
-0.0278683 -0.00468712 0
-0.0306143 -0.00489055 0
-0.0273498 -0.00567393 0
-0.0175429 -0.00339519 0
-0.0189566 -0.00409349 0
-0.0153292 -0.00389995 0
-0.0212931 -0.00537731 0
-0.0200877 -0.00475528 0
-0.0235186 -0.00487348 0
-0.0032111 -0.00212272 0
-0.00476488 -0.00282577 0
-0.00290538 -0.00204125 0
-0.0200791 -0.00474821 0
-0.0189926 -0.00409806 0
-0.0236237 -0.00386929 0
-0.0341825 -0.00139932 0
-0.0295783 -0.00203551 0
-0.0331939 -0.000646788 0
-0.0236722 -0.00386234 0
-0.0258937 -0.00320851 0
-0.0274096 -0.00379141 0
-0.0236528 -0.00386091 0
-0.0216904 -0.003381 0
-0.0258749 -0.00320723 0
-0.0278452 -0.00468085 0
-0.0235647 -0.00486846 0
-0.0274142 -0.00380045 0
-0.0195089 -0.00222451 0
-0.015353 -0.0022779 0
-0.0169521 -0.0013884 0
-0.0237792 -0.00199307 0
-0.0195502 -0.00222322 0
-0.0211903 -0.00125966 0
-0.0237937 -0.00199964 0
-0.024843 -0.0026123 0
-0.0206383 -0.00281259 0
-0.0319768 0.00479203 0
-0.0325435 0.00608445 0
-0.0376383 0.00712324 0
-0.0521467 0.0174032 0
-0.0467219 0.0157105 0
-0.0507236 0.0180647 0
-0.0634299 0.0214845 0
-0.0593739 0.0176243 0
-0.0577969 0.0193263 0
-0.048432 0.0137882 0
-0.047573 0.0147864 0
-0.0521407 0.0173863 0
-0.0538344 0.0155712 0
-0.0484538 0.0137907 0
-0.052162 0.0173892 0
-0.046563 0.0116953 0
-0.0414828 0.00991314 0
-0.0430763 0.0121447 0
-0.0430309 0.0121389 0
-0.0364569 0.00866271 0
-0.0376954 0.0111596 0
-0.0438069 0.00677278 0
-0.0448559 0.00548327 0
-0.0399797 0.00430653 0
-0.0388017 0.00561647 0
-0.0437873 0.00677338 0
-0.0399587 0.00430682 0
-0.0478897 0.00951222 0
-0.0488518 0.00817376 0
-0.0438475 0.00679941 0
-0.0516475 0.0131152 0
-0.0479081 0.00954523 0
-0.0466129 0.0116971 0
-0.0529635 0.0109139 0
-0.0536143 0.00929558 0
-0.0489014 0.00818676 0
-0.0375862 0.00160641 0
-0.042312 0.00255615 0
-0.037485 -4.46737e-05 0
-0.0465822 0.0116809 0
-0.0478798 0.0095291 0
-0.0428297 0.00828838 0
-0.0497464 0.00679351 0
-0.0477599 0.00433832 0
-0.0449026 0.00548342 0
-0.0466757 0.0156874 0
-0.0475328 0.0147807 0
-0.041575 0.0137821 0
-0.0477246 0.00430734 0
-0.0417138 0.000616189 0
-0.04236 0.00256751 0
-2.00073e-05 0.000373537 0
-0.00552661 0.00167284 0
-1.93272e-05 0.000306175 0
-0.00554432 0.00167951 0
-4.01202e-05 0.00037927 0
-0.00571296 0.00211504 0
-0.0112263 0.00367092 0
-0.00558129 0.00168979 0
-0.00575066 0.00212715 0
-0.0057862 0.00132641 0
-4.02804e-05 0.00030987 0
-0.00554387 0.00167567 0
-0.0629623 0.0143331 0
-0.0678226 0.0164049 0
-0.0639541 0.0119052 0
-0.0594078 0.0100758 0
-0.0563388 0.00641585 0
-0.0546169 0.00828465 0
-0.0538323 0.0155566 0
-0.0516735 0.0131424 0
-0.0484533 0.013776 0
-0.0484282 0.0137632 0
-0.0516503 0.0131294 0
-0.0466142 0.0117114 0
-0.0577399 0.019306 0
-0.0538643 0.0155902 0
-0.0521943 0.0174071 0
-0.0577636 0.0193071 0
-0.0593432 0.0176041 0
-0.0538888 0.0155903 0
-0.0538859 0.0155727 0
-0.0593381 0.0175866 0
-0.0564968 0.0141601 0
-0.0562204 0.0200071 0
-0.0577484 0.0193206 0
-0.0522017 0.0174218 0
-0.061879 0.0221921 0
-0.0634392 0.0214996 0
-0.0578045 0.0193415 0
-0.064912 0.0199193 0
-0.0616173 0.0161751 0
-0.0593935 0.0176078 0
-0.0529938 0.0109267 0
-0.0576311 0.0120008 0
-0.0536426 0.00930823 0
-0.0615834 0.0161366 0
-0.0576684 0.0120344 0
-0.0565179 0.0141431 0
-0.0705226 0.0226127 0
-0.0667499 0.0184839 0
-0.0649678 0.0199438 0
-0.0629202 0.0143328 0
-0.0576903 0.012035 0
-0.0616048 0.0161374 0
-0.0417277 0.000613417 0
-0.0477361 0.00430356 0
-0.046168 0.001611 0
-0.0488606 0.00816011 0
-0.0497506 0.00680655 0
-0.0449054 0.0054962 0
-0.0438376 0.00678593 0
-0.0488415 0.00816016 0
-0.0448847 0.00549598 0
-0.0479212 0.00952614 0
-0.0529451 0.0109147 0
-0.0488814 0.00818745 0
-0.0564685 0.0141294 0
-0.0529824 0.0109467 0
-0.0516984 0.013128 0
-0.056488 0.0141257 0
-0.0576412 0.0120171 0
-0.053003 0.0109429 0
-0.0536218 0.00928209 0
-0.0545748 0.00828359 0
-0.0497988 0.00681956 0
-0.0488909 0.00817303 0
-0.0536035 0.00928177 0
-0.0497789 0.00681908 0
-0.057635 0.0119916 0
-0.0545996 0.00830059 0
-0.0536481 0.00929946 0
-0.0563372 0.00638921 0
-0.060177 0.00763342 0
-0.0534022 0.00283132 0
-0.0545896 0.00826653 0
-0.0563144 0.00639878 0
-0.0516914 0.00483394 0
-0.0594388 0.0100877 0
-0.0639039 0.0118569 0
-0.0563686 0.006427 0
-0.0529549 0.0109313 0
-0.04793 0.0095427 0
-0.0516684 0.0131126 0
-0.0109487 0.00292461 0
-0.0112767 0.0036837 0
-0.0160021 0.00464305 0
-0.00584102 0.00133672 0
-0.0109133 0.00290878 0
-0.0109034 0.00238945 0
-0.0056004 0.0016929 0
-0.0112419 0.00367292 0
-0.0109141 0.00291514 0
-2.06232e-05 0.000434297 0
-0.00569656 0.00211148 0
-2.0137e-05 0.000374469 0
-1.98199e-05 0.000434939 0
-1.9961e-05 0.000489159 0
-0.00555074 0.00240193 0
-0.0160439 0.00153723 0
-0.0166778 0.00258372 0
-0.0219012 0.00346273 0
-0.00958846 -0.000652698 0
-0.00847609 -0.00115377 0
-0.00485812 -0.000484864 0
-0.0149263 -4.48363e-05 0
-0.00962721 -0.000648276 0
-0.0100884 -0.000198254 0
-0.0126914 -0.00135468 0
-0.00850208 -0.00115717 0
-0.00961455 -0.000655123 0
-0.0137121 -0.000749924 0
-0.0127078 -0.0013531 0
-0.00963347 -0.000653769 0
-0.0149371 -4.66439e-05 0
-0.0137196 -0.000745589 0
-0.00964053 -0.000650226 0
-0.014988 -4.2342e-05 0
-0.0197564 0.000254988 0
-0.0182697 -0.000613318 0
-0.01056 0.00046737 0
-0.0153672 0.000704196 0
-0.010092 -0.000192631 0
-0.0238237 -0.00198876 0
-0.0254211 -0.00100144 0
-0.028896 -0.0011332 0
-0.0206201 -0.00281116 0
-0.0195489 -0.00222822 0
-0.0237764 -0.00199849 0
-0.0175701 -0.00338931 0
-0.0206063 -0.00281967 0
-0.0216521 -0.0033782 0
-0.0175523 -0.00338732 0
-0.0164746 -0.00284653 0
-0.0205893 -0.00281809 0
-0.0212111 -0.00125542 0
-0.0253953 -0.00100194 0
-0.0237979 -0.00198896 0
-0.0182809 -0.000622943 0
-0.0211645 -0.00125212 0
-0.0169679 -0.00137957 0
-0.0197953 0.000263393 0
-0.0203766 0.00115511 0
-0.0245213 0.000687814 0
-0.0183016 -0.000611568 0
-0.0197883 0.000257446 0
-0.0245139 0.000681223 0
-0.0137562 -0.00074982 0
-0.0182563 -0.000621424 0
-0.0169431 -0.00137769 0
-0.0137485 -0.000745525 0
-0.0149665 -4.57353e-05 0
-0.0182507 -0.000616743 0
-0.0256794 0.00215606 0
-0.026813 0.00372216 0
-0.0319186 0.00476727 0
-0.0314062 0.0015185 0
-0.0279862 6.16391e-05 0
-0.0300491 0.00227731 0
-0.0245396 0.000693975 0
-0.0203973 0.00116137 0
-0.0256337 0.00213412 0
-0.0153125 -0.00227734 0
-0.0112686 -0.00212672 0
-0.012718 -0.0013635 0
-0.0105306 0.000472263 0
-0.00564398 0.000600842 0
-0.0110215 0.00119154 0
-2.09786e-05 0.000305544 0
-0.00576907 0.00132079 0
-2.01432e-05 0.000235841 0
-0.0159159 0.00536223 0
-0.011277 0.0036899 0
-0.0110643 0.00413107 0
-0.0213473 0.00757472 0
-0.0159654 0.00538149 0
-0.0160554 0.00611945 0
-0.0160177 0.00465131 0
-0.0112947 0.00369215 0
-0.0159314 0.00536349 0
-0.0270335 0.00843938 0
-0.0212145 0.00583686 0
-0.0212449 0.00670528 0
-0.0160932 0.00344663 0
-0.0109378 0.00239663 0
-0.0109482 0.00291705 0
-0.00998176 0.00493881 0
-0.00531621 0.00268233 0
-0.00505038 0.00289742 0
-0.0249327 0.0100882 0
-0.0236449 0.0105812 0
-0.0287033 0.0121112 0
-0.025976 0.00936851 0
-0.0249451 0.0100823 0
-0.0299009 0.0115971 0
-0.0203513 0.00827643 0
-0.0194163 0.0086323 0
-0.0248921 0.0100691 0
-0.0213935 0.00759481 0
-0.0203614 0.00827078 0
-0.0259337 0.00934936 0
-0.019406 0.00863609 0
-0.0186306 0.0089513 0
-0.0235936 0.010566 0
-0.015238 0.00666367 0
-0.0193838 0.00862066 0
-0.0203191 0.00826519 0
-0.0152169 0.00665873 0
-0.0143692 0.00692507 0
-0.0193648 0.00861663 0
-0.011062 0.00413624 0
-0.0105396 0.00458648 0
-0.016004 0.00610574 0
-0.0126545 0.00725291 0
-0.0089491 0.00522977 0
-0.0084383 0.00526402 0
-0.0160153 0.00910578 0
-0.016597 0.00913312 0
-0.0120734 0.00733481 0
-0.0136831 0.0071702 0
-0.0089675 0.00523683 0
-0.012671 0.00725878 0
-0.0193753 0.00862406 0
-0.0143815 0.00693309 0
-0.0185998 0.00893909 0
-0.00953803 0.00515122 0
-0.00895608 0.00522921 0
-0.0136739 0.00716352 0
-0.0143311 0.00691529 0
-0.00955687 0.00515753 0
-0.0136911 0.00716856 0
-0.00999465 0.00494687 0
-0.00506599 0.00290615 0
-0.00951292 0.00513594 0
-0.0105334 0.00459058 0
-0.0100315 0.00495746 0
-0.015174 0.0066393 0
-0.0160164 0.00611401 0
-0.0105548 0.00459526 0
-0.015193 0.00664254 0
-0.0110273 0.00412434 0
-0.00562204 0.00242805 0
-0.0105048 0.00457338 0
-0.0159307 0.00537024 0
-0.0110814 0.00413943 0
-0.016021 0.00610763 0
-0.00526814 0.00266021 0
-1.887e-05 0.000489493 0
-1.88371e-05 0.00053268 0
-0.00574999 0.00213059 0
-0.00560474 0.00241984 0
-0.0110129 0.00411614 0
-0.00571368 0.00211884 0
-4.04215e-05 0.000441158 0
-0.00556804 0.00240663 0
-0.0667652 0.0184667 0
-0.0718745 0.0210761 0
-0.0678617 0.01645 0
-0.0616363 0.0161589 0
-0.0667135 0.018443 0
-0.0629492 0.0143544 0
-0.0616419 0.0161777 0
-0.0649367 0.0199225 0
-0.0667214 0.018462 0
-0.0629702 0.0143551 0
-0.0667341 0.0184441 0
-0.067833 0.0164273 0
-0.0105005 0.00457772 0
-0.00533603 0.00268876 0
-0.00999878 0.00494365 0
-1.79822e-05 0.000533069 0
-1.77822e-05 0.000567327 0
-0.00500138 0.00287598 0
-0.0705875 0.0226603 0
-0.0749995 0.0268777 0
-0.0761215 0.0257178 0
-0.0719146 0.0211217 0
-0.0705784 0.0226411 0
-0.0761101 0.0256981 0
-0.0796814 0.03085 0
-0.0736917 0.0275536 0
-0.0794085 0.0317093 0
-0.0593641 0.0175888 0
-0.0615904 0.0161555 0
-0.0565227 0.0141619 0
-0.0263013 0.00566304 0
-0.0263268 0.00694809 0
-0.0313772 0.00745291 0
-0.0113108 0.00175941 0
-0.0161113 0.00344207 0
-0.0166427 0.00258452 0
-0.0161084 0.00345392 0
-0.0109663 0.00292459 0
-0.0160168 0.00464173 0
-0.00410732 0.00306412 0
-0.0043426 0.00303265 0
-2.95632e-05 0.000610476 0
-0.0538593 0.015558 0
-0.0564726 0.014145 0
-0.0517007 0.0131436 0
-0.0634537 0.0214871 0
-0.0649192 0.0199373 0
-0.0593982 0.0176258 0
-0.067588 0.0248855 0
-0.0692055 0.0240048 0
-0.0634957 0.0215243 0
-0.0692191 0.0239926 0
-0.0705321 0.0226315 0
-0.0649746 0.0199624 0
-0.0619123 0.0222103 0
-0.0675633 0.0248789 0
-0.0634707 0.0215187 0
-0.075035 0.0269024 0
-0.0806307 0.0301587 0
-0.0761536 0.0257433 0
-0.0736422 0.0275153 0
-0.0749882 0.0268876 0
-0.0692634 0.0240313 0
-0.0796892 0.0308435 0
-0.0806441 0.0301761 0
-0.0750456 0.0269193 0
-0.0705456 0.0226172 0
-0.0718844 0.0210972 0
-0.066773 0.0184874 0
-0.00409311 0.00305673 0
-1.46547e-05 0.000601211 0
-1.37037e-05 0.000598503 0
-0.00807228 0.00530245 0
-0.00413271 0.00308 0
-0.00396114 0.00311657 0
-0.0084108 0.00524997 0
-0.00892111 0.00521592 0
-0.00438778 0.00305603 0
-0.00413466 0.00307954 0
-0.00839525 0.0052435 0
-0.00437104 0.00304803 0
-0.00811458 0.00532272 0
-0.0126509 0.00725323 0
-0.00843555 0.0052643 0
-0.00368038 0.00303557 0
-0.00779598 0.00531185 0
-0.00395927 0.00311662 0
-0.00892652 0.00521518 0
-0.00950795 0.00513762 0
-0.00475561 0.00302155 0
-0.0120333 0.00731563 0
-0.0126619 0.0072596 0
-0.00812754 0.00533033 0
-0.0208664 0.0108486 0
-0.0160565 0.00912295 0
-0.0200901 0.0107042 0
-0.012715 0.00728106 0
-0.0166091 0.00913494 0
-0.0188007 0.00967118 0
-0.012691 0.00727238 0
-0.0120611 0.00732813 0
-0.0165868 0.00912737 0
-2.3655e-05 0.000555838 0
-0.00343598 0.00289233 0
-0.00365273 0.00301892 0
-0.0917684 0.0414484 0
-0.086288 0.037907 0
-0.0933401 0.0433418 0
-1.17602e-05 0.000546828 0
-0.00364223 0.0030123 0
-1.28592e-05 0.0005774 0
-0.0299097 0.0116062 0
-0.0249548 0.0100917 0
-0.0287235 0.0121145 0
-0.0212083 0.00670095 0
-0.0159839 0.00538386 0
-0.0213635 0.00757618 0
-0.0270342 0.00844563 0
-0.0212456 0.00671114 0
-0.0214005 0.00758674 0
-0.0211779 0.00582439 0
-0.0160697 0.00466281 0
-0.0212078 0.00669235 0
-0.0112434 0.00367945 0
-0.00577057 0.00213535 0
-0.0110305 0.00411968 0
-0.00528311 0.00266822 0
-3.67982e-05 0.000541133 0
-0.00501743 0.00288207 0
-0.00560118 0.00242246 0
-0.00531975 0.00268006 0
-0.0104871 0.00456929 0
-0.00556658 0.00240955 0
-3.88053e-05 0.000496796 0
-0.00528496 0.00266563 0
-1.64702e-05 0.000589205 0
-0.00469455 0.00299078 0
-1.69322e-05 0.000567455 0
-1.55975e-05 0.000589183 0
-1.49272e-05 0.000601122 0
-0.00433028 0.00302505 0
-0.0430474 0.0121561 0
-0.0377127 0.0111769 0
-0.0415283 0.0137586 0
-0.0465854 0.0117082 0
-0.0431005 0.0121576 0
-0.0483995 0.0137599 0
-0.0414491 0.00990298 0
-0.0364707 0.00865846 0
-0.0430424 0.0121346 0
-0.0345089 0.00928227 0
-0.0376659 0.01115 0
-0.0364279 0.00865299 0
-0.0323696 0.00978713 0
-0.0344744 0.00927374 0
-0.0314226 0.00747427 0
-0.0323919 0.00979961 0
-0.0376536 0.0111539 0
-0.0344953 0.00928614 0
-0.021204 0.00452531 0
-0.0166749 0.0025933 0
-0.0161453 0.00345208 0
-0.0349721 0.0131242 0
-0.029961 0.0116214 0
-0.0339284 0.0136249 0
-0.0323749 0.0098085 0
-0.0311358 0.0108118 0
-0.0362625 0.0122518 0
-0.0270487 0.00845431 0
-0.0214172 0.00759584 0
-0.0259552 0.00934958 0
-0.0203281 0.00825963 0
-0.0213607 0.00758425 0
-0.0160709 0.00612931 0
-0.0249131 0.0100712 0
-0.0259446 0.0093576 0
-0.0203742 0.00827932 0
-0.0310841 0.0107977 0
-0.0270804 0.00846476 0
-0.0259877 0.00936037 0
-0.0313962 0.00746672 0
-0.0263481 0.00696211 0
-0.032343 0.00977945 0
-0.0212221 0.0045252 0
-0.0219178 0.00347332 0
-0.0166957 0.00259348 0
-0.0160511 0.00465182 0
-0.0211613 0.00581318 0
-0.016142 0.00346266 0
-0.0262534 0.00564157 0
-0.0219489 0.00348319 0
-0.021255 0.00453597 0
-0.0212119 0.00582468 0
-0.0262766 0.00693879 0
-0.0212519 0.00454777 0
-0.0313969 0.00744978 0
-0.0325045 0.00608869 0
-0.026324 0.00566048 0
-0.0160489 0.00612576 0
-0.0152257 0.00665504 0
-0.0203086 0.00825693 0
-0.0475672 0.0147928 0
-0.0467113 0.0156995 0
-0.0521361 0.0173922 0
-0.0431032 0.012168 0
-0.0475427 0.0147689 0
-0.0484029 0.0137702 0
-0.0430794 0.0121682 0
-0.0415624 0.0137705 0
-0.0475208 0.0147689 0
-0.0299206 0.0115994 0
-0.0310933 0.0108082 0
-0.0259978 0.00937105 0
-0.0339083 0.0136216 0
-0.0299393 0.0116181 0
-0.0287539 0.0121263 0
-0.0349629 0.013115 0
-0.0311227 0.0108208 0
-0.0299511 0.0116119 0
-0.0376891 0.0111773 0
-0.0363148 0.0122661 0
-0.0415064 0.0137588 0
-0.032345 0.00979582 0
-0.0271029 0.00846633 0
-0.0311045 0.0107991 0
-0.033725 0.0152408 0
-0.02878 0.0135179 0
-0.0332095 0.0145266 0
-0.0382529 0.0158686 0
-0.0448591 0.0186584 0
-0.0369245 0.0161082 0
-0.0340102 0.0153925 0
-0.0377853 0.0164273 0
-0.0307002 0.0141457 0
-0.0321984 0.0140112 0
-0.0374839 0.0155673 0
-0.0339438 0.0136413 0
-0.0236347 0.0105859 0
-0.0234669 0.011198 0
-0.0272147 0.0123876 0
-0.0302942 0.0142338 0
-0.024358 0.0121697 0
-0.0287384 0.0135068 0
-0.0272219 0.0123939 0
-0.0234751 0.0112046 0
-0.0259671 0.0125046 0
-0.0287383 0.0121304 0
-0.0272605 0.012402 0
-0.0321471 0.0139957 0
-0.0287104 0.0121189 0
-0.0236532 0.0105891 0
-0.0272317 0.0123907 0
-0.0238147 0.0120345 0
-0.0243407 0.0121648 0
-0.030279 0.014229 0
-0.0209131 0.0108643 0
-0.023788 0.0120242 0
-0.0259472 0.0125023 0
-0.0208926 0.0108583 0
-0.0201155 0.0107136 0
-0.0237689 0.012018 0
-0.0496204 0.0201536 0
-0.0493226 0.0189923 0
-0.0557557 0.0223874 0
-0.0453663 0.0163032 0
-0.0466684 0.0156926 0
-0.0415665 0.0137874 0
-0.0375352 0.0155833 0
-0.0423334 0.0172997 0
-0.0392417 0.0151663 0
-0.0507015 0.0180609 0
-0.0466986 0.015707 0
-0.0453976 0.0163172 0
-0.0521776 0.0174179 0
-0.050756 0.0180788 0
-0.0561973 0.0200027 0
-0.0453456 0.0162992 0
-0.0415448 0.0137836 0
-0.0403742 0.01453 0
-0.0306572 0.0141281 0
-0.0321531 0.0140024 0
-0.0272671 0.0124091 0
-0.0376594 0.011164 0
-0.0323978 0.00980971 0
-0.0362836 0.0122529 0
-0.0259466 0.0124995 0
-0.0234528 0.0111997 0
-0.020911 0.0108616 0
-0.0208559 0.0108435 0
-0.0166269 0.00914488 0
-0.0160441 0.00911735 0
-0.0243068 0.012153 0
-0.0237798 0.0120223 0
-0.020128 0.010718 0
-0.0185955 0.00894369 0
-0.0137374 0.00719131 0
-0.0188109 0.00967022 0
-0.024902 0.0100767 0
-0.019428 0.00864029 0
-0.0236137 0.0105696 0
-0.0137165 0.00718524 0
-0.0127041 0.00727402 0
-0.0187923 0.00966532 0
-0.00840667 0.00525041 0
-0.00414819 0.00308796 0
-0.00808697 0.00530896 0
-0.00473734 0.00301367 0
-0.00437423 0.00304779 0
-0.00890995 0.00520895 0
-0.0050471 0.00289886 0
-0.00474128 0.00301316 0
-0.00949617 0.00513026 0
-0.00501544 0.00288402 0
-3.46935e-05 0.000576228 0
-0.00471013 0.00299751 0
-0.00470743 0.00299855 0
-3.2048e-05 0.000598332 0
-0.00434517 0.00303218 0
-0.0114387 0.00715621 0
-0.00736928 0.00516072 0
-0.0110908 0.00696099 0
-0.00811125 0.00532332 0
-0.00783735 0.00533271 0
-0.0120178 0.0073096 0
-0.0080836 0.00530921 0
-0.00397446 0.00312502 0
-0.00781089 0.00531897 0
-0.0350027 0.0131361 0
-0.0339598 0.0136366 0
-0.0392067 0.0151453 0
-0.0403321 0.0145241 0
-0.0350249 0.0131391 0
-0.0392273 0.0151483 0
-0.0440208 0.0168768 0
-0.0403614 0.0145369 0
-0.0392577 0.0151607 0
-0.0415153 0.0137699 0
-0.0363239 0.0122774 0
-0.0403436 0.0145167 0
-0.036271 0.0122629 0
-0.0311448 0.010823 0
-0.0349833 0.0131172 0
-0.0329394 0.0116884 0
-0.038083 0.0115641 0
-0.037835 0.0140605 0
-0.0276187 0.0102274 0
-0.0328868 0.01168 0
-0.032574 0.0128675 0
-0.027587 0.0102013 0
-0.0253895 0.00714364 0
-0.0311834 0.00941779 0
-0.0692542 0.0240152 0
-0.0749767 0.0268712 0
-0.0705642 0.0226552 0
-0.0862706 0.0378953 0
-0.086896 0.0384115 0
-0.0933241 0.0433344 0
-0.0817199 0.034965 0
-0.0860083 0.0373223 0
-0.0776964 0.0327455 0
-0.0779203 0.0317612 0
-0.0806387 0.0324945 0
-0.0868259 0.0383528 0
-0.0817719 0.0349965 0
-0.0926188 0.0415851 0
-0.0860572 0.0373505 0
-0.0495346 0.0170645 0
-0.0434985 0.0154281 0
-0.0441466 0.0128472 0
-0.00663661 0.00450686 0
-0.0102258 0.00600198 0
-0.0105212 0.00650373 0
-0.00345762 0.00290555 0
-0.00322636 0.00268521 0
-0.00697398 0.00490172 0
-0.00587566 0.00374905 0
-0.0102099 0.00599275 0
-0.00662084 0.00449734 0
-0.0862187 0.0378591 0
-0.0779404 0.0317813 0
-0.0868445 0.0383687 0
-0.00320085 0.00266797 0
-1.93932e-05 0.000447119 0
-0.00280228 0.00225275 0
-0.00279124 0.00224498 0
-9.49228e-06 0.000439202 0
-8.57361e-06 0.000368367 0
-0.00259029 0.00151736 0
-0.00553461 0.00244672 0
-0.00558355 0.00319435 0
-1.62231e-05 0.00029019 0
-0.00256238 0.00150643 0
-0.00262705 0.00191337 0
-8.36836e-06 0.000284861 0
-7.69106e-06 0.000196597 0
-0.00255312 0.0015 0
-0.0114825 0.00717617 0
-0.015254 0.0087426 0
-0.016008 0.00910391 0
-0.0114657 0.00716867 0
-0.011117 0.00697271 0
-0.0152386 0.00873563 0
-0.00784933 0.0053396 0
-0.0114441 0.00715827 0
-0.012028 0.00731513 0
-0.00783306 0.00533181 0
-0.00735741 0.00515449 0
-0.0114286 0.00715137 0
-0.00369267 0.0030434 0
-0.00733215 0.00514116 0
-0.00780616 0.0053178 0
-2.56717e-05 0.000586739 0
-0.00365538 0.00302028 0
-0.00393227 0.00310052 0
-0.00345966 0.00290708 0
-0.00731772 0.00513353 0
-0.00367817 0.00303471 0
-0.0105482 0.00651539 0
-0.0102517 0.00601265 0
-0.0144449 0.00781001 0
-0.00702451 0.00492823 0
-0.0105262 0.00650887 0
-0.011086 0.00695769 0
-0.00700915 0.0049196 0
-0.00662506 0.00450254 0
-0.0105112 0.00650077 0
-0.00347145 0.00291434 0
-0.0069882 0.0049098 0
-0.00732801 0.00513895 0
-0.00322392 0.00268234 0
-0.00282338 0.00226542 0
-0.00658707 0.0044816 0
-0.00698364 0.0049062 0
-0.00323758 0.00269152 0
-0.0066013 0.0044904 0
-0.00343321 0.00289013 0
-2.1725e-05 0.000509161 0
-0.00320408 0.00267136 0
-1.07412e-05 0.000500738 0
-0.00342336 0.00288417 0
-1.19105e-05 0.000546711 0
-1.09971e-05 0.000500547 0
-9.91335e-06 0.000440085 0
-0.00319224 0.00266329 0
-0.0105646 0.00652467 0
-0.0144604 0.00781933 0
-0.0152441 0.00873569 0
-0.00735432 0.00515282 0
-0.00701322 0.0049229 0
-0.0110762 0.00695381 0
-0.00588493 0.0037512 0
-0.00916935 0.00492895 0
-0.0102175 0.00599352 0
-0.0778334 0.0317058 0
-0.0697279 0.0271381 0
-0.0716247 0.0263829 0
-0.00246549 0.00106247 0
-0.00552401 0.00243906 0
-0.00258042 0.0015106 0
-1.55234e-05 0.000199747 0
-0.00244738 0.00105583 0
-0.00256119 0.00150181 0
-0.00235892 0.00049731 0
-0.00515398 0.000752984 0
-0.00536974 0.00174576 0
-0.0506859 0.0144483 0
-0.0477016 0.0106783 0
-0.054406 0.0120277 0
-0.05622 0.0192398 0
-0.0622353 0.0237196 0
-0.0555651 0.0212076 0
-0.0658932 0.0201593 0
-0.0635273 0.0222727 0
-0.0579341 0.0167886 0
-0.0696497 0.0270992 0
-0.0623066 0.0237489 0
-0.0635561 0.022319 0
-0.0441664 0.0128212 0
-0.047666 0.0106821 0
-0.0506532 0.0144499 0
-0.0495567 0.0170624 0
-0.0441725 0.0128427 0
-0.0506592 0.0144718 0
-0.043591 0.0173057 0
-0.043495 0.0154503 0
-0.0492621 0.0189586 0
-0.0378707 0.0140727 0
-0.038117 0.0115769 0
-0.0434397 0.0154138 0
-0.0509976 0.00546405 0
-0.0544053 0.0119974 0
-0.0477005 0.0106492 0
-0.0666873 2.74371e-05 0
-0.0587846 0.00673313 0
-0.0579214 0.000267677 0
-0.0619456 0.0141112 0
-0.0544785 0.0120144 0
-0.0587571 0.00681778 0
-0.075005 0.025501 0
-0.0659728 0.020172 0
-0.0706113 0.0177033 0
-0.0578889 0.0167365 0
-0.0544774 0.0120462 0
-0.0619438 0.0141448 0
-0.0415127 0.0097349 0
-0.0476368 0.0106655 0
-0.0441345 0.0128061 0
-0.0414746 0.00969011 0
-0.0378093 0.00457727 0
-0.0440888 0.00509019 0
-0.00232802 -0.000487791 0
-0.00230993 -1.59988e-06 0
-1.44436e-05 -4.68159e-07 0
-0.00233233 0.000493686 0
-0.00244595 0.00105061 0
-1.47064e-05 0.000102191 0
-7.11161e-06 7.46642e-07 0
-0.00232389 0.000489029 0
-7.41926e-06 9.96777e-05 0
-0.00556697 0.00245471 0
-0.00893035 0.0031561 0
-0.00889326 0.00406422 0
-0.00264658 0.00192428 0
-0.00258032 0.001515 0
-0.0055744 0.00319315 0
-0.005404 0.00175842 0
-0.00860561 0.00144572 0
-0.00892766 0.0031443 0
-0.00247494 0.0010637 0
-0.00537239 0.00175455 0
-0.00553319 0.00243931 0
-0.00517493 0.000755747 0
-0.00859405 0.00143749 0
-0.00539124 0.00175059 0
-0.0140758 0.00337946 0
-0.0122046 0.00429424 0
-0.0105679 0.00260437 0
-0.0213054 0.0025918 0
-0.0215539 0.00438164 0
-0.0168575 0.00316488 0
-0.0239808 0.00835563 0
-0.0275566 0.0102044 0
-0.0227997 0.00931651 0
-0.0207601 0.00653907 0
-0.0239579 0.00834328 0
-0.0227746 0.00930449 0
-0.0207709 0.00653142 0
-0.0253443 0.00712756 0
-0.0239666 0.00833593 0
-0.0318979 0.00417314 0
-0.0301257 0.00697291 0
-0.0256246 0.00513528 0
-0.0167186 0.00667461 0
-0.0185931 0.00893984 0
-0.0155325 0.00739774 0
-0.0167429 0.00668086 0
-0.0227454 0.00930704 0
-0.0186176 0.00894677 0
-0.0122202 0.00431603 0
-0.0166899 0.00665359 0
-0.0128006 0.00588599 0
-0.0207362 0.00653389 0
-0.0227505 0.00929881 0
-0.0167518 0.00667276 0
-0.0168393 0.003173 0
-0.0215373 0.0043903 0
-0.0161961 0.00501136 0
-0.0253649 0.00714025 0
-0.027563 0.0101974 0
-0.0239894 0.00834828 0
-0.0275682 0.0102161 0
-0.0276534 0.0117449 0
-0.022812 0.00932786 0
-0.00262879 0.0019174 0
-0.00279958 0.00224894 0
-1.72736e-05 0.000374276 0
-7.8638e-06 0.000285481 0
-0.00261882 0.00191035 0
-8.71081e-06 0.000367741 0
-0.00558594 0.00320103 0
-0.00584729 0.00373105 0
-0.00265732 0.00193171 0
-0.00264776 0.00192785 0
-0.00583843 0.00372867 0
-0.00282001 0.00226118 0
-7.84279e-06 0.000195659 0
-7.29905e-06 0.000100787 0
-0.00243825 0.0010501 0
-0.00889482 0.00407351 0
-0.00916376 0.00492022 0
-0.00561789 0.00321228 0
-0.00555527 0.0024545 0
-0.00888263 0.00406496 0
-0.0056056 0.00320403 0
-0.00895247 0.00316186 0
-0.0121831 0.00429877 0
-0.00891601 0.00407121 0
-0.012765 0.00587935 0
-0.00918825 0.00492959 0
-0.00891836 0.00408176 0
-0.016165 0.00502228 0
-0.0167001 0.0066505 0
-0.0122327 0.00431319 0
-0.0154978 0.00739298 0
-0.0144608 0.00781259 0
-0.0102691 0.00601675 0
-0.0167013 0.00666429 0
-0.015513 0.00738745 0
-0.0128123 0.00589613 0
-0.0185877 0.00894374 0
-0.014489 0.00782265 0
-0.015525 0.00740164 0
-0.0127693 0.00588682 0
-0.0102407 0.00600159 0
-0.00919246 0.00493596 0
-0.0105527 0.00652112 0
-0.0152344 0.00873284 0
-0.0111139 0.00697052 0
-0.0578533 0.0167359 0
-0.0507213 0.0144674 0
-0.0544384 0.0120492 0
-0.0805883 0.0324495 0
-0.0778686 0.0317247 0
-0.0716624 0.0263973 0
-0.0715774 0.0263487 0
-0.0696794 0.0271093 0
-0.0635884 0.0223252 0
-0.0659375 0.0201941 0
-0.0715647 0.0263264 0
-0.0635746 0.022302 0
-0.0750562 0.0255745 0
-0.0805789 0.0324314 0
-0.0716513 0.0263758 0
-0.0357995 0.00902622 0
-0.0414531 0.00972548 0
-0.0381048 0.0115403 0
-0.0510502 0.00541118 0
-0.0578672 0.000287468 0
-0.0587359 0.00674644 0
-0.0207162 0.00651914 0
-0.0167294 0.00665841 0
-0.0161933 0.0050295 0
-0.00513367 2.65176e-06 0
-0.00515305 0.000744453 0
-0.0023363 1.72862e-06 0
-0.00844278 -0.000897505 0
-0.00515395 -4.82102e-06 0
-0.00517398 -0.000748624 0
-0.00836492 0.000272327 0
-0.00860384 0.00143168 0
-0.00518521 0.000751366 0
-0.0084531 -0.000893925 0
-0.00836451 0.000261332 0
-0.00516482 -1.58964e-06 0
-0.0084771 -0.000897823 0
-0.0121868 -0.000965118 0
-0.00838774 0.000258742 0
-0.0510192 0.00538811 0
-0.050283 -0.000394963 0
-0.0578414 0.000263071 0
-0.0544387 0.011987 0
-0.0510379 0.00544895 0
-0.0587235 0.00678745 0
-0.0441396 0.00505981 0
-0.0434507 3.21508e-05 0
-0.0509539 0.00540218 0
-0.0509713 0.00538423 0
-0.043474 1.37833e-05 0
-0.050235 -0.000395445 0
-0.0415106 0.00970974 0
-0.0441186 0.00511102 0
-0.047635 0.0106396 0
-0.0378079 0.00455267 0
-0.0403486 0.00241017 0
-0.0440875 0.00506467 0
-0.0371969 -1.34745e-05 0
-0.0440175 -0.00450618 0
-0.0434073 -1.70044e-05 0
-0.00243796 -0.00105087 0
-7.29891e-06 -0.000100787 0
-7.84502e-06 -0.00019584 0
-0.00536218 -0.00174831 0
-0.00234605 -0.000497439 0
-0.00246425 -0.00105832 0
-0.00875553 -0.0023077 0
-0.00845453 -0.000905776 0
-0.0051855 -0.000755685 0
-0.0121816 -0.00429343 0
-0.00877945 -0.00232877 0
-0.00860165 -0.0035028 0
-0.0121939 -0.00429093 0
-0.012574 -0.00278162 0
-0.00879354 -0.00232638 0
-0.00514377 0.00074635 0
-0.00234934 0.00049231 0
-0.0023269 3.36764e-06 0
-0.00230995 1.66864e-06 0
-0.0023317 0.000488379 0
-1.44552e-05 4.669e-07 0
-0.0051437 -0.000746526 0
-0.00232689 -3.29872e-06 0
-0.00234565 -0.000491721 0
-0.005153 -0.000744627 0
-0.00513368 -2.34965e-06 0
-0.0023363 -1.65962e-06 0
