# vtk DataFile Version 2.0
Piece deformee
ASCII
DATASET UNSTRUCTURED_GRID
POINTS 6978 float
0.296446 -0.0470262 0
0.314765 -0.0723875 0
0.319277 -0.0499263 0
0.844838 0.0994147 0
0.932826 0.000700471 0
0.931823 0.108652 0
0.319463 -0.0497927 0
0.344776 -0.0526391 0
0.322232 -0.0270292 0
0.299221 -0.023636 0
0.319311 -0.0496941 0
0.322079 -0.026933 0
0.314898 -0.0725043 0
0.33632 -0.0816365 0
0.319411 -0.0500407 0
0.319511 -0.0499751 0
0.336421 -0.0815703 0
0.344823 -0.0528229 0
0.291803 -0.069969 0
0.314673 -0.0724565 0
0.296353 -0.0470947 0
0.291739 -0.0702061 0
0.285409 -0.0926529 0
0.306506 -0.0980092 0
0.84527 0.00408144 0
0.843991 0.0993445 0
0.766599 0.0852596 0
0.765575 -0.0913678 0
0.845008 0.00315301 0
0.767308 -0.000294547 0
0.932535 0.000348334 0
0.844552 0.0990646 0
0.845825 0.00379477 0
0.298235 -0.123153 0
0.285332 -0.092885 0
0.27726 -0.114766 0
0.843988 -0.0993432 0
0.845268 0.00282051 0
0.765829 -0.0916992 0
0.306528 -0.0981866 0
0.285432 -0.0928273 0
0.298333 -0.123094 0
0.322218 -0.124399 0
0.306651 -0.0982906 0
0.298457 -0.123201 0
0.330096 -0.103318 0
0.314836 -0.0727367 0
0.306732 -0.0980521 0
0.277179 -0.164089 0
0.288436 -0.144251 0
0.267404 -0.136321 0
0.631553 -0.24027 0
0.702775 -0.17299 0
0.645258 -0.151465 0
0.584382 -0.293626 0
0.638662 -0.31498 0
0.631132 -0.24122 0
0.527176 -0.285868 0
0.583821 -0.293478 0
0.574899 -0.226121 0
0.527064 -0.286247 0
0.541995 -0.33947 0
0.58371 -0.293859 0
0.765784 -0.271962 0
0.765941 -0.365804 0
0.84064 -0.296558 0
0.694213 -0.257592 0
0.765303 -0.27125 0
0.768738 -0.191727 0
0.69398 -0.258085 0
0.699431 -0.338835 0
0.765071 -0.271744 0
0.639255 -0.315189 0
0.699007 -0.338979 0
0.693559 -0.258233 0
0.575246 -0.225969 0
0.58417 -0.293328 0
0.630918 -0.240921 0
0.638475 -0.399821 0
0.697576 -0.428406 0
0.699019 -0.339833 0
0.576239 -0.382152 0
0.637867 -0.399586 0
0.638659 -0.315807 0
0.437657 -0.549239 0
0.494733 -0.516652 0
0.432195 -0.488677 0
0.540102 -0.486446 0
0.565111 -0.547717 0
0.617821 -0.510243 0
0.432339 -0.488357 0
0.494875 -0.51633 0
0.480097 -0.453722 0
0.437724 -0.549881 0
0.443903 -0.615272 0
0.503311 -0.582411 0
0.719343 -0.505583 0
0.61868 -0.510424 0
0.642836 -0.582887 0
0.719526 -0.505067 0
0.69758 -0.429329 0
0.618866 -0.50991 0
0.539409 -0.486153 0
0.480456 -0.453714 0
0.495234 -0.516323 0
0.575689 -0.38268 0
0.528551 -0.418009 0
0.583916 -0.455111 0
0.575548 -0.382294 0
0.541972 -0.340205 0
0.528412 -0.417624 0
0.698215 -0.4287 0
0.762951 -0.460621 0
0.765454 -0.366877 0
0.639069 -0.315662 0
0.63828 -0.399444 0
0.698822 -0.339453 0
0.637684 -0.400053 0
0.576055 -0.382619 0
0.584283 -0.455052 0
0.703396 -0.17318 0
0.694008 -0.257265 0
0.768529 -0.191396 0
0.69889 -0.75172 0
0.615056 -0.718581 0
0.628045 -0.822013 0
0.771109 -0.680855 0
0.773947 -0.774401 0
0.839684 -0.70912 0
0.837505 -0.398904 0
0.924202 -0.325718 0
0.841409 -0.296848 0
0.931816 -0.109728 0
0.845683 -0.202955 0
0.92896 -0.217276 0
0.632622 -0.0682442 0
0.575619 -0.0747501 0
0.590824 -0.138717 0
0.694267 -0.0855488 0
0.633201 -0.0683194 0
0.645237 -0.150598 0
0.768768 -0.190843 0
0.765106 -0.0925919 0
0.703635 -0.172628 0
0.766575 -0.00025399 0
0.696616 0.00894062 0
0.694889 -0.0847885 0
0.695999 0.0765174 0
0.765629 0.0857454 0
0.7034 0.172224 0
0.321848 -0.188227 0
0.33878 -0.160538 0
0.31251 -0.152327 0
0.301758 -0.259681 0
0.330347 -0.273209 0
0.328758 -0.22868 0
0.378771 -0.212378 0
0.368473 -0.169495 0
0.349066 -0.200021 0
0.356452 -0.243213 0
0.37873 -0.212626 0
0.349025 -0.200269 0
0.374828 -0.274269 0
0.356377 -0.243664 0
0.330685 -0.273308 0
0.374991 -0.274066 0
0.378819 -0.212874 0
0.356539 -0.243461 0
0.376753 -0.313525 0
0.397047 -0.347865 0
0.409127 -0.291269 0
0.330641 -0.273516 0
0.343628 -0.305633 0
0.374786 -0.274477 0
0.357309 -0.354245 0
0.396873 -0.348076 0
0.37658 -0.313736 0
0.301524 -0.259962 0
0.278773 -0.282109 0
0.310471 -0.3037 0
0.2786 -0.477296 0
0.314888 -0.450262 0
0.280924 -0.426813 0
0.24182 -0.504419 0
0.278229 -0.47756 0
0.243109 -0.451547 0
0.242026 -0.504629 0
0.304154 -0.513972 0
0.278434 -0.47777 0
0.368859 -0.387475 0
0.319433 -0.401257 0
0.381627 -0.422392 0
0.421992 -0.380501 0
0.369203 -0.387406 0
0.381972 -0.422323 0
0.357023 -0.354668 0
0.319351 -0.40103 0
0.368776 -0.387248 0
0.278694 -0.378577 0
0.247163 -0.398856 0
0.280698 -0.426312 0
0.409171 -0.290732 0
0.412007 -0.226431 0
0.375278 -0.274269 0
0.401425 -0.178401 0
0.410762 -0.139348 0
0.377282 -0.142129 0
0.411992 -0.22585 0
0.401436 -0.178926 0
0.379092 -0.212496 0
0.412191 -0.225771 0
0.437927 -0.188911 0
0.401632 -0.178846 0
0.440637 -0.0619153 0
0.443896 -0.000276847 0
0.408075 -0.0205145 0
0.348669 -0.129313 0
0.322494 -0.124627 0
0.338904 -0.160247 0
0.322325 -0.124332 0
0.33012 -0.103492 0
0.306758 -0.0982253 0
0.288657 -0.144166 0
0.312263 -0.152056 0
0.298364 -0.123446 0
0.348639 -0.129123 0
0.330261 -0.103595 0
0.322465 -0.124437 0
0.368338 -0.169085 0
0.348823 -0.129462 0
0.339057 -0.160397 0
0.385166 -0.114695 0
0.36238 -0.0882903 0
0.348958 -0.12904 0
0.336355 -0.0818158 0
0.314935 -0.0726825 0
0.330196 -0.103263 0
0.255898 -0.156715 0
0.277069 -0.164134 0
0.267292 -0.136366 0
0.255765 -0.15692 0
0.24281 -0.176313 0
0.262361 -0.186001 0
0.230632 -0.223218 0
0.228068 -0.194995 0
0.21224 -0.212122 0
0.30365 -0.214318 0
0.284779 -0.196123 0
0.267336 -0.218516 0
0.242662 -0.176506 0
0.228225 -0.194822 0
0.246364 -0.206479 0
0.57606 -0.381799 0
0.638478 -0.315452 0
0.584197 -0.294098 0
0.764855 -0.0922384 0
0.694903 -0.0857008 0
0.70339 -0.172276 0
0.844854 -0.202834 0
0.844002 -0.100366 0
0.769505 -0.190971 0
0.766807 -0.000591872 0
0.695116 -0.0851256 0
0.765068 -0.0916614 0
0.644946 -0.151521 0
0.609578 -0.189464 0
0.631238 -0.240325 0
0.60921 -0.189374 0
0.590744 -0.139626 0
0.575198 -0.225283 0
0.631002 -0.240573 0
0.609345 -0.189713 0
0.57533 -0.225621 0
0.644808 -0.151181 0
0.590975 -0.139376 0
0.609443 -0.189126 0
0.694504 -0.0858987 0
0.645469 -0.150947 0
0.702986 -0.172471 0
0.632857 -0.0684995 0
0.591055 -0.138972 0
0.644889 -0.150776 0
0.575071 -0.0745675 0
0.527299 -0.0544919 0
0.5328 -0.0978807 0
0.262575 -0.186088 0
0.284674 -0.195849 0
0.277152 -0.164427 0
0.246479 -0.206446 0
0.262332 -0.186166 0
0.242781 -0.176474 0
0.246562 -0.206587 0
0.26707 -0.218457 0
0.262414 -0.186304 0
0.105744 -0.522714 0
0.0434405 -0.555877 0
0.106565 -0.573449 0
0.841454 -0.295838 0
0.928657 -0.217901 0
0.845378 -0.203577 0
0.288436 -0.144087 0
0.277166 -0.11498 0
0.267403 -0.13616 0
0.312512 -0.152114 0
0.338782 -0.160325 0
0.322374 -0.124703 0
0.298476 -0.123381 0
0.312377 -0.151989 0
0.322238 -0.12458 0
0.301446 -0.171594 0
0.321722 -0.188264 0
0.312385 -0.152364 0
0.284804 -0.195799 0
0.301205 -0.171659 0
0.277281 -0.16438 0
0.284893 -0.195967 0
0.303765 -0.214161 0
0.301296 -0.171826 0
0.321786 -0.188661 0
0.30398 -0.214325 0
0.328736 -0.228246 0
0.338902 -0.160697 0
0.321969 -0.188387 0
0.348777 -0.199912 0
0.301419 -0.171801 0
0.303889 -0.214135 0
0.321694 -0.188471 0
0.255883 -0.156877 0
0.262477 -0.185957 0
0.277054 -0.164299 0
0.246527 -0.20675 0
0.251871 -0.234667 0
0.267034 -0.218619 0
0.368647 -0.169424 0
0.378947 -0.212307 0
0.401289 -0.178736 0
0.377141 -0.142229 0
0.368641 -0.169188 0
0.401283 -0.178501 0
0.385423 -0.114908 0
0.377229 -0.141916 0
0.410708 -0.139135 0
0.385216 -0.114875 0
0.349005 -0.12922 0
0.377022 -0.141882 0
0.339057 -0.160633 0
0.348934 -0.199847 0
0.368339 -0.169322 0
0.306604 -0.09794 0
0.314707 -0.0726274 0
0.291838 -0.0701372 0
0.198696 -0.253197 0
0.215714 -0.237888 0
0.194912 -0.228243 0
0.176462 -0.242701 0
0.198562 -0.253216 0
0.194774 -0.228262 0
0.203632 -0.280342 0
0.192228 -0.321724 0
0.225534 -0.294746 0
0.230747 -0.223195 0
0.246326 -0.206635 0
0.228188 -0.194973 0
0.194954 -0.228111 0
0.215755 -0.237751 0
0.212076 -0.212279 0
0.251749 -0.234684 0
0.246405 -0.206765 0
0.230828 -0.223328 0
0.215933 -0.238046 0
0.22048 -0.265131 0
0.23909 -0.264053 0
0.212202 -0.21226 0
0.215876 -0.237732 0
0.230594 -0.22336 0
0.198784 -0.25332 0
0.220344 -0.265095 0
0.2158 -0.238009 0
0.239212 -0.264356 0
0.225836 -0.294617 0
0.246805 -0.299377 0
0.230685 -0.223531 0
0.215968 -0.237906 0
0.239123 -0.263915 0
0.203727 -0.280152 0
0.225627 -0.294557 0
0.220394 -0.265373 0
0.180506 -0.267363 0
0.203502 -0.280023 0
0.19861 -0.253469 0
0.185811 -0.293694 0
0.192094 -0.321721 0
0.203499 -0.280338 0
0.251937 -0.234984 0
0.258193 -0.272708 0
0.275276 -0.246957 0
0.23186 -0.326424 0
0.246782 -0.299584 0
0.22581 -0.294826 0
0.231974 -0.326544 0
0.259789 -0.33063 0
0.246895 -0.299705 0
0.267199 -0.218421 0
0.284641 -0.196029 0
0.262542 -0.18627 0
0.275305 -0.246777 0
0.267132 -0.218753 0
0.251967 -0.234802 0
0.27548 -0.246708 0
0.30362 -0.214488 0
0.267304 -0.218686 0
0.88269 -1.05744 0
0.887965 -0.955177 0
0.790323 -1.05222 0
0.821123 -0.899238 0
0.762655 -0.981572 0
0.887667 -0.954411 0
0.825721 -0.821457 0
0.821353 -0.898357 0
0.893467 -0.851237 0
0.899725 -0.74815 0
0.825985 -0.820951 0
0.89373 -0.850735 0
0.773438 -0.775556 0
0.707649 -0.84091 0
0.750988 -0.894404 0
0.825088 -0.821189 0
0.773832 -0.77549 0
0.751383 -0.894338 0
0.76255 -0.982084 0
0.78992 -1.05196 0
0.887562 -0.954923 0
0.893676 -0.851683 0
0.821563 -0.898801 0
0.888106 -0.953976 0
0.677079 -0.96925 0
0.696511 -1.04706 0
0.761534 -0.982116 0
0.76191 -0.982395 0
0.696889 -1.04733 0
0.789281 -1.05227 0
0.899546 -0.747675 0
0.840286 -0.709499 0
0.825805 -0.820479 0
0.194984 -0.840702 0
0.262379 -0.772904 0
0.190635 -0.758981 0
0.413729 -1.03408 0
0.383403 -0.945745 0
0.319623 -1.02983 0
0.342261 -0.780288 0
0.263169 -0.773005 0
0.279406 -0.849793 0
0.64104 -0.906419 0
0.706796 -0.841108 0
0.628159 -0.822939 0
0.695982 -1.04726 0
0.676547 -0.969454 0
0.603319 -1.04271 0
0.840363 -0.708446 0
0.905961 -0.643482 0
0.842298 -0.60975 0
0.83665 -0.495712 0
0.842308 -0.608688 0
0.912412 -0.5385 0
0.707477 -0.840432 0
0.773267 -0.775077 0
0.699684 -0.75197 0
0.47811 -0.852393 0
0.360569 -0.860843 0
0.383755 -0.944573 0
0.555852 -0.893497 0
0.479101 -0.852564 0
0.485292 -0.963398 0
0.539395 -0.792176 0
0.459269 -0.764739 0
0.478959 -0.851561 0
0.677262 -0.968742 0
0.761716 -0.981608 0
0.750848 -0.895521 0
0.75133 -0.895286 0
0.762196 -0.981375 0
0.820665 -0.899039 0
0.825245 -0.821603 0
0.751542 -0.89475 0
0.820877 -0.898503 0
0.707206 -0.84135 0
0.641453 -0.90666 0
0.750547 -0.894842 0
0.836136 -0.494755 0
0.836949 -0.400018 0
0.763652 -0.460952 0
0.844543 -0.100088 0
0.845402 -0.202565 0
0.931531 -0.109332 0
0.932826 -0.000700439 0
0.844838 -0.0994148 0
0.931823 -0.108652 0
0.765574 -0.0923463 0
0.769242 -0.190602 0
0.843733 -0.0999939 0
0.765312 -0.272108 0
0.69967 -0.339195 0
0.765466 -0.365945 0
0.631712 -0.240625 0
0.693546 -0.257428 0
0.702939 -0.173347 0
0.631496 -0.241099 0
0.639029 -0.314861 0
0.693331 -0.257903 0
0.766049 -0.271418 0
0.840905 -0.296015 0
0.844833 -0.20376 0
0.505974 -0.234628 0
0.574648 -0.225632 0
0.53078 -0.198849 0
0.681441 -0.652254 0
0.615236 -0.718011 0
0.699069 -0.75115 0
0.581472 -0.644525 0
0.520795 -0.704236 0
0.614305 -0.717828 0
0.385314 -0.739056 0
0.45866 -0.764013 0
0.450632 -0.687486 0
0.31725 -0.715981 0
0.384539 -0.738853 0
0.360333 -0.675207 0
0.343096 -0.780056 0
0.407587 -0.8141 0
0.384783 -0.739532 0
0.343013 -0.780461 0
0.360196 -0.860167 0
0.407505 -0.814505 0
0.407959 -0.814745 0
0.360651 -0.860408 0
0.478193 -0.851957 0
0.458829 -0.764815 0
0.408288 -0.814425 0
0.47852 -0.851635 0
0.458517 -0.764439 0
0.385171 -0.739479 0
0.407974 -0.814048 0
0.836909 -0.495121 0
0.912669 -0.537913 0
0.918876 -0.433061 0
0.837468 -0.39992 0
0.836657 -0.494661 0
0.918623 -0.432593 0
0.924463 -0.326177 0
0.837764 -0.399353 0
0.918918 -0.43203 0
0.765918 -0.366777 0
0.763417 -0.460525 0
0.836713 -0.399586 0
0.77064 -0.680999 0
0.699897 -0.751435 0
0.773478 -0.774542 0
0.766611 -0.566482 0
0.703904 -0.575108 0
0.77063 -0.679712 0
0.836164 -0.495807 0
0.767293 -0.565978 0
0.84182 -0.608779 0
0.719626 -0.5058 0
0.643121 -0.583102 0
0.703321 -0.574584 0
0.763028 -0.461543 0
0.720238 -0.505361 0
0.766641 -0.565519 0
0.762798 -0.461084 0
0.698061 -0.429162 0
0.720008 -0.504904 0
0.618593 -0.509561 0
0.697307 -0.428977 0
0.638205 -0.400391 0
0.206594 -0.479773 0
0.242729 -0.451328 0
0.199478 -0.436694 0
0.248522 -0.70199 0
0.306549 -0.645823 0
0.226126 -0.644911 0
0.461251 -0.35065 0
0.435972 -0.321254 0
0.422481 -0.38004 0
0.449863 -0.41494 0
0.461298 -0.350964 0
0.422527 -0.380354 0
0.489238 -0.382526 0
0.497376 -0.317387 0
0.461679 -0.350645 0
0.226272 -0.644527 0
0.306694 -0.645438 0
0.291809 -0.587502 0
0.317191 -0.716331 0
0.342792 -0.779728 0
0.38448 -0.739204 0
0.239337 -0.264067 0
0.258071 -0.272766 0
0.251817 -0.23504 0
0.356223 -0.243511 0
0.32894 -0.228626 0
0.330531 -0.273154 0
0.231677 -0.326499 0
0.225628 -0.294901 0
0.192322 -0.321879 0
0.303735 -0.214624 0
0.275594 -0.246845 0
0.301491 -0.259546 0
0.203636 -0.280015 0
0.220304 -0.265236 0
0.198742 -0.253462 0
0.316784 -0.716443 0
0.263294 -0.772558 0
0.342386 -0.77984 0
0.248077 -0.702142 0
0.22568 -0.645063 0
0.173775 -0.691376 0
0.31647 -0.716185 0
0.248678 -0.702651 0
0.262979 -0.772299 0
0.316617 -0.715761 0
0.306851 -0.64606 0
0.248826 -0.702228 0
0.699443 -0.339719 0
0.698002 -0.428296 0
0.76524 -0.366469 0
0.422265 -0.380031 0
0.435758 -0.321246 0
0.397288 -0.348188 0
0.703619 -0.575394 0
0.681976 -0.651538 0
0.770347 -0.679995 0
0.720039 -0.505741 0
0.703735 -0.574526 0
0.766442 -0.565897 0
0.642992 -0.583589 0
0.681548 -0.651215 0
0.703193 -0.575072 0
0.628355 -0.822421 0
0.706991 -0.840591 0
0.699198 -0.75213 0
0.565331 -0.548487 0
0.581714 -0.643555 0
0.642197 -0.583475 0
0.584096 -0.455765 0
0.540167 -0.486138 0
0.617884 -0.509934 0
0.511192 -0.641481 0
0.443973 -0.615926 0
0.451004 -0.686665 0
0.495397 -0.516959 0
0.503907 -0.582076 0
0.564581 -0.54806 0
0.494972 -0.516965 0
0.437897 -0.549552 0
0.503481 -0.58208 0
0.504195 -0.5825 0
0.581251 -0.64355 0
0.564868 -0.548485 0
0.627514 -0.822147 0
0.614523 -0.718717 0
0.540411 -0.791923 0
0.681143 -0.651445 0
0.642585 -0.583821 0
0.582104 -0.6439 0
0.770334 -0.680586 0
0.681962 -0.652127 0
0.699589 -0.751025 0
0.771093 -0.679828 0
0.841603 -0.609395 0
0.767073 -0.566596 0
0.618212 -0.509649 0
0.637827 -0.400481 0
0.584424 -0.455478 0
0.574492 -0.973268 0
0.509249 -1.03841 0
0.602353 -1.04269 0
0.676143 -0.969204 0
0.575053 -0.973035 0
0.602912 -1.04246 0
0.556171 -0.8939 0
0.485614 -0.963801 0
0.574259 -0.972521 0
0.842541 -0.60918 0
0.906203 -0.642916 0
0.912646 -0.538998 0
0.763416 -0.461507 0
0.76703 -0.565486 0
0.835901 -0.49531 0
0.840556 -0.708905 0
0.899815 -0.747084 0
0.906153 -0.643945 0
0.771338 -0.680303 0
0.839911 -0.708569 0
0.841847 -0.609874 0
0.77413 -0.774869 0
0.825384 -0.820571 0
0.839865 -0.709591 0
0.436289 -0.320774 0
0.497262 -0.316911 0
0.480783 -0.270093 0
0.375158 -0.27456 0
0.37668 -0.313279 0
0.409052 -0.291023 0
0.489142 -0.383196 0
0.450149 -0.41529 0
0.480137 -0.453032 0
0.541685 -0.340208 0
0.489609 -0.382826 0
0.528122 -0.417625 0
0.497198 -0.317181 0
0.436222 -0.321043 0
0.461502 -0.350439 0
0.213572 -0.587703 0
0.291598 -0.587 0
0.255914 -0.552159 0
0.497644 -0.31735 0
0.489507 -0.38249 0
0.541582 -0.33987 0
0.539866 -0.485831 0
0.583796 -0.455458 0
0.52843 -0.418354 0
0.480567 -0.453385 0
0.539519 -0.485824 0
0.528085 -0.418348 0
0.495517 -0.516639 0
0.5647 -0.547738 0
0.539692 -0.486468 0
0.307343 -0.64559 0
0.360191 -0.674517 0
0.352079 -0.602901 0
0.307225 -0.645968 0
0.31699 -0.715669 0
0.360074 -0.674896 0
0.450305 -0.687188 0
0.36078 -0.675111 0
0.384985 -0.738757 0
0.539532 -0.791683 0
0.520135 -0.704884 0
0.459409 -0.764248 0
0.443142 -0.615757 0
0.352536 -0.602801 0
0.360647 -0.674418 0
0.511367 -0.641131 0
0.503557 -0.582717 0
0.44415 -0.615578 0
0.520015 -0.704124 0
0.511446 -0.641777 0
0.45126 -0.686961 0
0.52045 -0.703981 0
0.581129 -0.64427 0
0.511882 -0.641633 0
0.394926 -0.576351 0
0.352652 -0.602472 0
0.443256 -0.615427 0
0.437362 -0.549861 0
0.39521 -0.576175 0
0.443539 -0.61525 0
0.437166 -0.549549 0
0.385134 -0.522242 0
0.395014 -0.575863 0
0.565454 -0.548041 0
0.642319 -0.583028 0
0.618163 -0.510568 0
0.511827 -0.641226 0
0.581074 -0.643861 0
0.504016 -0.582811 0
0.459111 -0.763898 0
0.519839 -0.704534 0
0.451084 -0.68737 0
0.540051 -0.79153 0
0.614167 -0.718323 0
0.520655 -0.704729 0
0.614842 -0.717654 0
0.68105 -0.651895 0
0.58201 -0.644348 0
0.431828 -0.488695 0
0.385258 -0.52195 0
0.437289 -0.549256 0
0.4505 -0.686776 0
0.443469 -0.616039 0
0.360977 -0.6747 0
0.449958 -0.415642 0
0.432188 -0.48802 0
0.479946 -0.453384 0
0.384803 -0.522261 0
0.338619 -0.554803 0
0.394683 -0.57588 0
0.338166 -0.555108 0
0.292336 -0.587059 0
0.351956 -0.602306 0
0.259713 -0.330879 0
0.231897 -0.326793 0
0.224036 -0.373881 0
0.289909 -0.335122 0
0.260088 -0.330921 0
0.278767 -0.378045 0
0.289908 -0.334801 0
0.278565 -0.28245 0
0.260089 -0.3306 0
0.259945 -0.330482 0
0.278423 -0.282331 0
0.247051 -0.299557 0
0.318894 -0.401009 0
0.310881 -0.357583 0
0.279035 -0.378354 0
0.310433 -0.303951 0
0.278733 -0.282361 0
0.290077 -0.334712 0
0.301407 -0.259772 0
0.275509 -0.247071 0
0.278656 -0.281919 0
0.21174 -0.404281 0
0.188141 -0.360864 0
0.177054 -0.406807 0
0.278547 -0.378176 0
0.259869 -0.331052 0
0.224193 -0.374053 0
0.280939 -0.42632 0
0.318795 -0.40124 0
0.278934 -0.378585 0
0.243135 -0.451025 0
0.280579 -0.426555 0
0.247043 -0.399099 0
0.314967 -0.450554 0
0.278679 -0.477588 0
0.304397 -0.51379 0
0.311069 -0.357017 0
0.343348 -0.306012 0
0.310719 -0.304105 0
0.191976 -0.322139 0
0.166031 -0.338805 0
0.188039 -0.360361 0
-0.00676453 -0.61289 0
-0.0500691 -0.557157 0
-0.0531254 -0.61303 0
0.0137614 -0.509079 0
-0.00331276 -0.556135 0
0.0427647 -0.555774 0
0.0134628 -0.508913 0
-0.0465709 -0.506498 0
-0.00361314 -0.55597 0
-0.0210167 -0.422535 0
-0.0654907 -0.460326 0
-0.00840503 -0.462375 0
-0.0994803 -0.552993 0
-0.0503583 -0.556601 0
-0.047107 -0.506648 0
-0.130196 -0.478376 0
-0.170738 -0.51177 0
-0.135921 -0.531848 0
-0.108513 -0.609154 0
-0.0505643 -0.556945 0
-0.0996864 -0.553338 0
-0.0504324 -0.74692 0
-0.0350424 -0.677328 0
-0.107095 -0.674434 0
0.0138896 -0.508594 0
0.0458838 -0.504702 0
0.0317031 -0.462246 0
-0.0500374 -0.556612 0
-0.00382513 -0.55613 0
-0.0467855 -0.506659 0
0.0429287 -0.555602 0
0.0459213 -0.505016 0
0.0139276 -0.508907 0
0.0729759 -0.485552 0
0.105471 -0.47617 0
0.0706969 -0.445017 0
0.24195 -0.504877 0
0.256051 -0.551639 0
0.304079 -0.51422 0
0.307115 -0.645297 0
0.351852 -0.602609 0
0.292231 -0.587361 0
0.311225 -0.357185 0
0.356911 -0.354251 0
0.343503 -0.30618 0
0.278939 -0.378133 0
0.310784 -0.357362 0
0.290079 -0.33521 0
0.319157 -0.40093 0
0.35683 -0.354569 0
0.311142 -0.357503 0
0.405649 -0.454208 0
0.381863 -0.422865 0
0.353077 -0.475768 0
0.384888 -0.521591 0
0.405659 -0.45454 0
0.353086 -0.476099 0
0.43194 -0.488022 0
0.449711 -0.415646 0
0.40614 -0.454225 0
0.422042 -0.380252 0
0.397065 -0.348409 0
0.369254 -0.387158 0
0.449598 -0.41518 0
0.422261 -0.380593 0
0.382243 -0.422417 0
0.450087 -0.414949 0
0.489079 -0.382853 0
0.461521 -0.350972 0
0.405973 -0.454006 0
0.449544 -0.415427 0
0.382187 -0.422662 0
0.480399 -0.453042 0
0.527917 -0.418004 0
0.489402 -0.383204 0
0.292175 -0.586764 0
0.338007 -0.554813 0
0.304519 -0.514503 0
0.212157 -0.404556 0
0.242904 -0.450951 0
0.246814 -0.399025 0
0.206736 -0.48 0
0.24158 -0.504428 0
0.24287 -0.451555 0
0.206598 -0.480282 0
0.202206 -0.535637 0
0.241444 -0.50471 0
0.146609 -0.470897 0
0.105835 -0.476379 0
0.106086 -0.522106 0
0.199159 -0.436758 0
0.147257 -0.470623 0
0.206274 -0.479837 0
0.142856 -0.428367 0
0.106235 -0.434624 0
0.146732 -0.470444 0
0.176862 -0.407139 0
0.143268 -0.428161 0
0.199047 -0.436373 0
0.211779 -0.404534 0
0.177092 -0.40706 0
0.199276 -0.436294 0
0.242746 -0.451077 0
0.211998 -0.404682 0
0.199497 -0.436442 0
0.223729 -0.374239 0
0.188298 -0.360754 0
0.211896 -0.404172 0
0.157649 -0.380711 0
0.143128 -0.427975 0
0.176723 -0.406953 0
0.105856 -0.434698 0
0.0708084 -0.444846 0
0.10558 -0.476 0
0.121746 -0.397647 0
0.106151 -0.43438 0
0.142772 -0.428123 0
0.0952662 -0.402717 0
0.0691104 -0.407841 0
0.0706494 -0.444512 0
0.121589 -0.397562 0
0.0955599 -0.402649 0
0.105992 -0.434294 0
0.121612 -0.39732 0
0.113075 -0.362217 0
0.0955836 -0.402407 0
0.202371 -0.535877 0
0.255709 -0.551712 0
0.241609 -0.504949 0
0.145243 -0.575326 0
0.212901 -0.58761 0
0.201905 -0.536232 0
0.100913 -0.695916 0
0.153312 -0.632541 0
0.10836 -0.630501 0
0.173458 -0.691142 0
0.225365 -0.64483 0
0.153946 -0.632573 0
0.225958 -0.644334 0
0.291497 -0.58731 0
0.213471 -0.588012 0
0.24675 -0.398768 0
0.223925 -0.374366 0
0.212094 -0.404299 0
0.0147754 -0.42265 0
0.0161139 -0.386718 0
-0.020665 -0.422156 0
-0.00813765 -0.46225 0
0.014694 -0.422904 0
-0.0207462 -0.422409 0
0.0424631 -0.433481 0
0.0704731 -0.444614 0
0.0689328 -0.407945 0
0.0150532 -0.422738 0
0.0421679 -0.433386 0
0.0362061 -0.401658 0
0.0318817 -0.461794 0
0.0703499 -0.444795 0
0.0423386 -0.433661 0
0.0423479 -0.433336 0
0.0688196 -0.4078 0
0.0363871 -0.401608 0
0.0432368 -0.555648 0
0.105543 -0.522485 0
0.0462289 -0.505061 0
0.105822 -0.434452 0
0.0953884 -0.402807 0
0.0707738 -0.444601 0
0.0891924 -0.338658 0
0.113014 -0.361783 0
0.109637 -0.331611 0
0.158718 -0.281226 0
0.180215 -0.267378 0
0.156829 -0.25592 0
0.258186 -0.273041 0
0.247046 -0.299363 0
0.278416 -0.282138 0
0.275365 -0.247115 0
0.258282 -0.272866 0
0.278511 -0.281963 0
0.23932 -0.264283 0
0.246914 -0.299304 0
0.258055 -0.272981 0
0.230804 -0.223522 0
0.239245 -0.263903 0
0.251725 -0.234875 0
0.220513 -0.26532 0
0.225747 -0.294504 0
0.239125 -0.264241 0
0.188187 -0.360377 0
0.20991 -0.343592 0
0.192122 -0.322155 0
0.224148 -0.37428 0
0.246973 -0.398681 0
0.278505 -0.378402 0
0.180269 -0.267249 0
0.176272 -0.242837 0
0.156884 -0.255795 0
0.20346 -0.280156 0
0.180461 -0.267498 0
0.185772 -0.293512 0
0.198518 -0.253346 0
0.176418 -0.242827 0
0.180412 -0.267239 0
0.158568 -0.281228 0
0.156675 -0.255921 0
0.13633 -0.267318 0
0.114935 -0.277193 0
0.13566 -0.293847 0
0.136111 -0.267428 0
0.161891 -0.308764 0
0.185561 -0.293655 0
0.158755 -0.28149 0
0.640761 -0.907346 0
0.57518 -0.972582 0
0.67627 -0.968751 0
0.750445 -0.895269 0
0.641351 -0.907086 0
0.676857 -0.968492 0
0.484503 -0.964179 0
0.383957 -0.945525 0
0.414281 -1.03386 0
0.574101 -0.973005 0
0.485455 -0.964284 0
0.508855 -1.03815 0
0.556034 -0.892924 0
0.539718 -0.792606 0
0.479285 -0.851991 0
0.627655 -0.823115 0
0.556869 -0.893209 0
0.640538 -0.906594 0
0.62732 -0.822731 0
0.540215 -0.792507 0
0.556531 -0.892826 0
0.158818 -0.281352 0
0.185621 -0.293517 0
0.180313 -0.267502 0
0.135898 -0.293998 0
0.161723 -0.308765 0
0.15859 -0.281492 0
0.136264 -0.267441 0
0.135809 -0.29386 0
0.158503 -0.281355 0
0.111896 -0.303296 0
0.109791 -0.331364 0
0.136224 -0.322997 0
0.165943 -0.338633 0
0.191889 -0.321966 0
0.161935 -0.30905 0
0.574778 -0.972331 0
0.640361 -0.907094 0
0.556691 -0.893709 0
0.02904 -0.917624 0
-0.0562441 -0.914099 0
-0.0637886 -1.01122 0
0.127532 -1.0207 0
0.11612 -0.928108 0
0.0325598 -1.0161 0
0.105166 -0.765489 0
0.0191772 -0.750389 0
0.0224539 -0.828689 0
0.173042 -0.691314 0
0.153528 -0.632745 0
0.101131 -0.696121 0
0.247959 -0.702522 0
0.173656 -0.691756 0
0.190515 -0.758248 0
0.225497 -0.644484 0
0.213009 -0.588162 0
0.154079 -0.632228 0
0.0216874 -0.829436 0
-0.048873 -0.82628 0
-0.0562204 -0.913186 0
0.105911 -0.843417 0
0.0224932 -0.829506 0
0.02987 -0.916781 0
0.0186597 -0.750591 0
-0.0486217 -0.825734 0
0.0219387 -0.828891 0
-0.046587 -0.506186 0
0.0134474 -0.5086 0
-0.00822825 -0.462817 0
0.0401235 -0.612658 0
0.0428528 -0.556121 0
-0.00322409 -0.556483 0
-0.00629755 -0.612888 0
0.0399597 -0.612848 0
-0.00339019 -0.556673 0
-0.0347167 -0.676677 0
-0.00671354 -0.613291 0
-0.0530738 -0.613431 0
-0.0344119 -0.676889 0
0.0374163 -0.676542 0
-0.00641074 -0.613503 0
0.108003 -0.630028 0
0.106563 -0.573999 0
0.0407103 -0.612964 0
0.202275 -0.536154 0
0.213271 -0.587531 0
0.255615 -0.551989 0
0.147144 -0.47087 0
0.16589 -0.510203 0
0.206163 -0.480084 0
0.14508 -0.575647 0
0.153808 -0.631996 0
0.21274 -0.587931 0
0.165868 -0.510739 0
0.145083 -0.575068 0
0.201748 -0.535974 0
0.106912 -0.573874 0
0.108351 -0.629903 0
0.144574 -0.575593 0
0.0404917 -0.612716 0
0.106347 -0.573751 0
0.0432206 -0.556179 0
0.108508 -0.630098 0
0.153459 -0.632138 0
0.14473 -0.575788 0
0.19004 -0.758458 0
0.173179 -0.691965 0
0.106241 -0.765059 0
0.106082 -0.52278 0
0.106904 -0.573514 0
0.144566 -0.575234 0
0.198948 -0.436586 0
0.143167 -0.428374 0
0.147044 -0.470451 0
0.0728951 -0.485907 0
0.0463293 -0.504827 0
0.105642 -0.522251 0
0.105589 -0.476429 0
0.0730942 -0.485811 0
0.105839 -0.522156 0
0.165555 -0.510345 0
0.146809 -0.471011 0
0.106288 -0.52222 0
0.144762 -0.575023 0
0.165548 -0.510694 0
0.10628 -0.522569 0
0.201952 -0.535656 0
0.206346 -0.480301 0
0.166075 -0.510421 0
0.146609 -0.470604 0
0.106109 -0.434784 0
0.105835 -0.476086 0
0.0704509 -0.444969 0
0.0319841 -0.461968 0
0.0727291 -0.485505 0
-0.136483 -0.740638 0
-0.155699 -0.677641 0
-0.2155 -0.748911 0
0.484918 -0.96449 0
0.4147 -1.03417 0
0.508321 -1.03836 0
0.478524 -0.852738 0
0.384173 -0.944918 0
0.484717 -0.96357 0
0.279732 -0.850086 0
0.359768 -0.860287 0
0.342583 -0.78058 0
0.279582 -0.850605 0
0.298018 -0.935271 0
0.359618 -0.860806 0
0.29823 -0.936152 0
0.319233 -1.0295 0
0.383017 -0.945417 0
0.359964 -0.861122 0
0.298367 -0.935588 0
0.383153 -0.944851 0
0.278732 -0.850517 0
0.195099 -0.841527 0
0.208337 -0.928067 0
0.111763 -0.30299 0
0.114708 -0.277281 0
0.092831 -0.285355 0
0.136309 -0.322873 0
0.135656 -0.294118 0
0.111984 -0.303171 0
0.135583 -0.293967 0
0.114858 -0.277309 0
0.111909 -0.303018 0
0.136496 -0.323194 0
0.137871 -0.354604 0
0.165678 -0.338789 0
0.135822 -0.294137 0
0.136477 -0.322892 0
0.16165 -0.308904 0
0.109878 -0.331535 0
0.137683 -0.354579 0
0.13631 -0.323169 0
0.0926088 -0.285425 0
0.0701659 -0.291757 0
0.0903124 -0.310585 0
0.121902 -0.397223 0
0.157449 -0.380434 0
0.137794 -0.354991 0
0.100972 -0.696564 0
0.105941 -0.764851 0
0.172882 -0.691758 0
0.0404795 -0.613307 0
0.0380477 -0.676386 0
0.107774 -0.630372 0
0.0194395 -0.749946 0
0.105427 -0.765046 0
0.100456 -0.696759 0
0.0379517 -0.677063 0
0.0192116 -0.749651 0
0.100231 -0.696464 0
0.107974 -0.630649 0
0.0382504 -0.676664 0
0.100528 -0.696064 0
0.0400971 -0.61325 0
-0.00615951 -0.613289 0
0.037665 -0.676329 0
0.0219485 -0.829741 0
-0.0559565 -0.91349 0
0.0293279 -0.917015 0
-0.050058 -0.747669 0
-0.0488646 -0.825462 0
0.0184193 -0.750319 0
-0.0962451 -0.782711 0
-0.136045 -0.741227 0
-0.143871 -0.819721 0
-0.101617 -0.86514 0
-0.0961306 -0.783127 0
-0.143754 -0.820136 0
-0.0507299 -0.747494 0
-0.135731 -0.740983 0
-0.0959325 -0.782469 0
0.207573 -0.928924 0
0.116709 -0.927815 0
0.128118 -1.02041 0
0.297328 -0.936083 0
0.208496 -0.928967 0
0.223827 -1.02502 0
0.194555 -0.841785 0
0.116932 -0.927216 0
0.207795 -0.928324 0
0.0227472 -0.828999 0
0.106164 -0.842911 0
0.105456 -0.7658 0
0.207929 -0.929251 0
0.128477 -1.02074 0
0.223261 -1.0253 0
0.0301853 -0.917108 0
0.116042 -0.927184 0
0.106223 -0.843745 0
0.0299369 -0.917685 0
0.0322312 -1.01575 0
0.115794 -0.927762 0
0.262558 -0.772441 0
0.248256 -0.702793 0
0.190815 -0.758519 0
0.318702 -1.02977 0
0.297696 -0.936421 0
0.224198 -1.02535 0
0.0700783 -0.291865 0
0.0650776 -0.318385 0
0.0902247 -0.310697 0
0.157595 -0.380239 0
0.165748 -0.338981 0
0.137942 -0.354795 0
0.142943 -0.427943 0
0.157466 -0.380679 0
0.121919 -0.397467 0
0.187925 -0.360556 0
0.165915 -0.339001 0
0.157764 -0.380258 0
0.176872 -0.406728 0
0.187962 -0.360783 0
0.157801 -0.380485 0
0.210056 -0.343479 0
0.231625 -0.326661 0
0.192269 -0.322042 0
0.223722 -0.374036 0
0.210016 -0.343767 0
0.188294 -0.360551 0
0.223868 -0.373924 0
0.231731 -0.326836 0
0.210162 -0.343653 0
0.191954 -0.321816 0
0.185672 -0.29379 0
0.162003 -0.308899 0
0.0904368 -0.310895 0
0.0891163 -0.338488 0
0.109562 -0.33144 0
0.0927546 -0.285463 0
0.0904543 -0.310623 0
0.111686 -0.303103 0
0.0651446 -0.318541 0
0.0889665 -0.338444 0
0.0902891 -0.310852 0
0.0567333 -0.38111 0
0.0880618 -0.369178 0
0.0607341 -0.348405 0
0.0691693 -0.40759 0
0.0953249 -0.402465 0
0.088217 -0.369449 0
0.0236698 -0.299146 0
0.0427122 -0.32248 0
0.0468267 -0.296404 0
0.0565693 -0.381052 0
0.0605719 -0.348348 0
0.0395661 -0.352037 0
0.0164557 -0.386345 0
0.0564232 -0.381179 0
0.0394166 -0.352165 0
0.0690391 -0.407519 0
0.088089 -0.369377 0
0.0567617 -0.381308 0
0.0881684 -0.369036 0
0.088946 -0.338738 0
0.0608439 -0.348263 0
0.195282 -0.841008 0
0.278914 -0.849997 0
0.262674 -0.773209 0
0.149691 -0.79988 0
0.194607 -0.840792 0
0.190256 -0.759072 0
0.106162 -0.765421 0
0.149394 -0.799627 0
0.189961 -0.758819 0
0.106885 -0.843066 0
0.194328 -0.841075 0
0.149411 -0.800162 0
0.106775 -0.843492 0
0.116591 -0.926931 0
0.194217 -0.8415 0
0.0361201 -0.401501 0
0.0163054 -0.386648 0
0.0149653 -0.422581 0
0.0316951 -0.461721 0
0.042153 -0.433588 0
0.0150376 -0.422939 0
0.0564132 -0.381344 0
0.0164463 -0.38651 0
0.0362592 -0.401363 0
0.0648903 -0.318614 0
0.0429016 -0.322719 0
0.0606098 -0.348041 0
0.0107218 -0.353903 0
0.0163006 -0.386254 0
0.0392646 -0.352074 0
-0.000118819 -0.300165 0
-0.0278953 -0.324334 0
-0.00573787 -0.325416 0
-0.0107696 -0.354265 0
-0.0157963 -0.386091 0
0.0104467 -0.353911 0
-0.00564358 -0.325695 0
-0.0107355 -0.354063 0
0.0104817 -0.353707 0
-0.00577193 -0.325596 0
-0.0279281 -0.324515 0
-0.0108647 -0.353963 0
-0.0468857 -0.296399 0
-0.0538457 -0.321278 0
-0.0237271 -0.299138 0
-0.322346 -0.617648 0
-0.27572 -0.668318 0
-0.259425 -0.605254 0
-0.409682 -0.694807 0
-0.345234 -0.679686 0
-0.381088 -0.635728 0
-0.368411 -0.748005 0
-0.279994 -0.747035 0
-0.344758 -0.680236 0
-0.224269 -0.827405 0
-0.279372 -0.747779 0
-0.302224 -0.822955 0
-0.216138 -0.748943 0
-0.20399 -0.680803 0
-0.279015 -0.747042 0
-0.223982 -0.827159 0
-0.216205 -0.749434 0
-0.279082 -0.747532 0
-0.22353 -0.827402 0
-0.144562 -0.819897 0
-0.215754 -0.749676 0
-0.279215 -0.746774 0
-0.204188 -0.680534 0
-0.27539 -0.669001 0
-0.155769 -0.677031 0
-0.169746 -0.627106 0
-0.203422 -0.680161 0
0.279074 -0.850832 0
0.208682 -0.928383 0
0.297513 -0.935498 0
0.0105357 -0.354018 0
-0.0157046 -0.386199 0
0.0161178 -0.386367 0
-0.0234851 -0.299163 0
-0.0279584 -0.324247 0
-0.000182915 -0.300077 0
-0.0396934 -0.3529 0
-0.0479385 -0.384494 0
-0.0160856 -0.386187 0
-0.0280433 -0.324606 0
-0.0396096 -0.352593 0
-0.0109768 -0.354054 0
-0.0607574 -0.349832 0
-0.0480892 -0.384371 0
-0.039843 -0.352779 0
-0.0537795 -0.321371 0
-0.0281346 -0.324319 0
-0.0236605 -0.299233 0
-0.0701595 -0.291849 0
-0.100303 -0.308444 0
-0.0759401 -0.316634 0
-0.0539411 -0.321634 0
-0.0607777 -0.349622 0
-0.0398616 -0.352568 0
-0.0699853 -0.291808 0
-0.0757649 -0.316593 0
-0.0471132 -0.296356 0
-0.0877653 -0.34071 0
-0.0609382 -0.349582 0
-0.0541029 -0.321596 0
-0.0350522 -0.676881 0
-0.0534118 -0.613634 0
-0.107105 -0.673988 0
0.0184675 -0.749822 0
-0.0346221 -0.677581 0
-0.0500102 -0.747173 0
0.0187598 -0.749587 0
0.0375003 -0.676999 0
-0.034327 -0.677345 0
0.0315236 -0.462104 0
-0.00796487 -0.462669 0
0.0137079 -0.508453 0
0.0726482 -0.485705 0
0.0319013 -0.462168 0
0.0460808 -0.504626 0
0.068867 -0.407626 0
0.0565878 -0.381415 0
0.0364354 -0.401434 0
-0.111464 -0.366492 0
-0.087726 -0.376969 0
-0.0880478 -0.340951 0
-0.12602 -0.39595 0
-0.111751 -0.366607 0
-0.135718 -0.356223 0
-0.12586 -0.396021 0
-0.0878528 -0.377155 0
-0.11159 -0.366677 0
-0.135733 -0.432238 0
-0.126179 -0.396279 0
-0.159392 -0.388768 0
-0.0939463 -0.412951 0
-0.0877947 -0.37731 0
-0.1258 -0.396176 0
-0.0936878 -0.412913 0
-0.0483576 -0.384665 0
-0.0875336 -0.377271 0
-0.0911026 -0.502619 0
-0.0471292 -0.506159 0
-0.0658559 -0.46074 0
-0.0568378 -0.420203 0
-0.0482563 -0.384809 0
-0.0935836 -0.413057 0
0.0315277 -0.461817 0
0.0148683 -0.423036 0
-0.00796116 -0.462383 0
-0.0160238 -0.38642 0
-0.0478748 -0.384725 0
-0.0209826 -0.422027 0
-0.0159629 -0.386086 0
-0.0109372 -0.354261 0
-0.0395677 -0.352799 0
0.0160128 -0.386596 0
-0.0158094 -0.386426 0
-0.020769 -0.422035 0
0.06493 -0.318337 0
0.0699273 -0.291817 0
0.0470568 -0.296368 0
0.0168955 -0.325107 0
0.0107236 -0.353698 0
0.0392673 -0.351868 0
0.0426701 -0.322753 0
0.0170044 -0.325004 0
0.0393728 -0.351764 0
0.0605262 -0.348152 0
0.0428149 -0.32283 0
0.0395195 -0.351842 0
0.0648435 -0.318441 0
0.0469705 -0.296469 0
0.0428528 -0.322545 0
0.0234254 -0.299164 0
0.000124649 -0.300081 0
0.016803 -0.324752 0
0.0905143 -0.310777 0
0.109636 -0.331323 0
0.111744 -0.303256 0
0.0607653 -0.348095 0
0.088869 -0.338569 0
0.0650437 -0.318666 0
0.0883438 -0.369082 0
0.112944 -0.361908 0
0.0891196 -0.338784 0
0.113177 -0.361837 0
0.137607 -0.354709 0
0.109798 -0.331665 0
0.0954707 -0.402313 0
0.112965 -0.362122 0
0.0883652 -0.369296 0
0.121752 -0.397161 0
0.137647 -0.354929 0
0.113217 -0.362057 0
0.136578 -0.323041 0
0.165756 -0.338637 0
0.161751 -0.309053 0
0.0169481 -0.324827 0
0.0426163 -0.322577 0
0.0235738 -0.299239 0
-0.194688 -0.480439 0
-0.173232 -0.425418 0
-0.216316 -0.449351 0
-0.100403 -0.453394 0
-0.0940216 -0.413327 0
-0.135428 -0.432512 0
-0.12981 -0.478084 0
-0.0914943 -0.502501 0
-0.100376 -0.453845 0
-0.135548 -0.432728 0
-0.129959 -0.47785 0
-0.100523 -0.453611 0
-0.161504 -0.466608 0
-0.194496 -0.480785 0
-0.171039 -0.51156 0
-0.172849 -0.425314 0
-0.161314 -0.466158 0
-0.135896 -0.432595 0
-0.229652 -0.496139 0
-0.243721 -0.547432 0
-0.206749 -0.529203 0
-0.0659177 -0.46029 0
-0.0569197 -0.420591 0
-0.100046 -0.453512 0
-0.0912816 -0.502443 0
-0.066033 -0.460564 0
-0.100161 -0.453786 0
-0.135753 -0.432771 0
-0.16117 -0.466335 0
-0.130162 -0.477893 0
-0.0996186 -0.552814 0
-0.0472428 -0.506468 0
-0.0912158 -0.502928 0
-0.0468533 -0.506025 0
-0.00849191 -0.462656 0
-0.065577 -0.460605 0
-0.0211774 -0.422394 0
-0.0566538 -0.420487 0
-0.0656543 -0.460185 0
-0.0211174 -0.422141 0
-0.0480124 -0.384839 0
-0.0565947 -0.420234 0
-0.126179 -0.396023 0
-0.135879 -0.356296 0
-0.159394 -0.388514 0
-0.0609185 -0.349913 0
-0.0874239 -0.37706 0
-0.0482471 -0.384452 0
-0.0610506 -0.349768 0
-0.0878772 -0.340895 0
-0.0875583 -0.376913 0
-0.100081 -0.553374 0
-0.168186 -0.567813 0
-0.108907 -0.60919 0
-0.322985 -0.617787 0
-0.380797 -0.635469 0
-0.344944 -0.679428 0
-0.302499 -0.561459 0
-0.354127 -0.580974 0
-0.322753 -0.61721 0
-0.244179 -0.547614 0
-0.271526 -0.518833 0
-0.30196 -0.561018 0
-0.320267 -0.35121 0
-0.291955 -0.382124 0
-0.275695 -0.346817 0
-0.556887 -0.390673 0
-0.531444 -0.318118 0
-0.584367 -0.336418 0
-0.334839 -0.456714 0
-0.306766 -0.485366 0
-0.285825 -0.444373 0
-0.344268 -0.395784 0
-0.309806 -0.421356 0
-0.292151 -0.382522 0
-0.392644 -0.381912 0
-0.344787 -0.395583 0
-0.364519 -0.361987 0
-0.392902 -0.382182 0
-0.417057 -0.412403 0
-0.369437 -0.426016 0
-0.443839 -0.445454 0
-0.506344 -0.417307 0
-0.483766 -0.481016 0
-0.417055 -0.343398 0
-0.462469 -0.388056 0
-0.393213 -0.381824 0
-0.496788 -0.353287 0
-0.506453 -0.416688 0
-0.463113 -0.388206 0
-0.391731 -0.53966 0
-0.35445 -0.580614 0
-0.32997 -0.531341 0
-0.429607 -0.49858 0
-0.392093 -0.539265 0
-0.362908 -0.495252 0
-0.443289 -0.445652 0
-0.429889 -0.498147 0
-0.396 -0.459353 0
-0.483601 -0.481694 0
-0.470591 -0.566953 0
-0.430274 -0.498628 0
-0.414887 -0.583869 0
-0.381137 -0.635027 0
-0.354698 -0.581108 0
-0.470235 -0.567432 0
-0.415312 -0.583505 0
-0.392405 -0.53979 0
-0.470439 -0.56779 0
-0.453266 -0.646582 0
-0.415516 -0.583863 0
-0.275173 -0.668563 0
-0.20397 -0.680096 0
-0.214513 -0.616175 0
-0.214159 -0.616035 0
-0.203618 -0.679956 0
-0.169941 -0.626901 0
-0.168773 -0.568081 0
-0.214042 -0.61566 0
-0.169824 -0.626525 0
-0.259064 -0.605249 0
-0.275359 -0.668313 0
-0.214697 -0.615924 0
-0.100362 -0.30834 0
-0.0702193 -0.291742 0
-0.0926641 -0.285414 0
-0.0758432 -0.316841 0
-0.0878167 -0.3406 0
-0.0541516 -0.321486 0
-0.047056 -0.296457 0
-0.0757083 -0.316691 0
-0.0540168 -0.321338 0
-0.100429 -0.308587 0
-0.108341 -0.334355 0
-0.0760666 -0.316776 0
-0.0760262 -0.316884 0
-0.108299 -0.334463 0
-0.0879971 -0.340644 0
-0.124769 -0.300371 0
-0.100542 -0.30837 0
-0.0928431 -0.285443 0
-0.12491 -0.30051 0
-0.135484 -0.326412 0
-0.100684 -0.308507 0
-0.135545 -0.326685 0
-0.135741 -0.355884 0
-0.108657 -0.334547 0
-0.159058 -0.346177 0
-0.135909 -0.355923 0
-0.135715 -0.326724 0
-0.20478 -0.360406 0
-0.173902 -0.367836 0
-0.182825 -0.336596 0
-0.173595 -0.367854 0
-0.136036 -0.356061 0
-0.159185 -0.346315 0
-0.204954 -0.360676 0
-0.21952 -0.394129 0
-0.189274 -0.391261 0
-0.230939 -0.340909 0
-0.204971 -0.360316 0
-0.183017 -0.336505 0
-0.231156 -0.341028 0
-0.247709 -0.371936 0
-0.205188 -0.360435 0
-0.172844 -0.425055 0
-0.135889 -0.432335 0
-0.15955 -0.388865 0
-0.12596 -0.39636 0
-0.135515 -0.432321 0
-0.094106 -0.413136 0
-0.202558 -0.419187 0
-0.249253 -0.421562 0
-0.216596 -0.449134 0
-0.173924 -0.368019 0
-0.2048 -0.360589 0
-0.189121 -0.391173 0
-0.15973 -0.388538 0
-0.173773 -0.368113 0
-0.18897 -0.391267 0
-0.159341 -0.346249 0
-0.182672 -0.336548 0
-0.173751 -0.367788 0
-0.247818 -0.372317 0
-0.249417 -0.421222 0
-0.219864 -0.394268 0
-0.202568 -0.419003 0
-0.219713 -0.394425 0
-0.249265 -0.421379 0
-0.173256 -0.425212 0
-0.202303 -0.419199 0
-0.216342 -0.449146 0
-0.189266 -0.391456 0
-0.219511 -0.394325 0
-0.202367 -0.418903 0
-0.159728 -0.388728 0
-0.188967 -0.391458 0
-0.173022 -0.424917 0
-0.159553 -0.38842 0
-0.136039 -0.356203 0
-0.173595 -0.367995 0
-0.345193 -0.680063 0
-0.409641 -0.695183 0
-0.368847 -0.747831 0
-0.302521 -0.561171 0
-0.329671 -0.531413 0
-0.354151 -0.580686 0
-0.259513 -0.604896 0
-0.302181 -0.561539 0
-0.322436 -0.617291 0
-0.259251 -0.604663 0
-0.244139 -0.547902 0
-0.301918 -0.561306 0
-0.556514 -0.391059 0
-0.506766 -0.416698 0
-0.497102 -0.353297 0
-0.65661 -0.339965 0
-0.672977 -0.410599 0
-0.613273 -0.400496 0
-0.57006 -0.446083 0
-0.584219 -0.504445 0
-0.532763 -0.492525 0
-0.612597 -0.400784 0
-0.570236 -0.445398 0
-0.557112 -0.391314 0
-0.584639 -0.336694 0
-0.612646 -0.40042 0
-0.55716 -0.390949 0
-0.672932 -0.411034 0
-0.643125 -0.469564 0
-0.613229 -0.400931 0
-0.642687 -0.470027 0
-0.584588 -0.504369 0
-0.57043 -0.446008 0
-0.108548 -0.609745 0
-0.107353 -0.673763 0
-0.0536573 -0.613409 0
-0.0397539 -0.352483 0
-0.0281867 -0.324497 0
-0.0538305 -0.32155 0
0.0167461 -0.32502 0
-0.00554989 -0.325598 0
0.0105725 -0.35361 0
0.0167098 -0.324842 0
3.21686e-05 -0.300169 0
-0.00558799 -0.325419 0
-0.108417 -0.334629 0
-0.111534 -0.36635 0
-0.0881164 -0.34081 0
-0.109097 -0.6098 0
-0.169428 -0.626869 0
-0.155453 -0.676795 0
-0.0504104 -0.557145 0
-0.108357 -0.609354 0
-0.0534662 -0.613018 0
-0.00659978 -0.6127 0
-0.00369086 -0.556486 0
-0.0499021 -0.556967 0
-0.100141 -0.453354 0
-0.0570117 -0.420433 0
-0.0937576 -0.413286 0
-0.20639 -0.529034 0
-0.171189 -0.511769 0
-0.194647 -0.480994 0
-0.210516 -0.570634 0
-0.206685 -0.529454 0
-0.243656 -0.547681 0
-0.258945 -0.604696 0
-0.210691 -0.570886 0
-0.243832 -0.547934 0
-0.214178 -0.615474 0
-0.168908 -0.567894 0
-0.210291 -0.570989 0
-0.16875 -0.567409 0
-0.171103 -0.512059 0
-0.206302 -0.529323 0
-0.109139 -0.609435 0
-0.16842 -0.568059 0
-0.169472 -0.626504 0
-0.13605 -0.532147 0
-0.170867 -0.512069 0
-0.168515 -0.567419 0
-0.10017 -0.553115 0
-0.135812 -0.532284 0
-0.168277 -0.567556 0
-0.0999139 -0.552899 0
-0.0915129 -0.503014 0
-0.135555 -0.532068 0
0.0293337 -0.917966 0
-0.0634925 -1.01156 0
0.0316306 -1.01603 0
0.106587 -0.842813 0
0.149115 -0.799909 0
0.105881 -0.765702 0
-0.243139 -0.909769 0
-0.302464 -0.823754 0
-0.332116 -0.904152 0
-0.160988 -1.00732 0
-0.242415 -0.910716 0
-0.256571 -1.0036 0
-0.224147 -0.827948 0
-0.3021 -0.823497 0
-0.242779 -0.909515 0
-0.144271 -0.819608 0
-0.136445 -0.741114 0
-0.215461 -0.749386 0
-0.152363 -0.908112 0
-0.14435 -0.82043 0
-0.223316 -0.827933 0
-0.242277 -0.9098 0
-0.152689 -0.908411 0
-0.223646 -0.828233 0
-0.160046 -1.00734 0
-0.0647381 -1.0115 0
-0.151884 -0.909351 0
-0.0492463 -0.825571 0
-0.0504412 -0.747778 0
-0.0956422 -0.782752 0
-0.155246 -0.676953 0
-0.107693 -0.673976 0
-0.108891 -0.609959 0
-0.215726 -0.74871 0
-0.155924 -0.67744 0
-0.203576 -0.680569 0
-0.136123 -0.740388 0
-0.107784 -0.674414 0
-0.155336 -0.677391 0
-0.101301 -0.86516 0
-0.0494162 -0.825964 0
-0.0958138 -0.783146 0
-0.0507688 -0.747132 0
-0.107434 -0.674647 0
-0.13577 -0.740622 0
-0.145117 -0.290644 0
-0.114985 -0.277172 0
-0.136163 -0.26741 0
-0.108539 -0.334388 0
-0.10063 -0.30862 0
-0.135428 -0.326526 0
-0.092894 -0.285336 0
-0.114773 -0.277266 0
-0.124819 -0.300267 0
-0.145404 -0.290783 0
-0.164671 -0.279719 0
-0.173199 -0.306257 0
-0.125124 -0.30042 0
-0.145209 -0.290888 0
-0.154753 -0.317069 0
-0.124992 -0.300286 0
-0.114944 -0.277284 0
-0.145077 -0.290754 0
-0.101804 -0.86556 0
-0.143943 -0.820556 0
-0.151955 -0.908239 0
-0.0569736 -0.913582 0
-0.101512 -0.865872 0
-0.151661 -0.908551 0
-0.0566316 -0.913307 0
-0.0492858 -0.826401 0
-0.101169 -0.865596 0
-0.0643932 -1.01119 0
-0.0568499 -0.91407 0
-0.151536 -0.909037 0
-0.640885 -0.272966 0
-0.584824 -0.335815 0
-0.584792 -0.255633 0
-0.656316 -0.339717 0
-0.612977 -0.400247 0
-0.584972 -0.336523 0
-0.429968 -0.498821 0
-0.470285 -0.567148 0
-0.392453 -0.539506 0
-0.443583 -0.445726 0
-0.483511 -0.481288 0
-0.430182 -0.49822 0
-0.417314 -0.412725 0
-0.443247 -0.445366 0
-0.395957 -0.459066 0
-0.369447 -0.426274 0
-0.417066 -0.41266 0
-0.39571 -0.459002 0
-0.393215 -0.382055 0
-0.462469 -0.388287 0
-0.417369 -0.412276 0
-0.462935 -0.388514 0
-0.506275 -0.416997 0
-0.443768 -0.445143 0
-0.507011 -0.417008 0
-0.556757 -0.391368 0
-0.569883 -0.445453 0
-0.531151 -0.318173 0
-0.556595 -0.390729 0
-0.497184 -0.352966 0
-0.540223 -0.552221 0
-0.528444 -0.635817 0
-0.471108 -0.567648 0
-0.483971 -0.481872 0
-0.540075 -0.551705 0
-0.470958 -0.567131 0
-0.599362 -0.579308 0
-0.677042 -0.65468 0
-0.599139 -0.675237 0
-0.584343 -0.505085 0
-0.598856 -0.578395 0
-0.540838 -0.55182 0
-0.584853 -0.504654 0
-0.642951 -0.470311 0
-0.649348 -0.530678 0
-0.50693 -0.417346 0
-0.569801 -0.445791 0
-0.532504 -0.492232 0
-0.649733 -0.530607 0
-0.643338 -0.47024 0
-0.699999 -0.483494 0
-0.599669 -0.57856 0
-0.649651 -0.531275 0
-0.719085 -0.57482 0
-0.599219 -0.578325 0
-0.584707 -0.505016 0
-0.6492 -0.531041 0
-0.738707 -0.428779 0
-0.760767 -0.49711 0
-0.70069 -0.483243 0
-0.718035 -0.364566 0
-0.738474 -0.428094 0
-0.673601 -0.410774 0
-0.780691 -0.397083 0
-0.761035 -0.496819 0
-0.738976 -0.42849 0
-0.807629 -0.554915 0
-0.761561 -0.497575 0
-0.869202 -0.495727 0
-0.452967 -0.646809 0
-0.381466 -0.635247 0
-0.415218 -0.58409 0
-0.392017 -0.539835 0
-0.414924 -0.58355 0
-0.354734 -0.580789 0
-0.164589 -0.279471 0
-0.136367 -0.2673 0
-0.156714 -0.255907 0
-0.176316 -0.242815 0
-0.188325 -0.26348 0
-0.156926 -0.25577 0
-0.173166 -0.306383 0
-0.154913 -0.317089 0
-0.145372 -0.290909 0
-0.202212 -0.419006 0
-0.173164 -0.425019 0
-0.18911 -0.391559 0
-0.285359 -0.444213 0
-0.252945 -0.472691 0
-0.249653 -0.421725 0
-0.194504 -0.480496 0
-0.16151 -0.466319 0
-0.173047 -0.425474 0
-0.229521 -0.495649 0
-0.194876 -0.480675 0
-0.216505 -0.449587 0
-0.229487 -0.495916 0
-0.206585 -0.52898 0
-0.194843 -0.480941 0
-0.253089 -0.473153 0
-0.306444 -0.485668 0
-0.27157 -0.518332 0
-0.309468 -0.421648 0
-0.285549 -0.444042 0
-0.249842 -0.421554 0
-0.309754 -0.421765 0
-0.33485 -0.456501 0
-0.285834 -0.444159 0
-0.129929 -0.478346 0
-0.135657 -0.531818 0
-0.0916123 -0.502763 0
-0.161288 -0.466599 0
-0.170824 -0.511551 0
-0.13028 -0.478157 0
-0.210593 -0.571114 0
-0.258846 -0.604922 0
-0.214479 -0.615598 0
-0.271812 -0.518778 0
-0.329394 -0.531206 0
-0.302245 -0.560963 0
-0.253135 -0.472905 0
-0.28555 -0.444427 0
-0.306492 -0.485421 0
-0.2167 -0.449561 0
-0.252649 -0.472957 0
-0.229715 -0.495623 0
-0.216765 -0.449313 0
-0.249422 -0.421742 0
-0.252716 -0.472708 0
-0.335414 -0.456566 0
-0.369173 -0.426421 0
-0.395436 -0.45915 0
-0.307022 -0.485536 0
-0.335096 -0.456884 0
-0.362308 -0.494933 0
-0.310033 -0.421705 0
-0.368886 -0.426295 0
-0.335128 -0.456441 0
-0.206434 -0.52952 0
-0.210265 -0.570701 0
-0.168881 -0.567606 0
-0.164548 -0.279588 0
-0.145281 -0.290653 0
-0.136326 -0.267419 0
-0.154721 -0.317189 0
-0.135664 -0.326442 0
-0.125093 -0.300539 0
-0.182657 -0.336246 0
-0.155039 -0.317242 0
-0.17329 -0.306536 0
-0.18261 -0.336379 0
-0.159278 -0.34608 0
-0.154992 -0.317374 0
-0.13566 -0.356018 0
-0.111692 -0.366401 0
-0.108578 -0.33468 0
-0.201477 -0.286948 0
-0.215554 -0.312382 0
-0.173555 -0.306355 0
-0.188432 -0.263707 0
-0.201359 -0.286695 0
-0.164909 -0.279564 0
-0.194815 -0.228238 0
-0.205945 -0.249344 0
-0.176501 -0.242674 0
-0.194966 -0.22821 0
-0.222381 -0.233994 0
-0.206098 -0.249316 0
-0.248839 -0.242963 0
-0.263587 -0.227906 0
-0.269393 -0.26077 0
-0.234116 -0.258106 0
-0.24874 -0.243064 0
-0.269296 -0.260871 0
-0.233959 -0.258016 0
-0.222654 -0.234073 0
-0.248584 -0.242974 0
-0.218442 -0.273093 0
-0.233937 -0.258286 0
-0.246419 -0.28471 0
-0.215851 -0.312264 0
-0.218381 -0.273274 0
-0.246358 -0.284891 0
-0.201537 -0.286674 0
-0.188612 -0.263686 0
-0.218141 -0.273118 0
-0.236755 -0.21931 0
-0.212271 -0.212094 0
-0.228101 -0.194971 0
-0.218307 -0.272975 0
-0.206214 -0.249547 0
-0.233803 -0.258168 0
-0.194988 -0.228083 0
-0.212113 -0.212255 0
-0.222403 -0.233869 0
-0.215683 -0.312662 0
-0.230976 -0.340749 0
-0.183052 -0.336346 0
-0.156885 -0.255895 0
-0.188284 -0.263603 0
-0.164761 -0.27946 0
-0.26954 -0.26075 0
-0.263734 -0.227886 0
-0.292534 -0.237103 0
-0.324228 -0.247461 0
-0.302874 -0.269491 0
-0.292848 -0.237198 0
-0.246589 -0.284669 0
-0.234109 -0.258246 0
-0.269288 -0.261011 0
-0.215993 -0.312402 0
-0.246498 -0.285028 0
-0.260201 -0.314179 0
-0.205922 -0.249462 0
-0.188488 -0.26346 0
-0.176478 -0.242795 0
-0.233817 -0.258038 0
-0.206227 -0.249417 0
-0.222511 -0.234095 0
-0.218156 -0.272993 0
-0.188627 -0.263561 0
-0.206061 -0.249565 0
-0.154834 -0.317341 0
-0.159122 -0.346047 0
-0.135778 -0.326595 0
-0.322633 -0.617898 0
-0.344592 -0.679539 0
-0.276004 -0.668567 0
-0.271314 -0.518366 0
-0.229898 -0.495854 0
-0.252832 -0.473187 0
-0.329409 -0.530954 0
-0.271826 -0.518526 0
-0.306701 -0.485862 0
-0.243938 -0.547396 0
-0.229869 -0.496103 0
-0.271284 -0.518615 0
-0.35439 -0.581221 0
-0.380829 -0.63514 0
-0.323015 -0.617457 0
-0.362289 -0.495181 0
-0.329713 -0.530875 0
-0.307005 -0.485784 0
-0.42962 -0.498313 0
-0.362919 -0.494984 0
-0.39573 -0.459518 0
-0.391759 -0.539374 0
-0.329996 -0.531055 0
-0.362574 -0.495361 0
-0.451099 -0.750728 0
-0.394608 -0.823091 0
-0.36915 -0.748495 0
-0.510459 -0.909633 0
-0.422543 -0.906267 0
-0.478447 -0.828991 0
-0.344447 -0.67997 0
-0.279685 -0.746771 0
-0.275861 -0.669 0
-0.451151 -0.7503 0
-0.369201 -0.748067 0
-0.409997 -0.695419 0
-0.39411 -0.823334 0
-0.303089 -0.822944 0
-0.368654 -0.748737 0
-0.257146 -1.00326 0
-0.242988 -0.910373 0
-0.331963 -0.904753 0
-0.242064 -0.910398 0
-0.160641 -1.007 0
-0.152479 -0.909012 0
-0.269634 -0.261073 0
-0.302654 -0.269719 0
-0.28152 -0.291776 0
-0.33302 -0.904141 0
-0.394389 -0.824132 0
-0.42167 -0.906233 0
-0.257514 -1.00356 0
-0.332336 -0.905056 0
-0.353498 -1.00033 0
-0.302969 -0.823465 0
-0.393989 -0.823853 0
-0.332623 -0.903864 0
-0.222663 -0.233944 0
-0.236857 -0.219545 0
-0.248594 -0.242845 0
-0.205151 -0.360612 0
-0.24767 -0.372114 0
-0.219716 -0.394065 0
-0.164859 -0.279706 0
-0.201308 -0.286838 0
-0.173385 -0.306245 0
-0.302691 -0.269536 0
-0.269671 -0.26089 0
-0.292664 -0.237243 0
-0.342086 -0.288401 0
-0.30304 -0.269663 0
-0.324392 -0.247633 0
-0.325386 -0.319246 0
-0.320379 -0.350999 0
-0.275806 -0.346606 0
-0.34209 -0.28864 0
-0.32555 -0.31878 0
-0.303044 -0.269901 0
-0.34236 -0.2888 0
-0.383608 -0.317459 0
-0.325821 -0.31894 0
-0.231433 -0.340789 0
-0.260348 -0.31448 0
-0.275292 -0.346556 0
-0.215702 -0.312271 0
-0.201628 -0.286837 0
-0.21823 -0.273281 0
-0.252054 -0.202692 0
-0.236888 -0.21928 0
-0.228232 -0.194941 0
-1.03105 -0.582703 0
-1.03538 -0.680927 0
-0.90152 -0.652833 0
-0.332886 -0.904732 0
-0.421534 -0.906822 0
-0.35405 -1.00001 0
-0.291545 -0.194177 0
-0.266277 -0.184732 0
-0.280133 -0.163609 0
-0.393996 -0.133638 0
-0.360867 -0.122763 0
-0.401084 -0.108084 0
-0.404055 -0.199634 0
-0.387262 -0.159728 0
-0.425262 -0.167536 0
-0.280282 -0.163544 0
-0.310555 -0.165403 0
-0.291693 -0.194112 0
-0.255908 -0.156864 0
-0.280014 -0.163483 0
-0.266157 -0.184607 0
-0.292889 -0.141061 0
-0.310559 -0.165225 0
-0.280287 -0.163366 0
-0.360487 -0.122846 0
-0.351462 -0.146537 0
-0.330118 -0.119799 0
-0.34235 -0.170523 0
-0.310862 -0.165267 0
-0.321202 -0.146514 0
-0.403866 -0.199706 0
-0.368759 -0.189156 0
-0.387072 -0.159801 0
-0.278301 -0.211713 0
-0.292564 -0.236938 0
-0.263764 -0.227722 0
-0.25231 -0.202776 0
-0.278167 -0.211598 0
-0.263628 -0.227608 0
-0.291717 -0.194405 0
-0.31929 -0.204904 0
-0.278485 -0.211494 0
-0.342344 -0.170718 0
-0.319566 -0.204671 0
-0.310856 -0.165462 0
-0.349752 -0.216746 0
-0.324473 -0.247178 0
-0.319637 -0.205098 0
-0.36843 -0.189249 0
-0.349975 -0.216438 0
-0.342638 -0.170837 0
-0.386868 -0.159703 0
-0.368553 -0.189059 0
-0.342763 -0.170646 0
-0.403853 -0.19994 0
-0.383119 -0.229437 0
-0.368745 -0.18939 0
-0.382907 -0.229726 0
-0.358951 -0.258661 0
-0.350079 -0.216866 0
-0.291825 -0.194251 0
-0.310685 -0.165541 0
-0.319397 -0.20475 0
-0.292749 -0.236862 0
-0.278488 -0.211636 0
-0.319293 -0.205047 0
-0.266033 -0.184649 0
-0.242828 -0.176295 0
-0.255784 -0.156906 0
-0.278306 -0.211427 0
-0.26627 -0.184893 0
-0.291539 -0.194337 0
-0.2522 -0.202516 0
-0.242815 -0.17645 0
-0.266021 -0.184802 0
-0.280142 -0.163269 0
-0.26743 -0.136303 0
-0.292745 -0.140963 0
-0.958371 -0.557086 0
-1.03079 -0.582289 0
-0.901261 -0.652414 0
-0.885136 -0.572252 0
-0.957882 -0.557052 0
-0.900774 -0.652377 0
-0.822461 -0.642795 0
-0.807884 -0.555657 0
-0.884372 -0.572215 0
-0.837904 -0.737102 0
-0.822615 -0.643674 0
-0.900163 -0.653219 0
-0.837089 -0.73742 0
-0.731144 -0.741252 0
-0.748339 -0.649953 0
-0.870293 -0.495584 0
-0.937391 -0.45333 0
-0.957956 -0.55613 0
-0.808041 -0.555164 0
-0.869615 -0.495974 0
-0.88453 -0.571722 0
-0.855989 -0.424125 0
-0.937049 -0.45289 0
-0.86995 -0.495139 0
-0.937915 -0.453292 0
-1.0265 -0.48368 0
-0.958479 -0.556089 0
-0.302361 -0.117136 0
-0.329822 -0.119779 0
-0.321131 -0.146183 0
-0.292998 -0.140843 0
-0.302237 -0.117207 0
-0.321008 -0.146254 0
-0.310696 -0.165168 0
-0.293026 -0.141004 0
-0.321036 -0.146415 0
-0.267421 -0.136139 0
-0.277184 -0.114962 0
-0.292734 -0.140801 0
-0.277275 -0.114737 0
-0.285346 -0.0928587 0
-0.302066 -0.116941 0
-1.02671 -0.483108 0
-0.938129 -0.452724 0
-1.02254 -0.386212 0
-0.652331 -0.113041 0
-0.612685 -0.0816139 0
-0.677729 -0.0735694 0
-0.653554 -0.18986 0
-0.628168 -0.151978 0
-0.690143 -0.158821 0
-0.618242 -0.219647 0
-0.567115 -0.197071 0
-0.57327 -0.158387 0
-0.449801 -0.0856378 0
-0.438462 -0.112895 0
-0.411143 -0.0816872 0
-0.5068 -0.0613247 0
-0.450199 -0.0853864 0
-0.461689 -0.058147 0
-0.479509 -0.118721 0
-0.438692 -0.113019 0
-0.45003 -0.0857622 0
-0.521033 -0.171591 0
-0.480049 -0.119 0
-0.529289 -0.11054 0
-0.474674 -0.160497 0
-0.438775 -0.11327 0
-0.479591 -0.118972 0
-0.48587 -0.224427 0
-0.474969 -0.161046 0
-0.520872 -0.172113 0
-0.425668 -0.167251 0
-0.438592 -0.113432 0
-0.474493 -0.160659 0
-0.557306 -0.0393761 0
-0.509779 -0.000132451 0
-0.559829 -0.000132509 0
-0.480002 -0.118631 0
-0.507124 -0.06161 0
-0.529243 -0.110171 0
-0.386409 0.0201865 0
-0.386409 -0.0201867 0
-0.355068 -2.16726e-07 0
-0.461311 0.057905 0
-0.422948 0.0194144 0
-0.42088 0.0550893 0
-0.423097 -0.0190369 0
-0.463325 0.0175765 0
-0.463325 -0.0177043 0
-0.479736 -0.118548 0
-0.450259 -0.0855892 0
-0.50686 -0.0615273 0
-0.410763 -0.0816631 0
-0.401181 -0.107779 0
-0.373342 -0.0835749 0
-0.461401 -0.0581268 0
-0.449911 -0.0853666 0
-0.42097 -0.055311 0
-0.4383 -0.11297 0
-0.401399 -0.107877 0
-0.410981 -0.081762 0
-0.404243 -0.199807 0
-0.425448 -0.16771 0
-0.442833 -0.21153 0
-0.408557 -0.257891 0
-0.404185 -0.20011 0
-0.442776 -0.211833 0
-0.382939 -0.229493 0
-0.350111 -0.216634 0
-0.368564 -0.189446 0
-0.291859 -0.0701215 0
-0.317933 -0.070802 0
-0.309949 -0.0956141 0
-0.291814 -0.0699579 0
-0.296364 -0.0470863 0
-0.317887 -0.0706394 0
-1.01851 -0.288666 0
-0.93142 -0.359461 0
-0.924568 -0.268216 0
-0.321296 -0.146282 0
-0.329986 -0.119878 0
-0.35133 -0.146615 0
-0.285421 -0.0926384 0
-0.291751 -0.0701943 0
-0.30984 -0.0956868 0
-0.310101 -0.0957114 0
-0.318084 -0.0709003 0
-0.337189 -0.0992399 0
-0.329901 -0.119551 0
-0.310141 -0.0958748 0
-0.337229 -0.0994029 0
-0.302175 -0.116878 0
-0.285455 -0.092796 0
-0.309875 -0.0958434 0
-0.924851 -0.267656 0
-1.01595 -0.192517 0
-1.0188 -0.288105 0
-1.02249 -0.385254 0
-0.93175 -0.359856 0
-1.01884 -0.289055 0
-0.836783 -0.252861 0
-0.838712 -0.16951 0
-0.921123 -0.183295 0
-0.325789 7.53647e-05 0
-0.300169 7.55679e-05 0
-0.324954 0.0224066 0
-0.337397 -0.0994931 0
-0.360439 -0.122688 0
-0.330071 -0.119641 0
-0.302324 -0.116968 0
-0.310024 -0.0959339 0
-0.329784 -0.11961 0
-0.34322 -0.0785632 0
-0.372903 -0.0835357 0
-0.337483 -0.0992244 0
-0.373174 -0.0837125 0
-0.401014 -0.107916 0
-0.360796 -0.122596 0
-0.351742 -0.0506161 0
-0.38409 -0.0527923 0
-0.373087 -0.0832875 0
-0.318145 -0.0706731 0
-0.322471 -0.0487557 0
-0.342986 -0.0783517 0
-0.354109 -0.0217168 0
-0.384026 -0.052586 0
-0.351678 -0.0504093 0
-0.384287 -0.0528961 0
-0.410706 -0.0814791 0
-0.373285 -0.0833907 0
-0.422961 -0.0189137 0
-0.422962 0.0190322 0
-0.46319 0.0176998 0
-0.420801 -0.0553895 0
-0.449742 -0.0854449 0
-0.411084 -0.0814942 0
-0.438324 -0.113342 0
-0.425399 -0.167161 0
-0.394336 -0.133804 0
-0.921386 -0.18275 0
-0.838976 -0.168964 0
-0.915514 -0.0903068 0
-0.924525 -0.267302 0
-0.922008 -0.18342 0
-1.01563 -0.192168 0
-0.923928 -0.267509 0
-0.837071 -0.253192 0
-0.921407 -0.183623 0
-0.299144 -0.0236992 0
-0.322252 -0.048493 0
-0.296403 -0.0468573 0
-0.300083 -7.83108e-05 0
-0.325702 -7.77994e-05 0
-0.299167 -0.0233802 0
-0.353912 -0.021628 0
-0.351481 -0.0503212 0
-0.32523 -0.0262316 0
-0.325785 -0.000165046 0
-0.324962 -0.0260698 0
-0.299251 -0.0234675 0
-0.353952 0.0289977 0
-0.354754 0.0001717 0
-0.325231 0.0225029 0
-0.353826 -0.0214599 0
-0.325145 -0.026063 0
-0.325968 -0.000159079 0
-0.354757 -7.19396e-05 0
-0.353926 -0.0213728 0
-0.326068 -7.18427e-05 0
-0.386301 0.0203514 0
-0.354959 0.000165032 0
-0.354157 0.0289903 0
-0.384143 0.0525108 0
-0.386399 0.0205268 0
-0.354255 0.0291661 0
-0.404139 0.000989155 0
-0.422643 -0.0191014 0
-0.386695 -0.0203144 0
-0.422643 0.0191085 0
-0.404139 0.00125281 0
-0.386695 0.0203218 0
-0.422764 0.0189767 0
-0.422763 -0.0189696 0
-0.40426 0.00112097 0
-0.386301 -0.0203263 0
-0.354128 -0.0214404 0
-0.354959 -0.000140118 0
-0.384446 -0.0528017 0
-0.420582 -0.0552798 0
-0.410865 -0.0813849 0
-0.343267 -0.0784004 0
-0.351605 -0.0507021 0
-0.37295 -0.0833734 0
-0.386621 -0.0206144 0
-0.420501 -0.0550761 0
-0.384365 -0.0525977 0
-0.762635 -0.158231 0
-0.749009 -0.0786815 0
-0.827123 -0.0840861 0
-0.758711 -0.236887 0
-0.762705 -0.159047 0
-0.837921 -0.169375 0
-0.748965 -0.0781808 0
-0.749514 -0.00901021 0
-0.82708 -0.0835867 0
-0.690908 -0.158471 0
-0.74855 -0.0789304 0
-0.76218 -0.158482 0
-0.652055 -0.113427 0
-0.627794 -0.151589 0
-0.580034 -0.119107 0
-0.690305 -0.158303 0
-0.652591 -0.113298 0
-0.677988 -0.0738267 0
-0.690139 -0.158565 0
-0.628164 -0.151722 0
-0.652424 -0.113559 0
-0.322314 0.0486505 0
-0.296465 0.0470151 0
-0.317948 0.0705671 0
-0.915459 0.0894233 0
-0.915258 0.00369002 0
-0.828191 0.0836042 0
-1.01409 -0.095514 0
-0.916408 -0.0894516 0
-1.01346 -0.000616093 0
-0.827276 0.00616563 0
-0.749515 -0.00818737 0
-0.748964 0.0778624 0
-0.914966 0.00341092 0
-0.828093 0.00622313 0
-0.827896 0.0833245 0
-0.914966 0.0028547 0
-0.827895 -0.083264 0
-0.828093 0.00566428 0
-0.83866 -0.168632 0
-0.827933 -0.0841594 0
-0.915202 -0.0899767 0
-0.838151 -0.168864 0
-0.762936 -0.158535 0
-0.827421 -0.0843884 0
-1.01378 -0.0961227 0
-0.921971 -0.182503 0
-0.916102 -0.0900643 0
-0.836241 -0.253043 0
-0.758959 -0.237203 0
-0.838166 -0.16969 0
-0.616416 0.0560074 0
-0.678813 0.0624725 0
-0.61615 0.013164 0
-0.599548 0.169656 0
-0.631667 0.140462 0
-0.576346 0.132614 0
-0.624606 0.208831 0
-0.693464 0.14932 0
-0.632142 0.140649 0
-0.703668 -0.292454 0
-0.717864 -0.363874 0
-0.657064 -0.339448 0
-0.836021 -0.253523 0
-0.772593 -0.312551 0
-0.758739 -0.237683 0
-0.847772 -0.336183 0
-0.855393 -0.423404 0
-0.781371 -0.39653 0
-0.277299 -0.114899 0
-0.302091 -0.117101 0
-0.292851 -0.140738 0
-0.479866 -0.119168 0
-0.520852 -0.17176 0
-0.47495 -0.160693 0
-0.704054 -0.292366 0
-0.772017 -0.313104 0
-0.718249 -0.363785 0
-0.641524 -0.273099 0
-0.703412 -0.29215 0
-0.656807 -0.339143 0
-0.585066 -0.336096 0
-0.641125 -0.273246 0
-0.65641 -0.339291 0
-0.618856 -0.220145 0
-0.682786 -0.23172 0
-0.641327 -0.272499 0
-0.68346 -0.231843 0
-0.757999 -0.23754 0
-0.70389 -0.291672 0
-0.762212 -0.159012 0
-0.758218 -0.236853 0
-0.690941 -0.159002 0
-0.836319 -0.253849 0
-0.847681 -0.335337 0
-0.772892 -0.31288 0
-0.342474 -0.170889 0
-0.349812 -0.21649 0
-0.319698 -0.204842 0
-0.485524 -0.224934 0
-0.448815 -0.27273 0
-0.443183 -0.211966 0
-0.474708 -0.161179 0
-0.48561 -0.22456 0
-0.44327 -0.211591 0
-0.532541 -0.239427 0
-0.492711 -0.289021 0
-0.485969 -0.225081 0
-0.521064 -0.172374 0
-0.532636 -0.239036 0
-0.486064 -0.224689 0
-0.530937 -0.317835 0
-0.496968 -0.352627 0
-0.492744 -0.28971 0
-0.275452 -0.346887 0
-0.291714 -0.382194 0
-0.248146 -0.372028 0
-0.215943 -0.312589 0
-0.260149 -0.314366 0
-0.231234 -0.340675 0
-0.408358 -0.257951 0
-0.383253 -0.229668 0
-0.403985 -0.20017 0
-0.416727 -0.34331 0
-0.392886 -0.381736 0
-0.364761 -0.361812 0
-0.416133 -0.295524 0
-0.41687 -0.342874 0
-0.384158 -0.317562 0
-0.454574 -0.316544 0
-0.462674 -0.387837 0
-0.417261 -0.343179 0
-0.359147 -0.2588 0
-0.383102 -0.229864 0
-0.408209 -0.258148 0
-0.281333 -0.291826 0
-0.246748 -0.284782 0
-0.269446 -0.261124 0
-0.292903 -0.236982 0
-0.319445 -0.205166 0
-0.324283 -0.247245 0
-0.41632 -0.295093 0
-0.408618 -0.258414 0
-0.44847 -0.273121 0
-0.370888 -0.287248 0
-0.383759 -0.317353 0
-0.342512 -0.288694 0
-0.408168 -0.25834 0
-0.371025 -0.286951 0
-0.359107 -0.258991 0
-0.41598 -0.295337 0
-0.384004 -0.317375 0
-0.371135 -0.28727 0
-0.454525 -0.316001 0
-0.416475 -0.295286 0
-0.448623 -0.273314 0
-0.454419 -0.316235 0
-0.417105 -0.342869 0
-0.416369 -0.295519 0
-0.492328 -0.289438 0
-0.454779 -0.315982 0
-0.448878 -0.273294 0
-0.496615 -0.352951 0
-0.462939 -0.387869 0
-0.454841 -0.316577 0
-0.364216 -0.361629 0
-0.320676 -0.351049 0
-0.325684 -0.319296 0
-0.364426 -0.361517 0
-0.325896 -0.319184 0
-0.38368 -0.317703 0
-0.344546 -0.39548 0
-0.32074 -0.351305 0
-0.364278 -0.361885 0
-0.275458 -0.346393 0
-0.260516 -0.314317 0
-0.281397 -0.29221 0
-0.371216 -0.287072 0
-0.408358 -0.258461 0
-0.416062 -0.29514 0
-0.32458 -0.247597 0
-0.358731 -0.25896 0
-0.342272 -0.288366 0
-0.324605 -0.247357 0
-0.349882 -0.216926 0
-0.358756 -0.25872 0
-0.442924 -0.212077 0
-0.448558 -0.272842 0
-0.408707 -0.258136 0
-0.492488 -0.289704 0
-0.496714 -0.352622 0
-0.45494 -0.316248 0
-0.30949 -0.421442 0
-0.249862 -0.421347 0
-0.291832 -0.382607 0
-0.252074 -0.202548 0
-0.228253 -0.194795 0
-0.24269 -0.176483 0
-0.255913 -0.156701 0
-0.267307 -0.136355 0
-0.280018 -0.163321 0
-0.236736 -0.219441 0
-0.222542 -0.233842 0
-0.212251 -0.212227 0
-0.263491 -0.227633 0
-0.237006 -0.21939 0
-0.252172 -0.202803 0
-0.263479 -0.227768 0
-0.24873 -0.242825 0
-0.236994 -0.219524 0
-0.351592 -0.146829 0
-0.386811 -0.159561 0
-0.342706 -0.170505 0
-0.321338 -0.146452 0
-0.351373 -0.146785 0
-0.342486 -0.170461 0
-0.3607 -0.122893 0
-0.39383 -0.133767 0
-0.351676 -0.146584 0
-0.21549 -0.312548 0
-0.182858 -0.33623 0
-0.173494 -0.30652 0
-0.231392 -0.340982 0
-0.27525 -0.346749 0
-0.247943 -0.37189 0
-0.252319 -0.202633 0
-0.266139 -0.184921 0
-0.278175 -0.211455 0
-0.281302 -0.292004 0
-0.260419 -0.31411 0
-0.246718 -0.28496 0
-0.325349 -0.318791 0
-0.281707 -0.291969 0
-0.30284 -0.269912 0
-0.325257 -0.319048 0
-0.275675 -0.346409 0
-0.281616 -0.292226 0
-0.291626 -0.382442 0
-0.249656 -0.421182 0
-0.24806 -0.372277 0
-0.285421 0.0926384 0
-0.30984 0.0956868 0
-0.291751 0.0701943 0
-1.01593 -0.191595 0
-0.922307 -0.182846 0
-1.01411 -0.0964618 0
-0.678272 -0.0729842 0
-0.679141 -0.0110113 0
-0.748785 -0.00874902 0
-0.690624 -0.158186 0
-0.67831 -0.0737106 0
-0.74827 -0.0786461 0
-0.612556 -0.0813506 0
-0.614143 -0.0346219 0
-0.677602 -0.0733065 0
-0.748287 0.0785775 0
-0.679513 0.0630009 0
-0.694034 0.148624 0
-0.827115 0.0841107 0
-0.749 0.0787056 0
-0.759957 0.165724 0
-0.827342 0.0835769 0
-0.827536 0.00647334 0
-0.749228 0.0781706 0
-0.74847 0.0780522 0
-0.749019 -0.00799896 0
-0.679698 0.062475 0
-0.915196 0.0899934 0
-0.827927 0.0841765 0
-0.836786 0.173872 0
-0.749779 -0.0087289 0
-0.827538 0.00562558 0
-0.827341 -0.0833051 0
-0.6787 -0.0104866 0
-0.61636 0.0129408 0
-0.67902 0.0622493 0
-0.748467 -0.0781458 0
-0.678506 -0.0732096 0
-0.749016 -0.00897424 0
-0.614158 -0.0340984 0
-0.616142 0.0126173 0
-0.678484 -0.0108098 0
-0.677822 -0.0730707 0
-0.614366 -0.0343861 0
-0.678689 -0.0110973 0
-0.611959 -0.081388 0
-0.555404 -0.0791651 0
-0.557633 -0.0399121 0
-0.579441 -0.119117 0
-0.573015 -0.157761 0
-0.529796 -0.110494 0
-0.757955 -0.237096 0
-0.683415 -0.231398 0
-0.690675 -0.159244 0
-0.485688 -0.225193 0
-0.492432 -0.289134 0
-0.448981 -0.27299 0
-0.584373 -0.255058 0
-0.533118 -0.239221 0
-0.566867 -0.19746 0
-0.55713 -0.287056 0
-0.531139 -0.317615 0
-0.492946 -0.28949 0
-0.584341 -0.255357 0
-0.557442 -0.28668 0
-0.533087 -0.239521 0
-0.584513 -0.25568 0
-0.584546 -0.335862 0
-0.557615 -0.287004 0
-0.679144 -0.0105578 0
-0.679464 0.0621775 0
-0.748788 -0.00829623 0
-0.560373 -7.20414e-05 0
-0.615746 0.0126535 0
-0.613762 -0.0340625 0
-0.557655 -0.0394904 0
-0.560177 -0.000247049 0
-0.613568 -0.0342375 0
-0.612154 -0.0812382 0
-0.55783 -0.0397622 0
-0.613742 -0.0345091 0
-0.555054 -0.0790975 0
-0.507471 -0.0612426 0
-0.557283 -0.0398443 0
-0.509116 0.0452392 0
-0.50422 0.0771934 0
-0.554882 0.0791685 0
-0.557289 0.0397896 0
-0.509294 0.0451136 0
-0.55506 0.079043 0
-0.509296 0.000209156 0
-0.463766 0.0178496 0
-0.508828 0.0447767 0
-0.557137 0.0395255 0
-0.509609 0.000282103 0
-0.509141 0.0448493 0
-0.525215 0.125051 0
-0.504038 0.0775383 0
-0.484403 0.102461 0
-0.595496 0.0949454 0
-0.555411 0.0795185 0
-0.576076 0.13216 0
-0.557306 0.0393754 0
-0.559829 0.000131738 0
-0.509779 0.000132049 0
-0.615808 0.0561521 0
-0.557647 0.0398267 0
-0.555417 0.0790799 0
-0.61601 0.0559307 0
-0.615745 0.013087 0
-0.557849 0.0396052 0
-0.678746 0.0627456 0
-0.616349 0.0562808 0
-0.596043 0.0946354 0
-0.615558 0.0129 0
-0.560184 0.000174622 0
-0.557662 0.0394181 0
-0.930624 0.360141 0
-0.845458 0.34047 0
-0.85886 0.419325 0
-1.01884 0.289055 0
-0.931751 0.359856 0
-1.02249 0.385254 0
-0.923987 0.268385 0
-0.845675 0.339964 0
-0.930842 0.359633 0
-1.01595 0.192516 0
-0.924851 0.267655 0
-1.0188 0.288104 0
-0.921125 0.183296 0
-0.836845 0.174733 0
-0.839025 0.247781 0
-0.688453 0.222555 0
-0.754411 0.244091 0
-0.759512 0.166741 0
-0.624794 0.209106 0
-0.687799 0.222381 0
-0.693649 0.149594 0
-0.634907 0.282909 0
-0.584993 0.336183 0
-0.642643 0.356097 0
-0.687849 0.223128 0
-0.635438 0.282343 0
-0.698338 0.299834 0
-0.62398 0.209452 0
-0.560562 0.20953 0
-0.577562 0.266022 0
-0.536313 0.371876 0
-0.604223 0.409923 0
-0.584534 0.33666 0
-0.768208 0.319795 0
-0.713044 0.371395 0
-0.780631 0.3963 0
-0.698445 0.300576 0
-0.643281 0.356273 0
-0.712352 0.371196 0
-0.754475 0.244859 0
-0.699004 0.300029 0
-0.768074 0.31905 0
-0.687603 0.222825 0
-0.624598 0.20955 0
-0.635189 0.28204 0
-0.317892 0.0708009 0
-0.291859 0.0701215 0
-0.309949 0.095614 0
-0.359844 0.128036 0
-0.330119 0.119836 0
-0.352388 0.152373 0
-0.385903 0.151408 0
-0.360031 0.128142 0
-0.352576 0.152479 0
-0.367511 0.103452 0
-0.337521 0.0994558 0
-0.359918 0.127805 0
-0.375756 0.0781018 0
-0.347584 0.0717478 0
-0.367597 0.103193 0
-0.292715 0.140797 0
-0.277184 0.114962 0
-0.267421 0.136139 0
-0.329822 0.119779 0
-0.302361 0.117136 0
-0.321134 0.146183 0
-0.329785 0.11961 0
-0.310024 0.0959339 0
-0.302324 0.116967 0
-0.318044 0.0708992 0
-0.310101 0.0957114 0
-0.337189 0.0992397 0
-0.285346 0.0928587 0
-0.277275 0.114737 0
-0.302066 0.11694 0
-0.915879 0.00281381 0
-1.01313 -0.000286463 0
-0.916077 -0.0891205 0
-0.82819 -0.0835836 0
-0.915257 0.00253585 0
-0.915459 -0.0894032 0
-0.916077 0.0891406 0
-1.01313 0.000306378 0
-0.91588 0.00341174 0
-0.329989 0.119897 0
-0.321302 0.146301 0
-0.352259 0.152434 0
-0.310141 0.0958748 0
-0.329902 0.119551 0
-0.337229 0.0994028 0
-0.309875 0.0958433 0
-0.285455 0.092796 0
-0.302175 0.116878 0
-0.26743 0.136303 0
-0.280142 0.163269 0
-0.292725 0.140959 0
-0.922308 0.182845 0
-1.01593 0.191594 0
-1.01411 0.096461 0
-0.916102 0.0900635 0
-0.921971 0.182503 0
-1.01378 0.0961218 0
-1.01346 0.000615295 0
-0.916408 0.0894508 0
-1.01409 0.0955132 0
-0.759513 0.165943 0
-0.748553 0.0789226 0
-0.694304 0.14897 0
-0.839063 0.248617 0
-0.845366 0.339589 0
-0.92368 0.268014 0
-0.280018 0.16332 0
-0.267307 0.136355 0
-0.255913 0.156701 0
-0.252201 0.202515 0
-0.26602 0.184802 0
-0.242815 0.17645 0
-0.525578 0.125466 0
-0.521342 0.171686 0
-0.57573 0.13257 0
-0.555176 0.0796198 0
-0.525692 0.125157 0
-0.575843 0.132262 0
-0.484303 0.102653 0
-0.474219 0.134689 0
-0.525115 0.125242 0
-0.525238 0.125474 0
-0.474342 0.13492 0
-0.521002 0.171694 0
-0.461793 0.0582563 0
-0.48419 0.102237 0
-0.503826 0.0773141 0
-0.46159 0.0583167 0
-0.443532 0.0953372 0
-0.483988 0.102298 0
-0.432421 0.130588 0
-0.425628 0.16736 0
-0.467625 0.176097 0
-0.281334 0.291828 0
-0.269446 0.261123 0
-0.246748 0.284781 0
-0.319293 0.204905 0
-0.29172 0.194405 0
-0.278485 0.211494 0
-0.340905 0.22659 0
-0.31961 0.205132 0
-0.324443 0.247209 0
-0.357605 0.205689 0
-0.336323 0.179824 0
-0.319707 0.204837 0
-0.263585 0.227905 0
-0.248839 0.242962 0
-0.269393 0.260769 0
-0.278302 0.211712 0
-0.263762 0.227721 0
-0.292562 0.236937 0
-0.319296 0.205048 0
-0.278489 0.211636 0
-0.292748 0.236861 0
-0.291542 0.194338 0
-0.26627 0.184892 0
-0.278307 0.211427 0
-0.236858 0.219545 0
-0.222664 0.233944 0
-0.248593 0.242844 0
-0.252173 0.202802 0
-0.237007 0.21939 0
-0.263489 0.227632 0
-0.252055 0.202691 0
-0.228232 0.194941 0
-0.236889 0.21928 0
-0.459058 0.259713 0
-0.501737 0.27685 0
-0.485754 0.225107 0
-0.252074 0.202547 0
-0.24269 0.176483 0
-0.228253 0.194795 0
-0.409879 0.191548 0
-0.433571 0.2261 0
-0.467576 0.176497 0
-0.386311 0.151669 0
-0.409579 0.191269 0
-0.42528 0.167481 0
-0.394076 0.215486 0
-0.433326 0.226231 0
-0.409632 0.191679 0
-0.357991 0.205715 0
-0.393717 0.215368 0
-0.377717 0.176888 0
-0.352469 0.152735 0
-0.336499 0.179552 0
-0.377508 0.176591 0
-0.34119 0.226584 0
-0.371437 0.244569 0
-0.357794 0.205979 0
-0.319723 0.204993 0
-0.341017 0.226451 0
-0.357621 0.205846 0
-0.324536 0.247427 0
-0.347077 0.269927 0
-0.340997 0.226808 0
-0.371782 0.244708 0
-0.408287 0.258054 0
-0.393865 0.21577 0
-0.35797 0.205942 0
-0.371613 0.244533 0
-0.393697 0.215595 0
-0.302692 0.269534 0
-0.292663 0.237242 0
-0.269671 0.260889 0
-0.336171 0.179494 0
-0.321183 0.146544 0
-0.31084 0.165297 0
-0.275251 0.346749 0
-0.231395 0.340983 0
-0.247945 0.371889 0
-0.341399 0.387288 0
-0.385777 0.41581 0
-0.372848 0.353566 0
-0.292196 0.382284 0
-0.340932 0.387194 0
-0.32664 0.358951 0
-0.310109 0.42144 0
-0.385566 0.416038 0
-0.341189 0.387516 0
-0.260349 0.31448 0
-0.231436 0.34079 0
-0.275293 0.346556 0
-0.326493 0.358648 0
-0.313041 0.332418 0
-0.275787 0.346676 0
-0.246537 0.28499 0
-0.227423 0.301455 0
-0.26024 0.314142 0
-0.924525 0.267301 0
-1.01563 0.192168 0
-0.922008 0.18342 0
-0.838242 0.248469 0
-0.754943 0.244687 0
-0.76854 0.318876 0
-0.921416 0.183606 0
-0.839318 0.248093 0
-0.923935 0.267491 0
-0.836287 0.174936 0
-0.75517 0.244204 0
-0.838469 0.247986 0
-0.915507 0.0903235 0
-0.837101 0.174204 0
-0.921381 0.182767 0
-0.760009 0.166581 0
-0.754905 0.24393 0
-0.836025 0.174664 0
-0.827406 0.0844305 0
-0.760251 0.166045 0
-0.836268 0.174129 0
-0.694102 0.149451 0
-0.688249 0.222237 0
-0.759311 0.166424 0
-0.322596 0.0486657 0
-0.347352 0.0714734 0
-0.35145 0.0505628 0
-0.291814 0.0699579 0
-0.317846 0.0706382 0
-0.296363 0.0470863 0
-0.351679 0.0504348 0
-0.384026 0.052611 0
-0.354138 0.0292666 0
-0.325123 0.0226652 0
-0.32253 0.0484304 0
-0.353844 0.0291593 0
-0.34753 0.0715713 0
-0.375702 0.0779257 0
-0.351628 0.0506612 0
-0.337314 0.0991594 0
-0.34729 0.0717097 0
-0.318168 0.0708185 0
-0.33748 0.0992678 0
-0.367469 0.103264 0
-0.347455 0.0718189 0
-0.330069 0.119658 0
-0.359793 0.127859 0
-0.337396 0.0995104 0
-0.336517 0.179729 0
-0.357799 0.205595 0
-0.377526 0.176769 0
-0.321322 0.146501 0
-0.33631 0.179451 0
-0.35228 0.152634 0
-0.310833 0.165492 0
-0.319548 0.204702 0
-0.336166 0.179689 0
-0.293007 0.141 0
-0.310694 0.165167 0
-0.321039 0.146414 0
-0.291828 0.194251 0
-0.3194 0.204751 0
-0.310684 0.165541 0
-0.386262 0.151452 0
-0.425229 0.167264 0
-0.394699 0.126523 0
-0.360171 0.128055 0
-0.386043 0.151321 0
-0.394481 0.126391 0
-0.377865 0.176627 0
-0.40942 0.1913 0
-0.386152 0.1517 0
-0.319448 0.205167 0
-0.292902 0.236981 0
-0.324283 0.247244 0
-0.280282 0.163543 0
-0.291696 0.194113 0
-0.310554 0.165402 0
-0.280133 0.163609 0
-0.266277 0.184732 0
-0.291548 0.194178 0
-0.468122 0.176427 0
-0.485848 0.224478 0
-0.520849 0.172163 0
-0.432583 0.130479 0
-0.467786 0.175988 0
-0.473854 0.134951 0
-0.425552 0.167564 0
-0.409852 0.191352 0
-0.46755 0.1763 0
-0.324865 0.0224849 0
-0.30008 0.000153917 0
-0.299165 0.0234558 0
-0.296403 0.0468573 0
-0.322251 0.0484935 0
-0.299144 0.0236992 0
-0.325137 0.0224059 0
-0.354661 7.46305e-05 0
-0.325971 7.53524e-05 0
-0.423091 0.0192898 0
-0.461453 0.0577805 0
-0.463319 0.0179569 0
-0.376008 0.0779912 0
-0.406226 0.0889736 0
-0.384282 0.0529029 0
-0.351751 0.0505981 0
-0.375825 0.0778627 0
-0.384099 0.0527739 0
-0.367794 0.103251 0
-0.406171 0.0891421 0
-0.375952 0.0781602 0
-0.44332 0.0951798 0
-0.461379 0.058159 0
-0.420948 0.0553436 0
-0.39479 0.126191 0
-0.432114 0.13016 0
-0.406448 0.0893931 0
-0.432502 0.130209 0
-0.473772 0.134682 0
-0.4434 0.0956861 0
-0.318195 -0.0708426 0
-0.343036 -0.0785207 0
-0.337299 -0.0991824 0
-0.299239 -0.0236302 0
-0.32495 -0.0262318 0
-0.322347 -0.048424 0
-0.337541 -0.0993721 0
-0.372961 -0.0836834 0
-0.360583 -0.122568 0
-0.322582 -0.0486881 0
-0.351436 -0.0505854 0
-0.343098 -0.0782844 0
-0.296466 -0.0470151 0
-0.322315 -0.04865 0
-0.317989 -0.0705682 0
-0.325125 -0.026322 0
-0.351376 -0.0504113 0
-0.322523 -0.0485135 0
-0.354226 -0.0216164 0
-0.386399 -0.0205018 0
-0.384142 -0.0524857 0
-0.384365 0.0525975 0
-0.420501 0.0550757 0
-0.386621 0.0206142 0
-0.406573 0.0890396 0
-0.443136 0.0952834 0
-0.420764 0.0554472 0
-0.384431 0.0528268 0
-0.406375 0.0888974 0
-0.420567 0.0553046 0
-0.422698 0.0192887 0
-0.38675 0.0205023 0
-0.420629 0.054964 0
-0.322347 0.0484125 0
-0.32494 0.0226465 0
-0.299239 0.0236181 0
-0.34724 0.0715406 0
-0.322485 0.0487332 0
-0.318119 0.0706491 0
-0.351472 0.0504211 0
-0.353932 0.0292524 0
-0.322619 0.0485235 0
-0.367857 0.103412 0
-0.394574 0.126101 0
-0.406233 0.089303 0
-0.503908 0.0771227 0
-0.508804 0.0451682 0
-0.461876 0.0580646 0
-0.394164 -0.133959 0
-0.425229 -0.167316 0
-0.387229 -0.159508 0
-0.351764 -0.146706 0
-0.393918 -0.13389 0
-0.386983 -0.159438 0
-0.401343 -0.108051 0
-0.438244 -0.113144 0
-0.394255 -0.133606 0
-0.463599 -0.0180977 0
-0.506845 -0.0610993 0
-0.461734 -0.0579212 0
-0.579982 -0.118872 0
-0.612356 -0.0817658 0
-0.652003 -0.113193 0
-0.507377 -0.0614783 0
-0.554961 -0.079333 0
-0.529494 -0.110039 0
-0.507317 -0.0609783 0
-0.509602 -0.000336614 0
-0.55713 -0.0395802 0
-0.930937 0.360507 0
-0.859174 0.419695 0
-0.938821 0.450335 0
-1.01851 0.288666 0
-0.924568 0.268216 0
-0.931421 0.35946 0
-0.437531 0.285398 0
-0.458586 0.259853 0
-0.408724 0.258337 0
-0.403705 0.370757 0
-0.421356 0.405168 0
-0.443788 0.361026 0
-0.63469 0.282609 0
-0.57768 0.26669 0
-0.584774 0.335883 0
-0.532783 0.239623 0
-0.502195 0.277019 0
-0.548836 0.295821 0
-0.532573 0.239385 0
-0.486001 0.225039 0
-0.501983 0.276782 0
-0.577258 0.266123 0
-0.560256 0.20963 0
-0.533073 0.239298 0
-0.584488 0.335928 0
-0.577393 0.266735 0
-0.54926 0.296109 0
-0.634822 0.282186 0
-0.624228 0.209696 0
-0.577812 0.266266 0
-0.560069 0.209315 0
-0.521314 0.172322 0
-0.532884 0.238983 0
-0.549087 0.295785 0
-0.577221 0.266412 0
-0.533035 0.239587 0
-0.599179 0.169761 0
-0.575976 0.132719 0
-0.52159 0.171834 0
-0.624055 0.209131 0
-0.599469 0.170142 0
-0.560635 0.209208 0
-0.624292 0.2089 0
-0.631827 0.140717 0
-0.599709 0.169912 0
-0.228101 0.194971 0
-0.212271 0.212094 0
-0.236756 0.21931 0
-0.206097 0.249313 0
-0.222382 0.233993 0
-0.194966 0.22821 0
-0.269288 0.26101 0
-0.23411 0.258245 0
-0.246589 0.284668 0
-0.236995 0.219524 0
-0.24873 0.242823 0
-0.263477 0.227766 0
-0.222654 0.234073 0
-0.23396 0.258015 0
-0.248583 0.242973 0
-0.194988 0.228083 0
-0.222403 0.233868 0
-0.212113 0.212255 0
-0.206226 0.249413 0
-0.233819 0.258037 0
-0.222511 0.234094 0
-0.218447 0.273097 0
-0.24642 0.284708 0
-0.233939 0.258286 0
-0.186169 0.265226 0
-0.196607 0.290076 0
-0.21812 0.273137 0
-0.176469 0.2428 0
-0.186061 0.264989 0
-0.205913 0.249464 0
-0.176308 0.24282 0
-0.156918 0.255775 0
-0.185898 0.265008 0
-0.227282 0.301318 0
-0.246397 0.284853 0
-0.218424 0.273241 0
-0.196745 0.290197 0
-0.227117 0.301336 0
-0.218257 0.273259 0
-0.20829 0.31815 0
-0.231101 0.340652 0
-0.227197 0.301655 0
-0.176796 0.37979 0
-0.204735 0.360483 0
-0.165537 0.346986 0
-0.231274 0.340639 0
-0.260188 0.314329 0
-0.227372 0.301642 0
-0.186782 0.332498 0
-0.204911 0.360228 0
-0.208066 0.318318 0
-0.173485 0.306526 0
-0.186677 0.332318 0
-0.207962 0.318138 0
-0.165569 0.346828 0
-0.204769 0.360324 0
-0.186639 0.332594 0
-0.248147 0.372028 0
-0.291715 0.382193 0
-0.275453 0.346887 0
-0.205192 0.360436 0
-0.247711 0.371935 0
-0.231159 0.341029 0
-0.208216 0.318346 0
-0.205059 0.360256 0
-0.231027 0.340849 0
-0.176925 0.380137 0
-0.18912 0.416777 0
-0.219428 0.394282 0
-0.266238 0.406399 0
-0.309546 0.421391 0
-0.291889 0.382557 0
-0.204916 0.36064 0
-0.176977 0.379948 0
-0.219482 0.394093 0
-0.285779 0.444221 0
-0.318187 0.475278 0
-0.309699 0.421828 0
-0.26597 0.406639 0
-0.235883 0.431624 0
-0.285357 0.444024 0
-0.14128 0.355257 0
-0.176585 0.379772 0
-0.165323 0.346969 0
-0.143982 0.389126 0
-0.152405 0.425449 0
-0.188786 0.416911 0
-0.141209 0.355397 0
-0.143902 0.388768 0
-0.176512 0.379913 0
-0.126154 0.43971 0
-0.100493 0.453634 0
-0.129927 0.477871 0
-0.107909 0.402229 0
-0.126253 0.439363 0
-0.152076 0.425568 0
-0.107736 0.402322 0
-0.100419 0.453379 0
-0.12608 0.439457 0
-0.437728 0.285577 0
-0.467607 0.311687 0
-0.458783 0.260032 0
-0.371512 0.244965 0
-0.347345 0.270099 0
-0.374028 0.280587 0
-0.373923 0.280782 0
-0.34724 0.270294 0
-0.340175 0.303097 0
-0.408332 0.25852 0
-0.374344 0.280795 0
-0.404964 0.319012 0
-0.408221 0.258271 0
-0.371716 0.244925 0
-0.374232 0.280547 0
-0.275717 0.346842 0
-0.291977 0.382148 0
-0.326422 0.358815 0
-0.411709 0.479086 0
-0.35042 0.511924 0
-0.415204 0.529619 0
-0.458705 0.495884 0
-0.412073 0.479033 0
-0.415567 0.529565 0
-0.385656 0.41629 0
-0.3102 0.421693 0
-0.368076 0.462771 0
-0.253174 0.472871 0
-0.317997 0.475449 0
-0.285589 0.444392 0
-0.635288 0.282789 0
-0.643021 0.355976 0
-0.698188 0.300279 0
-0.443734 0.360739 0
-0.405181 0.319654 0
-0.40365 0.37047 0
-0.535602 0.371967 0
-0.488606 0.366323 0
-0.487714 0.407324 0
-0.467449 0.312136 0
-0.405396 0.319458 0
-0.443948 0.360543 0
-0.35029 0.512208 0
-0.372639 0.563471 0
-0.415072 0.529902 0
-0.408493 0.257993 0
-0.433322 0.226453 0
-0.394072 0.215709 0
-0.939367 0.450221 0
-1.02223 0.385796 0
-0.931485 0.360396 0
-0.278167 0.211598 0
-0.252311 0.202776 0
-0.263627 0.227606 0
-0.278176 0.211454 0
-0.266139 0.18492 0
-0.25232 0.202633 0
-0.280014 0.163483 0
-0.255908 0.156864 0
-0.266157 0.184607 0
-0.29287 0.141057 0
-0.280287 0.163365 0
-0.310558 0.165224 0
-0.302237 0.117207 0
-0.292978 0.140839 0
-0.32101 0.146254 0
-0.302091 0.117101 0
-0.277299 0.114899 0
-0.292832 0.140734 0
-0.255784 0.156906 0
-0.242828 0.176295 0
-0.266032 0.184648 0
-0.164881 0.279558 0
-0.196429 0.290097 0
-0.185989 0.265248 0
-0.136367 0.2673 0
-0.164585 0.279449 0
-0.156714 0.255907 0
-0.196711 0.290347 0
-0.208174 0.317981 0
-0.227083 0.301486 0
-0.206052 0.249567 0
-0.1862 0.26509 0
-0.218152 0.273001 0
-0.173517 0.306385 0
-0.207996 0.317997 0
-0.196531 0.290364 0
-0.145399 0.290761 0
-0.173202 0.306258 0
-0.164667 0.279697 0
-0.136326 0.267419 0
-0.145277 0.29063 0
-0.164545 0.279566 0
-0.121624 0.30058 0
-0.135656 0.326443 0
-0.154713 0.317191 0
-0.155055 0.317231 0
-0.1865 0.332315 0
-0.173306 0.306523 0
-0.173372 0.306257 0
-0.196387 0.290235 0
-0.164839 0.279696 0
-0.512777 0.908797 0
-0.451893 0.99751 0
-0.548983 0.995018 0
-0.647692 0.992672 0
-0.617674 0.922223 0
-0.549988 0.995046 0
-0.478037 0.82872 0
-0.390646 0.827005 0
-0.419918 0.907627 0
-0.617893 0.921218 0
-0.685293 0.848666 0
-0.577864 0.83835 0
-0.54954 0.994764 0
-0.617221 0.921941 0
-0.51333 0.908545 0
-0.648236 0.992436 0
-0.711771 0.924589 0
-0.618216 0.921988 0
-0.205944 0.249341 0
-0.194815 0.228238 0
-0.176501 0.242674 0
-0.156876 0.2559 0
-0.164749 0.279443 0
-0.185858 0.265131 0
-0.222543 0.233841 0
-0.236737 0.219441 0
-0.212251 0.212227 0
-0.218311 0.272978 0
-0.233804 0.258167 0
-0.206212 0.249544 0
-0.31282 0.332269 0
-0.260623 0.314451 0
-0.275566 0.346527 0
-0.346902 0.270237 0
-0.303008 0.269766 0
-0.309943 0.297212 0
-0.246718 0.284958 0
-0.26042 0.314111 0
-0.281304 0.292006 0
-0.121522 0.300327 0
-0.145061 0.290731 0
-0.114933 0.277285 0
-0.478447 0.828992 0
-0.420324 0.907899 0
-0.512433 0.907943 0
-0.100536 0.308365 0
-0.121299 0.300411 0
-0.0928314 0.285443 0
-0.372261 0.563575 0
-0.349912 0.512311 0
-0.30265 0.561049 0
-0.219718 0.394067 0
-0.247672 0.372113 0
-0.205154 0.360614 0
-0.20242 0.457921 0
-0.235349 0.431706 0
-0.18926 0.417162 0
-0.265792 0.406274 0
-0.247875 0.372267 0
-0.219922 0.39422 0
-0.302221 0.561484 0
-0.271006 0.588579 0
-0.322476 0.617236 0
-0.193057 0.535 0
-0.157066 0.517996 0
-0.168659 0.567447 0
-0.271241 0.518641 0
-0.216994 0.504164 0
-0.243871 0.547339 0
-0.202265 0.458327 0
-0.161681 0.466504 0
-0.216489 0.503692 0
-0.216336 0.50389 0
-0.16153 0.466703 0
-0.15712 0.517554 0
-0.26575 0.406472 0
-0.219881 0.394419 0
-0.235663 0.431458 0
-0.188981 0.417142 0
-0.152601 0.42568 0
-0.202144 0.457901 0
-0.161138 0.466356 0
-0.126358 0.439753 0
-0.13013 0.477914 0
-0.168275 0.56784 0
-0.126599 0.561632 0
-0.108996 0.609216 0
-0.201393 0.754535 0
-0.285992 0.743403 0
-0.203965 0.680808 0
-0.40871 0.25814 0
-0.458573 0.259656 0
-0.433538 0.226601 0
-0.340875 0.387403 0
-0.29214 0.382493 0
-0.309796 0.421328 0
-0.37265 0.353375 0
-0.326911 0.358854 0
-0.341201 0.387097 0
-0.40335 0.370767 0
-0.373056 0.353511 0
-0.385984 0.415755 0
-0.404837 0.31943 0
-0.371627 0.311187 0
-0.373012 0.35299 0
-0.312841 0.332086 0
-0.281525 0.292164 0
-0.260643 0.314269 0
-0.339902 0.303563 0
-0.313256 0.332273 0
-0.326707 0.358503 0
-0.339847 0.303359 0
-0.309954 0.297531 0
-0.313199 0.332068 0
-0.269296 0.26087 0
-0.24874 0.243063 0
-0.234117 0.258105 0
-0.302654 0.269718 0
-0.269634 0.261072 0
-0.281521 0.291778 0
-0.292533 0.237102 0
-0.263732 0.227885 0
-0.26954 0.260749 0
-0.248117 0.372227 0
-0.266032 0.406234 0
-0.291683 0.382392 0
-0.367984 0.46327 0
-0.318596 0.475642 0
-0.349951 0.511691 0
-0.302874 0.26949 0
-0.324228 0.24746 0
-0.292846 0.237196 0
-0.309724 0.297284 0
-0.302788 0.269839 0
-0.281656 0.2919 0
-0.313005 0.33203 0
-0.309759 0.297493 0
-0.281691 0.292108 0
-0.339961 0.303152 0
-0.347025 0.270349 0
-0.310067 0.297324 0
-0.346951 0.27007 0
-0.324409 0.24757 0
-0.303056 0.2696 0
-0.371414 0.310892 0
-0.374003 0.280918 0
-0.340256 0.303233 0
-0.372796 0.352936 0
-0.37141 0.311133 0
-0.340253 0.303474 0
-0.404842 0.319188 0
-0.374221 0.280971 0
-0.371631 0.310945 0
-0.371402 0.244784 0
-0.341154 0.226799 0
-0.347234 0.269918 0
-0.266218 0.406605 0
-0.285604 0.443991 0
-0.309525 0.421598 0
-0.30256 0.561401 0
-0.322815 0.617152 0
-0.37217 0.563926 0
-0.310548 0.515398 0
-0.271749 0.518724 0
-0.302184 0.56091 0
-0.318405 0.475816 0
-0.310863 0.51509 0
-0.34976 0.511865 0
-0.318142 0.475837 0
-0.271801 0.518438 0
-0.310601 0.515112 0
-0.270608 0.588954 0
-0.238529 0.617061 0
-0.266983 0.67362 0
-0.244154 0.547763 0
-0.270743 0.588346 0
-0.301958 0.561251 0
-0.243941 0.547949 0
-0.238452 0.616639 0
-0.27053 0.588532 0
-0.337595 0.685362 0
-0.409657 0.694826 0
-0.381063 0.635746 0
-0.286658 0.743151 0
-0.336804 0.685653 0
-0.267364 0.674365 0
-0.286898 0.743849 0
-0.307667 0.820112 0
-0.36831 0.748461 0
-0.390715 0.826511 0
-0.478108 0.828228 0
-0.441095 0.760734 0
-0.958542 0.557083 0
-0.951078 0.650863 0
-1.03095 0.582272 0
-1.02681 0.484108 0
-0.958795 0.556525 0
-1.03121 0.581711 0
-0.846838 0.50765 0
-0.858396 0.420235 0
-0.79051 0.465318 0
-1.02255 0.386205 0
-0.939687 0.450636 0
-1.02672 0.483102 0
-0.93854 0.45083 0
-0.858894 0.420188 0
-0.847334 0.507602 0
-0.740981 0.54449 0
-0.789749 0.465519 0
-0.736591 0.443673 0
-0.654537 0.683942 0
-0.553073 0.656333 0
-0.566419 0.731405 0
-0.791028 0.607615 0
-0.846447 0.508544 0
-0.741353 0.545184 0
-0.539648 0.585534 0
-0.527644 0.52104 0
-0.488677 0.578188 0
-0.653784 0.618544 0
-0.588037 0.567661 0
-0.553141 0.655565 0
-0.740501 0.545774 0
-0.654878 0.618535 0
-0.727802 0.674888 0
-0.668075 0.558437 0
-0.681385 0.501553 0
-0.602526 0.51145 0
-0.740301 0.545387 0
-0.668446 0.55894 0
-0.654679 0.618145 0
-0.740394 0.544997 0
-0.681849 0.501666 0
-0.668537 0.558549 0
-0.681297 0.501204 0
-0.641582 0.454333 0
-0.602436 0.5111 0
-0.822257 0.702263 0
-0.903295 0.718909 0
-0.869073 0.630123 0
-0.844956 0.340591 0
-0.781373 0.396531 0
-0.85836 0.419448 0
-0.767935 0.319474 0
-0.698865 0.300453 0
-0.712769 0.371072 0
-0.838542 0.248787 0
-0.768843 0.319196 0
-0.844848 0.339762 0
-0.754208 0.244538 0
-0.688249 0.223002 0
-0.698735 0.299706 0
-0.441517 0.760137 0
-0.51101 0.763515 0
-0.484476 0.712927 0
-0.145113 0.290621 0
-0.136163 0.26741 0
-0.114985 0.277172 0
-0.15503 0.317365 0
-0.165402 0.346684 0
-0.186473 0.33245 0
-0.145367 0.290886 0
-0.154917 0.317092 0
-0.173169 0.306384 0
-0.135803 0.326598 0
-0.165233 0.346664 0
-0.154859 0.317346 0
-0.0538476 0.321284 0
-0.0468857 0.296399 0
-0.0237271 0.299138 0
-0.0540286 0.321337 0
-0.0787361 0.314782 0
-0.047066 0.296451 0
-0.0397533 0.352483 0
-0.0538324 0.321555 0
-0.0281876 0.324496 0
-0.060941 0.349583 0
-0.0877653 0.340705 0
-0.0541048 0.321601 0
-0.420235 0.908464 0
-0.451464 0.997219 0
-0.512342 0.908506 0
-0.307883 0.820915 0
-0.330136 0.905428 0
-0.389775 0.82697 0
-0.354436 1.00032 0
-0.450932 0.997528 0
-0.419707 0.908771 0
-0.0281355 0.324319 0
-0.0537815 0.321377 0
-0.0236605 0.299233 0
-1.04681 0.980787 0
-1.04339 0.881753 0
-0.94778 0.984162 0
-0.96705 0.834394 0
-0.947514 0.98367 0
-1.04313 0.881262 0
-1.03973 0.781585 0
-0.967359 0.833717 0
-1.04343 0.880583 0
-0.96655 0.834411 0
-0.894173 0.886256 0
-0.947014 0.983687 0
-1.03533 0.681511 0
-0.951112 0.651868 0
-0.964075 0.758285 0
-0.893775 0.886769 0
-0.847613 0.987301 0
-0.946613 0.984201 0
-0.963611 0.75931 0
-0.88127 0.806394 0
-0.966562 0.833394 0
-0.802546 0.868747 0
-0.686361 0.848778 0
-0.712516 0.92393 0
-0.880492 0.806933 0
-0.803801 0.868479 0
-0.893406 0.885779 0
-0.966328 0.833819 0
-0.881037 0.806818 0
-0.893951 0.885662 0
-0.903334 0.719498 0
-0.822297 0.702853 0
-0.880588 0.805823 0
-0.753776 0.775929 0
-0.686499 0.848281 0
-0.802686 0.86825 0
-0.963634 0.758411 0
-0.950672 0.651993 0
-0.904041 0.719169 0
-0.893294 0.886383 0
-0.80369 0.869083 0
-0.847135 0.986914 0
-0.880087 0.806012 0
-0.821797 0.703039 0
-0.754486 0.775236 0
-0.9634 0.758929 0
-0.903807 0.719686 0
-0.88106 0.806012 0
-1.03947 0.781178 0
-0.964142 0.759226 0
-0.967093 0.833309 0
-1.0397 0.780669 0
-1.03563 0.681942 0
-0.964371 0.758719 0
-0.950355 0.651564 0
-0.869503 0.629954 0
-0.903725 0.718738 0
-1.03121 0.582686 0
-0.951337 0.651281 0
-1.03555 0.68092 0
-0.846646 0.987262 0
-0.803205 0.86943 0
-0.747924 0.989999 0
-0.672988 0.413705 0
-0.736106 0.442923 0
-0.712577 0.371864 0
-0.846445 0.50807 0
-0.790117 0.465735 0
-0.741349 0.544707 0
-0.868781 0.629105 0
-0.846876 0.508824 0
-0.791455 0.607897 0
-0.957888 0.556168 0
-0.938872 0.451285 0
-0.847666 0.508061 0
-0.858177 0.419865 0
-0.78119 0.396948 0
-0.79029 0.464946 0
-0.642834 0.356781 0
-0.604872 0.41013 0
-0.672316 0.413545 0
-0.803336 0.868109 0
-0.880024 0.806566 0
-0.754425 0.775791 0
-0.869339 0.628933 0
-0.957654 0.556766 0
-0.847434 0.508656 0
-0.821882 0.701892 0
-0.868697 0.629753 0
-0.791372 0.608546 0
-0.950537 0.651021 0
-0.958 0.557241 0
-0.869684 0.629413 0
-0.577288 0.838548 0
-0.513421 0.90802 0
-0.617315 0.921417 0
-1.0265 0.483674 0
-0.939473 0.451204 0
-0.958487 0.556085 0
-0.712204 0.924818 0
-0.648666 0.992665 0
-0.746955 0.990203 0
-0.802754 0.869219 0
-0.712721 0.924404 0
-0.747475 0.989788 0
-0.685744 0.848953 0
-0.618341 0.921506 0
-0.711897 0.924107 0
-0.728404 0.675937 0
-0.753978 0.774798 0
-0.821287 0.702603 0
-0.740958 0.54574 0
-0.728256 0.674853 0
-0.790631 0.608174 0
-0.656393 0.752609 0
-0.753425 0.774967 0
-0.72785 0.676103 0
-0.588247 0.56698 0
-0.667762 0.558657 0
-0.602214 0.511669 0
-0.566505 0.732242 0
-0.577593 0.837397 0
-0.655266 0.753005 0
-1.04339 -0.881751 0
-1.04682 -0.980785 0
-0.947783 -0.984163 0
-0.895291 -0.910754 0
-0.942036 -0.834975 0
-1.04287 -0.881019 0
-0.894179 -0.911356 0
-0.847146 -0.987134 0
-0.805125 -0.908951 0
-0.941429 -0.834795 0
-0.894685 -0.910573 0
-0.861911 -0.827314 0
-0.946619 -0.984285 0
-0.84762 -0.987387 0
-0.894654 -0.911608 0
-0.94252 -0.834543 0
-1.03965 -0.781582 0
-1.04335 -0.880584 0
-0.947275 -0.983929 0
-0.895309 -0.911254 0
-1.04288 -0.881519 0
-0.861989 -0.826762 0
-0.918082 -0.745988 0
-0.941507 -0.834243 0
-0.804635 -0.909214 0
-0.846654 -0.987399 0
-0.747917 -0.990132 0
-0.712261 -0.907369 0
-0.774737 -0.823153 0
-0.804274 -0.908389 0
-0.648667 -0.992609 0
-0.711649 -0.908209 0
-0.746944 -0.990146 0
-0.617215 -0.921946 0
-0.549533 -0.99477 0
-0.511348 -0.91024 0
-0.861454 -0.827561 0
-0.894227 -0.91082 0
-0.805173 -0.908415 0
-0.669549 -0.825116 0
-0.617821 -0.921101 0
-0.571607 -0.826977 0
-0.918676 -0.745837 0
-1.03923 -0.781132 0
-0.942102 -0.83409 0
-0.918989 -0.745329 0
-1.03547 -0.681898 0
-1.03955 -0.78062 0
-0.775345 -0.822314 0
-0.837615 -0.73828 0
-0.861165 -0.826696 0
-0.747468 -0.989865 0
-0.71217 -0.907929 0
-0.804183 -0.908948 0
-0.489676 -0.693473 0
-0.451556 -0.750117 0
-0.410401 -0.695236 0
-0.421932 -0.907134 0
-0.45094 -0.997523 0
-0.354443 -1.00032 0
-0.478057 -0.828702 0
-0.422157 -0.905979 0
-0.394875 -0.823879 0
-0.510368 -0.910197 0
-0.451465 -0.99722 0
-0.422454 -0.906832 0
-0.670125 -0.824243 0
-0.631471 -0.745059 0
-0.730194 -0.74186 0
-0.618287 -0.921371 0
-0.670019 -0.825386 0
-0.711289 -0.90742 0
-0.57165 -0.826386 0
-0.63094 -0.745341 0
-0.669593 -0.824527 0
-0.51142 -0.909677 0
-0.571078 -0.82726 0
-0.617288 -0.921385 0
-0.524756 -0.766996 0
-0.630452 -0.745148 0
-0.571165 -0.826193 0
-0.451898 -0.750807 0
-0.523849 -0.767021 0
-0.478589 -0.827994 0
-0.670603 -0.824503 0
-0.730675 -0.742119 0
-0.77435 -0.82232 0
-0.490548 -0.693463 0
-0.598263 -0.675991 0
-0.524379 -0.76632 0
-0.598643 -0.675176 0
-0.529065 -0.636267 0
-0.598864 -0.579245 0
-0.548977 -0.995024 0
-0.451887 -0.997516 0
-0.510795 -0.910493 0
-0.901144 -0.653374 0
-1.035 -0.681475 0
-0.918525 -0.7449 0
-0.848185 -0.335186 0
-0.836825 -0.2537 0
-0.923682 -0.268017 0
-0.731233 -0.74183 0
-0.837178 -0.737996 0
-0.77491 -0.822029 0
-0.711813 -0.907089 0
-0.670541 -0.825057 0
-0.774287 -0.822873 0
-0.598669 -0.578834 0
-0.52887 -0.635854 0
-0.540652 -0.552259 0
-0.631057 -0.744271 0
-0.599245 -0.675791 0
-0.677148 -0.655232 0
-0.630545 -0.744645 0
-0.524847 -0.766492 0
-0.598734 -0.676164 0
-0.474508 -0.160987 0
-0.443068 -0.2114 0
-0.425684 -0.16758 0
-0.573473 -0.158236 0
-0.627659 -0.152075 0
-0.618444 -0.219496 0
-0.521471 -0.172011 0
-0.572946 -0.158227 0
-0.566791 -0.196911 0
-0.579769 -0.119256 0
-0.62753 -0.151739 0
-0.573344 -0.157899 0
-0.555202 -0.0795255 0
-0.579381 -0.118855 0
-0.529736 -0.110232 0
-0.555478 -0.0794297 0
-0.612033 -0.0816525 0
-0.579657 -0.118759 0
-0.566656 -0.197182 0
-0.532905 -0.238943 0
-0.521336 -0.172282 0
-0.5296 -0.110671 0
-0.572821 -0.157938 0
-0.521345 -0.171722 0
-0.532779 -0.239634 0
-0.557136 -0.286794 0
-0.492951 -0.289228 0
-0.61828 -0.219971 0
-0.584658 -0.254993 0
-0.567153 -0.197395 0
-0.618527 -0.220223 0
-0.640999 -0.272578 0
-0.584906 -0.255246 0
-0.557437 -0.287212 0
-0.584369 -0.336071 0
-0.531446 -0.317771 0
-0.683069 -0.231961 0
-0.7035 -0.291791 0
-0.641612 -0.27274 0
-0.653499 -0.19033 0
-0.682827 -0.231445 0
-0.618897 -0.219869 0
-0.627926 -0.152181 0
-0.653314 -0.190064 0
-0.618712 -0.219603 0
-0.690326 -0.159086 0
-0.683065 -0.23124 0
-0.653738 -0.190126 0
-0.758296 -0.237811 0
-0.772152 -0.312681 0
-0.704188 -0.291944 0
-0.612884 -0.401047 0
-0.642782 -0.469681 0
-0.570524 -0.445662 0
-0.717762 -0.36427 0
-0.673327 -0.410477 0
-0.656962 -0.339844 0
-0.718395 -0.364519 0
-0.780549 -0.39664 0
-0.738833 -0.428046 0
-0.930623 -0.36014 0
-0.855893 -0.423281 0
-0.848274 -0.336062 0
-0.451466 -0.750995 0
-0.478156 -0.828183 0
-0.394972 -0.823358 0
-0.490562 -0.693027 0
-0.528702 -0.636649 0
-0.598278 -0.675558 0
-0.451936 -0.750356 0
-0.490058 -0.693712 0
-0.523888 -0.766571 0
-0.453707 -0.647177 0
-0.528216 -0.636553 0
-0.490078 -0.692933 0
-0.38145 -0.635619 0
-0.452949 -0.64718 0
-0.410044 -0.694698 0
-0.470818 -0.567965 0
-0.528153 -0.636135 0
-0.453643 -0.646757 0
-0.775236 -0.822885 0
-0.861054 -0.827266 0
-0.804775 -0.908119 0
-0.738415 -0.428491 0
-0.700397 -0.482954 0
-0.673542 -0.411171 0
-0.855103 -0.423944 0
-0.761424 -0.496804 0
-0.781081 -0.397069 0
-0.677589 -0.655452 0
-0.73022 -0.741294 0
-0.631496 -0.744492 0
-0.700627 -0.483732 0
-0.760704 -0.497598 0
-0.719795 -0.574389 0
-0.649989 -0.530957 0
-0.700255 -0.483843 0
-0.719424 -0.574502 0
-0.643416 -0.46984 0
-0.673223 -0.411309 0
-0.700079 -0.483094 0
-0.720109 -0.575136 0
-0.807085 -0.555686 0
-0.7482 -0.648789 0
-0.90032 -0.652667 0
-0.822771 -0.643122 0
-0.884682 -0.57254 0
-0.719178 -0.575232 0
-0.677445 -0.654344 0
-0.599763 -0.578974 0
-0.807129 -0.55518 0
-0.720151 -0.574629 0
-0.761061 -0.497838 0
-0.807428 -0.555913 0
-0.822006 -0.643053 0
-0.748541 -0.649018 0
-0.900483 -0.653558 0
-0.917864 -0.745086 0
-0.838222 -0.737444 0
-0.747767 -0.649122 0
-0.677941 -0.654579 0
-0.719676 -0.575467 0
-0.837396 -0.737091 0
-0.748643 -0.649627 0
-0.822107 -0.643661 0
-0.730611 -0.740975 0
-0.677979 -0.655135 0
-0.747804 -0.649677 0
-0.772274 -0.313451 0
-0.780661 -0.396255 0
-0.718507 -0.364135 0
-0.76172 -0.497136 0
-0.855399 -0.424272 0
-0.869362 -0.495289 0
-0.772707 -0.313357 0
-0.847495 -0.335815 0
-0.781093 -0.39616 0
-0.870118 -0.495981 0
-0.95778 -0.556529 0
-0.885033 -0.571727 0
-0.930921 -0.360528 0
-0.937253 -0.452437 0
-0.856193 -0.423674 0
-0.923996 -0.268371 0
-0.930851 -0.359619 0
-0.848502 -0.335543 0
-1.02222 -0.385803 0
-0.937809 -0.452309 0
-0.931479 -0.360403 0
-1.02681 -0.484107 0
-1.03121 -0.58172 0
-0.958792 -0.556522 0
-0.917734 -0.745666 0
-0.861643 -0.826438 0
-0.838093 -0.738024 0
-0.320497 -0.351373 0
-0.344305 -0.395549 0
-0.292186 -0.382287 0
-0.358885 -0.259093 0
-0.370804 -0.287052 0
-0.342428 -0.288498 0
-0.417538 -0.412488 0
-0.462637 -0.388499 0
-0.443471 -0.445128 0
-0.369195 -0.42596 0
-0.344803 -0.395798 0
-0.392659 -0.382126 0
-0.362604 -0.494845 0
-0.335393 -0.456796 0
-0.395414 -0.459379 0
-0.310064 -0.421502 0
-0.344526 -0.39593 0
-0.368918 -0.426092 0
-0.36473 -0.361597 0
-0.383985 -0.317784 0
-0.416698 -0.343096 0
-0.618214 -0.921932 0
-0.711216 -0.90798 0
-0.648237 -0.99238 0
-0.549988 -0.995047 0
-0.617675 -0.922223 0
-0.647694 -0.992673 0
-0.570656 -0.826472 0
-0.478986 -0.828248 0
-0.524248 -0.767275 0
-0.302707 -0.82269 0
-0.279854 -0.747514 0
-0.368269 -0.748482 0
-0.532329 -0.492801 0
-0.540281 -0.551456 0
-0.484177 -0.481623 0
-0.506642 -0.417464 0
-0.532216 -0.492352 0
-0.484063 -0.481173 0
-0.58412 -0.504798 0
-0.540615 -0.551533 0
-0.532665 -0.492879 0
-0.570611 -0.826949 0
-0.510957 -0.909367 0
-0.478943 -0.828725 0
-0.489682 -0.693128 0
-0.410406 -0.694891 0
-0.453312 -0.647373 0
0.882689 1.05744 0
0.790323 1.05222 0
0.887964 0.955176 0
0.761911 0.982394 0
0.789281 1.05227 0
0.696888 1.04733 0
0.663381 0.963452 0
0.761489 0.982095 0
0.696465 1.04704 0
0.82758 0.917123 0
0.789718 1.05184 0
0.76235 0.981957 0
0.784425 0.803892 0
0.827435 0.915962 0
0.724145 0.883067 0
0.88778 0.954704 0
0.790139 1.05175 0
0.828001 0.917031 0
0.723752 0.882644 0
0.710715 0.789557 0
0.784035 0.803467 0
0.663472 0.962905 0
0.723519 0.883819 0
0.76158 0.981548 0
0.643299 0.872281 0
0.710242 0.78979 0
0.72328 0.882874 0
0.893695 0.851756 0
0.888127 0.954034 0
0.82835 0.916359 0
0.602868 1.04238 0
0.575861 0.955966 0
0.662447 0.96335 0
0.544099 0.86852 0
0.64225 0.872786 0
0.575596 0.955082 0
0.477425 0.827618 0
0.442608 0.760922 0
0.546946 0.789099 0
0.331849 0.78966 0
0.401741 0.808157 0
0.360139 0.860175 0
0.442625 0.76054 0
0.482344 0.71342 0
0.546962 0.788715 0
0.379424 0.733612 0
0.441796 0.760671 0
0.402172 0.807637 0
0.379473 0.733224 0
0.416568 0.691954 0
0.441843 0.760282 0
0.309765 0.721931 0
0.378747 0.733421 0
0.331603 0.788948 0
0.472994 0.617798 0
0.405102 0.623853 0
0.394678 0.56184 0
0.309845 0.721539 0
0.355382 0.672038 0
0.378827 0.733028 0
0.309575 0.721272 0
0.298792 0.653386 0
0.355114 0.671771 0
0.678218 0.616183 0
0.704211 0.506327 0
0.76949 0.53542 0
0.619344 0.772592 0
0.611893 0.650203 0
0.707227 0.688747 0
0.537999 0.617285 0
0.473893 0.617762 0
0.530587 0.557358 0
0.600686 0.585365 0
0.538424 0.617176 0
0.531012 0.557248 0
0.546128 0.681297 0
0.473945 0.618176 0
0.538051 0.6177 0
0.47694 0.827681 0
0.4025 0.807952 0
0.442122 0.760986 0
0.543454 0.867817 0
0.477764 0.827977 0
0.547283 0.789458 0
0.543094 0.868592 0
0.485092 0.963424 0
0.432391 0.885401 0
0.394081 0.423151 0
0.371819 0.476605 0
0.348893 0.434951 0
0.417182 0.50277 0
0.489346 0.468766 0
0.465891 0.530748 0
0.411038 0.365503 0
0.449271 0.382595 0
0.394549 0.422605 0
0.491233 0.401507 0
0.489506 0.468138 0
0.44017 0.444622 0
0.436182 0.321148 0
0.497073 0.317242 0
0.449699 0.382095 0
0.536504 0.421434 0
0.489831 0.468061 0
0.491556 0.401429 0
0.439453 0.444724 0
0.372124 0.476638 0
0.394384 0.423184 0
0.784216 0.802875 0
0.710898 0.788966 0
0.777918 0.706267 0
0.89921 0.747604 0
0.784848 0.802735 0
0.77855 0.706125 0
0.893349 0.85125 0
0.828002 0.915855 0
0.784993 0.803783 0
0.386013 0.943934 0
0.484508 0.964173 0
0.414287 1.03386 0
0.543571 0.868826 0
0.575071 0.955387 0
0.485572 0.963659 0
0.386073 0.943437 0
0.431863 0.885652 0
0.484567 0.963674 0
0.547755 0.789276 0
0.618584 0.773655 0
0.543926 0.867636 0
0.662849 0.963657 0
0.695935 1.04724 0
0.603272 1.04269 0
0.642646 0.873102 0
0.662581 0.962782 0
0.575995 0.955398 0
0.643141 0.87286 0
0.723122 0.883454 0
0.663073 0.962541 0
0.827361 0.916557 0
0.762129 0.981393 0
0.724069 0.883662 0
0.602356 1.04263 0
0.509249 1.03836 0
0.575345 0.956218 0
0.404574 0.624205 0
0.355616 0.671312 0
0.354064 0.613439 0
0.442187 0.760215 0
0.416912 0.691886 0
0.481909 0.713095 0
0.379183 0.732928 0
0.35574 0.671937 0
0.41628 0.691658 0
0.633328 -0.0119261 0
0.577891 -0.0140869 0
0.632772 -0.0676165 0
0.694228 -0.0850831 0
0.63372 -0.0121639 0
0.633161 -0.0678548 0
0.696168 0.00974529 0
0.695526 0.0759528 0
0.631992 0.0793865 0
0.542189 0.128347 0
0.575317 0.0749524 0
0.590514 0.138918 0
0.52536 0.0697496 0
0.526789 0.0272445 0
0.56339 0.0298754 0
0.533223 0.170457 0
0.524358 0.211807 0
0.487966 0.150798 0
0.541706 0.128704 0
0.533281 0.170178 0
0.488024 0.150519 0
0.542049 0.128666 0
0.590374 0.139238 0
0.533626 0.170141 0
0.843736 0.099972 0
0.769244 0.19058 0
0.766345 0.0858839 0
0.769223 0.191578 0
0.844574 0.203443 0
0.760516 0.281752 0
0.690147 0.265088 0
0.768707 0.191787 0
0.759995 0.281957 0
0.766344 0.0849282 0
0.76731 0.000297329 0
0.845009 0.00374875 0
0.703641 0.172607 0
0.765877 0.0861297 0
0.768771 0.190821 0
0.631463 0.0801047 0
0.641936 0.161344 0
0.591036 0.139046 0
0.765605 0.085198 0
0.695975 0.0759721 0
0.696616 0.0097631 0
0.702983 0.172476 0
0.642526 0.161445 0
0.695589 0.0767727 0
0.631788 0.0790938 0
0.633722 -0.0113567 0
0.695959 0.00945206 0
0.844002 0.100366 0
0.844854 0.202834 0
0.769504 0.190971 0
0.526662 0.285742 0
0.481177 0.269627 0
0.524315 0.212591 0
0.279369 0.849823 0
0.263131 0.773035 0
0.331115 0.789508 0
0.106793 0.843485 0
0.194235 0.841494 0
0.122161 0.925299 0
0.183548 0.76274 0
0.262355 0.772916 0
0.19496 0.840714 0
0.225682 0.645068 0
0.248077 0.702142 0
0.173775 0.691376 0
0.309376 0.722063 0
0.331216 0.789079 0
0.263232 0.772607 0
0.298435 0.653489 0
0.309219 0.721374 0
0.248773 0.702271 0
0.590898 0.511828 0
0.581399 0.444333 0
0.649936 0.467153 0
0.531188 0.556898 0
0.590565 0.512599 0
0.60086 0.585014 0
0.538206 0.489168 0
0.489987 0.468355 0
0.536661 0.421729 0
0.530979 0.556579 0
0.538522 0.489766 0
0.590356 0.512279 0
0.530562 0.556641 0
0.466435 0.530999 0
0.538107 0.48983 0
0.180167 0.551297 0
0.145011 0.575119 0
0.165795 0.51079 0
0.214606 0.527899 0
0.180401 0.551139 0
0.16603 0.510632 0
0.214801 0.528133 0
0.224413 0.580353 0
0.180597 0.551373 0
0.134032 0.66231 0
0.172977 0.691413 0
0.101066 0.696219 0
0.175407 0.621977 0
0.134026 0.66187 0
0.097053 0.634193 0
0.175662 0.622168 0
0.173226 0.691165 0
0.134282 0.662061 0
0.321681 0.188491 0
0.303878 0.214155 0
0.297488 0.177638 0
0.362325 0.287863 0
0.344163 0.259087 0
0.386553 0.259746 0
0.275965 0.271784 0
0.301444 0.25989 0
0.28905 0.292233 0
0.704281 0.50542 0
0.702589 0.423274 0
0.765932 0.456991 0
0.642395 0.872177 0
0.544245 0.867913 0
0.6189 0.773933 0
0.650718 0.467061 0
0.702203 0.423309 0
0.703894 0.505453 0
0.650093 0.466778 0
0.581558 0.443959 0
0.637924 0.400299 0
0.701982 0.422955 0
0.650498 0.466709 0
0.638328 0.400227 0
0.652647 0.546053 0
0.677483 0.61648 0
0.601558 0.585325 0
0.773342 0.618533 0
0.707963 0.688122 0
0.678242 0.617066 0
0.298662 0.652798 0
0.272217 0.603655 0
0.353432 0.61331 0
0.631112 0.24048 0
0.575441 0.22553 0
0.641885 0.162171 0
0.702767 0.173026 0
0.631542 0.240305 0
0.64231 0.161994 0
0.689282 0.265363 0
0.639018 0.314887 0
0.631482 0.241124 0
0.58368 0.373395 0
0.584226 0.294071 0
0.638506 0.315425 0
0.583355 0.373476 0
0.542188 0.339764 0
0.583903 0.294153 0
0.899616 0.747075 0
0.778958 0.705588 0
0.905942 0.643915 0
0.899596 0.748093 0
0.893589 0.850688 0
0.785235 0.803217 0
0.298236 0.936146 0
0.385073 0.943826 0
0.31924 1.02949 0
0.379055 0.733708 0
0.401804 0.807732 0
0.331913 0.789236 0
0.484917 0.964489 0
0.50832 1.03836 0
0.4147 1.03417 0
0.431892 0.884747 0
0.402465 0.808367 0
0.476906 0.828097 0
0.574954 0.955955 0
0.508855 1.03809 0
0.485456 0.964226 0
0.431447 0.885308 0
0.385655 0.943092 0
0.360418 0.860946 0
0.402074 0.808476 0
0.431502 0.884856 0
0.360474 0.860495 0
0.477377 0.828297 0
0.54307 0.868137 0
0.432365 0.884948 0
0.319629 1.02982 0
0.385459 0.944155 0
0.413735 1.03408 0
0.298374 0.935582 0
0.359971 0.861115 0
0.385209 0.943261 0
0.224198 1.02535 0
0.297695 0.93642 0
0.318701 1.02977 0
0.279582 0.850605 0
0.359618 0.860805 0
0.298018 0.93527 0
0.223818 1.02502 0
0.205822 0.930127 0
0.297318 0.936086 0
0.362503 0.288012 0
0.386731 0.259895 0
0.397237 0.303655 0
-0.286214 0.743134 0
-0.266919 0.674348 0
-0.204183 0.680539 0
-0.138799 0.82134 0
-0.228563 0.825245 0
-0.200984 0.755279 0
-0.369167 0.748099 0
-0.440795 0.760028 0
-0.409963 0.695452 0
-0.271526 0.518832 0
-0.244156 0.54753 0
-0.301961 0.561018 0
-0.349705 0.51215 0
-0.310809 0.515376 0
-0.302444 0.560887 0
-0.252789 0.473214 0
-0.217023 0.503915 0
-0.271271 0.518392 0
-0.16889 0.568071 0
-0.18123 0.622758 0
-0.237902 0.61682 0
-0.252558 0.473012 0
-0.20257 0.458349 0
-0.216793 0.503713 0
-0.126322 0.561591 0
-0.0856973 0.555647 0
-0.10872 0.609176 0
-0.156844 0.518084 0
-0.12676 0.561326 0
-0.168436 0.567535 0
-0.156638 0.517855 0
-0.107212 0.499196 0
-0.126556 0.561097 0
-0.075528 0.505434 0
-0.0855218 0.555091 0
-0.106803 0.499134 0
-0.100215 0.453773 0
-0.0660852 0.460549 0
-0.106821 0.498645 0
-0.0310227 0.507767 0
-0.0502254 0.556445 0
-0.0751561 0.505467 0
-0.0807436 0.70886 0
-0.0349271 0.677444 0
-0.0419361 0.747041 0
-0.127503 0.742767 0
-0.0810543 0.709079 0
-0.0422453 0.747259 0
-0.117695 0.67259 0
-0.0351798 0.677193 0
-0.0809978 0.70861 0
-0.267263 0.673621 0
-0.322358 0.617611 0
-0.27089 0.588956 0
-0.458961 0.496216 0
-0.415822 0.529897 0
-0.488035 0.577919 0
-0.527375 0.52074 0
-0.459336 0.496186 0
-0.488408 0.577888 0
-0.411551 0.478864 0
-0.368296 0.463281 0
-0.350262 0.511701 0
-0.440388 0.443126 0
-0.412156 0.478743 0
-0.458789 0.495595 0
-0.440144 0.44286 0
-0.386238 0.416414 0
-0.411912 0.478477 0
-0.549184 0.426501 0
-0.48781 0.407825 0
-0.503525 0.461288 0
-0.385997 0.416481 0
-0.368416 0.462962 0
-0.411672 0.478544 0
-0.421286 0.405593 0
-0.386269 0.41617 0
-0.440176 0.442616 0
-0.421163 0.405353 0
-0.403511 0.370941 0
-0.386145 0.415929 0
-0.487172 0.407692 0
-0.421625 0.405565 0
-0.440514 0.442587 0
-0.487185 0.407419 0
-0.444068 0.361149 0
-0.421636 0.405291 0
-0.503162 0.461343 0
-0.487445 0.407879 0
-0.440788 0.442774 0
-0.518232 0.322288 0
-0.548787 0.296098 0
-0.502146 0.277297 0
-0.444225 0.3607 0
-0.488234 0.365968 0
-0.467727 0.312292 0
-0.536025 0.371584 0
-0.584247 0.336368 0
-0.518464 0.322738 0
-0.404943 0.319629 0
-0.373119 0.353189 0
-0.403413 0.370444 0
-0.408543 0.258536 0
-0.405175 0.319028 0
-0.437351 0.285597 0
-0.340102 0.303633 0
-0.326906 0.358573 0
-0.372647 0.353095 0
-0.309976 0.421891 0
-0.318462 0.47534 0
-0.367851 0.462969 0
-0.253128 0.473119 0
-0.271609 0.518297 0
-0.317949 0.475696 0
-0.736229 0.443793 0
-0.682075 0.501281 0
-0.740621 0.544611 0
-0.780782 0.397026 0
-0.736725 0.443179 0
-0.789883 0.465024 0
-0.672885 0.414137 0
-0.681848 0.500842 0
-0.736002 0.443356 0
-0.643195 0.356652 0
-0.672676 0.413415 0
-0.712266 0.371575 0
-0.641818 0.454008 0
-0.681532 0.500878 0
-0.672568 0.414173 0
-0.604869 0.410455 0
-0.641561 0.453704 0
-0.672311 0.41387 0
-0.604458 0.410497 0
-0.550034 0.426485 0
-0.641151 0.453747 0
-0.584892 0.336609 0
-0.604579 0.409871 0
-0.642541 0.356523 0
-0.549646 0.427042 0
-0.528054 0.520285 0
-0.601617 0.511073 0
-0.549063 0.296296 0
-0.518508 0.322486 0
-0.584292 0.336116 0
-0.440693 0.443069 0
-0.459094 0.495537 0
-0.503067 0.461637 0
-0.467821 0.311659 0
-0.501677 0.27714 0
-0.458998 0.260004 0
-0.405374 0.319207 0
-0.467428 0.311886 0
-0.437549 0.285776 0
-0.488708 0.36604 0
-0.535705 0.371683 0
-0.518143 0.322837 0
-0.467975 0.312165 0
-0.48848 0.36584 0
-0.517916 0.322638 0
-0.444293 0.361019 0
-0.487408 0.407288 0
-0.4883 0.366287 0
-0.604107 0.410224 0
-0.536197 0.372177 0
-0.549682 0.42621 0
-0.517961 0.322341 0
-0.501875 0.277349 0
-0.46802 0.311868 0
-0.431665 0.58156 0
-0.381508 0.635203 0
-0.448853 0.636355 0
-0.790902 0.608698 0
-0.728526 0.675379 0
-0.821412 0.702046 0
-0.780525 0.396713 0
-0.712938 0.371808 0
-0.736466 0.442866 0
-0.484137 0.712698 0
-0.410349 0.695333 0
-0.441181 0.759909 0
-0.552503 0.656428 0
-0.485029 0.712473 0
-0.565851 0.731501 0
-0.449126 0.636991 0
-0.410374 0.69492 0
-0.484165 0.712286 0
-0.552112 0.65611 0
-0.449601 0.636862 0
-0.48464 0.712155 0
-0.431525 0.580966 0
-0.415345 0.530132 0
-0.372911 0.563701 0
-0.488055 0.578559 0
-0.432023 0.581371 0
-0.44921 0.636164 0
-0.487943 0.578204 0
-0.415732 0.530182 0
-0.43191 0.581015 0
-0.781072 0.396195 0
-0.844656 0.340257 0
-0.768651 0.319691 0
-0.463759 -0.0179041 0
-0.509289 -0.000263664 0
-0.507003 -0.0609058 0
-0.42088 -0.0550896 0
-0.422947 -0.0194149 0
-0.461311 -0.0579057 0
-0.463614 0.0176401 0
-0.509144 -1.99231e-07 0
-0.463614 -0.0176404 0
-0.404018 0.00112099 0
-0.386573 -0.0201826 0
-0.386574 0.02019 0
-0.461453 -0.0577812 0
-0.42309 -0.0192902 0
-0.463319 -0.0179572 0
-0.420629 -0.0549644 0
-0.38675 -0.0205025 0
-0.422698 -0.0192891 0
-0.46174 0.0578663 0
-0.508669 0.0449701 0
-0.463606 0.0180432 0
-0.443573 0.0955932 0
-0.473944 0.134589 0
-0.48403 0.102554 0
-0.406611 0.0892901 0
-0.432275 0.130057 0
-0.443175 0.0955337 0
-0.36011 0.127894 0
-0.39442 0.126231 0
-0.367702 0.103542 0
-0.352635 0.152641 0
-0.377674 0.176497 0
-0.385962 0.15157 0
-0.467829 0.176608 0
-0.433826 0.226211 0
-0.485557 0.22466 0
-0.394853 0.126452 0
-0.425383 0.167193 0
-0.432177 0.130421 0
-0.37789 0.176841 0
-0.393889 0.215321 0
-0.409446 0.191513 0
-0.596096 0.0949164 0
-0.631996 0.139979 0
-0.678797 0.0630261 0
-0.555545 0.079264 0
-0.59563 0.094691 0
-0.615935 0.0563361 0
-0.576333 0.132364 0
-0.631654 0.140212 0
-0.595752 0.0951491 0
-0.504275 0.077461 0
-0.525451 0.124973 0
-0.554936 0.0794359 0
-0.521538 0.172091 0
-0.560291 0.209084 0
-0.599126 0.170017 0
-0.468083 0.176127 0
-0.520811 0.171864 0
-0.474149 0.13509 0
-0.45883 0.259544 0
-0.485527 0.224938 0
-0.433796 0.226489 0
-0.532636 0.239035 0
-0.521065 0.172373 0
-0.486065 0.224689 0
-0.632324 0.14016 0
-0.693646 0.148831 0
-0.679122 0.063207 0
-0.092367 0.372711 0
-0.0682532 0.381674 0
-0.107515 0.40186 0
-0.0880815 0.340922 0
-0.0924643 0.372447 0
-0.116799 0.363579 0
-0.0878931 0.340875 0
-0.061069 0.349754 0
-0.0922785 0.372401 0
-0.100444 0.308576 0
-0.0790949 0.314868 0
-0.108352 0.334346 0
-0.061004 0.34989 0
-0.0680975 0.381499 0
-0.0922111 0.372537 0
-0.078871 0.314931 0
-0.0541634 0.321485 0
-0.0878267 0.340588 0
-0.00555698 0.325637 0
0.0167467 0.32502 0
0.0105717 0.353608 0
-0.027929 0.324514 0
-0.00577902 0.325635 0
-0.0108631 0.35396 0
-0.0278962 0.324334 0
-0.000118857 0.300165 0
-0.00574498 0.325454 0
-0.000182921 0.300077 0
-0.0279593 0.324247 0
-0.0234851 0.299163 0
-0.0360395 0.385149 0
-0.0210497 0.422137 0
-0.0479885 0.419722 0
-0.0608273 0.349823 0
-0.0399092 0.352769 0
-0.0679235 0.381433 0
0.00416866 0.386205 0
-0.0208761 0.422025 0
-0.0358627 0.385036 0
-0.329643 0.905706 0
-0.307392 0.821193 0
-0.243148 0.909765 0
-0.257138 1.00326 0
-0.329473 0.906316 0
-0.24298 0.910377 0
-0.419422 0.907886 0
-0.390151 0.827263 0
-0.330508 0.905719 0
-0.238306 0.617367 0
-0.204022 0.680116 0
-0.266758 0.673926 0
-0.141008 0.355342 0
-0.117147 0.363682 0
-0.143704 0.388714 0
-0.135757 0.326724 0
-0.141142 0.355079 0
-0.165187 0.346791 0
-0.135566 0.326683 0
-0.108676 0.334542 0
-0.140954 0.355037 0
-0.059054 0.913478 0
0.021948 0.829736 0
0.0323858 0.916517 0
-0.151548 0.909035 0
-0.0599578 0.91406 0
-0.0644042 1.01119 0
-0.151796 0.908402 0
-0.138073 0.822148 0
-0.0602043 0.913424 0
-0.00355996 0.555973 0
-0.0305697 0.507777 0
0.0135156 0.508918 0
-0.0852578 0.555643 0
-0.0503332 0.556964 0
-0.0533902 0.612836 0
-0.0853318 0.555284 0
-0.0753395 0.505627 0
-0.0504065 0.556604 0
0.106252 0.843737 0
0.121622 0.925551 0
0.0332723 0.916604 0
0.0192025 0.750376 0
0.112705 0.762955 0
0.0224788 0.828677 0
0.113756 0.762538 0
0.173181 0.691969 0
0.182978 0.762208 0
0.0399593 0.612843 0
-0.00629779 0.612884 0
-0.00339048 0.556672 0
-0.109177 0.609421 0
-0.180798 0.622733 0
-0.168457 0.568045 0
-0.0535841 0.613012 0
-0.108475 0.609348 0
-0.0854539 0.555819 0
-0.118276 0.672078 0
-0.180628 0.623081 0
-0.10901 0.609771 0
-0.035088 0.676874 0
-0.117603 0.672271 0
-0.0534475 0.613627 0
-0.128167 0.742422 0
-0.203157 0.68053 0
-0.118415 0.672714 0
-0.169098 0.567819 0
-0.238112 0.616569 0
-0.2436 0.547879 0
-0.053693 0.613402 0
-0.117851 0.672046 0
-0.108584 0.609738 0
-0.203737 0.679947 0
-0.238018 0.617196 0
-0.181347 0.623133 0
0.121689 0.926476 0
0.12755 1.02069 0
0.0325782 1.01609 0
0.262954 0.772317 0
0.248654 0.702669 0
0.3091 0.721773 0
0.278723 0.85052 0
0.205663 0.929227 0
0.19509 0.841531 0
0.35973 0.860316 0
0.279694 0.850117 0
0.331439 0.789801 0
0.297503 0.935501 0
0.206008 0.929543 0
0.279065 0.850835 0
0.183727 0.762278 0
0.248232 0.702805 0
0.262534 0.772453 0
0.113533 0.763043 0
0.182755 0.762714 0
0.106724 0.842679 0
0.0227721 0.828988 0
0.112995 0.763266 0
0.106189 0.842901 0
0.100997 0.696555 0
0.172907 0.691749 0
0.11348 0.762317 0
0.173632 0.691768 0
0.247935 0.702535 0
0.183428 0.762007 0
0.106997 0.842941 0
0.183025 0.762975 0
0.19444 0.840949 0
0.000124652 0.300081 0
0.0234254 0.299164 0
0.0168037 0.324751 0
-0.368821 0.74785 0
-0.409615 0.695202 0
-0.337555 0.685739 0
-0.286996 0.743398 0
-0.368409 0.748012 0
-0.337144 0.685901 0
-0.390351 0.826244 0
-0.440728 0.760466 0
-0.369102 0.748538 0
-0.577112 0.837434 0
-0.566023 0.732278 0
-0.511737 0.763839 0
-0.512959 0.907709 0
-0.576822 0.838237 0
-0.478971 0.828759 0
-0.686009 0.847894 0
-0.753283 0.775543 0
-0.656254 0.753186 0
-0.337305 0.685104 0
-0.380772 0.635487 0
-0.32296 0.617806 0
-0.667936 0.559014 0
-0.588422 0.567338 0
-0.654171 0.61822 0
-0.550027 0.426821 0
-0.601997 0.51085 0
-0.641142 0.454083 0
-0.528184 0.520755 0
-0.58778 0.566853 0
-0.601745 0.511542 0
-0.503659 0.461665 0
-0.527726 0.520119 0
-0.549317 0.426876 0
-0.535806 0.372167 0
-0.487918 0.407526 0
-0.549292 0.426202 0
-0.459385 0.495796 0
-0.527425 0.520351 0
-0.503358 0.461896 0
-0.654881 0.684264 0
-0.566762 0.731728 0
-0.655526 0.752492 0
-0.540063 0.585948 0
-0.552761 0.655456 0
-0.587655 0.567551 0
-0.527977 0.521003 0
-0.53998 0.585497 0
-0.587572 0.567101 0
-0.488762 0.57864 0
-0.55243 0.655494 0
-0.539732 0.585986 0
-0.488459 0.578808 0
-0.449613 0.636414 0
-0.552127 0.655664 0
-0.372797 0.564053 0
-0.381253 0.63496 0
-0.43141 0.581318 0
-0.655421 0.684077 0
-0.656065 0.752303 0
-0.72752 0.675799 0
-0.654594 0.618998 0
-0.655416 0.683629 0
-0.727515 0.675352 0
-0.654008 0.618932 0
-0.553365 0.655956 0
-0.654832 0.683564 0
-0.511427 0.76342 0
-0.565712 0.73186 0
-0.484892 0.712833 0
-0.478513 0.828018 0
-0.51099 0.763901 0
-0.441498 0.760524 0
-0.478965 0.828277 0
-0.576817 0.837756 0
-0.511446 0.764161 0
-0.577989 0.837786 0
-0.68542 0.848103 0
-0.655666 0.753394 0
-0.336925 0.685233 0
-0.32258 0.617934 0
-0.267483 0.673944 0
-0.44878 0.636734 0
-0.381436 0.635583 0
-0.410031 0.694663 0
-0.372433 0.564174 0
-0.323077 0.6174 0
-0.38089 0.635082 0
0.0194649 0.749933 0
0.100481 0.69675 0
0.112966 0.762512 0
-0.0343633 0.677351 0
0.0269418 0.67871 0
0.0187244 0.749588 0
-0.127759 0.742518 0
-0.118007 0.67281 0
-0.0813085 0.708829 0
-0.0530744 0.61343 0
-0.00671377 0.613288 0
-0.0347175 0.676677 0
0.040405 0.61332 0
0.0962446 0.634217 0
0.0274506 0.67811 0
-0.0344481 0.676894 0
-0.00644655 0.613505 0
0.0268575 0.678254 0
0.0729756 0.485552 0
0.0706962 0.445016 0
0.105471 0.476171 0
0.144567 0.575233 0
0.106902 0.573432 0
0.106082 0.522779 0
0.0314691 0.461815 0
-0.0255491 0.462437 0
0.0148095 0.423035 0
-0.0257261 0.462305 0
-0.020806 0.422406 0
0.0146353 0.422903 0
-0.152135 0.425399 0
-0.14371 0.389076 0
-0.107966 0.40206 0
-0.126432 0.439578 0
-0.161213 0.466181 0
-0.152255 0.425783 0
-0.107034 0.498704 0
-0.129862 0.478069 0
-0.10043 0.453832 0
-0.107222 0.498918 0
-0.15665 0.517577 0
-0.130051 0.478283 0
-0.188869 0.416759 0
-0.176672 0.380119 0
-0.144063 0.388974 0
-0.161466 0.466243 0
-0.20205 0.458066 0
-0.15251 0.425845 0
-0.23584 0.431846 0
-0.252899 0.472725 0
-0.285313 0.444246 0
-0.189316 0.416949 0
-0.235408 0.431493 0
-0.219624 0.394454 0
-0.202632 0.458108 0
-0.252622 0.472772 0
-0.235562 0.431893 0
-0.0109751 0.354051 0
-0.039609 0.352593 0
-0.0280442 0.324605 0
0.00435648 0.385874 0
-0.0106998 0.354261 0
0.0105136 0.353908 0
0.00420283 0.385978 0
-0.0358297 0.38481 0
-0.0108568 0.354365 0
-0.107458 0.402009 0
-0.0681981 0.381824 0
-0.0755588 0.417301 0
-0.116853 0.363452 0
-0.108436 0.334617 0
-0.0881342 0.340795 0
-0.143592 0.38887 0
-0.117036 0.363838 0
-0.107848 0.401853 0
-0.0789684 0.314725 0
-0.100318 0.308432 0
-0.0701698 0.291842 0
-0.0471232 0.29635 0
-0.0787929 0.314684 0
-0.0699955 0.291802 0
-0.0880072 0.340632 0
-0.10831 0.334454 0
-0.0790543 0.314975 0
-0.140891 0.355161 0
-0.108615 0.334665 0
-0.117029 0.3635 0
-0.100367 0.308335 0
-0.0926642 0.285414 0
-0.0702194 0.291742 0
-0.135432 0.326528 0
-0.100635 0.308616 0
-0.10854 0.334386 0
-0.12135 0.300308 0
-0.114762 0.277266 0
-0.0928826 0.285336 0
-0.135476 0.326414 0
-0.121441 0.30055 0
-0.100677 0.308502 0
-0.121655 0.30046 0
-0.154746 0.317071 0
-0.145193 0.290866 0
0.175968 0.62211 0
0.22544 0.644799 0
0.173531 0.691107 0
0.100809 0.696028 0
0.0968015 0.634441 0
0.133776 0.662118 0
0.206458 0.479707 0
0.184241 0.446058 0
0.217746 0.422377 0
0.206163 0.480083 0
0.16589 0.510203 0
0.147145 0.47087 0
0.254328 0.494948 0
0.206779 0.479968 0
0.242912 0.451523 0
0.254399 0.495443 0
0.255794 0.551653 0
0.215153 0.52785 0
0.144762 0.575023 0
0.10628 0.522568 0
0.165548 0.510694 0
0.106871 0.573804 0
0.144536 0.575605 0
0.096857 0.633743 0
0.0406713 0.612971 0
0.106522 0.573929 0
0.0965093 0.633868 0
0.0434402 0.555876 0
0.105744 0.522714 0
0.106563 0.573367 0
0.0432366 0.555647 0
0.0462285 0.50506 0
0.105542 0.522484 0
-0.00377196 0.556132 0
-0.049985 0.556615 0
-0.0307841 0.507937 0
0.0401232 0.612652 0
-0.00322437 0.556481 0
0.0428526 0.556121 0
-0.00660001 0.612697 0
-0.0499034 0.556966 0
-0.00369115 0.556484 0
0.0271063 0.67804 0
-0.00619531 0.613292 0
0.0400613 0.61325 0
-0.053126 0.613029 0
-0.0500705 0.557156 0
-0.00676476 0.612886 0
0.0463289 0.504826 0
0.0728949 0.485906 0
0.105641 0.52225 0
0.0139269 0.508907 0
0.0459209 0.505014 0
0.0429284 0.555602 0
-0.00331305 0.556134 0
0.0137607 0.509079 0
0.0427644 0.555773 0
-0.0306446 0.507464 0
-0.0257626 0.462876 0
0.0134415 0.508605 0
0.0136486 0.508453 0
-0.0255525 0.462723 0
0.0314649 0.462102 0
0.105835 0.476087 0
0.10611 0.434787 0
0.146609 0.470604 0
0.106287 0.522219 0
0.146809 0.471011 0
0.165556 0.510345 0
-0.242064 0.910397 0
-0.15248 0.90901 0
-0.160641 1.007 0
-0.354034 1.00002 0
-0.4193 0.908465 0
-0.330388 0.9063 0
-0.286076 0.743886 0
-0.201477 0.755018 0
-0.229058 0.824985 0
-0.128443 0.742696 0
-0.200865 0.754533 0
-0.203435 0.680805 0
-0.180946 0.623318 0
-0.118591 0.672314 0
-0.203335 0.680131 0
-0.0421596 0.74765 0
-0.0552257 0.825425 0
-0.127417 0.743157 0
-0.138637 0.821854 0
-0.152361 0.908108 0
-0.228399 0.825757 0
0.0429289 0.322706 0
0.0649103 0.318644 0
0.0679059 0.34389 0
0.0107228 0.353697 0
0.0168962 0.325107 0
0.0392682 0.351864 0
0.0469705 0.296469 0
0.0648388 0.318485 0
0.042855 0.322546 0
0.0468267 0.296404 0
0.0427144 0.322481 0
0.0236698 0.299146 0
-0.138464 0.821066 0
-0.200646 0.755003 0
-0.128226 0.743168 0
0.0216568 0.829433 0
-0.059348 0.913176 0
-0.0547839 0.826267 0
-0.242294 0.909791 0
-0.228749 0.826052 0
-0.152708 0.908402 0
-0.35349 1.00034 0
-0.329846 0.906618 0
-0.257506 1.00356 0
-0.307053 0.820924 0
-0.229266 0.825759 0
-0.242813 0.909498 0
-0.368657 0.748739 0
-0.308011 0.820389 0
-0.389905 0.826445 0
-0.286433 0.744106 0
-0.229412 0.825203 0
-0.3072 0.82037 0
-0.0553187 0.826242 0
-0.0598821 0.913149 0
-0.137748 0.821872 0
-0.12774 0.743405 0
-0.0555457 0.825671 0
-0.137976 0.821303 0
-0.0416602 0.747938 0
0.0217167 0.828878 0
-0.0547245 0.825713 0
-0.160989 1.00732 0
-0.256572 1.0036 0
-0.242415 0.910715 0
0.0902288 0.310687 0
0.0650729 0.318429 0
0.0700784 0.291865 0
0.118458 0.362814 0
0.0892325 0.338659 0
0.116229 0.331897 0
0.0880854 0.369163 0
0.0567578 0.381092 0
0.0680288 0.344255 0
0.238011 0.35065 0
0.216282 0.340236 0
0.244855 0.313753 0
0.275507 0.326488 0
0.23821 0.350604 0
0.245052 0.313708 0
0.261465 0.361932 0
0.224064 0.374065 0
0.238092 0.350924 0
0.218013 0.421867 0
0.223946 0.374426 0
0.24677 0.398827 0
0.188316 0.36054 0
0.216045 0.340471 0
0.223744 0.374026 0
0.168023 0.412316 0
0.140127 0.389702 0
0.164028 0.3753 0
0.18403 0.445749 0
0.168268 0.412576 0
0.193091 0.39701 0
0.143041 0.428025 0
0.140055 0.389879 0
0.167954 0.412493 0
0.217702 0.4221 0
0.184197 0.445781 0
0.193257 0.397042 0
0.10558 0.476 0
0.0708077 0.444845 0
0.105856 0.4347 0
0.156535 0.344798 0
0.155963 0.312838 0
0.19184 0.322001 0
0.164149 0.374978 0
0.156548 0.345135 0
0.187917 0.360558 0
0.193091 0.396601 0
0.164272 0.375151 0
0.18804 0.360731 0
0.140088 0.389477 0
0.156387 0.345232 0
0.163989 0.375075 0
0.193025 0.396774 0
0.168201 0.41234 0
0.164205 0.375324 0
0.223669 0.374214 0
0.193291 0.396598 0
0.188238 0.360728 0
0.146609 0.470897 0
0.106086 0.522105 0
0.105835 0.47638 0
0.1681 0.412681 0
0.183863 0.445853 0
0.143188 0.428213 0
0.184004 0.44622 0
0.206223 0.479869 0
0.147206 0.470655 0
0.143116 0.428407 0
0.183793 0.446047 0
0.146994 0.470482 0
0.217941 0.422395 0
0.24279 0.45128 0
0.206656 0.479724 0
0.105771 0.43447 0
0.0707211 0.444616 0
0.0799095 0.407583 0
0.142723 0.428122 0
0.106101 0.43438 0
0.106869 0.396965 0
0.142857 0.428369 0
0.146732 0.470444 0
0.106235 0.434626 0
0.136324 0.322879 0
0.115058 0.303303 0
0.13567 0.294121 0
0.118425 0.363132 0
0.106728 0.396529 0
0.088421 0.369278 0
0.136273 0.323204 0
0.118616 0.362763 0
0.116387 0.331845 0
0.13977 0.389609 0
0.106902 0.396598 0
0.118596 0.363201 0
0.0904691 0.310612 0
0.0927651 0.285463 0
0.11476 0.303235 0
0.11622 0.331605 0
0.0905509 0.310768 0
0.11484 0.303388 0
0.0889662 0.338441 0
0.0651399 0.318585 0
0.0902932 0.310842 0
0.2261 0.64494 0
0.298157 0.653233 0
0.248494 0.702014 0
0.215053 0.528135 0
0.255695 0.551938 0
0.224665 0.580355 0
0.206388 0.480274 0
0.214692 0.527662 0
0.166118 0.510394 0
0.206684 0.480223 0
0.254235 0.495203 0
0.214988 0.527611 0
0.106345 0.573669 0
0.0404914 0.61271 0
0.0432203 0.556179 0
0.175443 0.621688 0
0.0970884 0.633904 0
0.144765 0.575766 0
0.100454 0.696082 0
0.0276534 0.678388 0
0.0964452 0.634495 0
-0.00565066 0.325733 0
0.0104809 0.353705 0
-0.0107338 0.354059 0
0.0426185 0.322578 0
0.0169488 0.324827 0
0.0235738 0.299239 0
0.0426723 0.322754 0
0.0393737 0.351761 0
0.0170051 0.325004 0
0.030451 0.383779 0
0.0149062 0.422519 0
0.00450987 0.386203 0
0.0796869 0.407316 0
0.0529424 0.41786 0
0.0566786 0.381465 0
0.0881245 0.369374 0
0.0798037 0.407154 0
0.0567982 0.381302 0
0.106659 0.396895 0
0.10589 0.43431 0
0.0800312 0.407423 0
0.0703839 0.444743 0
0.0319162 0.461741 0
0.0528279 0.418253 0
0.0797331 0.407528 0
0.0705433 0.444561 0
0.0529897 0.418071 0
0.0891375 0.338784 0
0.118366 0.362938 0
0.0883617 0.369084 0
0.139852 0.389826 0
0.142835 0.427973 0
0.106983 0.396815 0
0.105588 0.47643 0
0.105839 0.522155 0
0.073094 0.485811 0
-0.0655827 0.460608 0
-0.026027 0.462715 0
-0.0309104 0.507303 0
-0.106737 0.498818 0
-0.0660034 0.460722 0
-0.0754626 0.505118 0
-0.10011 0.453501 0
-0.075528 0.417735 0
-0.0659801 0.460277 0
-0.116864 0.363783 0
-0.0925301 0.372651 0
-0.107678 0.401799 0
-0.065749 0.46075 0
-0.0310741 0.507445 0
-0.0752085 0.505146 0
-0.0481052 0.420108 0
-0.0260842 0.462422 0
-0.0656411 0.460316 0
-0.0678664 0.381774 0
-0.0361956 0.385013 0
-0.0481461 0.419586 0
0.00433681 0.386332 0
0.0147362 0.422648 0
-0.0207053 0.422151 0
0.0460804 0.504624 0
0.0319013 0.462166 0
0.0726479 0.485704 0
0.223768 0.374419 0
0.217834 0.421861 0
0.19339 0.396803 0
0.316949 0.286552 0
0.301763 0.259829 0
0.343729 0.259083 0
0.362091 0.287953 0
0.317152 0.286647 0
0.343931 0.259177 0
0.333733 0.315949 0
0.304338 0.321298 0
0.316924 0.286948 0
0.304188 0.32122 0
0.289195 0.292489 0
0.316775 0.286869 0
0.321099 0.352684 0
0.304351 0.321519 0
0.333747 0.316169 0
0.275874 0.326319 0
0.289058 0.292621 0
0.304051 0.321352 0
0.26179 0.361857 0
0.275714 0.326734 0
0.283647 0.376022 0
0.247116 0.398633 0
0.261694 0.362099 0
0.283552 0.376263 0
0.223911 0.373993 0
0.216211 0.340438 0
0.237941 0.350852 0
0.244927 0.313377 0
0.225866 0.29473 0
0.250324 0.28359 0
0.261638 0.361773 0
0.238266 0.350765 0
0.275563 0.326649 0
0.216241 0.340049 0
0.225751 0.294921 0
0.244813 0.313566 0
0.27592 0.271632 0
0.2755 0.247037 0
0.301398 0.259739 0
0.250638 0.283444 0
0.275795 0.271863 0
0.288878 0.292312 0
0.250594 0.283292 0
0.275331 0.247116 0
0.27575 0.271711 0
0.275676 0.326293 0
0.245223 0.313513 0
0.288862 0.292595 0
0.225784 0.29457 0
0.220552 0.265386 0
0.250241 0.28343 0
0.420044 0.277216 0
0.397431 0.303618 0
0.386923 0.259859 0
0.408015 0.232874 0
0.448631 0.240792 0
0.420286 0.276916 0
0.481085 0.269975 0
0.526572 0.286092 0
0.497479 0.316749 0
0.397563 0.304116 0
0.43572 0.321047 0
0.411003 0.364902 0
0.342653 0.378954 0
0.370298 0.341514 0
0.410601 0.365221 0
0.420486 0.277307 0
0.480527 0.26996 0
0.43603 0.32064 0
0.242924 0.45101 0
0.218077 0.422124 0
0.246833 0.399084 0
0.348795 0.434626 0
0.342523 0.379458 0
0.393982 0.422825 0
0.348066 0.532854 0
0.287581 0.512524 0
0.330132 0.469036 0
0.342731 0.379227 0
0.410681 0.365493 0
0.394189 0.422593 0
0.330221 0.468391 0
0.313714 0.417754 0
0.348485 0.434906 0
0.316766 0.286663 0
0.289187 0.292283 0
0.30158 0.25994 0
0.370107 0.341047 0
0.334105 0.316019 0
0.362236 0.288325 0
0.320932 0.352885 0
0.283941 0.375975 0
0.304184 0.32172 0
0.313663 0.417183 0
0.321158 0.353215 0
0.342163 0.379167 0
0.283789 0.375887 0
0.275855 0.326599 0
0.304034 0.321632 0
0.224093 0.374225 0
0.261495 0.362092 0
0.246915 0.398627 0
0.370482 0.341263 0
0.397345 0.304184 0
0.410783 0.364969 0
0.321348 0.352961 0
0.369999 0.341473 0
0.342352 0.378912 0
0.362447 0.288284 0
0.397183 0.303927 0
0.37032 0.341006 0
0.224434 0.580977 0
0.22561 0.64443 0
0.176139 0.62174 0
0.145045 0.57549 0
0.1802 0.551668 0
0.17572 0.621412 0
0.255885 0.55219 0
0.271643 0.603208 0
0.224856 0.580607 0
0.224755 0.580916 0
0.271543 0.603518 0
0.22593 0.644369 0
0.175987 0.621429 0
0.180466 0.551686 0
0.224283 0.580666 0
0.491291 0.400795 0
0.449884 0.382362 0
0.497258 0.31751 0
0.541592 0.339933 0
0.491601 0.400653 0
0.497564 0.317366 0
0.348638 0.532849 0
0.371893 0.477199 0
0.416397 0.502805 0
0.354005 0.612769 0
0.348502 0.533498 0
0.394091 0.561522 0
0.301273 0.553379 0
0.287484 0.512807 0
0.34797 0.533137 0
0.353693 0.612743 0
0.301495 0.553714 0
0.348191 0.533472 0
0.256035 0.551602 0
0.25464 0.495392 0
0.287021 0.512675 0
0.274096 0.422195 0
0.243113 0.45101 0
0.24702 0.399084 0
0.330029 0.468478 0
0.291465 0.460702 0
0.313522 0.417841 0
0.371605 0.476757 0
0.330416 0.46859 0
0.348679 0.435104 0
0.371604 0.477085 0
0.348348 0.532735 0
0.330414 0.468917 0
0.25461 0.494884 0
0.243194 0.45146 0
0.290978 0.460903 0
0.274244 0.422402 0
0.291043 0.460659 0
0.243261 0.451216 0
0.283594 0.376464 0
0.274232 0.421945 0
0.247157 0.398834 0
0.313337 0.417686 0
0.291278 0.460547 0
0.274479 0.42229 0
0.320963 0.353205 0
0.313467 0.417173 0
0.283971 0.376295 0
0.342255 0.37944 0
0.348525 0.434607 0
0.313755 0.417456 0
0.274454 0.422008 0
0.283815 0.376526 0
0.313311 0.417404 0
0.287391 0.512283 0
0.291377 0.461019 0
0.329943 0.468795 0
0.256192 0.551797 0
0.287176 0.512869 0
0.300965 0.553441 0
0.254758 0.495088 0
0.291125 0.461107 0
0.287138 0.512371 0
0.298235 0.652903 0
0.226178 0.644611 0
0.271789 0.603759 0
0.135663 0.29385 0
0.114935 0.277193 0
0.136111 0.267428 0
0.0891382 0.338485 0
0.0904629 0.310885 0
0.116135 0.331722 0
0.092842 0.285354 0
0.114719 0.277281 0
0.114837 0.303122 0
0.135802 0.293868 0
0.136255 0.267447 0
0.155708 0.283106 0
0.0317296 0.461667 0
0.0150732 0.422887 0
0.0526431 0.41818 0
0.0727289 0.485504 0
0.0319841 0.461966 0
0.0704502 0.444969 0
0.0458834 0.504701 0
0.0138889 0.508594 0
0.0317031 0.462244 0
-0.100251 0.453306 0
-0.107566 0.402248 0
-0.0756664 0.417541 0
-0.0482698 0.419958 0
-0.0658075 0.460165 0
-0.0753529 0.417623 0
-0.0679992 0.381882 0
-0.0482763 0.419694 0
-0.0753605 0.41736 0
-0.0210162 0.422396 0
-0.0259358 0.462295 0
-0.0479541 0.41998 0
-0.193346 0.535099 0
-0.168947 0.567545 0
-0.243449 0.547605 0
-0.216733 0.504218 0
-0.193507 0.534887 0
-0.24361 0.547394 0
-0.216442 0.504118 0
-0.157225 0.517783 0
-0.193217 0.534788 0
-0.130233 0.478174 0
-0.156832 0.517469 0
-0.16124 0.466616 0
-0.106975 0.499321 0
-0.0856912 0.555278 0
-0.126317 0.561222 0
0.0307071 0.383527 0
0.0394654 0.352152 0
0.0564708 0.381166 0
0.0527773 0.41778 0
0.030752 0.383747 0
0.0565152 0.381386 0
0.00449537 0.385973 0
0.0106508 0.354006 0
0.0304374 0.383548 0
0.0799715 0.407206 0
0.0882905 0.369426 0
0.1066 0.396677 0
0.015069 0.422626 0
0.0306114 0.383885 0
0.0526397 0.417918 0
0.0395917 0.35202 0
0.0678673 0.344198 0
0.0565938 0.381034 0
0.0107693 0.353892 0
0.0393134 0.352061 0
0.0305529 0.383435 0
-0.0398611 0.352567 0
-0.0607805 0.349623 0
-0.053943 0.32164 0
-0.0359782 0.384698 0
-0.039635 0.352794 0
-0.0110027 0.354254 0
-0.0361673 0.384789 0
-0.0678394 0.381551 0
-0.0398275 0.352886 0
-0.0055951 0.325458 0
3.21374e-05 0.300169 0
0.0167105 0.324841 0
0.0681386 0.344112 0
0.08897 0.338721 0
0.088192 0.369021 0
0.0428421 0.322816 0
0.0678223 0.344002 0
0.0395451 0.351825 0
0.0650637 0.318696 0
0.088893 0.338552 0
0.0680607 0.343944 0
0.0699273 0.291817 0
0.0649252 0.318381 0
0.0470568 0.296368 0
0.070166 0.291757 0
0.0926089 0.285425 0
0.0903166 0.310575 0
0.118763 0.363028 0
0.156237 0.345192 0
0.139935 0.389437 0
0.205139 0.929479 0
0.122492 0.925588 0
0.194564 0.841782 0
0.262674 0.773208 0
0.278914 0.849996 0
0.195281 0.841008 0
0.223252 1.0253 0
0.128467 1.02074 0
0.205254 0.930411 0
-0.151885 0.909349 0
-0.0647387 1.0115 0
-0.160046 1.00734 0
0.177839 0.26874 0
0.156875 0.255801 0
0.176263 0.242842 0
0.135871 0.29402 0
0.155775 0.283255 0
0.155773 0.312539 0
0.136462 0.32291 0
0.135805 0.294153 0
0.155709 0.312672 0
0.114983 0.30315 0
0.114869 0.27731 0
0.135597 0.29397 0
0.13632 0.267324 0
0.156665 0.255927 0
0.155773 0.282979 0
0.18581 0.293693 0
0.203499 0.280338 0
0.192096 0.321722 0
0.194774 0.228262 0
0.198565 0.253221 0
0.176462 0.242701 0
0.194954 0.228111 0
0.212076 0.212279 0
0.21576 0.23775 0
0.18553 0.293672 0
0.155941 0.312538 0
0.15594 0.283254 0
0.178075 0.268854 0
0.198605 0.253478 0
0.203493 0.280027 0
0.215939 0.340297 0
0.18821 0.360366 0
0.192145 0.322145 0
0.136261 0.323004 0
0.116375 0.331646 0
0.114992 0.303429 0
0.156348 0.344802 0
0.136531 0.32308 0
0.155778 0.312842 0
0.156225 0.344969 0
0.118751 0.362806 0
0.136406 0.323248 0
0.5747 0.225849 0
0.526978 0.285596 0
0.524627 0.212443 0
0.533515 0.170708 0
0.574721 0.225463 0
0.524648 0.212057 0
0.631698 0.240649 0
0.702929 0.173372 0
0.689497 0.264889 0
0.638687 0.31578 0
0.637894 0.399559 0
0.583859 0.373748 0
0.631132 0.24122 0
0.638665 0.314981 0
0.584385 0.293627 0
0.69945 0.339715 0
0.762228 0.371081 0
0.702561 0.422434 0
0.689509 0.265692 0
0.698996 0.339004 0
0.639244 0.315214 0
0.689912 0.265581 0
0.759762 0.282451 0
0.699401 0.338896 0
0.836713 0.399587 0
0.766578 0.456465 0
0.762901 0.371394 0
0.924192 0.325736 0
0.837496 0.398922 0
0.838633 0.302464 0
0.918876 0.433062 0
0.912666 0.537915 0
0.836909 0.495121 0
0.770477 0.535358 0
0.836175 0.495704 0
0.841834 0.60868 0
0.678451 0.616555 0
0.769722 0.535796 0
0.773549 0.618022 0
0.766598 0.457329 0
0.835923 0.495194 0
0.770225 0.534852 0
0.298941 0.653025 0
0.35371 0.613536 0
0.355262 0.671409 0
-0.0593416 0.914087 0
0.0320979 0.917126 0
-0.0637893 1.01121 0
0.018685 0.750325 0
0.0219617 0.828625 0
-0.0414125 0.747684 0
-0.0345945 0.677581 0
0.0184956 0.749817 0
-0.0416028 0.747178 0
0.0273934 0.678775 0
0.100195 0.696469 0
0.0191762 0.749652 0
0.0324019 0.917468 0
0.0316406 1.01603 0
-0.0634828 1.01156 0
0.10592 0.843415 0
0.0329383 0.916282 0
0.0225031 0.829501 0
0.121373 0.926128 0
0.0322598 1.01574 0
0.0330238 0.917181 0
0.18801 0.360382 0
0.156643 0.344957 0
0.191947 0.322161 0
0.250514 0.283169 0
0.251916 0.235018 0
0.275251 0.246993 0
0.215929 0.237997 0
0.236109 0.250015 0
0.220473 0.265085 0
0.230795 0.223473 0
0.251719 0.234827 0
0.236264 0.249865 0
0.122269 0.926187 0
0.204917 0.930079 0
0.128127 1.0204 0
0.230595 0.22336 0
0.215881 0.237731 0
0.212202 0.21226 0
0.262362 0.186001 0
0.24281 0.176313 0
0.255765 0.15692 0
0.267072 0.218458 0
0.246562 0.206587 0
0.262414 0.186304 0
0.246479 0.206446 0
0.242781 0.176474 0
0.262332 0.186166 0
0.228225 0.194822 0
0.242662 0.176506 0
0.246363 0.206479 0
0.277293 0.164231 0
0.288536 0.144385 0
0.297288 0.177323 0
0.284791 0.195819 0
0.277281 0.164404 0
0.297275 0.177496 0
0.262477 0.185957 0
0.255883 0.156877 0
0.277068 0.164304 0
0.321951 0.132026 0
0.33878 0.160348 0
0.31251 0.152138 0
0.27548 0.246709 0
0.267306 0.218686 0
0.303622 0.214488 0
0.215719 0.237887 0
0.198699 0.253202 0
0.194912 0.228243 0
0.236143 0.249876 0
0.215964 0.237857 0
0.230676 0.223483 0
0.220347 0.265097 0
0.198787 0.253325 0
0.215805 0.238008 0
0.250275 0.283282 0
0.220587 0.265237 0
0.236224 0.250167 0
0.203451 0.280161 0
0.185762 0.293517 0
0.178031 0.268989 0
0.225627 0.294559 0
0.203726 0.280152 0
0.220397 0.265374 0
0.225534 0.294747 0
0.192231 0.321725 0
0.203631 0.280342 0
0.21224 0.212122 0
0.228068 0.194995 0
0.230633 0.223217 0
0.291739 0.0702061 0
0.306491 0.098006 0
0.285409 0.0926529 0
0.33878 0.160536 0
0.321849 0.188227 0
0.31251 0.152327 0
0.385214 0.11492 0
0.37715 0.150415 0
0.348012 0.134704 0
0.358248 0.187008 0
0.322002 0.188344 0
0.338933 0.160652 0
0.347857 0.134855 0
0.376994 0.150569 0
0.339082 0.160352 0
0.391839 0.195593 0
0.367966 0.228601 0
0.358579 0.187259 0
0.312375 0.152014 0
0.298455 0.123401 0
0.321815 0.131903 0
0.377475 0.150619 0
0.410824 0.139352 0
0.419834 0.170891 0
0.339117 0.160527 0
0.377031 0.150743 0
0.358434 0.186882 0
0.385424 0.114934 0
0.410708 0.139164 0
0.37736 0.15043 0
0.297406 0.177282 0
0.288653 0.144346 0
0.312261 0.152236 0
0.842311 0.608691 0
0.836651 0.495713 0
0.912409 0.538502 0
0.778766 0.705131 0
0.842094 0.609741 0
0.905749 0.643452 0
0.769784 0.534887 0
0.704506 0.505793 0
0.766158 0.457367 0
0.778322 0.705051 0
0.774123 0.618565 0
0.841653 0.609658 0
0.707555 0.689214 0
0.710112 0.788809 0
0.619675 0.773056 0
0.255898 0.156715 0
0.267292 0.136366 0
0.277083 0.164139 0
0.619457 0.773668 0
0.709895 0.789422 0
0.64295 0.871915 0
0.482692 0.713157 0
0.546188 0.682187 0
0.547307 0.788452 0
0.708085 0.688987 0
0.777664 0.705884 0
0.710641 0.788585 0
0.611734 0.649339 0
0.60142 0.585672 0
0.677346 0.616827 0
0.707422 0.688225 0
0.612091 0.649681 0
0.677701 0.617172 0
0.546589 0.681404 0
0.538511 0.617805 0
0.611087 0.649662 0
0.547764 0.788654 0
0.546643 0.682386 0
0.618593 0.773031 0
0.482445 0.712587 0
0.473757 0.618495 0
0.545942 0.681616 0
0.773676 0.618831 0
0.777875 0.705314 0
0.708298 0.688417 0
0.471243 0.214139 0
0.48776 0.150945 0
0.524149 0.211954 0
0.480992 0.269388 0
0.471219 0.214536 0
0.524128 0.212352 0
0.448872 0.240488 0
0.429597 0.204694 0
0.470795 0.214414 0
0.480738 0.269482 0
0.449043 0.240706 0
0.470968 0.214631 0
0.497175 0.316866 0
0.436287 0.320773 0
0.480784 0.270093 0
0.541709 0.339548 0
0.497682 0.316982 0
0.526776 0.286325 0
0.583714 0.29386 0
0.541999 0.339471 0
0.527064 0.286247 0
0.394883 0.561531 0
0.465763 0.531442 0
0.473196 0.617488 0
0.581026 0.444408 0
0.590524 0.511902 0
0.538691 0.48939 0
0.417017 0.691412 0
0.473324 0.618529 0
0.482012 0.71262 0
0.404703 0.623837 0
0.354194 0.613072 0
0.394279 0.561825 0
0.416758 0.691115 0
0.405176 0.624287 0
0.473068 0.618233 0
0.416365 0.691294 0
0.355826 0.671574 0
0.404782 0.624466 0
0.272226 0.603323 0
0.30124 0.553948 0
0.35344 0.612978 0
0.348713 0.533131 0
0.416472 0.503087 0
0.394301 0.561154 0
0.652521 0.545309 0
0.591136 0.512166 0
0.650175 0.467493 0
0.677826 0.616217 0
0.652991 0.545788 0
0.70382 0.506363 0
0.601267 0.584977 0
0.590971 0.51256 0
0.652357 0.545704 0
0.703728 0.505862 0
0.652899 0.545289 0
0.650552 0.46747 0
0.618804 0.772567 0
0.546858 0.681922 0
0.611355 0.650182 0
0.537971 0.489534 0
0.466298 0.530704 0
0.48975 0.46872 0
0.611269 0.64934 0
0.538694 0.617485 0
0.600955 0.585675 0
0.473651 0.617474 0
0.466217 0.531426 0
0.530347 0.55707 0
0.537116 0.421262 0
0.583329 0.374249 0
0.580996 0.44372 0
0.538511 0.489087 0
0.536965 0.421647 0
0.580846 0.444105 0
0.417095 0.502483 0
0.43992 0.444961 0
0.489259 0.468477 0
0.394693 0.561147 0
0.416863 0.50308 0
0.465574 0.531058 0
0.372199 0.476904 0
0.439529 0.44499 0
0.416701 0.50251 0
0.449409 0.382255 0
0.411177 0.365164 0
0.435894 0.321309 0
0.440036 0.444336 0
0.449691 0.382787 0
0.4911 0.40122 0
0.439712 0.444408 0
0.394644 0.422869 0
0.449368 0.38286 0
0.583666 0.374177 0
0.637701 0.399988 0
0.581335 0.443649 0
0.541724 0.340281 0
0.536679 0.421006 0
0.491731 0.401 0
0.458676 0.178702 0
0.429462 0.204343 0
0.420168 0.171202 0
0.487461 0.150601 0
0.458962 0.178433 0
0.447416 0.144778 0
0.470829 0.214207 0
0.429631 0.204487 0
0.458847 0.178846 0
0.42053 0.27704 0
0.448874 0.240915 0
0.480568 0.269692 0
0.420078 0.276979 0
0.386959 0.259622 0
0.407808 0.232937 0
0.25614 0.5521 0
0.300914 0.553744 0
0.271898 0.603118 0
0.420208 0.27742 0
0.43575 0.320753 0
0.397595 0.303823 0
0.54203 0.340189 0
0.583198 0.373901 0
0.536986 0.420915 0
0.225577 0.294948 0
0.216064 0.340078 0
0.192272 0.321925 0
0.203636 0.280014 0
0.198745 0.253466 0
0.220306 0.265237 0
0.156062 0.312666 0
0.185651 0.293802 0
0.191936 0.32183 0
0.177981 0.26873 0
0.17641 0.242832 0
0.198513 0.253356 0
0.156015 0.283107 0
0.177873 0.268998 0
0.185602 0.293527 0
0.155915 0.282982 0
0.156811 0.255931 0
0.177775 0.268875 0
0.333927 0.315837 0
0.317118 0.286837 0
0.362059 0.288143 0
0.236329 0.250066 0
0.251786 0.235028 0
0.250381 0.283181 0
0.267338 0.218516 0
0.284779 0.196123 0
0.303652 0.214319 0
0.251972 0.234801 0
0.267134 0.218754 0
0.275305 0.246777 0
0.251876 0.234667 0
0.246526 0.20675 0
0.267036 0.21862 0
0.246405 0.206765 0
0.251753 0.234683 0
0.230829 0.223328 0
0.228188 0.194973 0
0.246325 0.206634 0
0.230748 0.223195 0
0.262542 0.18627 0
0.28464 0.196029 0
0.267201 0.218422 0
0.32132 0.35275 0
0.333967 0.316236 0
0.36997 0.341263 0
0.288776 0.292452 0
0.245139 0.313369 0
0.250535 0.283583 0
0.275595 0.246846 0
0.303737 0.214624 0
0.301492 0.259547 0
0.312264 0.152056 0
0.288656 0.144165 0
0.298344 0.123441 0
0.319681 0.238513 0
0.337248 0.217421 0
0.343856 0.258781 0
0.303883 0.214597 0
0.319429 0.238506 0
0.301639 0.259519 0
0.304001 0.214455 0
0.337113 0.217273 0
0.319548 0.238364 0
0.297365 0.177662 0
0.303753 0.214181 0
0.284879 0.195986 0
0.337408 0.21739 0
0.367735 0.228913 0
0.344018 0.258748 0
0.321814 0.188623 0
0.337121 0.217107 0
0.30401 0.214288 0
0.321995 0.188533 0
0.358244 0.187198 0
0.337304 0.217015 0
0.312372 0.152383 0
0.32171 0.188284 0
0.297516 0.17743 0
0.358398 0.187332 0
0.367783 0.228673 0
0.337457 0.21715 0
0.347943 0.134565 0
0.35642 0.109045 0
0.385144 0.114782 0
0.322068 0.131969 0
0.347673 0.134793 0
0.338898 0.160289 0
0.32204 0.131778 0
0.330258 0.103637 0
0.347644 0.134603 0
0.407634 0.232777 0
0.386784 0.259461 0
0.368112 0.228967 0
0.429198 0.204605 0
0.407856 0.232482 0
0.392207 0.195663 0
0.429387 0.204755 0
0.44866 0.240549 0
0.408046 0.232632 0
0.284674 0.195849 0
0.262575 0.186088 0
0.277165 0.164432 0
0.267404 0.136321 0
0.288435 0.14425 0
0.277192 0.164094 0
0.267403 0.13616 0
0.277166 0.11498 0
0.288435 0.144086 0
0.845368 0.203596 0
0.928648 0.217921 0
0.838678 0.301455 0
0.760746 0.282119 0
0.844807 0.203815 0
0.838111 0.301667 0
0.844544 0.100088 0
0.931531 0.109332 0
0.845402 0.202564 0
0.27726 0.114766 0
0.285332 0.0928849 0
0.298216 0.123147 0
0.312896 0.0758943 0
0.306583 0.0979477 0
0.291832 0.0701479 0
0.296347 0.0471055 0
0.312863 0.0757232 0
0.291797 0.0699797 0
0.33012 0.103516 0
0.321903 0.131656 0
0.306742 0.0982464 0
0.313025 0.0760039 0
0.33009 0.103329 0
0.306711 0.0980597 0
0.336493 0.0819348 0
0.356199 0.108831 0
0.330334 0.103385 0
0.5749 0.226121 0
0.583824 0.293479 0
0.527176 0.285868 0
0.918917 0.432031 0
0.837764 0.399353 0
0.924462 0.326176 0
0.842544 0.609183 0
0.912643 0.539 0
0.906198 0.642899 0
0.774096 0.617997 0
0.770268 0.535769 0
0.841625 0.609088 0
0.766823 0.456877 0
0.836959 0.400004 0
0.836147 0.494742 0
0.762452 0.371474 0
0.766127 0.456542 0
0.702785 0.422824 0
0.638492 0.399802 0
0.699037 0.339813 0
0.702145 0.422529 0
0.760469 0.282678 0
0.837836 0.302226 0
0.762886 0.37049 0
0.837468 0.399919 0
0.918623 0.432594 0
0.836657 0.494662 0
0.319272 0.0499367 0
0.312955 0.0756545 0
0.29644 0.0470369 0
0.306636 0.0983117 0
0.321796 0.131723 0
0.298436 0.12322 0
0.285432 0.0928273 0
0.306513 0.0981833 0
0.298314 0.123089 0
0.313125 0.07595 0
0.336348 0.081825 0
0.33019 0.103274 0
0.405392 0.0588911 0
0.442881 0.0434552 0
0.436959 0.0807904 0
0.405073 0.0586161 0
0.376362 0.0216815 0
0.407728 0.0205748 0
0.356478 0.108871 0
0.36508 0.0825548 0
0.385201 0.114606 0
0.345041 0.0526434 0
0.347805 0.0226813 0
0.373227 0.0555948 0
0.319513 0.0499745 0
0.344823 0.0528218 0
0.336419 0.0815683 0
0.322053 0.0230729 0
0.299156 0.023459 0
0.300072 0.000154747 0
0.37625 -0.0217999 0
0.373524 -0.0556152 0
0.404959 -0.0587347 0
0.391667 -0.00133182 0
0.376319 -0.0214909 0
0.407684 -0.0203829 0
0.376317 0.021482 0
0.391667 -0.0010516 0
0.407682 0.0203743 0
0.376213 0.0213418 0
0.376214 -0.0213507 0
0.391561 -0.00119168 0
0.375973 0.021492 0
0.347826 0.0223926 0
0.348698 0.00014508 0
0.365326 0.0823356 0
0.405044 0.0590805 0
0.410203 0.0983648 0
0.482756 0.0176225 0
0.443164 0.0430475 0
0.444153 0.000202055 0
0.480288 0.0659308 0
0.43721 0.0808144 0
0.443132 0.0434784 0
0.533736 0.170464 0
0.590487 0.139563 0
0.574945 0.22522 0
0.506535 0.111086 0
0.541615 0.128506 0
0.487936 0.150321 0
0.525449 0.0702368 0
0.575097 0.0747218 0
0.541972 0.128116 0
0.483158 0.0177883 0
0.526372 0.0271907 0
0.480722 0.0656656 0
0.69617 0.00890125 0
0.63393 -0.0119064 0
0.694443 -0.0848259 0
0.765846 0.0849446 0
0.696852 0.00950924 0
0.766813 0.000316881 0
0.603897 0.0323347 0
0.577794 -0.0137518 0
0.633231 -0.0115905 0
0.631479 0.0791709 0
0.604077 0.0326465 0
0.633415 -0.0112786 0
0.575168 0.0743923 0
0.525521 0.0699078 0
0.563553 0.0300337 0
0.563822 0.0296139 0
0.577563 -0.0136135 0
0.603663 0.0324728 0
0.575432 0.0742678 0
0.563814 0.0299088 0
0.603656 0.032768 0
0.526797 0.0269582 0
0.527659 -0.0155693 0
0.563398 0.0295888 0
0.527705 -0.015986 0
0.52729 -0.0540158 0
0.577185 -0.0140554 0
0.483168 -0.0174721 0
0.527243 -0.0157585 0
0.483169 0.0173667 0
0.575575 -0.0743326 0
0.632576 -0.0678259 0
0.577699 -0.0142964 0
0.487459 0.150372 0
0.447415 0.144549 0
0.458505 0.110338 0
0.419946 0.171258 0
0.429238 0.204399 0
0.392248 0.195458 0
0.377412 0.150806 0
0.419771 0.171079 0
0.392075 0.195278 0
0.411057 0.139331 0
0.447031 0.144715 0
0.420068 0.17087 0
0.45825 0.110301 0
0.447159 0.144512 0
0.411185 0.139129 0
0.480341 0.0661538 0
0.458448 0.109844 0
0.437261 0.081037 0
0.480573 0.0662532 0
0.506233 0.110743 0
0.458679 0.109944 0
0.487542 0.150834 0
0.471025 0.214027 0
0.459041 0.178666 0
0.3679 0.229054 0
0.386571 0.259549 0
0.344183 0.25889 0
0.301772 0.259668 0
0.319562 0.238655 0
0.343736 0.258923 0
0.392004 0.195744 0
0.407651 0.232563 0
0.36813 0.228753 0
0.288538 0.14404 0
0.277272 0.114934 0
0.298226 0.123319 0
0.330372 0.103562 0
0.356236 0.109008 0
0.347759 0.134526 0
0.299134 0.0237038 0
0.319226 0.0497614 0
0.296393 0.0468645 0
0.376058 -0.0217059 0
0.347819 -0.030471 0
0.373333 -0.0555197 0
0.404957 0.0587339 0
0.373523 0.0556128 0
0.376248 0.0217989 0
0.442783 0.0432532 0
0.405295 0.0586894 0
0.407951 0.0206468 0
0.410136 0.0985514 0
0.385382 0.114571 0
0.36526 0.0825207 0
0.436849 0.0809749 0
0.410443 0.09836 0
0.405284 0.0590749 0
0.437027 0.0811456 0
0.458212 0.109952 0
0.41062 0.0985311 0
0.348521 7.37562e-05 0
0.347649 0.0223196 0
0.323243 7.37077e-05 0
0.375975 -0.0215197 0
0.348698 -0.00017385 0
0.347736 -0.0302857 0
0.376071 -0.0213459 0
0.376069 0.021345 0
0.348793 -1.14559e-06 0
0.313088 0.0757717 0
0.319406 0.0500511 0
0.336312 0.0816457 0
0.322133 0.0229939 0
0.300152 7.58236e-05 0
0.322995 7.67766e-05 0
0.924498 0.325131 0
0.838941 0.301859 0
0.928915 0.218333 0
0.348518 -0.000193337 0
0.322339 -0.0267907 0
0.347556 -0.0303031 0
0.322292 0.0230703 0
0.323155 0.000150864 0
0.347561 0.0223971 0
0.344871 0.0525337 0
0.322365 0.0232452 0
0.347634 0.0225737 0
0.319312 0.0496811 0
0.299221 0.0236238 0
0.322117 0.0232404 0
0.300074 -7.90787e-05 0
0.299159 -0.0233832 0
0.322919 -8.06989e-05 0
0.362154 -0.0880957 0
0.336514 -0.0818676 0
0.330353 -0.103316 0
0.39525 -0.0867409 0
0.373446 -0.0559298 0
0.362495 -0.0879528 0
0.410862 -0.139002 0
0.422833 -0.102293 0
0.385575 -0.114775 0
0.407791 -0.0202427 0
0.407789 0.0202342 0
0.391772 -0.00119173 0
0.440505 -0.0621116 0
0.407946 -0.0207105 0
0.405289 -0.0587532 0
0.443784 -7.59531e-07 0
0.407964 0.0202386 0
0.407965 -0.0202391 0
0.344967 -0.0529494 0
0.336563 -0.0816987 0
0.362204 -0.0879252 0
0.373277 -0.0558167 0
0.34509 -0.0528627 0
0.362328 -0.0878381 0
0.347544 -0.0304789 0
0.322327 -0.0269646 0
0.34487 -0.0525739 0
0.364917 0.0824457 0
0.356315 0.10876 0
0.336609 0.0818651 0
0.344976 0.0529294 0
0.364879 0.0822579 0
0.336571 0.0816779 0
0.373485 0.0558156 0
0.40492 0.058938 0
0.365203 0.0821924 0
0.319225 -0.049762 0
0.299134 -0.0237039 0
0.296393 -0.0468645 0
0.322271 0.0233362 0
0.344776 0.0526254 0
0.319465 0.0497797 0
0.322257 -0.0266892 0
0.348436 -9.1954e-05 0
0.323157 -8.98519e-05 0
0.376056 0.0216783 0
0.373332 0.0554906 0
0.347909 0.0225776 0
0.322993 -0.000170172 0
0.299233 -0.0234726 0
0.322092 -0.0267668 0
0.526513 0.0273655 0
0.525082 0.0698701 0
0.480861 0.0658404 0
0.52739 -0.0156095 0
0.526528 0.0269177 0
0.483313 0.0175156 0
0.527827 -0.015706 0
0.577307 -0.0137751 0
0.563568 0.0294522 0
0.575309 0.225192 0
0.590849 0.139533 0
0.641748 0.161831 0
0.506456 0.110609 0
0.480794 0.0661194 0
0.525015 0.0701496 0
0.541741 0.128237 0
0.50666 0.110818 0
0.525221 0.0703581 0
0.487657 0.15026 0
0.458702 0.110225 0
0.506257 0.111025 0
0.537656 -0.143248 0
0.486225 -0.184775 0
0.530591 -0.198407 0
0.422847 -0.101931 0
0.405189 -0.0591072 0
0.395558 -0.0867982 0
0.44704 -0.144485 0
0.42304 -0.102392 0
0.411068 -0.139102 0
0.480724 -0.0657567 0
0.526817 -0.0541949 0
0.48316 -0.0178786 0
0.441007 -0.0621265 0
0.480435 -0.0657832 0
0.482873 -0.0179058 0
0.458636 -0.110025 0
0.493209 -0.134581 0
0.480531 -0.066334 0
0.423176 -0.102021 0
0.458268 -0.109903 0
0.440735 -0.0625551 0
0.447524 -0.144747 0
0.485799 -0.184568 0
0.493189 -0.135093 0
0.288539 -0.144041 0
0.298246 -0.123324 0
0.277272 -0.114934 0
0.301218 -0.171487 0
0.28855 -0.144367 0
0.277293 -0.164207 0
0.301336 -0.171446 0
0.312273 -0.152217 0
0.288667 -0.144327 0
0.329002 -0.228381 0
0.356284 -0.243266 0
0.34886 -0.200321 0
0.321935 -0.188613 0
0.328887 -0.228198 0
0.348744 -0.200138 0
0.303912 -0.214563 0
0.30167 -0.259484 0
0.328669 -0.228483 0
0.348774 -0.129001 0
0.362196 -0.0882537 0
0.330395 -0.103474 0
0.840881 -0.296988 0
0.766179 -0.366228 0
0.836973 -0.399038 0
0.928923 -0.218313 0
0.841718 -0.296242 0
0.924508 -0.325113 0
0.844591 -0.203407 0
0.769241 -0.191543 0
0.76581 -0.27107 0
0.531065 -0.198531 0
0.574935 -0.225314 0
0.590483 -0.139657 0
0.493096 -0.134844 0
0.458524 -0.110287 0
0.447433 -0.144498 0
0.53753 -0.143036 0
0.49349 -0.135087 0
0.486102 -0.184562 0
0.532484 -0.0978519 0
0.526983 -0.0544634 0
0.480888 -0.0660249 0
0.537686 -0.142746 0
0.532563 -0.0983776 0
0.493646 -0.134798 0
0.53801 -0.14276 0
0.590361 -0.139044 0
0.532887 -0.0983914 0
0.577346 -0.0142512 0
0.527449 -0.0542114 0
0.575222 -0.0742868 0
0.52739 -0.0159983 0
0.483315 -0.0177115 0
0.526975 -0.0540278 0
0.458461 -0.109783 0
0.480353 -0.0660918 0
0.440925 -0.0624343 0
0.373228 -0.0556239 0
0.347715 -0.0305745 0
0.34504 -0.0526711 0
0.395393 -0.0866432 0
0.405023 -0.0589529 0
0.373588 -0.0558326 0
0.385322 -0.114553 0
0.395289 -0.086938 0
0.362535 -0.0881493 0
0.385524 -0.114601 0
0.42278 -0.102118 0
0.395492 -0.0869844 0
0.405075 -0.0586169 0
0.40773 -0.0205753 0
0.376364 -0.0216824 0
0.48289 0.0174193 0
0.444285 -7.66719e-07 0
0.48289 -0.017419 0
0.48288 0.0178425 0
0.480443 0.0657192 0
0.443285 0.0432673 0
0.343781 -0.305767 0
0.376461 -0.313328 0
0.37494 -0.27461 0
0.310785 -0.303824 0
0.343412 -0.305732 0
0.330427 -0.273614 0
0.301696 -0.259933 0
0.310645 -0.303671 0
0.330287 -0.27346 0
0.290186 -0.334962 0
0.31089 -0.357114 0
0.310542 -0.304202 0
0.35713 -0.354104 0
0.376401 -0.313595 0
0.343721 -0.306034 0
0.397246 -0.34789 0
0.435714 -0.320948 0
0.409324 -0.291294 0
0.304245 -0.514494 0
0.256219 -0.551914 0
0.291901 -0.586754 0
0.352592 -0.476408 0
0.304723 -0.514134 0
0.338209 -0.554443 0
0.278359 -0.4773 0
0.280684 -0.426817 0
0.243241 -0.451287 0
0.352516 -0.476059 0
0.315214 -0.450549 0
0.304646 -0.513785 0
0.352774 -0.475754 0
0.381562 -0.422852 0
0.315474 -0.450245 0
0.357283 -0.354491 0
0.369036 -0.387071 0
0.396848 -0.348323 0
0.526776 -0.286325 0
0.497769 -0.317027 0
0.541706 -0.339547 0
0.526915 -0.285671 0
0.574637 -0.225924 0
0.505961 -0.23492 0
0.411905 -0.22617 0
0.379004 -0.212816 0
0.375178 -0.274008 0
0.505449 -0.234565 0
0.485891 -0.185153 0
0.462795 -0.220353 0
0.368466 -0.169023 0
0.376966 -0.142064 0
0.34895 -0.129401 0
0.437923 -0.188621 0
0.410966 -0.139504 0
0.401628 -0.178557 0
0.440888 -0.0619067 0
0.48275 -0.0176858 0
0.444146 -0.000266933 0
0.422999 -0.10185 0
0.440556 -0.0623845 0
0.40534 -0.0590253 0
0.423197 -0.102295 0
0.447199 -0.144388 0
0.45829 -0.110178 0
0.394574 -0.576149 0
0.338509 -0.555071 0
0.352299 -0.602269 0
0.405923 -0.45458 0
0.385153 -0.521633 0
0.431723 -0.488378 0
0.35286 -0.476434 0
0.338478 -0.55447 0
0.384663 -0.521927 0
0.319252 -0.401467 0
0.315361 -0.449995 0
0.381449 -0.422603 0
0.318916 -0.40148 0
0.28106 -0.426559 0
0.315023 -0.450008 0
0.630918 0.24092 0
0.584173 0.293329 0
0.575246 0.225969 0
0.768515 0.191421 0
0.689959 0.264725 0
0.703385 0.173205 0
0.760007 0.282804 0
0.762421 0.370612 0
0.699644 0.339247 0
0.836953 0.399072 0
0.763142 0.370878 0
0.838094 0.30262 0
0.698824 0.339454 0
0.638281 0.399445 0
0.639072 0.315663 0
0.631238 0.0798139 0
0.590815 0.138756 0
0.575614 0.0747891 0
0.603883 0.0329342 0
0.631281 0.0794583 0
0.575657 0.074434 0
0.695347 0.0764616 0
0.642289 0.161135 0
0.631812 0.0798942 0
0.345098 0.0528427 0
0.373285 0.0557952 0
0.365003 0.0821705 0
0.458126 0.110147 0
0.411063 0.138975 0
0.410533 0.098725 0
0.377208 0.150859 0
0.391869 0.195332 0
0.358611 0.186999 0
0.41029 0.0987404 0
0.410819 0.13899 0
0.385534 0.114761 0
0.447191 0.144846 0
0.458736 0.178502 0
0.420228 0.171002 0
0.46257 -0.2202 0
0.485665 -0.185 0
0.438376 -0.188913 0
0.412394 -0.225911 0
0.462323 -0.220338 0
0.438131 -0.18905 0
0.439579 -0.254884 0
0.480676 -0.26955 0
0.462557 -0.220704 0
0.505648 -0.235067 0
0.481112 -0.269702 0
0.526599 -0.285817 0
0.486117 -0.18508 0
0.505678 -0.234492 0
0.530483 -0.198713 0
0.462777 -0.220636 0
0.480898 -0.269483 0
0.505433 -0.234848 0
0.409387 -0.290667 0
0.439172 -0.254974 0
0.41222 -0.226366 0
0.409465 -0.290983 0
0.435855 -0.320637 0
0.439253 -0.25529 0
0.497566 -0.316794 0
0.526573 -0.286092 0
0.481084 -0.269976 0
0.575735 -0.38188 0
0.583875 -0.294181 0
0.542158 -0.33979 0
0.438076 -0.188508 0
0.447091 -0.144775 0
0.411118 -0.139391 0
0.43935 -0.254738 0
0.462328 -0.220558 0
0.412397 -0.226131 0
0.485613 -0.184747 0
0.447341 -0.144927 0
0.438326 -0.18866 0
0.43949 -0.255219 0
0.436095 -0.320567 0
0.480589 -0.269886 0
0.533011 -0.0981635 0
0.590487 -0.138817 0
0.575285 -0.0748506 0
0.480777 -0.0662937 0
0.493458 -0.134542 0
0.532372 -0.0981209 0
0.530942 -0.198256 0
0.590356 -0.13938 0
0.538004 -0.143096 0
0.844551 -0.0990415 0
0.932535 -0.000324783 0
0.845825 0.00312954 0
0.931816 0.109728 0
0.92896 0.217277 0
0.845683 0.202955 0
0.40808 0.0204509 0
0.443902 0.000211977 0
0.442913 0.0430566 0
CELLS 2326 9304
3 0 1 2
3 3 4 5
3 6 7 8
3 9 10 11
3 12 13 14
3 15 16 17
3 18 19 20
3 21 22 23
3 24 25 26
3 27 28 29
3 30 31 32
3 33 34 35
3 36 37 38
3 39 40 41
3 42 43 44
3 45 46 47
3 48 49 50
3 51 52 53
3 54 55 56
3 57 58 59
3 60 61 62
3 63 64 65
3 66 67 68
3 69 70 71
3 72 73 74
3 75 76 77
3 78 79 80
3 81 82 83
3 84 85 86
3 87 88 89
3 90 91 92
3 93 94 95
3 96 97 98
3 99 100 101
3 102 103 104
3 105 106 107
3 108 109 110
3 111 112 113
3 114 115 116
3 117 118 119
3 120 121 122
3 123 124 125
3 126 127 128
3 129 130 131
3 132 133 134
3 135 136 137
3 138 139 140
3 141 142 143
3 144 145 146
3 147 148 149
3 150 151 152
3 153 154 155
3 156 157 158
3 159 160 161
3 162 163 164
3 165 166 167
3 168 169 170
3 171 172 173
3 174 175 176
3 177 178 179
3 180 181 182
3 183 184 185
3 186 187 188
3 189 190 191
3 192 193 194
3 195 196 197
3 198 199 200
3 201 202 203
3 204 205 206
3 207 208 209
3 210 211 212
3 213 214 215
3 216 217 218
3 219 220 221
3 222 223 224
3 225 226 227
3 228 229 230
3 231 232 233
3 234 235 236
3 237 238 239
3 240 241 242
3 243 244 245
3 246 247 248
3 249 250 251
3 252 253 254
3 255 256 257
3 258 259 260
3 261 262 263
3 264 265 266
3 267 268 269
3 270 271 272
3 273 274 275
3 276 277 278
3 279 280 281
3 282 283 284
3 285 286 287
3 288 289 290
3 291 292 293
3 294 295 296
3 297 298 299
3 300 301 302
3 303 304 305
3 306 307 308
3 309 310 311
3 312 313 314
3 315 316 317
3 318 319 320
3 321 322 323
3 324 325 326
3 327 328 329
3 330 331 332
3 333 334 335
3 336 337 338
3 339 340 341
3 342 343 344
3 345 346 347
3 348 349 350
3 351 352 353
3 354 355 356
3 357 358 359
3 360 361 362
3 363 364 365
3 366 367 368
3 369 370 371
3 372 373 374
3 375 376 377
3 378 379 380
3 381 382 383
3 384 385 386
3 387 388 389
3 390 391 392
3 393 394 395
3 396 397 398
3 399 400 401
3 402 403 404
3 405 406 407
3 408 409 410
3 411 412 413
3 414 415 416
3 417 418 419
3 420 421 422
3 423 424 425
3 426 427 428
3 429 430 431
3 432 433 434
3 435 436 437
3 438 439 440
3 441 442 443
3 444 445 446
3 447 448 449
3 450 451 452
3 453 454 455
3 456 457 458
3 459 460 461
3 462 463 464
3 465 466 467
3 468 469 470
3 471 472 473
3 474 475 476
3 477 478 479
3 480 481 482
3 483 484 485
3 486 487 488
3 489 490 491
3 492 493 494
3 495 496 497
3 498 499 500
3 501 502 503
3 504 505 506
3 507 508 509
3 510 511 512
3 513 514 515
3 516 517 518
3 519 520 521
3 522 523 524
3 525 526 527
3 528 529 530
3 531 532 533
3 534 535 536
3 537 538 539
3 540 541 542
3 543 544 545
3 546 547 548
3 549 550 551
3 552 553 554
3 555 556 557
3 558 559 560
3 561 562 563
3 564 565 566
3 567 568 569
3 570 571 572
3 573 574 575
3 576 577 578
3 579 580 581
3 582 583 584
3 585 586 587
3 588 589 590
3 591 592 593
3 594 595 596
3 597 598 599
3 600 601 602
3 603 604 605
3 606 607 608
3 609 610 611
3 612 613 614
3 615 616 617
3 618 619 620
3 621 622 623
3 624 625 626
3 627 628 629
3 630 631 632
3 633 634 635
3 636 637 638
3 639 640 641
3 642 643 644
3 645 646 647
3 648 649 650
3 651 652 653
3 654 655 656
3 657 658 659
3 660 661 662
3 663 664 665
3 666 667 668
3 669 670 671
3 672 673 674
3 675 676 677
3 678 679 680
3 681 682 683
3 684 685 686
3 687 688 689
3 690 691 692
3 693 694 695
3 696 697 698
3 699 700 701
3 702 703 704
3 705 706 707
3 708 709 710
3 711 712 713
3 714 715 716
3 717 718 719
3 720 721 722
3 723 724 725
3 726 727 728
3 729 730 731
3 732 733 734
3 735 736 737
3 738 739 740
3 741 742 743
3 744 745 746
3 747 748 749
3 750 751 752
3 753 754 755
3 756 757 758
3 759 760 761
3 762 763 764
3 765 766 767
3 768 769 770
3 771 772 773
3 774 775 776
3 777 778 779
3 780 781 782
3 783 784 785
3 786 787 788
3 789 790 791
3 792 793 794
3 795 796 797
3 798 799 800
3 801 802 803
3 804 805 806
3 807 808 809
3 810 811 812
3 813 814 815
3 816 817 818
3 819 820 821
3 822 823 824
3 825 826 827
3 828 829 830
3 831 832 833
3 834 835 836
3 837 838 839
3 840 841 842
3 843 844 845
3 846 847 848
3 849 850 851
3 852 853 854
3 855 856 857
3 858 859 860
3 861 862 863
3 864 865 866
3 867 868 869
3 870 871 872
3 873 874 875
3 876 877 878
3 879 880 881
3 882 883 884
3 885 886 887
3 888 889 890
3 891 892 893
3 894 895 896
3 897 898 899
3 900 901 902
3 903 904 905
3 906 907 908
3 909 910 911
3 912 913 914
3 915 916 917
3 918 919 920
3 921 922 923
3 924 925 926
3 927 928 929
3 930 931 932
3 933 934 935
3 936 937 938
3 939 940 941
3 942 943 944
3 945 946 947
3 948 949 950
3 951 952 953
3 954 955 956
3 957 958 959
3 960 961 962
3 963 964 965
3 966 967 968
3 969 970 971
3 972 973 974
3 975 976 977
3 978 979 980
3 981 982 983
3 984 985 986
3 987 988 989
3 990 991 992
3 993 994 995
3 996 997 998
3 999 1000 1001
3 1002 1003 1004
3 1005 1006 1007
3 1008 1009 1010
3 1011 1012 1013
3 1014 1015 1016
3 1017 1018 1019
3 1020 1021 1022
3 1023 1024 1025
3 1026 1027 1028
3 1029 1030 1031
3 1032 1033 1034
3 1035 1036 1037
3 1038 1039 1040
3 1041 1042 1043
3 1044 1045 1046
3 1047 1048 1049
3 1050 1051 1052
3 1053 1054 1055
3 1056 1057 1058
3 1059 1060 1061
3 1062 1063 1064
3 1065 1066 1067
3 1068 1069 1070
3 1071 1072 1073
3 1074 1075 1076
3 1077 1078 1079
3 1080 1081 1082
3 1083 1084 1085
3 1086 1087 1088
3 1089 1090 1091
3 1092 1093 1094
3 1095 1096 1097
3 1098 1099 1100
3 1101 1102 1103
3 1104 1105 1106
3 1107 1108 1109
3 1110 1111 1112
3 1113 1114 1115
3 1116 1117 1118
3 1119 1120 1121
3 1122 1123 1124
3 1125 1126 1127
3 1128 1129 1130
3 1131 1132 1133
3 1134 1135 1136
3 1137 1138 1139
3 1140 1141 1142
3 1143 1144 1145
3 1146 1147 1148
3 1149 1150 1151
3 1152 1153 1154
3 1155 1156 1157
3 1158 1159 1160
3 1161 1162 1163
3 1164 1165 1166
3 1167 1168 1169
3 1170 1171 1172
3 1173 1174 1175
3 1176 1177 1178
3 1179 1180 1181
3 1182 1183 1184
3 1185 1186 1187
3 1188 1189 1190
3 1191 1192 1193
3 1194 1195 1196
3 1197 1198 1199
3 1200 1201 1202
3 1203 1204 1205
3 1206 1207 1208
3 1209 1210 1211
3 1212 1213 1214
3 1215 1216 1217
3 1218 1219 1220
3 1221 1222 1223
3 1224 1225 1226
3 1227 1228 1229
3 1230 1231 1232
3 1233 1234 1235
3 1236 1237 1238
3 1239 1240 1241
3 1242 1243 1244
3 1245 1246 1247
3 1248 1249 1250
3 1251 1252 1253
3 1254 1255 1256
3 1257 1258 1259
3 1260 1261 1262
3 1263 1264 1265
3 1266 1267 1268
3 1269 1270 1271
3 1272 1273 1274
3 1275 1276 1277
3 1278 1279 1280
3 1281 1282 1283
3 1284 1285 1286
3 1287 1288 1289
3 1290 1291 1292
3 1293 1294 1295
3 1296 1297 1298
3 1299 1300 1301
3 1302 1303 1304
3 1305 1306 1307
3 1308 1309 1310
3 1311 1312 1313
3 1314 1315 1316
3 1317 1318 1319
3 1320 1321 1322
3 1323 1324 1325
3 1326 1327 1328
3 1329 1330 1331
3 1332 1333 1334
3 1335 1336 1337
3 1338 1339 1340
3 1341 1342 1343
3 1344 1345 1346
3 1347 1348 1349
3 1350 1351 1352
3 1353 1354 1355
3 1356 1357 1358
3 1359 1360 1361
3 1362 1363 1364
3 1365 1366 1367
3 1368 1369 1370
3 1371 1372 1373
3 1374 1375 1376
3 1377 1378 1379
3 1380 1381 1382
3 1383 1384 1385
3 1386 1387 1388
3 1389 1390 1391
3 1392 1393 1394
3 1395 1396 1397
3 1398 1399 1400
3 1401 1402 1403
3 1404 1405 1406
3 1407 1408 1409
3 1410 1411 1412
3 1413 1414 1415
3 1416 1417 1418
3 1419 1420 1421
3 1422 1423 1424
3 1425 1426 1427
3 1428 1429 1430
3 1431 1432 1433
3 1434 1435 1436
3 1437 1438 1439
3 1440 1441 1442
3 1443 1444 1445
3 1446 1447 1448
3 1449 1450 1451
3 1452 1453 1454
3 1455 1456 1457
3 1458 1459 1460
3 1461 1462 1463
3 1464 1465 1466
3 1467 1468 1469
3 1470 1471 1472
3 1473 1474 1475
3 1476 1477 1478
3 1479 1480 1481
3 1482 1483 1484
3 1485 1486 1487
3 1488 1489 1490
3 1491 1492 1493
3 1494 1495 1496
3 1497 1498 1499
3 1500 1501 1502
3 1503 1504 1505
3 1506 1507 1508
3 1509 1510 1511
3 1512 1513 1514
3 1515 1516 1517
3 1518 1519 1520
3 1521 1522 1523
3 1524 1525 1526
3 1527 1528 1529
3 1530 1531 1532
3 1533 1534 1535
3 1536 1537 1538
3 1539 1540 1541
3 1542 1543 1544
3 1545 1546 1547
3 1548 1549 1550
3 1551 1552 1553
3 1554 1555 1556
3 1557 1558 1559
3 1560 1561 1562
3 1563 1564 1565
3 1566 1567 1568
3 1569 1570 1571
3 1572 1573 1574
3 1575 1576 1577
3 1578 1579 1580
3 1581 1582 1583
3 1584 1585 1586
3 1587 1588 1589
3 1590 1591 1592
3 1593 1594 1595
3 1596 1597 1598
3 1599 1600 1601
3 1602 1603 1604
3 1605 1606 1607
3 1608 1609 1610
3 1611 1612 1613
3 1614 1615 1616
3 1617 1618 1619
3 1620 1621 1622
3 1623 1624 1625
3 1626 1627 1628
3 1629 1630 1631
3 1632 1633 1634
3 1635 1636 1637
3 1638 1639 1640
3 1641 1642 1643
3 1644 1645 1646
3 1647 1648 1649
3 1650 1651 1652
3 1653 1654 1655
3 1656 1657 1658
3 1659 1660 1661
3 1662 1663 1664
3 1665 1666 1667
3 1668 1669 1670
3 1671 1672 1673
3 1674 1675 1676
3 1677 1678 1679
3 1680 1681 1682
3 1683 1684 1685
3 1686 1687 1688
3 1689 1690 1691
3 1692 1693 1694
3 1695 1696 1697
3 1698 1699 1700
3 1701 1702 1703
3 1704 1705 1706
3 1707 1708 1709
3 1710 1711 1712
3 1713 1714 1715
3 1716 1717 1718
3 1719 1720 1721
3 1722 1723 1724
3 1725 1726 1727
3 1728 1729 1730
3 1731 1732 1733
3 1734 1735 1736
3 1737 1738 1739
3 1740 1741 1742
3 1743 1744 1745
3 1746 1747 1748
3 1749 1750 1751
3 1752 1753 1754
3 1755 1756 1757
3 1758 1759 1760
3 1761 1762 1763
3 1764 1765 1766
3 1767 1768 1769
3 1770 1771 1772
3 1773 1774 1775
3 1776 1777 1778
3 1779 1780 1781
3 1782 1783 1784
3 1785 1786 1787
3 1788 1789 1790
3 1791 1792 1793
3 1794 1795 1796
3 1797 1798 1799
3 1800 1801 1802
3 1803 1804 1805
3 1806 1807 1808
3 1809 1810 1811
3 1812 1813 1814
3 1815 1816 1817
3 1818 1819 1820
3 1821 1822 1823
3 1824 1825 1826
3 1827 1828 1829
3 1830 1831 1832
3 1833 1834 1835
3 1836 1837 1838
3 1839 1840 1841
3 1842 1843 1844
3 1845 1846 1847
3 1848 1849 1850
3 1851 1852 1853
3 1854 1855 1856
3 1857 1858 1859
3 1860 1861 1862
3 1863 1864 1865
3 1866 1867 1868
3 1869 1870 1871
3 1872 1873 1874
3 1875 1876 1877
3 1878 1879 1880
3 1881 1882 1883
3 1884 1885 1886
3 1887 1888 1889
3 1890 1891 1892
3 1893 1894 1895
3 1896 1897 1898
3 1899 1900 1901
3 1902 1903 1904
3 1905 1906 1907
3 1908 1909 1910
3 1911 1912 1913
3 1914 1915 1916
3 1917 1918 1919
3 1920 1921 1922
3 1923 1924 1925
3 1926 1927 1928
3 1929 1930 1931
3 1932 1933 1934
3 1935 1936 1937
3 1938 1939 1940
3 1941 1942 1943
3 1944 1945 1946
3 1947 1948 1949
3 1950 1951 1952
3 1953 1954 1955
3 1956 1957 1958
3 1959 1960 1961
3 1962 1963 1964
3 1965 1966 1967
3 1968 1969 1970
3 1971 1972 1973
3 1974 1975 1976
3 1977 1978 1979
3 1980 1981 1982
3 1983 1984 1985
3 1986 1987 1988
3 1989 1990 1991
3 1992 1993 1994
3 1995 1996 1997
3 1998 1999 2000
3 2001 2002 2003
3 2004 2005 2006
3 2007 2008 2009
3 2010 2011 2012
3 2013 2014 2015
3 2016 2017 2018
3 2019 2020 2021
3 2022 2023 2024
3 2025 2026 2027
3 2028 2029 2030
3 2031 2032 2033
3 2034 2035 2036
3 2037 2038 2039
3 2040 2041 2042
3 2043 2044 2045
3 2046 2047 2048
3 2049 2050 2051
3 2052 2053 2054
3 2055 2056 2057
3 2058 2059 2060
3 2061 2062 2063
3 2064 2065 2066
3 2067 2068 2069
3 2070 2071 2072
3 2073 2074 2075
3 2076 2077 2078
3 2079 2080 2081
3 2082 2083 2084
3 2085 2086 2087
3 2088 2089 2090
3 2091 2092 2093
3 2094 2095 2096
3 2097 2098 2099
3 2100 2101 2102
3 2103 2104 2105
3 2106 2107 2108
3 2109 2110 2111
3 2112 2113 2114
3 2115 2116 2117
3 2118 2119 2120
3 2121 2122 2123
3 2124 2125 2126
3 2127 2128 2129
3 2130 2131 2132
3 2133 2134 2135
3 2136 2137 2138
3 2139 2140 2141
3 2142 2143 2144
3 2145 2146 2147
3 2148 2149 2150
3 2151 2152 2153
3 2154 2155 2156
3 2157 2158 2159
3 2160 2161 2162
3 2163 2164 2165
3 2166 2167 2168
3 2169 2170 2171
3 2172 2173 2174
3 2175 2176 2177
3 2178 2179 2180
3 2181 2182 2183
3 2184 2185 2186
3 2187 2188 2189
3 2190 2191 2192
3 2193 2194 2195
3 2196 2197 2198
3 2199 2200 2201
3 2202 2203 2204
3 2205 2206 2207
3 2208 2209 2210
3 2211 2212 2213
3 2214 2215 2216
3 2217 2218 2219
3 2220 2221 2222
3 2223 2224 2225
3 2226 2227 2228
3 2229 2230 2231
3 2232 2233 2234
3 2235 2236 2237
3 2238 2239 2240
3 2241 2242 2243
3 2244 2245 2246
3 2247 2248 2249
3 2250 2251 2252
3 2253 2254 2255
3 2256 2257 2258
3 2259 2260 2261
3 2262 2263 2264
3 2265 2266 2267
3 2268 2269 2270
3 2271 2272 2273
3 2274 2275 2276
3 2277 2278 2279
3 2280 2281 2282
3 2283 2284 2285
3 2286 2287 2288
3 2289 2290 2291
3 2292 2293 2294
3 2295 2296 2297
3 2298 2299 2300
3 2301 2302 2303
3 2304 2305 2306
3 2307 2308 2309
3 2310 2311 2312
3 2313 2314 2315
3 2316 2317 2318
3 2319 2320 2321
3 2322 2323 2324
3 2325 2326 2327
3 2328 2329 2330
3 2331 2332 2333
3 2334 2335 2336
3 2337 2338 2339
3 2340 2341 2342
3 2343 2344 2345
3 2346 2347 2348
3 2349 2350 2351
3 2352 2353 2354
3 2355 2356 2357
3 2358 2359 2360
3 2361 2362 2363
3 2364 2365 2366
3 2367 2368 2369
3 2370 2371 2372
3 2373 2374 2375
3 2376 2377 2378
3 2379 2380 2381
3 2382 2383 2384
3 2385 2386 2387
3 2388 2389 2390
3 2391 2392 2393
3 2394 2395 2396
3 2397 2398 2399
3 2400 2401 2402
3 2403 2404 2405
3 2406 2407 2408
3 2409 2410 2411
3 2412 2413 2414
3 2415 2416 2417
3 2418 2419 2420
3 2421 2422 2423
3 2424 2425 2426
3 2427 2428 2429
3 2430 2431 2432
3 2433 2434 2435
3 2436 2437 2438
3 2439 2440 2441
3 2442 2443 2444
3 2445 2446 2447
3 2448 2449 2450
3 2451 2452 2453
3 2454 2455 2456
3 2457 2458 2459
3 2460 2461 2462
3 2463 2464 2465
3 2466 2467 2468
3 2469 2470 2471
3 2472 2473 2474
3 2475 2476 2477
3 2478 2479 2480
3 2481 2482 2483
3 2484 2485 2486
3 2487 2488 2489
3 2490 2491 2492
3 2493 2494 2495
3 2496 2497 2498
3 2499 2500 2501
3 2502 2503 2504
3 2505 2506 2507
3 2508 2509 2510
3 2511 2512 2513
3 2514 2515 2516
3 2517 2518 2519
3 2520 2521 2522
3 2523 2524 2525
3 2526 2527 2528
3 2529 2530 2531
3 2532 2533 2534
3 2535 2536 2537
3 2538 2539 2540
3 2541 2542 2543
3 2544 2545 2546
3 2547 2548 2549
3 2550 2551 2552
3 2553 2554 2555
3 2556 2557 2558
3 2559 2560 2561
3 2562 2563 2564
3 2565 2566 2567
3 2568 2569 2570
3 2571 2572 2573
3 2574 2575 2576
3 2577 2578 2579
3 2580 2581 2582
3 2583 2584 2585
3 2586 2587 2588
3 2589 2590 2591
3 2592 2593 2594
3 2595 2596 2597
3 2598 2599 2600
3 2601 2602 2603
3 2604 2605 2606
3 2607 2608 2609
3 2610 2611 2612
3 2613 2614 2615
3 2616 2617 2618
3 2619 2620 2621
3 2622 2623 2624
3 2625 2626 2627
3 2628 2629 2630
3 2631 2632 2633
3 2634 2635 2636
3 2637 2638 2639
3 2640 2641 2642
3 2643 2644 2645
3 2646 2647 2648
3 2649 2650 2651
3 2652 2653 2654
3 2655 2656 2657
3 2658 2659 2660
3 2661 2662 2663
3 2664 2665 2666
3 2667 2668 2669
3 2670 2671 2672
3 2673 2674 2675
3 2676 2677 2678
3 2679 2680 2681
3 2682 2683 2684
3 2685 2686 2687
3 2688 2689 2690
3 2691 2692 2693
3 2694 2695 2696
3 2697 2698 2699
3 2700 2701 2702
3 2703 2704 2705
3 2706 2707 2708
3 2709 2710 2711
3 2712 2713 2714
3 2715 2716 2717
3 2718 2719 2720
3 2721 2722 2723
3 2724 2725 2726
3 2727 2728 2729
3 2730 2731 2732
3 2733 2734 2735
3 2736 2737 2738
3 2739 2740 2741
3 2742 2743 2744
3 2745 2746 2747
3 2748 2749 2750
3 2751 2752 2753
3 2754 2755 2756
3 2757 2758 2759
3 2760 2761 2762
3 2763 2764 2765
3 2766 2767 2768
3 2769 2770 2771
3 2772 2773 2774
3 2775 2776 2777
3 2778 2779 2780
3 2781 2782 2783
3 2784 2785 2786
3 2787 2788 2789
3 2790 2791 2792
3 2793 2794 2795
3 2796 2797 2798
3 2799 2800 2801
3 2802 2803 2804
3 2805 2806 2807
3 2808 2809 2810
3 2811 2812 2813
3 2814 2815 2816
3 2817 2818 2819
3 2820 2821 2822
3 2823 2824 2825
3 2826 2827 2828
3 2829 2830 2831
3 2832 2833 2834
3 2835 2836 2837
3 2838 2839 2840
3 2841 2842 2843
3 2844 2845 2846
3 2847 2848 2849
3 2850 2851 2852
3 2853 2854 2855
3 2856 2857 2858
3 2859 2860 2861
3 2862 2863 2864
3 2865 2866 2867
3 2868 2869 2870
3 2871 2872 2873
3 2874 2875 2876
3 2877 2878 2879
3 2880 2881 2882
3 2883 2884 2885
3 2886 2887 2888
3 2889 2890 2891
3 2892 2893 2894
3 2895 2896 2897
3 2898 2899 2900
3 2901 2902 2903
3 2904 2905 2906
3 2907 2908 2909
3 2910 2911 2912
3 2913 2914 2915
3 2916 2917 2918
3 2919 2920 2921
3 2922 2923 2924
3 2925 2926 2927
3 2928 2929 2930
3 2931 2932 2933
3 2934 2935 2936
3 2937 2938 2939
3 2940 2941 2942
3 2943 2944 2945
3 2946 2947 2948
3 2949 2950 2951
3 2952 2953 2954
3 2955 2956 2957
3 2958 2959 2960
3 2961 2962 2963
3 2964 2965 2966
3 2967 2968 2969
3 2970 2971 2972
3 2973 2974 2975
3 2976 2977 2978
3 2979 2980 2981
3 2982 2983 2984
3 2985 2986 2987
3 2988 2989 2990
3 2991 2992 2993
3 2994 2995 2996
3 2997 2998 2999
3 3000 3001 3002
3 3003 3004 3005
3 3006 3007 3008
3 3009 3010 3011
3 3012 3013 3014
3 3015 3016 3017
3 3018 3019 3020
3 3021 3022 3023
3 3024 3025 3026
3 3027 3028 3029
3 3030 3031 3032
3 3033 3034 3035
3 3036 3037 3038
3 3039 3040 3041
3 3042 3043 3044
3 3045 3046 3047
3 3048 3049 3050
3 3051 3052 3053
3 3054 3055 3056
3 3057 3058 3059
3 3060 3061 3062
3 3063 3064 3065
3 3066 3067 3068
3 3069 3070 3071
3 3072 3073 3074
3 3075 3076 3077
3 3078 3079 3080
3 3081 3082 3083
3 3084 3085 3086
3 3087 3088 3089
3 3090 3091 3092
3 3093 3094 3095
3 3096 3097 3098
3 3099 3100 3101
3 3102 3103 3104
3 3105 3106 3107
3 3108 3109 3110
3 3111 3112 3113
3 3114 3115 3116
3 3117 3118 3119
3 3120 3121 3122
3 3123 3124 3125
3 3126 3127 3128
3 3129 3130 3131
3 3132 3133 3134
3 3135 3136 3137
3 3138 3139 3140
3 3141 3142 3143
3 3144 3145 3146
3 3147 3148 3149
3 3150 3151 3152
3 3153 3154 3155
3 3156 3157 3158
3 3159 3160 3161
3 3162 3163 3164
3 3165 3166 3167
3 3168 3169 3170
3 3171 3172 3173
3 3174 3175 3176
3 3177 3178 3179
3 3180 3181 3182
3 3183 3184 3185
3 3186 3187 3188
3 3189 3190 3191
3 3192 3193 3194
3 3195 3196 3197
3 3198 3199 3200
3 3201 3202 3203
3 3204 3205 3206
3 3207 3208 3209
3 3210 3211 3212
3 3213 3214 3215
3 3216 3217 3218
3 3219 3220 3221
3 3222 3223 3224
3 3225 3226 3227
3 3228 3229 3230
3 3231 3232 3233
3 3234 3235 3236
3 3237 3238 3239
3 3240 3241 3242
3 3243 3244 3245
3 3246 3247 3248
3 3249 3250 3251
3 3252 3253 3254
3 3255 3256 3257
3 3258 3259 3260
3 3261 3262 3263
3 3264 3265 3266
3 3267 3268 3269
3 3270 3271 3272
3 3273 3274 3275
3 3276 3277 3278
3 3279 3280 3281
3 3282 3283 3284
3 3285 3286 3287
3 3288 3289 3290
3 3291 3292 3293
3 3294 3295 3296
3 3297 3298 3299
3 3300 3301 3302
3 3303 3304 3305
3 3306 3307 3308
3 3309 3310 3311
3 3312 3313 3314
3 3315 3316 3317
3 3318 3319 3320
3 3321 3322 3323
3 3324 3325 3326
3 3327 3328 3329
3 3330 3331 3332
3 3333 3334 3335
3 3336 3337 3338
3 3339 3340 3341
3 3342 3343 3344
3 3345 3346 3347
3 3348 3349 3350
3 3351 3352 3353
3 3354 3355 3356
3 3357 3358 3359
3 3360 3361 3362
3 3363 3364 3365
3 3366 3367 3368
3 3369 3370 3371
3 3372 3373 3374
3 3375 3376 3377
3 3378 3379 3380
3 3381 3382 3383
3 3384 3385 3386
3 3387 3388 3389
3 3390 3391 3392
3 3393 3394 3395
3 3396 3397 3398
3 3399 3400 3401
3 3402 3403 3404
3 3405 3406 3407
3 3408 3409 3410
3 3411 3412 3413
3 3414 3415 3416
3 3417 3418 3419
3 3420 3421 3422
3 3423 3424 3425
3 3426 3427 3428
3 3429 3430 3431
3 3432 3433 3434
3 3435 3436 3437
3 3438 3439 3440
3 3441 3442 3443
3 3444 3445 3446
3 3447 3448 3449
3 3450 3451 3452
3 3453 3454 3455
3 3456 3457 3458
3 3459 3460 3461
3 3462 3463 3464
3 3465 3466 3467
3 3468 3469 3470
3 3471 3472 3473
3 3474 3475 3476
3 3477 3478 3479
3 3480 3481 3482
3 3483 3484 3485
3 3486 3487 3488
3 3489 3490 3491
3 3492 3493 3494
3 3495 3496 3497
3 3498 3499 3500
3 3501 3502 3503
3 3504 3505 3506
3 3507 3508 3509
3 3510 3511 3512
3 3513 3514 3515
3 3516 3517 3518
3 3519 3520 3521
3 3522 3523 3524
3 3525 3526 3527
3 3528 3529 3530
3 3531 3532 3533
3 3534 3535 3536
3 3537 3538 3539
3 3540 3541 3542
3 3543 3544 3545
3 3546 3547 3548
3 3549 3550 3551
3 3552 3553 3554
3 3555 3556 3557
3 3558 3559 3560
3 3561 3562 3563
3 3564 3565 3566
3 3567 3568 3569
3 3570 3571 3572
3 3573 3574 3575
3 3576 3577 3578
3 3579 3580 3581
3 3582 3583 3584
3 3585 3586 3587
3 3588 3589 3590
3 3591 3592 3593
3 3594 3595 3596
3 3597 3598 3599
3 3600 3601 3602
3 3603 3604 3605
3 3606 3607 3608
3 3609 3610 3611
3 3612 3613 3614
3 3615 3616 3617
3 3618 3619 3620
3 3621 3622 3623
3 3624 3625 3626
3 3627 3628 3629
3 3630 3631 3632
3 3633 3634 3635
3 3636 3637 3638
3 3639 3640 3641
3 3642 3643 3644
3 3645 3646 3647
3 3648 3649 3650
3 3651 3652 3653
3 3654 3655 3656
3 3657 3658 3659
3 3660 3661 3662
3 3663 3664 3665
3 3666 3667 3668
3 3669 3670 3671
3 3672 3673 3674
3 3675 3676 3677
3 3678 3679 3680
3 3681 3682 3683
3 3684 3685 3686
3 3687 3688 3689
3 3690 3691 3692
3 3693 3694 3695
3 3696 3697 3698
3 3699 3700 3701
3 3702 3703 3704
3 3705 3706 3707
3 3708 3709 3710
3 3711 3712 3713
3 3714 3715 3716
3 3717 3718 3719
3 3720 3721 3722
3 3723 3724 3725
3 3726 3727 3728
3 3729 3730 3731
3 3732 3733 3734
3 3735 3736 3737
3 3738 3739 3740
3 3741 3742 3743
3 3744 3745 3746
3 3747 3748 3749
3 3750 3751 3752
3 3753 3754 3755
3 3756 3757 3758
3 3759 3760 3761
3 3762 3763 3764
3 3765 3766 3767
3 3768 3769 3770
3 3771 3772 3773
3 3774 3775 3776
3 3777 3778 3779
3 3780 3781 3782
3 3783 3784 3785
3 3786 3787 3788
3 3789 3790 3791
3 3792 3793 3794
3 3795 3796 3797
3 3798 3799 3800
3 3801 3802 3803
3 3804 3805 3806
3 3807 3808 3809
3 3810 3811 3812
3 3813 3814 3815
3 3816 3817 3818
3 3819 3820 3821
3 3822 3823 3824
3 3825 3826 3827
3 3828 3829 3830
3 3831 3832 3833
3 3834 3835 3836
3 3837 3838 3839
3 3840 3841 3842
3 3843 3844 3845
3 3846 3847 3848
3 3849 3850 3851
3 3852 3853 3854
3 3855 3856 3857
3 3858 3859 3860
3 3861 3862 3863
3 3864 3865 3866
3 3867 3868 3869
3 3870 3871 3872
3 3873 3874 3875
3 3876 3877 3878
3 3879 3880 3881
3 3882 3883 3884
3 3885 3886 3887
3 3888 3889 3890
3 3891 3892 3893
3 3894 3895 3896
3 3897 3898 3899
3 3900 3901 3902
3 3903 3904 3905
3 3906 3907 3908
3 3909 3910 3911
3 3912 3913 3914
3 3915 3916 3917
3 3918 3919 3920
3 3921 3922 3923
3 3924 3925 3926
3 3927 3928 3929
3 3930 3931 3932
3 3933 3934 3935
3 3936 3937 3938
3 3939 3940 3941
3 3942 3943 3944
3 3945 3946 3947
3 3948 3949 3950
3 3951 3952 3953
3 3954 3955 3956
3 3957 3958 3959
3 3960 3961 3962
3 3963 3964 3965
3 3966 3967 3968
3 3969 3970 3971
3 3972 3973 3974
3 3975 3976 3977
3 3978 3979 3980
3 3981 3982 3983
3 3984 3985 3986
3 3987 3988 3989
3 3990 3991 3992
3 3993 3994 3995
3 3996 3997 3998
3 3999 4000 4001
3 4002 4003 4004
3 4005 4006 4007
3 4008 4009 4010
3 4011 4012 4013
3 4014 4015 4016
3 4017 4018 4019
3 4020 4021 4022
3 4023 4024 4025
3 4026 4027 4028
3 4029 4030 4031
3 4032 4033 4034
3 4035 4036 4037
3 4038 4039 4040
3 4041 4042 4043
3 4044 4045 4046
3 4047 4048 4049
3 4050 4051 4052
3 4053 4054 4055
3 4056 4057 4058
3 4059 4060 4061
3 4062 4063 4064
3 4065 4066 4067
3 4068 4069 4070
3 4071 4072 4073
3 4074 4075 4076
3 4077 4078 4079
3 4080 4081 4082
3 4083 4084 4085
3 4086 4087 4088
3 4089 4090 4091
3 4092 4093 4094
3 4095 4096 4097
3 4098 4099 4100
3 4101 4102 4103
3 4104 4105 4106
3 4107 4108 4109
3 4110 4111 4112
3 4113 4114 4115
3 4116 4117 4118
3 4119 4120 4121
3 4122 4123 4124
3 4125 4126 4127
3 4128 4129 4130
3 4131 4132 4133
3 4134 4135 4136
3 4137 4138 4139
3 4140 4141 4142
3 4143 4144 4145
3 4146 4147 4148
3 4149 4150 4151
3 4152 4153 4154
3 4155 4156 4157
3 4158 4159 4160
3 4161 4162 4163
3 4164 4165 4166
3 4167 4168 4169
3 4170 4171 4172
3 4173 4174 4175
3 4176 4177 4178
3 4179 4180 4181
3 4182 4183 4184
3 4185 4186 4187
3 4188 4189 4190
3 4191 4192 4193
3 4194 4195 4196
3 4197 4198 4199
3 4200 4201 4202
3 4203 4204 4205
3 4206 4207 4208
3 4209 4210 4211
3 4212 4213 4214
3 4215 4216 4217
3 4218 4219 4220
3 4221 4222 4223
3 4224 4225 4226
3 4227 4228 4229
3 4230 4231 4232
3 4233 4234 4235
3 4236 4237 4238
3 4239 4240 4241
3 4242 4243 4244
3 4245 4246 4247
3 4248 4249 4250
3 4251 4252 4253
3 4254 4255 4256
3 4257 4258 4259
3 4260 4261 4262
3 4263 4264 4265
3 4266 4267 4268
3 4269 4270 4271
3 4272 4273 4274
3 4275 4276 4277
3 4278 4279 4280
3 4281 4282 4283
3 4284 4285 4286
3 4287 4288 4289
3 4290 4291 4292
3 4293 4294 4295
3 4296 4297 4298
3 4299 4300 4301
3 4302 4303 4304
3 4305 4306 4307
3 4308 4309 4310
3 4311 4312 4313
3 4314 4315 4316
3 4317 4318 4319
3 4320 4321 4322
3 4323 4324 4325
3 4326 4327 4328
3 4329 4330 4331
3 4332 4333 4334
3 4335 4336 4337
3 4338 4339 4340
3 4341 4342 4343
3 4344 4345 4346
3 4347 4348 4349
3 4350 4351 4352
3 4353 4354 4355
3 4356 4357 4358
3 4359 4360 4361
3 4362 4363 4364
3 4365 4366 4367
3 4368 4369 4370
3 4371 4372 4373
3 4374 4375 4376
3 4377 4378 4379
3 4380 4381 4382
3 4383 4384 4385
3 4386 4387 4388
3 4389 4390 4391
3 4392 4393 4394
3 4395 4396 4397
3 4398 4399 4400
3 4401 4402 4403
3 4404 4405 4406
3 4407 4408 4409
3 4410 4411 4412
3 4413 4414 4415
3 4416 4417 4418
3 4419 4420 4421
3 4422 4423 4424
3 4425 4426 4427
3 4428 4429 4430
3 4431 4432 4433
3 4434 4435 4436
3 4437 4438 4439
3 4440 4441 4442
3 4443 4444 4445
3 4446 4447 4448
3 4449 4450 4451
3 4452 4453 4454
3 4455 4456 4457
3 4458 4459 4460
3 4461 4462 4463
3 4464 4465 4466
3 4467 4468 4469
3 4470 4471 4472
3 4473 4474 4475
3 4476 4477 4478
3 4479 4480 4481
3 4482 4483 4484
3 4485 4486 4487
3 4488 4489 4490
3 4491 4492 4493
3 4494 4495 4496
3 4497 4498 4499
3 4500 4501 4502
3 4503 4504 4505
3 4506 4507 4508
3 4509 4510 4511
3 4512 4513 4514
3 4515 4516 4517
3 4518 4519 4520
3 4521 4522 4523
3 4524 4525 4526
3 4527 4528 4529
3 4530 4531 4532
3 4533 4534 4535
3 4536 4537 4538
3 4539 4540 4541
3 4542 4543 4544
3 4545 4546 4547
3 4548 4549 4550
3 4551 4552 4553
3 4554 4555 4556
3 4557 4558 4559
3 4560 4561 4562
3 4563 4564 4565
3 4566 4567 4568
3 4569 4570 4571
3 4572 4573 4574
3 4575 4576 4577
3 4578 4579 4580
3 4581 4582 4583
3 4584 4585 4586
3 4587 4588 4589
3 4590 4591 4592
3 4593 4594 4595
3 4596 4597 4598
3 4599 4600 4601
3 4602 4603 4604
3 4605 4606 4607
3 4608 4609 4610
3 4611 4612 4613
3 4614 4615 4616
3 4617 4618 4619
3 4620 4621 4622
3 4623 4624 4625
3 4626 4627 4628
3 4629 4630 4631
3 4632 4633 4634
3 4635 4636 4637
3 4638 4639 4640
3 4641 4642 4643
3 4644 4645 4646
3 4647 4648 4649
3 4650 4651 4652
3 4653 4654 4655
3 4656 4657 4658
3 4659 4660 4661
3 4662 4663 4664
3 4665 4666 4667
3 4668 4669 4670
3 4671 4672 4673
3 4674 4675 4676
3 4677 4678 4679
3 4680 4681 4682
3 4683 4684 4685
3 4686 4687 4688
3 4689 4690 4691
3 4692 4693 4694
3 4695 4696 4697
3 4698 4699 4700
3 4701 4702 4703
3 4704 4705 4706
3 4707 4708 4709
3 4710 4711 4712
3 4713 4714 4715
3 4716 4717 4718
3 4719 4720 4721
3 4722 4723 4724
3 4725 4726 4727
3 4728 4729 4730
3 4731 4732 4733
3 4734 4735 4736
3 4737 4738 4739
3 4740 4741 4742
3 4743 4744 4745
3 4746 4747 4748
3 4749 4750 4751
3 4752 4753 4754
3 4755 4756 4757
3 4758 4759 4760
3 4761 4762 4763
3 4764 4765 4766
3 4767 4768 4769
3 4770 4771 4772
3 4773 4774 4775
3 4776 4777 4778
3 4779 4780 4781
3 4782 4783 4784
3 4785 4786 4787
3 4788 4789 4790
3 4791 4792 4793
3 4794 4795 4796
3 4797 4798 4799
3 4800 4801 4802
3 4803 4804 4805
3 4806 4807 4808
3 4809 4810 4811
3 4812 4813 4814
3 4815 4816 4817
3 4818 4819 4820
3 4821 4822 4823
3 4824 4825 4826
3 4827 4828 4829
3 4830 4831 4832
3 4833 4834 4835
3 4836 4837 4838
3 4839 4840 4841
3 4842 4843 4844
3 4845 4846 4847
3 4848 4849 4850
3 4851 4852 4853
3 4854 4855 4856
3 4857 4858 4859
3 4860 4861 4862
3 4863 4864 4865
3 4866 4867 4868
3 4869 4870 4871
3 4872 4873 4874
3 4875 4876 4877
3 4878 4879 4880
3 4881 4882 4883
3 4884 4885 4886
3 4887 4888 4889
3 4890 4891 4892
3 4893 4894 4895
3 4896 4897 4898
3 4899 4900 4901
3 4902 4903 4904
3 4905 4906 4907
3 4908 4909 4910
3 4911 4912 4913
3 4914 4915 4916
3 4917 4918 4919
3 4920 4921 4922
3 4923 4924 4925
3 4926 4927 4928
3 4929 4930 4931
3 4932 4933 4934
3 4935 4936 4937
3 4938 4939 4940
3 4941 4942 4943
3 4944 4945 4946
3 4947 4948 4949
3 4950 4951 4952
3 4953 4954 4955
3 4956 4957 4958
3 4959 4960 4961
3 4962 4963 4964
3 4965 4966 4967
3 4968 4969 4970
3 4971 4972 4973
3 4974 4975 4976
3 4977 4978 4979
3 4980 4981 4982
3 4983 4984 4985
3 4986 4987 4988
3 4989 4990 4991
3 4992 4993 4994
3 4995 4996 4997
3 4998 4999 5000
3 5001 5002 5003
3 5004 5005 5006
3 5007 5008 5009
3 5010 5011 5012
3 5013 5014 5015
3 5016 5017 5018
3 5019 5020 5021
3 5022 5023 5024
3 5025 5026 5027
3 5028 5029 5030
3 5031 5032 5033
3 5034 5035 5036
3 5037 5038 5039
3 5040 5041 5042
3 5043 5044 5045
3 5046 5047 5048
3 5049 5050 5051
3 5052 5053 5054
3 5055 5056 5057
3 5058 5059 5060
3 5061 5062 5063
3 5064 5065 5066
3 5067 5068 5069
3 5070 5071 5072
3 5073 5074 5075
3 5076 5077 5078
3 5079 5080 5081
3 5082 5083 5084
3 5085 5086 5087
3 5088 5089 5090
3 5091 5092 5093
3 5094 5095 5096
3 5097 5098 5099
3 5100 5101 5102
3 5103 5104 5105
3 5106 5107 5108
3 5109 5110 5111
3 5112 5113 5114
3 5115 5116 5117
3 5118 5119 5120
3 5121 5122 5123
3 5124 5125 5126
3 5127 5128 5129
3 5130 5131 5132
3 5133 5134 5135
3 5136 5137 5138
3 5139 5140 5141
3 5142 5143 5144
3 5145 5146 5147
3 5148 5149 5150
3 5151 5152 5153
3 5154 5155 5156
3 5157 5158 5159
3 5160 5161 5162
3 5163 5164 5165
3 5166 5167 5168
3 5169 5170 5171
3 5172 5173 5174
3 5175 5176 5177
3 5178 5179 5180
3 5181 5182 5183
3 5184 5185 5186
3 5187 5188 5189
3 5190 5191 5192
3 5193 5194 5195
3 5196 5197 5198
3 5199 5200 5201
3 5202 5203 5204
3 5205 5206 5207
3 5208 5209 5210
3 5211 5212 5213
3 5214 5215 5216
3 5217 5218 5219
3 5220 5221 5222
3 5223 5224 5225
3 5226 5227 5228
3 5229 5230 5231
3 5232 5233 5234
3 5235 5236 5237
3 5238 5239 5240
3 5241 5242 5243
3 5244 5245 5246
3 5247 5248 5249
3 5250 5251 5252
3 5253 5254 5255
3 5256 5257 5258
3 5259 5260 5261
3 5262 5263 5264
3 5265 5266 5267
3 5268 5269 5270
3 5271 5272 5273
3 5274 5275 5276
3 5277 5278 5279
3 5280 5281 5282
3 5283 5284 5285
3 5286 5287 5288
3 5289 5290 5291
3 5292 5293 5294
3 5295 5296 5297
3 5298 5299 5300
3 5301 5302 5303
3 5304 5305 5306
3 5307 5308 5309
3 5310 5311 5312
3 5313 5314 5315
3 5316 5317 5318
3 5319 5320 5321
3 5322 5323 5324
3 5325 5326 5327
3 5328 5329 5330
3 5331 5332 5333
3 5334 5335 5336
3 5337 5338 5339
3 5340 5341 5342
3 5343 5344 5345
3 5346 5347 5348
3 5349 5350 5351
3 5352 5353 5354
3 5355 5356 5357
3 5358 5359 5360
3 5361 5362 5363
3 5364 5365 5366
3 5367 5368 5369
3 5370 5371 5372
3 5373 5374 5375
3 5376 5377 5378
3 5379 5380 5381
3 5382 5383 5384
3 5385 5386 5387
3 5388 5389 5390
3 5391 5392 5393
3 5394 5395 5396
3 5397 5398 5399
3 5400 5401 5402
3 5403 5404 5405
3 5406 5407 5408
3 5409 5410 5411
3 5412 5413 5414
3 5415 5416 5417
3 5418 5419 5420
3 5421 5422 5423
3 5424 5425 5426
3 5427 5428 5429
3 5430 5431 5432
3 5433 5434 5435
3 5436 5437 5438
3 5439 5440 5441
3 5442 5443 5444
3 5445 5446 5447
3 5448 5449 5450
3 5451 5452 5453
3 5454 5455 5456
3 5457 5458 5459
3 5460 5461 5462
3 5463 5464 5465
3 5466 5467 5468
3 5469 5470 5471
3 5472 5473 5474
3 5475 5476 5477
3 5478 5479 5480
3 5481 5482 5483
3 5484 5485 5486
3 5487 5488 5489
3 5490 5491 5492
3 5493 5494 5495
3 5496 5497 5498
3 5499 5500 5501
3 5502 5503 5504
3 5505 5506 5507
3 5508 5509 5510
3 5511 5512 5513
3 5514 5515 5516
3 5517 5518 5519
3 5520 5521 5522
3 5523 5524 5525
3 5526 5527 5528
3 5529 5530 5531
3 5532 5533 5534
3 5535 5536 5537
3 5538 5539 5540
3 5541 5542 5543
3 5544 5545 5546
3 5547 5548 5549
3 5550 5551 5552
3 5553 5554 5555
3 5556 5557 5558
3 5559 5560 5561
3 5562 5563 5564
3 5565 5566 5567
3 5568 5569 5570
3 5571 5572 5573
3 5574 5575 5576
3 5577 5578 5579
3 5580 5581 5582
3 5583 5584 5585
3 5586 5587 5588
3 5589 5590 5591
3 5592 5593 5594
3 5595 5596 5597
3 5598 5599 5600
3 5601 5602 5603
3 5604 5605 5606
3 5607 5608 5609
3 5610 5611 5612
3 5613 5614 5615
3 5616 5617 5618
3 5619 5620 5621
3 5622 5623 5624
3 5625 5626 5627
3 5628 5629 5630
3 5631 5632 5633
3 5634 5635 5636
3 5637 5638 5639
3 5640 5641 5642
3 5643 5644 5645
3 5646 5647 5648
3 5649 5650 5651
3 5652 5653 5654
3 5655 5656 5657
3 5658 5659 5660
3 5661 5662 5663
3 5664 5665 5666
3 5667 5668 5669
3 5670 5671 5672
3 5673 5674 5675
3 5676 5677 5678
3 5679 5680 5681
3 5682 5683 5684
3 5685 5686 5687
3 5688 5689 5690
3 5691 5692 5693
3 5694 5695 5696
3 5697 5698 5699
3 5700 5701 5702
3 5703 5704 5705
3 5706 5707 5708
3 5709 5710 5711
3 5712 5713 5714
3 5715 5716 5717
3 5718 5719 5720
3 5721 5722 5723
3 5724 5725 5726
3 5727 5728 5729
3 5730 5731 5732
3 5733 5734 5735
3 5736 5737 5738
3 5739 5740 5741
3 5742 5743 5744
3 5745 5746 5747
3 5748 5749 5750
3 5751 5752 5753
3 5754 5755 5756
3 5757 5758 5759
3 5760 5761 5762
3 5763 5764 5765
3 5766 5767 5768
3 5769 5770 5771
3 5772 5773 5774
3 5775 5776 5777
3 5778 5779 5780
3 5781 5782 5783
3 5784 5785 5786
3 5787 5788 5789
3 5790 5791 5792
3 5793 5794 5795
3 5796 5797 5798
3 5799 5800 5801
3 5802 5803 5804
3 5805 5806 5807
3 5808 5809 5810
3 5811 5812 5813
3 5814 5815 5816
3 5817 5818 5819
3 5820 5821 5822
3 5823 5824 5825
3 5826 5827 5828
3 5829 5830 5831
3 5832 5833 5834
3 5835 5836 5837
3 5838 5839 5840
3 5841 5842 5843
3 5844 5845 5846
3 5847 5848 5849
3 5850 5851 5852
3 5853 5854 5855
3 5856 5857 5858
3 5859 5860 5861
3 5862 5863 5864
3 5865 5866 5867
3 5868 5869 5870
3 5871 5872 5873
3 5874 5875 5876
3 5877 5878 5879
3 5880 5881 5882
3 5883 5884 5885
3 5886 5887 5888
3 5889 5890 5891
3 5892 5893 5894
3 5895 5896 5897
3 5898 5899 5900
3 5901 5902 5903
3 5904 5905 5906
3 5907 5908 5909
3 5910 5911 5912
3 5913 5914 5915
3 5916 5917 5918
3 5919 5920 5921
3 5922 5923 5924
3 5925 5926 5927
3 5928 5929 5930
3 5931 5932 5933
3 5934 5935 5936
3 5937 5938 5939
3 5940 5941 5942
3 5943 5944 5945
3 5946 5947 5948
3 5949 5950 5951
3 5952 5953 5954
3 5955 5956 5957
3 5958 5959 5960
3 5961 5962 5963
3 5964 5965 5966
3 5967 5968 5969
3 5970 5971 5972
3 5973 5974 5975
3 5976 5977 5978
3 5979 5980 5981
3 5982 5983 5984
3 5985 5986 5987
3 5988 5989 5990
3 5991 5992 5993
3 5994 5995 5996
3 5997 5998 5999
3 6000 6001 6002
3 6003 6004 6005
3 6006 6007 6008
3 6009 6010 6011
3 6012 6013 6014
3 6015 6016 6017
3 6018 6019 6020
3 6021 6022 6023
3 6024 6025 6026
3 6027 6028 6029
3 6030 6031 6032
3 6033 6034 6035
3 6036 6037 6038
3 6039 6040 6041
3 6042 6043 6044
3 6045 6046 6047
3 6048 6049 6050
3 6051 6052 6053
3 6054 6055 6056
3 6057 6058 6059
3 6060 6061 6062
3 6063 6064 6065
3 6066 6067 6068
3 6069 6070 6071
3 6072 6073 6074
3 6075 6076 6077
3 6078 6079 6080
3 6081 6082 6083
3 6084 6085 6086
3 6087 6088 6089
3 6090 6091 6092
3 6093 6094 6095
3 6096 6097 6098
3 6099 6100 6101
3 6102 6103 6104
3 6105 6106 6107
3 6108 6109 6110
3 6111 6112 6113
3 6114 6115 6116
3 6117 6118 6119
3 6120 6121 6122
3 6123 6124 6125
3 6126 6127 6128
3 6129 6130 6131
3 6132 6133 6134
3 6135 6136 6137
3 6138 6139 6140
3 6141 6142 6143
3 6144 6145 6146
3 6147 6148 6149
3 6150 6151 6152
3 6153 6154 6155
3 6156 6157 6158
3 6159 6160 6161
3 6162 6163 6164
3 6165 6166 6167
3 6168 6169 6170
3 6171 6172 6173
3 6174 6175 6176
3 6177 6178 6179
3 6180 6181 6182
3 6183 6184 6185
3 6186 6187 6188
3 6189 6190 6191
3 6192 6193 6194
3 6195 6196 6197
3 6198 6199 6200
3 6201 6202 6203
3 6204 6205 6206
3 6207 6208 6209
3 6210 6211 6212
3 6213 6214 6215
3 6216 6217 6218
3 6219 6220 6221
3 6222 6223 6224
3 6225 6226 6227
3 6228 6229 6230
3 6231 6232 6233
3 6234 6235 6236
3 6237 6238 6239
3 6240 6241 6242
3 6243 6244 6245
3 6246 6247 6248
3 6249 6250 6251
3 6252 6253 6254
3 6255 6256 6257
3 6258 6259 6260
3 6261 6262 6263
3 6264 6265 6266
3 6267 6268 6269
3 6270 6271 6272
3 6273 6274 6275
3 6276 6277 6278
3 6279 6280 6281
3 6282 6283 6284
3 6285 6286 6287
3 6288 6289 6290
3 6291 6292 6293
3 6294 6295 6296
3 6297 6298 6299
3 6300 6301 6302
3 6303 6304 6305
3 6306 6307 6308
3 6309 6310 6311
3 6312 6313 6314
3 6315 6316 6317
3 6318 6319 6320
3 6321 6322 6323
3 6324 6325 6326
3 6327 6328 6329
3 6330 6331 6332
3 6333 6334 6335
3 6336 6337 6338
3 6339 6340 6341
3 6342 6343 6344
3 6345 6346 6347
3 6348 6349 6350
3 6351 6352 6353
3 6354 6355 6356
3 6357 6358 6359
3 6360 6361 6362
3 6363 6364 6365
3 6366 6367 6368
3 6369 6370 6371
3 6372 6373 6374
3 6375 6376 6377
3 6378 6379 6380
3 6381 6382 6383
3 6384 6385 6386
3 6387 6388 6389
3 6390 6391 6392
3 6393 6394 6395
3 6396 6397 6398
3 6399 6400 6401
3 6402 6403 6404
3 6405 6406 6407
3 6408 6409 6410
3 6411 6412 6413
3 6414 6415 6416
3 6417 6418 6419
3 6420 6421 6422
3 6423 6424 6425
3 6426 6427 6428
3 6429 6430 6431
3 6432 6433 6434
3 6435 6436 6437
3 6438 6439 6440
3 6441 6442 6443
3 6444 6445 6446
3 6447 6448 6449
3 6450 6451 6452
3 6453 6454 6455
3 6456 6457 6458
3 6459 6460 6461
3 6462 6463 6464
3 6465 6466 6467
3 6468 6469 6470
3 6471 6472 6473
3 6474 6475 6476
3 6477 6478 6479
3 6480 6481 6482
3 6483 6484 6485
3 6486 6487 6488
3 6489 6490 6491
3 6492 6493 6494
3 6495 6496 6497
3 6498 6499 6500
3 6501 6502 6503
3 6504 6505 6506
3 6507 6508 6509
3 6510 6511 6512
3 6513 6514 6515
3 6516 6517 6518
3 6519 6520 6521
3 6522 6523 6524
3 6525 6526 6527
3 6528 6529 6530
3 6531 6532 6533
3 6534 6535 6536
3 6537 6538 6539
3 6540 6541 6542
3 6543 6544 6545
3 6546 6547 6548
3 6549 6550 6551
3 6552 6553 6554
3 6555 6556 6557
3 6558 6559 6560
3 6561 6562 6563
3 6564 6565 6566
3 6567 6568 6569
3 6570 6571 6572
3 6573 6574 6575
3 6576 6577 6578
3 6579 6580 6581
3 6582 6583 6584
3 6585 6586 6587
3 6588 6589 6590
3 6591 6592 6593
3 6594 6595 6596
3 6597 6598 6599
3 6600 6601 6602
3 6603 6604 6605
3 6606 6607 6608
3 6609 6610 6611
3 6612 6613 6614
3 6615 6616 6617
3 6618 6619 6620
3 6621 6622 6623
3 6624 6625 6626
3 6627 6628 6629
3 6630 6631 6632
3 6633 6634 6635
3 6636 6637 6638
3 6639 6640 6641
3 6642 6643 6644
3 6645 6646 6647
3 6648 6649 6650
3 6651 6652 6653
3 6654 6655 6656
3 6657 6658 6659
3 6660 6661 6662
3 6663 6664 6665
3 6666 6667 6668
3 6669 6670 6671
3 6672 6673 6674
3 6675 6676 6677
3 6678 6679 6680
3 6681 6682 6683
3 6684 6685 6686
3 6687 6688 6689
3 6690 6691 6692
3 6693 6694 6695
3 6696 6697 6698
3 6699 6700 6701
3 6702 6703 6704
3 6705 6706 6707
3 6708 6709 6710
3 6711 6712 6713
3 6714 6715 6716
3 6717 6718 6719
3 6720 6721 6722
3 6723 6724 6725
3 6726 6727 6728
3 6729 6730 6731
3 6732 6733 6734
3 6735 6736 6737
3 6738 6739 6740
3 6741 6742 6743
3 6744 6745 6746
3 6747 6748 6749
3 6750 6751 6752
3 6753 6754 6755
3 6756 6757 6758
3 6759 6760 6761
3 6762 6763 6764
3 6765 6766 6767
3 6768 6769 6770
3 6771 6772 6773
3 6774 6775 6776
3 6777 6778 6779
3 6780 6781 6782
3 6783 6784 6785
3 6786 6787 6788
3 6789 6790 6791
3 6792 6793 6794
3 6795 6796 6797
3 6798 6799 6800
3 6801 6802 6803
3 6804 6805 6806
3 6807 6808 6809
3 6810 6811 6812
3 6813 6814 6815
3 6816 6817 6818
3 6819 6820 6821
3 6822 6823 6824
3 6825 6826 6827
3 6828 6829 6830
3 6831 6832 6833
3 6834 6835 6836
3 6837 6838 6839
3 6840 6841 6842
3 6843 6844 6845
3 6846 6847 6848
3 6849 6850 6851
3 6852 6853 6854
3 6855 6856 6857
3 6858 6859 6860
3 6861 6862 6863
3 6864 6865 6866
3 6867 6868 6869
3 6870 6871 6872
3 6873 6874 6875
3 6876 6877 6878
3 6879 6880 6881
3 6882 6883 6884
3 6885 6886 6887
3 6888 6889 6890
3 6891 6892 6893
3 6894 6895 6896
3 6897 6898 6899
3 6900 6901 6902
3 6903 6904 6905
3 6906 6907 6908
3 6909 6910 6911
3 6912 6913 6914
3 6915 6916 6917
3 6918 6919 6920
3 6921 6922 6923
3 6924 6925 6926
3 6927 6928 6929
3 6930 6931 6932
3 6933 6934 6935
3 6936 6937 6938
3 6939 6940 6941
3 6942 6943 6944
3 6945 6946 6947
3 6948 6949 6950
3 6951 6952 6953
3 6954 6955 6956
3 6957 6958 6959
3 6960 6961 6962
3 6963 6964 6965
3 6966 6967 6968
3 6969 6970 6971
3 6972 6973 6974
3 6975 6976 6977
CELL_TYPES 2326
5
5
5
5
5
5
5
5
5
5
5
5
5
5
5
5
5
5
5
5
5
5
5
5
5
5
5
5
5
5
5
5
5
5
5
5
5
5
5
5
5
5
5
5
5
5
5
5
5
5
5
5
5
5
5
5
5
5
5
5
5
5
5
5
5
5
5
5
5
5
5
5
5
5
5
5
5
5
5
5
5
5
5
5
5
5
5
5
5
5
5
5
5
5
5
5
5
5
5
5
5
5
5
5
5
5
5
5
5
5
5
5
5
5
5
5
5
5
5
5
5
5
5
5
5
5
5
5
5
5
5
5
5
5
5
5
5
5
5
5
5
5
5
5
5
5
5
5
5
5
5
5
5
5
5
5
5
5
5
5
5
5
5
5
5
5
5
5
5
5
5
5
5
5
5
5
5
5
5
5
5
5
5
5
5
5
5
5
5
5
5
5
5
5
5
5
5
5
5
5
5
5
5
5
5
5
5
5
5
5
5
5
5
5
5
5
5
5
5
5
5
5
5
5
5
5
5
5
5
5
5
5
5
5
5
5
5
5
5
5
5
5
5
5
5
5
5
5
5
5
5
5
5
5
5
5
5
5
5
5
5
5
5
5
5
5
5
5
5
5
5
5
5
5
5
5
5
5
5
5
5
5
5
5
5
5
5
5
5
5
5
5
5
5
5
5
5
5
5
5
5
5
5
5
5
5
5
5
5
5
5
5
5
5
5
5
5
5
5
5
5
5
5
5
5
5
5
5
5
5
5
5
5
5
5
5
5
5
5
5
5
5
5
5
5
5
5
5
5
5
5
5
5
5
5
5
5
5
5
5
5
5
5
5
5
5
5
5
5
5
5
5
5
5
5
5
5
5
5
5
5
5
5
5
5
5
5
5
5
5
5
5
5
5
5
5
5
5
5
5
5
5
5
5
5
5
5
5
5
5
5
5
5
5
5
5
5
5
5
5
5
5
5
5
5
5
5
5
5
5
5
5
5
5
5
5
5
5
5
5
5
5
5
5
5
5
5
5
5
5
5
5
5
5
5
5
5
5
5
5
5
5
5
5
5
5
5
5
5
5
5
5
5
5
5
5
5
5
5
5
5
5
5
5
5
5
5
5
5
5
5
5
5
5
5
5
5
5
5
5
5
5
5
5
5
5
5
5
5
5
5
5
5
5
5
5
5
5
5
5
5
5
5
5
5
5
5
5
5
5
5
5
5
5
5
5
5
5
5
5
5
5
5
5
5
5
5
5
5
5
5
5
5
5
5
5
5
5
5
5
5
5
5
5
5
5
5
5
5
5
5
5
5
5
5
5
5
5
5
5
5
5
5
5
5
5
5
5
5
5
5
5
5
5
5
5
5
5
5
5
5
5
5
5
5
5
5
5
5
5
5
5
5
5
5
5
5
5
5
5
5
5
5
5
5
5
5
5
5
5
5
5
5
5
5
5
5
5
5
5
5
5
5
5
5
5
5
5
5
5
5
5
5
5
5
5
5
5
5
5
5
5
5
5
5
5
5
5
5
5
5
5
5
5
5
5
5
5
5
5
5
5
5
5
5
5
5
5
5
5
5
5
5
5
5
5
5
5
5
5
5
5
5
5
5
5
5
5
5
5
5
5
5
5
5
5
5
5
5
5
5
5
5
5
5
5
5
5
5
5
5
5
5
5
5
5
5
5
5
5
5
5
5
5
5
5
5
5
5
5
5
5
5
5
5
5
5
5
5
5
5
5
5
5
5
5
5
5
5
5
5
5
5
5
5
5
5
5
5
5
5
5
5
5
5
5
5
5
5
5
5
5
5
5
5
5
5
5
5
5
5
5
5
5
5
5
5
5
5
5
5
5
5
5
5
5
5
5
5
5
5
5
5
5
5
5
5
5
5
5
5
5
5
5
5
5
5
5
5
5
5
5
5
5
5
5
5
5
5
5
5
5
5
5
5
5
5
5
5
5
5
5
5
5
5
5
5
5
5
5
5
5
5
5
5
5
5
5
5
5
5
5
5
5
5
5
5
5
5
5
5
5
5
5
5
5
5
5
5
5
5
5
5
5
5
5
5
5
5
5
5
5
5
5
5
5
5
5
5
5
5
5
5
5
5
5
5
5
5
5
5
5
5
5
5
5
5
5
5
5
5
5
5
5
5
5
5
5
5
5
5
5
5
5
5
5
5
5
5
5
5
5
5
5
5
5
5
5
5
5
5
5
5
5
5
5
5
5
5
5
5
5
5
5
5
5
5
5
5
5
5
5
5
5
5
5
5
5
5
5
5
5
5
5
5
5
5
5
5
5
5
5
5
5
5
5
5
5
5
5
5
5
5
5
5
5
5
5
5
5
5
5
5
5
5
5
5
5
5
5
5
5
5
5
5
5
5
5
5
5
5
5
5
5
5
5
5
5
5
5
5
5
5
5
5
5
5
5
5
5
5
5
5
5
5
5
5
5
5
5
5
5
5
5
5
5
5
5
5
5
5
5
5
5
5
5
5
5
5
5
5
5
5
5
5
5
5
5
5
5
5
5
5
5
5
5
5
5
5
5
5
5
5
5
5
5
5
5
5
5
5
5
5
5
5
5
5
5
5
5
5
5
5
5
5
5
5
5
5
5
5
5
5
5
5
5
5
5
5
5
5
5
5
5
5
5
5
5
5
5
5
5
5
5
5
5
5
5
5
5
5
5
5
5
5
5
5
5
5
5
5
5
5
5
5
5
5
5
5
5
5
5
5
5
5
5
5
5
5
5
5
5
5
5
5
5
5
5
5
5
5
5
5
5
5
5
5
5
5
5
5
5
5
5
5
5
5
5
5
5
5
5
5
5
5
5
5
5
5
5
5
5
5
5
5
5
5
5
5
5
5
5
5
5
5
5
5
5
5
5
5
5
5
5
5
5
5
5
5
5
5
5
5
5
5
5
5
5
5
5
5
5
5
5
5
5
5
5
5
5
5
5
5
5
5
5
5
5
5
5
5
5
5
5
5
5
5
5
5
5
5
5
5
5
5
5
5
5
5
5
5
5
5
5
5
5
5
5
5
5
5
5
5
5
5
5
5
5
5
5
5
5
5
5
5
5
5
5
5
5
5
5
5
5
5
5
5
5
5
5
5
5
5
5
5
5
5
5
5
5
5
5
5
5
5
5
5
5
5
5
5
5
5
5
5
5
5
5
5
5
5
5
5
5
5
5
5
5
5
5
5
5
5
5
5
5
5
5
5
5
5
5
5
5
5
5
5
5
5
5
5
5
5
5
5
5
5
5
5
5
5
5
5
5
5
5
5
5
5
5
5
5
5
5
5
5
5
5
5
5
5
5
5
5
5
5
5
5
5
5
5
5
5
5
5
5
5
5
5
5
5
5
5
5
5
5
5
5
5
5
5
5
5
5
5
5
5
5
5
5
5
5
5
5
5
5
5
5
5
5
5
5
5
5
5
5
5
5
5
5
5
5
5
5
5
5
5
5
5
5
5
5
5
5
5
5
5
5
5
5
5
5
5
5
5
5
5
5
5
5
5
5
5
5
5
5
5
5
5
5
5
5
5
5
5
5
5
5
5
5
5
5
5
5
5
5
5
5
5
5
5
5
5
5
5
5
5
5
5
5
5
5
5
5
5
5
5
5
5
5
5
5
5
5
5
5
5
5
5
5
5
5
5
5
5
5
5
5
5
5
5
5
5
5
5
5
5
5
5
5
5
5
5
5
5
5
5
5
5
5
5
5
5
5
5
5
5
5
5
5
5
5
5
5
5
5
5
5
5
5
5
5
5
5
5
5
5
5
5
5
5
5
5
5
5
5
5
5
5
5
5
5
5
5
5
5
5
5
5
5
5
5
5
5
5
5
5
5
5
5
5
5
5
5
5
5
5
5
5
5
5
5
5
5
5
5
5
5
5
5
5
5
5
5
5
5
5
5
5
5
5
5
5
5
5
5
5
5
5
5
5
5
5
5
5
5
5
5
5
5
5
5
5
5
5
5
5
5
5
5
5
5
5
5
5
5
5
5
5
5
5
5
5
5
5
5
5
5
5
5
5
5
5
5
5
5
5
5
5
5
5
5
5
5
5
5
5
5
5
5
5
5
5
5
5
5
5
5
5
5
5
5
5
5
5
5
5
5
5
5
5
5
5
5
5
5
5
5
5
5
5
5
5
5
5
5
5
5
5
5
5
5
5
5
5
5
5
5
5
5
5
5
5
5
5
5
5
5
5
5
5
5
5
5
5
5
5
5
5
5
5
5
5
5
5
5
5
5
5
5
5
5
5
5
5
5
5
5
5
5
5
5
5
5
5
5
5
5
5
5
5
5
5
5
5
5
5
5
5
5
5
5
5
5
5
5
5
5
5
5
5
5
5
5
5
5
5
5
5
5
5
5
5
5
5
5
5
5
5
5
5
5
5
5
5
5
5
5
5
5
5
5
5
5
5
5
5
5
5
5
5
5
5
5
5
5
5
5
5
5
5
5
5
5
5
5
5
5
5
5
5
5
5
5
5
5
5
5
5
5
5
5
5
5
5
5
5
5
5
5
5
5
5
5
5
5
5
5
5
5
5
5
5
5
5
5
5
5
5
5
5
5
5
5
5
5
5
5
5
5
5
5
5
5
5
5
5
5
5
5
5
5
5
5
5
5
5
5
5
5
5
5
5
5
5
5
5
5
5
5
5
5
5
5
5
5
5
5
5
5
5
5
5
5
5
5
5
5
5
5
5
5
5
5
5
5
5
5
5
5
5
5
5
5
5
5
5
5
5
5
5
5
5
5
5
5
5
5
5
5
5
5
5
5
5
5
5
5
5
5
5
5
5
5
5
5
5
5
5
5
5
5
5
5
5
5
5
5
5
5
5
5
5
5
5
5
5
5
5
5
5
5
5
5
5
5
5
5
5
5
5
5
5
5
5
5
5
5
5
5
5
5
5
5
5
5
5
5
5
5
5
5
5
5
5
5
5
5
5
5
5
5
5
5
5
5
5
5
5
5
5
5
5
5
5
5
5
5
5
5
5
5
5
5
5
5
5
5
5
5
5
5
5
5
5
5
5
5
5
5
5
5
5
5
5
5
5
5
5
5
5
5
5
5
5
5
5
5
5
5
5
5
5
5
5
5
5
5
5
5
5
5
5
5
5
5
5
5
5
5
5
5
5
5
5
5
5
5
5
5
5
5
5
5
5
5
5
5
5
5
5
5
5
5
5
5
5
5
5
5
5
5
5
5
5
5
5
5
5
5
5
5
5
5
5
5
5
5
5
5
5
5
5
5
5
5
