# vtk DataFile Version 2.0
Piece deformee
ASCII
DATASET UNSTRUCTURED_GRID
POINTS 6978 float
0.307779 0.0250191 0
0.328753 0.00429514 0
0.328277 0.0303555 0
0.803035 0.341496 0
0.91519 0.267612 0
0.88767 0.376463 0
0.328414 0.0305686 0
0.351828 0.0363936 0
0.3258 0.0565837 0
0.305151 0.0526399 0
0.328259 0.0306216 0
0.325643 0.0566393 0
0.328894 0.00422106 0
0.350235 0.00258823 0
0.32842 0.0302788 0
0.328495 0.0303867 0
0.350314 0.00269521 0
0.351912 0.0362135 0
0.307911 -0.00244733 0
0.328682 0.00418567 0
0.307713 0.0249081 0
0.307895 -0.00273385 0
0.305717 -0.0298426 0
0.325856 -0.0262418 0
0.827219 0.245278 0
0.802206 0.341177 0
0.728574 0.304306 0
0.771709 0.125949 0
0.827189 0.244266 0
0.750757 0.218031 0
0.914987 0.267171 0
0.802836 0.341058 0
0.827842 0.245152 0
0.32228 -0.055694 0
0.305682 -0.0301233 0
0.301192 -0.0567529 0
0.85152 0.140953 0
0.82753 0.244007 0
0.772044 0.125692 0
0.325907 -0.0264188 0
0.305763 -0.0300201 0
0.322365 -0.0555932 0
0.34527 -0.0471304 0
0.326039 -0.0264771 0
0.322498 -0.0556492 0
0.348731 -0.0224128 0
0.328883 0.00394722 0
0.326072 -0.0261939 0
0.308181 -0.105266 0
0.316194 -0.081067 0
0.294439 -0.0831088 0
0.675554 -0.0622758 0
0.729611 0.0258181 0
0.667263 0.0302144 0
0.641836 -0.129192 0
0.701017 -0.13406 0
0.67537 -0.0633433 0
0.583091 -0.13885 0
0.641242 -0.129215 0
0.615883 -0.0652827 0
0.583072 -0.139258 0
0.61095 -0.187051 0
0.641226 -0.129623 0
0.81653 -0.054026 0
0.839838 -0.146831 0
0.89668 -0.0565789 0
0.742004 -0.0608323 0
0.815878 -0.0534609 0
0.799671 0.0265847 0
0.741894 -0.0613903 0
0.76724 -0.139663 0
0.81577 -0.0540188 0
0.701657 -0.13409 0
0.766855 -0.13993 0
0.741513 -0.0616607 0
0.616189 -0.0650271 0
0.641553 -0.128962 0
0.675084 -0.0631106 0
0.721815 -0.217675 0
0.78758 -0.228476 0
0.767078 -0.140769 0
0.655556 -0.21871 0
0.721152 -0.217623 0
0.701218 -0.134877 0
0.559208 -0.42256 0
0.607903 -0.374235 0
0.538453 -0.365286 0
0.645528 -0.331486 0
0.685785 -0.384108 0
0.728786 -0.332091 0
0.538516 -0.364933 0
0.607963 -0.37388 0
0.577529 -0.317195 0
0.559438 -0.423166 0
0.582214 -0.485076 0
0.633037 -0.435912 0
0.828347 -0.298038 0
0.729685 -0.332018 0
0.77183 -0.39605 0
0.828399 -0.297477 0
0.787812 -0.229382 0
0.729741 -0.33146 0
0.644764 -0.331402 0
0.577885 -0.317081 0
0.60832 -0.373769 0
0.65514 -0.219391 0
0.616959 -0.267993 0
0.681314 -0.287976 0
0.654904 -0.219054 0
0.611108 -0.187779 0
0.616725 -0.267659 0
0.788286 -0.228578 0
0.860343 -0.241181 0
0.83962 -0.148033 0
0.701589 -0.134613 0
0.721527 -0.217362 0
0.766789 -0.140453 0
0.721087 -0.218136 0
0.655488 -0.219222 0
0.681664 -0.28781 0
0.730275 0.0258125 0
0.741719 -0.0605683 0
0.799382 0.0268522 0
0.869939 -0.545632 0
0.778525 -0.537085 0
0.817703 -0.634911 0
0.923412 -0.455363 0
0.949836 -0.5465 0
0.998145 -0.463592 0
0.918759 -0.158762 0
0.986202 -0.061338 0
0.897512 -0.0566423 0
0.941131 0.156267 0
0.878685 0.0379226 0
0.964471 0.0478914 0
0.634134 0.109915 0
0.579449 0.0863309 0
0.610237 0.0266342 0
0.699505 0.110784 0
0.634726 0.110011 0
0.667028 0.0310744 0
0.799483 0.0274735 0
0.771547 0.124584 0
0.730375 0.0264339 0
0.750018 0.217858 0
0.678221 0.206645 0
0.699933 0.111731 0
0.660552 0.274892 0
0.727486 0.304516 0
0.643518 0.374334 0
0.356979 -0.110598 0
0.368149 -0.0770505 0
0.341006 -0.0790374 0
0.351613 -0.186052 0
0.383621 -0.189118 0
0.372203 -0.147102 0
0.418471 -0.113901 0
0.398993 -0.0751891 0
0.38637 -0.112139 0
0.403116 -0.151507 0
0.418486 -0.114157 0
0.386382 -0.112395 0
0.42857 -0.175404 0
0.403141 -0.151968 0
0.383984 -0.189099 0
0.428685 -0.175155 0
0.418629 -0.11437 0
0.403257 -0.151717 0
0.439718 -0.212671 0
0.46833 -0.239457 0
0.466852 -0.180841 0
0.383987 -0.189312 0
0.404524 -0.215697 0
0.428576 -0.175619 0
0.429955 -0.257909 0
0.468207 -0.239715 0
0.439593 -0.21293 0
0.351437 -0.186397 0
0.333118 -0.214889 0
0.370502 -0.22462 0
0.381532 -0.398996 0
0.411135 -0.362606 0
0.370886 -0.350169 0
0.35159 -0.435387 0
0.381227 -0.399354 0
0.339034 -0.384583 0
0.351852 -0.43553 0
0.416674 -0.426888 0
0.381487 -0.399496 0
0.449718 -0.286279 0
0.403343 -0.314414 0
0.471208 -0.316064 0
0.501296 -0.263405 0
0.450046 -0.286107 0
0.471537 -0.315894 0
0.42977 -0.258403 0
0.403203 -0.314221 0
0.449579 -0.286085 0
0.356378 -0.305153 0
0.329442 -0.333611 0
0.370528 -0.349758 0
0.466769 -0.180304 0
0.45458 -0.116599 0
0.42902 -0.175258 0
0.43323 -0.0726945 0
0.433567 -0.0305022 0
0.401698 -0.044736 0
0.454431 -0.116034 0
0.433358 -0.0732122 0
0.418815 -0.113908 0
0.45461 -0.115891 0
0.47152 -0.0710746 0
0.433533 -0.0730675 0
0.444401 0.0580124 0
0.43232 0.122617 0
0.403167 0.0907229 0
0.371453 -0.0420553 0
0.345575 -0.0472532 0
0.368212 -0.0767161 0
0.34536 -0.0470202 0
0.348787 -0.0225831 0
0.326125 -0.026365 0
0.316396 -0.0808877 0
0.340718 -0.0788671 0
0.322449 -0.0559381 0
0.371386 -0.0418735 0
0.348939 -0.0226359 0
0.345512 -0.0470713 0
0.398774 -0.0748299 0
0.371631 -0.042149 0
0.368391 -0.0768075 0
0.403332 -0.0142179 0
0.375921 0.00499852 0
0.371674 -0.0416716 0
0.350304 0.0024127 0
0.328962 0.0040438 0
0.348814 -0.0223174 0
0.285511 -0.108232 0
0.308078 -0.105356 0
0.294338 -0.0832016 0
0.285406 -0.108487 0
0.274598 -0.13243 0
0.296662 -0.132295 0
0.26995 -0.178804 0
0.261696 -0.155584 0
0.247381 -0.176891 0
0.343962 -0.142498 0
0.321364 -0.132525 0
0.307727 -0.160254 0
0.274474 -0.132672 0
0.261833 -0.155365 0
0.283523 -0.157656 0
0.655291 -0.218417 0
0.700951 -0.134581 0
0.641768 -0.129713 0
0.771211 0.124865 0
0.700173 0.110819 0
0.730045 0.0267122 0
0.877835 0.037801 0
0.851786 0.139932 0
0.800245 0.0275623 0
0.750333 0.217585 0
0.700242 0.11146 0
0.771279 0.125506 0
0.666968 0.0300654 0
0.641271 -0.0183798 0
0.675255 -0.0624239 0
0.640883 -0.0184011 0
0.610382 0.0257003 0
0.615974 -0.0643617 0
0.675081 -0.0627402 0
0.6411 -0.0186978 0
0.616187 -0.0646567 0
0.666748 0.0303636 0
0.610548 0.0260198 0
0.641054 -0.0180831 0
0.699827 0.110503 0
0.667344 0.0307949 0
0.729693 0.0263979 0
0.63443 0.109728 0
0.610528 0.0264488 0
0.666727 0.030792 0
0.578864 0.0863506 0
0.526922 0.0922472 0
0.542997 0.0500317 0
0.296896 -0.132285 0
0.321208 -0.132307 0
0.308206 -0.105602 0
0.28364 -0.15758 0
0.296658 -0.13246 0
0.27459 -0.132593 0
0.283751 -0.157673 0
0.30744 -0.160303 0
0.296767 -0.132554 0
0.219933 -0.489792 0
0.166977 -0.53796 0
0.234567 -0.538488 0
0.897307 -0.0556284 0
0.964324 0.0471806 0
0.878536 0.0372136 0
0.316169 -0.0809052 0
0.301133 -0.057015 0
0.294418 -0.0829477 0
0.34097 -0.0788253 0
0.368108 -0.0768383 0
0.345474 -0.0473778 0
0.322545 -0.0558244 0
0.340816 -0.0787556 0
0.345322 -0.0473061 0
0.333613 -0.102369 0
0.356861 -0.110682 0
0.340892 -0.0791232 0
0.321331 -0.132209 0
0.333387 -0.10253 0
0.308328 -0.105501 0
0.321451 -0.132331 0
0.344047 -0.142305 0
0.333506 -0.102655 0
0.357002 -0.111043 0
0.344297 -0.142381 0
0.372088 -0.146693 0
0.3683 -0.0771627 0
0.35713 -0.110708 0
0.386061 -0.112135 0
0.333623 -0.102581 0
0.344167 -0.142234 0
0.356873 -0.110894 0
0.285517 -0.108395 0
0.296775 -0.132206 0
0.308088 -0.105521 0
0.283743 -0.157834 0
0.294843 -0.180881 0
0.307435 -0.160466 0
0.399149 -0.075057 0
0.41863 -0.113771 0
0.433172 -0.0730736 0
0.401584 -0.0448855 0
0.399093 -0.0748255 0
0.433113 -0.0728422 0
0.403625 -0.0143462 0
0.401601 -0.0445401 0
0.433466 -0.0303059 0
0.403419 -0.0143842 0
0.371757 -0.0418368 0
0.401393 -0.044579 0
0.368438 -0.0770419 0
0.386202 -0.112017 0
0.398825 -0.0750643 0
0.325936 -0.026129 0
0.328745 0.004015 0
0.30797 -0.00261898 0
0.241881 -0.216388 0
0.256914 -0.197218 0
0.231394 -0.197025 0
0.214092 -0.215297 0
0.241738 -0.216449 0
0.23125 -0.197086 0
0.253921 -0.238291 0
0.252585 -0.278579 0
0.280732 -0.244084 0
0.270071 -0.178741 0
0.283509 -0.157811 0
0.261817 -0.155519 0
0.231413 -0.196895 0
0.256932 -0.197085 0
0.247235 -0.17709 0
0.294718 -0.180942 0
0.283619 -0.157896 0
0.270183 -0.178826 0
0.257189 -0.197276 0
0.268256 -0.219325 0
0.287748 -0.211962 0
0.247364 -0.177029 0
0.25706 -0.197025 0
0.269935 -0.178944 0
0.242005 -0.216463 0
0.268103 -0.21934 0
0.257036 -0.197292 0
0.287946 -0.212192 0
0.281017 -0.243872 0
0.304096 -0.241402 0
0.270069 -0.17906 0
0.257196 -0.197142 0
0.287752 -0.211826 0
0.253975 -0.238094 0
0.280783 -0.243885 0
0.268222 -0.219568 0
0.225538 -0.234389 0
0.253701 -0.238052 0
0.24185 -0.216649 0
0.238293 -0.255554 0
0.252442 -0.278616 0
0.253778 -0.23833 0
0.294977 -0.181143 0
0.309705 -0.213217 0
0.321737 -0.183529 0
0.295211 -0.270878 0
0.304121 -0.2416 0
0.281041 -0.244068 0
0.295359 -0.270952 0
0.325115 -0.266073 0
0.304268 -0.241673 0
0.307566 -0.16022 0
0.321207 -0.132491 0
0.296892 -0.132468 0
0.321729 -0.183351 0
0.307562 -0.160551 0
0.294971 -0.180967 0
0.321895 -0.183225 0
0.343966 -0.14267 0
0.307727 -0.160423 0
1.12933 -0.794291 0
1.10829 -0.692032 0
1.03697 -0.815386 0
1.02812 -0.655911 0
0.991555 -0.75362 0
1.1078 -0.691362 0
1.01283 -0.578048 0
1.02812 -0.654978 0
1.08711 -0.588144 0
1.06706 -0.484955 0
1.01296 -0.577476 0
1.08724 -0.587575 0
0.949626 -0.547781 0
0.901265 -0.630793 0
0.957718 -0.671086 0
1.01214 -0.577966 0
0.949998 -0.547603 0
0.95809 -0.670908 0
0.991583 -0.754154 0
1.03651 -0.815252 0
1.10783 -0.691896 0
1.08743 -0.588523 0
1.02844 -0.655356 0
1.10812 -0.690809 0
0.90391 -0.765816 0
0.943129 -0.837002 0
0.990589 -0.754475 0
0.991031 -0.754643 0
0.943573 -0.837169 0
1.03596 -0.815739 0
1.06676 -0.484538 0
0.998833 -0.463794 0
1.01266 -0.577063 0
0.392862 -0.775161 0
0.442162 -0.690116 0
0.367283 -0.696288 0
0.659974 -0.904456 0
0.606977 -0.825933 0
0.565511 -0.926651 0
0.523433 -0.675049 0
0.442972 -0.689996 0
0.478982 -0.760732 0
0.85215 -0.714205 0
0.900472 -0.631231 0
0.818052 -0.635788 0
0.942659 -0.837353 0
0.903437 -0.766168 0
0.849954 -0.859249 0
0.998645 -0.462736 0
1.04681 -0.380224 0
0.97578 -0.365121 0
0.941837 -0.25449 0
0.975525 -0.364074 0
1.02696 -0.275022 0
0.900972 -0.630373 0
0.949336 -0.547358 0
0.870787 -0.545651 0
0.676862 -0.707412 0
0.562393 -0.748889 0
0.607023 -0.824679 0
0.764495 -0.72573 0
0.677889 -0.707298 0
0.712579 -0.814549 0
0.722229 -0.630887 0
0.63568 -0.626782 0
0.677491 -0.706353 0
0.90396 -0.765263 0
0.990638 -0.753922 0
0.957865 -0.672224 0
0.95828 -0.671857 0
0.991052 -0.753556 0
1.02762 -0.655845 0
1.0124 -0.578328 0
0.958353 -0.671268 0
1.02769 -0.655257 0
0.900939 -0.631352 0
0.852619 -0.714324 0
0.957395 -0.671642 0
0.941093 -0.253696 0
0.918484 -0.160023 0
0.861119 -0.241303 0
0.852255 0.140368 0
0.878311 0.0382294 0
0.940753 0.156581 0
0.915533 0.2662 0
0.852381 0.14113 0
0.940877 0.157348 0
0.771951 0.124968 0
0.799893 0.0278528 0
0.851428 0.140226 0
0.816099 -0.0543086 0
0.767566 -0.139949 0
0.839402 -0.147109 0
0.675799 -0.0625797 0
0.741302 -0.0608672 0
0.729863 0.0255111 0
0.675702 -0.0631145 0
0.701352 -0.133834 0
0.741206 -0.0614016 0
0.816659 -0.0534093 0
0.896809 -0.0559629 0
0.878042 0.0368726 0
0.549625 -0.0948187 0
0.615514 -0.0648738 0
0.565545 -0.05168 0
0.827542 -0.452975 0
0.77856 -0.536475 0
0.869971 -0.545021 0
0.726452 -0.474137 0
0.681341 -0.550002 0
0.77759 -0.536562 0
0.555601 -0.622588 0
0.634888 -0.626244 0
0.607333 -0.553647 0
0.481965 -0.619191 0
0.554778 -0.622609 0
0.514325 -0.567295 0
0.524204 -0.674587 0
0.597027 -0.689789 0
0.555195 -0.623204 0
0.524225 -0.675007 0
0.561848 -0.748331 0
0.597049 -0.69021 0
0.597561 -0.690317 0
0.562362 -0.748439 0
0.676831 -0.706959 0
0.635262 -0.626981 0
0.597806 -0.689909 0
0.677074 -0.706551 0
0.634855 -0.626701 0
0.555567 -0.623043 0
0.597397 -0.689629 0
0.941945 -0.253834 0
1.02706 -0.274371 0
1.00726 -0.169141 0
0.918972 -0.159776 0
0.941583 -0.253453 0
1.0069 -0.168751 0
0.98657 -0.0617178 0
0.919125 -0.159131 0
1.00705 -0.16811 0
0.840055 -0.147799 0
0.86078 -0.240951 0
0.918144 -0.159664 0
0.922985 -0.455638 0
0.870863 -0.545064 0
0.949409 -0.546772 0
0.890303 -0.344254 0
0.830416 -0.370791 0
0.922651 -0.454376 0
0.941382 -0.254723 0
0.890851 -0.343562 0
0.975067 -0.364303 0
0.828682 -0.298169 0
0.772166 -0.396179 0
0.829708 -0.370444 0
0.860649 -0.242066 0
0.829179 -0.29756 0
0.890092 -0.343299 0
0.860307 -0.24168 0
0.788248 -0.229078 0
0.828837 -0.297178 0
0.729383 -0.331197 0
0.787454 -0.229115 0
0.721687 -0.218315 0
0.309605 -0.421665 0
0.338592 -0.384483 0
0.290903 -0.382808 0
0.409959 -0.62469 0
0.45316 -0.553832 0
0.372757 -0.575333 0
0.533224 -0.222442 0
0.500839 -0.20158 0
0.501671 -0.26281 0
0.537681 -0.28844 0
0.533348 -0.222734 0
0.501794 -0.2631 0
0.568981 -0.245065 0
0.561126 -0.178906 0
0.533651 -0.222306 0
0.372802 -0.57492 0
0.453205 -0.553417 0
0.423339 -0.501382 0
0.481997 -0.61955 0
0.523817 -0.674351 0
0.554811 -0.622969 0
0.288012 -0.211889 0
0.309592 -0.213312 0
0.294863 -0.181239 0
0.402953 -0.151873 0
0.372374 -0.146986 0
0.383794 -0.189004 0
0.295039 -0.271003 0
0.280869 -0.244194 0
0.252725 -0.27869 0
0.34411 -0.142756 0
0.322042 -0.183311 0
0.351312 -0.186018 0
0.253844 -0.238002 0
0.268093 -0.219477 0
0.241993 -0.216599 0
0.481621 -0.619773 0
0.442981 -0.689524 0
0.523442 -0.674575 0
0.409556 -0.624962 0
0.372352 -0.575604 0
0.332836 -0.63489 0
0.481242 -0.619608 0
0.410287 -0.625291 0
0.4426 -0.689358 0
0.481278 -0.619153 0
0.453522 -0.553978 0
0.410324 -0.624838 0
0.767471 -0.140533 0
0.787975 -0.228242 0
0.839308 -0.147693 0
0.501453 -0.262867 0
0.500624 -0.201639 0
0.468651 -0.239694 0
0.830206 -0.371154 0
0.827891 -0.452119 0
0.922443 -0.454735 0
0.829076 -0.297991 0
0.830103 -0.370268 0
0.889989 -0.343727 0
0.77216 -0.396694 0
0.827386 -0.451925 0
0.829703 -0.37096 0
0.818114 -0.635224 0
0.900533 -0.630667 0
0.870347 -0.545947 0
0.686197 -0.384796 0
0.726447 -0.473117 0
0.771344 -0.396811 0
0.681656 -0.288563 0
0.645515 -0.331166 0
0.728772 -0.331769 0
0.655845 -0.491356 0
0.582451 -0.485694 0
0.607494 -0.552738 0
0.608642 -0.374341 0
0.633546 -0.435413 0
0.685343 -0.384596 0
0.60822 -0.374471 0
0.559527 -0.422796 0
0.633123 -0.43554 0
0.63394 -0.435744 0
0.725986 -0.473246 0
0.685736 -0.384929 0
0.817211 -0.635194 0
0.778032 -0.537372 0
0.723173 -0.63035 0
0.827042 -0.452267 0
0.771816 -0.397038 0
0.726922 -0.473343 0
0.922579 -0.45532 0
0.828025 -0.452701 0
0.870454 -0.54475 0
0.923138 -0.454358 0
0.975007 -0.364971 0
0.890788 -0.344233 0
0.729026 -0.331394 0
0.721334 -0.218515 0
0.681911 -0.288186 0
0.803486 -0.798958 0
0.75576 -0.881739 0
0.848995 -0.859507 0
0.902973 -0.766038 0
0.803982 -0.798569 0
0.849487 -0.859119 0
0.764913 -0.726036 0
0.713002 -0.814854 0
0.803063 -0.798288 0
0.975877 -0.364491 0
1.04691 -0.379598 0
1.02731 -0.275447 0
0.861023 -0.241918 0
0.890468 -0.343155 0
0.940999 -0.254309 0
0.99895 -0.463132 0
1.06688 -0.483881 0
1.04712 -0.380626 0
0.923499 -0.454754 0
0.99823 -0.462986 0
0.975367 -0.365373 0
0.950135 -0.546908 0
1.01227 -0.577272 0
0.998443 -0.464003 0
0.50104 -0.201015 0
0.560897 -0.178475 0
0.533162 -0.137605 0
0.428968 -0.175578 0
0.439586 -0.212457 0
0.466719 -0.180625 0
0.569051 -0.245748 0
0.538053 -0.288695 0
0.577397 -0.316511 0
0.610823 -0.187868 0
0.569425 -0.245247 0
0.616437 -0.267746 0
0.560899 -0.178759 0
0.501039 -0.201297 0
0.533423 -0.22216 0
0.3452 -0.523362 0
0.422997 -0.500956 0
0.37823 -0.477311 0
0.561384 -0.178789 0
0.569241 -0.24495 0
0.610637 -0.187569 0
0.645139 -0.330954 0
0.681281 -0.28835 0
0.616925 -0.268367 0
0.577914 -0.316728 0
0.644791 -0.331048 0
0.616579 -0.268464 0
0.608681 -0.373993 0
0.685381 -0.384247 0
0.645125 -0.331628 0
0.453891 -0.553382 0
0.514007 -0.566662 0
0.4875 -0.499265 0
0.453871 -0.553783 0
0.481626 -0.618959 0
0.513987 -0.567065 0
0.606932 -0.55345 0
0.514746 -0.567075 0
0.555197 -0.622389 0
0.72224 -0.630364 0
0.68085 -0.550825 0
0.635692 -0.626261 0
0.58158 -0.485768 0
0.487929 -0.499038 0
0.514435 -0.566437 0
0.655931 -0.490964 0
0.63336 -0.43614 0
0.582539 -0.485303 0
0.680537 -0.550115 0
0.656173 -0.491572 0
0.607824 -0.552955 0
0.680933 -0.549851 0
0.726047 -0.473985 0
0.65657 -0.491306 0
0.523462 -0.461236 0
0.487961 -0.498686 0
0.58161 -0.485413 0
0.559071 -0.423251 0
0.523701 -0.460983 0
0.581847 -0.485159 0
0.558797 -0.423004 0
0.499895 -0.411553 0
0.523426 -0.460736 0
0.686208 -0.384324 0
0.771352 -0.396338 0
0.729208 -0.332309 0
0.656412 -0.490925 0
0.725889 -0.473602 0
0.633841 -0.436099 0
0.635307 -0.626003 0
0.680467 -0.550567 0
0.607753 -0.553405 0
0.722715 -0.630066 0
0.777578 -0.537087 0
0.681327 -0.550525 0
0.778079 -0.536237 0
0.827064 -0.452735 0
0.726942 -0.473809 0
0.538091 -0.365411 0
0.499945 -0.411234 0
0.558846 -0.422684 0
0.607021 -0.552991 0
0.581978 -0.485948 0
0.514837 -0.566619 0
0.537949 -0.289094 0
0.538281 -0.36465 0
0.577295 -0.31691 0
0.499569 -0.411666 0
0.461695 -0.456461 0
0.5231 -0.460848 0
0.461321 -0.456886 0
0.42375 -0.500805 0
0.487224 -0.498722 0
0.325098 -0.266328 0
0.295342 -0.271205 0
0.299323 -0.317018 0
0.357059 -0.260803 0
0.325495 -0.266249 0
0.356318 -0.30463 0
0.356979 -0.260503 0
0.332983 -0.215275 0
0.325417 -0.265951 0
0.325239 -0.265887 0
0.332809 -0.215213 0
0.304395 -0.241487 0
0.402737 -0.314339 0
0.383861 -0.275476 0
0.356669 -0.304841 0
0.370522 -0.224869 0
0.333135 -0.215136 0
0.35713 -0.260365 0
0.351275 -0.186259 0
0.322002 -0.18355 0
0.332955 -0.214752 0
0.294737 -0.34891 0
0.258863 -0.315324 0
0.259989 -0.360939 0
0.356127 -0.30482 0
0.325301 -0.266439 0
0.299529 -0.317132 0
0.370774 -0.349695 0
0.402694 -0.314589 0
0.356623 -0.305089 0
0.338923 -0.38408 0
0.370471 -0.350024 0
0.329382 -0.333875 0
0.411289 -0.362863 0
0.381687 -0.399252 0
0.416872 -0.426643 0
0.383914 -0.274881 0
0.404331 -0.216149 0
0.370849 -0.224921 0
0.25243 -0.279026 0
0.229759 -0.301397 0
0.258621 -0.314892 0
0.132747 -0.606433 0
0.0748488 -0.563059 0
0.0869865 -0.618564 0
0.124568 -0.500128 0
0.120719 -0.550179 0
0.166278 -0.538033 0
0.124226 -0.500041 0
0.0643177 -0.512599 0
0.120377 -0.550095 0
0.0653711 -0.424422 0
0.032803 -0.471936 0
0.089397 -0.46024 0
0.025126 -0.571495 0
0.0744119 -0.562588 0
0.0638326 -0.512879 0
-0.0252213 -0.505575 0
-0.0557313 -0.548857 0
-0.0163154 -0.55989 0
0.0313653 -0.629039 0
0.074303 -0.562976 0
0.0250169 -0.571885 0
0.125241 -0.749245 0
0.12205 -0.676879 0
0.050139 -0.692875 0
0.124559 -0.499625 0
0.155226 -0.48783 0
0.129069 -0.450421 0
0.074731 -0.562517 0
0.120211 -0.550304 0
0.0641515 -0.512809 0
0.166394 -0.537825 0
0.155351 -0.488123 0
0.124685 -0.499919 0
0.176849 -0.462559 0
0.206769 -0.44529 0
0.163012 -0.424371 0
0.351841 -0.435789 0
0.378231 -0.476771 0
0.416663 -0.427148 0
0.453588 -0.553162 0
0.487198 -0.499046 0
0.423724 -0.501127 0
0.384112 -0.274993 0
0.429556 -0.258038 0
0.404527 -0.216259 0
0.356515 -0.304661 0
0.383709 -0.275296 0
0.357253 -0.260833 0
0.402982 -0.314184 0
0.429552 -0.258368 0
0.384106 -0.27532 0
0.503241 -0.339673 0
0.471562 -0.316449 0
0.455988 -0.375953 0
0.499484 -0.410993 0
0.503335 -0.339991 0
0.456082 -0.376269 0
0.538033 -0.364725 0
0.537703 -0.289171 0
0.503737 -0.339544 0
0.501284 -0.263149 0
0.46848 -0.239977 0
0.450037 -0.285853 0
0.537475 -0.288752 0
0.501588 -0.263413 0
0.471831 -0.315903 0
0.537907 -0.288381 0
0.568904 -0.245432 0
0.533572 -0.222674 0
0.503515 -0.339381 0
0.537483 -0.289008 0
0.471837 -0.316157 0
0.577661 -0.316443 0
0.616325 -0.268177 0
0.569313 -0.245678 0
0.423513 -0.500565 0
0.461086 -0.456646 0
0.417178 -0.427295 0
0.295235 -0.349049 0
0.33867 -0.384075 0
0.32913 -0.333872 0
0.309809 -0.421843 0
0.35135 -0.435462 0
0.338794 -0.384659 0
0.309745 -0.422149 0
0.320054 -0.476318 0
0.351288 -0.43577 0
0.246701 -0.42951 0
0.207193 -0.445395 0
0.220108 -0.489118 0
0.290596 -0.382957 0
0.247279 -0.429078 0
0.3093 -0.421816 0
0.231116 -0.390304 0
0.195789 -0.405644 0
0.2467 -0.429047 0
0.259883 -0.361302 0
0.231477 -0.390002 0
0.290379 -0.382625 0
0.294843 -0.349135 0
0.260096 -0.361165 0
0.290591 -0.382487 0
0.338543 -0.38424 0
0.295106 -0.349212 0
0.290855 -0.382565 0
0.299101 -0.31744 0
0.258996 -0.31518 0
0.294867 -0.348763 0
0.232855 -0.34196 0
0.231283 -0.389863 0
0.25969 -0.361165 0
0.195427 -0.405809 0
0.163075 -0.424181 0
0.206831 -0.445099 0
0.200879 -0.367001 0
0.195634 -0.405434 0
0.230963 -0.390096 0
0.175412 -0.378326 0
0.150497 -0.389448 0
0.162819 -0.423901 0
0.200694 -0.366961 0
0.17569 -0.37819 0
0.195449 -0.405394 0
0.200647 -0.366729 0
0.18151 -0.336351 0
0.175643 -0.377958 0
0.320284 -0.476503 0
0.377908 -0.476937 0
0.351516 -0.435954 0
0.273654 -0.529995 0
0.344505 -0.523457 0
0.31991 -0.476972 0
0.261653 -0.659028 0
0.29695 -0.583218 0
0.251677 -0.593317 0
0.33246 -0.634748 0
0.371977 -0.575464 0
0.29759 -0.583078 0
0.372438 -0.574819 0
0.422977 -0.501284 0
0.345181 -0.523689 0
0.328999 -0.333649 0
0.299336 -0.317502 0
0.295103 -0.348826 0
0.100672 -0.416291 0
0.091069 -0.381353 0
0.0656037 -0.423971 0
0.0896247 -0.460055 0
0.100667 -0.416555 0
0.065599 -0.424237 0
0.131406 -0.420196 0
0.162672 -0.424042 0
0.150349 -0.389588 0
0.100974 -0.416311 0
0.131084 -0.420176 0
0.11564 -0.391208 0
0.129116 -0.449943 0
0.1626 -0.424245 0
0.131335 -0.420399 0
0.131249 -0.420086 0
0.150191 -0.389478 0
0.115805 -0.391119 0
0.166712 -0.53779 0
0.219668 -0.489624 0
0.15567 -0.48809 0
0.195322 -0.405586 0
0.175563 -0.37838 0
0.162969 -0.423955 0
0.149478 -0.320301 0
0.181316 -0.335967 0
0.168485 -0.309266 0
0.205522 -0.252651 0
0.225222 -0.234491 0
0.195563 -0.232144 0
0.309774 -0.213523 0
0.304344 -0.241312 0
0.332758 -0.215036 0
0.321864 -0.183642 0
0.309834 -0.21333 0
0.332815 -0.214842 0
0.288043 -0.212089 0
0.304192 -0.241301 0
0.309624 -0.213514 0
0.270195 -0.179006 0
0.287878 -0.211773 0
0.294732 -0.181123 0
0.268336 -0.219481 0
0.280896 -0.243798 0
0.287828 -0.212119 0
0.258779 -0.314865 0
0.276834 -0.293221 0
0.252588 -0.278997 0
0.299542 -0.317356 0
0.329204 -0.333502 0
0.356141 -0.305046 0
0.22525 -0.234365 0
0.213917 -0.215472 0
0.195592 -0.232021 0
0.25369 -0.238182 0
0.225525 -0.234518 0
0.238202 -0.255406 0
0.241719 -0.216574 0
0.214072 -0.21542 0
0.225404 -0.234313 0
0.205357 -0.252693 0
0.195398 -0.232186 0
0.176072 -0.247025 0
0.155698 -0.260275 0
0.184232 -0.269602 0
0.175867 -0.247174 0
0.21687 -0.275701 0
0.238014 -0.255594 0
0.205636 -0.252868 0
0.852111 -0.715197 0
0.80399 -0.798086 0
0.902982 -0.765554 0
0.957403 -0.672092 0
0.852628 -0.714773 0
0.903496 -0.765132 0
0.711999 -0.815541 0
0.60747 -0.825559 0
0.660464 -0.904084 0
0.803031 -0.79881 0
0.712969 -0.815376 0
0.755302 -0.881591 0
0.764528 -0.725115 0
0.722659 -0.631217 0
0.677924 -0.706683 0
0.817598 -0.636105 0
0.765428 -0.725157 0
0.851697 -0.714519 0
0.817168 -0.635824 0
0.723128 -0.630978 0
0.764994 -0.724878 0
0.205665 -0.252731 0
0.238042 -0.255455 0
0.225363 -0.234568 0
0.184536 -0.269674 0
0.216692 -0.275748 0
0.205456 -0.252914 0
0.176034 -0.247149 0
0.184398 -0.269576 0
0.20532 -0.25282 0
0.161721 -0.283483 0
0.168567 -0.309006 0
0.193786 -0.295096 0
0.229619 -0.301266 0
0.252292 -0.278896 0
0.216999 -0.275941 0
0.803527 -0.797953 0
0.851651 -0.715063 0
0.76538 -0.7257 0
0.248358 -0.895963 0
0.163029 -0.91541 0
0.180436 -1.01329 0
0.372512 -0.97075 0
0.337329 -0.882665 0
0.277143 -0.992075 0
0.284177 -0.725915 0
0.195017 -0.734183 0
0.218763 -0.810203 0
0.332091 -0.635029 0
0.297219 -0.583358 0
0.261923 -0.659168 0
0.409538 -0.625365 0
0.332818 -0.635292 0
0.366973 -0.695603 0
0.372018 -0.575092 0
0.344759 -0.523961 0
0.297631 -0.582707 0
0.218199 -0.811143 0
0.147557 -0.826897 0
0.162817 -0.914503 0
0.305257 -0.802157 0
0.219015 -0.810995 0
0.248962 -0.894908 0
0.194558 -0.734519 0
0.147663 -0.826293 0
0.218306 -0.810539 0
0.0642148 -0.512298 0
0.124123 -0.499742 0
0.0896984 -0.460627 0
0.179121 -0.593998 0
0.166461 -0.538348 0
0.120903 -0.550495 0
0.133208 -0.606311 0
0.17901 -0.594226 0
0.120791 -0.550723 0
0.122198 -0.676156 0
0.132905 -0.606812 0
0.0871453 -0.618943 0
0.122556 -0.676283 0
0.193544 -0.657034 0
0.133262 -0.606941 0
0.251195 -0.592953 0
0.234714 -0.53902 0
0.179786 -0.594142 0
0.320261 -0.476795 0
0.344855 -0.52328 0
0.377886 -0.47723 0
0.247233 -0.429342 0
0.2768 -0.46183 0
0.309253 -0.422081 0
0.273579 -0.530348 0
0.2973 -0.582555 0
0.34443 -0.523812 0
0.276922 -0.462348 0
0.273426 -0.529788 0
0.319684 -0.476768 0
0.235028 -0.538806 0
0.251508 -0.592738 0
0.273059 -0.530432 0
0.179502 -0.593958 0
0.234431 -0.538837 0
0.166842 -0.538309 0
0.251716 -0.592886 0
0.296989 -0.582787 0
0.273266 -0.530579 0
0.366556 -0.695938 0
0.332399 -0.635626 0
0.28513 -0.725204 0
0.220289 -0.489766 0
0.234923 -0.538461 0
0.272955 -0.530087 0
0.290335 -0.382853 0
0.231434 -0.390228 0
0.247017 -0.42897 0
0.176868 -0.462919 0
0.155704 -0.487838 0
0.219703 -0.489373 0
0.206959 -0.445507 0
0.17704 -0.462777 0
0.219875 -0.48923 0
0.276502 -0.462055 0
0.246933 -0.429565 0
0.220341 -0.489175 0
0.273094 -0.529831 0
0.276589 -0.462391 0
0.220429 -0.489512 0
0.319805 -0.476406 0
0.309496 -0.422237 0
0.277044 -0.461988 0
0.24662 -0.429231 0
0.195708 -0.405827 0
0.207111 -0.445116 0
0.162752 -0.424386 0
0.129268 -0.450085 0
0.176589 -0.462575 0
0.0385742 -0.765747 0
0.00305536 -0.708718 0
-0.0372885 -0.794697 0
0.712491 -0.81573 0
0.660961 -0.904273 0
0.754827 -0.881944 0
0.677361 -0.707632 0
0.607527 -0.824901 0
0.712054 -0.814882 0
0.479381 -0.760929 0
0.561454 -0.748568 0
0.523829 -0.675245 0
0.479366 -0.76148 0
0.519559 -0.839541 0
0.56144 -0.74912 0
0.519997 -0.840349 0
0.565039 -0.926436 0
0.606509 -0.825718 0
0.561865 -0.749333 0
0.519987 -0.839756 0
0.606498 -0.825123 0
0.4785 -0.76163 0
0.39319 -0.775939 0
0.428739 -0.857331 0
0.161479 -0.283242 0
0.155483 -0.260401 0
0.134622 -0.27175 0
0.193838 -0.294964 0
0.184312 -0.269838 0
0.161774 -0.283352 0
0.184185 -0.269724 0
0.15565 -0.260395 0
0.161645 -0.283235 0
0.194134 -0.295203 0
0.204915 -0.323191 0
0.229384 -0.301479 0
0.184497 -0.269814 0
0.194022 -0.294938 0
0.216653 -0.27589 0
0.168712 -0.309141 0
0.204712 -0.323217 0
0.193929 -0.295228 0
0.134412 -0.271857 0
0.112997 -0.281454 0
0.141321 -0.294587 0
0.200915 -0.366565 0
0.232571 -0.341758 0
0.204948 -0.323564 0
0.261882 -0.659644 0
0.284778 -0.725081 0
0.332049 -0.635505 0
0.17965 -0.594537 0
0.194128 -0.656715 0
0.251059 -0.593348 0
0.19516 -0.733679 0
0.28432 -0.725411 0
0.261422 -0.659973 0
0.194213 -0.657402 0
0.194857 -0.73345 0
0.26112 -0.659745 0
0.251332 -0.593564 0
0.194403 -0.656933 0
0.26131 -0.659275 0
0.179255 -0.594581 0
0.133453 -0.606667 0
0.193734 -0.65676 0
0.218537 -0.811373 0
0.163156 -0.914732 0
0.248486 -0.895286 0
0.125808 -0.749883 0
0.147352 -0.82609 0
0.194248 -0.734316 0
0.0893427 -0.796573 0
0.0391605 -0.766212 0
0.0519165 -0.845654 0
0.105484 -0.879234 0
0.0895646 -0.796953 0
0.0521397 -0.846033 0
0.125097 -0.749888 0
0.039407 -0.76589 0
0.0895882 -0.796252 0
0.428203 -0.858385 0
0.337837 -0.882216 0
0.373018 -0.970302 0
0.519084 -0.840533 0
0.42913 -0.858172 0
0.469186 -0.948521 0
0.392717 -0.776341 0
0.337903 -0.881566 0
0.428268 -0.857734 0
0.219134 -0.810429 0
0.305376 -0.80159 0
0.284546 -0.726141 0
0.42864 -0.858609 0
0.373458 -0.970526 0
0.468698 -0.948957 0
0.249359 -0.895146 0
0.337013 -0.881777 0
0.305652 -0.802394 0
0.249262 -0.895781 0
0.276728 -0.991823 0
0.336916 -0.882413 0
0.442219 -0.689613 0
0.409904 -0.625547 0
0.367341 -0.695786 0
0.564581 -0.926848 0
0.519537 -0.840762 0
0.469642 -0.948752 0
0.112942 -0.281571 0
0.117802 -0.306682 0
0.141265 -0.294704 0
0.232667 -0.341539 0
0.229513 -0.301634 0
0.205045 -0.323347 0
0.231086 -0.389882 0
0.232658 -0.341979 0
0.201004 -0.366789 0
0.258556 -0.315103 0
0.229692 -0.301606 0
0.232846 -0.341511 0
0.259781 -0.360914 0
0.258656 -0.315301 0
0.232948 -0.341711 0
0.276956 -0.293075 0
0.295027 -0.271168 0
0.252712 -0.278852 0
0.299042 -0.317254 0
0.276989 -0.293349 0
0.258936 -0.314994 0
0.299162 -0.317107 0
0.295181 -0.271295 0
0.277111 -0.293203 0
0.25232 -0.278742 0
0.238169 -0.25568 0
0.217028 -0.275789 0
0.141556 -0.294841 0
0.149344 -0.320162 0
0.168352 -0.309129 0
0.134575 -0.271865 0
0.141483 -0.294593 0
0.161433 -0.283357 0
0.117923 -0.306813 0
0.149175 -0.320155 0
0.141386 -0.294833 0
0.12988 -0.367042 0
0.157956 -0.348722 0
0.123498 -0.335427 0
0.150481 -0.389196 0
0.175398 -0.378075 0
0.158198 -0.348938 0
0.0685823 -0.295602 0
0.0964776 -0.314663 0
0.0907187 -0.289477 0
0.129697 -0.367024 0
0.123315 -0.335407 0
0.10333 -0.343221 0
0.0912913 -0.380919 0
0.129589 -0.367177 0
0.103222 -0.343373 0
0.150328 -0.38916 0
0.158046 -0.348901 0
0.12997 -0.367223 0
0.158021 -0.348566 0
0.149249 -0.320429 0
0.123563 -0.33527 0
0.393236 -0.775379 0
0.478546 -0.761069 0
0.442534 -0.690333 0
0.337319 -0.747526 0
0.392511 -0.775353 0
0.366931 -0.69648 0
0.285147 -0.725579 0
0.336959 -0.747359 0
0.366572 -0.696314 0
0.306131 -0.801548 0
0.392308 -0.775707 0
0.337115 -0.747878 0
0.306132 -0.801995 0
0.337492 -0.881378 0
0.392308 -0.776155 0
0.115507 -0.391078 0
0.0912368 -0.381244 0
0.10084 -0.416181 0
0.12891 -0.449917 0
0.131129 -0.420373 0
0.101018 -0.416509 0
0.129631 -0.367336 0
0.0913332 -0.38108 0
0.115603 -0.390914 0
0.117687 -0.306929 0
0.0967507 -0.314853 0
0.123253 -0.335112 0
0.0752845 -0.350819 0
0.0911093 -0.380865 0
0.103039 -0.343318 0
0.0458163 -0.300202 0
0.0280453 -0.329046 0
0.0497061 -0.326133 0
0.0543772 -0.355474 0
0.0594947 -0.387672 0
0.0750161 -0.350881 0
0.0498913 -0.326391 0
0.054345 -0.355268 0
0.0749838 -0.350677 0
0.0497341 -0.326318 0
0.028073 -0.329232 0
0.0541872 -0.355197 0
0.000707592 -0.303951 0
0.00260423 -0.330857 0
0.0230895 -0.302875 0
-0.176766 -0.69308 0
-0.117687 -0.730929 0
-0.118043 -0.664311 0
-0.243146 -0.79245 0
-0.183337 -0.760468 0
-0.230059 -0.726464 0
-0.188631 -0.834134 0
-0.101477 -0.809834 0
-0.182726 -0.760886 0
-0.0255716 -0.874515 0
-0.100669 -0.810405 0
-0.103818 -0.890739 0
-0.0379102 -0.794897 0
-0.0437185 -0.72446 0
-0.100508 -0.809582 0
-0.0253515 -0.874196 0
-0.0378487 -0.795399 0
-0.100447 -0.810085 0
-0.0248415 -0.874316 0
0.0512796 -0.84601 0
-0.0373401 -0.79552 0
-0.100775 -0.80937 0
-0.0439835 -0.724246 0
-0.117185 -0.731518 0
0.00282633 -0.708135 0
-0.0241148 -0.662558 0
-0.043326 -0.723678 0
0.478921 -0.761844 0
0.429163 -0.857547 0
0.519117 -0.839905 0
0.0751387 -0.350967 0
0.0596175 -0.387757 0
0.0909638 -0.381015 0
0.0233246 -0.302857 0
0.0279569 -0.328968 0
0.0457277 -0.300123 0
0.0260165 -0.35997 0
0.027783 -0.393101 0
0.0592416 -0.387829 0
0.0279934 -0.329344 0
0.0260005 -0.359647 0
0.0541075 -0.355309 0
0.00497594 -0.361254 0
0.0276006 -0.393013 0
0.025835 -0.35988 0
0.00269516 -0.330941 0
0.0278124 -0.329072 0
0.0231804 -0.30296 0
-0.0219297 -0.303475 0
-0.0441934 -0.327164 0
-0.0193729 -0.330499 0
0.00262642 -0.331239 0
0.00489247 -0.361047 0
0.0257508 -0.359673 0
-0.02178 -0.303397 0
-0.0192228 -0.330421 0
0.000484941 -0.30395 0
-0.0232308 -0.35776 0
0.00472805 -0.36104 0
0.0024628 -0.331232 0
0.121921 -0.676443 0
0.0868667 -0.61923 0
0.0500103 -0.692438 0
0.194165 -0.733816 0
0.122532 -0.677017 0
0.125725 -0.749382 0
0.194392 -0.733507 0
0.193749 -0.657458 0
0.122761 -0.676709 0
0.12885 -0.450328 0
0.0899156 -0.46042 0
0.12434 -0.499534 0
0.176565 -0.462788 0
0.129244 -0.450298 0
0.155401 -0.487707 0
0.150187 -0.389302 0
0.129829 -0.367364 0
0.115801 -0.390942 0
-0.0381859 -0.389294 0
-0.0126224 -0.39443 0
-0.0234254 -0.358068 0
-0.043837 -0.422417 0
-0.0384259 -0.389477 0
-0.063961 -0.38457 0
-0.0436641 -0.42245 0
-0.0126896 -0.394645 0
-0.038254 -0.389511 0
-0.0431975 -0.461084 0
-0.0438982 -0.422786 0
-0.0776934 -0.42329 0
-0.00827054 -0.431833 0
-0.0125893 -0.394788 0
-0.0435634 -0.422592 0
-0.00803224 -0.431735 0
0.0274299 -0.393362 0
-0.0123514 -0.39469 0
0.0195725 -0.519822 0
0.0636743 -0.512405 0
0.0325637 -0.472431 0
0.0297245 -0.430386 0
0.027571 -0.393483 0
-0.0078908 -0.431854 0
0.128771 -0.450051 0
0.100879 -0.416642 0
0.0898368 -0.460141 0
0.0593736 -0.388043 0
0.0279143 -0.393316 0
0.0652541 -0.423919 0
0.0593302 -0.387703 0
0.054213 -0.355504 0
0.0261051 -0.359844 0
0.0909311 -0.381258 0
0.059585 -0.388003 0
0.0654657 -0.423877 0
0.117633 -0.306665 0
0.112772 -0.281552 0
0.0909372 -0.289405 0
0.0716645 -0.321831 0
0.0752193 -0.35062 0
0.102974 -0.343121 0
0.0965294 -0.314928 0
0.0717358 -0.321712 0
0.103046 -0.343002 0
0.123204 -0.335234 0
0.0967023 -0.314975 0
0.103219 -0.343046 0
0.117579 -0.306777 0
0.0908834 -0.289516 0
0.0966421 -0.314699 0
0.0683494 -0.295659 0
0.0460232 -0.300076 0
0.071451 -0.321503 0
0.141597 -0.294718 0
0.168393 -0.309005 0
0.161546 -0.283481 0
0.123428 -0.33513 0
0.149115 -0.32029 0
0.117863 -0.306948 0
0.158215 -0.348568 0
0.181282 -0.3361 0
0.149443 -0.320432 0
0.181501 -0.335977 0
0.20467 -0.323354 0
0.168671 -0.309277 0
0.175501 -0.377897 0
0.181368 -0.336291 0
0.158303 -0.348761 0
0.200744 -0.366546 0
0.204777 -0.323545 0
0.181609 -0.33617 0
0.194174 -0.295045 0
0.229424 -0.30132 0
0.216803 -0.275995 0
0.0716202 -0.321552 0
0.0964133 -0.31477 0
0.0685185 -0.29571 0
-0.0873968 -0.523847 0
-0.0812061 -0.463543 0
-0.116568 -0.4984 0
-0.00314371 -0.47352 0
-0.00823628 -0.432226 0
-0.042828 -0.461283 0
-0.0249259 -0.50519 0
0.0191568 -0.519803 0
-0.00299227 -0.47396 0
-0.0428853 -0.461528 0
-0.0251344 -0.504995 0
-0.00320005 -0.473764 0
-0.0588351 -0.501699 0
-0.0871189 -0.524142 0
-0.0560811 -0.548725 0
-0.0808648 -0.463343 0
-0.0587716 -0.501204 0
-0.0432569 -0.46148 0
-0.117333 -0.548429 0
-0.1177 -0.602973 0
-0.086288 -0.575345 0
0.032376 -0.472003 0
0.0297577 -0.430787 0
-0.00276478 -0.47355 0
0.0193489 -0.519693 0
0.0323411 -0.472301 0
-0.00280013 -0.47385 0
-0.0430712 -0.461621 0
-0.0585847 -0.501343 0
-0.0253202 -0.505087 0
0.0249415 -0.571353 0
0.0636488 -0.512736 0
0.0195467 -0.520154 0
0.0639082 -0.512206 0
0.089392 -0.460534 0
0.032798 -0.472232 0
0.0651719 -0.424322 0
0.0299856 -0.430623 0
0.0326037 -0.471837 0
0.0651556 -0.42406 0
0.0278156 -0.393458 0
0.0299696 -0.43036 0
-0.0439686 -0.422529 0
-0.0640933 -0.384683 0
-0.0777631 -0.423034 0
0.00484797 -0.36137 0
-0.0123078 -0.394453 0
0.0274726 -0.393128 0
0.00467808 -0.361251 0
-0.0232816 -0.357973 0
-0.0124785 -0.394336 0
0.0246392 -0.572021 0
-0.0382991 -0.603638 0
0.0309875 -0.629176 0
-0.17736 -0.693386 0
-0.229837 -0.726131 0
-0.183117 -0.760136 0
-0.171736 -0.632232 0
-0.217516 -0.665159 0
-0.17728 -0.692754 0
-0.118101 -0.603272 0
-0.152362 -0.581849 0
-0.17132 -0.631654 0
-0.242056 -0.427689 0
-0.206965 -0.450957 0
-0.19981 -0.41116 0
-0.466152 -0.531144 0
-0.458962 -0.452703 0
-0.507186 -0.485061 0
-0.230211 -0.536793 0
-0.195453 -0.557847 0
-0.185421 -0.511522 0
-0.254643 -0.478672 0
-0.214608 -0.494925 0
-0.207056 -0.451409 0
-0.305566 -0.477982 0
-0.2552 -0.478612 0
-0.282771 -0.450519 0
-0.305753 -0.47832 0
-0.3221 -0.514849 0
-0.271839 -0.515525 0
-0.340308 -0.554815 0
-0.409245 -0.543813 0
-0.370877 -0.600722 0
-0.339064 -0.446438 0
-0.373029 -0.503032 0
-0.306148 -0.478049 0
-0.415706 -0.477983 0
-0.409508 -0.543231 0
-0.37363 -0.503355 0
-0.265129 -0.634203 0
-0.217926 -0.664887 0
-0.206466 -0.609607 0
-0.312901 -0.603607 0
-0.265586 -0.633909 0
-0.248026 -0.58253 0
-0.339715 -0.554863 0
-0.313289 -0.603254 0
-0.289634 -0.555746 0
-0.370543 -0.601349 0
-0.336087 -0.682183 0
-0.313547 -0.603832 0
-0.276712 -0.684112 0
-0.230287 -0.725784 0
-0.218044 -0.665443 0
-0.335613 -0.682562 0
-0.277224 -0.683864 0
-0.26576 -0.634512 0
-0.335725 -0.68297 0
-0.298633 -0.756312 0
-0.277335 -0.684273 0
-0.117084 -0.731028 0
-0.043884 -0.723757 0
-0.0710258 -0.663398 0
-0.0707144 -0.663167 0
-0.0435735 -0.723527 0
-0.0243611 -0.662406 0
-0.0388037 -0.604053 0
-0.070698 -0.662766 0
-0.0243454 -0.662006 0
-0.11769 -0.664211 0
-0.117333 -0.730829 0
-0.0712727 -0.663198 0
-0.0442764 -0.327067 0
-0.0220122 -0.303376 0
-0.0440689 -0.301222 0
-0.0192217 -0.330694 0
-0.0233112 -0.357659 0
0.00238257 -0.331129 0
0.000566068 -0.304044 0
-0.0191413 -0.330513 0
0.0024624 -0.33095 0
-0.0442691 -0.327341 0
-0.0443049 -0.355823 0
-0.0194476 -0.330674 0
-0.0193779 -0.330777 0
-0.0442348 -0.355925 0
-0.0234677 -0.357743 0
-0.0687864 -0.324312 0
-0.0444336 -0.327137 0
-0.0442257 -0.301293 0
-0.0688796 -0.324489 0
-0.0717682 -0.35397 0
-0.0445255 -0.327313 0
-0.0717525 -0.354266 0
-0.0640746 -0.384231 0
-0.0445458 -0.356092 0
-0.0886447 -0.379998 0
-0.0642225 -0.384311 0
-0.0719006 -0.354347 0
-0.128366 -0.406062 0
-0.0970477 -0.405732 0
-0.113519 -0.376193 0
-0.0967503 -0.405673 0
-0.0643052 -0.384482 0
-0.0887282 -0.380171 0
-0.128464 -0.406381 0
-0.13393 -0.443905 0
-0.105624 -0.433274 0
-0.158183 -0.393171 0
-0.128572 -0.40602 0
-0.113723 -0.37615 0
-0.158362 -0.393349 0
-0.166659 -0.428943 0
-0.128749 -0.406197 0
-0.0809287 -0.463083 0
-0.0433213 -0.461219 0
-0.0778181 -0.423426 0
-0.0436658 -0.422815 0
-0.0429641 -0.461113 0
-0.008372 -0.432055 0
-0.111124 -0.464708 0
-0.155661 -0.479146 0
-0.116896 -0.498255 0
-0.0970206 -0.405923 0
-0.12834 -0.406253 0
-0.105501 -0.433147 0
-0.0780776 -0.423141 0
-0.0968523 -0.40598 0
-0.105332 -0.433204 0
-0.0888929 -0.380143 0
-0.113386 -0.376106 0
-0.0969157 -0.405645 0
-0.166669 -0.429356 0
-0.155906 -0.478848 0
-0.134226 -0.444134 0
-0.111182 -0.464527 0
-0.13404 -0.444252 0
-0.155719 -0.478965 0
-0.0812839 -0.463344 0
-0.110875 -0.464655 0
-0.116647 -0.498202 0
-0.105566 -0.433469 0
-0.133872 -0.444099 0
-0.111014 -0.464375 0
-0.0780252 -0.423333 0
-0.105279 -0.433395 0
-0.081137 -0.46299 0
-0.0779403 -0.422978 0
-0.0642693 -0.384626 0
-0.0967141 -0.405816 0
-0.1832 -0.76083 0
-0.243008 -0.792811 0
-0.189106 -0.834078 0
-0.171832 -0.631952 0
-0.206153 -0.6096 0
-0.217613 -0.66488 0
-0.118223 -0.663979 0
-0.171403 -0.632227 0
-0.176947 -0.69275 0
-0.118026 -0.663681 0
-0.117987 -0.603548 0
-0.171204 -0.631927 0
-0.465683 -0.531425 0
-0.409816 -0.543325 0
-0.416016 -0.478078 0
-0.578438 -0.507958 0
-0.576783 -0.58189 0
-0.51983 -0.555982 0
-0.465301 -0.589355 0
-0.46461 -0.650734 0
-0.416535 -0.625217 0
-0.519084 -0.556085 0
-0.465649 -0.588726 0
-0.466215 -0.531838 0
-0.507388 -0.485407 0
-0.519225 -0.555738 0
-0.466354 -0.531491 0
-0.576627 -0.582306 0
-0.532045 -0.63204 0
-0.519676 -0.556399 0
-0.53149 -0.63238 0
-0.464995 -0.650758 0
-0.465687 -0.58938 0
0.0314892 -0.62963 0
0.0497062 -0.692281 0
0.0865637 -0.619073 0
0.0258276 -0.359567 0
0.0278213 -0.329262 0
0.00270337 -0.331132 0
0.0714867 -0.321774 0
0.0499488 -0.326278 0
0.0750413 -0.350564 0
0.0713889 -0.321605 0
0.0459614 -0.300179 0
0.0498515 -0.326108 0
-0.0442989 -0.356122 0
-0.0382925 -0.389166 0
-0.0235311 -0.357938 0
0.030964 -0.629826 0
-0.0238651 -0.662242 0
0.00307492 -0.70782 0
0.0745094 -0.563134 0
0.0315726 -0.629196 0
0.086647 -0.61864 0
0.132859 -0.606206 0
0.120442 -0.550617 0
0.0749615 -0.56283 0
-0.00290058 -0.473417 0
0.0296224 -0.430653 0
-0.00799337 -0.432123 0
-0.0859818 -0.575084 0
-0.0561716 -0.548971 0
-0.0872106 -0.524389 0
-0.0790685 -0.61734 0
-0.0861597 -0.575577 0
-0.117571 -0.603204 0
-0.117717 -0.663633 0
-0.079174 -0.617635 0
-0.117678 -0.6035 0
-0.070881 -0.662618 0
-0.0389855 -0.603904 0
-0.0787544 -0.617633 0
-0.0389602 -0.603383 0
-0.0560102 -0.549236 0
-0.0858196 -0.575349 0
0.0308249 -0.629477 0
-0.0384631 -0.603941 0
-0.0240047 -0.661894 0
-0.0163603 -0.560217 0
-0.0557772 -0.549185 0
-0.038727 -0.603333 0
0.0244816 -0.57179 0
-0.016091 -0.560293 0
-0.038457 -0.603407 0
0.0246748 -0.571512 0
0.0192798 -0.520312 0
-0.0158972 -0.560014 0
0.248737 -0.896221 0
0.180816 -1.01355 0
0.276205 -0.992263 0
0.30577 -0.80138 0
0.336755 -0.747711 0
0.284942 -0.72593 0
-0.0229883 -0.960933 0
-0.10385 -0.891591 0
-0.11249 -0.978999 0
0.0832253 -1.03554 0
-0.0220282 -0.961677 0
-0.0122835 -1.05743 0
-0.0253103 -0.87502 0
-0.103556 -0.891242 0
-0.0226971 -0.960585 0
0.0514919 -0.845648 0
0.0387365 -0.766206 0
-0.0371257 -0.795156 0
0.06639 -0.935156 0
0.0516272 -0.84648 0
-0.0244928 -0.874784 0
-0.0221269 -0.960733 0
0.0661437 -0.935538 0
-0.0247414 -0.875168 0
0.084164 -1.03531 0
0.179568 -1.01382 0
0.067182 -0.936252 0
0.147003 -0.826298 0
0.125458 -0.750091 0
0.0899493 -0.796455 0
0.00332133 -0.707922 0
0.0494275 -0.69258 0
0.0312092 -0.629928 0
-0.0375644 -0.794558 0
0.00278104 -0.708578 0
-0.0433714 -0.724121 0
0.0388645 -0.765407 0
0.0494532 -0.693034 0
0.00334706 -0.708377 0
0.105802 -0.879169 0
0.146937 -0.826731 0
0.0898828 -0.796888 0
0.124964 -0.749542 0
0.0498607 -0.693173 0
0.0392733 -0.765544 0
-0.0898858 -0.319066 0
-0.0662699 -0.29742 0
-0.0876408 -0.292156 0
-0.0444803 -0.355902 0
-0.044444 -0.327419 0
-0.0716859 -0.354075 0
-0.0442977 -0.301192 0
-0.0660554 -0.297468 0
-0.0688594 -0.324213 0
-0.0901147 -0.319285 0
-0.110444 -0.312653 0
-0.112009 -0.342534 0
-0.0690989 -0.324446 0
-0.0899106 -0.319346 0
-0.0921351 -0.349028 0
-0.0690124 -0.324273 0
-0.0662081 -0.297529 0
-0.0898228 -0.319173 0
0.105408 -0.879698 0
0.0520627 -0.846497 0
0.066826 -0.935173 0
0.162174 -0.915095 0
0.105778 -0.879928 0
0.0671965 -0.935403 0
0.162441 -0.914733 0
0.14718 -0.827127 0
0.106046 -0.879565 0
0.17983 -1.01342 0
0.162422 -0.915543 0
0.0674455 -0.93585 0
-0.579796 -0.437793 0
-0.507794 -0.48459 0
-0.527997 -0.405635 0
-0.578206 -0.507635 0
-0.519599 -0.555657 0
-0.507764 -0.485328 0
-0.313196 -0.603942 0
-0.335735 -0.682294 0
-0.26588 -0.634243 0
-0.339987 -0.555015 0
-0.370556 -0.600923 0
-0.31356 -0.603405 0
-0.322274 -0.515237 0
-0.339746 -0.554568 0
-0.289664 -0.55545 0
-0.271785 -0.515784 0
-0.322045 -0.515107 0
-0.289437 -0.55532 0
-0.306093 -0.47828 0
-0.372972 -0.50326 0
-0.322439 -0.514808 0
-0.373378 -0.503611 0
-0.409254 -0.543488 0
-0.340315 -0.554488 0
-0.409981 -0.543697 0
-0.465848 -0.531796 0
-0.465283 -0.588686 0
-0.458655 -0.452678 0
-0.465847 -0.531121 0
-0.416179 -0.477774 0
-0.408818 -0.686172 0
-0.375856 -0.765622 0
-0.336422 -0.683008 0
-0.370864 -0.601624 0
-0.408801 -0.685623 0
-0.336405 -0.682457 0
-0.46063 -0.72865 0
-0.518573 -0.823615 0
-0.435931 -0.823308 0
-0.46457 -0.651399 0
-0.46036 -0.727614 0
-0.409529 -0.68594 0
-0.465186 -0.651109 0
-0.531682 -0.63273 0
-0.52269 -0.693951 0
-0.409816 -0.54401 0
-0.465117 -0.588998 0
-0.416352 -0.624858 0
-0.523092 -0.693982 0
-0.532085 -0.632763 0
-0.585128 -0.660881 0
-0.461125 -0.727993 0
-0.52284 -0.69462 0
-0.580796 -0.755935 0
-0.460738 -0.727641 0
-0.464949 -0.651428 0
-0.522452 -0.694269 0
-0.637687 -0.617242 0
-0.642168 -0.690351 0
-0.585879 -0.660817 0
-0.633509 -0.54855 0
-0.63763 -0.616506 0
-0.577361 -0.582228 0
-0.687701 -0.59713 0
-0.642509 -0.690135 0
-0.638029 -0.617029 0
-0.673992 -0.759597 0
-0.64284 -0.691018 0
-0.750487 -0.717383 0
-0.298279 -0.756457 0
-0.230555 -0.726089 0
-0.276982 -0.684418 0
-0.265366 -0.634453 0
-0.27683 -0.683806 0
-0.218161 -0.665136 0
-0.110425 -0.312371 0
-0.0878509 -0.292093 0
-0.108748 -0.285322 0
-0.129309 -0.276995 0
-0.135913 -0.302145 0
-0.108971 -0.285237 0
-0.111948 -0.342656 0
-0.0922789 -0.349089 0
-0.0900544 -0.319408 0
-0.110837 -0.464438 0
-0.0812466 -0.463127 0
-0.10539 -0.433533 0
-0.185007 -0.51124 0
-0.14613 -0.531136 0
-0.156007 -0.479413 0
-0.0872031 -0.523857 0
-0.0589188 -0.501413 0
-0.0810132 -0.463554 0
-0.117333 -0.547909 0
-0.0875172 -0.524129 0
-0.11669 -0.498684 0
-0.11723 -0.548165 0
-0.0861869 -0.575082 0
-0.0874152 -0.524386 0
-0.146151 -0.531634 0
-0.195062 -0.558063 0
-0.152535 -0.581363 0
-0.214205 -0.495126 0
-0.185236 -0.51112 0
-0.156234 -0.479291 0
-0.214455 -0.495319 0
-0.230276 -0.536584 0
-0.185484 -0.511312 0
-0.0249703 -0.505478 0
-0.0160643 -0.559793 0
0.0191135 -0.52009 0
-0.058628 -0.501636 0
-0.0558737 -0.548662 0
-0.0253627 -0.505378 0
-0.0790182 -0.617835 0
-0.11756 -0.663831 0
-0.0711443 -0.662819 0
-0.152656 -0.581869 0
-0.205934 -0.60932 0
-0.171615 -0.631674 0
-0.14626 -0.531399 0
-0.185139 -0.511504 0
-0.195171 -0.557829 0
-0.116885 -0.498708 0
-0.145773 -0.531323 0
-0.117529 -0.547933 0
-0.117013 -0.498477 0
-0.155779 -0.479369 0
-0.145902 -0.531094 0
-0.230812 -0.536799 0
-0.271479 -0.515857 0
-0.28913 -0.555393 0
-0.195661 -0.558083 0
-0.23042 -0.53703 0
-0.247516 -0.582053 0
-0.214742 -0.495334 0
-0.271229 -0.515655 0
-0.230563 -0.536598 0
-0.0858965 -0.575578 0
-0.0788048 -0.617341 0
-0.0390359 -0.603611 0
-0.110362 -0.312483 0
-0.0900339 -0.319116 0
-0.087789 -0.292207 0
-0.0920742 -0.349144 0
-0.071928 -0.354044 0
-0.0690391 -0.324563 0
-0.113448 -0.375793 0
-0.0923569 -0.349278 0
-0.112027 -0.342845 0
-0.11337 -0.375917 0
-0.0888776 -0.379954 0
-0.0922798 -0.349403 0
-0.0639623 -0.384347 0
-0.0384281 -0.389255 0
-0.0444345 -0.35621 0
-0.142998 -0.33013 0
-0.150377 -0.360041 0
-0.112318 -0.342727 0
-0.135965 -0.302413 0
-0.142944 -0.329837 0
-0.1107 -0.312553 0
-0.149197 -0.267226 0
-0.155321 -0.292522 0
-0.129507 -0.276903 0
-0.149347 -0.267243 0
-0.173911 -0.281599 0
-0.155469 -0.292537 0
-0.197427 -0.298649 0
-0.214764 -0.28783 0
-0.213505 -0.322667 0
-0.180174 -0.309746 0
-0.197311 -0.298722 0
-0.213388 -0.322741 0
-0.180043 -0.309609 0
-0.174154 -0.281762 0
-0.197179 -0.298585 0
-0.162075 -0.320605 0
-0.179965 -0.309878 0
-0.186135 -0.340348 0
-0.150687 -0.360001 0
-0.161977 -0.320774 0
-0.186035 -0.340515 0
-0.143116 -0.329864 0
-0.136136 -0.302441 0
-0.161784 -0.320545 0
-0.190492 -0.270999 0
-0.168523 -0.255936 0
-0.186657 -0.243517 0
-0.161973 -0.320446 0
-0.155532 -0.29281 0
-0.179862 -0.309719 0
-0.149389 -0.26712 0
-0.168344 -0.25605 0
-0.173955 -0.281477 0
-0.150433 -0.360362 0
-0.158257 -0.393018 0
-0.113795 -0.375996 0
-0.10891 -0.285357 0
-0.135849 -0.302263 0
-0.110586 -0.312404 0
-0.21365 -0.32269 0
-0.214911 -0.287854 0
-0.241108 -0.305643 0
-0.269992 -0.32519 0
-0.244141 -0.341049 0
-0.241395 -0.305829 0
-0.186306 -0.340355 0
-0.180137 -0.309886 0
-0.21335 -0.32288 0
-0.150789 -0.36018 0
-0.186139 -0.340694 0
-0.192613 -0.374037 0
-0.155276 -0.292638 0
-0.136069 -0.30217 0
-0.129464 -0.277021 0
-0.179903 -0.309589 0
-0.155572 -0.292679 0
-0.174014 -0.281741 0
-0.161826 -0.320422 0
-0.136177 -0.302315 0
-0.155385 -0.292784 0
-0.0921409 -0.34933 0
-0.0887389 -0.379882 0
-0.0719937 -0.354229 0
-0.176984 -0.693403 0
-0.182741 -0.760153 0
-0.117903 -0.73125 0
-0.152275 -0.581331 0
-0.117647 -0.54821 0
-0.145892 -0.531601 0
-0.206014 -0.609075 0
-0.152735 -0.581623 0
-0.195263 -0.558323 0
-0.117922 -0.602994 0
-0.117553 -0.54845 0
-0.152181 -0.58157 0
-0.217712 -0.665473 0
-0.229954 -0.725814 0
-0.177475 -0.693068 0
-0.247435 -0.582295 0
-0.206332 -0.609077 0
-0.195581 -0.558326 0
-0.312981 -0.603346 0
-0.248105 -0.582267 0
-0.289327 -0.555838 0
-0.265229 -0.633928 0
-0.206565 -0.60933 0
-0.247669 -0.582549 0
-0.269785 -0.858706 0
-0.195223 -0.915327 0
-0.189235 -0.834815 0
-0.287787 -1.03175 0
-0.201506 -1.00509 0
-0.276781 -0.943375 0
-0.182486 -0.760541 0
-0.10124 -0.809492 0
-0.11765 -0.73164 0
-0.269946 -0.858297 0
-0.189396 -0.834404 0
-0.2433 -0.793138 0
-0.194668 -0.915435 0
-0.104677 -0.890956 0
-0.188682 -0.834922 0
-0.0129395 -1.05724 0
-0.0226839 -0.961489 0
-0.112184 -0.979553 0
-0.0217624 -0.961269 0
0.0834886 -1.03513 0
0.0665064 -0.936076 0
-0.213672 -0.323042 0
-0.243875 -0.341215 0
-0.218351 -0.357373 0
-0.113388 -0.979227 0
-0.194739 -0.916299 0
-0.200649 -1.00483 0
-0.0132275 -1.05764 0
-0.112476 -0.979952 0
-0.109011 -1.08006 0
-0.104424 -0.89144 0
-0.194414 -0.915917 0
-0.113066 -0.978848 0
-0.174189 -0.281633 0
-0.190546 -0.271268 0
-0.197215 -0.298456 0
-0.128668 -0.406367 0
-0.166577 -0.429112 0
-0.134135 -0.443891 0
-0.110621 -0.312689 0
-0.142863 -0.329971 0
-0.112186 -0.342569 0
-0.243953 -0.341042 0
-0.213747 -0.322869 0
-0.241205 -0.305821 0
-0.278251 -0.371037 0
-0.244264 -0.341268 0
-0.270116 -0.325408 0
-0.254678 -0.39715 0
-0.242217 -0.427509 0
-0.199968 -0.410978 0
-0.2782 -0.371276 0
-0.254948 -0.396731 0
-0.244215 -0.341508 0
-0.278428 -0.371511 0
-0.312289 -0.411502 0
-0.255175 -0.396966 0
-0.158684 -0.393181 0
-0.192685 -0.374382 0
-0.199483 -0.410789 0
-0.150545 -0.359967 0
-0.143164 -0.330057 0
-0.161833 -0.320738 0
-0.208464 -0.258955 0
-0.190625 -0.271008 0
-0.186792 -0.243528 0
-0.888672 -0.844686 0
-0.867588 -0.942772 0
-0.74213 -0.88057 0
-0.113103 -0.979777 0
-0.200363 -1.00538 0
-0.10964 -1.07988 0
-0.249033 -0.262603 0
-0.225821 -0.245462 0
-0.243652 -0.228953 0
-0.365718 -0.23349 0
-0.334406 -0.21348 0
-0.379062 -0.210693 0
-0.360394 -0.300822 0
-0.352766 -0.256983 0
-0.389379 -0.275356 0
-0.243814 -0.228936 0
-0.273929 -0.240048 0
-0.249193 -0.262584 0
-0.220591 -0.214568 0
-0.243556 -0.228793 0
-0.225726 -0.2453 0
-0.260942 -0.210933 0
-0.273969 -0.239875 0
-0.243852 -0.228763 0
-0.333998 -0.213451 0
-0.319436 -0.233802 0
-0.303513 -0.201647 0
-0.304912 -0.254524 0
-0.274266 -0.240007 0
-0.288659 -0.224836 0
-0.360187 -0.300839 0
-0.327346 -0.280465 0
-0.352556 -0.256999 0
-0.232417 -0.276028 0
-0.241172 -0.305487 0
-0.214973 -0.287698 0
-0.208698 -0.259118 0
-0.232308 -0.275873 0
-0.214864 -0.287542 0
-0.249158 -0.262881 0
-0.274379 -0.281524 0
-0.232641 -0.275865 0
-0.304863 -0.254713 0
-0.274703 -0.281375 0
-0.274219 -0.240197 0
-0.302118 -0.302124 0
-0.270296 -0.324978 0
-0.274682 -0.281818 0
-0.326994 -0.280461 0
-0.302409 -0.301884 0
-0.305134 -0.254916 0
-0.352372 -0.256846 0
-0.327162 -0.28031 0
-0.305301 -0.254766 0
-0.360119 -0.301065 0
-0.332494 -0.324205 0
-0.327279 -0.28069 0
-0.332216 -0.324429 0
-0.301745 -0.346242 0
-0.302417 -0.302337 0
-0.249296 -0.262761 0
-0.274031 -0.240223 0
-0.274518 -0.281403 0
-0.241369 -0.305465 0
-0.232616 -0.276008 0
-0.274351 -0.281666 0
-0.225595 -0.245303 0
-0.20423 -0.22953 0
-0.220458 -0.21457 0
-0.232479 -0.275744 0
-0.225785 -0.245619 0
-0.248995 -0.262761 0
-0.208639 -0.258822 0
-0.204192 -0.229679 0
-0.225554 -0.245452 0
-0.243725 -0.228622 0
-0.235904 -0.19826 0
-0.260815 -0.210794 0
-0.823267 -0.800851 0
-0.888523 -0.844212 0
-0.741981 -0.88009 0
-0.746615 -0.796881 0
-0.82279 -0.800692 0
-0.741506 -0.879927 0
-0.66617 -0.850099 0
-0.674055 -0.760395 0
-0.745865 -0.796647 0
-0.657256 -0.947214 0
-0.666097 -0.851006 0
-0.740683 -0.8806 0
-0.656366 -0.947316 0
-0.55014 -0.923357 0
-0.59065 -0.837737 0
-0.75161 -0.717525 0
-0.829283 -0.693305 0
-0.823101 -0.799803 0
-0.674338 -0.759951 0
-0.750834 -0.717733 0
-0.746149 -0.796202 0
-0.755811 -0.643479 0
-0.829058 -0.692784 0
-0.751384 -0.716999 0
-0.829815 -0.693403 0
-0.909849 -0.745924 0
-0.823631 -0.799897 0
-0.275482 -0.190768 0
-0.303213 -0.20154 0
-0.288657 -0.224493 0
-0.261096 -0.210755 0
-0.27534 -0.190799 0
-0.288517 -0.224525 0
-0.274119 -0.239861 0
-0.261093 -0.21092 0
-0.288512 -0.22469 0
-0.235923 -0.1981 0
-0.249897 -0.180858 0
-0.260836 -0.210633 0
-0.250035 -0.180672 0
-0.262755 -0.162407 0
-0.275217 -0.190491 0
-0.910211 -0.745416 0
-0.830175 -0.692898 0
-0.931387 -0.649002 0
-0.632733 -0.283518 0
-0.601019 -0.242074 0
-0.668832 -0.251377 0
-0.61388 -0.359424 0
-0.598172 -0.31538 0
-0.658764 -0.338632 0
-0.570722 -0.379256 0
-0.525092 -0.343277 0
-0.541174 -0.306946 0
-0.434497 -0.202353 0
-0.416081 -0.225748 0
-0.395862 -0.187941 0
-0.498959 -0.194008 0
-0.434967 -0.202217 0
-0.453718 -0.178842 0
-0.456404 -0.242683 0
-0.416285 -0.225932 0
-0.4347 -0.202537 0
-0.485115 -0.305754 0
-0.456882 -0.243102 0
-0.509016 -0.248172 0
-0.441059 -0.282192 0
-0.416307 -0.226199 0
-0.456424 -0.24295 0
-0.436577 -0.347983 0
-0.441223 -0.282811 0
-0.484821 -0.306222 0
-0.389859 -0.275192 0
-0.416081 -0.226306 0
-0.440837 -0.282301 0
-0.556155 -0.185914 0
-0.518356 -0.134971 0
-0.569319 -0.148042 0
-0.456928 -0.242729 0
-0.499213 -0.194373 0
-0.509064 -0.247799 0
-0.396897 -0.0833048 0
-0.385973 -0.122033 0
-0.358562 -0.0945034 0
-0.484875 -0.0657204 0
-0.43459 -0.0934159 0
-0.442496 -0.0582842 0
-0.42431 -0.130641 0
-0.475662 -0.105606 0
-0.466074 -0.139952 0
-0.456679 -0.242576 0
-0.434977 -0.202431 0
-0.498966 -0.194221 0
-0.395477 -0.187813 0
-0.379236 -0.210425 0
-0.356441 -0.179258 0
-0.453428 -0.178745 0
-0.434677 -0.20212 0
-0.41264 -0.165126 0
-0.415898 -0.225776 0
-0.379435 -0.210581 0
-0.395676 -0.187968 0
-0.360541 -0.301045 0
-0.389526 -0.275579 0
-0.396513 -0.323391 0
-0.351173 -0.359462 0
-0.360412 -0.301326 0
-0.396383 -0.323673 0
-0.332301 -0.324209 0
-0.302501 -0.302118 0
-0.327085 -0.280693 0
-0.2744 -0.14299 0
-0.301742 -0.151292 0
-0.287882 -0.172487 0
-0.274387 -0.142823 0
-0.284374 -0.122796 0
-0.301731 -0.151125 0
-0.953137 -0.552099 0
-0.847767 -0.599439 0
-0.864878 -0.507947 0
-0.288804 -0.224639 0
-0.30336 -0.201684 0
-0.319285 -0.23384 0
-0.262878 -0.162222 0
-0.274268 -0.143026 0
-0.287753 -0.172524 0
-0.28802 -0.172626 0
-0.301879 -0.151429 0
-0.315376 -0.183967 0
-0.303345 -0.201344 0
-0.288026 -0.172793 0
-0.31538 -0.184135 0
-0.275343 -0.190464 0
-0.262883 -0.162381 0
-0.287756 -0.172684 0
-0.865308 -0.507469 0
-0.976316 -0.456984 0
-0.953568 -0.551619 0
-0.931592 -0.648048 0
-0.847992 -0.599913 0
-0.95336 -0.552565 0
-0.781171 -0.46997 0
-0.805102 -0.388412 0
-0.883976 -0.423508 0
-0.327624 -0.0867838 0
-0.300236 -0.0800675 0
-0.332883 -0.0655802 0
-0.315534 -0.184271 0
-0.333985 -0.213284 0
-0.303499 -0.201481 0
-0.275479 -0.190595 0
-0.287891 -0.172814 0
-0.303212 -0.201366 0
-0.32639 -0.165933 0
-0.355997 -0.179097 0
-0.315684 -0.184038 0
-0.356234 -0.179343 0
-0.379031 -0.210511 0
-0.334372 -0.213298 0
-0.342007 -0.141703 0
-0.375161 -0.152677 0
-0.356246 -0.17891 0
-0.301995 -0.151232 0
-0.311691 -0.131778 0
-0.326196 -0.165664 0
-0.351805 -0.114879 0
-0.375147 -0.152461 0
-0.341991 -0.141488 0
-0.37534 -0.15283 0
-0.395464 -0.187619 0
-0.356427 -0.179065 0
-0.424203 -0.130486 0
-0.434498 -0.0937896 0
-0.475558 -0.105451 0
-0.412446 -0.165156 0
-0.434485 -0.20215 0
-0.395849 -0.187738 0
-0.41583 -0.226144 0
-0.389608 -0.275028 0
-0.366026 -0.233748 0
-0.884385 -0.423039 0
-0.805511 -0.387943 0
-0.903394 -0.330431 0
-0.865076 -0.507037 0
-0.884828 -0.42386 0
-0.976086 -0.456558 0
-0.864425 -0.507086 0
-0.781372 -0.470371 0
-0.884173 -0.423904 0
-0.292992 -0.10184 0
-0.311522 -0.131468 0
-0.28447 -0.122594 0
-0.300102 -0.0801877 0
-0.327491 -0.0869051 0
-0.293098 -0.101551 0
-0.351621 -0.114741 0
-0.341806 -0.14135 0
-0.320172 -0.111349 0
-0.327556 -0.0870088 0
-0.319928 -0.111124 0
-0.293166 -0.101654 0
-0.365402 -0.0666374 0
-0.358279 -0.0942583 0
-0.333205 -0.0655594 0
-0.351575 -0.114559 0
-0.320124 -0.111168 0
-0.327753 -0.0870511 0
-0.358216 -0.0944905 0
-0.351702 -0.114503 0
-0.327882 -0.0869952 0
-0.396831 -0.0831189 0
-0.358493 -0.0943181 0
-0.365615 -0.0666961 0
-0.403704 -0.0516255 0
-0.396981 -0.0829754 0
-0.365768 -0.0665532 0
-0.410064 -0.106347 0
-0.423824 -0.130583 0
-0.386237 -0.122231 0
-0.43419 -0.0936339 0
-0.410135 -0.106093 0
-0.397232 -0.083248 0
-0.434278 -0.0937925 0
-0.423984 -0.130488 0
-0.410225 -0.106251 0
-0.385824 -0.122138 0
-0.351897 -0.114621 0
-0.35841 -0.0946081 0
-0.375528 -0.152783 0
-0.412248 -0.164991 0
-0.395651 -0.187572 0
-0.326477 -0.165791 0
-0.341842 -0.141747 0
-0.356084 -0.178954 0
-0.386082 -0.122499 0
-0.412217 -0.164772 0
-0.375496 -0.152565 0
-0.731764 -0.357263 0
-0.739265 -0.275236 0
-0.816343 -0.301133 0
-0.707177 -0.433678 0
-0.731619 -0.358085 0
-0.804345 -0.388072 0
-0.739355 -0.274731 0
-0.75864 -0.206534 0
-0.816433 -0.300629 0
-0.659625 -0.338491 0
-0.738736 -0.275361 0
-0.731241 -0.35739 0
-0.632353 -0.283825 0
-0.597896 -0.314898 0
-0.558161 -0.2702 0
-0.659062 -0.338166 0
-0.632928 -0.283841 0
-0.669024 -0.251699 0
-0.658828 -0.338379 0
-0.598234 -0.315127 0
-0.63269 -0.284054 0
-0.337678 -0.0401865 0
-0.309607 -0.0355463 0
-0.339707 -0.0183829 0
-0.952907 -0.152581 0
-0.928868 -0.237513 0
-0.863417 -0.135359 0
-1.00084 -0.36115 0
-0.904523 -0.32982 0
-1.02644 -0.267513 0
-0.841068 -0.211943 0
-0.758866 -0.20572 0
-0.782032 -0.120275 0
-0.928498 -0.237712 0
-0.841906 -0.212101 0
-0.863043 -0.13556 0
-0.928345 -0.238263 0
-0.817339 -0.300524 0
-0.841752 -0.212654 0
-0.805284 -0.387534 0
-0.817136 -0.301418 0
-0.903171 -0.330024 0
-0.804712 -0.387628 0
-0.731986 -0.357641 0
-0.81656 -0.30151 0
-1.00036 -0.36167 0
-0.885036 -0.422948 0
-0.90405 -0.330345 0
-0.780581 -0.470007 0
-0.707343 -0.434055 0
-0.804507 -0.388446 0
-0.642161 -0.107404 0
-0.707016 -0.117227 0
-0.630069 -0.149659 0
-0.657229 0.00984101 0
-0.68131 -0.027517 0
-0.6232 -0.0211358 0
-0.693709 0.0425959 0
-0.74613 -0.0346781 0
-0.681842 -0.0274532 0
-0.637659 -0.473752 0
-0.633515 -0.547823 0
-0.579022 -0.50757 0
-0.780235 -0.470422 0
-0.70142 -0.511811 0
-0.706998 -0.434469 0
-0.770403 -0.554823 0
-0.755404 -0.642614 0
-0.688521 -0.596765 0
-0.25003 -0.180833 0
-0.275211 -0.190653 0
-0.260967 -0.210608 0
-0.456654 -0.243217 0
-0.48489 -0.30587 0
-0.44129 -0.282461 0
-0.638068 -0.473769 0
-0.700702 -0.512203 0
-0.633922 -0.547838 0
-0.580401 -0.438096 0
-0.637481 -0.473385 0
-0.578843 -0.507201 0
-0.507964 -0.484933 0
-0.579964 -0.438133 0
-0.578409 -0.507241 0
-0.571212 -0.379911 0
-0.632398 -0.408419 0
-0.580358 -0.437452 0
-0.633043 -0.408719 0
-0.706294 -0.434132 0
-0.638083 -0.473042 0
-0.731133 -0.35792 0
-0.706692 -0.433514 0
-0.659519 -0.339023 0
-0.780447 -0.470821 0
-0.770532 -0.553967 0
-0.701634 -0.512214 0
-0.304957 -0.254919 0
-0.302235 -0.301888 0
-0.274798 -0.281583 0
-0.436105 -0.348386 0
-0.387725 -0.385308 0
-0.396759 -0.323916 0
-0.440925 -0.282869 0
-0.436284 -0.348042 0
-0.396937 -0.323573 0
-0.479684 -0.375513 0
-0.42753 -0.413453 0
-0.436517 -0.348653 0
-0.484949 -0.30653 0
-0.479877 -0.375154 0
-0.436708 -0.348294 0
-0.458527 -0.452286 0
-0.416049 -0.47738 0
-0.427393 -0.414141 0
-0.199558 -0.411165 0
-0.206713 -0.450963 0
-0.167057 -0.429152 0
-0.150697 -0.360357 0
-0.19252 -0.374212 0
-0.158521 -0.393012 0
-0.35096 -0.359466 0
-0.332574 -0.32447 0
-0.360197 -0.301328 0
-0.33876 -0.44626 0
-0.305846 -0.477873 0
-0.283051 -0.45041 0
-0.349724 -0.398772 0
-0.339008 -0.445867 0
-0.312807 -0.411757 0
-0.3828 -0.430158 0
-0.373287 -0.50287 0
-0.339321 -0.446277 0
-0.301907 -0.346435 0
-0.332378 -0.324622 0
-0.350765 -0.359618 0
-0.218159 -0.357371 0
-0.186433 -0.340514 0
-0.213479 -0.323039 0
-0.241495 -0.30563 0
-0.274477 -0.281829 0
-0.270094 -0.324991 0
-0.350014 -0.398398 0
-0.35111 -0.359996 0
-0.387287 -0.385598 0
-0.306899 -0.377971 0
-0.312463 -0.411439 0
-0.278602 -0.371448 0
-0.350679 -0.359796 0
-0.307104 -0.377715 0
-0.301823 -0.346614 0
-0.349618 -0.398546 0
-0.3127 -0.411529 0
-0.307138 -0.378062 0
-0.382884 -0.429608 0
-0.350121 -0.398632 0
-0.387393 -0.385831 0
-0.382722 -0.42981 0
-0.339242 -0.445927 0
-0.34996 -0.398834 0
-0.427045 -0.41376 0
-0.383141 -0.429658 0
-0.387652 -0.385882 0
-0.415617 -0.477605 0
-0.373541 -0.502974 0
-0.383057 -0.430263 0
-0.28256 -0.450079 0
-0.242494 -0.42764 0
-0.254957 -0.397283 0
-0.282794 -0.450025 0
-0.255191 -0.39723 0
-0.312302 -0.411765 0
-0.25499 -0.478445 0
-0.242495 -0.427913 0
-0.282559 -0.450351 0
-0.199684 -0.410669 0
-0.192884 -0.374263 0
-0.218134 -0.357776 0
-0.307264 -0.377889 0
-0.35084 -0.359969 0
-0.349746 -0.398373 0
-0.270309 -0.325426 0
-0.301458 -0.346476 0
-0.278442 -0.371054 0
-0.270387 -0.325195 0
-0.302208 -0.302339 0
-0.301539 -0.346246 0
-0.396472 -0.323953 0
-0.387443 -0.385347 0
-0.351264 -0.359746 0
-0.427139 -0.414066 0
-0.415797 -0.477306 0
-0.383236 -0.429966 0
-0.214278 -0.494926 0
-0.156306 -0.479089 0
-0.206726 -0.451409 0
-0.20851 -0.258816 0
-0.186836 -0.243389 0
-0.204061 -0.229671 0
-0.220624 -0.21441 0
-0.235768 -0.198272 0
-0.243591 -0.228635 0
-0.190449 -0.271126 0
-0.174092 -0.28149 0
-0.168482 -0.256064 0
-0.214725 -0.287527 0
-0.190719 -0.271156 0
-0.208558 -0.259102 0
-0.214687 -0.287659 0
-0.19735 -0.298476 0
-0.190682 -0.271289 0
-0.319503 -0.234124 0
-0.352348 -0.256691 0
-0.305275 -0.254611 0
-0.288811 -0.224816 0
-0.31929 -0.234017 0
-0.305062 -0.254503 0
-0.334206 -0.213558 0
-0.365519 -0.233569 0
-0.319643 -0.23391 0
-0.150278 -0.360193 0
-0.113642 -0.375829 0
-0.112221 -0.342882 0
-0.158598 -0.393365 0
-0.199396 -0.410971 0
-0.166896 -0.428959 0
-0.208734 -0.258978 0
-0.225649 -0.245606 0
-0.232345 -0.275732 0
-0.218089 -0.357542 0
-0.19284 -0.374028 0
-0.186365 -0.340686 0
-0.254748 -0.396686 0
-0.218489 -0.357621 0
-0.244014 -0.341461 0
-0.254598 -0.396917 0
-0.199889 -0.410744 0
-0.218342 -0.357853 0
-0.206567 -0.451189 0
-0.156148 -0.47887 0
-0.166912 -0.42938 0
-0.312347 0.00981318 0
-0.339126 0.00743232 0
-0.311752 -0.0127628 0
-0.976541 -0.456072 0
-0.885281 -0.423372 0
-1.0006 -0.362089 0
-0.669537 -0.250944 0
-0.687138 -0.190028 0
-0.757977 -0.206084 0
-0.659414 -0.338136 0
-0.66938 -0.251669 0
-0.738531 -0.275007 0
-0.600959 -0.241781 0
-0.615052 -0.196226 0
-0.668774 -0.251084 0
-0.781548 -0.119387 0
-0.707869 -0.116886 0
-0.746507 -0.0355199 0
-0.862475 -0.134573 0
-0.782303 -0.119447 0
-0.817729 -0.0356502 0
-0.862555 -0.135163 0
-0.841413 -0.211706 0
-0.782383 -0.120038 0
-0.781587 -0.119957 0
-0.758418 -0.205403 0
-0.70791 -0.117455 0
-0.952801 -0.151945 0
-0.863311 -0.134721 0
-0.897386 -0.0477075 0
-0.758984 -0.206325 0
-0.841183 -0.212547 0
-0.816772 -0.300419 0
-0.686836 -0.189394 0
-0.63022 -0.149934 0
-0.707163 -0.117503 0
-0.738863 -0.274565 0
-0.669712 -0.251228 0
-0.758148 -0.206367 0
-0.615208 -0.195715 0
-0.629911 -0.150196 0
-0.68653 -0.189656 0
-0.669059 -0.25091 0
-0.61534 -0.196053 0
-0.68666 -0.189994 0
-0.600345 -0.241659 0
-0.543671 -0.224435 0
-0.556343 -0.186526 0
-0.557559 -0.270052 0
-0.541078 -0.306263 0
-0.509542 -0.248264 0
-0.706365 -0.433684 0
-0.633112 -0.40827 0
-0.659188 -0.339191 0
-0.436206 -0.348686 0
-0.427223 -0.413488 0
-0.387829 -0.38561 0
-0.527722 -0.404955 0
-0.480315 -0.375468 0
-0.524743 -0.343592 0
-0.492384 -0.429071 0
-0.458783 -0.452124 0
-0.427649 -0.41398 0
-0.527615 -0.405241 0
-0.49279 -0.428786 0
-0.480208 -0.375754 0
-0.527705 -0.405605 0
-0.507504 -0.484562 0
-0.492882 -0.429151 0
-0.687266 -0.189581 0
-0.707591 -0.117689 0
-0.758104 -0.205637 0
-0.569887 -0.148125 0
-0.629519 -0.150057 0
-0.614816 -0.195575 0
-0.556478 -0.186118 0
-0.569641 -0.148245 0
-0.614573 -0.195696 0
-0.600582 -0.241563 0
-0.556583 -0.186431 0
-0.614676 -0.196009 0
-0.543333 -0.224275 0
-0.499663 -0.194106 0
-0.556006 -0.186367 0
-0.530192 -0.0903254 0
-0.534204 -0.0576555 0
-0.586281 -0.0686294 0
-0.577712 -0.108102 0
-0.530339 -0.0904945 0
-0.586426 -0.0687988 0
-0.517955 -0.13451 0
-0.476191 -0.105454 0
-0.529769 -0.0907056 0
-0.577484 -0.108323 0
-0.518295 -0.13452 0
-0.530109 -0.0907148 0
-0.569252 -0.0156706 0
-0.534116 -0.0572696 0
-0.521252 -0.0277589 0
-0.631889 -0.0634392 0
-0.586917 -0.0684188 0
-0.622798 -0.0215182 0
-0.577615 -0.108514 0
-0.569391 -0.147782 0
-0.518428 -0.134712 0
-0.641586 -0.107103 0
-0.578086 -0.108158 0
-0.5868 -0.068854 0
-0.641729 -0.107375 0
-0.629637 -0.149629 0
-0.57823 -0.108429 0
-0.707024 -0.116939 0
-0.642169 -0.107116 0
-0.632355 -0.0638873 0
-0.629397 -0.149765 0
-0.569763 -0.147833 0
-0.577988 -0.108564 0
-1.04485 0.113952 0
-0.953373 0.116997 0
-0.989277 0.192859 0
-1.11386 0.0187408 0
-1.0459 0.113361 0
-1.14495 0.114225 0
-1.01206 0.0236482 0
-0.953448 0.116429 0
-1.04492 0.113383 0
-1.08343 -0.0768344 0
-1.01272 0.0226856 0
-1.11354 0.0178015 0
-0.985036 -0.0606469 0
-0.897689 -0.0468635 0
-0.920555 0.0256275 0
-0.761875 0.0398484 0
-0.83435 0.044227 0
-0.817568 -0.0345191 0
-0.693977 0.0428226 0
-0.761167 0.0398433 0
-0.746394 -0.0344531 0
-0.725347 0.11437 0
-0.690667 0.181086 0
-0.754118 0.186258 0
-0.761431 0.040579 0
-0.725718 0.113663 0
-0.793879 0.114924 0
-0.693257 0.0433787 0
-0.629435 0.0596558 0
-0.662918 0.112108 0
-0.652323 0.229915 0
-0.731083 0.250878 0
-0.690346 0.181688 0
-0.86977 0.116674 0
-0.829075 0.183253 0
-0.904032 0.190518 0
-0.794199 0.115643 0
-0.754808 0.18627 0
-0.828323 0.183235 0
-0.834632 0.0449807 0
-0.794604 0.114947 0
-0.869423 0.115959 0
-0.761097 0.0403397 0
-0.693907 0.0433183 0
-0.725381 0.113422 0
-0.33972 -0.0181475 0
-0.311845 -0.0128562 0
-0.339217 0.00733827 0
-0.401401 0.0275502 0
-0.368105 0.0262752 0
-0.401492 0.0532411 0
-0.435394 0.04455 0
-0.401627 0.0276112 0
-0.401717 0.0533032 0
-0.401657 0.00173177 0
-0.369287 0.00481698 0
-0.401405 0.0273057 0
-0.402513 -0.024848 0
-0.371239 -0.0242241 0
-0.401666 0.00145961 0
-0.336421 0.0548346 0
-0.311286 0.032848 0
-0.308622 0.055304 0
-0.367779 0.0262856 0
-0.338373 0.0297303 0
-0.367474 0.0540846 0
-0.367686 0.0261297 0
-0.339399 0.00762844 0
-0.338278 0.0295748 0
-0.339911 -0.0180893 0
-0.339408 0.00739784 0
-0.368873 0.00468401 0
-0.312342 0.0100385 0
-0.311304 0.032613 0
-0.337999 0.0296041 0
-0.929252 -0.238543 0
-1.0262 -0.267102 0
-0.904281 -0.329407 0
-0.817549 -0.300917 0
-0.928549 -0.238655 0
-0.903584 -0.329525 0
-0.953451 -0.153025 0
-1.02637 -0.266517 0
-0.929417 -0.237952 0
-0.36799 0.0263641 0
-0.367686 0.0541644 0
-0.401379 0.0533308 0
-0.339503 0.00754571 0
-0.367788 0.0260463 0
-0.368966 0.00483254 0
-0.339214 0.00757462 0
-0.312437 0.00995494 0
-0.338092 0.0295198 0
-0.308691 0.055461 0
-0.331386 0.0796393 0
-0.336487 0.0549918 0
-0.986101 -0.0614112 0
-1.08314 -0.0777461 0
-1.05434 -0.171729 0
-0.953733 -0.152115 0
-0.985665 -0.0616634 0
-1.05391 -0.171976 0
-1.02678 -0.266298 0
-0.95387 -0.152804 0
-1.05405 -0.172661 0
-0.817344 -0.0353158 0
-0.781912 -0.119114 0
-0.746878 -0.0352453 0
-0.92083 0.0264553 0
-0.95303 0.116135 0
-1.01164 0.023359 0
-0.331279 0.0797162 0
-0.308581 0.0555366 0
-0.304303 0.0777597 0
-0.317349 0.124978 0
-0.324769 0.104123 0
-0.298418 0.100025 0
-0.56974 -0.0153502 0
-0.578863 0.0316955 0
-0.622564 -0.0210218 0
-0.586707 -0.0682586 0
-0.569767 -0.0156853 0
-0.62259 -0.0213578 0
-0.521206 -0.0275446 0
-0.520281 0.00663977 0
-0.569207 -0.0154554 0
-0.569398 -0.0152566 0
-0.520475 0.00683881 0
-0.578522 0.0317887 0
-0.485469 -0.0654986 0
-0.52097 -0.0279265 0
-0.533836 -0.0574365 0
-0.485278 -0.0653883 0
-0.477437 -0.0245953 0
-0.520782 -0.0278162 0
-0.476507 0.0128413 0
-0.480687 0.050956 0
-0.525853 0.0494465 0
-0.37589 0.211591 0
-0.35442 0.182221 0
-0.340061 0.212383 0
-0.385123 0.113228 0
-0.353926 0.108564 0
-0.346589 0.128786 0
-0.413814 0.130371 0
-0.385516 0.113388 0
-0.404052 0.155228 0
-0.42386 0.105358 0
-0.394039 0.0841818 0
-0.385515 0.113067 0
-0.337511 0.148884 0
-0.328246 0.167774 0
-0.354253 0.181863 0
-0.346482 0.129049 0
-0.337622 0.148655 0
-0.369134 0.1519 0
-0.385173 0.113372 0
-0.346641 0.128932 0
-0.369292 0.15178 0
-0.353724 0.108534 0
-0.325052 0.104164 0
-0.346388 0.128756 0
-0.308373 0.145733 0
-0.299724 0.163806 0
-0.327967 0.167703 0
-0.317425 0.12528 0
-0.308463 0.145541 0
-0.337322 0.148621 0
-0.317269 0.12519 0
-0.290892 0.121663 0
-0.308308 0.14545 0
-0.542234 0.135613 0
-0.590056 0.142287 0
-0.558713 0.0940774 0
-0.317236 0.125037 0
-0.298303 0.100083 0
-0.290857 0.12151 0
-0.47214 0.0788875 0
-0.506555 0.107911 0
-0.525922 0.0498579 0
-0.435892 0.0447132 0
-0.471752 0.0786797 0
-0.48037 0.0511605 0
-0.46361 0.106705 0
-0.506348 0.108102 0
-0.471931 0.0790777 0
-0.424256 0.105295 0
-0.463213 0.106671 0
-0.435042 0.071804 0
-0.40169 0.0535812 0
-0.394129 0.0838703 0
-0.434736 0.0715558 0
-0.414097 0.1303 0
-0.449989 0.141534 0
-0.424142 0.105607 0
-0.385583 0.113222 0
-0.41388 0.130204 0
-0.423926 0.105512 0
-0.404214 0.15543 0
-0.433685 0.173243 0
-0.413975 0.130571 0
-0.450377 0.141593 0
-0.490946 0.146394 0
-0.463486 0.107042 0
-0.424308 0.105529 0
-0.450153 0.141455 0
-0.463263 0.106905 0
-0.38973 0.183312 0
-0.369335 0.152192 0
-0.354564 0.181926 0
-0.393777 0.0838851 0
-0.367645 0.0544296 0
-0.363344 0.0752531 0
-0.386764 0.270766 0
-0.342547 0.275903 0
-0.367582 0.304344 0
-0.463448 0.29607 0
-0.515457 0.314018 0
-0.484554 0.253083 0
-0.413721 0.303662 0
-0.462961 0.296094 0
-0.440643 0.270419 0
-0.442497 0.339813 0
-0.515314 0.314308 0
-0.463307 0.296361 0
-0.362537 0.240507 0
-0.342529 0.275688 0
-0.386748 0.270552 0
-0.440409 0.270142 0
-0.419384 0.246229 0
-0.387265 0.270552 0
-0.339924 0.212655 0
-0.326731 0.234758 0
-0.362328 0.240178 0
-1.01229 0.0224183 0
-1.083 -0.0770945 0
-0.985962 -0.060758 0
-0.919962 0.0265247 0
-0.835054 0.0446853 0
-0.869842 0.115661 0
-0.985417 -0.0604151 0
-0.920939 0.0258633 0
-1.01175 0.0227663 0
-0.897184 -0.0465134 0
-0.835144 0.0441412 0
-0.920054 0.0259805 0
-0.953208 -0.151699 0
-0.897797 -0.0474594 0
-0.985144 -0.061242 0
-0.818023 -0.0348088 0
-0.8348 0.0439356 0
-0.896843 -0.0467163 0
-0.862857 -0.134331 0
-0.818116 -0.0354071 0
-0.896937 -0.0473144 0
-0.74681 -0.034713 0
-0.761579 0.0395824 0
-0.817277 -0.034783 0
-0.337982 -0.0402401 0
-0.370914 -0.0244324 0
-0.368986 -0.0454456 0
-0.311744 -0.0129995 0
-0.339621 -0.0182915 0
-0.309518 -0.0354554 0
-0.369188 -0.0456237 0
-0.403612 -0.0515 0
-0.365674 -0.0664281 0
-0.333135 -0.0653793 0
-0.337842 -0.0404466 0
-0.365334 -0.0664563 0
-0.37113 -0.0243809 0
-0.402404 -0.0250056 0
-0.369201 -0.045395 0
-0.368977 0.00457774 0
-0.37092 -0.0241909 0
-0.340018 -0.018195 0
-0.369184 0.00464471 0
-0.401555 0.00155881 0
-0.371126 -0.0241253 0
-0.367995 0.0261134 0
-0.401293 0.0273878 0
-0.369173 0.00489855 0
-0.394205 0.0840437 0
-0.424025 0.105219 0
-0.43481 0.0717289 0
-0.367774 0.054357 0
-0.393904 0.0838117 0
-0.401465 0.0535238 0
-0.363403 0.0754489 0
-0.385312 0.112966 0
-0.393836 0.0840816 0
-0.336791 0.0549732 0
-0.363152 0.0751557 0
-0.367454 0.0543333 0
-0.353981 0.108385 0
-0.385179 0.113048 0
-0.363268 0.0755298 0
-0.435774 0.0445096 0
-0.480253 0.0509561 0
-0.436713 0.0179027 0
-0.401744 0.0274926 0
-0.43551 0.0444305 0
-0.43645 0.0178247 0
-0.435109 0.071509 0
-0.471601 0.0787483 0
-0.435739 0.0447812 0
-0.385365 0.113459 0
-0.369484 0.151869 0
-0.403904 0.155301 0
-0.331627 0.0798849 0
-0.353801 0.108273 0
-0.363089 0.0754196 0
-0.331498 0.0799801 0
-0.325001 0.104 0
-0.353675 0.10837 0
-0.526454 0.0496537 0
-0.55862 0.0934219 0
-0.578505 0.0322956 0
-0.47664 0.0126943 0
-0.525983 0.0492984 0
-0.519988 0.00699055 0
-0.480672 0.0511772 0
-0.472053 0.0786972 0
-0.525837 0.0496683 0
-0.33281 -0.065484 0
-0.300161 -0.0799714 0
-0.305601 -0.058124 0
-0.309492 -0.0356785 0
-0.337564 -0.0403196 0
-0.305647 -0.0578924 0
-0.333077 -0.065627 0
-0.358154 -0.094326 0
-0.327819 -0.0868316 0
-0.434703 -0.0935733 0
-0.484985 -0.0658781 0
-0.475761 -0.105234 0
-0.402741 -0.0250158 0
-0.437252 -0.0216639 0
-0.403962 -0.0512816 0
-0.369312 -0.0454854 0
-0.402513 -0.0250962 0
-0.403735 -0.0513609 0
-0.401888 0.00146968 0
-0.437246 -0.021486 0
-0.402734 -0.0248389 0
-0.477174 -0.0246973 0
-0.485017 -0.0654892 0
-0.44264 -0.058054 0
-0.436705 0.0175545 0
-0.476065 0.0124934 0
-0.437606 -0.0213085 0
-0.476476 0.012448 0
-0.519826 0.00674378 0
-0.477404 -0.0242201 0
-0.302008 -0.151406 0
-0.326208 -0.16584 0
-0.315503 -0.183944 0
-0.293113 -0.101802 0
-0.319875 -0.111273 0
-0.31164 -0.13143 0
-0.315711 -0.184197 0
-0.356021 -0.179255 0
-0.33416 -0.213209 0
-0.311825 -0.131745 0
-0.341694 -0.141589 0
-0.326328 -0.165632 0
-0.284501 -0.122759 0
-0.311552 -0.131634 0
-0.301854 -0.151087 0
-0.320037 -0.111406 0
-0.341674 -0.141407 0
-0.311804 -0.131564 0
-0.351953 -0.114815 0
-0.38588 -0.122332 0
-0.375293 -0.152397 0
-0.403961 -0.051597 0
-0.442101 -0.0582024 0
-0.397237 -0.0829482 0
-0.437629 -0.0216839 0
-0.477016 -0.0245503 0
-0.442479 -0.0579071 0
-0.404096 -0.0513922 0
-0.437383 -0.0217746 0
-0.442235 -0.0579966 0
-0.434297 -0.0934736 0
-0.39734 -0.0830885 0
-0.442202 -0.0583431 0
-0.337641 -0.0404192 0
-0.332935 -0.0653508 0
-0.305728 -0.0579917 0
-0.370817 -0.0243413 0
-0.337883 -0.0401493 0
-0.339913 -0.0183446 0
-0.368967 -0.0455864 0
-0.365453 -0.0663899 0
-0.337963 -0.04038 0
-0.402002 0.00161169 0
-0.436456 0.0175176 0
-0.437357 -0.0213441 0
-0.533866 -0.057646 0
-0.529854 -0.0903151 0
-0.4855 -0.0657073 0
-0.365814 -0.23385 0
-0.389399 -0.275132 0
-0.352784 -0.256758 0
-0.319706 -0.234055 0
-0.36558 -0.233713 0
-0.35255 -0.25662 0
-0.379336 -0.210734 0
-0.415798 -0.225929 0
-0.365991 -0.233532 0
-0.466249 -0.140407 0
-0.499063 -0.193799 0
-0.453822 -0.178634 0
-0.558169 -0.269956 0
-0.600647 -0.242136 0
-0.632363 -0.283581 0
-0.499506 -0.194311 0
-0.543177 -0.224481 0
-0.509353 -0.247737 0
-0.499576 -0.193807 0
-0.518119 -0.135124 0
-0.555922 -0.186068 0
-1.04527 0.114236 0
-0.989698 0.193148 0
-1.07873 0.202559 0
-1.11342 0.0184402 0
-1.01259 0.0233227 0
-1.04546 0.113052 0
-0.528405 0.167014 0
-0.541803 0.135871 0
-0.491469 0.146576 0
-0.520122 0.262924 0
-0.547605 0.293762 0
-0.557027 0.242669 0
-0.725043 0.114125 0
-0.66323 0.112751 0
-0.690361 0.180839 0
-0.610266 0.0969018 0
-0.590564 0.142344 0
-0.642775 0.149528 0
-0.609985 0.096716 0
-0.558941 0.0939474 0
-0.590282 0.142156 0
-0.662642 0.112287 0
-0.629157 0.0598336 0
-0.610462 0.0965021 0
-0.690089 0.180959 0
-0.662955 0.11287 0
-0.643284 0.14971 0
-0.725054 0.113664 0
-0.693576 0.0435589 0
-0.66324 0.11229 0
-0.628877 0.0595656 0
-0.579021 0.0323375 0
-0.61018 0.0962329 0
-0.643016 0.149428 0
-0.662689 0.112588 0
-0.610509 0.0968025 0
-0.656887 0.0100405 0
-0.622856 -0.020937 0
-0.579157 0.0317815 0
-0.693239 0.0430375 0
-0.65729 0.0103459 0
-0.629416 0.0593147 0
-0.693412 0.042746 0
-0.681544 -0.0273034 0
-0.657465 0.0100554 0
-0.290772 0.12172 0
-0.281782 0.142592 0
-0.308189 0.145509 0
-0.289234 0.183732 0
-0.29947 0.163917 0
-0.271212 0.163143 0
-0.354229 0.182139 0
-0.319159 0.187146 0
-0.339871 0.212301 0
-0.3085 0.145683 0
-0.328092 0.167652 0
-0.337357 0.148763 0
-0.29976 0.163944 0
-0.318937 0.186936 0
-0.328001 0.167841 0
-0.271186 0.163005 0
-0.299445 0.16378 0
-0.281688 0.142791 0
-0.289394 0.183812 0
-0.318808 0.18699 0
-0.29963 0.163997 0
-0.309055 0.206542 0
-0.33972 0.212384 0
-0.319007 0.187228 0
-0.275811 0.205409 0
-0.293749 0.230012 0
-0.308756 0.206661 0
-0.259112 0.182803 0
-0.275629 0.205174 0
-0.289113 0.183935 0
-0.258965 0.182861 0
-0.245546 0.201457 0
-0.275483 0.205234 0
-0.326553 0.234646 0
-0.339745 0.212543 0
-0.309081 0.206701 0
-0.293918 0.23011 0
-0.326399 0.234705 0
-0.308927 0.206759 0
-0.313538 0.257411 0
-0.342166 0.275627 0
-0.326576 0.235026 0
-0.300995 0.332001 0
-0.322523 0.30371 0
-0.281164 0.299837 0
-0.342329 0.275569 0
-0.362335 0.240388 0
-0.32674 0.23497 0
-0.297274 0.278441 0
-0.322619 0.303391 0
-0.313375 0.257648 0
-0.276992 0.253696 0
-0.29712 0.278274 0
-0.313221 0.257482 0
-0.281151 0.299657 0
-0.32251 0.303532 0
-0.297165 0.278582 0
-0.367818 0.304437 0
-0.413224 0.303692 0
-0.387003 0.270859 0
-0.322949 0.303538 0
-0.367367 0.304454 0
-0.342333 0.276013 0
-0.313526 0.25764 0
-0.322769 0.303381 0
-0.342152 0.275856 0
-0.301214 0.332335 0
-0.322937 0.367889 0
-0.346241 0.335674 0
-0.395245 0.335804 0
-0.441931 0.339913 0
-0.4135 0.304028 0
-0.322742 0.30383 0
-0.301213 0.332119 0
-0.346241 0.33546 0
-0.425 0.3701 0
-0.465548 0.39361 0
-0.442205 0.340327 0
-0.395051 0.336128 0
-0.372601 0.370538 0
-0.424532 0.370009 0
-0.260306 0.315603 0
-0.300786 0.332041 0
-0.280956 0.299877 0
-0.271834 0.351322 0
-0.289454 0.387559 0
-0.322648 0.368125 0
-0.260275 0.315775 0
-0.271663 0.350961 0
-0.300755 0.332211 0
-0.267427 0.410317 0
-0.245657 0.432613 0
-0.280781 0.449308 0
-0.240226 0.375982 0
-0.267437 0.409922 0
-0.289163 0.38778 0
-0.24008 0.376133 0
-0.245521 0.432368 0
-0.267291 0.410072 0
-0.528655 0.167147 0
-0.566223 0.18624 0
-0.542054 0.136004 0
-0.450187 0.141919 0
-0.434004 0.173356 0
-0.463722 0.177693 0
-0.463677 0.177918 0
-0.433961 0.173581 0
-0.437134 0.209089 0
-0.491133 0.146856 0
-0.4641 0.17783 0
-0.506064 0.209448 0
-0.490947 0.146631 0
-0.450379 0.14183 0
-0.463912 0.177603 0
-0.387246 0.270746 0
-0.413468 0.303577 0
-0.440388 0.270334 0
-0.559115 0.372374 0
-0.507567 0.422767 0
-0.576728 0.423408 0
-0.610501 0.377071 0
-0.559461 0.372221 0
-0.577073 0.423254 0
-0.515475 0.314545 0
-0.442659 0.340052 0
-0.511322 0.367213 0
-0.40083 0.408931 0
-0.465408 0.393839 0
-0.424861 0.37033 0
-0.725695 0.114151 0
-0.754463 0.186037 0
-0.793855 0.115412 0
-0.55689 0.242389 0
-0.506471 0.210052 0
-0.519984 0.262643 0
-0.651639 0.230191 0
-0.603151 0.236578 0
-0.614121 0.278693 0
-0.566198 0.186737 0
-0.506626 0.209798 0
-0.557045 0.242134 0
-0.507516 0.423095 0
-0.543806 0.469818 0
-0.576676 0.423735 0
-0.491133 0.146281 0
-0.506411 0.108328 0
-0.463675 0.106931 0
-1.07925 0.202295 0
-1.14484 0.114843 0
-1.04579 0.113976 0
-0.346309 0.12896 0
-0.317552 0.125225 0
-0.337449 0.148565 0
-0.346267 0.128812 0
-0.32493 0.104219 0
-0.317509 0.125076 0
-0.331333 0.0798786 0
-0.304358 0.077922 0
-0.324836 0.103897 0
-0.33667 0.0550578 0
-0.331569 0.0797065 0
-0.363033 0.0752413 0
-0.338267 0.0298256 0
-0.336707 0.0548211 0
-0.367371 0.0541808 0
-0.338079 0.0297544 0
-0.311387 0.0327629 0
-0.336518 0.0547484 0
-0.304246 0.0779883 0
-0.298373 0.0998671 0
-0.324726 0.103965 0
-0.260586 0.226184 0
-0.293587 0.230078 0
-0.275649 0.205474 0
-0.230589 0.219284 0
-0.260275 0.226136 0
-0.245402 0.201649 0
-0.293934 0.23028 0
-0.313377 0.257259 0
-0.326413 0.234874 0
-0.289281 0.184015 0
-0.275795 0.205254 0
-0.308742 0.206507 0
-0.27698 0.253534 0
-0.313211 0.257321 0
-0.293768 0.230342 0
-0.245982 0.243523 0
-0.276645 0.253475 0
-0.260431 0.22639 0
-0.230591 0.219426 0
-0.245828 0.243409 0
-0.260276 0.226275 0
-0.226885 0.260883 0
-0.247173 0.285723 0
-0.262475 0.270315 0
-0.262808 0.270266 0
-0.296951 0.278317 0
-0.276823 0.253738 0
-0.276804 0.25343 0
-0.29359 0.230238 0
-0.260591 0.226346 0
-0.778046 0.783 0
-0.740962 0.88957 0
-0.8378 0.860002 0
-0.936324 0.830342 0
-0.887002 0.767551 0
-0.838816 0.859751 0
-0.721423 0.711519 0
-0.633316 0.73413 0
-0.684506 0.807695 0
-0.886948 0.766475 0
-0.934792 0.674582 0
-0.824152 0.693676 0
-0.83829 0.859591 0
-0.886471 0.767391 0
-0.778532 0.782591 0
-0.936807 0.829954 0
-0.982185 0.744046 0
-0.887482 0.767164 0
-0.289099 0.183795 0
-0.271076 0.163205 0
-0.259095 0.182661 0
-0.245552 0.201603 0
-0.260425 0.226089 0
-0.275488 0.205378 0
-0.299569 0.163722 0
-0.308218 0.145649 0
-0.281813 0.142734 0
-0.308886 0.206446 0
-0.318838 0.187132 0
-0.289426 0.183955 0
-0.419123 0.246129 0
-0.362795 0.240409 0
-0.387005 0.270453 0
-0.433608 0.173604 0
-0.390115 0.183479 0
-0.405573 0.210337 0
-0.340089 0.212578 0
-0.362493 0.2401 0
-0.375917 0.211785 0
-0.226719 0.260628 0
-0.245661 0.243579 0
-0.214267 0.236169 0
-0.721908 0.711681 0
-0.684988 0.807855 0
-0.777469 0.782231 0
-0.209533 0.275676 0
-0.226539 0.260787 0
-0.196641 0.251736 0
-0.54346 0.470029 0
-0.507171 0.423305 0
-0.473645 0.486646 0
-0.346463 0.335368 0
-0.367381 0.304653 0
-0.322963 0.303738 0
-0.346935 0.407487 0
-0.372101 0.370771 0
-0.323176 0.368258 0
-0.394774 0.335792 0
-0.367622 0.304761 0
-0.346703 0.335475 0
-0.473337 0.487215 0
-0.449606 0.523894 0
-0.508536 0.538979 0
-0.357998 0.490561 0
-0.317893 0.483254 0
-0.34219 0.531172 0
-0.431057 0.451518 0
-0.37357 0.451693 0
-0.41165 0.488925 0
-0.346891 0.407956 0
-0.309173 0.428139 0
-0.372946 0.451344 0
-0.372848 0.451593 0
-0.309076 0.428391 0
-0.317831 0.482779 0
-0.394789 0.336012 0
-0.34672 0.335696 0
-0.372341 0.370424 0
-0.322899 0.368315 0
-0.289704 0.387746 0
-0.346659 0.407544 0
-0.3086 0.428141 0
-0.267638 0.410302 0
-0.280992 0.449293 0
-0.341909 0.531689 0
-0.298749 0.537334 0
-0.293283 0.591481 0
-0.423937 0.713752 0
-0.505894 0.678411 0
-0.407085 0.637667 0
-0.491395 0.146379 0
-0.541731 0.135675 0
-0.506673 0.108424 0
-0.462966 0.296326 0
-0.413727 0.303895 0
-0.442158 0.33978 0
-0.484303 0.252936 0
-0.44088 0.270249 0
-0.463198 0.295923 0
-0.519773 0.263026 0
-0.484744 0.252973 0
-0.515645 0.313906 0
-0.506063 0.209908 0
-0.47067 0.209702 0
-0.484546 0.252446 0
-0.419088 0.245934 0
-0.376183 0.211897 0
-0.362758 0.240212 0
-0.437008 0.209639 0
-0.419551 0.246025 0
-0.440576 0.269937 0
-0.436892 0.209441 0
-0.405683 0.210666 0
-0.419434 0.245825 0
-0.35419 0.181991 0
-0.328184 0.167901 0
-0.319119 0.186997 0
-0.389752 0.183511 0
-0.354587 0.182125 0
-0.376057 0.211494 0
-0.36916 0.152076 0
-0.337649 0.148832 0
-0.354389 0.181809 0
-0.367846 0.304655 0
-0.394997 0.335686 0
-0.413251 0.303909 0
-0.511371 0.367754 0
-0.466052 0.393877 0
-0.507038 0.422654 0
-0.389895 0.183223 0
-0.403918 0.155535 0
-0.369501 0.152104 0
-0.405381 0.210465 0
-0.389922 0.183606 0
-0.376227 0.211589 0
-0.419232 0.245834 0
-0.40548 0.210674 0
-0.376326 0.211798 0
-0.43694 0.209199 0
-0.433765 0.173689 0
-0.40573 0.210423 0
-0.433604 0.173421 0
-0.404134 0.155607 0
-0.390109 0.183295 0
-0.47037 0.209451 0
-0.463799 0.178038 0
-0.437256 0.20921 0
-0.484317 0.252445 0
-0.470439 0.209701 0
-0.437327 0.209461 0
-0.505995 0.209659 0
-0.464031 0.17804 0
-0.470601 0.209453 0
-0.450021 0.141761 0
-0.41413 0.130526 0
-0.433837 0.173197 0
-0.395284 0.336026 0
-0.424765 0.369907 0
-0.441968 0.340133 0
-0.473651 0.487035 0
-0.508851 0.538799 0
-0.543465 0.470415 0
-0.469056 0.437276 0
-0.431582 0.451462 0
-0.473145 0.486633 0
-0.465912 0.394109 0
-0.469284 0.436871 0
-0.506897 0.422886 0
-0.465659 0.394203 0
-0.431556 0.451151 0
-0.469031 0.436966 0
-0.449311 0.524391 0
-0.424833 0.562397 0
-0.46826 0.612421 0
-0.412044 0.489285 0
-0.449283 0.523727 0
-0.473012 0.487048 0
-0.411882 0.489537 0
-0.424644 0.561985 0
-0.449121 0.523979 0
-0.541983 0.604601 0
-0.616553 0.59421 0
-0.571938 0.541698 0
-0.506495 0.677966 0
-0.54127 0.60512 0
-0.468839 0.613077 0
-0.506921 0.678611 0
-0.548174 0.750432 0
-0.589719 0.660452 0
-0.633253 0.733609 0
-0.72136 0.711 0
-0.66592 0.652681 0
-1.12879 0.304946 0
-1.14752 0.401782 0
-1.20915 0.310528 0
-1.17734 0.212571 0
-1.12889 0.304312 0
-1.20925 0.30989 0
-1.00218 0.2853 0
-0.989068 0.193902 0
-0.93355 0.257625 0
-1.14528 0.115166 0
-1.07969 0.202626 0
-1.17696 0.211581 0
-1.07859 0.203134 0
-0.989556 0.193721 0
-1.00267 0.285117 0
-0.906181 0.351078 0
-0.932841 0.258032 0
-0.873267 0.250113 0
-0.858505 0.515993 0
-0.749299 0.51554 0
-0.78336 0.588285 0
-0.974172 0.401556 0
-1.00204 0.286309 0
-0.90675 0.351682 0
-0.716231 0.447 0
-0.686203 0.384379 0
-0.663346 0.453293 0
-0.839551 0.449754 0
-0.759559 0.415723 0
-0.749154 0.514739 0
-0.906061 0.352509 0
-0.840644 0.449449 0
-0.929463 0.48689 0
-0.837026 0.384821 0
-0.834323 0.323488 0
-0.75823 0.354592 0
-0.905751 0.35217 0
-0.837539 0.385233 0
-0.840336 0.449107 0
-0.905734 0.35175 0
-0.834819 0.323479 0
-0.83752 0.384812 0
-0.834136 0.323157 0
-0.781099 0.28613 0
-0.758041 0.35426 0
-1.032 0.488933 0
-1.11826 0.483663 0
-1.05901 0.403171 0
-0.952902 0.117252 0
-0.904843 0.190553 0
-0.988808 0.193117 0
-0.869404 0.116423 0
-0.794585 0.11541 0
-0.828707 0.183 0
-0.920354 0.0267637 0
-0.870238 0.115904 0
-0.952557 0.116447 0
-0.834272 0.044728 0
-0.761797 0.0403486 0
-0.794241 0.114692 0
-0.66618 0.651957 0
-0.736684 0.636166 0
-0.696289 0.591998 0
-0.245674 0.243441 0
-0.230437 0.219458 0
-0.214279 0.23603 0
-0.262823 0.270421 0
-0.280951 0.299546 0
-0.296965 0.27847 0
-0.24599 0.24367 0
-0.262638 0.270151 0
-0.276652 0.253622 0
-0.247353 0.285852 0
-0.280785 0.299571 0
-0.262656 0.270445 0
-0.169183 0.304817 0
-0.157566 0.278929 0
-0.136648 0.290219 0
-0.169366 0.304815 0
-0.190949 0.289526 0
-0.157748 0.278927 0
-0.162508 0.343838 0
-0.16923 0.305124 0
-0.145523 0.317092 0
-0.182281 0.333756 0
-0.205746 0.315553 0
-0.169497 0.305085 0
-0.685051 0.808452 0
-0.740453 0.889398 0
-0.77753 0.782827 0
-0.548607 0.751187 0
-0.593693 0.830684 0
-0.632434 0.734339 0
-0.643766 0.919799 0
-0.740002 0.889858 0
-0.684604 0.808912 0
-0.145436 0.316912 0
-0.169142 0.304943 0
-0.136607 0.290348 0
-1.33528 0.708831 0
-1.30464 0.609791 0
-1.23624 0.739419 0
-1.21453 0.582928 0
-1.23583 0.738996 0
-1.30423 0.609368 0
-1.27339 0.509593 0
-1.21465 0.58216 0
-1.30436 0.608598 0
-1.21403 0.583083 0
-1.15529 0.655306 0
-1.23533 0.73915 0
-1.24125 0.409633 0
-1.14784 0.402788 0
-1.19051 0.506834 0
-1.15503 0.655933 0
-1.13606 0.770039 0
-1.23507 0.739778 0
-1.19032 0.507997 0
-1.12028 0.578154 0
-1.21376 0.582052 0
-1.05818 0.662739 0
-0.935896 0.674402 0
-0.982754 0.743177 0
-1.11965 0.578912 0
-1.05937 0.662125 0
-1.15438 0.655034 0
-1.21364 0.582545 0
-1.12017 0.578645 0
-1.1549 0.654767 0
-1.11846 0.484249 0
-1.03221 0.489519 0
-1.11944 0.577763 0
-0.983564 0.582203 0
-0.935898 0.673862 0
-1.05819 0.662199 0
-1.1901 0.507082 0
-1.14743 0.403036 0
-1.11908 0.483723 0
-1.15444 0.655675 0
-1.05943 0.662766 0
-1.13548 0.76978 0
-1.11899 0.578091 0
-1.03175 0.489844 0
-0.984086 0.581308 0
-1.19 0.50767 0
-1.11899 0.484309 0
-1.11997 0.577824 0
-1.27301 0.509255 0
-1.19083 0.507766 0
-1.21427 0.581821 0
-1.2731 0.508677 0
-1.24167 0.409987 0
-1.19093 0.507191 0
-1.14699 0.402688 0
-1.05939 0.402883 0
-1.11864 0.483373 0
-1.20952 0.310874 0
-1.1479 0.402133 0
-1.24131 0.408974 0
-1.13508 0.770266 0
-1.05903 0.663249 0
-1.0364 0.800093 0
-0.800978 0.23662 0
-0.872567 0.249483 0
-0.82874 0.183851 0
-1.0019 0.28583 0
-0.933273 0.258152 0
-0.906611 0.3512 0
-1.05843 0.402221 0
-1.00255 0.286477 0
-0.974681 0.401726 0
-1.12787 0.3042 0
-1.07905 0.203502 0
-1.00313 0.285492 0
-0.988742 0.193588 0
-0.904778 0.191023 0
-0.933222 0.257307 0
-0.754506 0.186901 0
-0.731791 0.250918 0
-0.800259 0.236635 0
-1.0588 0.661879 0
-1.11908 0.578668 0
-0.984178 0.581886 0
-1.05894 0.401895 0
-1.1278 0.304868 0
-1.00307 0.286156 0
-1.03152 0.488659 0
-1.05853 0.4029 0
-0.97478 0.402406 0
-1.14702 0.402089 0
-1.12829 0.305253 0
-1.05942 0.402287 0
-0.823629 0.694035 0
-0.778481 0.782035 0
-0.886422 0.766836 0
-1.17691 0.212217 0
-1.07964 0.203258 0
-1.12846 0.303952 0
-0.982683 0.744158 0
-0.937302 0.830066 0
-1.03548 0.800564 0
-1.05852 0.663159 0
-0.983089 0.743599 0
-1.03589 0.800003 0
-0.935325 0.674749 0
-0.887476 0.766643 0
-0.982181 0.743526 0
-0.930359 0.48779 0
-0.983455 0.581003 0
-1.03112 0.489542 0
-0.90651 0.352352 0
-0.929909 0.48673 0
-0.973931 0.402229 0
-0.879363 0.585185 0
-0.982945 0.581325 0
-0.929849 0.488109 0
-0.759578 0.414972 0
-0.836774 0.385129 0
-0.757979 0.354899 0
-0.783676 0.589112 0
-0.823619 0.692784 0
-0.878341 0.585895 0
-0.823698 -1.14359 0
-0.801476 -1.24263 0
-0.702436 -1.22036 0
-0.66939 -1.13398 0
-0.735338 -1.07105 0
-0.823366 -1.14273 0
-0.668132 -1.13428 0
-0.601841 -1.1972 0
-0.580397 -1.1087 0
-0.734782 -1.07072 0
-0.668836 -1.13364 0
-0.657836 -1.04266 0
-0.70125 -1.22018 0
-0.602246 -1.19758 0
-0.668538 -1.13466 0
-0.73593 -1.07075 0
-0.845851 -1.04342 0
-0.823959 -1.14243 0
-0.701992 -1.22 0
-0.669278 -1.13448 0
-0.823254 -1.14323 0
-0.658056 -1.04214 0
-0.734553 -0.976836 0
-0.735003 -1.07019 0
-0.579843 -1.10883 0
-0.601284 -1.19734 0
-0.502585 -1.1743 0
-0.488627 -1.0828 0
-0.572374 -1.01578 0
-0.579698 -1.10792 0
-0.403452 -1.1507 0
-0.487803 -1.08347 0
-0.501616 -1.17406 0
-0.390523 -1.07221 0
-0.304581 -1.12665 0
-0.288513 -1.03259 0
-0.657319 -1.04279 0
-0.668318 -1.13377 0
-0.580583 -1.10818 0
-0.467414 -0.990075 0
-0.391342 -1.07153 0
-0.369708 -0.966047 0
-0.735183 -0.97684 0
-0.845553 -1.04286 0
-0.735633 -1.07019 0
-0.735624 -0.976419 0
-0.867423 -0.943753 0
-0.845996 -1.04244 0
-0.573193 -1.01511 0
-0.656667 -0.948303 0
-0.657255 -1.04186 0
-0.502208 -1.17391 0
-0.488392 -1.08333 0
-0.579463 -1.10845 0
-0.322689 -0.812317 0
-0.270394 -0.858223 0
-0.243747 -0.793064 0
-0.200678 -1.00579 0
-0.206187 -1.10322 0
-0.10995 -1.0803 0
-0.276469 -0.942986 0
-0.201197 -1.00471 0
-0.195285 -0.916177 0
-0.287552 -1.03228 0
-0.206785 -1.10306 0
-0.201272 -1.00563 0
-0.468212 -0.989362 0
-0.45016 -0.900847 0
-0.54904 -0.923708 0
-0.391735 -1.07192 0
-0.467812 -0.990466 0
-0.487649 -1.08259 0
-0.369902 -0.965474 0
-0.44956 -0.900986 0
-0.46761 -0.989503 0
-0.288728 -1.03205 0
-0.36911 -0.966187 0
-0.39074 -1.07167 0
-0.338622 -0.894303 0
-0.449125 -0.900666 0
-0.36947 -0.965155 0
-0.270556 -0.858996 0
-0.337717 -0.894087 0
-0.277179 -0.942426 0
-0.46862 -0.989745 0
-0.549452 -0.924091 0
-0.572204 -1.01485 0
-0.323556 -0.812539 0
-0.434868 -0.823821 0
-0.338423 -0.893534 0
-0.435454 -0.823115 0
-0.376357 -0.766231 0
-0.460151 -0.728456 0
-0.303964 -1.12676 0
-0.207126 -1.10346 0
-0.287899 -1.03269 0
-0.741618 -0.881006 0
-0.867073 -0.943216 0
-0.735274 -0.975875 0
-0.771075 -0.55395 0
-0.780994 -0.470807 0
-0.864046 -0.507522 0
-0.55008 -0.923952 0
-0.656306 -0.947908 0
-0.572835 -1.01471 0
-0.488255 -1.0824 0
-0.468415 -0.990278 0
-0.571998 -1.01538 0
-0.460062 -0.727997 0
-0.376269 -0.765772 0
-0.409233 -0.686324 0
-0.449951 -0.89996 0
-0.435895 -0.823883 0
-0.518536 -0.824188 0
-0.449346 -0.900194 0
-0.338843 -0.893828 0
-0.435292 -0.824116 0
-0.440771 -0.282627 0
-0.39678 -0.323329 0
-0.389796 -0.275517 0
-0.541418 -0.306853 0
-0.597634 -0.315339 0
-0.570964 -0.379162 0
-0.485451 -0.306286 0
-0.540888 -0.306702 0
-0.524806 -0.343032 0
-0.557854 -0.270276 0
-0.597592 -0.314974 0
-0.541374 -0.306487 0
-0.543371 -0.224734 0
-0.557567 -0.269779 0
-0.509549 -0.247991 0
-0.543676 -0.224714 0
-0.60035 -0.241939 0
-0.557871 -0.269758 0
-0.524602 -0.343262 0
-0.480171 -0.375137 0
-0.485246 -0.306514 0
-0.509297 -0.248384 0
-0.540837 -0.306384 0
-0.485396 -0.305967 0
-0.479871 -0.375782 0
-0.492455 -0.428815 0
-0.427718 -0.413723 0
-0.570678 -0.379586 0
-0.528024 -0.404969 0
-0.525048 -0.343606 0
-0.570861 -0.3799 0
-0.580009 -0.437442 0
-0.528209 -0.405284 0
-0.492651 -0.429308 0
-0.507275 -0.48472 0
-0.45905 -0.452362 0
-0.63262 -0.408731 0
-0.637662 -0.473054 0
-0.580581 -0.437765 0
-0.613703 -0.359872 0
-0.63251 -0.408159 0
-0.571324 -0.379651 0
-0.597876 -0.315516 0
-0.613586 -0.359561 0
-0.571206 -0.379339 0
-0.658878 -0.338942 0
-0.632802 -0.408021 0
-0.613996 -0.359735 0
-0.70652 -0.434477 0
-0.700945 -0.511822 0
-0.638311 -0.473388 0
-0.519304 -0.556421 0
-0.531673 -0.632063 0
-0.465868 -0.589064 0
-0.633312 -0.548186 0
-0.577163 -0.581863 0
-0.57882 -0.507933 0
-0.63388 -0.548599 0
-0.687673 -0.596657 0
-0.638 -0.616554 0
-0.846795 -0.599901 0
-0.755934 -0.642624 0
-0.770936 -0.554835 0
-0.27008 -0.859068 0
-0.276701 -0.942498 0
-0.195515 -0.915688 0
-0.323681 -0.812112 0
-0.3759 -0.766513 0
-0.434994 -0.823396 0
-0.270709 -0.85856 0
-0.323006 -0.812655 0
-0.337871 -0.893652 0
-0.298917 -0.757017 0
-0.375442 -0.766289 0
-0.323226 -0.81189 0
-0.230443 -0.726452 0
-0.298166 -0.756818 0
-0.243532 -0.792438 0
-0.336055 -0.683245 0
-0.375486 -0.765858 0
-0.298961 -0.756585 0
-0.572938 -1.01564 0
-0.656998 -1.04239 0
-0.580265 -1.10779 0
-0.637469 -0.616881 0
-0.585661 -0.660455 0
-0.577201 -0.582604 0
-0.754975 -0.643069 0
-0.6429 -0.690223 0
-0.688093 -0.597218 0
-0.518918 -0.824522 0
-0.549211 -0.923156 0
-0.450329 -0.900293 0
-0.585692 -0.661282 0
-0.641979 -0.690815 0
-0.581611 -0.755697 0
-0.523257 -0.694396 0
-0.585293 -0.661293 0
-0.581214 -0.75571 0
-0.532264 -0.632389 0
-0.576848 -0.582655 0
-0.585309 -0.660508 0
-0.581733 -0.756517 0
-0.673252 -0.760214 0
-0.59081 -0.836552 0
-0.740982 -0.880096 0
-0.666394 -0.850502 0
-0.74609 -0.797047 0
-0.580783 -0.756366 0
-0.519059 -0.82339 0
-0.461114 -0.728427 0
-0.673426 -0.759727 0
-0.581905 -0.756028 0
-0.642274 -0.691145 0
-0.673535 -0.760527 0
-0.66565 -0.850235 0
-0.591091 -0.836867 0
-0.740914 -0.881017 0
-0.734571 -0.975888 0
-0.657485 -0.947635 0
-0.590294 -0.836767 0
-0.519492 -0.823753 0
-0.581218 -0.756728 0
-0.656755 -0.947071 0
-0.591036 -0.837495 0
-0.665595 -0.850861 0
-0.549682 -0.922944 0
-0.519387 -0.824312 0
-0.590189 -0.837324 0
-0.700868 -0.512613 0
-0.687883 -0.596307 0
-0.63409 -0.54825 0
-0.64311 -0.690628 0
-0.755185 -0.64347 0
-0.75076 -0.716993 0
-0.701326 -0.512635 0
-0.770223 -0.554388 0
-0.688339 -0.596327 0
-0.751334 -0.71787 0
-0.822824 -0.800151 0
-0.746647 -0.796337 0
-0.846991 -0.60036 0
-0.829378 -0.692391 0
-0.756131 -0.643088 0
-0.864266 -0.507952 0
-0.847158 -0.599449 0
-0.771298 -0.554384 0
-0.931177 -0.64852 0
-0.829964 -0.692408 0
-0.847579 -0.600381 0
-0.910048 -0.746425 0
-0.889088 -0.843759 0
-0.82383 -0.800404 0
-0.734291 -0.976428 0
-0.657796 -1.04173 0
-0.657207 -0.948174 0
-0.242242 -0.427915 0
-0.254737 -0.478448 0
-0.207148 -0.451183 0
-0.301581 -0.346652 0
-0.306863 -0.377753 0
-0.278564 -0.37123 0
-0.322553 -0.515063 0
-0.373086 -0.503515 0
-0.340026 -0.554394 0
-0.271615 -0.515404 0
-0.255163 -0.47883 0
-0.305528 -0.478199 0
-0.24783 -0.582045 0
-0.230733 -0.537022 0
-0.28905 -0.555614 0
-0.214823 -0.495139 0
-0.254859 -0.478887 0
-0.271311 -0.515462 0
-0.283073 -0.450188 0
-0.312584 -0.411929 0
-0.338784 -0.44604 0
-0.391518 -1.07246 0
-0.487432 -1.08313 0
-0.403085 -1.15036 0
-0.30496 -1.12705 0
-0.390907 -1.07261 0
-0.40247 -1.1505 0
-0.368893 -0.965296 0
-0.277507 -0.942782 0
-0.338048 -0.894444 0
-0.104365 -0.890604 0
-0.101214 -0.810271 0
-0.188367 -0.834568 0
-0.416036 -0.625374 0
-0.40907 -0.685432 0
-0.371131 -0.601433 0
-0.4095 -0.544048 0
-0.416037 -0.624899 0
-0.371131 -0.600957 0
-0.464421 -0.651057 0
-0.409381 -0.685597 0
-0.416349 -0.62554 0
-0.368727 -0.965756 0
-0.28835 -1.03162 0
-0.277341 -0.943243 0
-0.322783 -0.811978 0
-0.24384 -0.792724 0
-0.298476 -0.757106 0
0.595526 1.3281 0
0.503167 1.29633 0
0.627351 1.22584 0
0.492411 1.21737 0
0.502095 1.29609 0
0.409708 1.26465 0
0.397452 1.17009 0
0.492061 1.21694 0
0.409356 1.26423 0
0.575918 1.16989 0
0.502651 1.29577 0
0.492969 1.21705 0
0.561495 1.04241 0
0.576071 1.16867 0
0.479867 1.10574 0
0.627287 1.22531 0
0.503101 1.2958 0
0.576368 1.16992 0
0.479579 1.1052 0
0.490564 1.0068 0
0.56121 1.04187 0
0.397686 1.16956 0
0.479038 1.10633 0
0.492294 1.21641 0
0.400793 1.07184 0
0.490025 1.0069 0
0.479041 1.1053 0
0.659983 1.12246 0
0.627813 1.22472 0
0.576896 1.16934 0
0.315731 1.23289 0
0.310741 1.13774 0
0.396532 1.16972 0
0.301351 1.04006 0
0.399599 1.07205 0
0.310702 1.13677 0
0.244549 0.979826 0
0.226805 0.902309 0
0.325005 0.960122 0
0.10698 0.900649 0
0.17299 0.938925 0
0.117162 0.980117 0
0.226923 0.901925 0
0.279526 0.865037 0
0.325121 0.959735 0
0.169972 0.856956 0
0.226049 0.901827 0
0.173564 0.938517 0
0.170123 0.856575 0
0.218591 0.824904 0
0.226199 0.901445 0
0.102365 0.825705 0
0.169336 0.856573 0
0.106918 0.899857 0
0.295287 0.76502 0
0.224951 0.752415 0
0.230795 0.686413 0
0.102549 0.82533 0
0.161804 0.787676 0
0.16952 0.856196 0
0.102346 0.824983 0
0.109223 0.753017 0
0.161602 0.78733 0
0.502907 0.820768 0
0.557776 0.71587 0
0.616023 0.764225 0
0.40255 0.963665 0
0.427059 0.836803 0
0.513279 0.903059 0
0.36111 0.782545 0
0.296206 0.765233 0
0.369445 0.719323 0
0.43277 0.767465 0
0.361568 0.782553 0
0.369904 0.719329 0
0.352471 0.850098 0
0.296148 0.76567 0
0.361053 0.782984 0
0.244042 0.979755 0
0.173814 0.938929 0
0.226296 0.902239 0
0.300882 1.03917 0
0.244798 0.980285 0
0.325251 0.960581 0
0.300315 1.03985 0
0.216848 1.11976 0
0.1838 1.0259 0
0.267173 0.545081 0
0.230233 0.593442 0
0.218007 0.544934 0
0.269307 0.632423 0
0.351331 0.617477 0
0.311161 0.674294 0
0.299951 0.490899 0
0.333967 0.518579 0
0.267794 0.544651 0
0.371181 0.549285 0
0.35166 0.61688 0
0.30811 0.57941 0
0.337421 0.452315 0
0.399649 0.464689 0
0.334533 0.518183 0
0.411419 0.582081 0
0.352007 0.61689 0
0.371527 0.549293 0
0.307358 0.579319 0
0.230534 0.593559 0
0.267472 0.545195 0
0.561547 1.04132 0
0.490903 1.00625 0
0.580231 0.941084 0
0.692579 1.0181 0
0.562224 1.04135 0
0.580908 0.941119 0
0.659763 1.12184 0
0.576674 1.16873 0
0.562099 1.04246 0
0.121479 1.07225 0
0.216061 1.12035 0
0.126768 1.17113 0
0.300737 1.04022 0
0.310091 1.13693 0
0.217273 1.12013 0
0.12167 1.07177 0
0.183199 1.02601 0
0.216251 1.11986 0
0.325777 0.960528 0
0.401504 0.964533 0
0.301407 1.03911 0
0.396859 1.17015 0
0.408767 1.26428 0
0.316062 1.23332 0
0.399917 1.07249 0
0.396814 1.16918 0
0.311024 1.1372 0
0.400481 1.07238 0
0.478731 1.10584 0
0.397376 1.16908 0
0.575842 1.16926 0
0.492891 1.21641 0
0.479636 1.10633 0
0.315148 1.233 0
0.221911 1.20237 0
0.310153 1.13785 0
0.224322 0.752627 0
0.162232 0.787003 0
0.175916 0.727725 0
0.226565 0.901472 0
0.218957 0.824931 0
0.279171 0.864586 0
0.169908 0.856193 0
0.162193 0.787673 0
0.218377 0.824523 0
0.620755 0.166959 0
0.566561 0.148385 0
0.634126 0.110591 0
0.699351 0.11124 0
0.621203 0.166834 0
0.634571 0.110467 0
0.677574 0.207327 0
0.660225 0.274181 0
0.596319 0.259217 0
0.49488 0.283442 0
0.541412 0.238284 0
0.539921 0.307998 0
0.493577 0.218545 0
0.5059 0.175412 0
0.54118 0.188824 0
0.474925 0.324118 0
0.45515 0.364081 0
0.435444 0.291361 0
0.494309 0.283672 0
0.475056 0.323848 0
0.435576 0.29109 0
0.494657 0.28373 0
0.539699 0.308284 0
0.475407 0.323905 0
0.801795 0.341738 0
0.704526 0.412038 0
0.728163 0.304865 0
0.704251 0.413048 0
0.77663 0.447035 0
0.672485 0.50244 0
0.606378 0.465258 0
0.703682 0.413111 0
0.671911 0.502499 0
0.728404 0.303896 0
0.750611 0.218629 0
0.827042 0.244867 0
0.643661 0.374794 0
0.727636 0.304978 0
0.703992 0.412146 0
0.595612 0.259794 0
0.585147 0.345592 0
0.540405 0.308277 0
0.7276 0.303954 0
0.660666 0.274331 0
0.678014 0.207477 0
0.643039 0.374472 0
0.585707 0.345864 0
0.66008 0.275031 0
0.596192 0.25886 0
0.621002 0.167651 0
0.67744 0.20697 0
0.801962 0.342215 0
0.777065 0.446497 0
0.704687 0.412511 0
0.437703 0.440514 0
0.396582 0.411612 0
0.454899 0.364874 0
0.0379248 0.947035 0
0.0415893 0.86458 0
0.106276 0.900291 0
-0.135662 0.892044 0
-0.0463375 0.914703 0
-0.141569 0.979302 0
-0.036571 0.831802 0
0.0408329 0.864242 0
-0.045397 0.914116 0
0.0369834 0.724184 0
0.0448706 0.788397 0
-0.0279086 0.756602 0
0.101936 0.825731 0
0.106491 0.899883 0
0.0418044 0.864174 0
0.108833 0.753022 0
0.101957 0.824987 0
0.0455452 0.788722 0
0.442253 0.689593 0
0.450492 0.617939 0
0.513394 0.660468 0
0.370174 0.71902 0
0.441715 0.690288 0
0.433038 0.767156 0
0.395167 0.651785 0
0.352087 0.617233 0
0.411498 0.582426 0
0.370047 0.718636 0
0.395328 0.652483 0
0.441589 0.689903 0
0.36961 0.718584 0
0.311644 0.674699 0
0.394893 0.652434 0
0.0147154 0.616247 0
-0.0273167 0.630407 0
0.0102333 0.571121 0
0.0560054 0.602248 0
0.0149951 0.616152 0
0.0105143 0.571028 0
0.0561456 0.60254 0
0.0525029 0.658159 0
0.0151363 0.616445 0
-0.060834 0.715836 0
-0.0287304 0.756415 0
-0.103112 0.740911 0
-0.00828086 0.686605 0
-0.0607262 0.715388 0
-0.0912586 0.67671 0
-0.00807073 0.686871 0
-0.0284123 0.756233 0
-0.0605152 0.715654 0
0.259706 0.288515 0
0.233517 0.310687 0
0.238471 0.272519 0
0.271912 0.399189 0
0.261576 0.365456 0
0.304387 0.376666 0
0.187232 0.361868 0
0.217354 0.35604 0
0.195197 0.385396 0
0.558083 0.714963 0
0.577774 0.630485 0
0.632745 0.683034 0
0.399904 1.07148 0
0.301657 1.03949 0
0.401751 0.964905 0
0.514204 0.660594 0
0.577377 0.630411 0
0.557685 0.714886 0
0.513651 0.660129 0
0.450751 0.617601 0
0.518847 0.588711 0
0.577248 0.629986 0
0.514076 0.660172 0
0.51927 0.588751 0
0.49546 0.741897 0
0.502087 0.820863 0
0.43366 0.767669 0
0.598365 0.85024 0
0.514186 0.902631 0
0.502701 0.821676 0
0.109246 0.752383 0
0.0952132 0.695129 0
0.175309 0.727419 0
0.553844 0.423337 0
0.502307 0.39236 0
0.584883 0.346421 0
0.642683 0.374969 0
0.554318 0.423279 0
0.585351 0.346361 0
0.605442 0.465292 0
0.542311 0.501654 0
0.554046 0.424099 0
0.471515 0.546011 0
0.493003 0.464983 0
0.541658 0.50206 0
0.471168 0.546003 0
0.438838 0.500098 0
0.492659 0.464978 0
0.693129 1.01768 0
0.58146 0.940688 0
0.726218 0.914398 0
0.692845 1.01871 0
0.660152 1.12134 0
0.56249 1.04196 0
0.0344393 1.0398 0
0.120553 1.07188 0
0.0313783 1.14009 0
0.169572 0.856951 0
0.173166 0.938511 0
0.107156 0.900236 0
0.216393 1.12079 0
0.220969 1.2021 0
0.127104 1.17157 0
0.183465 1.0251 0
0.173669 0.939341 0
0.243898 0.980167 0
0.309826 1.13747 0
0.221579 1.20199 0
0.217008 1.12067 0
0.182868 1.02554 0
0.121336 1.0713 0
0.117243 0.980977 0
0.173244 0.939342 0
0.183042 1.0251 0
0.117418 0.980535 0
0.244323 0.980503 0
0.300409 1.03938 0
0.183892 1.02543 0
0.0316885 1.14053 0
0.120859 1.07232 0
0.126151 1.1712 0
0.0347266 1.03926 0
0.116745 0.981024 0
0.12084 1.07135 0
-0.0641792 1.10926 0
0.0338182 1.03992 0
0.03076 1.14022 0
0.0379359 0.947887 0
0.116469 0.98061 0
0.0344467 1.03885 0
-0.0644784 1.10881 0
-0.0578436 1.00777 0
0.033523 1.03948 0
0.272051 0.399386 0
0.304525 0.376864 0
0.302924 0.42422 0
-0.506045 0.678075 0
-0.468389 0.613185 0
-0.407234 0.637329 0
-0.378537 0.799613 0
-0.470022 0.778032 0
-0.423722 0.714627 0
-0.590479 0.659843 0
-0.665427 0.652046 0
-0.617029 0.594764 0
-0.431391 0.451636 0
-0.411983 0.489042 0
-0.472953 0.486806 0
-0.506921 0.423195 0
-0.469309 0.437181 0
-0.473397 0.486537 0
-0.400545 0.409396 0
-0.373532 0.451425 0
-0.43102 0.451251 0
-0.342583 0.53175 0
-0.369118 0.584587 0
-0.424144 0.562328 0
-0.400263 0.409249 0
-0.347197 0.407893 0
-0.373252 0.45128 0
-0.298461 0.537372 0
-0.256326 0.543109 0
-0.292996 0.59152 0
-0.317694 0.48341 0
-0.298831 0.536971 0
-0.341991 0.531327 0
-0.317431 0.483231 0
-0.263641 0.478264 0
-0.298568 0.536794 0
-0.233639 0.494153 0
-0.25601 0.542587 0
-0.263219 0.47832 0
-0.245417 0.432842 0
-0.213278 0.450241 0
-0.263115 0.477806 0
-0.189626 0.509881 0
-0.220923 0.554367 0
-0.233275 0.494298 0
-0.290522 0.701657 0
-0.236159 0.682782 0
-0.261239 0.751711 0
-0.34649 0.722841 0
-0.290892 0.701792 0
-0.261608 0.751845 0
-0.318344 0.653963 0
-0.23635 0.682453 0
-0.290713 0.701329 0
-0.46854 0.612343 0
-0.50852 0.539398 0
-0.449592 0.524314 0
-0.610848 0.377343 0
-0.577419 0.423527 0
-0.662632 0.453192 0
-0.68585 0.384145 0
-0.611212 0.377212 0
-0.662995 0.453059 0
-0.558897 0.372187 0
-0.511683 0.367682 0
-0.507349 0.422579 0
-0.577364 0.327784 0
-0.559462 0.371901 0
-0.610503 0.376751 0
-0.577047 0.327576 0
-0.516086 0.31452 0
-0.559146 0.371692 0
-0.68086 0.282185 0
-0.614361 0.279179 0
-0.645287 0.329724 0
-0.515867 0.314653 0
-0.511712 0.36732 0
-0.558927 0.371826 0
-0.547658 0.294217 0
-0.516047 0.31426 0
-0.577009 0.327316 0
-0.547467 0.294002 0
-0.519984 0.263163 0
-0.515855 0.314044 0
-0.613688 0.27921 0
-0.547986 0.2941 0
-0.577335 0.327198 0
-0.613622 0.278927 0
-0.557342 0.242723 0
-0.547918 0.293816 0
-0.644941 0.329876 0
-0.614014 0.27933 0
-0.57766 0.327318 0
-0.619875 0.184161 0
-0.642807 0.149821 0
-0.590597 0.142636 0
-0.557366 0.242223 0
-0.602677 0.236311 0
-0.566522 0.186825 0
-0.65195 0.229692 0
-0.689974 0.181467 0
-0.620238 0.184559 0
-0.506227 0.210085 0
-0.484711 0.252624 0
-0.519742 0.262677 0
-0.491349 0.146821 0
-0.506278 0.209412 0
-0.528285 0.16726 0
-0.437227 0.209662 0
-0.440792 0.269958 0
-0.484217 0.252648 0
-0.442494 0.340319 0
-0.465836 0.393601 0
-0.511155 0.367479 0
-0.400852 0.409203 0
-0.431328 0.451058 0
-0.465429 0.394109 0
-0.872938 0.25033 0
-0.834937 0.323027 0
-0.905853 0.351297 0
-0.90439 0.191209 0
-0.873261 0.249577 0
-0.932836 0.257496 0
-0.800998 0.237085 0
-0.834585 0.322643 0
-0.872586 0.249949 0
-0.754831 0.186676 0
-0.800582 0.236408 0
-0.828345 0.183641 0
-0.781243 0.285738 0
-0.834279 0.322764 0
-0.800691 0.237204 0
-0.73188 0.25125 0
-0.780899 0.285498 0
-0.800347 0.236965 0
-0.731482 0.2514 0
-0.681704 0.281945 0
-0.780501 0.28565 0
-0.690689 0.181544 0
-0.731423 0.250732 0
-0.754139 0.186716 0
-0.681477 0.282616 0
-0.686399 0.383498 0
-0.757215 0.354451 0
-0.64314 0.14995 0
-0.620208 0.184291 0
-0.689946 0.181199 0
-0.577651 0.327645 0
-0.610789 0.376611 0
-0.644929 0.330202 0
-0.566428 0.186157 0
-0.590081 0.142596 0
-0.542261 0.135922 0
-0.506528 0.209546 0
-0.566104 0.186487 0
-0.528536 0.167393 0
-0.60317 0.236263 0
-0.65166 0.229876 0
-0.619946 0.184741 0
-0.566731 0.186633 0
-0.602885 0.236117 0
-0.619661 0.184597 0
-0.557526 0.242532 0
-0.613807 0.278735 0
-0.602835 0.23662 0
-0.731052 0.251215 0
-0.652293 0.230251 0
-0.681274 0.281759 0
-0.61962 0.184284 0
-0.590341 0.142758 0
-0.566688 0.18632 0
-0.607492 0.472247 0
-0.572233 0.541018 0
-0.63971 0.523642 0
-0.974349 0.402687 0
-0.930326 0.487191 0
-1.03109 0.488943 0
-0.904042 0.190963 0
-0.829086 0.183698 0
-0.872912 0.249329 0
-0.695887 0.591858 0
-0.617382 0.594536 0
-0.665781 0.651817 0
-0.748756 0.515791 0
-0.696718 0.591383 0
-0.782817 0.588538 0
-0.640157 0.524218 0
-0.617295 0.594107 0
-0.695802 0.591431 0
-0.748277 0.515574 0
-0.640596 0.523955 0
-0.696242 0.591167 0
-0.607188 0.471676 0
-0.577011 0.423898 0
-0.54414 0.46998 0
-0.662829 0.453841 0
-0.607796 0.471955 0
-0.640015 0.523349 0
-0.662619 0.453508 0
-0.577409 0.423844 0
-0.607586 0.471621 0
-0.904445 0.190294 0
-0.952505 0.116996 0
-0.870185 0.116453 0
-0.466466 -0.140261 0
-0.51782 -0.134971 0
-0.499275 -0.193652 0
-0.412603 -0.164888 0
-0.424056 -0.130967 0
-0.453393 -0.178505 0
-0.475977 -0.105619 0
-0.517744 -0.134675 0
-0.466387 -0.139966 0
-0.409974 -0.106188 0
-0.386146 -0.122073 0
-0.397069 -0.0833435 0
-0.45357 -0.178422 0
-0.424236 -0.130884 0
-0.465999 -0.140196 0
-0.412377 -0.164699 0
-0.386245 -0.122426 0
-0.423831 -0.130779 0
-0.485305 -0.0658669 0
-0.529661 -0.090475 0
-0.47608 -0.105224 0
-0.477554 -0.0243541 0
-0.519974 0.00660918 0
-0.520898 -0.0275743 0
-0.437743 -0.0214487 0
-0.4762 0.0123526 0
-0.477129 -0.0243142 0
-0.40163 0.0273495 0
-0.436338 0.0176815 0
-0.401881 0.00177458 0
-0.40183 0.0534503 0
-0.434875 0.0714239 0
-0.435505 0.044697 0
-0.526211 0.0499067 0
-0.506844 0.107961 0
-0.558382 0.0936765 0
-0.43685 0.0177964 0
-0.480388 0.0508491 0
-0.476208 0.0127358 0
-0.435202 0.0717161 0
-0.463371 0.106583 0
-0.471693 0.0789559 0
-0.632487 -0.0636223 0
-0.681505 -0.0280829 0
-0.707153 -0.116674 0
-0.586981 -0.0687049 0
-0.631952 -0.0637258 0
-0.641766 -0.106954 0
-0.623115 -0.0213812 0
-0.681226 -0.0277627 0
-0.632204 -0.0633029 0
-0.534336 -0.0574058 0
-0.569469 -0.0158068 0
-0.586412 -0.068379 0
-0.579179 0.0320505 0
-0.629033 0.0592773 0
-0.656908 0.0103097 0
-0.526325 0.049364 0
-0.578379 0.0320061 0
-0.520329 0.00705499 0
-0.541955 0.135498 0
-0.558434 0.0939639 0
-0.506899 0.108249 0
-0.609946 0.0963474 0
-0.578784 0.0324512 0
-0.558901 0.0935793 0
-0.681887 -0.027987 0
-0.746175 -0.0352126 0
-0.707532 -0.116579 0
-0.217927 0.349013 0
-0.19673 0.366151 0
-0.239751 0.375706 0
-0.206099 0.315694 0
-0.217956 0.348697 0
-0.239105 0.33176 0
-0.205909 0.315701 0
-0.182443 0.333902 0
-0.217766 0.348704 0
-0.209505 0.275942 0
-0.191303 0.289508 0
-0.223596 0.302314 0
-0.182411 0.334071 0
-0.196538 0.366012 0
-0.217734 0.348873 0
-0.191111 0.289649 0
-0.169526 0.304936 0
-0.205776 0.315406 0
-0.123867 0.326397 0
-0.101864 0.333844 0
-0.113299 0.362132 0
-0.145279 0.317201 0
-0.124083 0.326318 0
-0.134609 0.355156 0
-0.145211 0.317015 0
-0.114468 0.300162 0
-0.124015 0.326133 0
-0.11451 0.300041 0
-0.145252 0.316895 0
-0.136424 0.290332 0
-0.166018 0.380138 0
-0.159438 0.423956 0
-0.185662 0.412958 0
-0.182227 0.334056 0
-0.162721 0.344097 0
-0.196353 0.365996 0
-0.126345 0.394386 0
-0.159239 0.423894 0
-0.165819 0.380075 0
-0.593272 0.831105 0
-0.548188 0.751608 0
-0.507296 0.859686 0
-0.546581 0.95033 0
-0.593265 0.83177 0
-0.507291 0.860354 0
-0.684078 0.808095 0
-0.63289 0.73453 0
-0.594145 0.830874 0
-0.424691 0.562775 0
-0.406961 0.636942 0
-0.468116 0.612798 0
-0.260069 0.315774 0
-0.239464 0.331768 0
-0.271458 0.35096 0
-0.247345 0.286004 0
-0.260127 0.315449 0
-0.280776 0.299722 0
-0.247155 0.286012 0
-0.223951 0.302433 0
-0.259936 0.315458 0
-0.322306 0.915863 0
-0.218143 0.854005 0
-0.230407 0.944968 0
-0.414684 0.884997 0
-0.323376 0.916195 0
-0.353819 1.01325 0
-0.414767 0.884284 0
-0.378018 0.800641 0
-0.323457 0.915481 0
-0.173751 0.567652 0
-0.189173 0.510027 0
-0.144966 0.524434 0
-0.255885 0.543235 0
-0.221161 0.55487 0
-0.238298 0.611359 0
-0.255868 0.542842 0
-0.233498 0.494409 0
-0.221145 0.554478 0
-0.136278 0.892146 0
-0.142183 0.979404 0
-0.22953 0.945308 0
-0.200212 0.772603 0
-0.108605 0.812005 0
-0.217328 0.853081 0
-0.107428 0.811879 0
-0.0286669 0.757037 0
-0.0370111 0.831101 0
-0.143875 0.638517 0
-0.190762 0.625119 0
-0.173753 0.568419 0
-0.293518 0.591639 0
-0.368679 0.584685 0
-0.342144 0.531849 0
-0.238537 0.611482 0
-0.292795 0.591768 0
-0.256125 0.543359 0
-0.318796 0.653273 0
-0.368601 0.585092 0
-0.29344 0.592047 0
-0.236175 0.682154 0
-0.318169 0.653664 0
-0.238556 0.612153 0
-0.347069 0.722299 0
-0.406203 0.637612 0
-0.319101 0.653883 0
-0.342724 0.53143 0
-0.424287 0.56201 0
-0.411525 0.48956 0
-0.238746 0.611851 0
-0.31836 0.653362 0
-0.293004 0.592138 0
-0.40663 0.636849 0
-0.424359 0.562681 0
-0.369333 0.58494 0
-0.142357 0.98036 0
-0.16129 1.07734 0
-0.256659 1.0458 0
0.0415981 0.863801 0
0.0453193 0.789093 0
0.101731 0.82536 0
0.037086 0.947561 0
-0.0577691 1.00682 0
-0.0454795 0.91498 0
0.116711 0.980146 0
0.0381782 0.947424 0
0.106527 0.900678 0
0.0338642 1.03894 0
-0.0575014 1.00723 0
0.0373508 0.947976 0
-0.0362681 0.831383 0
0.0448552 0.789113 0
0.0411359 0.863822 0
-0.107786 0.812329 0
-0.0373701 0.831552 0
-0.135521 0.891207 0
-0.217112 0.85348 0
-0.108391 0.812403 0
-0.136123 0.891281 0
-0.10327 0.741232 0
-0.0288886 0.756736 0
-0.107651 0.811577 0
-0.0281553 0.75696 0
0.0446237 0.788756 0
-0.0365017 0.831023 0
-0.135312 0.89155 0
-0.0371636 0.831893 0
-0.0459871 0.914208 0
-0.114214 0.300158 0
-0.0913989 0.308184 0
-0.101758 0.333577 0
-0.590066 0.659686 0
-0.616613 0.594606 0
-0.542044 0.604998 0
-0.506899 0.678123 0
-0.589698 0.659965 0
-0.541676 0.605278 0
-0.632816 0.73344 0
-0.66548 0.65251 0
-0.590533 0.660309 0
-0.823147 0.692955 0
-0.783204 0.589281 0
-0.7375 0.636294 0
-0.777933 0.781849 0
-0.823076 0.693849 0
-0.72237 0.711299 0
-0.9353 0.673604 0
-0.982962 0.581947 0
-0.879383 0.585808 0
-0.541623 0.604418 0
-0.571577 0.541513 0
-0.509173 0.53943 0
-0.837049 0.385445 0
-0.759853 0.41529 0
-0.839848 0.44932 0
-0.681793 0.282291 0
-0.757531 0.354123 0
-0.780588 0.285994 0
-0.68666 0.383944 0
-0.759075 0.414969 0
-0.757475 0.354894 0
-0.645527 0.330074 0
-0.686025 0.383417 0
-0.681101 0.282533 0
-0.6519 0.230342 0
-0.614382 0.278845 0
-0.680883 0.281852 0
-0.611151 0.376799 0
-0.685791 0.383734 0
-0.645292 0.33039 0
-0.858939 0.516226 0
-0.783792 0.588519 0
-0.87846 0.585303 0
-0.71676 0.44731 0
-0.748744 0.514731 0
-0.759146 0.415714 0
-0.686524 0.384253 0
-0.716552 0.446872 0
-0.758937 0.415278 0
-0.663556 0.453732 0
-0.748424 0.51486 0
-0.71644 0.447438 0
-0.663302 0.453987 0
-0.640485 0.523494 0
-0.748168 0.515115 0
-0.544124 0.470373 0
-0.571914 0.54084 0
-0.60717 0.472068 0
-0.859428 0.515889 0
-0.878949 0.584964 0
-0.929433 0.48789 0
-0.840489 0.449996 0
-0.859299 0.515436 0
-0.929305 0.487438 0
-0.839884 0.450088 0
-0.749486 0.515075 0
-0.858696 0.515529 0
-0.737076 0.635955 0
-0.782777 0.588941 0
-0.696679 0.591787 0
-0.721709 0.710675 0
-0.73677 0.636564 0
-0.666266 0.652356 0
-0.722233 0.710812 0
-0.82294 0.693363 0
-0.737297 0.636702 0
-0.824124 0.69307 0
-0.934766 0.673978 0
-0.87885 0.586179 0
-0.541278 0.604657 0
-0.508829 0.539668 0
-0.468846 0.612612 0
-0.639742 0.52405 0
-0.572265 0.541428 0
-0.616882 0.59394 0
-0.543795 0.470597 0
-0.509179 0.53898 0
-0.571585 0.541065 0
-0.199831 0.772228 0
-0.103844 0.741284 0
-0.108224 0.81163 0
-0.235565 0.68285 0
-0.173859 0.701891 0
-0.200491 0.771666 0
-0.346683 0.722514 0
-0.318715 0.654099 0
-0.291084 0.701464 0
-0.23813 0.612059 0
-0.191284 0.62541 0
-0.23575 0.68206 0
-0.143543 0.639134 0
-0.0920877 0.676504 0
-0.173189 0.701427 0
-0.235534 0.68236 0
-0.191069 0.62571 0
-0.173827 0.701402 0
-0.0788568 0.518355 0
-0.0716702 0.47631 0
-0.0432808 0.518496 0
-0.0277998 0.630396 0
-0.0658122 0.617756 0
-0.0540177 0.566027 0
-0.11559 0.481478 0
-0.173271 0.464589 0
-0.123639 0.436244 0
-0.173417 0.464397 0
-0.159256 0.424315 0
-0.123786 0.436052 0
-0.289177 0.387584 0
-0.271557 0.351347 0
-0.240239 0.375785 0
-0.267666 0.410096 0
-0.308629 0.427936 0
-0.289393 0.387955 0
-0.263342 0.477804 0
-0.280767 0.449535 0
-0.245643 0.43284 0
-0.263582 0.477971 0
-0.317372 0.482939 0
-0.281008 0.449703 0
-0.322687 0.367941 0
-0.300965 0.332387 0
-0.271872 0.351136 0
-0.308894 0.427927 0
-0.346611 0.407743 0
-0.289658 0.387947 0
-0.37262 0.370783 0
-0.40052 0.408855 0
-0.42455 0.370252 0
-0.323174 0.368016 0
-0.3721 0.370531 0
-0.34648 0.335803 0
-0.347193 0.407622 0
-0.40026 0.40898 0
-0.372361 0.370908 0
-0.134737 0.355215 0
-0.162392 0.344005 0
-0.145407 0.317261 0
-0.126087 0.3941 0
-0.134509 0.355533 0
-0.113415 0.36243 0
-0.126263 0.394158 0
-0.165736 0.379844 0
-0.134684 0.355591 0
-0.239732 0.375883 0
-0.196711 0.366329 0
-0.212279 0.401852 0
-0.239124 0.331606 0
-0.223745 0.302587 0
-0.206118 0.315538 0
-0.27139 0.35116 0
-0.239398 0.33197 0
-0.240073 0.375599 0
-0.19115 0.289387 0
-0.209351 0.275819 0
-0.177784 0.266019 0
-0.157775 0.278795 0
-0.190977 0.289396 0
-0.177611 0.266029 0
-0.205958 0.315398 0
-0.223584 0.302446 0
-0.191292 0.289641 0
-0.259909 0.315611 0
-0.223925 0.302587 0
-0.239305 0.331606 0
-0.209369 0.275693 0
-0.196478 0.251753 0
-0.177802 0.265892 0
-0.246985 0.285879 0
-0.209692 0.275929 0
-0.223783 0.302301 0
-0.226555 0.260655 0
-0.214103 0.236195 0
-0.196656 0.251603 0
-0.246996 0.285741 0
-0.226708 0.260901 0
-0.209701 0.27579 0
-0.22688 0.260741 0
-0.262471 0.270174 0
-0.245823 0.243693 0
-0.0077435 0.686898 0
0.0368074 0.723844 0
-0.0280863 0.756261 0
-0.103324 0.740644 0
-0.091578 0.67689 0
-0.0610449 0.715569 0
0.0599577 0.551222 0
0.0454603 0.510999 0
0.0862062 0.496625 0
0.0595568 0.551519 0
0.0104786 0.570554 0
0.000945613 0.525357 0
0.105288 0.57996 0
0.0602214 0.551575 0
0.1048 0.532939 0
0.105232 0.58048 0
0.0920336 0.637806 0
0.0565797 0.602352 0
-0.0275465 0.630239 0
-0.053763 0.565871 0
0.0100036 0.570953 0
-0.0659377 0.618126 0
-0.0279258 0.630766 0
-0.0913433 0.676196 0
-0.143184 0.638854 0
-0.0663251 0.618152 0
-0.0917292 0.676224 0
-0.126082 0.581397 0
-0.054348 0.565862 0
-0.0661421 0.617592 0
-0.126233 0.581103 0
-0.110824 0.530283 0
-0.0544977 0.56557 0
-0.174005 0.567753 0
-0.220723 0.554613 0
-0.189428 0.510128 0
-0.14366 0.638371 0
-0.173538 0.568272 0
-0.12674 0.581474 0
-0.19102 0.624839 0
-0.220729 0.554999 0
-0.174011 0.568138 0
-0.17352 0.701256 0
-0.190761 0.625565 0
-0.143874 0.638962 0
-0.23808 0.611633 0
-0.220944 0.555145 0
-0.191235 0.624985 0
-0.110665 0.530074 0
-0.079024 0.518692 0
-0.0543386 0.565362 0
-0.144547 0.524547 0
-0.111126 0.530144 0
-0.126535 0.580966 0
-0.173541 0.56789 0
-0.144756 0.524673 0
-0.126744 0.581093 0
-0.189173 0.509682 0
-0.173588 0.464979 0
-0.144965 0.52409 0
-0.144719 0.523997 0
-0.173341 0.464885 0
-0.115661 0.481772 0
-0.0428859 0.518519 0
-0.0328341 0.4767 0
0.00045788 0.524933 0
-0.0536695 0.565519 0
0.000564209 0.525403 0
0.0100989 0.570602 0
-0.506373 0.860634 0
-0.415619 0.884705 0
-0.450156 0.981583 0
-0.643279 0.919604 0
-0.684112 0.808715 0
-0.594182 0.831496 0
-0.506108 0.67888 0
-0.42415 0.714221 0
-0.470451 0.777627 0
-0.347419 0.7225 0
-0.423406 0.7139 0
-0.406554 0.637815 0
-0.36898 0.585245 0
-0.319174 0.653423 0
-0.406276 0.637153 0
-0.261623 0.752267 0
-0.295173 0.82762 0
-0.346505 0.723263 0
-0.378509 0.800181 0
-0.415259 0.883824 0
-0.469993 0.778599 0
-0.0751296 0.341019 0
-0.0518442 0.344902 0
-0.0531419 0.371954 0
-0.113165 0.362278 0
-0.10173 0.333992 0
-0.084059 0.370255 0
-0.0674226 0.314623 0
-0.0518922 0.34471 0
-0.0751774 0.340826 0
-0.0675546 0.314499 0
-0.0753093 0.340705 0
-0.0911547 0.308257 0
-0.378126 0.799429 0
-0.42331 0.714442 0
-0.347324 0.723043 0
-0.218359 0.853614 0
-0.322524 0.915473 0
-0.294948 0.828601 0
-0.506443 0.859955 0
-0.470423 0.778801 0
-0.415687 0.884024 0
-0.642818 0.92008 0
-0.593722 0.831971 0
-0.547034 0.950529 0
-0.547776 0.75143 0
-0.470866 0.778356 0
-0.506887 0.85951 0
-0.590142 0.660638 0
-0.548594 0.750616 0
-0.632423 0.733769 0
-0.506524 0.679004 0
-0.470864 0.777749 0
-0.547775 0.750825 0
-0.295482 0.828423 0
-0.323058 0.915294 0
-0.377617 0.800453 0
-0.346896 0.723424 0
-0.295562 0.827779 0
-0.377697 0.79981 0
-0.261193 0.752703 0
-0.218153 0.853068 0
-0.294742 0.828055 0
-0.450593 0.981805 0
-0.546102 0.950834 0
-0.506813 0.860857 0
-0.0238846 0.34604 0
-0.0516388 0.344741 0
-0.0429043 0.319016 0
-0.00387465 0.407878 0
-0.0298689 0.373965 0
8.9758e-05 0.37624 0
-0.0370798 0.404521 0
-0.0719526 0.406436 0
-0.0530821 0.372371 0
0.125785 0.430451 0
0.105466 0.414262 0
0.142712 0.395669 0
0.171585 0.416198 0
0.126007 0.430459 0
0.142934 0.395675 0
0.147416 0.447954 0
0.105092 0.449996 0
0.1258 0.430745 0
0.0866142 0.496187 0
0.104876 0.450324 0
0.122439 0.480972 0
0.070733 0.426576 0
0.105154 0.41443 0
0.104766 0.449869 0
0.0368689 0.472418 0
0.0129868 0.441514 0
0.0414967 0.434228 0
0.0453181 0.510627 0
0.0370619 0.47275 0
0.0668375 0.464274 0
0.00705924 0.480908 0
0.012871 0.44167 0
0.0367537 0.472575 0
0.086231 0.496334 0
0.0454832 0.510707 0
0.0670026 0.464352 0
-0.0431274 0.518355 0
-0.0715165 0.47617 0
-0.0330759 0.476536 0
0.0405451 0.401708 0
0.0469416 0.370116 0
0.0838016 0.389556 0
0.0417008 0.433942 0
0.0404834 0.402045 0
0.0703058 0.426481 0
0.0669379 0.463864 0
0.0417901 0.43415 0
0.0703937 0.426688 0
0.012997 0.441277 0
0.0402896 0.402093 0
0.0415084 0.433992 0
0.0668264 0.464018 0
0.0370494 0.472493 0
0.0416778 0.434303 0
0.104639 0.450036 0
0.0671485 0.463917 0
0.0706051 0.426741 0
0.00038624 0.52523 0
-0.0538479 0.565344 0
-0.0429565 0.518816 0
0.0368616 0.472806 0
0.0451191 0.510685 0
0.00716812 0.48114 0
0.0451745 0.511094 0
0.0596735 0.551319 0
0.0010619 0.525158 0
0.00704712 0.481315 0
0.0449982 0.51086 0
0.000884466 0.524922 0
0.0864052 0.496697 0
0.104737 0.53266 0
0.0601565 0.551295 0
-0.0331112 0.476277 0
-0.0715525 0.475909 0
-0.0537547 0.440989 0
0.00670591 0.480911 0
-0.0327483 0.476286 0
-0.0234456 0.438647 0
0.00678615 0.481199 0
0.000624216 0.524807 0
-0.0326671 0.476576 0
0.0235026 0.373819 0
0.0041284 0.347473 0
0.0283987 0.345471 0
-0.00397708 0.408187 0
-0.023495 0.438164 0
-0.0367533 0.404747 0
0.0233813 0.374123 0
-0.0036971 0.407877 0
0.000268578 0.376241 0
0.0126339 0.441313 0
-0.0233294 0.438286 0
-0.00381108 0.40831 0
-0.0236154 0.346055 0
-0.0178403 0.321423 0
0.00381603 0.347301 0
0.000137246 0.375946 0
-0.0235548 0.34624 0
0.00387593 0.347482 0
-0.0301087 0.373653 0
-0.0515958 0.344926 0
-0.0238419 0.346222 0
0.0374425 0.724171 0
0.108618 0.752685 0
0.045328 0.788383 0
0.0564033 0.602612 0
0.0918581 0.638067 0
0.05276 0.658232 0
0.0597412 0.551775 0
0.0561553 0.602032 0
0.0106643 0.570812 0
0.0600589 0.551806 0
0.105126 0.580193 0
0.0564717 0.602063 0
-0.0664408 0.617836 0
-0.143301 0.638536 0
-0.126381 0.581641 0
-0.00816984 0.686322 0
-0.0911488 0.676426 0
-0.0277321 0.630994 0
-0.103699 0.740598 0
-0.173055 0.701768 0
-0.0919545 0.676844 0
-0.123976 0.32647 0
-0.113408 0.362204 0
-0.134501 0.355306 0
-0.0754238 0.340769 0
-0.101628 0.333712 0
-0.0912688 0.308322 0
-0.075399 0.340976 0
-0.0839321 0.370183 0
-0.101604 0.333921 0
-0.0993531 0.400529 0
-0.123427 0.43574 0
-0.126003 0.394496 0
-0.0539258 0.440647 0
-0.0837315 0.442991 0
-0.072111 0.406794 0
-0.0370825 0.404749 0
-0.0537695 0.440518 0
-0.0719546 0.406666 0
-0.0236483 0.438512 0
-0.0329506 0.476151 0
-0.0535938 0.440864 0
-0.0719276 0.475935 0
-0.115118 0.481539 0
-0.0839357 0.443359 0
-0.0539248 0.440878 0
-0.0717222 0.475799 0
-0.08373 0.443223 0
-0.0299926 0.374059 0
-0.00399827 0.407974 0
-0.0367753 0.404531 0
0.0126692 0.441556 0
0.00685801 0.480794 0
-0.023293 0.438531 0
-0.0432222 0.518794 0
-0.0541126 0.565323 0
-0.0787977 0.518654 0
-0.212792 0.450454 0
-0.173815 0.464731 0
-0.189401 0.509436 0
-0.263075 0.47801 0
-0.213238 0.450446 0
-0.233495 0.493844 0
-0.245246 0.432589 0
-0.212352 0.402321 0
-0.213107 0.449988 0
-0.239219 0.331962 0
-0.218069 0.348898 0
-0.239894 0.375592 0
-0.212992 0.450553 0
-0.1896 0.509533 0
-0.233249 0.493949 0
-0.185867 0.413328 0
-0.173804 0.464408 0
-0.21278 0.450131 0
-0.196377 0.36638 0
-0.166141 0.379943 0
-0.185786 0.412765 0
-0.126204 0.394574 0
-0.123627 0.435819 0
-0.159097 0.42408 0
-0.110869 0.529793 0
-0.115232 0.481972 0
-0.0792285 0.518412 0
0.10469 0.450268 0
0.0864289 0.496131 0
0.0672022 0.464151 0
0.225786 0.386556 0
0.217703 0.356054 0
0.261134 0.365346 0
0.271649 0.399223 0
0.225968 0.386701 0
0.261313 0.365491 0
0.234827 0.420415 0
0.203025 0.418347 0
0.225648 0.386948 0
0.202891 0.41823 0
0.195278 0.385688 0
0.225516 0.386832 0
0.211722 0.454274 0
0.202977 0.418572 0
0.23478 0.420641 0
0.172016 0.416124 0
0.195097 0.385786 0
0.202712 0.418328 0
0.147775 0.447965 0
0.171735 0.416497 0
0.166744 0.467962 0
0.12285 0.480872 0
0.147611 0.448181 0
0.166581 0.468179 0
0.104949 0.449882 0
0.105339 0.414443 0
0.125658 0.430633 0
0.142888 0.395316 0
0.127411 0.372077 0
0.156686 0.36732 0
0.147639 0.44784 0
0.126024 0.430634 0
0.1716 0.416373 0
0.10547 0.414066 0
0.127237 0.372233 0
0.142717 0.395474 0
0.187227 0.361707 0
0.193898 0.33724 0
0.217349 0.355877 0
0.157061 0.367253 0
0.187029 0.361906 0
0.194996 0.385434 0
0.157057 0.367093 0
0.193696 0.337279 0
0.187025 0.361744 0
0.171816 0.416047 0
0.143167 0.395526 0
0.194899 0.385712 0
0.127365 0.371898 0
0.129347 0.342268 0
0.156642 0.367142 0
0.33324 0.40315 0
0.30313 0.424234 0
0.304729 0.376876 0
0.333531 0.354623 0
0.371933 0.373336 0
0.333567 0.402906 0
0.396396 0.411945 0
0.437518 0.440847 0
0.400189 0.464294 0
0.303126 0.424776 0
0.336984 0.452089 0
0.300079 0.490277 0
0.226703 0.486489 0
0.265145 0.455751 0
0.299585 0.490495 0
0.333659 0.403358 0
0.395842 0.411779 0
0.337407 0.451756 0
0.104945 0.532424 0
0.0866153 0.496463 0
0.122439 0.481247 0
0.217994 0.544576 0
0.226434 0.486965 0
0.26716 0.544722 0
0.191117 0.644145 0
0.134772 0.606925 0
0.189758 0.574451 0
0.22671 0.486786 0
0.299593 0.490794 0
0.267433 0.544542 0
0.19002 0.573821 0
0.186599 0.51807 0
0.217603 0.544778 0
0.225564 0.386623 0
0.195327 0.38548 0
0.217481 0.356122 0
0.265078 0.455226 0
0.235189 0.420581 0
0.271692 0.399637 0
0.211496 0.454434 0
0.167062 0.467993 0
0.202749 0.418731 0
0.1867 0.517479 0
0.211638 0.454826 0
0.226144 0.486575 0
0.166927 0.467864 0
0.17192 0.416399 0
0.202617 0.418604 0
0.105081 0.450164 0
0.147405 0.448122 0
0.122643 0.48081 0
0.265401 0.455544 0
0.302886 0.424789 0
0.299838 0.490287 0
0.211903 0.454619 0
0.264852 0.455632 0
0.226407 0.486367 0
0.271918 0.399649 0
0.302793 0.424484 0
0.265306 0.45524 0
0.0523627 0.658798 0
0.0370771 0.723516 0
-0.00747319 0.686572 0
-0.0273763 0.630794 0
0.0146541 0.616632 0
-0.00781572 0.68612 0
0.0919861 0.638375 0
0.0947452 0.694517 0
0.0528895 0.658541 0
0.0527058 0.658826 0
0.0945622 0.694803 0
0.0374189 0.723544 0
-0.0075487 0.686213 0
0.0149218 0.616725 0
0.0522893 0.658441 0
0.37143 0.548573 0
0.334648 0.518506 0
0.399763 0.465013 0
0.438197 0.500107 0
0.371779 0.548513 0
0.400108 0.46495 0
0.1917 0.644297 0
0.230149 0.594066 0
0.268502 0.632244 0
0.176033 0.727027 0
0.19139 0.644919 0
0.230284 0.685928 0
0.138025 0.652135 0
0.134599 0.607184 0
0.190944 0.644407 0
0.175724 0.726914 0
0.138163 0.652536 0
0.191081 0.644808 0
0.0922934 0.637821 0
0.105493 0.580495 0
0.134159 0.606923 0
0.144643 0.511893 0
0.10514 0.532476 0
0.122633 0.481298 0
0.189802 0.573857 0
0.152376 0.555504 0
0.18638 0.518106 0
0.229975 0.593539 0
0.190167 0.574074 0
0.217748 0.545031 0
0.229886 0.593872 0
0.191435 0.644102 0
0.190078 0.574406 0
0.105595 0.579973 0
0.105108 0.532953 0
0.151823 0.555574 0
0.144741 0.512141 0
0.151954 0.555346 0
0.10524 0.532726 0
0.166571 0.468392 0
0.144849 0.511678 0
0.122841 0.481085 0
0.186231 0.5179 0
0.152225 0.555296 0
0.145014 0.512092 0
0.211441 0.454766 0
0.186501 0.517416 0
0.167007 0.468323 0
0.226164 0.486876 0
0.217724 0.544485 0
0.186721 0.517779 0
0.145062 0.511801 0
0.166783 0.468514 0
0.18628 0.517608 0
0.134641 0.606628 0
0.152202 0.5558 0
0.189629 0.574155 0
0.0924025 0.638062 0
0.134267 0.607163 0
0.137694 0.652113 0
0.105694 0.580221 0
0.15192 0.555821 0
0.134359 0.606647 0
0.108784 0.752371 0
0.0376084 0.723859 0
0.0947499 0.695117 0
0.0284432 0.345205 0
0.00768909 0.321665 0
0.0330711 0.319873 0
-0.0299356 0.373757 0
-0.0236681 0.346327 0
2.37702e-05 0.376035 0
-0.0177363 0.321341 0
0.00743652 0.321675 0
0.00392034 0.347218 0
0.0285942 0.34527 0
0.0332233 0.319939 0
0.0528356 0.341279 0
-0.115291 0.481406 0
-0.12334 0.436173 0
-0.0841085 0.443226 0
-0.0790978 0.518232 0
-0.115102 0.481792 0
-0.0719116 0.476186 0
-0.111088 0.529813 0
-0.14451 0.524214 0
-0.115452 0.48199 0
-0.245337 0.432341 0
-0.239896 0.376105 0
-0.212442 0.402073 0
-0.185995 0.413118 0
-0.212909 0.449923 0
-0.212153 0.402256 0
-0.196531 0.366454 0
-0.18594 0.412839 0
-0.212098 0.401976 0
-0.159463 0.424238 0
-0.173625 0.464322 0
-0.185688 0.413241 0
-0.358311 0.490582 0
-0.342503 0.531191 0
-0.411302 0.48932 0
-0.373326 0.451823 0
-0.358415 0.490315 0
-0.411406 0.489055 0
-0.373012 0.451802 0
-0.317995 0.482986 0
-0.358102 0.490295 0
-0.281159 0.449536 0
-0.317524 0.482773 0
-0.308768 0.428385 0
-0.263437 0.478464 0
-0.256227 0.54273 0
-0.298363 0.536993 0
-0.0990411 0.400351 0
-0.0839129 0.370624 0
-0.0722625 0.406418 0
-0.083883 0.442858 0
-0.099041 0.400595 0
-0.0722625 0.406659 0
-0.125969 0.39425 0
-0.113297 0.362581 0
-0.0993191 0.400284 0
-0.0536076 0.440624 0
-0.0369201 0.404855 0
-0.0236613 0.438273 0
-0.123286 0.435902 0
-0.0992124 0.400692 0
-0.0840542 0.442956 0
-0.0837593 0.37053 0
-0.053239 0.372256 0
-0.072109 0.406323 0
-0.113157 0.362501 0
-0.0840503 0.370476 0
-0.0991785 0.400205 0
-0.162631 0.343894 0
-0.182136 0.333852 0
-0.169353 0.305181 0
-0.165858 0.379678 0
-0.162461 0.344215 0
-0.134806 0.355423 0
-0.166064 0.379714 0
-0.196299 0.366149 0
-0.162667 0.344251 0
-0.12387 0.326189 0
-0.114323 0.300219 0
-0.101867 0.333637 0
-0.0529415 0.372263 0
-0.0301571 0.373938 0
-0.0369394 0.404412 0
-0.0752366 0.341105 0
-0.0532493 0.372039 0
-0.0837698 0.37031 0
-0.0516933 0.345013 0
-0.0302065 0.37374 0
-0.0529911 0.372063 0
-0.0430505 0.31891 0
-0.0517843 0.344636 0
-0.0673151 0.314549 0
-0.0427917 0.318938 0
-0.0179973 0.321327 0
-0.0237715 0.345961 0
-0.00359802 0.40819 0
0.040138 0.402008 0
0.0128459 0.441191 0
-0.0583668 1.00692 0
-0.141309 0.979688 0
-0.0460794 0.915088 0
0.04108 0.864628 0
0.0374177 0.947083 0
-0.0451475 0.914504 0
-0.0651281 1.10894 0
-0.160368 1.07764 0
-0.058495 1.0079 0
-0.415109 0.885218 0
-0.354243 1.01347 0
-0.449646 0.982097 0
0.0808154 0.334207 0
0.0589996 0.315811 0
0.084243 0.309617 0
0.0286403 0.345438 0
0.0528802 0.341445 0
0.0467979 0.369766 0
0.0236451 0.373893 0
0.028542 0.345546 0
0.0467002 0.369876 0
0.00407458 0.347298 0
0.00759186 0.321756 0
0.028346 0.345298 0
0.0333246 0.319841 0
0.0587349 0.315867 0
0.0529364 0.34118 0
0.0839758 0.36032 0
0.106698 0.352278 0
0.0841446 0.389355 0
0.109371 0.301108 0
0.10796 0.325175 0
0.0845036 0.309539 0
0.109616 0.30101 0
0.13389 0.290349 0
0.131439 0.314783 0
0.083673 0.360221 0
0.0469821 0.369816 0
0.0530657 0.341496 0
0.081055 0.334382 0
0.107939 0.325428 0
0.106769 0.351977 0
0.105086 0.414228 0
0.0706624 0.426373 0
0.0840958 0.389783 0
0.0234085 0.373922 0
0.000294569 0.376038 0
0.00403406 0.347575 0
0.0403438 0.401656 0
0.0236852 0.374082 0
0.0467391 0.370063 0
0.0401751 0.401784 0
-0.00356332 0.407964 0
0.0235155 0.374209 0
0.501485 0.39248 0
0.438057 0.440451 0
0.455248 0.364808 0
0.475147 0.324456 0
0.501607 0.39209 0
0.455372 0.364418 0
0.554384 0.423676 0
0.642755 0.375368 0
0.605781 0.464869 0
0.541746 0.502474 0
0.51901 0.587945 0
0.471601 0.546422 0
0.553671 0.424098 0
0.541933 0.50165 0
0.493279 0.464574 0
0.596345 0.54416 0
0.651213 0.594159 0
0.577965 0.629618 0
0.605585 0.465693 0
0.596073 0.543304 0
0.542451 0.502052 0
0.606016 0.465694 0
0.67155 0.502935 0
0.596508 0.543308 0
0.718845 0.644783 0
0.633531 0.682682 0
0.651809 0.594672 0
0.825904 0.595011 0
0.719804 0.644331 0
0.745572 0.546185 0
0.793375 0.702974 0
0.760311 0.808205 0
0.69452 0.742454 0
0.617036 0.764444 0
0.693628 0.742837 0
0.670233 0.859873 0
0.503045 0.821214 0
0.61616 0.764676 0
0.598706 0.849777 0
0.633328 0.683571 0
0.693505 0.742242 0
0.616913 0.763855 0
0.10947 0.752692 0
0.175531 0.727726 0
0.161847 0.787003 0
-0.322759 0.916399 0
-0.23086 0.945503 0
-0.353203 1.01346 0
-0.200723 0.772403 0
-0.217838 0.852881 0
-0.260877 0.752516 0
-0.235858 0.683018 0
-0.200783 0.771834 0
-0.260938 0.751946 0
-0.173418 0.702087 0
-0.104062 0.740917 0
-0.20005 0.77186 0
-0.230642 0.945936 0
-0.257595 1.04547 0
-0.352984 1.01389 0
-0.13653 0.891726 0
-0.229784 0.944887 0
-0.217519 0.853924 0
-0.142587 0.979919 0
-0.256889 1.04536 0
-0.229935 0.945822 0
0.0704465 0.426332 0
0.0406249 0.401898 0
0.083879 0.389743 0
0.157004 0.366953 0
0.172194 0.320208 0
0.193647 0.337139 0
0.131561 0.315056 0
0.150647 0.331191 0
0.129341 0.341958 0
0.152358 0.304573 0
0.172038 0.319979 0
0.150858 0.331082 0
-0.141693 0.980231 0
-0.0587505 1.00747 0
-0.160626 1.07721 0
0.152168 0.30442 0
0.131582 0.314795 0
0.134033 0.29036 0
0.198837 0.274444 0
0.18046 0.262095 0
0.201622 0.245071 0
0.193523 0.307228 0
0.17498 0.291577 0
0.198792 0.274752 0
0.174935 0.291426 0
0.180369 0.26225 0
0.198749 0.274601 0
0.157812 0.277245 0
0.180232 0.26226 0
0.174797 0.291434 0
0.222067 0.255344 0
0.240562 0.237018 0
0.238369 0.272162 0
0.219415 0.288347 0
0.221995 0.255516 0
0.238299 0.272334 0
0.198977 0.274423 0
0.201759 0.245047 0
0.221807 0.255379 0
0.278031 0.230313 0
0.285651 0.263308 0
0.262078 0.249346 0
0.193974 0.33691 0
0.193703 0.307501 0
0.23315 0.310967 0
0.131354 0.314901 0
0.108116 0.325193 0
0.109528 0.301125 0
0.150723 0.331065 0
0.131639 0.314932 0
0.152223 0.304556 0
0.129199 0.341938 0
0.108183 0.325331 0
0.131418 0.315037 0
0.156719 0.367004 0
0.129427 0.342133 0
0.15073 0.331365 0
0.106689 0.352095 0
0.0839653 0.360136 0
0.0809743 0.334498 0
0.127198 0.371847 0
0.106995 0.352159 0
0.129181 0.342218 0
0.127048 0.372007 0
0.0842896 0.389396 0
0.106843 0.352317 0
0.134122 0.290236 0
0.157581 0.277381 0
0.152254 0.304294 0
0.270411 0.15852 0
0.274468 0.191326 0
0.256248 0.18225 0
0.285592 0.263503 0
0.259959 0.288281 0
0.262016 0.249541 0
0.344796 0.226859 0
0.326552 0.261897 0
0.302709 0.238691 0
0.296964 0.295233 0
0.260077 0.288433 0
0.285709 0.263657 0
0.302511 0.238815 0
0.326354 0.262019 0
0.28595 0.263379 0
0.327965 0.312226 0
0.294523 0.340209 0
0.29722 0.295569 0
0.261984 0.249191 0
0.257852 0.216878 0
0.277938 0.230156 0
0.326812 0.262188 0
0.362773 0.258851 0
0.362741 0.29385 0
0.285931 0.263568 0
0.326339 0.262209 0
0.297188 0.295146 0
0.344995 0.226926 0
0.362713 0.258626 0
0.326755 0.261964 0
0.238504 0.272143 0
0.240694 0.236997 0
0.261796 0.249399 0
0.670714 0.860023 0
0.694107 0.742983 0
0.759899 0.808729 0
0.581384 0.940167 0
0.670223 0.861032 0
0.726141 0.913869 0
0.616458 0.763764 0
0.558213 0.715408 0
0.632875 0.683484 0
0.580956 0.939959 0
0.599146 0.850497 0
0.669798 0.86082 0
0.513489 0.903629 0
0.490148 1.00587 0
0.402764 0.96423 0
0.201837 0.244885 0
0.221529 0.22594 0
0.22188 0.255216 0
0.402383 0.964792 0
0.489769 1.00643 0
0.400534 1.07137 0
0.279948 0.864867 0
0.352297 0.851022 0
0.32554 0.959565 0
0.514084 0.903548 0
0.580073 0.94062 0
0.490742 1.00579 0
0.427125 0.835876 0
0.43343 0.767984 0
0.501859 0.821179 0
0.513612 0.902582 0
0.427395 0.836326 0
0.502127 0.821632 0
0.352908 0.850336 0
0.36149 0.78322 0
0.426387 0.836024 0
0.325949 0.959898 0
0.352704 0.851353 0
0.401676 0.963901 0
0.279847 0.864218 0
0.295874 0.765942 0
0.352199 0.850371 0
0.598624 0.85064 0
0.580435 0.940099 0
0.514448 0.903027 0
0.401748 0.351991 0
0.435202 0.291456 0
0.454904 0.364174 0
0.396462 0.411317 0
0.401616 0.352393 0
0.454776 0.364577 0
0.372257 0.373088 0
0.362955 0.331242 0
0.401228 0.352153 0
0.396182 0.411346 0
0.372368 0.373357 0
0.40134 0.352423 0
0.399854 0.464331 0
0.33763 0.45196 0
0.396063 0.411984 0
0.438416 0.499746 0
0.40033 0.464588 0
0.43766 0.441142 0
0.492547 0.464625 0
0.438727 0.499747 0
0.437968 0.441141 0
0.231085 0.686154 0
0.310847 0.674967 0
0.295573 0.76476 0
0.450098 0.617913 0
0.441857 0.689564 0
0.395597 0.652145 0
0.219189 0.824477 0
0.295427 0.765857 0
0.279401 0.86413 0
0.22455 0.752288 0
0.176146 0.727388 0
0.230395 0.686288 0
0.219005 0.824103 0
0.224911 0.752877 0
0.295246 0.765484 0
0.21856 0.824176 0
0.162376 0.787327 0
0.224464 0.75295 0
0.0953089 0.694795 0
0.137841 0.652703 0
0.175404 0.727083 0
0.191702 0.644604 0
0.268503 0.632552 0
0.230595 0.685611 0
0.495528 0.741102 0
0.442404 0.690005 0
0.513545 0.660883 0
0.502502 0.820692 0
0.495875 0.741723 0
0.557373 0.715796 0
0.433458 0.767232 0
0.442134 0.690362 0
0.495259 0.741458 0
0.557411 0.715258 0
0.495914 0.741188 0
0.51393 0.660966 0
0.402011 0.963488 0
0.353044 0.850939 0
0.426521 0.83663 0
0.394833 0.652094 0
0.311583 0.674362 0
0.351751 0.617541 0
0.426655 0.835747 0
0.361759 0.782943 0
0.43296 0.767857 0
0.296037 0.764872 0
0.31131 0.675076 0
0.369279 0.718962 0
0.41208 0.582074 0
0.470937 0.546787 0
0.45025 0.617201 0
0.395496 0.651787 0
0.411826 0.582426 0
0.449997 0.617553 0
0.269296 0.632106 0
0.307767 0.579688 0
0.351319 0.617158 0
0.230995 0.685712 0
0.268902 0.632651 0
0.310758 0.674524 0
0.230539 0.593849 0
0.307363 0.579611 0
0.268889 0.632027 0
0.334197 0.518268 0
0.300184 0.49059 0
0.337088 0.452403 0
0.308052 0.579082 0
0.334338 0.518887 0
0.371123 0.548956 0
0.307704 0.579068 0
0.267821 0.544946 0
0.333993 0.518875 0
0.471294 0.546806 0
0.518704 0.58833 0
0.450609 0.617223 0
0.438236 0.5005 0
0.411708 0.581691 0
0.371818 0.548903 0
0.398963 0.312155 0
0.362919 0.330845 0
0.362984 0.294258 0
0.434999 0.291019 0
0.399319 0.311955 0
0.39716 0.274119 0
0.401317 0.351949 0
0.363047 0.331038 0
0.399093 0.312349 0
0.333777 0.403096 0
0.372142 0.373527 0
0.395956 0.411515 0
0.33334 0.402916 0
0.304832 0.376642 0
0.333307 0.354635 0
0.0922707 0.638355 0
0.137562 0.652406 0
0.0950286 0.694496 0
0.333348 0.403401 0
0.337094 0.451797 0
0.303239 0.424485 0
0.438567 0.50049 0
0.470897 0.546394 0
0.412042 0.581683 0
0.127041 0.372214 0
0.105274 0.414046 0
0.0842858 0.389603 0
0.10693 0.352003 0
0.1081 0.325454 0
0.129118 0.342063 0
0.0470869 0.369979 0
0.0837755 0.36038 0
0.0839465 0.389416 0
0.0809789 0.334239 0
0.0844076 0.309648 0
0.107865 0.325287 0
0.0531795 0.341378 0
0.080794 0.334462 0
0.0837864 0.360101 0
0.0530949 0.341228 0
0.0588946 0.315916 0
0.0807113 0.334314 0
0.235057 0.420352 0
0.225878 0.386884 0
0.271562 0.399408 0
0.150873 0.331291 0
0.172051 0.320189 0
0.15686 0.366931 0
0.19379 0.30734 0
0.219305 0.288648 0
0.233233 0.310803 0
0.172319 0.320009 0
0.193498 0.307532 0
0.193769 0.336938 0
0.172255 0.319857 0
0.174889 0.291727 0
0.193436 0.30738 0
0.174752 0.291718 0
0.172117 0.319847 0
0.15244 0.304442 0
0.157717 0.277384 0
0.174705 0.291576 0
0.15239 0.304299 0
0.19894 0.27474 0
0.21919 0.288527 0
0.193672 0.307219 0
0.211932 0.454399 0
0.234987 0.420764 0
0.26488 0.45541 0
0.19485 0.385548 0
0.143116 0.395363 0
0.156913 0.367365 0
0.194055 0.337072 0
0.233228 0.311129 0
0.217502 0.355708 0
0.261858 0.249213 0
0.24076 0.236812 0
0.257729 0.216902 0
0.242488 0.338794 0
0.266717 0.321473 0
0.261351 0.36507 0
0.233388 0.311132 0
0.24223 0.338728 0
0.217665 0.355714 0
0.233553 0.311016 0
0.266625 0.321291 0
0.242394 0.338613 0
0.238337 0.27252 0
0.23338 0.310686 0
0.219454 0.288531 0
0.26689 0.321478 0
0.2942 0.340472 0
0.261526 0.365076 0
0.2598 0.288678 0
0.266682 0.321123 0
0.233613 0.310849 0
0.260012 0.288625 0
0.296903 0.295426 0
0.266895 0.321072 0
0.261859 0.249572 0
0.2598 0.288309 0
0.238568 0.272315 0
0.297017 0.2956 0
0.294317 0.340238 0
0.26701 0.321245 0
0.302684 0.23853 0
0.318718 0.213669 0
0.344767 0.226696 0
0.278165 0.230276 0
0.30235 0.238708 0
0.285787 0.263273 0
0.278199 0.230071 0
0.295288 0.202069 0
0.30238 0.238503 0
0.333177 0.354425 0
0.304701 0.376433 0
0.294564 0.340619 0
0.362583 0.331046 0
0.333483 0.35418 0
0.328312 0.312391 0
0.36273 0.33125 0
0.372029 0.373095 0
0.33363 0.354383 0
0.219283 0.288353 0
0.199036 0.274568 0
0.221864 0.255525 0
0.221658 0.225911 0
0.240506 0.236862 0
0.222011 0.25519 0
0.22172 0.225744 0
0.239743 0.205024 0
0.240564 0.236694 0
0.777388 0.447422 0
0.857398 0.486491 0
0.745874 0.545169 0
0.672621 0.50288 0
0.77677 0.447481 0
0.745251 0.54522 0
0.802572 0.342092 0
0.887209 0.377066 0
0.777682 0.446382 0
0.239916 0.204811 0
0.25609 0.182491 0
0.257706 0.216571 0
0.287972 0.16861 0
0.274576 0.191281 0
0.270515 0.158474 0
0.282561 0.133353 0
0.287998 0.168417 0
0.270544 0.158279 0
0.295195 0.201911 0
0.278106 0.229915 0
0.274624 0.19163 0
0.288055 0.168756 0
0.295226 0.201706 0
0.274659 0.191425 0
0.308062 0.180231 0
0.31857 0.213391 0
0.295441 0.201817 0
0.501613 0.392814 0
0.492758 0.464266 0
0.438182 0.440783 0
0.793679 0.701934 0
0.719965 0.644848 0
0.826067 0.595539 0
0.670823 0.860592 0
0.760009 0.809306 0
0.726739 0.913436 0
0.599266 0.849909 0
0.616718 0.764804 0
0.669917 0.860229 0
0.633672 0.683173 0
0.718987 0.64528 0
0.693847 0.741846 0
0.651337 0.594625 0
0.633058 0.682631 0
0.578088 0.630081 0
0.519546 0.588362 0
0.595904 0.544142 0
0.577522 0.629597 0
0.672201 0.503371 0
0.744832 0.545711 0
0.652027 0.593744 0
0.719521 0.645341 0
0.793237 0.702422 0
0.694384 0.741911 0
0.302144 0.141455 0
0.288107 0.168361 0
0.282664 0.133295 0
0.2745 0.191681 0
0.277979 0.229964 0
0.257896 0.216686 0
0.256203 0.182445 0
0.274427 0.19152 0
0.257823 0.216528 0
0.288165 0.168717 0
0.30796 0.18008 0
0.295339 0.201668 0
0.379951 0.173315 0
0.420064 0.167731 0
0.404403 0.204902 0
0.379722 0.172938 0
0.362556 0.125836 0
0.39239 0.133702 0
0.318826 0.213498 0
0.334896 0.187715 0
0.344874 0.226527 0
0.324884 0.150659 0
0.335922 0.118868 0
0.350342 0.161129 0
0.30235 0.141552 0
0.32463 0.150797 0
0.308107 0.17982 0
0.312641 0.112312 0
0.292531 0.106917 0
0.29995 0.0802881 0
0.373577 0.0795193 0
0.379079 0.0429386 0
0.409465 0.0499463 0
0.382869 0.105894 0
0.373565 0.0798682 0
0.402764 0.0907405 0
0.362567 0.125611 0
0.382797 0.10619 0
0.392399 0.133478 0
0.362507 0.125432 0
0.373433 0.0799845 0
0.382734 0.106011 0
0.362244 0.125524 0
0.33602 0.11856 0
0.342727 0.0946351 0
0.335193 0.187544 0
0.379567 0.173418 0
0.373686 0.215986 0
0.46536 0.152609 0
0.420444 0.167389 0
0.432445 0.12319 0
0.450464 0.201693 0
0.40464 0.204996 0
0.4203 0.167827 0
0.47543 0.324268 0
0.539727 0.308649 0
0.501894 0.391904 0
0.464289 0.255652 0
0.494271 0.283443 0
0.435542 0.290862 0
0.493539 0.21907 0
0.541254 0.237985 0
0.494726 0.283145 0
0.465708 0.152898 0
0.505504 0.175235 0
0.450956 0.201543 0
0.677789 0.206475 0
0.621346 0.167156 0
0.6995 0.111562 0
0.727903 0.303768 0
0.678312 0.207289 0
0.750111 0.218503 0
0.580498 0.203188 0
0.566382 0.148696 0
0.620574 0.167269 0
0.595866 0.258848 0
0.580596 0.203557 0
0.620678 0.167639 0
0.54141 0.237669 0
0.493694 0.218754 0
0.5413 0.189034 0
0.541671 0.188684 0
0.566119 0.148768 0
0.580232 0.20326 0
0.541702 0.237618 0
0.541589 0.188983 0
0.58015 0.203558 0
0.50598 0.175122 0
0.517577 0.131942 0
0.54126 0.188534 0
0.517727 0.131531 0
0.526795 0.0927275 0
0.565858 0.148207 0
0.47463 0.116675 0
0.517217 0.131625 0
0.465826 0.152468 0
0.579303 0.0867389 0
0.633985 0.110322 0
0.566425 0.148115 0
0.435059 0.290783 0
0.397222 0.273883 0
0.417402 0.241499 0
0.362749 0.294259 0
0.36268 0.330845 0
0.328412 0.312189 0
0.326695 0.262367 0
0.362626 0.294028 0
0.328291 0.311961 0
0.363007 0.258891 0
0.396799 0.273951 0
0.362978 0.29389 0
0.417163 0.24139 0
0.396981 0.273775 0
0.36319 0.258714 0
0.450457 0.201938 0
0.417479 0.240972 0
0.404629 0.205242 0
0.450657 0.202107 0
0.464082 0.255214 0
0.417678 0.241139 0
0.435017 0.291281 0
0.401561 0.351817 0
0.399334 0.312216 0
0.294325 0.340657 0
0.304461 0.376469 0
0.261653 0.36526 0
0.21776 0.355895 0
0.242323 0.338909 0
0.261188 0.365185 0
0.328086 0.312423 0
0.333254 0.35421 0
0.294645 0.340405 0
0.240686 0.236664 0
0.239862 0.204993 0
0.257656 0.216752 0
0.295421 0.202013 0
0.318553 0.213586 0
0.302517 0.238449 0
0.292439 0.107193 0
0.302157 0.14125 0
0.28268 0.133089 0
0.373375 0.0795588 0
0.349509 0.0612166 0
0.378878 0.0429754 0
0.379579 0.17303 0
0.350615 0.161227 0
0.362419 0.125929 0
0.420022 0.167493 0
0.379914 0.173076 0
0.392583 0.133843 0
0.373569 0.216164 0
0.345059 0.226536 0
0.335076 0.187724 0
0.404247 0.205064 0
0.37392 0.216045 0
0.379798 0.173478 0
0.404374 0.20529 0
0.41722 0.24102 0
0.374043 0.216271 0
0.342585 0.094505 0
0.335879 0.118432 0
0.319988 0.0870099 0
0.373252 0.0797304 0
0.34281 0.094289 0
0.34939 0.0613895 0
0.373299 0.0799448 0
0.362372 0.125394 0
0.342851 0.0945047 0
0.288191 0.168515 0
0.30223 0.141612 0
0.307982 0.179879 0
0.312734 0.112245 0
0.300038 0.0802208 0
0.319769 0.0869406 0
0.826366 0.594485 0
0.746037 0.545657 0
0.857564 0.486989 0
0.342652 0.0942143 0
0.325838 0.0568824 0
0.349231 0.0613125 0
0.312853 0.112372 0
0.31989 0.0870699 0
0.335778 0.118491 0
0.324759 0.150497 0
0.312868 0.112586 0
0.335796 0.118704 0
0.30226 0.141182 0
0.292536 0.107123 0
0.31265 0.112515 0
0.300014 0.0800206 0
0.305041 0.0529084 0
0.319743 0.0867427 0
0.375667 0.00512116 0
0.350461 0.00241645 0
0.348971 -0.0223121 0
0.40672 0.0178261 0
0.379079 0.0425823 0
0.375957 0.00538911 0
0.433585 -0.0301203 0
0.436779 0.0110135 0
0.403742 -0.0141589 0
0.402831 0.0909198 0
0.392537 0.133362 0
0.382932 0.106074 0
0.444321 0.0577693 0
0.403094 0.0904785 0
0.409784 0.0500335 0
0.432142 0.12287 0
0.392701 0.133417 0
0.402995 0.090977 0
0.352072 0.036128 0
0.350472 0.00261255 0
0.375677 0.00531546 0
0.378895 0.0426451 0
0.352165 0.0362628 0
0.375775 0.00544936 0
0.349261 0.0611188 0
0.325868 0.0566865 0
0.3519 0.0364958 0
0.334772 0.187558 0
0.318703 0.213344 0
0.308192 0.180182 0
0.32474 0.150952 0
0.334791 0.18735 0
0.308215 0.179973 0
0.350523 0.161433 0
0.379488 0.173234 0
0.335118 0.187361 0
0.328196 0.0305164 0
0.305094 0.0525337 0
0.307702 0.0251815 0
0.312759 0.112663 0
0.324644 0.150573 0
0.302367 0.141326 0
0.325742 0.0569677 0
0.342551 0.0942999 0
0.319956 0.0868025 0
0.362271 0.125746 0
0.35047 0.161046 0
0.336045 0.118784 0
0.319832 0.0866646 0
0.305123 0.0528305 0
0.325615 0.0568274 0
0.505598 0.175455 0
0.493273 0.218589 0
0.451046 0.201764 0
0.517323 0.131821 0
0.505727 0.175001 0
0.465929 0.152664 0
0.517776 0.131853 0
0.565908 0.148528 0
0.541463 0.188445 0
0.502264 0.391977 0
0.540093 0.308722 0
0.584834 0.346035 0
0.464337 0.255139 0
0.450907 0.202032 0
0.493135 0.218856 0
0.494466 0.283203 0
0.464482 0.255411 0
0.493283 0.219129 0
0.435284 0.290722 0
0.417625 0.241437 0
0.464031 0.255511 0
0.558846 0.00592411 0
0.518145 -0.0515374 0
0.565251 -0.0512987 0
0.436708 0.0113863 0
0.409772 0.0496345 0
0.407027 0.0178699 0
0.470127 -0.0237606 0
0.437001 0.01098 0
0.433808 -0.030152 0
0.48418 0.066573 0
0.526376 0.0924027 0
0.474723 0.116256 0
0.444808 0.057912 0
0.483906 0.0664571 0
0.474451 0.116141 0
0.473333 0.0146951 0
0.513016 0.000848074 0
0.484133 0.0659258 0
0.437047 0.0114027 0
0.472946 0.0147013 0
0.444649 0.0573867 0
0.470662 -0.0238668 0
0.517675 -0.0514656 0
0.513118 0.000327561 0
0.316263 -0.0808152 0
0.322317 -0.0558636 0
0.301225 -0.0569226 0
0.333368 -0.102358 0
0.316324 -0.0811322 0
0.308313 -0.10533 0
0.333477 -0.10227 0
0.340756 -0.0790226 0
0.316431 -0.0810428 0
0.372384 -0.146729 0
0.40296 -0.151616 0
0.386229 -0.112506 0
0.357141 -0.110941 0
0.37223 -0.146594 0
0.386075 -0.112368 0
0.344276 -0.142632 0
0.351481 -0.185897 0
0.372071 -0.146945 0
0.371491 -0.0417002 0
0.375741 0.00497196 0
0.34904 -0.0224603 0
0.897023 -0.0569347 0
0.840178 -0.147181 0
0.918266 -0.159048 0
0.964688 0.0468476 0
0.897667 -0.055952 0
0.986355 -0.0606501 0
0.877715 0.0371532 0
0.800124 0.0269155 0
0.816336 -0.0531339 0
0.56575 -0.0512758 0
0.61572 -0.0644716 0
0.610131 0.0255901 0
0.512968 0.00054916 0
0.473287 0.0143943 0
0.470515 -0.0236459 0
0.55867 0.00609857 0
0.513413 0.000427899 0
0.517973 -0.0513648 0
0.542679 0.049964 0
0.526605 0.0921805 0
0.484405 0.0663505 0
0.558753 0.00643649 0
0.542886 0.0494583 0
0.513497 0.000767003 0
0.559077 0.00652177 0
0.60986 0.0261664 0
0.543207 0.0495433 0
0.566066 0.148057 0
0.526998 0.092577 0
0.578944 0.0866791 0
0.517421 0.131425 0
0.474832 0.116474 0
0.526489 0.0926199 0
0.473106 0.0148847 0
0.483901 0.0661175 0
0.444803 0.0575705 0
0.378805 0.0428311 0
0.349439 0.0610714 0
0.352077 0.0364505 0
0.406834 0.0179744 0
0.409578 0.0497409 0
0.379189 0.0427315 0
0.40345 -0.0140196 0
0.406803 0.0176366 0
0.376036 0.00519894 0
0.403655 -0.0139986 0
0.436687 0.0111742 0
0.407006 0.0176562 0
0.409548 0.0501057 0
0.402855 0.0905533 0
0.373654 0.0796795 0
0.465542 0.15244 0
0.432624 0.123019 0
0.474346 0.116646 0
0.465423 0.152872 0
0.45067 0.201519 0
0.420503 0.167652 0
0.404711 -0.215775 0
0.439377 -0.212574 0
0.428761 -0.175698 0
0.37085 -0.224635 0
0.40433 -0.21586 0
0.383793 -0.189477 0
0.351606 -0.186311 0
0.370672 -0.224536 0
0.383617 -0.189378 0
0.357302 -0.260566 0
0.383755 -0.275029 0
0.370691 -0.225071 0
0.42974 -0.257829 0
0.439381 -0.21285 0
0.404712 -0.216049 0
0.468536 -0.23942 0
0.500508 -0.201362 0
0.467055 -0.180802 0
0.416901 -0.427365 0
0.378471 -0.476989 0
0.423236 -0.500633 0
0.455665 -0.376712 0
0.417287 -0.426881 0
0.461193 -0.45623 0
0.38129 -0.399068 0
0.370644 -0.350243 0
0.339099 -0.384299 0
0.455499 -0.376398 0
0.411536 -0.362786 0
0.41712 -0.426567 0
0.455681 -0.376029 0
0.471257 -0.316527 0
0.41172 -0.362418 0
0.429989 -0.258153 0
0.449796 -0.285836 0
0.468242 -0.23996 0
0.582805 -0.139422 0
0.56143 -0.178434 0
0.610681 -0.187214 0
0.582784 -0.138736 0
0.615575 -0.0651671 0
0.549682 -0.0951108 0
0.454419 -0.116376 0
0.418799 -0.11425 0
0.42886 -0.175038 0
0.54909 -0.0949184 0
0.517906 -0.0520195 0
0.503448 -0.0942399 0
0.398886 -0.0747232 0
0.401378 -0.0447815 0
0.37174 -0.0420405 0
0.471448 -0.0707886 0
0.433801 -0.0305908 0
0.433464 -0.0727812 0
0.444641 0.0581003 0
0.474276 0.11633 0
0.432558 0.122702 0
0.436836 0.0115192 0
0.444435 0.0575053 0
0.409896 0.0497678 0
0.437131 0.0111303 0
0.470261 -0.0236115 0
0.473032 0.0144301 0
0.52306 -0.46114 0
0.461654 -0.456752 0
0.487557 -0.498589 0
0.503608 -0.339952 0
0.499759 -0.410957 0
0.537906 -0.365133 0
0.455939 -0.376658 0
0.461468 -0.456179 0
0.499344 -0.411383 0
0.403213 -0.314668 0
0.411543 -0.362212 0
0.471081 -0.316321 0
0.402877 -0.314781 0
0.370958 -0.349888 0
0.411206 -0.362323 0
0.553536 0.423732 0
0.493146 0.46421 0
0.501997 0.392756 0
0.703584 0.412682 0
0.606284 0.464833 0
0.643253 0.37533 0
0.671705 0.503367 0
0.651528 0.593735 0
0.59666 0.543736 0
0.719219 0.644326 0
0.652184 0.594214 0
0.744991 0.546187 0
0.595785 0.543714 0
0.519429 0.587938 0
0.542161 0.502463 0
0.595463 0.259433 0
0.540261 0.307918 0
0.541747 0.238203 0
0.580332 0.203793 0
0.595597 0.259084 0
0.541881 0.237853 0
0.659918 0.274645 0
0.585552 0.34548 0
0.596011 0.259681 0
0.324879 0.150889 0
0.35034 0.161358 0
0.334934 0.187288 0
0.417083 0.241197 0
0.363114 0.258522 0
0.373905 0.21645 0
0.326479 0.262372 0
0.328071 0.311965 0
0.29733 0.295308 0
0.373666 0.216402 0
0.362871 0.258474 0
0.345152 0.226773 0
0.396921 0.27413 0
0.399077 0.311965 0
0.363099 0.294068 0
0.50319 -0.0941599 0
0.517647 -0.0519382 0
0.471962 -0.0709307 0
0.454844 -0.115961 0
0.502978 -0.094374 0
0.471753 -0.0711465 0
0.488587 -0.135621 0
0.532925 -0.137104 0
0.503296 -0.0946615 0
0.549407 -0.0953532 0
0.533395 -0.137118 0
0.582506 -0.138976 0
0.518112 -0.0518758 0
0.549298 -0.0947761 0
0.565218 -0.0516363 0
0.503498 -0.094525 0
0.53313 -0.13697 0
0.549142 -0.0952035 0
0.466969 -0.180173 0
0.488204 -0.135838 0
0.454776 -0.116465 0
0.467122 -0.180455 0
0.500574 -0.201016 0
0.488359 -0.136123 0
0.56117 -0.178268 0
0.582546 -0.139255 0
0.533433 -0.137396 0
0.654987 -0.218593 0
0.641469 -0.129891 0
0.611192 -0.187317 0
0.471573 -0.070626 0
0.470245 -0.0240344 0
0.433922 -0.0304262 0
0.488325 -0.135551 0
0.503035 -0.0945906 0
0.454897 -0.116177 0
0.517536 -0.0517029 0
0.470525 -0.0241063 0
0.471855 -0.0706962 0
0.488578 -0.135978 0
0.500797 -0.200873 0
0.532919 -0.137462 0
0.543274 0.0498111 0
0.609929 0.0264327 0
0.579145 0.0861293 0
0.484363 0.0660428 0
0.51325 0.00096558 0
0.542634 0.0496584 0
0.565562 -0.0510396 0
0.609938 0.0258287 0
0.559152 0.006184 0
0.852005 0.14142 0
0.915152 0.266493 0
0.828008 0.244482 0
0.887397 0.377551 0
0.857873 0.485928 0
0.777865 0.446861 0
0.392756 0.133674 0
0.432202 0.123126 0
0.4202 0.167326 0
CELLS 2326 9304
3 0 1 2
3 3 4 5
3 6 7 8
3 9 10 11
3 12 13 14
3 15 16 17
3 18 19 20
3 21 22 23
3 24 25 26
3 27 28 29
3 30 31 32
3 33 34 35
3 36 37 38
3 39 40 41
3 42 43 44
3 45 46 47
3 48 49 50
3 51 52 53
3 54 55 56
3 57 58 59
3 60 61 62
3 63 64 65
3 66 67 68
3 69 70 71
3 72 73 74
3 75 76 77
3 78 79 80
3 81 82 83
3 84 85 86
3 87 88 89
3 90 91 92
3 93 94 95
3 96 97 98
3 99 100 101
3 102 103 104
3 105 106 107
3 108 109 110
3 111 112 113
3 114 115 116
3 117 118 119
3 120 121 122
3 123 124 125
3 126 127 128
3 129 130 131
3 132 133 134
3 135 136 137
3 138 139 140
3 141 142 143
3 144 145 146
3 147 148 149
3 150 151 152
3 153 154 155
3 156 157 158
3 159 160 161
3 162 163 164
3 165 166 167
3 168 169 170
3 171 172 173
3 174 175 176
3 177 178 179
3 180 181 182
3 183 184 185
3 186 187 188
3 189 190 191
3 192 193 194
3 195 196 197
3 198 199 200
3 201 202 203
3 204 205 206
3 207 208 209
3 210 211 212
3 213 214 215
3 216 217 218
3 219 220 221
3 222 223 224
3 225 226 227
3 228 229 230
3 231 232 233
3 234 235 236
3 237 238 239
3 240 241 242
3 243 244 245
3 246 247 248
3 249 250 251
3 252 253 254
3 255 256 257
3 258 259 260
3 261 262 263
3 264 265 266
3 267 268 269
3 270 271 272
3 273 274 275
3 276 277 278
3 279 280 281
3 282 283 284
3 285 286 287
3 288 289 290
3 291 292 293
3 294 295 296
3 297 298 299
3 300 301 302
3 303 304 305
3 306 307 308
3 309 310 311
3 312 313 314
3 315 316 317
3 318 319 320
3 321 322 323
3 324 325 326
3 327 328 329
3 330 331 332
3 333 334 335
3 336 337 338
3 339 340 341
3 342 343 344
3 345 346 347
3 348 349 350
3 351 352 353
3 354 355 356
3 357 358 359
3 360 361 362
3 363 364 365
3 366 367 368
3 369 370 371
3 372 373 374
3 375 376 377
3 378 379 380
3 381 382 383
3 384 385 386
3 387 388 389
3 390 391 392
3 393 394 395
3 396 397 398
3 399 400 401
3 402 403 404
3 405 406 407
3 408 409 410
3 411 412 413
3 414 415 416
3 417 418 419
3 420 421 422
3 423 424 425
3 426 427 428
3 429 430 431
3 432 433 434
3 435 436 437
3 438 439 440
3 441 442 443
3 444 445 446
3 447 448 449
3 450 451 452
3 453 454 455
3 456 457 458
3 459 460 461
3 462 463 464
3 465 466 467
3 468 469 470
3 471 472 473
3 474 475 476
3 477 478 479
3 480 481 482
3 483 484 485
3 486 487 488
3 489 490 491
3 492 493 494
3 495 496 497
3 498 499 500
3 501 502 503
3 504 505 506
3 507 508 509
3 510 511 512
3 513 514 515
3 516 517 518
3 519 520 521
3 522 523 524
3 525 526 527
3 528 529 530
3 531 532 533
3 534 535 536
3 537 538 539
3 540 541 542
3 543 544 545
3 546 547 548
3 549 550 551
3 552 553 554
3 555 556 557
3 558 559 560
3 561 562 563
3 564 565 566
3 567 568 569
3 570 571 572
3 573 574 575
3 576 577 578
3 579 580 581
3 582 583 584
3 585 586 587
3 588 589 590
3 591 592 593
3 594 595 596
3 597 598 599
3 600 601 602
3 603 604 605
3 606 607 608
3 609 610 611
3 612 613 614
3 615 616 617
3 618 619 620
3 621 622 623
3 624 625 626
3 627 628 629
3 630 631 632
3 633 634 635
3 636 637 638
3 639 640 641
3 642 643 644
3 645 646 647
3 648 649 650
3 651 652 653
3 654 655 656
3 657 658 659
3 660 661 662
3 663 664 665
3 666 667 668
3 669 670 671
3 672 673 674
3 675 676 677
3 678 679 680
3 681 682 683
3 684 685 686
3 687 688 689
3 690 691 692
3 693 694 695
3 696 697 698
3 699 700 701
3 702 703 704
3 705 706 707
3 708 709 710
3 711 712 713
3 714 715 716
3 717 718 719
3 720 721 722
3 723 724 725
3 726 727 728
3 729 730 731
3 732 733 734
3 735 736 737
3 738 739 740
3 741 742 743
3 744 745 746
3 747 748 749
3 750 751 752
3 753 754 755
3 756 757 758
3 759 760 761
3 762 763 764
3 765 766 767
3 768 769 770
3 771 772 773
3 774 775 776
3 777 778 779
3 780 781 782
3 783 784 785
3 786 787 788
3 789 790 791
3 792 793 794
3 795 796 797
3 798 799 800
3 801 802 803
3 804 805 806
3 807 808 809
3 810 811 812
3 813 814 815
3 816 817 818
3 819 820 821
3 822 823 824
3 825 826 827
3 828 829 830
3 831 832 833
3 834 835 836
3 837 838 839
3 840 841 842
3 843 844 845
3 846 847 848
3 849 850 851
3 852 853 854
3 855 856 857
3 858 859 860
3 861 862 863
3 864 865 866
3 867 868 869
3 870 871 872
3 873 874 875
3 876 877 878
3 879 880 881
3 882 883 884
3 885 886 887
3 888 889 890
3 891 892 893
3 894 895 896
3 897 898 899
3 900 901 902
3 903 904 905
3 906 907 908
3 909 910 911
3 912 913 914
3 915 916 917
3 918 919 920
3 921 922 923
3 924 925 926
3 927 928 929
3 930 931 932
3 933 934 935
3 936 937 938
3 939 940 941
3 942 943 944
3 945 946 947
3 948 949 950
3 951 952 953
3 954 955 956
3 957 958 959
3 960 961 962
3 963 964 965
3 966 967 968
3 969 970 971
3 972 973 974
3 975 976 977
3 978 979 980
3 981 982 983
3 984 985 986
3 987 988 989
3 990 991 992
3 993 994 995
3 996 997 998
3 999 1000 1001
3 1002 1003 1004
3 1005 1006 1007
3 1008 1009 1010
3 1011 1012 1013
3 1014 1015 1016
3 1017 1018 1019
3 1020 1021 1022
3 1023 1024 1025
3 1026 1027 1028
3 1029 1030 1031
3 1032 1033 1034
3 1035 1036 1037
3 1038 1039 1040
3 1041 1042 1043
3 1044 1045 1046
3 1047 1048 1049
3 1050 1051 1052
3 1053 1054 1055
3 1056 1057 1058
3 1059 1060 1061
3 1062 1063 1064
3 1065 1066 1067
3 1068 1069 1070
3 1071 1072 1073
3 1074 1075 1076
3 1077 1078 1079
3 1080 1081 1082
3 1083 1084 1085
3 1086 1087 1088
3 1089 1090 1091
3 1092 1093 1094
3 1095 1096 1097
3 1098 1099 1100
3 1101 1102 1103
3 1104 1105 1106
3 1107 1108 1109
3 1110 1111 1112
3 1113 1114 1115
3 1116 1117 1118
3 1119 1120 1121
3 1122 1123 1124
3 1125 1126 1127
3 1128 1129 1130
3 1131 1132 1133
3 1134 1135 1136
3 1137 1138 1139
3 1140 1141 1142
3 1143 1144 1145
3 1146 1147 1148
3 1149 1150 1151
3 1152 1153 1154
3 1155 1156 1157
3 1158 1159 1160
3 1161 1162 1163
3 1164 1165 1166
3 1167 1168 1169
3 1170 1171 1172
3 1173 1174 1175
3 1176 1177 1178
3 1179 1180 1181
3 1182 1183 1184
3 1185 1186 1187
3 1188 1189 1190
3 1191 1192 1193
3 1194 1195 1196
3 1197 1198 1199
3 1200 1201 1202
3 1203 1204 1205
3 1206 1207 1208
3 1209 1210 1211
3 1212 1213 1214
3 1215 1216 1217
3 1218 1219 1220
3 1221 1222 1223
3 1224 1225 1226
3 1227 1228 1229
3 1230 1231 1232
3 1233 1234 1235
3 1236 1237 1238
3 1239 1240 1241
3 1242 1243 1244
3 1245 1246 1247
3 1248 1249 1250
3 1251 1252 1253
3 1254 1255 1256
3 1257 1258 1259
3 1260 1261 1262
3 1263 1264 1265
3 1266 1267 1268
3 1269 1270 1271
3 1272 1273 1274
3 1275 1276 1277
3 1278 1279 1280
3 1281 1282 1283
3 1284 1285 1286
3 1287 1288 1289
3 1290 1291 1292
3 1293 1294 1295
3 1296 1297 1298
3 1299 1300 1301
3 1302 1303 1304
3 1305 1306 1307
3 1308 1309 1310
3 1311 1312 1313
3 1314 1315 1316
3 1317 1318 1319
3 1320 1321 1322
3 1323 1324 1325
3 1326 1327 1328
3 1329 1330 1331
3 1332 1333 1334
3 1335 1336 1337
3 1338 1339 1340
3 1341 1342 1343
3 1344 1345 1346
3 1347 1348 1349
3 1350 1351 1352
3 1353 1354 1355
3 1356 1357 1358
3 1359 1360 1361
3 1362 1363 1364
3 1365 1366 1367
3 1368 1369 1370
3 1371 1372 1373
3 1374 1375 1376
3 1377 1378 1379
3 1380 1381 1382
3 1383 1384 1385
3 1386 1387 1388
3 1389 1390 1391
3 1392 1393 1394
3 1395 1396 1397
3 1398 1399 1400
3 1401 1402 1403
3 1404 1405 1406
3 1407 1408 1409
3 1410 1411 1412
3 1413 1414 1415
3 1416 1417 1418
3 1419 1420 1421
3 1422 1423 1424
3 1425 1426 1427
3 1428 1429 1430
3 1431 1432 1433
3 1434 1435 1436
3 1437 1438 1439
3 1440 1441 1442
3 1443 1444 1445
3 1446 1447 1448
3 1449 1450 1451
3 1452 1453 1454
3 1455 1456 1457
3 1458 1459 1460
3 1461 1462 1463
3 1464 1465 1466
3 1467 1468 1469
3 1470 1471 1472
3 1473 1474 1475
3 1476 1477 1478
3 1479 1480 1481
3 1482 1483 1484
3 1485 1486 1487
3 1488 1489 1490
3 1491 1492 1493
3 1494 1495 1496
3 1497 1498 1499
3 1500 1501 1502
3 1503 1504 1505
3 1506 1507 1508
3 1509 1510 1511
3 1512 1513 1514
3 1515 1516 1517
3 1518 1519 1520
3 1521 1522 1523
3 1524 1525 1526
3 1527 1528 1529
3 1530 1531 1532
3 1533 1534 1535
3 1536 1537 1538
3 1539 1540 1541
3 1542 1543 1544
3 1545 1546 1547
3 1548 1549 1550
3 1551 1552 1553
3 1554 1555 1556
3 1557 1558 1559
3 1560 1561 1562
3 1563 1564 1565
3 1566 1567 1568
3 1569 1570 1571
3 1572 1573 1574
3 1575 1576 1577
3 1578 1579 1580
3 1581 1582 1583
3 1584 1585 1586
3 1587 1588 1589
3 1590 1591 1592
3 1593 1594 1595
3 1596 1597 1598
3 1599 1600 1601
3 1602 1603 1604
3 1605 1606 1607
3 1608 1609 1610
3 1611 1612 1613
3 1614 1615 1616
3 1617 1618 1619
3 1620 1621 1622
3 1623 1624 1625
3 1626 1627 1628
3 1629 1630 1631
3 1632 1633 1634
3 1635 1636 1637
3 1638 1639 1640
3 1641 1642 1643
3 1644 1645 1646
3 1647 1648 1649
3 1650 1651 1652
3 1653 1654 1655
3 1656 1657 1658
3 1659 1660 1661
3 1662 1663 1664
3 1665 1666 1667
3 1668 1669 1670
3 1671 1672 1673
3 1674 1675 1676
3 1677 1678 1679
3 1680 1681 1682
3 1683 1684 1685
3 1686 1687 1688
3 1689 1690 1691
3 1692 1693 1694
3 1695 1696 1697
3 1698 1699 1700
3 1701 1702 1703
3 1704 1705 1706
3 1707 1708 1709
3 1710 1711 1712
3 1713 1714 1715
3 1716 1717 1718
3 1719 1720 1721
3 1722 1723 1724
3 1725 1726 1727
3 1728 1729 1730
3 1731 1732 1733
3 1734 1735 1736
3 1737 1738 1739
3 1740 1741 1742
3 1743 1744 1745
3 1746 1747 1748
3 1749 1750 1751
3 1752 1753 1754
3 1755 1756 1757
3 1758 1759 1760
3 1761 1762 1763
3 1764 1765 1766
3 1767 1768 1769
3 1770 1771 1772
3 1773 1774 1775
3 1776 1777 1778
3 1779 1780 1781
3 1782 1783 1784
3 1785 1786 1787
3 1788 1789 1790
3 1791 1792 1793
3 1794 1795 1796
3 1797 1798 1799
3 1800 1801 1802
3 1803 1804 1805
3 1806 1807 1808
3 1809 1810 1811
3 1812 1813 1814
3 1815 1816 1817
3 1818 1819 1820
3 1821 1822 1823
3 1824 1825 1826
3 1827 1828 1829
3 1830 1831 1832
3 1833 1834 1835
3 1836 1837 1838
3 1839 1840 1841
3 1842 1843 1844
3 1845 1846 1847
3 1848 1849 1850
3 1851 1852 1853
3 1854 1855 1856
3 1857 1858 1859
3 1860 1861 1862
3 1863 1864 1865
3 1866 1867 1868
3 1869 1870 1871
3 1872 1873 1874
3 1875 1876 1877
3 1878 1879 1880
3 1881 1882 1883
3 1884 1885 1886
3 1887 1888 1889
3 1890 1891 1892
3 1893 1894 1895
3 1896 1897 1898
3 1899 1900 1901
3 1902 1903 1904
3 1905 1906 1907
3 1908 1909 1910
3 1911 1912 1913
3 1914 1915 1916
3 1917 1918 1919
3 1920 1921 1922
3 1923 1924 1925
3 1926 1927 1928
3 1929 1930 1931
3 1932 1933 1934
3 1935 1936 1937
3 1938 1939 1940
3 1941 1942 1943
3 1944 1945 1946
3 1947 1948 1949
3 1950 1951 1952
3 1953 1954 1955
3 1956 1957 1958
3 1959 1960 1961
3 1962 1963 1964
3 1965 1966 1967
3 1968 1969 1970
3 1971 1972 1973
3 1974 1975 1976
3 1977 1978 1979
3 1980 1981 1982
3 1983 1984 1985
3 1986 1987 1988
3 1989 1990 1991
3 1992 1993 1994
3 1995 1996 1997
3 1998 1999 2000
3 2001 2002 2003
3 2004 2005 2006
3 2007 2008 2009
3 2010 2011 2012
3 2013 2014 2015
3 2016 2017 2018
3 2019 2020 2021
3 2022 2023 2024
3 2025 2026 2027
3 2028 2029 2030
3 2031 2032 2033
3 2034 2035 2036
3 2037 2038 2039
3 2040 2041 2042
3 2043 2044 2045
3 2046 2047 2048
3 2049 2050 2051
3 2052 2053 2054
3 2055 2056 2057
3 2058 2059 2060
3 2061 2062 2063
3 2064 2065 2066
3 2067 2068 2069
3 2070 2071 2072
3 2073 2074 2075
3 2076 2077 2078
3 2079 2080 2081
3 2082 2083 2084
3 2085 2086 2087
3 2088 2089 2090
3 2091 2092 2093
3 2094 2095 2096
3 2097 2098 2099
3 2100 2101 2102
3 2103 2104 2105
3 2106 2107 2108
3 2109 2110 2111
3 2112 2113 2114
3 2115 2116 2117
3 2118 2119 2120
3 2121 2122 2123
3 2124 2125 2126
3 2127 2128 2129
3 2130 2131 2132
3 2133 2134 2135
3 2136 2137 2138
3 2139 2140 2141
3 2142 2143 2144
3 2145 2146 2147
3 2148 2149 2150
3 2151 2152 2153
3 2154 2155 2156
3 2157 2158 2159
3 2160 2161 2162
3 2163 2164 2165
3 2166 2167 2168
3 2169 2170 2171
3 2172 2173 2174
3 2175 2176 2177
3 2178 2179 2180
3 2181 2182 2183
3 2184 2185 2186
3 2187 2188 2189
3 2190 2191 2192
3 2193 2194 2195
3 2196 2197 2198
3 2199 2200 2201
3 2202 2203 2204
3 2205 2206 2207
3 2208 2209 2210
3 2211 2212 2213
3 2214 2215 2216
3 2217 2218 2219
3 2220 2221 2222
3 2223 2224 2225
3 2226 2227 2228
3 2229 2230 2231
3 2232 2233 2234
3 2235 2236 2237
3 2238 2239 2240
3 2241 2242 2243
3 2244 2245 2246
3 2247 2248 2249
3 2250 2251 2252
3 2253 2254 2255
3 2256 2257 2258
3 2259 2260 2261
3 2262 2263 2264
3 2265 2266 2267
3 2268 2269 2270
3 2271 2272 2273
3 2274 2275 2276
3 2277 2278 2279
3 2280 2281 2282
3 2283 2284 2285
3 2286 2287 2288
3 2289 2290 2291
3 2292 2293 2294
3 2295 2296 2297
3 2298 2299 2300
3 2301 2302 2303
3 2304 2305 2306
3 2307 2308 2309
3 2310 2311 2312
3 2313 2314 2315
3 2316 2317 2318
3 2319 2320 2321
3 2322 2323 2324
3 2325 2326 2327
3 2328 2329 2330
3 2331 2332 2333
3 2334 2335 2336
3 2337 2338 2339
3 2340 2341 2342
3 2343 2344 2345
3 2346 2347 2348
3 2349 2350 2351
3 2352 2353 2354
3 2355 2356 2357
3 2358 2359 2360
3 2361 2362 2363
3 2364 2365 2366
3 2367 2368 2369
3 2370 2371 2372
3 2373 2374 2375
3 2376 2377 2378
3 2379 2380 2381
3 2382 2383 2384
3 2385 2386 2387
3 2388 2389 2390
3 2391 2392 2393
3 2394 2395 2396
3 2397 2398 2399
3 2400 2401 2402
3 2403 2404 2405
3 2406 2407 2408
3 2409 2410 2411
3 2412 2413 2414
3 2415 2416 2417
3 2418 2419 2420
3 2421 2422 2423
3 2424 2425 2426
3 2427 2428 2429
3 2430 2431 2432
3 2433 2434 2435
3 2436 2437 2438
3 2439 2440 2441
3 2442 2443 2444
3 2445 2446 2447
3 2448 2449 2450
3 2451 2452 2453
3 2454 2455 2456
3 2457 2458 2459
3 2460 2461 2462
3 2463 2464 2465
3 2466 2467 2468
3 2469 2470 2471
3 2472 2473 2474
3 2475 2476 2477
3 2478 2479 2480
3 2481 2482 2483
3 2484 2485 2486
3 2487 2488 2489
3 2490 2491 2492
3 2493 2494 2495
3 2496 2497 2498
3 2499 2500 2501
3 2502 2503 2504
3 2505 2506 2507
3 2508 2509 2510
3 2511 2512 2513
3 2514 2515 2516
3 2517 2518 2519
3 2520 2521 2522
3 2523 2524 2525
3 2526 2527 2528
3 2529 2530 2531
3 2532 2533 2534
3 2535 2536 2537
3 2538 2539 2540
3 2541 2542 2543
3 2544 2545 2546
3 2547 2548 2549
3 2550 2551 2552
3 2553 2554 2555
3 2556 2557 2558
3 2559 2560 2561
3 2562 2563 2564
3 2565 2566 2567
3 2568 2569 2570
3 2571 2572 2573
3 2574 2575 2576
3 2577 2578 2579
3 2580 2581 2582
3 2583 2584 2585
3 2586 2587 2588
3 2589 2590 2591
3 2592 2593 2594
3 2595 2596 2597
3 2598 2599 2600
3 2601 2602 2603
3 2604 2605 2606
3 2607 2608 2609
3 2610 2611 2612
3 2613 2614 2615
3 2616 2617 2618
3 2619 2620 2621
3 2622 2623 2624
3 2625 2626 2627
3 2628 2629 2630
3 2631 2632 2633
3 2634 2635 2636
3 2637 2638 2639
3 2640 2641 2642
3 2643 2644 2645
3 2646 2647 2648
3 2649 2650 2651
3 2652 2653 2654
3 2655 2656 2657
3 2658 2659 2660
3 2661 2662 2663
3 2664 2665 2666
3 2667 2668 2669
3 2670 2671 2672
3 2673 2674 2675
3 2676 2677 2678
3 2679 2680 2681
3 2682 2683 2684
3 2685 2686 2687
3 2688 2689 2690
3 2691 2692 2693
3 2694 2695 2696
3 2697 2698 2699
3 2700 2701 2702
3 2703 2704 2705
3 2706 2707 2708
3 2709 2710 2711
3 2712 2713 2714
3 2715 2716 2717
3 2718 2719 2720
3 2721 2722 2723
3 2724 2725 2726
3 2727 2728 2729
3 2730 2731 2732
3 2733 2734 2735
3 2736 2737 2738
3 2739 2740 2741
3 2742 2743 2744
3 2745 2746 2747
3 2748 2749 2750
3 2751 2752 2753
3 2754 2755 2756
3 2757 2758 2759
3 2760 2761 2762
3 2763 2764 2765
3 2766 2767 2768
3 2769 2770 2771
3 2772 2773 2774
3 2775 2776 2777
3 2778 2779 2780
3 2781 2782 2783
3 2784 2785 2786
3 2787 2788 2789
3 2790 2791 2792
3 2793 2794 2795
3 2796 2797 2798
3 2799 2800 2801
3 2802 2803 2804
3 2805 2806 2807
3 2808 2809 2810
3 2811 2812 2813
3 2814 2815 2816
3 2817 2818 2819
3 2820 2821 2822
3 2823 2824 2825
3 2826 2827 2828
3 2829 2830 2831
3 2832 2833 2834
3 2835 2836 2837
3 2838 2839 2840
3 2841 2842 2843
3 2844 2845 2846
3 2847 2848 2849
3 2850 2851 2852
3 2853 2854 2855
3 2856 2857 2858
3 2859 2860 2861
3 2862 2863 2864
3 2865 2866 2867
3 2868 2869 2870
3 2871 2872 2873
3 2874 2875 2876
3 2877 2878 2879
3 2880 2881 2882
3 2883 2884 2885
3 2886 2887 2888
3 2889 2890 2891
3 2892 2893 2894
3 2895 2896 2897
3 2898 2899 2900
3 2901 2902 2903
3 2904 2905 2906
3 2907 2908 2909
3 2910 2911 2912
3 2913 2914 2915
3 2916 2917 2918
3 2919 2920 2921
3 2922 2923 2924
3 2925 2926 2927
3 2928 2929 2930
3 2931 2932 2933
3 2934 2935 2936
3 2937 2938 2939
3 2940 2941 2942
3 2943 2944 2945
3 2946 2947 2948
3 2949 2950 2951
3 2952 2953 2954
3 2955 2956 2957
3 2958 2959 2960
3 2961 2962 2963
3 2964 2965 2966
3 2967 2968 2969
3 2970 2971 2972
3 2973 2974 2975
3 2976 2977 2978
3 2979 2980 2981
3 2982 2983 2984
3 2985 2986 2987
3 2988 2989 2990
3 2991 2992 2993
3 2994 2995 2996
3 2997 2998 2999
3 3000 3001 3002
3 3003 3004 3005
3 3006 3007 3008
3 3009 3010 3011
3 3012 3013 3014
3 3015 3016 3017
3 3018 3019 3020
3 3021 3022 3023
3 3024 3025 3026
3 3027 3028 3029
3 3030 3031 3032
3 3033 3034 3035
3 3036 3037 3038
3 3039 3040 3041
3 3042 3043 3044
3 3045 3046 3047
3 3048 3049 3050
3 3051 3052 3053
3 3054 3055 3056
3 3057 3058 3059
3 3060 3061 3062
3 3063 3064 3065
3 3066 3067 3068
3 3069 3070 3071
3 3072 3073 3074
3 3075 3076 3077
3 3078 3079 3080
3 3081 3082 3083
3 3084 3085 3086
3 3087 3088 3089
3 3090 3091 3092
3 3093 3094 3095
3 3096 3097 3098
3 3099 3100 3101
3 3102 3103 3104
3 3105 3106 3107
3 3108 3109 3110
3 3111 3112 3113
3 3114 3115 3116
3 3117 3118 3119
3 3120 3121 3122
3 3123 3124 3125
3 3126 3127 3128
3 3129 3130 3131
3 3132 3133 3134
3 3135 3136 3137
3 3138 3139 3140
3 3141 3142 3143
3 3144 3145 3146
3 3147 3148 3149
3 3150 3151 3152
3 3153 3154 3155
3 3156 3157 3158
3 3159 3160 3161
3 3162 3163 3164
3 3165 3166 3167
3 3168 3169 3170
3 3171 3172 3173
3 3174 3175 3176
3 3177 3178 3179
3 3180 3181 3182
3 3183 3184 3185
3 3186 3187 3188
3 3189 3190 3191
3 3192 3193 3194
3 3195 3196 3197
3 3198 3199 3200
3 3201 3202 3203
3 3204 3205 3206
3 3207 3208 3209
3 3210 3211 3212
3 3213 3214 3215
3 3216 3217 3218
3 3219 3220 3221
3 3222 3223 3224
3 3225 3226 3227
3 3228 3229 3230
3 3231 3232 3233
3 3234 3235 3236
3 3237 3238 3239
3 3240 3241 3242
3 3243 3244 3245
3 3246 3247 3248
3 3249 3250 3251
3 3252 3253 3254
3 3255 3256 3257
3 3258 3259 3260
3 3261 3262 3263
3 3264 3265 3266
3 3267 3268 3269
3 3270 3271 3272
3 3273 3274 3275
3 3276 3277 3278
3 3279 3280 3281
3 3282 3283 3284
3 3285 3286 3287
3 3288 3289 3290
3 3291 3292 3293
3 3294 3295 3296
3 3297 3298 3299
3 3300 3301 3302
3 3303 3304 3305
3 3306 3307 3308
3 3309 3310 3311
3 3312 3313 3314
3 3315 3316 3317
3 3318 3319 3320
3 3321 3322 3323
3 3324 3325 3326
3 3327 3328 3329
3 3330 3331 3332
3 3333 3334 3335
3 3336 3337 3338
3 3339 3340 3341
3 3342 3343 3344
3 3345 3346 3347
3 3348 3349 3350
3 3351 3352 3353
3 3354 3355 3356
3 3357 3358 3359
3 3360 3361 3362
3 3363 3364 3365
3 3366 3367 3368
3 3369 3370 3371
3 3372 3373 3374
3 3375 3376 3377
3 3378 3379 3380
3 3381 3382 3383
3 3384 3385 3386
3 3387 3388 3389
3 3390 3391 3392
3 3393 3394 3395
3 3396 3397 3398
3 3399 3400 3401
3 3402 3403 3404
3 3405 3406 3407
3 3408 3409 3410
3 3411 3412 3413
3 3414 3415 3416
3 3417 3418 3419
3 3420 3421 3422
3 3423 3424 3425
3 3426 3427 3428
3 3429 3430 3431
3 3432 3433 3434
3 3435 3436 3437
3 3438 3439 3440
3 3441 3442 3443
3 3444 3445 3446
3 3447 3448 3449
3 3450 3451 3452
3 3453 3454 3455
3 3456 3457 3458
3 3459 3460 3461
3 3462 3463 3464
3 3465 3466 3467
3 3468 3469 3470
3 3471 3472 3473
3 3474 3475 3476
3 3477 3478 3479
3 3480 3481 3482
3 3483 3484 3485
3 3486 3487 3488
3 3489 3490 3491
3 3492 3493 3494
3 3495 3496 3497
3 3498 3499 3500
3 3501 3502 3503
3 3504 3505 3506
3 3507 3508 3509
3 3510 3511 3512
3 3513 3514 3515
3 3516 3517 3518
3 3519 3520 3521
3 3522 3523 3524
3 3525 3526 3527
3 3528 3529 3530
3 3531 3532 3533
3 3534 3535 3536
3 3537 3538 3539
3 3540 3541 3542
3 3543 3544 3545
3 3546 3547 3548
3 3549 3550 3551
3 3552 3553 3554
3 3555 3556 3557
3 3558 3559 3560
3 3561 3562 3563
3 3564 3565 3566
3 3567 3568 3569
3 3570 3571 3572
3 3573 3574 3575
3 3576 3577 3578
3 3579 3580 3581
3 3582 3583 3584
3 3585 3586 3587
3 3588 3589 3590
3 3591 3592 3593
3 3594 3595 3596
3 3597 3598 3599
3 3600 3601 3602
3 3603 3604 3605
3 3606 3607 3608
3 3609 3610 3611
3 3612 3613 3614
3 3615 3616 3617
3 3618 3619 3620
3 3621 3622 3623
3 3624 3625 3626
3 3627 3628 3629
3 3630 3631 3632
3 3633 3634 3635
3 3636 3637 3638
3 3639 3640 3641
3 3642 3643 3644
3 3645 3646 3647
3 3648 3649 3650
3 3651 3652 3653
3 3654 3655 3656
3 3657 3658 3659
3 3660 3661 3662
3 3663 3664 3665
3 3666 3667 3668
3 3669 3670 3671
3 3672 3673 3674
3 3675 3676 3677
3 3678 3679 3680
3 3681 3682 3683
3 3684 3685 3686
3 3687 3688 3689
3 3690 3691 3692
3 3693 3694 3695
3 3696 3697 3698
3 3699 3700 3701
3 3702 3703 3704
3 3705 3706 3707
3 3708 3709 3710
3 3711 3712 3713
3 3714 3715 3716
3 3717 3718 3719
3 3720 3721 3722
3 3723 3724 3725
3 3726 3727 3728
3 3729 3730 3731
3 3732 3733 3734
3 3735 3736 3737
3 3738 3739 3740
3 3741 3742 3743
3 3744 3745 3746
3 3747 3748 3749
3 3750 3751 3752
3 3753 3754 3755
3 3756 3757 3758
3 3759 3760 3761
3 3762 3763 3764
3 3765 3766 3767
3 3768 3769 3770
3 3771 3772 3773
3 3774 3775 3776
3 3777 3778 3779
3 3780 3781 3782
3 3783 3784 3785
3 3786 3787 3788
3 3789 3790 3791
3 3792 3793 3794
3 3795 3796 3797
3 3798 3799 3800
3 3801 3802 3803
3 3804 3805 3806
3 3807 3808 3809
3 3810 3811 3812
3 3813 3814 3815
3 3816 3817 3818
3 3819 3820 3821
3 3822 3823 3824
3 3825 3826 3827
3 3828 3829 3830
3 3831 3832 3833
3 3834 3835 3836
3 3837 3838 3839
3 3840 3841 3842
3 3843 3844 3845
3 3846 3847 3848
3 3849 3850 3851
3 3852 3853 3854
3 3855 3856 3857
3 3858 3859 3860
3 3861 3862 3863
3 3864 3865 3866
3 3867 3868 3869
3 3870 3871 3872
3 3873 3874 3875
3 3876 3877 3878
3 3879 3880 3881
3 3882 3883 3884
3 3885 3886 3887
3 3888 3889 3890
3 3891 3892 3893
3 3894 3895 3896
3 3897 3898 3899
3 3900 3901 3902
3 3903 3904 3905
3 3906 3907 3908
3 3909 3910 3911
3 3912 3913 3914
3 3915 3916 3917
3 3918 3919 3920
3 3921 3922 3923
3 3924 3925 3926
3 3927 3928 3929
3 3930 3931 3932
3 3933 3934 3935
3 3936 3937 3938
3 3939 3940 3941
3 3942 3943 3944
3 3945 3946 3947
3 3948 3949 3950
3 3951 3952 3953
3 3954 3955 3956
3 3957 3958 3959
3 3960 3961 3962
3 3963 3964 3965
3 3966 3967 3968
3 3969 3970 3971
3 3972 3973 3974
3 3975 3976 3977
3 3978 3979 3980
3 3981 3982 3983
3 3984 3985 3986
3 3987 3988 3989
3 3990 3991 3992
3 3993 3994 3995
3 3996 3997 3998
3 3999 4000 4001
3 4002 4003 4004
3 4005 4006 4007
3 4008 4009 4010
3 4011 4012 4013
3 4014 4015 4016
3 4017 4018 4019
3 4020 4021 4022
3 4023 4024 4025
3 4026 4027 4028
3 4029 4030 4031
3 4032 4033 4034
3 4035 4036 4037
3 4038 4039 4040
3 4041 4042 4043
3 4044 4045 4046
3 4047 4048 4049
3 4050 4051 4052
3 4053 4054 4055
3 4056 4057 4058
3 4059 4060 4061
3 4062 4063 4064
3 4065 4066 4067
3 4068 4069 4070
3 4071 4072 4073
3 4074 4075 4076
3 4077 4078 4079
3 4080 4081 4082
3 4083 4084 4085
3 4086 4087 4088
3 4089 4090 4091
3 4092 4093 4094
3 4095 4096 4097
3 4098 4099 4100
3 4101 4102 4103
3 4104 4105 4106
3 4107 4108 4109
3 4110 4111 4112
3 4113 4114 4115
3 4116 4117 4118
3 4119 4120 4121
3 4122 4123 4124
3 4125 4126 4127
3 4128 4129 4130
3 4131 4132 4133
3 4134 4135 4136
3 4137 4138 4139
3 4140 4141 4142
3 4143 4144 4145
3 4146 4147 4148
3 4149 4150 4151
3 4152 4153 4154
3 4155 4156 4157
3 4158 4159 4160
3 4161 4162 4163
3 4164 4165 4166
3 4167 4168 4169
3 4170 4171 4172
3 4173 4174 4175
3 4176 4177 4178
3 4179 4180 4181
3 4182 4183 4184
3 4185 4186 4187
3 4188 4189 4190
3 4191 4192 4193
3 4194 4195 4196
3 4197 4198 4199
3 4200 4201 4202
3 4203 4204 4205
3 4206 4207 4208
3 4209 4210 4211
3 4212 4213 4214
3 4215 4216 4217
3 4218 4219 4220
3 4221 4222 4223
3 4224 4225 4226
3 4227 4228 4229
3 4230 4231 4232
3 4233 4234 4235
3 4236 4237 4238
3 4239 4240 4241
3 4242 4243 4244
3 4245 4246 4247
3 4248 4249 4250
3 4251 4252 4253
3 4254 4255 4256
3 4257 4258 4259
3 4260 4261 4262
3 4263 4264 4265
3 4266 4267 4268
3 4269 4270 4271
3 4272 4273 4274
3 4275 4276 4277
3 4278 4279 4280
3 4281 4282 4283
3 4284 4285 4286
3 4287 4288 4289
3 4290 4291 4292
3 4293 4294 4295
3 4296 4297 4298
3 4299 4300 4301
3 4302 4303 4304
3 4305 4306 4307
3 4308 4309 4310
3 4311 4312 4313
3 4314 4315 4316
3 4317 4318 4319
3 4320 4321 4322
3 4323 4324 4325
3 4326 4327 4328
3 4329 4330 4331
3 4332 4333 4334
3 4335 4336 4337
3 4338 4339 4340
3 4341 4342 4343
3 4344 4345 4346
3 4347 4348 4349
3 4350 4351 4352
3 4353 4354 4355
3 4356 4357 4358
3 4359 4360 4361
3 4362 4363 4364
3 4365 4366 4367
3 4368 4369 4370
3 4371 4372 4373
3 4374 4375 4376
3 4377 4378 4379
3 4380 4381 4382
3 4383 4384 4385
3 4386 4387 4388
3 4389 4390 4391
3 4392 4393 4394
3 4395 4396 4397
3 4398 4399 4400
3 4401 4402 4403
3 4404 4405 4406
3 4407 4408 4409
3 4410 4411 4412
3 4413 4414 4415
3 4416 4417 4418
3 4419 4420 4421
3 4422 4423 4424
3 4425 4426 4427
3 4428 4429 4430
3 4431 4432 4433
3 4434 4435 4436
3 4437 4438 4439
3 4440 4441 4442
3 4443 4444 4445
3 4446 4447 4448
3 4449 4450 4451
3 4452 4453 4454
3 4455 4456 4457
3 4458 4459 4460
3 4461 4462 4463
3 4464 4465 4466
3 4467 4468 4469
3 4470 4471 4472
3 4473 4474 4475
3 4476 4477 4478
3 4479 4480 4481
3 4482 4483 4484
3 4485 4486 4487
3 4488 4489 4490
3 4491 4492 4493
3 4494 4495 4496
3 4497 4498 4499
3 4500 4501 4502
3 4503 4504 4505
3 4506 4507 4508
3 4509 4510 4511
3 4512 4513 4514
3 4515 4516 4517
3 4518 4519 4520
3 4521 4522 4523
3 4524 4525 4526
3 4527 4528 4529
3 4530 4531 4532
3 4533 4534 4535
3 4536 4537 4538
3 4539 4540 4541
3 4542 4543 4544
3 4545 4546 4547
3 4548 4549 4550
3 4551 4552 4553
3 4554 4555 4556
3 4557 4558 4559
3 4560 4561 4562
3 4563 4564 4565
3 4566 4567 4568
3 4569 4570 4571
3 4572 4573 4574
3 4575 4576 4577
3 4578 4579 4580
3 4581 4582 4583
3 4584 4585 4586
3 4587 4588 4589
3 4590 4591 4592
3 4593 4594 4595
3 4596 4597 4598
3 4599 4600 4601
3 4602 4603 4604
3 4605 4606 4607
3 4608 4609 4610
3 4611 4612 4613
3 4614 4615 4616
3 4617 4618 4619
3 4620 4621 4622
3 4623 4624 4625
3 4626 4627 4628
3 4629 4630 4631
3 4632 4633 4634
3 4635 4636 4637
3 4638 4639 4640
3 4641 4642 4643
3 4644 4645 4646
3 4647 4648 4649
3 4650 4651 4652
3 4653 4654 4655
3 4656 4657 4658
3 4659 4660 4661
3 4662 4663 4664
3 4665 4666 4667
3 4668 4669 4670
3 4671 4672 4673
3 4674 4675 4676
3 4677 4678 4679
3 4680 4681 4682
3 4683 4684 4685
3 4686 4687 4688
3 4689 4690 4691
3 4692 4693 4694
3 4695 4696 4697
3 4698 4699 4700
3 4701 4702 4703
3 4704 4705 4706
3 4707 4708 4709
3 4710 4711 4712
3 4713 4714 4715
3 4716 4717 4718
3 4719 4720 4721
3 4722 4723 4724
3 4725 4726 4727
3 4728 4729 4730
3 4731 4732 4733
3 4734 4735 4736
3 4737 4738 4739
3 4740 4741 4742
3 4743 4744 4745
3 4746 4747 4748
3 4749 4750 4751
3 4752 4753 4754
3 4755 4756 4757
3 4758 4759 4760
3 4761 4762 4763
3 4764 4765 4766
3 4767 4768 4769
3 4770 4771 4772
3 4773 4774 4775
3 4776 4777 4778
3 4779 4780 4781
3 4782 4783 4784
3 4785 4786 4787
3 4788 4789 4790
3 4791 4792 4793
3 4794 4795 4796
3 4797 4798 4799
3 4800 4801 4802
3 4803 4804 4805
3 4806 4807 4808
3 4809 4810 4811
3 4812 4813 4814
3 4815 4816 4817
3 4818 4819 4820
3 4821 4822 4823
3 4824 4825 4826
3 4827 4828 4829
3 4830 4831 4832
3 4833 4834 4835
3 4836 4837 4838
3 4839 4840 4841
3 4842 4843 4844
3 4845 4846 4847
3 4848 4849 4850
3 4851 4852 4853
3 4854 4855 4856
3 4857 4858 4859
3 4860 4861 4862
3 4863 4864 4865
3 4866 4867 4868
3 4869 4870 4871
3 4872 4873 4874
3 4875 4876 4877
3 4878 4879 4880
3 4881 4882 4883
3 4884 4885 4886
3 4887 4888 4889
3 4890 4891 4892
3 4893 4894 4895
3 4896 4897 4898
3 4899 4900 4901
3 4902 4903 4904
3 4905 4906 4907
3 4908 4909 4910
3 4911 4912 4913
3 4914 4915 4916
3 4917 4918 4919
3 4920 4921 4922
3 4923 4924 4925
3 4926 4927 4928
3 4929 4930 4931
3 4932 4933 4934
3 4935 4936 4937
3 4938 4939 4940
3 4941 4942 4943
3 4944 4945 4946
3 4947 4948 4949
3 4950 4951 4952
3 4953 4954 4955
3 4956 4957 4958
3 4959 4960 4961
3 4962 4963 4964
3 4965 4966 4967
3 4968 4969 4970
3 4971 4972 4973
3 4974 4975 4976
3 4977 4978 4979
3 4980 4981 4982
3 4983 4984 4985
3 4986 4987 4988
3 4989 4990 4991
3 4992 4993 4994
3 4995 4996 4997
3 4998 4999 5000
3 5001 5002 5003
3 5004 5005 5006
3 5007 5008 5009
3 5010 5011 5012
3 5013 5014 5015
3 5016 5017 5018
3 5019 5020 5021
3 5022 5023 5024
3 5025 5026 5027
3 5028 5029 5030
3 5031 5032 5033
3 5034 5035 5036
3 5037 5038 5039
3 5040 5041 5042
3 5043 5044 5045
3 5046 5047 5048
3 5049 5050 5051
3 5052 5053 5054
3 5055 5056 5057
3 5058 5059 5060
3 5061 5062 5063
3 5064 5065 5066
3 5067 5068 5069
3 5070 5071 5072
3 5073 5074 5075
3 5076 5077 5078
3 5079 5080 5081
3 5082 5083 5084
3 5085 5086 5087
3 5088 5089 5090
3 5091 5092 5093
3 5094 5095 5096
3 5097 5098 5099
3 5100 5101 5102
3 5103 5104 5105
3 5106 5107 5108
3 5109 5110 5111
3 5112 5113 5114
3 5115 5116 5117
3 5118 5119 5120
3 5121 5122 5123
3 5124 5125 5126
3 5127 5128 5129
3 5130 5131 5132
3 5133 5134 5135
3 5136 5137 5138
3 5139 5140 5141
3 5142 5143 5144
3 5145 5146 5147
3 5148 5149 5150
3 5151 5152 5153
3 5154 5155 5156
3 5157 5158 5159
3 5160 5161 5162
3 5163 5164 5165
3 5166 5167 5168
3 5169 5170 5171
3 5172 5173 5174
3 5175 5176 5177
3 5178 5179 5180
3 5181 5182 5183
3 5184 5185 5186
3 5187 5188 5189
3 5190 5191 5192
3 5193 5194 5195
3 5196 5197 5198
3 5199 5200 5201
3 5202 5203 5204
3 5205 5206 5207
3 5208 5209 5210
3 5211 5212 5213
3 5214 5215 5216
3 5217 5218 5219
3 5220 5221 5222
3 5223 5224 5225
3 5226 5227 5228
3 5229 5230 5231
3 5232 5233 5234
3 5235 5236 5237
3 5238 5239 5240
3 5241 5242 5243
3 5244 5245 5246
3 5247 5248 5249
3 5250 5251 5252
3 5253 5254 5255
3 5256 5257 5258
3 5259 5260 5261
3 5262 5263 5264
3 5265 5266 5267
3 5268 5269 5270
3 5271 5272 5273
3 5274 5275 5276
3 5277 5278 5279
3 5280 5281 5282
3 5283 5284 5285
3 5286 5287 5288
3 5289 5290 5291
3 5292 5293 5294
3 5295 5296 5297
3 5298 5299 5300
3 5301 5302 5303
3 5304 5305 5306
3 5307 5308 5309
3 5310 5311 5312
3 5313 5314 5315
3 5316 5317 5318
3 5319 5320 5321
3 5322 5323 5324
3 5325 5326 5327
3 5328 5329 5330
3 5331 5332 5333
3 5334 5335 5336
3 5337 5338 5339
3 5340 5341 5342
3 5343 5344 5345
3 5346 5347 5348
3 5349 5350 5351
3 5352 5353 5354
3 5355 5356 5357
3 5358 5359 5360
3 5361 5362 5363
3 5364 5365 5366
3 5367 5368 5369
3 5370 5371 5372
3 5373 5374 5375
3 5376 5377 5378
3 5379 5380 5381
3 5382 5383 5384
3 5385 5386 5387
3 5388 5389 5390
3 5391 5392 5393
3 5394 5395 5396
3 5397 5398 5399
3 5400 5401 5402
3 5403 5404 5405
3 5406 5407 5408
3 5409 5410 5411
3 5412 5413 5414
3 5415 5416 5417
3 5418 5419 5420
3 5421 5422 5423
3 5424 5425 5426
3 5427 5428 5429
3 5430 5431 5432
3 5433 5434 5435
3 5436 5437 5438
3 5439 5440 5441
3 5442 5443 5444
3 5445 5446 5447
3 5448 5449 5450
3 5451 5452 5453
3 5454 5455 5456
3 5457 5458 5459
3 5460 5461 5462
3 5463 5464 5465
3 5466 5467 5468
3 5469 5470 5471
3 5472 5473 5474
3 5475 5476 5477
3 5478 5479 5480
3 5481 5482 5483
3 5484 5485 5486
3 5487 5488 5489
3 5490 5491 5492
3 5493 5494 5495
3 5496 5497 5498
3 5499 5500 5501
3 5502 5503 5504
3 5505 5506 5507
3 5508 5509 5510
3 5511 5512 5513
3 5514 5515 5516
3 5517 5518 5519
3 5520 5521 5522
3 5523 5524 5525
3 5526 5527 5528
3 5529 5530 5531
3 5532 5533 5534
3 5535 5536 5537
3 5538 5539 5540
3 5541 5542 5543
3 5544 5545 5546
3 5547 5548 5549
3 5550 5551 5552
3 5553 5554 5555
3 5556 5557 5558
3 5559 5560 5561
3 5562 5563 5564
3 5565 5566 5567
3 5568 5569 5570
3 5571 5572 5573
3 5574 5575 5576
3 5577 5578 5579
3 5580 5581 5582
3 5583 5584 5585
3 5586 5587 5588
3 5589 5590 5591
3 5592 5593 5594
3 5595 5596 5597
3 5598 5599 5600
3 5601 5602 5603
3 5604 5605 5606
3 5607 5608 5609
3 5610 5611 5612
3 5613 5614 5615
3 5616 5617 5618
3 5619 5620 5621
3 5622 5623 5624
3 5625 5626 5627
3 5628 5629 5630
3 5631 5632 5633
3 5634 5635 5636
3 5637 5638 5639
3 5640 5641 5642
3 5643 5644 5645
3 5646 5647 5648
3 5649 5650 5651
3 5652 5653 5654
3 5655 5656 5657
3 5658 5659 5660
3 5661 5662 5663
3 5664 5665 5666
3 5667 5668 5669
3 5670 5671 5672
3 5673 5674 5675
3 5676 5677 5678
3 5679 5680 5681
3 5682 5683 5684
3 5685 5686 5687
3 5688 5689 5690
3 5691 5692 5693
3 5694 5695 5696
3 5697 5698 5699
3 5700 5701 5702
3 5703 5704 5705
3 5706 5707 5708
3 5709 5710 5711
3 5712 5713 5714
3 5715 5716 5717
3 5718 5719 5720
3 5721 5722 5723
3 5724 5725 5726
3 5727 5728 5729
3 5730 5731 5732
3 5733 5734 5735
3 5736 5737 5738
3 5739 5740 5741
3 5742 5743 5744
3 5745 5746 5747
3 5748 5749 5750
3 5751 5752 5753
3 5754 5755 5756
3 5757 5758 5759
3 5760 5761 5762
3 5763 5764 5765
3 5766 5767 5768
3 5769 5770 5771
3 5772 5773 5774
3 5775 5776 5777
3 5778 5779 5780
3 5781 5782 5783
3 5784 5785 5786
3 5787 5788 5789
3 5790 5791 5792
3 5793 5794 5795
3 5796 5797 5798
3 5799 5800 5801
3 5802 5803 5804
3 5805 5806 5807
3 5808 5809 5810
3 5811 5812 5813
3 5814 5815 5816
3 5817 5818 5819
3 5820 5821 5822
3 5823 5824 5825
3 5826 5827 5828
3 5829 5830 5831
3 5832 5833 5834
3 5835 5836 5837
3 5838 5839 5840
3 5841 5842 5843
3 5844 5845 5846
3 5847 5848 5849
3 5850 5851 5852
3 5853 5854 5855
3 5856 5857 5858
3 5859 5860 5861
3 5862 5863 5864
3 5865 5866 5867
3 5868 5869 5870
3 5871 5872 5873
3 5874 5875 5876
3 5877 5878 5879
3 5880 5881 5882
3 5883 5884 5885
3 5886 5887 5888
3 5889 5890 5891
3 5892 5893 5894
3 5895 5896 5897
3 5898 5899 5900
3 5901 5902 5903
3 5904 5905 5906
3 5907 5908 5909
3 5910 5911 5912
3 5913 5914 5915
3 5916 5917 5918
3 5919 5920 5921
3 5922 5923 5924
3 5925 5926 5927
3 5928 5929 5930
3 5931 5932 5933
3 5934 5935 5936
3 5937 5938 5939
3 5940 5941 5942
3 5943 5944 5945
3 5946 5947 5948
3 5949 5950 5951
3 5952 5953 5954
3 5955 5956 5957
3 5958 5959 5960
3 5961 5962 5963
3 5964 5965 5966
3 5967 5968 5969
3 5970 5971 5972
3 5973 5974 5975
3 5976 5977 5978
3 5979 5980 5981
3 5982 5983 5984
3 5985 5986 5987
3 5988 5989 5990
3 5991 5992 5993
3 5994 5995 5996
3 5997 5998 5999
3 6000 6001 6002
3 6003 6004 6005
3 6006 6007 6008
3 6009 6010 6011
3 6012 6013 6014
3 6015 6016 6017
3 6018 6019 6020
3 6021 6022 6023
3 6024 6025 6026
3 6027 6028 6029
3 6030 6031 6032
3 6033 6034 6035
3 6036 6037 6038
3 6039 6040 6041
3 6042 6043 6044
3 6045 6046 6047
3 6048 6049 6050
3 6051 6052 6053
3 6054 6055 6056
3 6057 6058 6059
3 6060 6061 6062
3 6063 6064 6065
3 6066 6067 6068
3 6069 6070 6071
3 6072 6073 6074
3 6075 6076 6077
3 6078 6079 6080
3 6081 6082 6083
3 6084 6085 6086
3 6087 6088 6089
3 6090 6091 6092
3 6093 6094 6095
3 6096 6097 6098
3 6099 6100 6101
3 6102 6103 6104
3 6105 6106 6107
3 6108 6109 6110
3 6111 6112 6113
3 6114 6115 6116
3 6117 6118 6119
3 6120 6121 6122
3 6123 6124 6125
3 6126 6127 6128
3 6129 6130 6131
3 6132 6133 6134
3 6135 6136 6137
3 6138 6139 6140
3 6141 6142 6143
3 6144 6145 6146
3 6147 6148 6149
3 6150 6151 6152
3 6153 6154 6155
3 6156 6157 6158
3 6159 6160 6161
3 6162 6163 6164
3 6165 6166 6167
3 6168 6169 6170
3 6171 6172 6173
3 6174 6175 6176
3 6177 6178 6179
3 6180 6181 6182
3 6183 6184 6185
3 6186 6187 6188
3 6189 6190 6191
3 6192 6193 6194
3 6195 6196 6197
3 6198 6199 6200
3 6201 6202 6203
3 6204 6205 6206
3 6207 6208 6209
3 6210 6211 6212
3 6213 6214 6215
3 6216 6217 6218
3 6219 6220 6221
3 6222 6223 6224
3 6225 6226 6227
3 6228 6229 6230
3 6231 6232 6233
3 6234 6235 6236
3 6237 6238 6239
3 6240 6241 6242
3 6243 6244 6245
3 6246 6247 6248
3 6249 6250 6251
3 6252 6253 6254
3 6255 6256 6257
3 6258 6259 6260
3 6261 6262 6263
3 6264 6265 6266
3 6267 6268 6269
3 6270 6271 6272
3 6273 6274 6275
3 6276 6277 6278
3 6279 6280 6281
3 6282 6283 6284
3 6285 6286 6287
3 6288 6289 6290
3 6291 6292 6293
3 6294 6295 6296
3 6297 6298 6299
3 6300 6301 6302
3 6303 6304 6305
3 6306 6307 6308
3 6309 6310 6311
3 6312 6313 6314
3 6315 6316 6317
3 6318 6319 6320
3 6321 6322 6323
3 6324 6325 6326
3 6327 6328 6329
3 6330 6331 6332
3 6333 6334 6335
3 6336 6337 6338
3 6339 6340 6341
3 6342 6343 6344
3 6345 6346 6347
3 6348 6349 6350
3 6351 6352 6353
3 6354 6355 6356
3 6357 6358 6359
3 6360 6361 6362
3 6363 6364 6365
3 6366 6367 6368
3 6369 6370 6371
3 6372 6373 6374
3 6375 6376 6377
3 6378 6379 6380
3 6381 6382 6383
3 6384 6385 6386
3 6387 6388 6389
3 6390 6391 6392
3 6393 6394 6395
3 6396 6397 6398
3 6399 6400 6401
3 6402 6403 6404
3 6405 6406 6407
3 6408 6409 6410
3 6411 6412 6413
3 6414 6415 6416
3 6417 6418 6419
3 6420 6421 6422
3 6423 6424 6425
3 6426 6427 6428
3 6429 6430 6431
3 6432 6433 6434
3 6435 6436 6437
3 6438 6439 6440
3 6441 6442 6443
3 6444 6445 6446
3 6447 6448 6449
3 6450 6451 6452
3 6453 6454 6455
3 6456 6457 6458
3 6459 6460 6461
3 6462 6463 6464
3 6465 6466 6467
3 6468 6469 6470
3 6471 6472 6473
3 6474 6475 6476
3 6477 6478 6479
3 6480 6481 6482
3 6483 6484 6485
3 6486 6487 6488
3 6489 6490 6491
3 6492 6493 6494
3 6495 6496 6497
3 6498 6499 6500
3 6501 6502 6503
3 6504 6505 6506
3 6507 6508 6509
3 6510 6511 6512
3 6513 6514 6515
3 6516 6517 6518
3 6519 6520 6521
3 6522 6523 6524
3 6525 6526 6527
3 6528 6529 6530
3 6531 6532 6533
3 6534 6535 6536
3 6537 6538 6539
3 6540 6541 6542
3 6543 6544 6545
3 6546 6547 6548
3 6549 6550 6551
3 6552 6553 6554
3 6555 6556 6557
3 6558 6559 6560
3 6561 6562 6563
3 6564 6565 6566
3 6567 6568 6569
3 6570 6571 6572
3 6573 6574 6575
3 6576 6577 6578
3 6579 6580 6581
3 6582 6583 6584
3 6585 6586 6587
3 6588 6589 6590
3 6591 6592 6593
3 6594 6595 6596
3 6597 6598 6599
3 6600 6601 6602
3 6603 6604 6605
3 6606 6607 6608
3 6609 6610 6611
3 6612 6613 6614
3 6615 6616 6617
3 6618 6619 6620
3 6621 6622 6623
3 6624 6625 6626
3 6627 6628 6629
3 6630 6631 6632
3 6633 6634 6635
3 6636 6637 6638
3 6639 6640 6641
3 6642 6643 6644
3 6645 6646 6647
3 6648 6649 6650
3 6651 6652 6653
3 6654 6655 6656
3 6657 6658 6659
3 6660 6661 6662
3 6663 6664 6665
3 6666 6667 6668
3 6669 6670 6671
3 6672 6673 6674
3 6675 6676 6677
3 6678 6679 6680
3 6681 6682 6683
3 6684 6685 6686
3 6687 6688 6689
3 6690 6691 6692
3 6693 6694 6695
3 6696 6697 6698
3 6699 6700 6701
3 6702 6703 6704
3 6705 6706 6707
3 6708 6709 6710
3 6711 6712 6713
3 6714 6715 6716
3 6717 6718 6719
3 6720 6721 6722
3 6723 6724 6725
3 6726 6727 6728
3 6729 6730 6731
3 6732 6733 6734
3 6735 6736 6737
3 6738 6739 6740
3 6741 6742 6743
3 6744 6745 6746
3 6747 6748 6749
3 6750 6751 6752
3 6753 6754 6755
3 6756 6757 6758
3 6759 6760 6761
3 6762 6763 6764
3 6765 6766 6767
3 6768 6769 6770
3 6771 6772 6773
3 6774 6775 6776
3 6777 6778 6779
3 6780 6781 6782
3 6783 6784 6785
3 6786 6787 6788
3 6789 6790 6791
3 6792 6793 6794
3 6795 6796 6797
3 6798 6799 6800
3 6801 6802 6803
3 6804 6805 6806
3 6807 6808 6809
3 6810 6811 6812
3 6813 6814 6815
3 6816 6817 6818
3 6819 6820 6821
3 6822 6823 6824
3 6825 6826 6827
3 6828 6829 6830
3 6831 6832 6833
3 6834 6835 6836
3 6837 6838 6839
3 6840 6841 6842
3 6843 6844 6845
3 6846 6847 6848
3 6849 6850 6851
3 6852 6853 6854
3 6855 6856 6857
3 6858 6859 6860
3 6861 6862 6863
3 6864 6865 6866
3 6867 6868 6869
3 6870 6871 6872
3 6873 6874 6875
3 6876 6877 6878
3 6879 6880 6881
3 6882 6883 6884
3 6885 6886 6887
3 6888 6889 6890
3 6891 6892 6893
3 6894 6895 6896
3 6897 6898 6899
3 6900 6901 6902
3 6903 6904 6905
3 6906 6907 6908
3 6909 6910 6911
3 6912 6913 6914
3 6915 6916 6917
3 6918 6919 6920
3 6921 6922 6923
3 6924 6925 6926
3 6927 6928 6929
3 6930 6931 6932
3 6933 6934 6935
3 6936 6937 6938
3 6939 6940 6941
3 6942 6943 6944
3 6945 6946 6947
3 6948 6949 6950
3 6951 6952 6953
3 6954 6955 6956
3 6957 6958 6959
3 6960 6961 6962
3 6963 6964 6965
3 6966 6967 6968
3 6969 6970 6971
3 6972 6973 6974
3 6975 6976 6977
CELL_TYPES 2326
5
5
5
5
5
5
5
5
5
5
5
5
5
5
5
5
5
5
5
5
5
5
5
5
5
5
5
5
5
5
5
5
5
5
5
5
5
5
5
5
5
5
5
5
5
5
5
5
5
5
5
5
5
5
5
5
5
5
5
5
5
5
5
5
5
5
5
5
5
5
5
5
5
5
5
5
5
5
5
5
5
5
5
5
5
5
5
5
5
5
5
5
5
5
5
5
5
5
5
5
5
5
5
5
5
5
5
5
5
5
5
5
5
5
5
5
5
5
5
5
5
5
5
5
5
5
5
5
5
5
5
5
5
5
5
5
5
5
5
5
5
5
5
5
5
5
5
5
5
5
5
5
5
5
5
5
5
5
5
5
5
5
5
5
5
5
5
5
5
5
5
5
5
5
5
5
5
5
5
5
5
5
5
5
5
5
5
5
5
5
5
5
5
5
5
5
5
5
5
5
5
5
5
5
5
5
5
5
5
5
5
5
5
5
5
5
5
5
5
5
5
5
5
5
5
5
5
5
5
5
5
5
5
5
5
5
5
5
5
5
5
5
5
5
5
5
5
5
5
5
5
5
5
5
5
5
5
5
5
5
5
5
5
5
5
5
5
5
5
5
5
5
5
5
5
5
5
5
5
5
5
5
5
5
5
5
5
5
5
5
5
5
5
5
5
5
5
5
5
5
5
5
5
5
5
5
5
5
5
5
5
5
5
5
5
5
5
5
5
5
5
5
5
5
5
5
5
5
5
5
5
5
5
5
5
5
5
5
5
5
5
5
5
5
5
5
5
5
5
5
5
5
5
5
5
5
5
5
5
5
5
5
5
5
5
5
5
5
5
5
5
5
5
5
5
5
5
5
5
5
5
5
5
5
5
5
5
5
5
5
5
5
5
5
5
5
5
5
5
5
5
5
5
5
5
5
5
5
5
5
5
5
5
5
5
5
5
5
5
5
5
5
5
5
5
5
5
5
5
5
5
5
5
5
5
5
5
5
5
5
5
5
5
5
5
5
5
5
5
5
5
5
5
5
5
5
5
5
5
5
5
5
5
5
5
5
5
5
5
5
5
5
5
5
5
5
5
5
5
5
5
5
5
5
5
5
5
5
5
5
5
5
5
5
5
5
5
5
5
5
5
5
5
5
5
5
5
5
5
5
5
5
5
5
5
5
5
5
5
5
5
5
5
5
5
5
5
5
5
5
5
5
5
5
5
5
5
5
5
5
5
5
5
5
5
5
5
5
5
5
5
5
5
5
5
5
5
5
5
5
5
5
5
5
5
5
5
5
5
5
5
5
5
5
5
5
5
5
5
5
5
5
5
5
5
5
5
5
5
5
5
5
5
5
5
5
5
5
5
5
5
5
5
5
5
5
5
5
5
5
5
5
5
5
5
5
5
5
5
5
5
5
5
5
5
5
5
5
5
5
5
5
5
5
5
5
5
5
5
5
5
5
5
5
5
5
5
5
5
5
5
5
5
5
5
5
5
5
5
5
5
5
5
5
5
5
5
5
5
5
5
5
5
5
5
5
5
5
5
5
5
5
5
5
5
5
5
5
5
5
5
5
5
5
5
5
5
5
5
5
5
5
5
5
5
5
5
5
5
5
5
5
5
5
5
5
5
5
5
5
5
5
5
5
5
5
5
5
5
5
5
5
5
5
5
5
5
5
5
5
5
5
5
5
5
5
5
5
5
5
5
5
5
5
5
5
5
5
5
5
5
5
5
5
5
5
5
5
5
5
5
5
5
5
5
5
5
5
5
5
5
5
5
5
5
5
5
5
5
5
5
5
5
5
5
5
5
5
5
5
5
5
5
5
5
5
5
5
5
5
5
5
5
5
5
5
5
5
5
5
5
5
5
5
5
5
5
5
5
5
5
5
5
5
5
5
5
5
5
5
5
5
5
5
5
5
5
5
5
5
5
5
5
5
5
5
5
5
5
5
5
5
5
5
5
5
5
5
5
5
5
5
5
5
5
5
5
5
5
5
5
5
5
5
5
5
5
5
5
5
5
5
5
5
5
5
5
5
5
5
5
5
5
5
5
5
5
5
5
5
5
5
5
5
5
5
5
5
5
5
5
5
5
5
5
5
5
5
5
5
5
5
5
5
5
5
5
5
5
5
5
5
5
5
5
5
5
5
5
5
5
5
5
5
5
5
5
5
5
5
5
5
5
5
5
5
5
5
5
5
5
5
5
5
5
5
5
5
5
5
5
5
5
5
5
5
5
5
5
5
5
5
5
5
5
5
5
5
5
5
5
5
5
5
5
5
5
5
5
5
5
5
5
5
5
5
5
5
5
5
5
5
5
5
5
5
5
5
5
5
5
5
5
5
5
5
5
5
5
5
5
5
5
5
5
5
5
5
5
5
5
5
5
5
5
5
5
5
5
5
5
5
5
5
5
5
5
5
5
5
5
5
5
5
5
5
5
5
5
5
5
5
5
5
5
5
5
5
5
5
5
5
5
5
5
5
5
5
5
5
5
5
5
5
5
5
5
5
5
5
5
5
5
5
5
5
5
5
5
5
5
5
5
5
5
5
5
5
5
5
5
5
5
5
5
5
5
5
5
5
5
5
5
5
5
5
5
5
5
5
5
5
5
5
5
5
5
5
5
5
5
5
5
5
5
5
5
5
5
5
5
5
5
5
5
5
5
5
5
5
5
5
5
5
5
5
5
5
5
5
5
5
5
5
5
5
5
5
5
5
5
5
5
5
5
5
5
5
5
5
5
5
5
5
5
5
5
5
5
5
5
5
5
5
5
5
5
5
5
5
5
5
5
5
5
5
5
5
5
5
5
5
5
5
5
5
5
5
5
5
5
5
5
5
5
5
5
5
5
5
5
5
5
5
5
5
5
5
5
5
5
5
5
5
5
5
5
5
5
5
5
5
5
5
5
5
5
5
5
5
5
5
5
5
5
5
5
5
5
5
5
5
5
5
5
5
5
5
5
5
5
5
5
5
5
5
5
5
5
5
5
5
5
5
5
5
5
5
5
5
5
5
5
5
5
5
5
5
5
5
5
5
5
5
5
5
5
5
5
5
5
5
5
5
5
5
5
5
5
5
5
5
5
5
5
5
5
5
5
5
5
5
5
5
5
5
5
5
5
5
5
5
5
5
5
5
5
5
5
5
5
5
5
5
5
5
5
5
5
5
5
5
5
5
5
5
5
5
5
5
5
5
5
5
5
5
5
5
5
5
5
5
5
5
5
5
5
5
5
5
5
5
5
5
5
5
5
5
5
5
5
5
5
5
5
5
5
5
5
5
5
5
5
5
5
5
5
5
5
5
5
5
5
5
5
5
5
5
5
5
5
5
5
5
5
5
5
5
5
5
5
5
5
5
5
5
5
5
5
5
5
5
5
5
5
5
5
5
5
5
5
5
5
5
5
5
5
5
5
5
5
5
5
5
5
5
5
5
5
5
5
5
5
5
5
5
5
5
5
5
5
5
5
5
5
5
5
5
5
5
5
5
5
5
5
5
5
5
5
5
5
5
5
5
5
5
5
5
5
5
5
5
5
5
5
5
5
5
5
5
5
5
5
5
5
5
5
5
5
5
5
5
5
5
5
5
5
5
5
5
5
5
5
5
5
5
5
5
5
5
5
5
5
5
5
5
5
5
5
5
5
5
5
5
5
5
5
5
5
5
5
5
5
5
5
5
5
5
5
5
5
5
5
5
5
5
5
5
5
5
5
5
5
5
5
5
5
5
5
5
5
5
5
5
5
5
5
5
5
5
5
5
5
5
5
5
5
5
5
5
5
5
5
5
5
5
5
5
5
5
5
5
5
5
5
5
5
5
5
5
5
5
5
5
5
5
5
5
5
5
5
5
5
5
5
5
5
5
5
5
5
5
5
5
5
5
5
5
5
5
5
5
5
5
5
5
5
5
5
5
5
5
5
5
5
5
5
5
5
5
5
5
5
5
5
5
5
5
5
5
5
5
5
5
5
5
5
5
5
5
5
5
5
5
5
5
5
5
5
5
5
5
5
5
5
5
5
5
5
5
5
5
5
5
5
5
5
5
5
5
5
5
5
5
5
5
5
5
5
5
5
5
5
5
5
5
5
5
5
5
5
5
5
5
5
5
5
5
5
5
5
5
5
5
5
5
5
5
5
5
5
5
5
5
5
5
5
5
5
5
5
5
5
5
5
5
5
5
5
5
5
5
5
5
5
5
5
5
5
5
5
5
5
5
5
5
5
5
5
5
5
5
5
5
5
5
5
5
5
5
5
5
5
5
5
5
5
5
5
5
5
5
5
5
5
5
5
5
5
5
5
5
5
5
5
5
5
5
5
5
5
5
5
5
5
5
5
5
5
5
5
5
5
5
5
5
5
5
5
5
5
5
5
5
5
5
5
5
5
5
5
5
5
5
5
5
5
5
5
5
5
5
5
5
5
5
5
5
5
5
5
5
5
5
5
5
5
5
5
5
5
5
5
5
5
5
5
5
5
5
5
5
5
5
5
5
5
5
5
5
5
5
5
5
5
5
5
5
5
5
5
5
5
5
5
5
5
5
5
5
5
5
5
5
5
5
5
5
5
5
5
5
5
5
5
5
5
5
5
5
5
5
5
5
5
5
5
5
5
5
5
5
5
5
5
5
5
5
5
5
5
5
5
5
5
5
5
5
5
5
5
5
5
5
5
5
5
5
5
5
5
5
5
5
5
5
5
5
5
5
5
5
5
5
5
5
5
5
5
5
5
5
5
5
5
5
5
5
5
5
5
5
5
5
5
5
5
5
5
5
5
5
5
5
5
5
5
5
5
5
5
5
5
5
5
5
5
5
5
5
5
5
5
5
5
5
5
5
5
5
5
5
5
5
5
5
5
5
5
5
5
5
5
5
5
5
5
5
5
5
5
5
5
5
5
5
5
5
5
5
5
5
5
5
5
5
5
5
5
5
5
5
5
5
5
5
5
5
5
5
5
5
5
5
5
5
5
5
5
5
5
5
5
5
5
5
5
5
5
5
5
5
5
5
5
5
5
5
5
5
5
5
5
5
5
5
5
5
5
5
5
5
5
5
5
5
5
5
5
5
5
5
5
5
5
5
5
5
5
5
5
5
5
5
5
5
5
5
5
5
5
5
5
5
5
5
5
5
5
5
5
5
5
5
5
5
5
5
5
5
5
5
5
5
5
5
5
5
5
5
5
5
5
5
5
5
5
5
5
5
5
5
5
5
5
5
5
5
5
5
5
5
5
5
5
5
5
5
5
5
5
5
5
5
5
5
POINT_DATA 6978
SCALARS Deviateur float
LOOKUP_TABLE default
0.646063
0.575644
0.58759
0.304888
0.340756
0.341792
0.587256
0.528731
0.593222
0.655945
0.587683
0.593649
0.57523
0.522876
0.587177
0.58702
0.52272
0.528495
0.629071
0.575783
0.646202
0.628904
0.607385
0.564589
0.309917
0.304626
0.294491
0.293052
0.309883
0.295757
0.34065
0.304781
0.310072
0.532436
0.607113
0.579946
0.305483
0.309915
0.293085
0.564265
0.607061
0.532384
0.495123
0.56389
0.532008
0.508641
0.575105
0.564079
0.479441
0.506039
0.553152
0.280127
0.287194
0.293647
0.272448
0.265192
0.279983
0.278448
0.272532
0.291969
0.278341
0.260049
0.272425
0.274526
0.258121
0.277361
0.274168
0.274604
0.28463
0.274086
0.259931
0.274521
0.26513
0.2599
0.274054
0.291974
0.272537
0.280073
0.24627
0.243651
0.259735
0.246871
0.246298
0.264994
0.180743
0.201101
0.196649
0.21574
0.204684
0.219342
0.196772
0.201224
0.217402
0.180598
0.167352
0.187038
0.229042
0.219397
0.207915
0.229161
0.243459
0.219516
0.215723
0.217466
0.201288
0.246709
0.23442
0.228462
0.246815
0.259817
0.234525
0.243628
0.241421
0.257898
0.265037
0.246341
0.259807
0.246175
0.246749
0.228501
0.287145
0.27421
0.284672
0.186757
0.181068
0.170203
0.203139
0.190464
0.200044
0.260145
0.296115
0.27744
0.340002
0.294135
0.322553
0.304052
0.321023
0.306007
0.295869
0.303927
0.293755
0.284735
0.29294
0.287207
0.295718
0.295562
0.295847
0.294699
0.294377
0.285812
0.403225
0.427142
0.465188
0.314093
0.30139
0.350606
0.35038
0.395639
0.375898
0.327848
0.350152
0.375671
0.301541
0.327437
0.30127
0.301704
0.349904
0.3276
0.270899
0.251659
0.286007
0.301089
0.273505
0.30136
0.241179
0.251509
0.270749
0.313753
0.282466
0.267923
0.150925
0.175884
0.17212
0.127014
0.150665
0.143243
0.127035
0.149533
0.150686
0.223399
0.20066
0.211178
0.236735
0.22352
0.211299
0.240851
0.20076
0.223499
0.198859
0.168373
0.172255
0.286367
0.328662
0.301495
0.36764
0.38773
0.413774
0.329095
0.367231
0.350128
0.329074
0.343855
0.36721
0.399091
0.405075
0.44236
0.45233
0.4944
0.427404
0.495044
0.508372
0.56381
0.505922
0.465882
0.531716
0.452601
0.507999
0.49467
0.39615
0.452001
0.427074
0.428566
0.474266
0.452267
0.522612
0.574966
0.508502
0.508339
0.479449
0.55316
0.507914
0.46557
0.439892
0.357206
0.418174
0.369013
0.374083
0.411241
0.374434
0.465131
0.418632
0.397945
0.246959
0.265081
0.272337
0.292977
0.295811
0.287245
0.293893
0.305402
0.284799
0.295709
0.295839
0.293005
0.293668
0.293647
0.280149
0.293728
0.305876
0.292132
0.280143
0.293642
0.292045
0.293755
0.305882
0.293734
0.295813
0.293699
0.287247
0.303961
0.305916
0.293789
0.321242
0.342939
0.332649
0.439614
0.411809
0.478746
0.398015
0.439523
0.465201
0.397711
0.374606
0.439219
0.0814515
0.0853064
0.0852704
0.27764
0.322344
0.293925
0.506376
0.57968
0.553488
0.465494
0.427448
0.494444
0.531679
0.465844
0.494794
0.443284
0.403279
0.465243
0.411821
0.443358
0.478759
0.411471
0.374313
0.443007
0.402666
0.373976
0.351145
0.426843
0.402926
0.376178
0.442979
0.374285
0.402974
0.507959
0.439937
0.479069
0.397392
0.344119
0.374287
0.39561
0.350352
0.367454
0.413801
0.395823
0.367667
0.428149
0.413977
0.387933
0.428365
0.452065
0.414192
0.42682
0.376155
0.395895
0.564482
0.575509
0.628797
0.278117
0.320175
0.325674
0.263486
0.277927
0.325484
0.239603
0.180226
0.237122
0.357302
0.397583
0.41827
0.325978
0.320478
0.368581
0.344061
0.397334
0.357053
0.320046
0.275341
0.290055
0.368685
0.320582
0.356878
0.277948
0.275301
0.320006
0.289681
0.237509
0.246023
0.356615
0.320319
0.290328
0.239921
0.237439
0.274897
0.229408
0.239903
0.277526
0.201387
0.180106
0.239483
0.343599
0.288123
0.328117
0.209358
0.245753
0.23724
0.209306
0.221856
0.245702
0.374653
0.41146
0.439265
0.328405
0.374056
0.343888
0.328505
0.373805
0.374156
0.176418
0.174196
0.178391
0.179339
0.173707
0.17419
0.185438
0.179393
0.178408
0.191284
0.185478
0.178448
0.1903
0.177252
0.176843
0.185469
0.190327
0.17687
0.173704
0.178382
0.174186
0.17837
0.179355
0.174205
0.166659
0.173688
0.173663
0.173702
0.173727
0.17838
0.191356
0.199988
0.18555
0.103658
0.112274
0.101057
0.128796
0.12752
0.114289
0.126698
0.112398
0.115132
0.164912
0.177145
0.170117
0.173645
0.166616
0.160934
0.200158
0.209877
0.217943
0.240165
0.218162
0.235473
0.177285
0.190333
0.186812
0.14653
0.127089
0.127622
0.155259
0.146673
0.142091
0.161392
0.149967
0.14672
0.166669
0.173673
0.176752
0.176794
0.173716
0.179348
0.185433
0.176833
0.179387
0.177167
0.164935
0.176757
0.240325
0.259838
0.241417
0.305587
0.294078
0.339945
0.340753
0.305744
0.340102
0.293001
0.284796
0.305399
0.274467
0.259878
0.258063
0.280062
0.274195
0.287129
0.279988
0.265198
0.274121
0.274645
0.27748
0.293765
0.300807
0.292168
0.309608
0.199993
0.181168
0.186857
0.189046
0.169281
0.181073
0.13752
0.149924
0.157918
0.124582
0.13737
0.138545
0.126853
0.136592
0.137371
0.126819
0.127053
0.136557
0.136624
0.12712
0.14656
0.149884
0.1367
0.146637
0.149853
0.137449
0.136669
0.240327
0.235634
0.266192
0.259921
0.240408
0.266273
0.296078
0.260108
0.26646
0.257952
0.241476
0.259897
0.203095
0.186899
0.19042
0.222205
0.215373
0.203296
0.240121
0.222338
0.218118
0.229029
0.207901
0.215412
0.241254
0.229164
0.222378
0.241325
0.243532
0.229235
0.219573
0.243516
0.246135
0.116439
0.143114
0.122756
0.110414
0.12723
0.107302
0.253736
0.269447
0.237031
0.227786
0.253596
0.236891
0.242551
0.268538
0.253751
0.10737
0.127298
0.130675
0.124543
0.126813
0.137331
0.290176
0.287996
0.343472
0.327602
0.350651
0.301435
0.209138
0.237019
0.180124
0.373604
0.328304
0.31426
0.240056
0.275032
0.277679
0.124459
0.11243
0.126729
0.110313
0.1072
0.0970382
0.124405
0.110422
0.112375
0.124455
0.127287
0.110472
0.259774
0.24369
0.257959
0.237023
0.269439
0.25149
0.2153
0.200162
0.203222
0.229077
0.21546
0.222292
0.207805
0.200177
0.215315
0.17019
0.177218
0.186744
0.204556
0.189253
0.207732
0.228308
0.21582
0.219421
0.177328
0.167244
0.158109
0.201149
0.187231
0.204528
0.201069
0.180711
0.187151
0.187191
0.189184
0.204487
0.170119
0.180984
0.161574
0.20009
0.207717
0.189238
0.203127
0.200067
0.186931
0.203305
0.217995
0.222214
0.219523
0.246084
0.22841
0.154796
0.145646
0.160801
0.166553
0.154866
0.160871
0.155286
0.142118
0.154766
0.218061
0.209995
0.235372
0.241291
0.222415
0.240199
0.200069
0.191438
0.209788
0.203231
0.200136
0.217921
0.190405
0.185547
0.199985
0.269676
0.268752
0.290494
0.301302
0.271066
0.286174
0.242293
0.227684
0.217643
0.259802
0.242457
0.234511
0.268629
0.269553
0.253842
0.105997
0.130659
0.123883
0.268559
0.242571
0.259917
0.21587
0.228358
0.234317
0.217577
0.215834
0.234281
0.201245
0.204623
0.21568
0.127456
0.138586
0.146693
0.127382
0.124549
0.138511
0.157881
0.138657
0.137482
0.161467
0.169085
0.150042
0.167078
0.146826
0.138719
0.177425
0.187027
0.167341
0.169165
0.177334
0.158116
0.169269
0.189034
0.177438
0.163343
0.146909
0.16716
0.180519
0.163456
0.167273
0.180542
0.174221
0.163479
0.204657
0.207833
0.219315
0.177498
0.189093
0.1871
0.15003
0.169073
0.158024
0.161571
0.180981
0.169189
0.181176
0.200001
0.189149
0.196559
0.174332
0.180653
0.15798
0.167115
0.138756
0.227532
0.196861
0.21749
0.174125
0.151683
0.163382
0.151483
0.130887
0.146748
0.221592
0.209042
0.167061
0.23396
0.221783
0.199244
0.234238
0.282047
0.222061
0.222101
0.282086
0.245946
0.200624
0.224669
0.199142
0.267657
0.2822
0.234391
0.313955
0.327999
0.282667
0.143457
0.147995
0.118022
0.199019
0.221559
0.167027
0.172363
0.200449
0.198967
0.143452
0.172069
0.168187
0.175809
0.15085
0.149697
0.225141
0.273138
0.267595
0.179594
0.139586
0.148188
0.0925764
0.101265
0.0985236
0.0895126
0.0928778
0.0853588
0.0895826
0.106199
0.0929477
0.106531
0.120268
0.0976249
0.111635
0.101355
0.106301
0.1348
0.131995
0.122188
0.105539
0.101352
0.111632
0.092398
0.0933577
0.0982811
0.0894622
0.081985
0.0811593
0.101292
0.092987
0.106238
0.0853223
0.0819989
0.0894761
0.0773369
0.0777889
0.0714088
0.126946
0.124016
0.149444
0.12743
0.146667
0.130807
0.225052
0.241098
0.273049
0.199254
0.224781
0.23397
0.200764
0.240855
0.224809
0.201858
0.211032
0.178799
0.174343
0.201735
0.178676
0.196808
0.22748
0.201974
0.236869
0.251337
0.223655
0.227644
0.236749
0.211313
0.227805
0.242414
0.253615
0.202022
0.227528
0.211196
0.217665
0.234369
0.242316
0.130897
0.151492
0.149549
0.143609
0.143356
0.168092
0.116453
0.126899
0.143128
0.116332
0.107182
0.126779
0.0908188
0.0778676
0.0814452
0.122581
0.0910848
0.116265
0.0915938
0.0753326
0.0908443
0.117764
0.0918419
0.122589
0.143372
0.117937
0.122762
0.143205
0.143457
0.122847
0.166596
0.148158
0.14362
0.111059
0.0918032
0.117726
0.0752214
0.0714017
0.0777818
0.080303
0.0752972
0.0915584
0.0674978
0.0633289
0.0713275
0.0802225
0.0675673
0.0752167
0.0802155
0.0731364
0.0675604
0.107207
0.123874
0.126804
0.0908842
0.105808
0.107027
0.0909149
0.0932543
0.0884941
0.0969812
0.107143
0.0933369
0.107298
0.130603
0.105942
0.16817
0.166663
0.143687
0.0866481
0.085877
0.106379
0.0975122
0.0866871
0.106418
0.0753034
0.0713537
0.0633551
0.0865034
0.0753884
0.0736213
0.0810768
0.0714132
0.0753629
0.0753107
0.0633625
0.0735437
0.0852954
0.0814404
0.081972
0.075187
0.0675376
0.0713673
0.0503872
0.0730538
0.07269
0.181501
0.22898
0.208094
0.287644
0.246166
0.282306
0.327912
0.287918
0.28258
0.289849
0.246191
0.287669
0.356694
0.290406
0.343703
0.275065
0.237607
0.289778
0.148315
0.177645
0.179722
0.166848
0.168355
0.198841
0.229254
0.262932
0.208368
0.239648
0.229153
0.201552
0.277604
0.263164
0.229486
0.181254
0.207847
0.155291
0.102842
0.129491
0.154767
0.155131
0.201109
0.181231
0.164826
0.154879
0.166566
0.176722
0.164899
0.166639
0.141939
0.127613
0.128888
0.154733
0.142085
0.145583
0.155324
0.16141
0.146737
0.170044
0.155414
0.16484
0.170033
0.161488
0.155402
0.181479
0.201356
0.228958
0.129753
0.154891
0.180992
0.155029
0.129754
0.180992
0.0813968
0.0729239
0.111965
0.139608
0.179617
0.15492
0.154842
0.164789
0.155363
0.0952673
0.092904
0.0963449
0.0975036
0.0999399
0.0969268
0.094408
0.0918291
0.0933693
0.0969269
0.0932826
0.0909432
0.110292
0.0970175
0.101028
0.107173
0.105817
0.0933666
0.093364
0.091785
0.0928824
0.0969432
0.0933893
0.0952709
0.0918203
0.0917815
0.0933605
0.106214
0.0895979
0.0975213
0.0880572
0.085354
0.0928729
0.0925135
0.0880812
0.0928969
0.093359
0.0925499
0.0984971
0.0933304
0.0900018
0.0925214
0.0884579
0.0853029
0.0880423
0.107137
0.105918
0.123804
0.0909952
0.0958761
0.116175
0.0908382
0.0933117
0.105762
0.0958449
0.0908508
0.106993
0.085312
0.088467
0.0907536
0.0880317
0.0852924
0.0853285
0.0884937
0.0932538
0.0907802
0.100975
0.0969643
0.0944506
0.0814697
0.0852886
0.0907301
0.122499
0.0917521
0.0910025
0.0773843
0.0819454
0.0814139
0.0778224
0.0773704
0.0814001
0.0957598
0.0908788
0.0815052
0.0907652
0.0957594
0.0815048
0.107078
0.116229
0.0959301
0.0907981
0.0752865
0.0778469
0.0714199
0.0810834
0.077348
0.094602
0.100499
0.0932395
0.141999
0.128948
0.145497
0.14658
0.127672
0.141998
0.115181
0.126982
0.126747
0.115145
0.115996
0.126946
0.115994
0.114246
0.127477
0.126987
0.116037
0.12752
0.115033
0.103684
0.106
0.0812993
0.102342
0.0533975
0.112154
0.129278
0.0815859
0.129246
0.102597
0.0815538
0.112247
0.0993239
0.139197
0.129523
0.1124
0.154661
0.0729833
0.0991017
0.112025
0.053005
0.0199823
0.0463061
0.0804476
0.110959
0.0991231
0.090947
0.094417
0.0969307
0.0880579
0.0899706
0.0884736
0.0918209
0.0943998
0.0909299
0.0899913
0.0918061
0.0909151
0.0884831
0.0899801
0.0909039
0.0880714
0.0925038
0.0899841
0.0933757
0.0928941
0.0952574
0.0923711
0.0917781
0.091817
0.0920325
0.0945632
0.0901047
0.0907477
0.0920197
0.0900919
0.0923812
0.0945708
0.0920402
0.105929
0.0999701
0.0975338
0.115886
0.106002
0.103258
0.103634
0.0999906
0.10595
0.0933864
0.0969403
0.0944252
0.10594
0.0975446
0.103197
0.0952929
0.0999327
0.0969651
0.0952927
0.0969194
0.0999325
0.112297
0.110343
0.101079
0.114165
0.115913
0.103286
0.0199095
0.0312921
0.0462333
0.111156
0.139193
0.0993202
0.091678
0.110934
0.0804226
0.147959
0.139357
0.111319
0.117914
0.147887
0.111247
0.177848
0.208939
0.179925
0.16671
0.177601
0.148272
0.166914
0.208895
0.177805
0.179823
0.201104
0.155126
0.0464731
0.050298
0.0726008
0.0532101
0.0465113
0.081112
0.0313936
0.0501597
0.0463348
0.059852
0.0564444
0.0468163
0.0632793
0.0674482
0.0565249
0.0881429
0.0551642
0.0484666
0.0598732
0.0468375
0.0627667
0.0856425
0.0600034
0.062897
0.063254
0.0564996
0.0599071
0.0564122
0.0502449
0.0467841
0.103705
0.115055
0.112321
0.0985819
0.103612
0.101011
0.0944559
0.0985512
0.10098
0.0969883
0.103599
0.0985684
0.096993
0.0999605
0.103603
0.0736561
0.0857672
0.0865383
0.0811275
0.0754136
0.0865286
0.0600392
0.0856783
0.0735672
0.0314109
0.0549686
0.0467163
0.0910038
0.0857465
0.063001
0.12681
0.146385
0.119607
0.1136
0.109356
0.091252
0.119379
0.113634
0.0912856
0.119563
0.146341
0.113818
0.191613
0.175974
0.16183
0.1132
0.104016
0.11588
0.0959998
0.101209
0.107598
0.0891974
0.092293
0.101135
0.0865239
0.0922243
0.0832545
0.093235
0.101446
0.0923075
0.0865572
0.093185
0.0922576
0.0865499
0.0900817
0.0931777
0.0923433
0.101481
0.103898
0.100572
0.108135
0.101523
0.115075
0.106041
0.115926
0.091159
0.109263
0.0859017
0.161516
0.146525
0.126951
0.140254
0.133107
0.109585
0.146411
0.140313
0.113888
0.160543
0.133278
0.140425
0.175823
0.146689
0.16168
0.229579
0.219974
0.197287
0.175799
0.160685
0.140568
0.229485
0.197193
0.19191
0.183888
0.160831
0.175945
0.0933783
0.0985164
0.0983016
0.0918222
0.093336
0.0923763
0.0918142
0.0899994
0.0933281
0.0812111
0.0974374
0.089514
0.0773833
0.0811188
0.0819444
0.063311
0.0599641
0.0734922
0.176061
0.158998
0.183883
0.164891
0.176108
0.192086
0.16478
0.158934
0.175997
0.151483
0.164757
0.176662
0.145511
0.158831
0.164677
0.145406
0.133289
0.158726
0.119544
0.10639
0.120341
0.127238
0.133183
0.1453
0.0812014
0.0866025
0.0974276
0.109472
0.132994
0.106613
0.10952
0.113764
0.140189
0.0859531
0.109314
0.106455
0.0312985
0.0199159
0.0481586
0.0911002
0.0910218
0.0630189
0.0552219
0.09098
0.0628988
0.0468214
0.0550737
0.0627506
0.0314162
0.0482762
0.0549738
0.0885248
0.126522
0.0913042
0.0465767
0.0727045
0.0811774
0.0467001
0.0501609
0.0313948
0.0565002
0.0729995
0.0503329
0.0732168
0.0989715
0.0728531
0.067481
0.073057
0.0565577
0.080321
0.0989965
0.0732419
0.112433
0.139383
0.154694
0.0910652
0.0553071
0.0882859
0.143686
0.160777
0.156658
0.134425
0.145385
0.151277
0.1348
0.119685
0.134284
0.151242
0.134905
0.13439
0.143778
0.143547
0.132097
0.16076
0.1439
0.15136
0.141381
0.128096
0.130776
0.12046
0.127159
0.134261
0.119637
0.120434
0.134236
0.151273
0.143813
0.134937
0.111696
0.106361
0.119515
0.106317
0.0976242
0.120267
0.106629
0.127066
0.120367
0.106672
0.133054
0.127109
0.164893
0.192088
0.176798
0.160604
0.158777
0.13334
0.160774
0.183831
0.158946
0.111691
0.118926
0.105598
0.113163
0.107656
0.101266
0.125361
0.119593
0.113284
0.128062
0.136467
0.125467
0.184704
0.179517
0.197465
0.129482
0.139735
0.12851
0.150538
0.14453
0.157629
0.166608
0.164092
0.179344
0.16229
0.16658
0.172967
0.162176
0.150555
0.154828
0.140488
0.135523
0.129237
0.163674
0.148081
0.162197
0.144657
0.135599
0.147929
0.126559
0.119661
0.132415
0.131706
0.12662
0.13867
0.140527
0.131772
0.144502
0.129139
0.114989
0.131636
0.115931
0.107726
0.119543
0.114928
0.115978
0.126488
0.114845
0.101683
0.115895
0.103965
0.101549
0.112395
0.112409
0.101563
0.108175
0.118937
0.112467
0.108233
0.115878
0.104013
0.112443
0.220162
0.229767
0.253183
0.196987
0.18401
0.176066
0.191731
0.197013
0.176092
0.219869
0.198118
0.197181
0.197061
0.197998
0.184083
0.237292
0.220187
0.253208
0.237162
0.214665
0.220058
0.214442
0.192325
0.198083
0.20251
0.19234
0.214456
0.196096
0.191524
0.212088
0.191479
0.192263
0.202433
0.195943
0.178925
0.178964
0.205344
0.196142
0.212134
0.205263
0.187859
0.196061
0.16087
0.15147
0.176649
0.164652
0.151378
0.145486
0.166967
0.168015
0.15676
0.191413
0.195985
0.179006
0.176843
0.191349
0.178941
0.202499
0.212109
0.191546
0.187678
0.168158
0.178861
0.167041
0.178792
0.168089
0.160855
0.166943
0.156736
0.178867
0.178828
0.167077
0.176741
0.178839
0.160961
0.176887
0.192177
0.191393
0.101147
0.0959381
0.0892096
0.125425
0.132411
0.119657
0.115952
0.125349
0.113271
0.116001
0.127993
0.125398
0.129522
0.135537
0.144596
0.115399
0.108882
0.119304
0.121638
0.112441
0.120914
0.119394
0.12169
0.129392
0.128442
0.119416
0.129414
0.108858
0.108072
0.11928
0.108092
0.112398
0.121595
0.105485
0.0983422
0.098557
0.140521
0.146618
0.175752
0.091289
0.119304
0.0912106
0.0914079
0.126626
0.119423
0.197928
0.176191
0.184013
0.105524
0.108148
0.100585
0.101308
0.105495
0.0985669
0.0925577
0.0929411
0.101246
0.134344
0.127242
0.145304
0.130797
0.132053
0.143504
0.121171
0.130709
0.128028
0.115987
0.121122
0.127979
0.11251
0.11898
0.12108
0.119078
0.131971
0.130715
0.105586
0.118914
0.10821
0.122135
0.131942
0.119049
0.111747
0.122067
0.118981
0.111749
0.119568
0.122069
0.0952807
0.0963584
0.0969074
0.0969576
0.0985377
0.0944424
0.0842624
0.0831968
0.0772403
0.0944462
0.0843459
0.0909619
0.0864972
0.0832279
0.0842935
0.0901086
0.0945671
0.0932046
0.0892117
0.0900684
0.0865366
0.0843135
0.0891923
0.0865173
0.0944806
0.0963301
0.0892592
0.0917789
0.0923718
0.0920308
0.100552
0.0983489
0.105492
0.0932625
0.100522
0.101473
0.094619
0.0983124
0.100516
0.0907533
0.0917734
0.0920254
0.0924021
0.0982852
0.0945917
0.251262
0.26025
0.275587
0.198176
0.219927
0.214534
0.253342
0.260129
0.237426
0.251135
0.262473
0.235498
0.237303
0.251019
0.225801
0.237418
0.260122
0.251134
0.0907383
0.0900825
0.0892258
0.0928651
0.0907477
0.0892351
0.0928737
0.0917763
0.0907562
0.0963248
0.0928839
0.0892538
0.118819
0.128441
0.129863
0.115465
0.11937
0.128395
0.131627
0.114981
0.126541
0.140475
0.129224
0.131721
0.150449
0.140589
0.144564
0.154769
0.150496
0.144612
0.162153
0.148037
0.150532
0.147915
0.135585
0.140551
0.135461
0.129446
0.121744
0.139789
0.129536
0.14461
0.110603
0.0977569
0.114814
0.129068
0.110708
0.114919
0.0997139
0.0781989
0.0844221
0.112334
0.0999157
0.110602
0.112324
0.108018
0.0996553
0.135432
0.121715
0.120991
0.0996082
0.107971
0.0982809
0.0997843
0.0995335
0.0841266
0.0998788
0.112297
0.099628
0.0971769
0.0883231
0.0982071
0.10436
0.0972658
0.108772
0.0939629
0.0883089
0.0971626
0.0733439
0.0881508
0.0705235
0.101659
0.107666
0.115871
0.126504
0.115994
0.119606
0.262732
0.27572
0.288442
0.297793
0.274416
0.288555
0.235375
0.225795
0.251012
0.167017
0.160929
0.178807
0.157704
0.149254
0.167959
0.143643
0.143874
0.160734
0.14152
0.143621
0.156593
0.141433
0.130828
0.143535
0.149104
0.144454
0.136601
0.164025
0.157753
0.168008
0.163967
0.150603
0.157695
0.134759
0.122146
0.119645
0.143749
0.132068
0.134873
0.12107
0.115935
0.1125
0.136482
0.132468
0.125482
0.149175
0.157625
0.144525
0.156612
0.149162
0.141538
0.156701
0.167955
0.14925
0.150528
0.154769
0.144612
0.144466
0.150474
0.138793
0.163957
0.154834
0.150593
0.130679
0.121141
0.119041
0.262608
0.25127
0.275595
0.225679
0.214684
0.237181
0.212333
0.225665
0.235245
0.212224
0.202613
0.225555
0.192197
0.176219
0.197955
0.247997
0.227569
0.235371
0.274164
0.248244
0.262593
0.314031
0.281174
0.297901
0.313991
0.285978
0.281134
0.2617
0.262221
0.240365
0.258262
0.261686
0.240351
0.258414
0.285728
0.261839
0.255226
0.258224
0.235474
0.227593
0.255123
0.235372
0.24822
0.274139
0.255321
0.286925
0.307788
0.314996
0.255378
0.280845
0.258376
0.31408
0.307782
0.286068
0.227349
0.205449
0.212239
0.288437
0.274299
0.262728
0.240291
0.262147
0.239626
0.218997
0.22053
0.239415
0.235424
0.258174
0.240263
0.227455
0.235234
0.214146
0.281041
0.274391
0.297767
0.258478
0.280947
0.285792
0.255431
0.274249
0.280898
0.225563
0.202621
0.214568
0.113151
0.101254
0.103967
0.136591
0.141471
0.149094
0.132531
0.136545
0.144399
0.128116
0.141401
0.13652
0.119534
0.107717
0.113224
0.138733
0.132539
0.144406
0.131766
0.13873
0.144496
0.126623
0.132479
0.138673
0.0842906
0.0779136
0.0890929
0.0577506
0.0683809
0.0705107
0.101184
0.0923423
0.103897
0.0843509
0.0891532
0.0958817
0.07791
0.0832152
0.0890893
0.0909043
0.0842883
0.0772662
0.0843401
0.0944404
0.0892189
0.240082
0.220531
0.218866
0.0771695
0.0778208
0.0684703
0.0908932
0.0772552
0.0809956
0.0831754
0.0778702
0.0772189
0.285823
0.286674
0.261934
0.195972
0.187771
0.178954
0.262463
0.248114
0.235488
0.220601
0.240151
0.239486
0.198882
0.220394
0.218861
0.194256
0.184754
0.197514
0.1988
0.194379
0.220312
0.198658
0.178101
0.194238
0.205356
0.213947
0.197649
0.227635
0.248063
0.255165
0.287514
0.286857
0.314928
0.0335965
0.0185013
0.0436252
0.0771799
0.0684807
0.0809204
0.258512
0.285487
0.284292
0.20098
0.224211
0.197799
0.190941
0.201966
0.181916
0.284188
0.254444
0.258408
0.311065
0.284469
0.285663
0.281257
0.254521
0.284265
0.224462
0.226081
0.247796
0.229399
0.254233
0.250021
0.191036
0.210195
0.202061
0.260393
0.239693
0.262215
0.287251
0.260552
0.262374
0.258271
0.237295
0.260372
0.229356
0.237178
0.25419
0.214946
0.21897
0.237012
0.210365
0.214891
0.229135
0.202188
0.210323
0.229093
0.191011
0.194848
0.210171
0.194892
0.199766
0.214741
0.25825
0.254287
0.237274
0.239609
0.260309
0.237232
0.285784
0.320402
0.311185
0.260533
0.285407
0.258432
0.287528
0.320322
0.285704
0.284471
0.31599
0.281463
0.0478515
0.033695
0.0437237
0.0581734
0.0479336
0.0438058
0.0585606
0.0732041
0.0583072
0.0411484
0.0584048
0.0437839
0.0412289
0.0567508
0.0694885
0.0703698
0.0674772
0.0480536
0.0732439
0.0704235
0.058347
0.0806745
0.0675866
0.0704792
0.0674288
0.0559687
0.0480052
0.275795
0.248048
0.250155
0.281215
0.275906
0.250267
0.254407
0.281143
0.250195
0.316046
0.301063
0.281519
0.300983
0.297249
0.276129
0.0560785
0.0675386
0.0807184
0.112433
0.118698
0.108347
0.1154
0.119088
0.10944
0.123139
0.133303
0.130638
0.171745
0.17636
0.193032
0.14903
0.171566
0.167015
0.159674
0.176249
0.171633
0.146159
0.159474
0.141941
0.162046
0.176216
0.159642
0.157807
0.16194
0.14622
0.181734
0.17629
0.16212
0.130848
0.145758
0.12987
0.159483
0.148905
0.141951
0.21036
0.208947
0.233929
0.166602
0.186169
0.187947
0.186086
0.165333
0.165464
0.159583
0.171541
0.149005
0.193259
0.197753
0.218306
0.167146
0.171697
0.187917
0.176447
0.197613
0.193119
0.190844
0.181819
0.173102
0.180653
0.19084
0.173098
0.194928
0.214776
0.210251
0.305003
0.269815
0.272568
0.305066
0.291135
0.269877
0.105571
0.0829604
0.0962693
0.249989
0.247882
0.226167
0.297251
0.305096
0.27266
0.272365
0.269612
0.24451
0.248017
0.272292
0.244438
0.276034
0.297153
0.272562
0.0964152
0.126426
0.105717
0.0809352
0.0829089
0.105519
0.0969518
0.100822
0.102603
0.261955
0.299181
0.262561
0.244277
0.224524
0.247857
0.275869
0.272398
0.248123
0.243056
0.218628
0.244242
0.21841
0.197857
0.22427
0.235599
0.211471
0.218493
0.269582
0.264829
0.243296
0.234551
0.211525
0.235653
0.211329
0.193305
0.218351
0.186155
0.186159
0.165403
0.188004
0.171784
0.193071
0.17642
0.181863
0.200767
0.102654
0.100873
0.112136
0.096405
0.102687
0.126416
0.0963061
0.0969367
0.102588
0.290432
0.265059
0.29107
0.299275
0.262048
0.290449
0.234726
0.235827
0.263387
0.261929
0.26366
0.29033
0.235824
0.234193
0.262256
0.234812
0.263474
0.261743
0.234187
0.234714
0.261644
0.210449
0.234019
0.23565
0.210329
0.21037
0.235571
0.197828
0.186339
0.208746
0.186348
0.197833
0.210163
0.186268
0.186264
0.197753
0.209028
0.234538
0.23401
0.211227
0.188136
0.193204
0.243028
0.235705
0.218599
0.208797
0.188188
0.21128
0.102067
0.101824
0.100218
0.103042
0.102073
0.10084
0.101819
0.100533
0.100213
0.109338
0.101855
0.102097
0.1125
0.11914
0.127941
0.109394
0.112402
0.108316
0.10943
0.119078
0.112438
0.263532
0.291736
0.267458
0.112349
0.115012
0.102724
0.140921
0.112414
0.145898
0.102468
0.100545
0.102936
0.114979
0.102516
0.102691
0.114971
0.100263
0.102508
0.100865
0.100248
0.112128
0.100831
0.102063
0.100215
0.140777
0.102788
0.11227
0.0969532
0.103024
0.100823
0.117413
0.108637
0.116382
0.124714
0.11742
0.128762
0.121992
0.108677
0.117344
0.108581
0.10442
0.115348
0.0969493
0.0996473
0.10302
0.0896471
0.0808266
0.0939127
0.300929
0.276076
0.281385
0.159541
0.146226
0.161945
0.108528
0.0996906
0.104367
0.118705
0.108629
0.115396
0.128393
0.118771
0.115463
0.123029
0.112183
0.118742
0.112082
0.103101
0.108565
0.102101
0.10307
0.109342
0.0969046
0.0897199
0.0996027
0.229225
0.21498
0.237046
0.157907
0.165287
0.172937
0.162029
0.157896
0.172926
0.143013
0.151922
0.157762
0.146157
0.142994
0.157743
0.139864
0.144685
0.151868
0.197475
0.179527
0.187778
0.227355
0.214046
0.205455
0.180726
0.194749
0.190913
0.163758
0.162281
0.172957
0.171962
0.163806
0.17791
0.158434
0.148068
0.163661
0.199652
0.194778
0.180755
0.218915
0.235292
0.240132
0.239471
0.237094
0.219053
0.171976
0.180564
0.165359
0.188421
0.178082
0.198638
0.180734
0.188433
0.199631
0.172045
0.177992
0.188332
0.158519
0.171902
0.165286
0.158514
0.163741
0.171897
0.151998
0.158452
0.165219
0.144734
0.148005
0.15837
0.173134
0.184672
0.194174
0.173112
0.194152
0.178015
0.166655
0.18458
0.173042
0.197694
0.213991
0.218702
0.188341
0.180641
0.172054
0.218792
0.199793
0.198813
0.218846
0.214821
0.199847
0.173013
0.165363
0.180567
0.15193
0.144747
0.158383
0.164097
0.168081
0.179349
0.287627
0.31504
0.320421
0.311167
0.31609
0.284571
0.286828
0.285976
0.30769
0.262462
0.286681
0.287338
0.262376
0.261855
0.286596
0.225945
0.202241
0.229145
0.249927
0.226105
0.229305
0.224306
0.201074
0.225925
0.227449
0.212339
0.235251
0.205268
0.197561
0.187864
0.287328
0.285504
0.26063
0.218828
0.214117
0.235205
0.194446
0.218713
0.220378
0.19437
0.197628
0.218636
0.179428
0.16816
0.18768
0.297229
0.272001
0.296181
0.126565
0.102836
0.140825
0.108268
0.106955
0.100577
0.109359
0.10828
0.101876
0.118715
0.117366
0.108363
0.102983
0.108563
0.108584
0.102649
0.102941
0.101924
0.102651
0.102475
0.102943
0.102957
0.100565
0.108536
0.112301
0.102676
0.100661
0.100536
0.102459
0.100215
0.107009
0.116347
0.108602
0.101846
0.108251
0.10056
0.117354
0.116376
0.107038
0.108324
0.117327
0.107011
0.11884
0.13233
0.130766
0.128078
0.130682
0.141785
0.103104
0.112085
0.109375
0.157837
0.151996
0.165217
0.12996
0.142858
0.133367
0.135514
0.139833
0.151837
0.129967
0.135451
0.142865
0.129918
0.128497
0.135403
0.106956
0.108549
0.100578
0.129727
0.116452
0.11743
0.130753
0.129775
0.117478
0.11879
0.130716
0.117441
0.132431
0.148778
0.130866
0.146222
0.148904
0.132776
0.131392
0.146163
0.132717
0.145927
0.165135
0.14632
0.131436
0.145814
0.146207
0.143839
0.148977
0.156797
0.123687
0.132633
0.128809
0.131381
0.129872
0.145759
0.117543
0.131296
0.132621
0.117489
0.116458
0.131242
0.108661
0.117437
0.123568
0.116499
0.129774
0.131283
0.0828858
0.0898591
0.0809741
0.103772
0.0829332
0.0812239
0.0960351
0.0899096
0.0829364
0.123364
0.0962173
0.103958
0.106238
0.100623
0.0974549
0.110925
0.10266
0.101951
0.121971
0.111012
0.108656
0.120322
0.128081
0.116748
0.111011
0.120243
0.110254
0.122127
0.135015
0.131289
0.135329
0.119309
0.12814
0.0998707
0.105247
0.0940055
0.110223
0.116638
0.105358
0.102651
0.110158
0.099916
0.111051
0.12201
0.120283
0.2675
0.296082
0.271901
0.223444
0.248097
0.224716
0.204055
0.223296
0.224568
0.220157
0.245164
0.223419
0.215582
0.238132
0.220107
0.281545
0.301069
0.316038
0.248356
0.275814
0.249971
0.24843
0.271769
0.275887
0.267331
0.271731
0.245484
0.297259
0.300988
0.276148
0.115156
0.145812
0.112328
0.100296
0.115003
0.112175
0.112494
0.145812
0.115157
0.248185
0.2498
0.224805
0.271667
0.248327
0.24542
0.271933
0.297162
0.276051
0.315979
0.283336
0.281485
0.106456
0.123518
0.139642
0.112444
0.106419
0.139605
0.145895
0.112576
0.139738
0.101944
0.102961
0.108562
0.0973853
0.0899581
0.0960836
0.283464
0.316107
0.31984
0.287515
0.286825
0.312883
0.143739
0.146804
0.128924
0.1327
0.143691
0.128877
0.156839
0.161442
0.143881
0.143848
0.161409
0.146913
0.166374
0.156873
0.149052
0.166461
0.174893
0.156959
0.179972
0.182555
0.163822
0.218686
0.240651
0.234937
0.237239
0.258001
0.260377
0.216001
0.236958
0.218432
0.212342
0.230832
0.236987
0.261659
0.261776
0.240884
0.260397
0.261649
0.23929
0.237175
0.260314
0.239208
0.258166
0.286552
0.260543
0.287814
0.285836
0.262013
0.287347
0.287818
0.261902
0.28754
0.319412
0.288011
0.163101
0.149897
0.156487
0.287624
0.312993
0.319496
0.187525
0.174388
0.16382
0.203796
0.187687
0.182714
0.192551
0.174484
0.187622
0.212109
0.192736
0.205442
0.224599
0.230768
0.205611
0.215848
0.197447
0.21216
0.236937
0.21598
0.212292
0.218317
0.202691
0.215886
0.197263
0.180548
0.192603
0.212082
0.197369
0.192709
0.221063
0.239088
0.240673
0.231013
0.249839
0.253553
0.195623
0.20547
0.187842
0.169254
0.155367
0.171633
0.179291
0.16937
0.182147
0.163335
0.155339
0.169227
0.214896
0.205561
0.195714
0.182277
0.191852
0.195559
0.234893
0.231106
0.215112
0.0962252
0.123372
0.10631
0.0974402
0.102608
0.0998733
0.106223
0.0974398
0.0961382
0.100611
0.102611
0.0974427
0.112313
0.100673
0.106288
0.101916
0.102626
0.100626
0.102641
0.101916
0.100626
0.108589
0.110945
0.10197
0.263249
0.238346
0.236292
0.296149
0.267567
0.291845
0.236106
0.210416
0.235657
0.262354
0.263328
0.235922
0.238186
0.215636
0.236132
0.245372
0.238389
0.267219
0.245214
0.220207
0.238232
0.248166
0.223513
0.245258
0.230727
0.212237
0.20557
0.249742
0.230917
0.224747
0.25351
0.237125
0.230971
0.281165
0.253721
0.250007
0.257978
0.237216
0.253601
0.203839
0.182756
0.200278
0.223215
0.203974
0.200414
0.205398
0.187763
0.203872
0.237035
0.239068
0.21851
0.283049
0.258132
0.253755
0.28316
0.286628
0.258242
0.163624
0.156479
0.146963
0.179902
0.163751
0.161586
0.18258
0.187553
0.163847
0.262653
0.299274
0.289569
0.29181
0.263606
0.289547
0.262343
0.23428
0.261737
0.186094
0.166526
0.165337
0.215405
0.194968
0.21021
0.236038
0.215543
0.210348
0.219963
0.195
0.215438
0.174997
0.166565
0.187909
0.200239
0.180135
0.194816
0.179939
0.161623
0.174954
0.269514
0.243227
0.244412
0.29034
0.26367
0.264967
0.244179
0.218565
0.224425
0.264716
0.23586
0.243183
0.291
0.264989
0.269743
0.263488
0.235928
0.264784
0.234462
0.208952
0.211435
0.21017
0.188173
0.210211
0.194759
0.175091
0.188004
0.210119
0.194876
0.188121
0.186316
0.210131
0.188093
0.263508
0.262533
0.289449
0.23845
0.263353
0.267279
0.236283
0.235834
0.263241
0.219912
0.200373
0.19495
0.149017
0.146335
0.166339
0.200852
0.181949
0.201999
0.22585
0.201
0.202146
0.197638
0.176473
0.20082
0.165346
0.149009
0.166994
0.12794
0.118764
0.112499
0.148815
0.132468
0.14186
0.148823
0.145821
0.130911
0.082812
0.0809002
0.0678431
0.103822
0.0960818
0.0829831
0.16688
0.163238
0.180349
0.161786
0.152118
0.154497
0.120371
0.13126
0.12813
0.142797
0.149764
0.136993
0.142862
0.156419
0.149829
0.131358
0.135084
0.142729
0.128185
0.131315
0.136883
0.120351
0.122078
0.13124
0.135136
0.146822
0.142781
0.136932
0.131364
0.142735
0.124813
0.12886
0.146741
0.122105
0.124751
0.134993
0.122046
0.117398
0.124692
0.31948
0.307809
0.288079
0.280346
0.285969
0.309249
0.240788
0.259498
0.235074
0.287733
0.261933
0.261817
0.285742
0.259739
0.261919
0.309341
0.286061
0.307769
0.28018
0.2598
0.285803
0.253897
0.235118
0.259542
0.275689
0.247663
0.253993
0.308851
0.275981
0.280311
0.308878
0.288254
0.276008
0.231236
0.235023
0.253802
0.247514
0.231277
0.253844
0.222552
0.205705
0.231033
0.183864
0.196286
0.203775
0.205679
0.215014
0.231008
0.215273
0.196454
0.222469
0.235984
0.215406
0.222601
0.20388
0.196391
0.215211
0.187754
0.179398
0.195536
0.196305
0.187844
0.205472
0.222436
0.196421
0.205589
0.183687
0.168203
0.178892
0.172044
0.163424
0.179238
0.196203
0.183781
0.178986
0.158759
0.148131
0.163276
0.171975
0.163335
0.158839
0.19424
0.183857
0.203768
0.173896
0.157874
0.1681
0.194141
0.174069
0.183758
0.146734
0.133419
0.134507
0.155308
0.146885
0.157741
0.155227
0.133489
0.146804
0.166797
0.155789
0.163155
0.197323
0.202529
0.188324
0.188315
0.202519
0.194485
0.180452
0.188168
0.172773
0.180534
0.197249
0.18825
0.195517
0.179379
0.182235
0.1377
0.136337
0.127084
0.129527
0.137677
0.127061
0.155261
0.163257
0.14588
0.149121
0.148083
0.158711
0.120262
0.116688
0.110273
0.154566
0.172598
0.161855
0.135454
0.145178
0.139722
0.155779
0.172578
0.154546
0.136286
0.12261
0.127033
0.180472
0.17446
0.192527
0.0678438
0.0811033
0.0828126
0.260557
0.287256
0.26181
0.260641
0.28665
0.287339
0.283366
0.319742
0.286834
0.281277
0.283127
0.253833
0.275924
0.28124
0.250081
0.276095
0.300935
0.281411
0.319841
0.312992
0.286933
0.2632
0.247694
0.27572
0.279032
0.263346
0.288112
0.24741
0.222692
0.231173
0.280128
0.275798
0.254102
0.236091
0.222709
0.247426
0.25171
0.23624
0.263081
0.27891
0.251853
0.263224
0.237612
0.214105
0.225296
0.225295
0.215415
0.235993
0.236226
0.247562
0.263067
0.0575169
0.0663884
0.0484929
0.0303918
0.04271
0.048323
0.0708275
0.0775506
0.0684862
0.0428003
0.0455511
0.0601719
0.0484138
0.0428007
0.0574377
0.0303266
0.0288804
0.0426447
0.280423
0.309326
0.308963
0.288102
0.263335
0.275855
0.28599
0.287967
0.307697
0.254048
0.259693
0.280074
0.191961
0.21485
0.195668
0.20267
0.22083
0.207167
0.234851
0.21507
0.2186
0.237864
0.251715
0.263032
0.0707606
0.0684192
0.0575981
0.221452
0.237724
0.251552
0.122607
0.136283
0.126097
0.178999
0.187755
0.196216
0.153109
0.163303
0.168049
0.172124
0.187674
0.178918
0.126009
0.119162
0.113643
0.12863
0.128602
0.119395
0.136153
0.139006
0.128092
0.152948
0.143845
0.139115
0.139033
0.143764
0.128718
0.172043
0.178837
0.163403
0.16803
0.157804
0.153091
0.143809
0.146769
0.134542
0.119271
0.114769
0.105401
0.0931421
0.0921856
0.101732
0.180374
0.163263
0.174362
0.169307
0.179229
0.163415
0.171722
0.182122
0.169344
0.161854
0.171608
0.155342
0.172726
0.182878
0.171736
0.192037
0.218456
0.214926
0.194429
0.191848
0.182273
0.194512
0.207043
0.191931
0.240878
0.261769
0.259588
0.220995
0.240604
0.218639
0.239224
0.261584
0.240809
0.187676
0.172125
0.179319
0.145766
0.147998
0.136434
0.220989
0.218456
0.239014
0.20722
0.220883
0.218527
0.192011
0.207123
0.21843
0.194548
0.202582
0.207079
0.202708
0.218334
0.220867
0.183006
0.188249
0.194419
0.171809
0.182951
0.194364
0.172781
0.188176
0.182934
0.197415
0.215816
0.202621
0.171976
0.158839
0.163356
0.126021
0.113654
0.122531
0.136608
0.136139
0.126143
0.147967
0.136682
0.136403
0.147967
0.136212
0.136681
0.119086
0.113348
0.103672
0.127992
0.11921
0.126057
0.12795
0.113429
0.119168
0.0999579
0.0955671
0.10759
0.0922143
0.0999331
0.103537
0.0921087
0.083387
0.0885159
0.0775992
0.0708761
0.0829529
0.0475484
0.0340077
0.0332026
0.0565825
0.0476242
0.0332784
0.0731669
0.0809291
0.0861319
0.0810161
0.0677566
0.0568095
0.0678106
0.0808676
0.0731054
0.084961
0.0862234
0.0964881
0.0767592
0.0926393
0.0784666
0.0686396
0.0731214
0.084824
0.105185
0.116959
0.111228
0.0873901
0.102481
0.0927552
0.084869
0.0872483
0.0679649
0.0941883
0.0988559
0.109521
0.0849566
0.0940676
0.0873359
0.084995
0.0987736
0.094106
0.0989088
0.10995
0.109574
0.0495255
0.0333163
0.0528683
0.089896
0.0938911
0.081011
0.0999249
0.110167
0.105302
0.0973978
0.0998309
0.0899707
0.102688
0.110952
0.110195
0.0830092
0.0774137
0.0879204
0.251853
0.27891
0.263169
0.225188
0.203976
0.215307
0.251583
0.225417
0.236114
0.213992
0.203972
0.225184
0.174049
0.203612
0.161459
0.174181
0.20086
0.203745
0.141322
0.173789
0.145966
0.159267
0.183173
0.173974
0.0684048
0.0664553
0.0575837
0.0832968
0.0760393
0.0776176
0.08048
0.0665321
0.0684816
0.146033
0.173856
0.161266
0.000883619
0.0022395
0.00286967
0.00944728
0.00289841
0.00226824
0.00266921
0.00944651
0.00226747
0.00948115
0.0123616
0.00293228
0.0155807
0.0338518
0.0185825
0.0123408
0.00326251
0.00291141
0.0185311
0.0244901
0.00957388
0.0275759
0.0453955
0.0288804
0.0245297
0.0274513
0.012494
0.00955342
0.0244696
0.0124339
0.0332217
0.0494309
0.0246725
0.0483395
0.0454608
0.0276412
0.0186415
0.0339108
0.0331497
0.0124229
0.0273802
0.00334462
0.0247232
0.0494817
0.0483431
0.0186101
0.0331183
0.0245691
0.00272354
0.0184581
0.00950084
0.00274359
0.0154763
0.0184781
0.0340255
0.0528163
0.0332643
0.0330955
0.0339005
0.0156294
0.0033576
0.0273932
0.0162913
0.108889
0.0966318
0.105286
0.0731802
0.0861452
0.0848828
0.0530647
0.0730149
0.068533
0.0477942
0.0676996
0.0729944
0.0809986
0.0938787
0.0862014
0.11668
0.119183
0.109003
0.0275714
0.0246497
0.0482696
0.0529949
0.0477448
0.0729451
0.0496435
0.0529862
0.0684546
0.0340736
0.0476144
0.0528645
0.0602119
0.0574773
0.0428403
0.0566978
0.0676449
0.0477395
0.0287923
0.0302385
0.0163859
0.0274785
0.0287831
0.0163766
0.0454463
0.0426955
0.0289312
0.0677174
0.0484874
0.0496259
0.0848065
0.0679024
0.0686221
0.0649819
0.0485389
0.0677689
0.10256
0.0942007
0.109534
0.0783195
0.0603559
0.0650567
0.00180346
0.000864337
0.000476038
0.00806098
0.0124116
0.00186745
0.00808899
0.0027188
0.0199348
0.0124859
0.00813533
0.0240229
0.000502825
0.00265359
0.00802378
0.0123956
0.00329534
0.00185146
0.000500053
0.00802101
0.00182748
0.0240871
0.0272645
0.0125501
0.0199603
0.00274428
0.0156829
0.0324269
0.0371356
0.0201313
0.0309445
0.0323918
0.0158188
0.0421604
0.0487909
0.0575903
0.0240482
0.00816056
0.0200063
0.0512049
0.042184
0.0622316
0.027195
0.00338039
0.0124806
0.0272147
0.0183455
0.00340007
0.037178
0.041012
0.0242155
0.0157823
0.0323553
0.0200596
0.0908787
0.0843567
0.0958875
0.0684444
0.0663819
0.0808841
0.070578
0.0684481
0.0777987
0.0577365
0.0663043
0.0683668
0.0512794
0.0698907
0.0567858
0.0420844
0.0511053
0.0325471
0.0623247
0.0699093
0.051298
0.0576355
0.0622532
0.0422056
0.0758164
0.0699916
0.0624069
0.0842221
0.0758914
0.0706244
0.0511701
0.0566765
0.0373205
0.0908122
0.0843849
0.0759595
0.0844873
0.0976193
0.0997791
0.0488717
0.0662389
0.0576711
0.0436042
0.0184804
0.0273496
0.0897087
0.0968934
0.0962629
0.0566427
0.0411208
0.0372868
0.0325308
0.0510891
0.0372395
0.0998666
0.0977067
0.110553
0.0700725
0.0843227
0.0780994
0.0700651
0.0758899
0.0843153
0.162109
0.173006
0.181722
0.13059
0.119185
0.123092
0.146034
0.130714
0.13338
0.128002
0.119201
0.130607
0.132398
0.128084
0.14179
0.132321
0.118831
0.128007
0.133421
0.142912
0.146075
0.141845
0.130743
0.146062
0.142939
0.135524
0.151847
0.123137
0.129893
0.1333
0.123088
0.118801
0.129845
0.135436
0.12853
0.139755
0.112134
0.108618
0.118694
0.115423
0.112172
0.123018
0.119134
0.115446
0.123041
0.109417
0.112126
0.115377
0.103059
0.0996862
0.108524
0.119322
0.108115
0.121618
0.104421
0.108832
0.115349
0.10431
0.0940166
0.0972163
0.0828552
0.0807895
0.08961
0.0842286
0.0706309
0.0778517
0.0908848
0.0975894
0.0844575
0.0842898
0.0908119
0.0759592
0.101543
0.0976468
0.0909421
0.107599
0.101593
0.0960011
0.114784
0.0977268
0.101623
0.0371078
0.0241453
0.0201035
0.0972454
0.0982756
0.108751
0.080822
0.088254
0.093908
0.0780073
0.0568754
0.0699804
0.0981631
0.0882792
0.0840836
0.0995282
0.0982009
0.0841213
0.108002
0.108787
0.0983117
0.0839383
0.073327
0.0696868
0.0438412
0.058462
0.0582087
0.084055
0.0781976
0.0997127
0.0733891
0.0840004
0.088196
0.073242
0.0585985
0.0696017
0.04368
0.0274253
0.0410445
0.0697028
0.0780969
0.0839543
0.0412347
0.0694943
0.0584911
0.0568742
0.0780061
0.0696119
0.0996419
0.0940247
0.104318
0.0881756
0.0807436
0.0705483
0.0995929
0.0897101
0.0939757
0.0703388
0.0480226
0.0582624
0.0827815
0.0676279
0.0807158
0.0962159
0.082907
0.0896618
0.080808
0.0676282
0.0827818
0.0558557
0.0337357
0.0478922
0.0273599
0.0241825
0.040979
0.184601
0.166676
0.179413
0.199691
0.188493
0.198711
0.15046
0.147965
0.140601
0.154881
0.16652
0.162229
0.138793
0.150475
0.144558
0.16401
0.166526
0.154887
0.17301
0.177913
0.16381
0.042017
0.0324797
0.0310324
0.048702
0.0420715
0.0310869
0.0624088
0.0705512
0.0758182
0.0832633
0.092233
0.0891374
0.120933
0.110728
0.129089
0.135457
0.121016
0.129171
0.112404
0.110672
0.120877
0.0623481
0.0577304
0.0704905
0.0909364
0.0959452
0.101537
0.17641
0.175336
0.174594
0.173425
0.175323
0.173695
0.16524
0.173391
0.173662
0.179205
0.175342
0.173443
0.18997
0.179261
0.175498
0.174604
0.175346
0.179209
0.175511
0.183083
0.189982
0.165246
0.175396
0.173397
0.16727
0.183007
0.175435
0.179712
0.174618
0.179224
0.161659
0.155525
0.16514
0.155326
0.167111
0.15551
0.147849
0.147545
0.162742
0.124368
0.136306
0.126912
0.147587
0.160482
0.162785
0.137025
0.147421
0.136417
0.13707
0.149902
0.147466
0.122698
0.136902
0.124356
0.173328
0.156397
0.166942
0.122742
0.137651
0.136946
0.122702
0.124863
0.13761
0.20496
0.227972
0.227538
0.174207
0.191849
0.196475
0.18635
0.173529
0.197248
0.201912
0.186445
0.197343
0.176712
0.17346
0.186281
0.147761
0.136453
0.147457
0.155286
0.147875
0.162768
0.155181
0.142151
0.137113
0.212835
0.185688
0.194402
0.188585
0.214118
0.191999
0.242921
0.240147
0.21318
0.236711
0.21435
0.213276
0.267929
0.268651
0.240416
0.234618
0.214422
0.236783
0.213101
0.185751
0.212898
0.190062
0.183163
0.199365
0.190863
0.190088
0.19939
0.179764
0.179275
0.189984
0.127948
0.142032
0.128858
0.155242
0.155427
0.142212
0.127976
0.137022
0.142059
0.162856
0.173972
0.155373
0.165201
0.173622
0.16172
0.167144
0.165159
0.155543
0.16721
0.175375
0.165225
0.179205
0.173444
0.175443
0.161594
0.145656
0.155459
0.156207
0.137792
0.145513
0.147544
0.149981
0.160439
0.137037
0.137742
0.14987
0.308135
0.324268
0.30407
0.295917
0.30804
0.303975
0.295586
0.294764
0.303938
0.322595
0.319395
0.307989
0.34247
0.344437
0.328865
0.314863
0.305589
0.33926
0.322684
0.314921
0.339317
0.322579
0.307974
0.314816
0.304542
0.28468
0.294407
0.284563
0.29098
0.273039
0.274322
0.284507
0.272983
0.294462
0.295761
0.309887
0.285778
0.294344
0.284617
0.303978
0.29442
0.307843
0.29441
0.294732
0.295554
0.285812
0.294315
0.294699
0.303983
0.308039
0.29563
0.30453
0.291086
0.284669
0.279165
0.290155
0.305306
0.114631
0.112461
0.124247
0.0970879
0.103588
0.099927
0.100794
0.112346
0.103642
0.106844
0.110249
0.0973805
0.122616
0.124274
0.112488
0.124772
0.12261
0.110393
0.216157
0.231989
0.23135
0.197442
0.215943
0.202011
0.215055
0.214349
0.234545
0.197485
0.214936
0.215986
0.197405
0.192031
0.214856
0.0991993
0.0902542
0.0958745
0.111859
0.0992718
0.095947
0.111907
0.110093
0.0993193
0.0919247
0.0972655
0.09079
0.0963562
0.0919132
0.0882715
0.0963865
0.0972843
0.0919434
0.402954
0.37703
0.436911
0.290956
0.314693
0.309709
0.293978
0.316958
0.278095
0.228152
0.244118
0.24215
0.167173
0.155388
0.173987
0.23143
0.244082
0.228116
0.231451
0.232091
0.246295
0.244143
0.231491
0.246336
0.216474
0.204836
0.202038
0.21358
0.19665
0.204809
0.124888
0.122262
0.145357
0.280346
0.290243
0.294282
0.285764
0.280331
0.294267
0.274278
0.264113
0.280192
0.250111
0.272558
0.264007
0.250094
0.258882
0.272541
0.190932
0.199459
0.21048
0.190798
0.179802
0.190023
0.115986
0.127812
0.114253
0.136947
0.13634
0.124402
0.142091
0.145502
0.128917
0.137069
0.136418
0.147726
0.155394
0.145591
0.14218
0.136971
0.127925
0.126926
0.136348
0.136999
0.126955
0.147789
0.1552
0.137132
0.114295
0.127855
0.128765
0.116028
0.126856
0.127855
0.104009
0.115906
0.114173
0.114652
0.126812
0.115984
0.103982
0.105879
0.115878
0.290834
0.309587
0.278217
0.0922205
0.103543
0.101767
0.090201
0.0869843
0.0930862
0.088526
0.0830716
0.0954469
0.13611
0.128049
0.126114
0.13633
0.136609
0.126144
0.149016
0.139076
0.136223
0.119279
0.109391
0.113368
0.149072
0.152965
0.139132
0.114734
0.108942
0.105366
0.128556
0.114846
0.119348
0.12857
0.123448
0.11486
0.114464
0.109001
0.123381
0.133293
0.12
0.123481
0.101293
0.101669
0.114366
0.0950076
0.0935295
0.0926213
0.0936469
0.095008
0.0926217
0.0996798
0.0935531
0.0950313
0.103673
0.113568
0.119087
0.129438
0.126972
0.111343
0.11704
0.129405
0.111309
0.137763
0.145732
0.136399
0.141214
0.137725
0.129574
0.1413
0.15516
0.13781
0.126959
0.139639
0.129041
0.155175
0.145795
0.137826
0.152052
0.155208
0.141347
0.152121
0.161789
0.155277
0.139764
0.152
0.141296
0.139808
0.154424
0.152045
0.129089
0.139687
0.141219
0.14274
0.136993
0.149763
0.154454
0.145295
0.155688
0.135407
0.128218
0.142662
0.172656
0.171666
0.161912
0.18038
0.172702
0.166912
0.194361
0.182206
0.171806
0.163232
0.148088
0.145856
0.149046
0.136253
0.148008
0.0965302
0.0987817
0.0850031
0.0939308
0.0965182
0.0862535
0.108868
0.0988618
0.0966103
0.116634
0.108956
0.105354
0.109947
0.0989066
0.108912
0.11916
0.110015
0.10898
0.11922
0.126827
0.110075
0.128077
0.119247
0.116744
0.126819
0.117026
0.109691
0.136921
0.142668
0.128223
0.141185
0.129545
0.129055
0.155732
0.149894
0.163099
0.172619
0.155821
0.166829
0.145189
0.135464
0.142719
0.155649
0.145256
0.142787
0.154401
0.139785
0.145242
0.119305
0.135325
0.126912
0.142803
0.149826
0.155664
0.115826
0.107672
0.10424
0.0685043
0.0677845
0.0496931
0.0939945
0.105236
0.0965819
0.0879809
0.0954451
0.0830697
0.0926769
0.0879564
0.0785042
0.104107
0.0955157
0.0880515
0.0927628
0.104097
0.0880423
0.115952
0.126965
0.122542
0.111221
0.115838
0.104252
0.111297
0.126927
0.115914
0.0939542
0.0899591
0.0998194
0.165275
0.145936
0.148938
0.187965
0.186167
0.167194
0.165199
0.145991
0.16533
0.197909
0.208826
0.210239
0.167119
0.186092
0.16547
0.188104
0.208713
0.186307
0.166393
0.146389
0.165203
0.174876
0.161546
0.156943
0.194732
0.18005
0.175065
0.223269
0.200468
0.220007
0.224509
0.205521
0.203996
0.163716
0.174284
0.15657
0.200198
0.182677
0.180094
0.20536
0.192655
0.187725
0.123568
0.117349
0.108661
0.132595
0.123649
0.117517
0.128758
0.117417
0.123636
0.148896
0.143758
0.132768
0.146762
0.135076
0.124834
0.163641
0.14698
0.161475
0.163183
0.156569
0.174282
0.142852
0.146893
0.156409
0.117299
0.108632
0.108611
0.164179
0.14759
0.155332
0.183211
0.164382
0.180314
0.18314
0.159235
0.164311
0.221152
0.201
0.198679
0.159115
0.147603
0.164192
0.200791
0.174113
0.183312
0.1193
0.0912864
0.0909939
0.145696
0.119562
0.115019
0.145736
0.126807
0.119602
0.126946
0.145875
0.161108
0.123769
0.10633
0.121026
0.159038
0.141278
0.147526
0.094069
0.106239
0.123678
0.0760577
0.0833152
0.0831176
0.0900873
0.0760805
0.0831403
0.0685035
0.0775679
0.0759896
0.11329
0.101838
0.103614
0.194129
0.180382
0.174058
0.213889
0.194341
0.203869
0.213871
0.198633
0.194323
0.0929802
0.0932388
0.0956765
0.088895
0.0929673
0.0961608
0.088875
0.0902069
0.0929473
0.0930165
0.10118
0.0890974
0.108874
0.10164
0.0982279
0.108929
0.114391
0.101694
0.0970614
0.0999006
0.0957124
0.0919201
0.0940224
0.0932297
0.0940654
0.0973059
0.100711
0.088108
0.0923829
0.0929838
0.105383
0.109364
0.119253
0.0982403
0.105311
0.108887
0.0997669
0.109299
0.105318
0.0935637
0.0996903
0.0981702
0.0936931
0.101759
0.0997028
0.119342
0.11343
0.12795
0.0982095
0.0997296
0.10528
0.101857
0.113309
0.109333
0.0999107
0.0991401
0.0966616
0.112442
0.110352
0.122569
0.11454
0.105873
0.103667
0.12684
0.114679
0.124295
0.115914
0.105914
0.114581
0.100816
0.110279
0.112369
0.0940646
0.100711
0.0970586
0.0932469
0.0940395
0.0970336
0.0907971
0.0972726
0.0940321
0.0973601
0.110228
0.100766
0.0970906
0.100742
0.103591
0.126521
0.0885263
0.0913023
0.0885824
0.0955034
0.0998941
0.0921641
0.0885712
0.0998829
0.0776582
0.0830119
0.0884663
0.060397
0.0783606
0.0773061
0.0575709
0.0603055
0.0707334
0.0455859
0.0484645
0.0649075
0.100018
0.10765
0.113518
0.0941264
0.102485
0.0873947
0.126795
0.109668
0.110043
0.116945
0.102636
0.10961
0.128965
0.117091
0.126883
0.135393
0.139661
0.12698
0.129464
0.117099
0.128974
0.0766669
0.0783742
0.0651114
0.105076
0.0928145
0.10254
0.11693
0.105156
0.102621
0.111147
0.0928434
0.105104
0.111144
0.104175
0.0928403
0.122477
0.107734
0.115887
0.0766316
0.0650762
0.0678632
0.0872209
0.0767059
0.0679375
0.0873039
0.092669
0.0767889
0.0773984
0.0784529
0.0879051
0.0708753
0.0773565
0.082952
0.0707995
0.0603716
0.0772807
0.0602462
0.0456254
0.064947
0.100005
0.113504
0.103609
0.104172
0.107604
0.0955813
0.122469
0.113593
0.107726
0.0919119
0.0907791
0.0940142
0.0935114
0.0903321
0.0919087
0.0936706
0.0996802
0.0950317
0.0981458
0.0924184
0.0935393
0.0880852
0.0882385
0.0903017
0.0935131
0.0923922
0.0903337
0.0772545
0.0712398
0.0783854
0.0901603
0.0845164
0.0825028
0.0822675
0.103184
0.0864501
0.103265
0.106146
0.0865302
0.157831
0.173853
0.155399
0.146847
0.143887
0.157702
0.123529
0.134429
0.133341
0.123513
0.128635
0.134414
0.168187
0.18367
0.173982
0.143908
0.15301
0.157723
0.163259
0.149172
0.158762
0.168135
0.163389
0.178824
0.153046
0.149153
0.16324
0.115092
0.141125
0.145769
0.0939881
0.114751
0.0909877
0.0940979
0.123707
0.114861
0.155238
0.147496
0.136061
0.180428
0.198484
0.183325
0.173928
0.180253
0.155474
0.201103
0.221255
0.229436
0.20393
0.201045
0.229378
0.183394
0.198552
0.200873
0.194211
0.19852
0.180464
0.221424
0.251524
0.229605
0.213961
0.221196
0.198723
0.237864
0.263031
0.251691
0.214092
0.237599
0.221326
0.237738
0.225422
0.251589
0.0964363
0.106798
0.0973342
0.0907598
0.0882527
0.0918944
0.117416
0.11228
0.139633
0.117201
0.0959399
0.0918133
0.13524
0.117505
0.143454
0.135158
0.124397
0.112074
0.0901983
0.0825407
0.0958186
0.0845356
0.0901795
0.0882262
0.0880658
0.0845285
0.0882191
0.0853271
0.0824866
0.0845002
0.085317
0.0814954
0.0824765
0.0930584
0.101597
0.101222
0.0880845
0.0929602
0.0853741
0.0924281
0.101568
0.0930289
0.0903156
0.092374
0.0880991
0.0981728
0.101585
0.0924454
0.0814685
0.0773023
0.0824496
0.0890059
0.0815173
0.0853389
0.0929635
0.0890443
0.0853773
0.101214
0.103257
0.0891317
0.0890682
0.103193
0.0822763
0.0784464
0.0751159
0.0916141
0.0825457
0.091697
0.0958236
0.0831989
0.0888578
0.0948071
0.0805118
0.0685134
0.0759995
0.0921361
0.0930927
0.0869908
0.0936711
0.0931471
0.101737
0.109287
0.0997551
0.101812
0.0926112
0.0918824
0.0936364
0.0901868
0.088855
0.0869701
0.0543991
0.0312858
0.0429424
0.090805
0.0910975
0.0629985
0.050975
0.0313128
0.054426
0.0511657
0.0546168
0.0881516
0.0902233
0.0931085
0.0936325
0.093226
0.0929675
0.0918822
0.0831725
0.0869465
0.0888314
0.0805841
0.0760719
0.0900788
0.0833517
0.0869281
0.0831541
0.0884674
0.0833385
0.0776593
0.0921035
0.0869582
0.0833817
0.0918721
0.0929574
0.090217
0.0936283
0.0918744
0.0902192
0.0926099
0.0932248
0.091881
0.0948114
0.0901502
0.0832032
0.04579
0.0311801
0.0199476
0.0763225
0.0494428
0.0792928
0.0576206
0.0604366
0.0430506
0.194562
0.185327
0.231885
0.235641
0.19473
0.232054
0.199355
0.168167
0.194395
0.13999
0.167881
0.168385
0.147943
0.184958
0.167963
0.110217
0.0943632
0.118978
0.112235
0.110325
0.133352
0.0921269
0.0942731
0.110127
0.139687
0.112334
0.13345
0.078378
0.0712324
0.0750475
0.125704
0.146622
0.179678
0.119207
0.125505
0.147581
0.1335
0.119234
0.147608
0.094414
0.125327
0.119029
0.133375
0.110348
0.119109
0.167791
0.133663
0.147771
0.0916388
0.0824875
0.0784711
0.110187
0.112097
0.0921867
0.11212
0.117256
0.0918676
0.0921249
0.112035
0.0917833
0.139738
0.143469
0.11752
0.0749993
0.0711842
0.0640143
0.0919308
0.0750911
0.0706992
0.0920012
0.0916595
0.0751614
0.110864
0.0881568
0.130219
0.0763212
0.0705891
0.0577659
0.110655
0.0765279
0.0794982
0.0940889
0.070711
0.0764431
0.046085
0.0516754
0.0876775
0.0793202
0.0461778
0.0877703
0.0491805
0.0312782
0.0458881
0.106936
0.124719
0.11034
0.111991
0.124313
0.110177
0.117269
0.11192
0.0960074
0.1174
0.135134
0.112051
0.0845189
0.0880562
0.0853457
0.0963505
0.0882658
0.0902192
0.0907544
0.0903106
0.0882474
0.119379
0.0910729
0.114836
0.0547506
0.0910615
0.0882855
0.0546654
0.0628773
0.0909762
0.0745183
0.0863929
0.0938382
0.0639582
0.0688705
0.0605441
0.0576907
0.0639207
0.0605066
0.0706055
0.0749974
0.0640123
0.0712245
0.0821021
0.0689669
0.0639938
0.0711637
0.0689062
0.0493704
0.07625
0.0576947
0.094141
0.0919948
0.0707632
0.078423
0.0824394
0.0772921
0.119826
0.10336
0.101317
0.123418
0.119937
0.114501
0.133334
0.135896
0.120042
0.18022
0.164289
0.155441
0.119863
0.101354
0.114427
0.121003
0.103426
0.119892
0.147341
0.123906
0.121164
0.0939442
0.0864989
0.106114
0.0814675
0.0821643
0.0773014
0.167765
0.139873
0.133636
0.287077
0.317058
0.314705
0.29088
0.286989
0.314617
0.263204
0.251838
0.286687
0.251887
0.277853
0.286736
0.233273
0.251659
0.263025
0.235984
0.277683
0.251717
0.199602
0.235553
0.200729
0.168693
0.199377
0.200504
0.168119
0.185114
0.194348
0.232308
0.237659
0.268764
0.199581
0.194621
0.235532
0.185471
0.237379
0.232029
0.294152
0.329851
0.317132
0.269105
0.293817
0.277935
0.269278
0.329691
0.293991
0.235919
0.232332
0.277618
0.237806
0.276301
0.268912
0.293387
0.278226
0.309595
0.325053
0.309918
0.293545
0.290032
0.279042
0.268854
0.277919
0.267969
0.243231
0.22075
0.251007
0.242983
0.293288
0.290078
0.268177
0.143639
0.139908
0.168304
0.194519
0.220461
0.212952
0.16069
0.14444
0.174297
0.220623
0.242856
0.213114
0.174562
0.190168
0.194289
0.286954
0.278072
0.316935
0.251309
0.263215
0.290588
0.233064
0.200894
0.25145
0.190451
0.232926
0.220514
0.200903
0.235727
0.251459
0.16808
0.199269
0.168584
0.251199
0.277863
0.243175
0.233129
0.250974
0.220717
0.290638
0.278022
0.251358
0.110066
0.106841
0.096479
0.0902559
0.099201
0.0963872
0.124347
0.122143
0.110211
0.110152
0.122084
0.106927
0.0964536
0.0992674
0.110041
0.236983
0.240312
0.268547
0.258826
0.237045
0.26861
0.160874
0.185494
0.188386
0.145625
0.160669
0.166864
0.139996
0.144325
0.160575
0.145535
0.14
0.160579
0.124505
0.135266
0.144189
0.170938
0.143743
0.168408
0.174452
0.161515
0.190058
0.185559
0.174547
0.194274
0.185447
0.160827
0.174435
0.135387
0.1436
0.161229
0.170914
0.161348
0.14372
0.200409
0.171128
0.168598
0.190047
0.161503
0.17107
0.232859
0.190385
0.200689
0.220385
0.194443
0.190322
0.171201
0.200482
0.190178
0.144442
0.161362
0.174299
0.12452
0.144204
0.139875
0.135389
0.161231
0.144312
0.124759
0.106976
0.122133
0.130429
0.102811
0.158965
0.0493413
0.0460489
0.0791912
0.0518641
0.10231
0.0878662
0.130661
0.159197
0.171956
0.0821528
0.0863354
0.0690176
0.0772671
0.08213
0.0712523
0.0815068
0.0889954
0.0822035
0.133452
0.15519
0.136013
0.121112
0.120001
0.135855
0.147381
0.121204
0.135946
0.106261
0.10338
0.120958
0.128628
0.119393
0.128001
0.138981
0.128694
0.128067
0.138983
0.128668
0.128696
0.134482
0.128703
0.143749
0.123382
0.109002
0.114794
0.0743282
0.0628413
0.0605587
0.0689054
0.0743486
0.060579
0.0938531
0.0908528
0.0745333
0.0639544
0.0577244
0.0705476
0.0863095
0.0744349
0.0689917
0.0627364
0.0430678
0.0604538
0.0907491
0.0629426
0.0744295
0.141366
0.159127
0.173833
0.123865
0.141051
0.115018
0.123974
0.147408
0.14116
0.119419
0.126625
0.091406
0.0430131
0.0492588
0.0575831
0.0545045
0.0430478
0.0627164
0.0312683
0.0491705
0.0429248
0.0199647
0.0311971
0.0508593
0.0200157
0.0514483
0.045858
0.0766259
0.125185
0.0942717
0.105824
0.0999563
0.103618
0.112392
0.114562
0.103689
0.103926
0.0991842
0.105823
0.0889013
0.0961671
0.0948506
0.226645
0.20906
0.26281
0.130619
0.171914
0.146612
0.111059
0.130414
0.146408
0.088129
0.102573
0.130191
0.159459
0.208533
0.172217
0.201462
0.237233
0.180234
0.316283
0.277974
0.26334
0.3168
0.376442
0.319446
0.201132
0.146849
0.17215
0.22679
0.277588
0.237643
0.184998
0.147983
0.179881
0.110694
0.0795367
0.0879868
0.125474
0.111043
0.146392
0.12524
0.0766814
0.110809
0.290276
0.279165
0.305306
0.314699
0.290396
0.305425
0.280264
0.285697
0.27435
0.26392
0.246464
0.250023
0.280187
0.264108
0.272659
0.25986
0.256925
0.244273
0.27421
0.259984
0.264046
0.27424
0.272901
0.260013
0.259999
0.2423
0.256919
0.296123
0.260253
0.279018
0.264955
0.235428
0.24074
0.227625
0.240558
0.21832
0.204912
0.22749
0.213684
0.242137
0.240638
0.227705
0.124939
0.145408
0.137687
0.0929901
0.0956864
0.0961836
0.0919154
0.093225
0.09261
0.0935191
0.0919164
0.092611
0.0903229
0.0907667
0.0918995
0.0956986
0.0966376
0.0961958
0.0970391
0.0956901
0.0932524
0.0998992
0.0966501
0.095711
0.147784
0.125708
0.179682
0.269442
0.34265
0.329854
0.319091
0.310245
0.276711
0.359292
0.342886
0.3106
0.0999414
0.105809
0.0991708
0.359435
0.319589
0.376585
0.442033
0.475783
0.516983
0.375545
0.399154
0.441303
0.399489
0.475388
0.441638
0.418873
0.475312
0.399413
0.480108
0.51001
0.437614
0.409673
0.479771
0.437277
0.442047
0.516998
0.480146
0.482102
0.429298
0.465936
0.330321
0.375098
0.37658
0.319117
0.278161
0.31647
0.310521
0.319368
0.359213
0.276603
0.278027
0.318983
0.269154
0.276544
0.310077
0.237388
0.201617
0.226535
0.237702
0.237675
0.276197
0.23738
0.180355
0.237353
0.376917
0.418412
0.359766
0.630303
0.559312
0.607591
0.429033
0.403225
0.465672
0.427484
0.407933
0.450824
0.384823
0.402953
0.428762
0.450829
0.407938
0.429
0.358891
0.341154
0.384383
0.46628
0.531672
0.482445
0.40751
0.388884
0.362824
0.428778
0.407717
0.384839
0.427277
0.3891
0.407726
0.437567
0.509963
0.466057
0.218346
0.240583
0.235271
0.19955
0.218126
0.210571
0.227663
0.228097
0.242095
0.19956
0.213634
0.218136
0.196446
0.183101
0.174177
0.517371
0.553242
0.480519
0.17408
0.183003
0.167266
0.160579
0.17659
0.162882
0.19653
0.199386
0.183185
0.191969
0.201955
0.204754
0.196577
0.191951
0.204736
0.176773
0.186343
0.191823
0.162927
0.176636
0.174044
0.160614
0.173374
0.176626
0.213562
0.199488
0.196632
0.318818
0.339273
0.305603
0.290287
0.318654
0.305438
0.310041
0.336631
0.318824
0.290302
0.309886
0.318669
0.268818
0.268095
0.289996
0.258966
0.26875
0.278938
0.272638
0.258979
0.278951
0.167061
0.191791
0.173446
0.231935
0.216102
0.215052
0.150067
0.173285
0.160525
0.156304
0.145611
0.166849
0.150053
0.15634
0.173271
0.149934
0.137806
0.156221
0.122312
0.139871
0.145407
0.160812
0.188324
0.167007
0.216609
0.216105
0.231298
0.204923
0.216561
0.227935
0.202075
0.216007
0.216511
0.228024
0.216649
0.231338
0.174141
0.176732
0.191782
0.214912
0.192087
0.214207
0.191908
0.186427
0.201894
0.173548
0.191892
0.197266
0.234721
0.249878
0.232113
0.215114
0.234604
0.231997
0.188656
0.213115
0.214189
0.167111
0.188428
0.191841
0.185669
0.213019
0.188561
0.240331
0.243105
0.267843
0.213363
0.240127
0.236797
0.213283
0.21308
0.240048
0.249917
0.246357
0.232152
0.258712
0.234767
0.236931
0.339219
0.336874
0.362422
0.339532
0.339229
0.362634
0.318921
0.336728
0.339073
0.293428
0.309801
0.290218
0.293544
0.309753
0.325052
0.124447
0.139801
0.122242
0.293248
0.268137
0.278087
0.258756
0.249967
0.23481
0.237205
0.185297
0.18018
0.237809
0.277755
0.276331
0.146875
0.201158
0.179931
0.226875
0.26304
0.277674
0.172417
0.226317
0.201399
0.172442
0.208757
0.226341
0.263334
0.286817
0.290708
0.310299
0.342584
0.269376
0.375363
0.409122
0.376845
0.343004
0.374986
0.330208
0.343235
0.398825
0.375216
0.398772
0.343182
0.359588
0.418486
0.399025
0.35984
0.441337
0.409338
0.375579
0.233271
0.263023
0.251116
0.277729
0.232443
0.268899
0.330127
0.376387
0.317408
0.466373
0.510279
0.531765
0.339492
0.361017
0.315027
0.376418
0.339552
0.317439
0.376565
0.361223
0.339699
0.436932
0.377051
0.409328
0.361022
0.34093
0.315032
0.402701
0.361435
0.376777
0.402727
0.384598
0.361461
0.465699
0.403252
0.437209
0.384391
0.341162
0.361254
0.451019
0.465898
0.427679
0.482052
0.451078
0.429248
0.482314
0.507262
0.45134
0.325211
0.309911
0.340793
0.336816
0.325361
0.358679
0.336652
0.310063
0.325197
0.409688
0.441687
0.479786
0.553218
0.510398
0.480496
0.553551
0.57955
0.510731
0.291127
0.322309
0.279208
0.27302
0.290962
0.279043
0.304722
0.341626
0.291277
0.579802
0.607333
0.532469
0.576976
0.559209
0.630201
0.646649
0.57727
0.630494
0.507621
0.482673
0.558484
0.576566
0.507937
0.558799
0.522319
0.466404
0.507446
0.290167
0.272742
0.279056
0.265223
0.260207
0.296077
0.218245
0.235171
0.21069
0.213728
0.227535
0.21823
0.242245
0.259945
0.240746
0.256866
0.242247
0.244214
0.246431
0.259824
0.244238
0.272907
0.278929
0.257084
0.260022
0.265037
0.240822
0.58744
0.577125
0.646504
0.558566
0.482755
0.531981
0.607263
0.558983
0.532399
0.576445
0.522688
0.507815
0.433894
0.402148
0.397825
0.434318
0.485871
0.440777
0.465987
0.477359
0.427767
0.527163
0.534817
0.478193
0.58686
0.527486
0.522789
0.597916
0.654626
0.656481
0.484333
0.477229
0.435479
0.464268
0.484315
0.442843
0.485972
0.464267
0.440878
0.486118
0.48446
0.464413
0.486528
0.534877
0.536618
0.477207
0.4342
0.414116
0.37296
0.401968
0.404853
0.36822
0.397604
0.401928
0.314708
0.307866
0.290404
0.341695
0.322774
0.339407
0.342366
0.31951
0.32271
0.372645
0.344669
0.367945
0.295603
0.308012
0.295889
0.294413
0.295557
0.295713
0.314397
0.324303
0.30817
0.304046
0.314329
0.308102
0.31953
0.342386
0.328781
0.328704
0.324372
0.314466
0.319436
0.328687
0.314449
0.344444
0.344581
0.328872
0.344561
0.342989
0.32452
0.37154
0.344818
0.372657
0.321084
0.304114
0.324311
0.339631
0.362733
0.368609
0.362488
0.33694
0.358803
0.40741
0.362724
0.35904
0.388734
0.362877
0.362675
0.368774
0.362898
0.388755
0.368109
0.36882
0.397493
0.367923
0.341944
0.368634
0.339386
0.31893
0.339082
0.340758
0.309876
0.314861
0.317233
0.339345
0.31488
0.358693
0.325374
0.340956
0.510659
0.579478
0.532145
0.507208
0.466165
0.451286
0.654559
0.5877
0.646764
0.484668
0.535105
0.477563
0.434442
0.47772
0.485995
0.402291
0.434037
0.440497
0.414093
0.427593
0.477185
0.397864
0.413849
0.433933
0.397646
0.368973
0.413631
0.537013
0.535272
0.604333
0.484866
0.536614
0.535303
0.484702
0.48636
0.53645
0.576711
0.587025
0.522954
0.597749
0.656315
0.604941
0.296332
0.279226
0.322326
0.536977
0.593077
0.535667
0.597344
0.604536
0.535475
0.527562
0.597085
0.535216
0.587535
0.654394
0.597684
0.656511
0.656214
0.605137
0.474766
0.522276
0.508165
0.434238
0.477191
0.474368
0.387882
0.398756
0.428098
0.442697
0.440732
0.464122
0.399192
0.442461
0.435078
0.405214
0.440535
0.4425
0.528118
0.522343
0.474833
0.477506
0.527968
0.474683
0.535638
0.593049
0.528558
0.477676
0.466304
0.522219
0.52712
0.47788
0.522423
0.477691
0.434413
0.47742
0.58786
0.656122
0.646333
0.597259
0.527736
0.58711
0.593308
0.537208
0.604528
0.486332
0.478056
0.53468
0.604927
0.656003
0.593707
0.344568
0.342601
0.367845
0.344728
0.344591
0.372567
0.344514
0.324472
0.328805
0.290336
0.307797
0.294374
0.341856
0.367836
0.342592
0.322784
0.341705
0.34244
0.339561
0.368539
0.341848
0.321241
0.3253
0.309787
0.398933
0.435048
0.433845
0.361649
0.398533
0.387659
0.366782
0.343221
0.371515
0.398728
0.366968
0.371701
0.369039
0.343829
0.366776
0.398596
0.369329
0.398825
0.361258
0.325547
0.343666
0.506304
0.532098
0.579608
0.443673
0.505672
0.479074
0.443627
0.465586
0.505627
0.3509
0.327851
0.375673
0.402672
0.351151
0.375924
0.37368
0.314336
0.350848
0.452533
0.474532
0.507931
0.277312
0.258073
0.260017
0.322352
0.277648
0.296324
0.293789
0.284696
0.27467
0.309625
0.292185
0.30593
0.343811
0.369021
0.361403
0.321354
0.343532
0.325413
0.332802
0.343091
0.366652
0.321378
0.332652
0.343556
0.321253
0.306103
0.332526
0.324442
0.342911
0.321214
0.344719
0.371441
0.343147
0.369223
0.36696
0.398719
0.477709
0.535251
0.528171
0.434107
0.435311
0.47706
0.428505
0.434075
0.474205
0.428253
0.39891
0.433822
0.435363
0.442746
0.484218
0.372858
0.404751
0.371741
0.372837
0.368137
0.401844
0.273404
0.271023
0.301259
0.26785
0.273393
0.300977
0.313816
0.267986
0.301113
0.234199
0.22501
0.267465
0.241251
0.270822
0.273203
0.251655
0.269604
0.286003
0.149457
0.124029
0.130805
0.178426
0.149708
0.151652
0.150816
0.172011
0.143394
0.178508
0.175902
0.14979
0.178713
0.210946
0.176107
0.241021
0.223669
0.251351
0.278329
0.268679
0.260037
0.278543
0.292064
0.300703
0.328876
0.349908
0.301709
0.300947
0.325261
0.318455
0.396106
0.414084
0.451957
0.344051
0.387496
0.367406
0.398855
0.371828
0.404838
0.398816
0.399046
0.434932
0.398471
0.361587
0.369204
0.163291
0.151592
0.146857
0.201795
0.174403
0.19663
0.178508
0.151734
0.174175
0.200502
0.17618
0.211019
0.200372
0.172286
0.17605
0.280274
0.272746
0.290171
0.28455
0.274365
0.285711
0.272843
0.257021
0.259955
0.260122
0.257041
0.278886
0.259891
0.246497
0.263953
0.304062
0.307927
0.319332
0.314366
0.304083
0.319354
0.29476
0.294376
0.303934
0.526971
0.478002
0.477731
0.368944
0.388925
0.413602
0.407483
0.359113
0.384606
0.413798
0.389121
0.427298
0.362711
0.339306
0.362509
0.318598
0.325404
0.34368
0.328911
0.31861
0.343692
0.303896
0.290775
0.318349
0.300698
0.290631
0.278538
0.325231
0.300918
0.309719
0.318339
0.290764
0.300832
0.286375
0.303916
0.32867
0.286177
0.269778
0.303718
0.268781
0.278431
0.290524
0.246941
0.27232
0.259944
0.344031
0.361466
0.387476
0.304024
0.318477
0.328778
0.325547
0.361258
0.343823
0.303733
0.269793
0.290612
0.332526
0.306103
0.321118
0.366654
0.343708
0.332804
0.309722
0.306027
0.321176
0.305643
0.340652
0.310075
0.341685
0.322518
0.291337
0.440399
0.405079
0.402194
SCALARS PressionMoyenne float
LOOKUP_TABLE default
-0.120975
-0.110251
-0.111467
-0.0150519
-0.000825944
-0.00121708
-0.11141
-0.10214
-0.111888
-0.12027
-0.111471
-0.111949
-0.110186
-0.101565
-0.111402
-0.111375
-0.101538
-0.102105
-0.117962
-0.110273
-0.120997
-0.117946
-0.115399
-0.110987
-0.0151584
-0.0151885
-0.0277304
-0.0271802
-0.0151959
-0.0269722
-0.000872424
-0.0150983
-0.0150682
-0.105274
-0.115361
-0.112211
-0.0162279
-0.0151599
-0.0271442
-0.110944
-0.115357
-0.10527
-0.09874
-0.110888
-0.105214
-0.101717
-0.110185
-0.110915
-0.097953
-0.103611
-0.108863
-0.0443812
-0.0376795
-0.04339
-0.0488887
-0.0437645
-0.04442
-0.0531455
-0.0489415
-0.0508259
-0.053143
-0.0500829
-0.048939
-0.0310549
-0.03381
-0.0252529
-0.0379377
-0.0310785
-0.0281928
-0.03797
-0.0378411
-0.0311109
-0.0437062
-0.0378834
-0.0380123
-0.0507967
-0.0489123
-0.0444436
-0.0434634
-0.0399751
-0.0378892
-0.0461362
-0.0435036
-0.0437522
-0.0465859
-0.0467696
-0.0485866
-0.0462677
-0.0450699
-0.0436441
-0.0485961
-0.046779
-0.0494097
-0.0465675
-0.0444851
-0.0453667
-0.0398779
-0.0436174
-0.043481
-0.0398662
-0.0399822
-0.0436056
-0.0462927
-0.049402
-0.0467713
-0.0461565
-0.0482165
-0.0451091
-0.0461731
-0.0500572
-0.0482331
-0.0399387
-0.036585
-0.0338776
-0.0437246
-0.043476
-0.0379017
-0.0435081
-0.0461407
-0.0450933
-0.0376073
-0.0379596
-0.0282147
-0.0467148
-0.0452098
-0.0473439
-0.0449424
-0.0481393
-0.047423
-0.0290172
-0.0154073
-0.0251845
-0.000469341
-0.0202031
-0.00748643
-0.046662
-0.0548456
-0.0507588
-0.0377874
-0.0465804
-0.0433977
-0.0281788
-0.0272591
-0.0375714
-0.0270848
-0.038349
-0.0377053
-0.0373455
-0.0278747
-0.0361484
-0.0868975
-0.0895521
-0.0946901
-0.0747592
-0.0701046
-0.0771542
-0.0748816
-0.081874
-0.0795778
-0.0732357
-0.0748526
-0.0795488
-0.0680057
-0.0731811
-0.0700687
-0.0680216
-0.074814
-0.073197
-0.0629292
-0.0590308
-0.0623051
-0.0700431
-0.0655354
-0.0679801
-0.0592102
-0.0590204
-0.0629188
-0.0747216
-0.0708061
-0.0651972
-0.0482928
-0.0511965
-0.052026
-0.044836
-0.0482602
-0.0486511
-0.0448288
-0.0464819
-0.0482529
-0.0550683
-0.0543648
-0.0530809
-0.0544189
-0.0550685
-0.0530811
-0.0591685
-0.0543852
-0.0550888
-0.0574526
-0.0529977
-0.0520626
-0.0623564
-0.0693341
-0.0679671
-0.0754926
-0.0790215
-0.0842267
-0.0694007
-0.075429
-0.074826
-0.069383
-0.069551
-0.0754113
-0.0769812
-0.0780917
-0.0860275
-0.0924119
-0.098626
-0.0895837
-0.0987282
-0.101678
-0.110877
-0.103588
-0.0947982
-0.105177
-0.0924523
-0.101616
-0.0986663
-0.0819657
-0.092356
-0.0895278
-0.0858832
-0.0953743
-0.0923887
-0.101532
-0.110153
-0.101685
-0.10293
-0.0979507
-0.108861
-0.102882
-0.0974186
-0.0951476
-0.084168
-0.0913857
-0.0844546
-0.0834787
-0.0887014
-0.0847564
-0.097355
-0.0914402
-0.0875528
-0.0461543
-0.0437703
-0.0488945
-0.0272911
-0.0377035
-0.0376033
-0.0203248
-0.0162483
-0.0280843
-0.0270476
-0.0376681
-0.0272557
-0.043425
-0.0481123
-0.0444162
-0.0481582
-0.0507503
-0.0508152
-0.044441
-0.048137
-0.0507941
-0.0434462
-0.0507256
-0.0481334
-0.0377575
-0.0433678
-0.0376573
-0.0466238
-0.0507205
-0.0434411
-0.0549296
-0.0619373
-0.0606222
-0.0951019
-0.0887841
-0.0978573
-0.0875651
-0.0950962
-0.0973672
-0.0875229
-0.0847912
-0.095054
-0.0354198
-0.0294523
-0.0343822
-0.0251291
-0.00756918
-0.0202859
-0.103659
-0.112184
-0.108911
-0.0947295
-0.0895915
-0.0986337
-0.10516
-0.0947818
-0.098686
-0.092335
-0.0869068
-0.0946995
-0.0887749
-0.0923518
-0.0978481
-0.0887268
-0.083504
-0.0923037
-0.0868187
-0.0834472
-0.0772391
-0.0895016
-0.086847
-0.0796433
-0.0922974
-0.0834978
-0.0868692
-0.102884
-0.0951492
-0.0979047
-0.087476
-0.0810995
-0.0847444
-0.0818602
-0.0748678
-0.0754708
-0.0842363
-0.0818917
-0.0755022
-0.0858014
-0.0842613
-0.0790561
-0.085846
-0.0923515
-0.0843059
-0.0894851
-0.0796268
-0.081923
-0.110969
-0.110239
-0.117928
-0.0740801
-0.0782727
-0.0796775
-0.0694305
-0.0740504
-0.0796478
-0.0676033
-0.0578271
-0.0650844
-0.0841782
-0.0875086
-0.0913959
-0.0797121
-0.0783073
-0.084396
-0.0810974
-0.087474
-0.0841437
-0.0782458
-0.071748
-0.0739895
-0.0844108
-0.0783221
-0.0841241
-0.0740534
-0.0717482
-0.0782461
-0.073926
-0.0651325
-0.0658898
-0.0840893
-0.0782873
-0.0740309
-0.0676498
-0.0651309
-0.071683
-0.0651132
-0.0676575
-0.0739958
-0.0611261
-0.0578138
-0.06759
-0.0810193
-0.072065
-0.0761767
-0.0604714
-0.0658446
-0.0650874
-0.0604585
-0.061236
-0.0658317
-0.0847953
-0.0887403
-0.0950581
-0.0762192
-0.0847066
-0.0810617
-0.0762271
-0.0834368
-0.0847145
-0.0558522
-0.0566462
-0.0568138
-0.0533729
-0.0534792
-0.0566267
-0.0516288
-0.0533617
-0.0551164
-0.0510176
-0.0516209
-0.0551086
-0.0481678
-0.0491106
-0.0517748
-0.0516003
-0.0481761
-0.0517832
-0.0534907
-0.0568059
-0.0566383
-0.0551332
-0.0533785
-0.0566323
-0.0512099
-0.0550932
-0.0534668
-0.0534856
-0.055112
-0.0568008
-0.050992
-0.0474548
-0.0515952
-0.0348764
-0.0381741
-0.0358105
-0.0406363
-0.0397039
-0.0355675
-0.0403908
-0.0381993
-0.0378429
-0.0493188
-0.0490997
-0.0473656
-0.0550839
-0.0512005
-0.0506748
-0.0474009
-0.0444935
-0.041982
-0.0351696
-0.041913
-0.0360902
-0.0490937
-0.0481508
-0.0467305
-0.0437377
-0.0402481
-0.0397299
-0.0462137
-0.043772
-0.04403
-0.0448858
-0.0431295
-0.0437646
-0.0511988
-0.0534558
-0.0517995
-0.0518068
-0.053463
-0.0533568
-0.0516176
-0.0518006
-0.0533506
-0.0491145
-0.0493336
-0.0517788
-0.0351284
-0.0291212
-0.036553
-0.0161557
-0.0202322
-0.000498432
-0.000826797
-0.0160906
-0.000433313
-0.0271876
-0.0281073
-0.0162713
-0.0310971
-0.0378273
-0.0338522
-0.0443632
-0.0380137
-0.0376615
-0.0443836
-0.0437281
-0.0380341
-0.0310098
-0.0252078
-0.0203645
-0.0577551
-0.050872
-0.0581267
-0.0448608
-0.0452014
-0.0467064
-0.044436
-0.0443919
-0.0451923
-0.0418532
-0.0431194
-0.0437805
-0.040526
-0.0418425
-0.0431714
-0.0404162
-0.04179
-0.0418375
-0.0404109
-0.0402438
-0.0417846
-0.0417958
-0.040255
-0.0437446
-0.0431191
-0.0418054
-0.0437542
-0.0431127
-0.0418466
-0.041799
-0.0351149
-0.0360355
-0.0256149
-0.0290844
-0.0350916
-0.0255916
-0.0154084
-0.0290183
-0.0255256
-0.0338413
-0.0365487
-0.0291169
-0.04494
-0.0467165
-0.0481369
-0.0410175
-0.0425939
-0.0449024
-0.035186
-0.0409828
-0.0419295
-0.0398745
-0.0434775
-0.0425853
-0.0366085
-0.0398461
-0.0409806
-0.036605
-0.0399587
-0.0398427
-0.0436178
-0.0399943
-0.0434826
-0.0440115
-0.0486455
-0.0474058
-0.0388434
-0.0417077
-0.0390268
-0.054426
-0.0589848
-0.0544365
-0.0522685
-0.0544035
-0.054414
-0.0514156
-0.0544025
-0.0544006
-0.0390419
-0.0417228
-0.0433295
-0.0405167
-0.0404119
-0.0418333
-0.0739998
-0.0720577
-0.081012
-0.0732118
-0.077149
-0.0700994
-0.0604444
-0.0650604
-0.057803
-0.0834035
-0.0761939
-0.0748005
-0.0676796
-0.0717128
-0.074018
-0.0405046
-0.0382083
-0.0403998
-0.0388243
-0.0390078
-0.0360286
-0.0404993
-0.0388366
-0.038203
-0.0405111
-0.0417127
-0.0388483
-0.037857
-0.039943
-0.0338818
-0.0544519
-0.0590001
-0.0589914
-0.0426067
-0.0448461
-0.0449152
-0.0398662
-0.042577
-0.0410006
-0.0434942
-0.0448413
-0.042602
-0.0473569
-0.049091
-0.0467278
-0.0450632
-0.0444326
-0.043501
-0.0450942
-0.0462678
-0.0436442
-0.0447484
-0.0444738
-0.0437947
-0.0467538
-0.0453693
-0.0450773
-0.0467588
-0.0465751
-0.0453744
-0.0453616
-0.0444388
-0.0450695
-0.0473378
-0.0452037
-0.0449047
-0.0448475
-0.0435003
-0.0444318
-0.044929
-0.0448598
-0.0467055
-0.0449003
-0.0419621
-0.0410154
-0.0436349
-0.0434997
-0.0450849
-0.0478837
-0.0457834
-0.0506326
-0.0511764
-0.0479018
-0.0506507
-0.0462274
-0.0440438
-0.0478632
-0.0419442
-0.0444557
-0.0361213
-0.0365928
-0.0409649
-0.0351681
-0.0474311
-0.0509682
-0.0445237
-0.0449217
-0.0474024
-0.0419835
-0.0481616
-0.0515857
-0.0474453
-0.0589972
-0.0544403
-0.0581274
-0.0679457
-0.0629591
-0.062335
-0.0513918
-0.0522418
-0.0494374
-0.0500747
-0.0513806
-0.0482506
-0.0544279
-0.0589847
-0.054426
-0.0406087
-0.0433408
-0.0435171
-0.054388
-0.0514012
-0.0500953
-0.0462832
-0.0451095
-0.0482169
-0.0494069
-0.0462976
-0.0482314
-0.0467568
-0.0450803
-0.0462782
-0.0417384
-0.0431822
-0.0438547
-0.0417272
-0.0405256
-0.043171
-0.0437807
-0.0431823
-0.0418534
-0.0448879
-0.0443865
-0.0431315
-0.0444688
-0.0438639
-0.0431913
-0.0447537
-0.0453606
-0.044479
-0.0443883
-0.0447481
-0.0437944
-0.0443904
-0.0444345
-0.0447503
-0.0459645
-0.0438732
-0.0444781
-0.0465695
-0.0459736
-0.0444871
-0.0465792
-0.047374
-0.0459833
-0.0450606
-0.0434983
-0.0436348
-0.0447535
-0.0444377
-0.0453605
-0.0431279
-0.0443828
-0.043789
-0.0448948
-0.0451938
-0.0443934
-0.0451938
-0.0448531
-0.0444375
-0.0485887
-0.0473827
-0.0465879
-0.0437895
-0.0444685
-0.0431911
-0.0522325
-0.0486144
-0.049428
-0.0473701
-0.0454031
-0.0459793
-0.0453826
-0.0433579
-0.0438675
-0.061198
-0.0604205
-0.0545151
-0.0623903
-0.0612146
-0.0575146
-0.0624347
-0.0707519
-0.061259
-0.0612706
-0.0707634
-0.0658663
-0.0543951
-0.0597309
-0.0574829
-0.065156
-0.0707649
-0.0624478
-0.0747583
-0.0761517
-0.0708429
-0.0503488
-0.0530623
-0.0474757
-0.0574881
-0.0611882
-0.0545053
-0.0520672
-0.0543694
-0.0574572
-0.0486909
-0.0520332
-0.0529683
-0.051178
-0.0482742
-0.0465032
-0.0597936
-0.0654916
-0.0651295
-0.0577343
-0.0518378
-0.0531016
-0.0264825
-0.022697
-0.0240051
-0.0263347
-0.0259229
-0.0293936
-0.026306
-0.0208308
-0.0258942
-0.0197393
-0.0169699
-0.0220377
-0.0188364
-0.0226607
-0.020795
-0.0119152
-0.0121581
-0.0154123
-0.0205075
-0.0226598
-0.0188354
-0.0269624
-0.0265936
-0.0224753
-0.0263438
-0.0298207
-0.028219
-0.0226844
-0.025882
-0.0208186
-0.0294067
-0.0298246
-0.0263478
-0.0323622
-0.0358559
-0.0325087
-0.0448129
-0.0435416
-0.0464661
-0.0417389
-0.0438553
-0.0433457
-0.0597737
-0.0592213
-0.0654718
-0.0575097
-0.0597577
-0.0623854
-0.0544008
-0.0591841
-0.0597366
-0.0505083
-0.0530502
-0.049733
-0.0473996
-0.0504894
-0.049714
-0.048618
-0.0522361
-0.0505019
-0.0544387
-0.0589783
-0.0550883
-0.0522641
-0.0544095
-0.0530717
-0.0522584
-0.0514084
-0.0543934
-0.0505168
-0.052251
-0.0530586
-0.049424
-0.0482484
-0.0513784
-0.0433666
-0.0453913
-0.0464675
-0.0503525
-0.0486853
-0.0529627
-0.0440028
-0.0448218
-0.0486368
-0.0439785
-0.041407
-0.0447975
-0.0407569
-0.0358939
-0.0354627
-0.0473796
-0.0408238
-0.0439852
-0.0420178
-0.0369437
-0.0407823
-0.0474291
-0.042075
-0.0473953
-0.0503299
-0.0474568
-0.047423
-0.0486667
-0.0503339
-0.047427
-0.0544544
-0.0530857
-0.0503722
-0.047179
-0.0420743
-0.0474284
-0.0368955
-0.0325239
-0.0358711
-0.041305
-0.0369455
-0.0420196
-0.0371136
-0.0327851
-0.0325144
-0.0412886
-0.0371568
-0.0369291
-0.0413031
-0.041251
-0.0371713
-0.0414054
-0.0435246
-0.044796
-0.0368911
-0.04058
-0.0413692
-0.0327719
-0.036069
-0.0337222
-0.0360194
-0.0389986
-0.0360976
-0.0390381
-0.0433257
-0.0405937
-0.0529821
-0.0544541
-0.0503719
-0.0244936
-0.0221685
-0.0197649
-0.0220629
-0.0244932
-0.0197646
-0.028472
-0.0324854
-0.0327561
-0.024537
-0.0284245
-0.0264828
-0.0282349
-0.0324702
-0.0284569
-0.028452
-0.032736
-0.0265103
-0.0294371
-0.0354046
-0.029855
-0.0368997
-0.0371274
-0.0325282
-0.036825
-0.0412513
-0.0417353
-0.0608192
-0.0650527
-0.0627718
-0.0719965
-0.0659023
-0.0707994
-0.0761426
-0.0720308
-0.0708337
-0.0739491
-0.0659128
-0.0720071
-0.0840986
-0.0740402
-0.0810524
-0.0717041
-0.065152
-0.0739455
-0.0531183
-0.0568273
-0.057751
-0.0544778
-0.0530058
-0.0574607
-0.0650814
-0.0693442
-0.0628004
-0.0676143
-0.06507
-0.0611504
-0.0740016
-0.0693818
-0.0651189
-0.0607831
-0.0627358
-0.0543128
-0.0467813
-0.0512338
-0.0542275
-0.0547685
-0.0610931
-0.0607792
-0.0493275
-0.0478974
-0.051172
-0.0517857
-0.0493406
-0.051185
-0.043998
-0.0397322
-0.0406646
-0.0478616
-0.0440422
-0.0457613
-0.0462166
-0.0448961
-0.0437749
-0.047356
-0.0462433
-0.0493092
-0.0473413
-0.0449081
-0.0462285
-0.0608137
-0.0611276
-0.0650472
-0.0512822
-0.0547356
-0.0607462
-0.0542743
-0.0512806
-0.0607447
-0.0442337
-0.0417891
-0.0499182
-0.0518433
-0.0577397
-0.0547274
-0.0478808
-0.049311
-0.0462451
-0.0302006
-0.0289072
-0.0306373
-0.0305147
-0.0322982
-0.030491
-0.0326763
-0.0292993
-0.0298306
-0.0359986
-0.0360767
-0.0327795
-0.0388136
-0.0360179
-0.0358165
-0.0390139
-0.0405695
-0.0361128
-0.0298132
-0.0278627
-0.0288966
-0.0324841
-0.029833
-0.0302099
-0.0292831
-0.027864
-0.0298145
-0.020818
-0.0262932
-0.0220725
-0.0296226
-0.0294046
-0.0259339
-0.0265121
-0.0296129
-0.0259242
-0.0265972
-0.0264956
-0.0240182
-0.0266161
-0.0296309
-0.0265144
-0.0337061
-0.0343772
-0.0296652
-0.0413914
-0.0406022
-0.0435105
-0.0408009
-0.0405477
-0.0439623
-0.0368735
-0.0361056
-0.0405623
-0.040526
-0.036891
-0.041369
-0.0344013
-0.0337302
-0.0368449
-0.0296509
-0.0343629
-0.0294329
-0.0337358
-0.0360827
-0.0368506
-0.035796
-0.0359974
-0.0327187
-0.0354446
-0.0344071
-0.0368507
-0.0473731
-0.0420528
-0.0408173
-0.0323519
-0.0298648
-0.0354144
-0.0358657
-0.032372
-0.0354345
-0.0405192
-0.0407724
-0.0354782
-0.0368712
-0.0405061
-0.0354651
-0.0413927
-0.0439643
-0.0405497
-0.0407618
-0.0369232
-0.0358988
-0.0324832
-0.028248
-0.0323367
-0.0231375
-0.0207789
-0.0207787
-0.0440181
-0.0406848
-0.0457372
-0.0437503
-0.0397426
-0.0440083
-0.0378497
-0.0402306
-0.0403977
-0.0378373
-0.0366803
-0.0402182
-0.0366709
-0.0355542
-0.0396906
-0.0402244
-0.0366866
-0.0397063
-0.0378112
-0.0348699
-0.0342369
-0.0442142
-0.0467074
-0.0391509
-0.0499498
-0.0512111
-0.0442654
-0.0512003
-0.0467478
-0.0442546
-0.0499551
-0.0452823
-0.0517856
-0.0512461
-0.0499848
-0.0546995
-0.0417925
-0.0452487
-0.0499216
-0.0390859
-0.0320689
-0.0394135
-0.0413499
-0.0471692
-0.045238
-0.0327682
-0.0327085
-0.0359873
-0.0296494
-0.0296651
-0.0336903
-0.029309
-0.0326861
-0.0327458
-0.0296607
-0.0292989
-0.0327356
-0.0337007
-0.0296755
-0.0327504
-0.0296254
-0.0265245
-0.029641
-0.029821
-0.0289044
-0.0301979
-0.0269893
-0.0278545
-0.0292736
-0.0257553
-0.0231684
-0.0250612
-0.02716
-0.0257687
-0.0250746
-0.0269619
-0.0231748
-0.0257617
-0.0342039
-0.0323106
-0.0305272
-0.0366419
-0.0342246
-0.032363
-0.0348515
-0.0323251
-0.0342184
-0.0298414
-0.0324925
-0.032687
-0.034204
-0.0305273
-0.0323425
-0.0302182
-0.0323039
-0.0324924
-0.0302115
-0.03049
-0.0322972
-0.0381873
-0.0388209
-0.0358238
-0.0355297
-0.0366463
-0.0323674
-0.0320405
-0.0306391
-0.0393852
-0.0472042
-0.0517764
-0.045273
-0.0420538
-0.0471586
-0.0413392
-0.0530663
-0.0518026
-0.0472304
-0.0474652
-0.0530518
-0.0472158
-0.0568518
-0.0604169
-0.0577755
-0.054476
-0.0568163
-0.0531073
-0.0545005
-0.0604059
-0.0568408
-0.0577707
-0.061083
-0.0547584
-0.0394383
-0.0368189
-0.0417293
-0.0391266
-0.0394542
-0.0441898
-0.0306551
-0.0367818
-0.0394011
-0.0305933
-0.0363729
-0.0305938
-0.0327981
-0.0371266
-0.0364021
-0.0177733
-0.0259072
-0.0244586
-0.030559
-0.0305595
-0.0261519
-0.0222099
-0.0305309
-0.0261238
-0.0327762
-0.0363802
-0.0306006
-0.0363936
-0.0367716
-0.0306145
-0.0348831
-0.0378244
-0.0381809
-0.0341191
-0.0348628
-0.0357969
-0.0327123
-0.0341118
-0.0357897
-0.032514
-0.0348518
-0.034108
-0.032508
-0.0323194
-0.0348458
-0.0264619
-0.022191
-0.0245161
-0.0282083
-0.0284303
-0.0245428
-0.0305321
-0.0222112
-0.0264821
-0.0305893
-0.0259704
-0.030559
-0.0194433
-0.0221727
-0.0260866
-0.0113621
-0.00820624
-0.0136234
-0.015774
-0.017914
-0.0193946
-0.0136755
-0.0157598
-0.0193804
-0.0136381
-0.00822087
-0.0157224
-0.000574061
-0.00328102
-0.00640909
-0.012361
-0.0160389
-0.0135062
-0.0132619
-0.0142088
-0.0123231
-0.0160253
-0.0189353
-0.0142401
-0.0228057
-0.0189791
-0.0205419
-0.0207585
-0.0189113
-0.0189668
-0.0228065
-0.0207715
-0.0189799
-0.0228268
-0.0250435
-0.0207919
-0.0189511
-0.0188956
-0.0160789
-0.020756
-0.0181642
-0.0189086
-0.0378172
-0.0342429
-0.0366602
-0.019416
-0.0179354
-0.0221454
-0.00646149
-0.0081822
-0.0113381
-0.00969238
-0.0131702
-0.0178728
-0.00820755
-0.00966855
-0.015709
-0.00578289
-0.0131296
-0.00965181
-0.00330647
-0.00815525
-0.00643453
0.00890775
0.00689188
0.00152323
-0.00330907
-0.00574993
-0.00961885
0.00888292
0.00149841
-0.000506932
-0.000665682
-0.00571989
-0.00327903
-0.0265837
-0.0240047
-0.0224653
-0.0292695
-0.0266164
-0.0269852
-0.0292784
-0.0296402
-0.0266253
-0.0281931
-0.0220972
-0.0263179
-0.0323278
-0.0282391
-0.0298407
-0.0327431
-0.0305675
-0.0265174
-0.00263257
-0.00621003
-0.000665159
-0.00511824
-0.002621
0.00170361
-0.00514485
-0.00622506
-0.0026476
-0.00816434
-0.00514715
-0.00139657
-0.0101639
-0.00625029
-0.00517007
-0.0101906
-0.0131331
-0.00627701
-0.0163894
-0.0207677
-0.0169545
-0.0137679
-0.0131582
-0.0102157
-0.0281871
-0.0245215
-0.0220912
-0.0179064
-0.0132038
-0.0197129
-0.0178815
-0.0157415
-0.00970101
-0.0221465
-0.0179365
-0.0197429
-0.0305893
-0.0319907
-0.0245218
-0.0188642
-0.0194322
-0.0260755
-0.0259164
-0.0188859
-0.0260973
-0.0305441
-0.0259555
-0.0261364
-0.030569
-0.0245016
-0.0259501
-0.0177059
-0.0114113
-0.0188094
-0.039463
-0.041754
-0.0441987
-0.0305952
-0.0367522
-0.0306255
-0.0364293
-0.0412335
-0.0368072
-0.0412794
-0.0452197
-0.0417635
-0.0371549
-0.0412346
-0.0364304
-0.0413301
-0.0452183
-0.041278
-0.0499868
-0.0518173
-0.0547014
-0.018858
-0.0258884
-0.0177545
-0.0086417
-0.00488693
-0.0048358
-0.0129363
-0.0101964
-0.00821983
-0.011921
-0.0163465
-0.0129692
-0.00822552
-0.0118937
-0.012942
-0.00944532
-0.00868133
-0.0121273
-0.00490075
-0.00941951
-0.00819035
-0.00834454
-0.0114514
-0.0117414
-0.0169197
-0.0137897
-0.0129774
-0.0163633
-0.0169284
-0.012986
-0.00821378
-0.00944293
-0.011882
-0.0188153
-0.020774
-0.0163956
-0.0207867
-0.0220412
-0.0169734
-0.0197117
-0.0138123
-0.0169423
-0.0196991
-0.01319
-0.0137997
-0.00511402
0.00170783
-0.00136345
-0.00577151
-0.00626218
-0.0131182
-0.00572976
-0.000675552
-0.00622042
-0.0188105
-0.0152474
-0.0204826
-0.0123509
-0.0123201
-0.0142057
-0.0104936
-0.0105356
-0.0123325
-0.0114473
-0.0083868
-0.0104834
0.00486864
0.00294719
0.00696766
-0.00534145
-0.0021144
-0.00521407
-0.00369225
-0.00581408
-0.00316772
0.000665674
-0.000472148
0.00290825
0.00138104
0.000674952
0.00382935
0.00135441
-0.00168665
-0.00177147
-0.00425281
-0.00455076
-0.0058271
0.00225293
-0.00115338
0.00136965
-0.00189121
-0.00452734
-0.00118696
-0.00817109
-0.0105128
-0.0078401
-0.0063325
-0.00815157
-0.00618401
-0.00425077
-0.00631034
-0.00345801
-0.00584908
-0.00904214
-0.00633436
-0.00988811
-0.0122996
-0.0105335
-0.00906174
-0.00986938
-0.00817302
-0.00907302
-0.0115343
-0.00988066
-0.0160689
-0.0188855
-0.0159512
-0.0159582
-0.0188925
-0.0181481
-0.01523
-0.0159459
-0.0181358
-0.0135182
-0.0160509
-0.0159332
0.00693298
0.00894884
0.0137685
0.00145736
-0.000641597
-0.00325494
-0.000547662
0.00145768
-0.00325463
0.00687121
0.00274795
0.00150256
0.00147742
0.00272281
-0.000621538
0.0112768
0.00694079
0.0137763
0.011253
0.00669996
0.00691704
0.00665427
0.00176094
0.00274809
0.00492351
0.00176824
0.00666157
0.00430422
0.00256797
0.00657967
0.00255386
0.00175445
0.00490972
0.00427383
0.00032709
-0.000265839
0.00743031
0.00432053
0.00659599
0.00742101
0.00382308
0.00431123
-0.00487382
-0.00816343
-0.00139566
-0.00517659
-0.00819379
-0.0101704
-0.00281593
-0.00202099
-0.00480673
0.00254502
0.00428127
-0.000258396
-0.00134453
0.00252615
-0.000277274
0.00492592
0.00658176
0.00257006
0.00377829
-0.00198179
0.000319693
-0.0027988
0.000297622
-0.00200387
-0.00486741
-0.00282548
-0.00481629
-0.000289553
0.000303375
-0.00279304
-0.00136928
-0.000302018
-0.00484744
-0.00133779
0.00173349
0.00253289
-0.0142211
-0.0132743
-0.0160063
-0.0104785
-0.00784785
-0.0105206
-0.0134876
-0.0105035
-0.0123425
-0.0134847
-0.0114644
-0.0105005
-0.0053385
-0.00454127
-0.00190514
-0.00912092
-0.00987354
-0.00751971
-0.00699038
-0.00829786
-0.00710232
-0.00749747
-0.00698189
-0.00536537
-0.00523211
-0.0074916
-0.00535949
-0.00987366
-0.00915581
-0.00751982
-0.00914881
-0.00830473
-0.00699725
-0.020524
-0.022445
-0.0239843
-0.00962696
-0.00816596
-0.00331718
-0.0188226
-0.0136858
-0.0193907
-0.0187958
-0.0113977
-0.013659
0.00270912
-0.00260264
-0.000635229
-0.0204989
-0.0181695
-0.0207614
-0.022677
-0.0205247
-0.0239851
-0.0264889
-0.025901
-0.0227034
-0.0129549
-0.0137672
-0.010215
-0.0117449
-0.012135
-0.00868904
-0.0137174
-0.0117595
-0.0114694
-0.0134955
-0.0137232
-0.0114752
-0.0159312
-0.0152152
-0.0137439
-0.015196
-0.0121569
-0.0117667
-0.0204804
-0.0152452
-0.018151
-0.0154234
-0.0121691
-0.0152082
-0.0187936
-0.0154456
-0.0152305
-0.0187975
-0.0163778
-0.0154494
-0.0302059
-0.0306426
-0.0304845
-0.0325067
-0.0341008
-0.0327013
-0.0253325
-0.0205635
-0.0229011
-0.029761
-0.0253831
-0.0288134
-0.022827
-0.0205632
-0.0253323
-0.0250446
-0.0231518
-0.020793
-0.0273072
-0.0250653
-0.0228487
-0.0253549
-0.0273082
-0.0228497
-0.0297736
-0.0306307
-0.027349
-0.0278428
-0.0269776
-0.0257773
-0.0207757
-0.0224342
-0.0205132
-0.0207645
-0.0207648
-0.0189173
-0.023143
-0.0224431
-0.0207845
-0.0271693
-0.0278435
-0.025778
-0.0269509
-0.0224637
-0.0231637
0.0144282
0.0143894
0.0184169
0.0027653
0.00688856
0.00667147
0.0138012
0.0143635
0.0113017
0.0144197
0.0179729
0.0123074
0.011286
0.0143866
0.00908993
0.0113037
0.0143655
0.0144043
-0.0271652
-0.0250798
-0.0273217
-0.028886
-0.027178
-0.0273345
-0.0288878
-0.0278539
-0.0271797
-0.0306277
-0.0288976
-0.027346
-0.00782231
-0.00522838
-0.00391295
-0.00910539
-0.00750417
-0.00524469
-0.00634212
-0.0090499
-0.00816119
-0.00425874
-0.00583303
-0.00631831
-0.00171094
-0.00423534
-0.00344257
-0.00178754
-0.00170272
-0.00343436
0.00135644
-0.00116659
-0.00168462
-0.00119484
-0.00453521
-0.00423727
-0.00455828
-0.0053555
-0.00697203
-0.00210327
-0.00533032
-0.00189696
-0.00861728
-0.0106744
-0.00906591
-0.00585669
-0.00860111
-0.00904975
-0.00974265
-0.00991091
-0.0107987
-0.00831207
-0.00972998
-0.0086116
-0.00831377
-0.00915786
-0.00969334
-0.0045641
-0.00697785
-0.00708979
-0.009701
-0.00916551
-0.0105937
-0.00974113
-0.00970278
-0.0105526
-0.00973362
-0.00831571
-0.00969528
-0.0121365
-0.0115907
-0.0106099
-0.0120491
-0.0121357
-0.00989877
-0.0139896
-0.0116021
-0.0121478
-0.011534
-0.0116011
-0.0143209
-0.0115451
-0.012303
-0.0098915
-0.00817792
-0.00987428
-0.0105196
0.0180175
0.0184531
0.0216161
0.024807
0.0217018
0.0216497
0.0122776
0.00909326
0.0143899
-0.00281035
-0.00485228
-0.000306854
-0.00316307
-0.00609032
-0.00202645
-0.00865708
-0.00942107
-0.00490231
-0.00831213
-0.00865319
-0.0048473
-0.00833523
-0.0117321
-0.00867629
-0.00612043
-0.00583955
-0.00835345
-0.000501332
-0.00314432
-0.00200769
-0.000506925
-0.00367445
-0.00314991
-0.0119292
-0.0154264
-0.0163547
-0.0094561
-0.0121381
-0.0118952
-0.0137381
-0.0135104
-0.0159255
-0.0083747
-0.00784064
-0.0104713
-0.00610306
-0.00317581
-0.00582217
-0.00483879
-0.00611692
-0.00830361
-0.00481774
-0.002032
-0.00609587
-0.00367972
-0.00179418
-0.00344099
-0.00582415
-0.00370232
-0.00616743
-0.000502342
-0.00178432
-0.00366986
-0.011772
-0.0137299
-0.0152013
0.0179934
0.0144403
0.018429
0.00906416
0.00670716
0.0112602
0.00662799
0.00906721
0.0122515
0.00660348
0.00494764
0.0090427
0.0017299
-0.0025947
0.00271706
0.0163947
0.0127364
0.0122965
0.0216617
0.0164436
0.0180109
0.0300767
0.0229857
0.0248395
0.0300814
0.0262269
0.0229903
0.0220083
0.0230414
0.0177163
0.0210044
0.0220014
0.0177094
0.0210329
0.0261934
0.0220299
0.0185552
0.0209871
0.0159821
0.0127557
0.0185276
0.0159544
0.0164455
0.0216635
0.018559
0.0279621
0.0297076
0.0330043
0.0185785
0.0229344
0.0210105
0.0301039
0.0296922
0.0262494
0.0126875
0.00745839
0.00662406
0.021627
0.0216791
0.0180283
0.0177069
0.023032
0.0192029
0.0153301
0.0145278
0.0191665
0.0159791
0.0209842
0.0176892
0.0127291
0.0159278
0.0106012
0.0229576
0.0217062
0.0248114
0.021036
0.02296
0.0261965
0.0185808
0.0216853
0.0229367
0.00904298
0.00494792
0.00668598
-0.0123634
-0.0142182
-0.0160413
-0.00836176
-0.00831544
-0.00612874
-0.00782512
-0.00835917
-0.00584527
-0.0114401
-0.00833326
-0.00837959
-0.0105417
-0.0123078
-0.0123386
-0.00618124
-0.00781781
-0.00583796
-0.00631677
-0.00616828
-0.00346444
-0.00815658
-0.00782559
-0.00618902
-0.0140617
-0.01759
-0.0160202
-0.0157822
-0.0197477
-0.0156259
-0.0142402
-0.0189355
-0.0160633
-0.0140472
-0.0160057
-0.0132737
-0.0176117
-0.0205147
-0.0160418
-0.0287905
-0.0253601
-0.0229287
-0.0253781
-0.029756
-0.0273314
0.0176584
0.0145158
0.0132435
-0.0228727
-0.0176321
-0.0197782
-0.0287914
-0.0229296
-0.0256214
-0.0205377
-0.0176346
-0.0228753
0.0262165
0.0279138
0.022053
0.00428747
0.00379932
0.000340731
0.0179796
0.0164123
0.0123141
0.0145357
0.0176783
0.0191744
0.0105293
0.0144988
0.0153011
0.007815
0.00488498
0.00698399
0.0105043
0.00785884
0.0144739
0.0104739
0.00541292
0.00782844
0.00745252
0.0105537
0.00700174
0.0127573
0.0164156
0.0185291
0.0279997
0.0279564
0.0329986
-0.0100168
-0.00623972
-0.00856099
-0.0228994
-0.0198049
-0.0255913
0.0248092
0.0299462
0.0300208
0.0179358
0.0225552
0.0179684
0.013644
0.0168874
0.0127826
0.0300082
0.0261874
0.0247966
0.0352324
0.0300558
0.0299812
0.0325178
0.0262133
0.0300341
0.0226029
0.022484
0.0277014
0.0214479
0.0261657
0.0268585
0.0136604
0.017658
0.0169038
0.0247984
0.0192267
0.0230558
0.0279561
0.0248277
0.0230851
0.0247629
0.0213057
0.024811
0.0214292
0.0212991
0.026147
0.0170661
0.0153456
0.0212483
0.0176844
0.0170744
0.0213868
0.0169297
0.0176839
0.0213863
0.0136459
0.0125908
0.0176435
0.0125831
0.0119455
0.0170257
0.0247674
0.0261582
0.0213103
0.0192208
0.0247924
0.0212871
0.0299995
0.0355067
0.0352507
0.02484
0.0299288
0.0247919
0.0280148
0.0354824
0.0299752
0.0300724
0.0376227
0.0325561
-0.0129312
-0.0100392
-0.00858344
-0.0114096
-0.0129358
-0.00858804
-0.00936005
-0.0115167
-0.0114075
-0.00699191
-0.0093354
-0.00856123
-0.00699314
-0.0090115
-0.00925141
-0.0143465
-0.0177917
-0.0129764
-0.0115334
-0.0143203
-0.0114241
-0.0164093
-0.0178032
-0.014358
-0.0178024
-0.0175528
-0.0129872
0.0318467
0.0277471
0.0268986
0.0325263
0.0318627
0.0269146
0.0262028
0.0325073
0.0268956
0.0376391
0.0349623
0.0325725
0.0349523
0.0353465
0.0318991
-0.0175938
-0.0178435
-0.0252196
-0.00746349
-0.00416011
-0.0101713
-0.00801275
-0.00591772
-0.0108361
-0.00540859
-0.00160625
-0.000952194
0.0130356
0.0133333
0.0180158
0.00698629
0.0129951
0.0122452
0.00866365
0.0133019
0.0130042
0.00318725
0.00859868
0.00369323
0.00729515
0.0132828
0.00864449
0.00520713
0.00724989
0.0031878
0.0127494
0.0132965
0.00730893
0.00192992
0.00734632
0.00131798
0.00861128
0.00694307
0.00370584
0.0225144
0.02247
0.0277035
0.0118372
0.0169496
0.0175077
0.0169732
0.0121572
0.01195
0.00864241
0.012983
0.0069742
0.0180642
0.0179699
0.0228729
0.0122805
0.0130304
0.017515
0.0133498
0.0179379
0.0180322
0.0136181
0.0127567
0.00916342
0.0081029
0.0136025
0.0091478
0.0126022
0.0170449
0.0176549
0.0388801
0.0336414
0.032695
0.0388906
0.0358272
0.0336519
-0.0333065
-0.0233257
-0.0272203
0.0268672
0.0277157
0.0224984
0.0353623
0.0388859
0.0327008
0.032658
0.0336043
0.0278347
0.0277528
0.0326383
0.0278151
0.0318914
0.0353389
0.0326773
-0.0272788
-0.0407403
-0.0333649
-0.0252904
-0.0233192
-0.0333
-0.02177
-0.0232572
-0.0290303
0.03252
0.0388756
0.0325281
0.0277814
0.0226207
0.0277192
0.031866
0.0326519
0.0277664
0.0282057
0.0229396
0.0277841
0.022888
0.017985
0.0225718
0.0274666
0.0226527
0.02292
0.0336021
0.031584
0.0282541
0.0276268
0.0226685
0.0274824
0.0226212
0.0180798
0.0228885
0.0169899
0.016949
0.012174
0.0175343
0.0130497
0.0180299
0.013332
0.0127849
0.0178876
-0.0290689
-0.0232957
-0.033262
-0.0272645
-0.0291072
-0.040726
-0.0272009
-0.0217832
-0.0290436
0.0359743
0.0316172
0.0358106
0.0388872
0.0325316
0.0359876
0.0276613
0.0275169
0.0329452
0.0325119
0.0329897
0.0359679
0.0274318
0.0277534
0.0324739
0.027678
0.0329619
0.032484
0.0277542
0.0276605
0.0324666
0.022531
0.02772
0.0273984
0.0222645
0.0225127
0.0273801
0.0201162
0.0170348
0.0224263
0.0169939
0.0201162
0.0224707
0.0169756
0.0170165
0.0200979
0.0224871
0.027627
0.0277207
0.0226033
0.0175664
0.0180619
0.0282047
0.0274853
0.0229386
0.0224365
0.017581
0.022618
-0.0171055
-0.0166363
-0.0229812
-0.0155166
-0.0171025
-0.0231964
-0.0166345
-0.0165717
-0.0229795
-0.0109021
-0.0165957
-0.017065
-0.00743842
-0.00588274
-0.000952241
-0.0108486
-0.00748594
-0.0101938
-0.0108343
-0.0059159
-0.00747158
0.0323855
0.036877
0.0315811
-0.0327142
-0.0337562
-0.0235356
-0.0446123
-0.033391
-0.0463298
-0.0247114
-0.0165749
-0.0158598
-0.0337297
-0.0247944
-0.023509
-0.0337282
-0.0230641
-0.0247929
-0.0232756
-0.0230574
-0.0332419
-0.0232215
-0.0171276
-0.0230033
-0.0445546
-0.0291403
-0.0333334
-0.0217247
-0.0155321
-0.0232119
-0.00443946
-0.00936183
-0.00367797
-0.00383379
-0.00625423
-0.00118084
-0.00614063
-0.0117241
-0.00629721
-0.0116778
-0.012045
-0.00914209
-0.0217004
-0.0159535
-0.0155077
-0.0189492
-0.016412
-0.0140285
0.034943
0.0318897
0.0325532
0.00861065
0.00319922
0.00726131
-0.0117005
-0.0159086
-0.0120677
-0.00786128
-0.0116638
-0.00912805
-0.00524581
-0.00783974
-0.00910652
-0.00546148
-0.0105274
-0.00784521
-0.0105737
-0.0154563
-0.011694
-0.0170613
-0.0154753
-0.0108983
-0.021712
-0.0189734
-0.0159652
0.0213988
0.0170864
0.0212687
0.00521761
0.0044627
0.00910759
0.00726979
0.00522703
0.009117
0.000632874
0.00118365
0.0051783
0.00316562
0.000639525
0.00518495
-0.00208152
-0.00187521
0.00115098
0.00696413
0.00294366
0.00381698
0.0127008
0.0105728
0.00747164
0.00811434
0.0125588
0.0136139
0.00226967
0.00138639
0.0038347
0.00565724
0.00228911
0.00537829
0.00211557
-0.00115088
0.00225543
0.0119155
0.0125531
0.00810864
0.0132483
0.0159532
0.0176633
0.0191891
0.0212555
0.0153527
0.00567347
0.0080607
0.00446073
0.00903027
0.00541696
0.0104779
0.00809687
0.00904401
0.0119038
0.00567981
0.00540086
0.00901417
0.00214563
0.00565362
0.00444088
0.00213838
0.00227824
0.00564637
0.00118614
0.00213064
0.00442589
-0.00186896
-0.00116472
0.00210173
0.00386488
0.00487451
0.00780453
0.00386661
0.00780626
0.00539075
0.000686595
0.00485062
0.00384099
0.00702101
0.010573
0.0131947
0.00902315
0.00807601
0.00568878
0.0152925
0.0119328
0.0105207
0.0153144
0.0170349
0.0119546
0.00911716
0.00447228
0.00807226
0.00116504
-0.00186114
0.00210954
-0.000481051
-0.00198741
0.00289935
0.028025
0.0330238
0.0354926
0.0352581
0.0376318
0.0300815
0.0279394
0.0262421
0.0296849
0.0230955
0.0279232
0.0279665
0.0230756
0.0220424
0.0279033
0.0224441
0.0169457
0.0214023
0.0268462
0.0224773
0.0214355
0.0225702
0.0179509
0.0224513
0.0127036
0.00664019
0.0122637
0.00742996
0.00697919
0.00383204
0.0279791
0.0299395
0.0248507
0.0132246
0.0106029
0.0159295
0.00786792
0.0132106
0.0144829
0.00784285
0.00701185
0.0131855
0.00291367
-0.00197309
0.00378699
0.0353536
0.0321186
0.037046
-0.0407841
-0.0291653
-0.0445796
-0.0102218
-0.0102138
-0.0165076
-0.0108791
-0.0102242
-0.0165728
-0.00414885
-0.00410878
-0.0101601
-0.0157926
-0.00942686
-0.0117668
-0.0234221
-0.0158559
-0.0166842
-0.0234491
-0.0247345
-0.0158829
-0.0158086
-0.0165237
-0.00944282
-0.0326804
-0.0235018
-0.0237034
-0.0165989
-0.0247354
-0.0230066
-0.0101681
-0.00369719
-0.00938106
-0.0165917
-0.0102432
-0.016529
-0.00410717
-0.00367949
-0.0101504
-0.0101803
-0.00412899
-0.0101722
-0.00408954
0.00157331
0.00189252
-0.000898564
-0.000919539
0.00364774
-0.0154535
-0.0105709
-0.0108765
0.00519106
0.00119641
0.00443616
-0.00387265
0.000593307
-0.00159595
-0.00264285
-0.0020841
0.0011484
-0.00387619
-0.00265071
0.000589768
-0.00389566
-0.00521109
-0.00267017
-0.0102111
-0.00942404
-0.0165049
0.00126117
-0.0036412
-0.00406888
0.00189167
0.00127974
-0.00405031
-0.00410847
0.00187359
-0.00406839
0.00161024
0.00691371
0.00192945
0.00703213
0.00680992
0.00134676
0.00152924
0.00701441
0.00132904
0.0073996
0.0121089
0.0070701
0.00154949
0.00736416
0.00703466
0.00433333
0.00682456
0.00842302
-0.00220469
0.00128925
-0.00115017
0.00153031
0.00131664
0.00734498
-0.00438655
0.00149098
0.00129079
-0.0044031
-0.00364161
0.00147443
-0.00935705
-0.00443468
-0.00225128
-0.00362254
0.00127984
0.0014935
-0.0232493
-0.0189373
-0.0168602
-0.0322822
-0.0233228
-0.0255053
-0.0279219
-0.0189744
-0.0232864
-0.0381809
-0.0280164
-0.0323403
-0.0312126
-0.023691
-0.0212535
-0.0112293
-0.0154622
-0.0166422
-0.00615702
-0.0111817
-0.0117405
-0.00757902
-0.00525999
-0.00849524
-0.0111835
-0.00760655
-0.0108036
-0.0060959
-0.000925299
-0.00372371
-0.00369021
-0.00739105
-0.00524329
-0.0155158
-0.0119251
-0.014088
-0.0108091
-0.00852822
-0.0118908
-0.0154572
-0.0108444
-0.0155167
-0.0111678
-0.00614309
-0.00759091
0.0315807
0.0370333
0.0321059
0.0221951
0.0268901
0.0221801
0.0175413
0.0221637
0.0221487
0.0227237
0.0276796
0.0221996
0.0227089
0.0274966
0.0227248
0.0325919
0.03496
0.0376382
0.0269378
0.0318327
0.0268247
0.0269555
0.0320731
0.0318503
0.0315495
0.0320748
0.0277421
0.0353458
0.03495
0.031888
-0.0338345
-0.0462937
-0.0333549
-0.0230926
-0.0337566
-0.033277
-0.0327905
-0.0462918
-0.0338326
0.0269055
0.0267923
0.0221955
0.0320593
0.0269416
0.0277266
0.0321013
0.0353363
0.0318784
0.0376211
0.0298693
0.0325748
-0.0313411
-0.0382348
-0.0451227
-0.0327782
-0.0313228
-0.0451044
-0.0463298
-0.0328285
-0.0451547
-0.0166452
-0.0158169
-0.011791
-0.0212267
-0.0189675
-0.027915
0.029884
0.0376359
0.0369759
0.0280067
0.0290873
0.0341052
0.00429099
0.00370895
-0.00112035
0.00131102
0.00428295
-0.00112839
0.00842876
0.00853485
0.00433907
0.00432334
0.00851912
0.0037413
0.0117731
0.00844798
0.00684953
0.0117937
0.0129822
0.00846856
0.0131374
0.0124933
0.00779492
0.0133038
0.0181132
0.0158463
0.0213228
0.0253864
0.0248124
0.0164383
0.0212627
0.0157918
0.0169063
0.0212951
0.0212827
0.023702
0.0220333
0.0181687
0.0248025
0.0237175
0.0200337
0.0213048
0.0247944
0.0200256
0.0254123
0.0290476
0.0248384
0.0277907
0.0262167
0.0220739
0.0279678
0.0278022
0.0237541
0.0280016
0.0338198
0.0278359
0.00492944
0.00145491
0.00410392
0.0280227
0.0341212
0.0338409
0.0126072
0.00890522
0.00778115
0.0174773
0.0126517
0.0125241
0.0128651
0.00892228
0.0126243
0.0168641
0.0129064
0.0170462
0.0221443
0.0212986
0.0170919
0.016411
0.0120538
0.0168591
0.0212664
0.016442
0.01689
0.0157621
0.0124113
0.0164086
0.012013
0.00821488
0.0128606
0.0168473
0.012042
0.0128896
0.0147478
0.0199814
0.0181318
0.0213459
0.0267884
0.0265931
0.00634917
0.0074713
0.00372235
0.00138104
-0.000872667
0.00343934
0.00299347
0.00139862
0.00482713
-0.000848839
-0.000887057
0.00136665
0.0109925
0.0074957
0.00637356
0.00485705
0.00698705
0.00635134
0.0158233
0.0135019
0.0110442
-0.0280129
-0.0381774
-0.0312837
-0.0211737
-0.0154918
-0.0155514
-0.031227
-0.0212678
-0.0279561
-0.0236383
-0.015519
-0.0212009
-0.0327064
-0.0237294
-0.0312511
-0.0166837
-0.0155038
-0.0236232
-0.0234483
-0.0167104
-0.0236498
-0.0117756
-0.0112169
-0.0166298
0.0323401
0.0275442
0.0273364
0.0370494
0.0315968
0.0368927
0.0273023
0.0222806
0.0273962
0.0324893
0.032357
0.0274472
0.027512
0.0227242
0.0273042
0.0277269
0.0275429
0.0315343
0.0276974
0.0227416
0.0275133
0.0269086
0.0222136
0.0276936
0.0212809
0.0168922
0.0170743
0.0267736
0.0213311
0.0221768
0.0265747
0.0213151
0.0213275
0.0325279
0.0266306
0.0268259
0.0253923
0.0213288
0.0265883
0.0174963
0.0125431
0.0183148
0.022151
0.0175286
0.0183471
0.0170475
0.0126669
0.0174925
0.0212747
0.0199954
0.0158038
0.0298085
0.0254208
0.0266168
0.0298167
0.0290643
0.025429
0.00773549
0.00412094
0.003738
0.0131242
0.00778173
0.00856207
0.0124916
0.0126192
0.00779319
0.0325393
0.0388869
0.0358823
0.0368914
0.0323999
0.0358752
0.0324908
0.0277704
0.0324828
0.0169316
0.0118192
0.0121566
0.0226761
0.0181837
0.0222343
0.0272865
0.0227066
0.0222649
0.0226936
0.0181852
0.0226776
0.0130125
0.011824
0.0174945
0.0183192
0.0131915
0.0181388
0.0131417
0.00857954
0.0129871
0.0335895
0.0282414
0.0278199
0.0359648
0.0329867
0.0316077
0.0277653
0.0229208
0.0226046
0.0315635
0.0275142
0.0282336
0.0358028
0.0316093
0.0336274
0.0329584
0.0275301
0.0315794
0.02761
0.0224701
0.0226517
0.0222316
0.017561
0.0224797
0.0181356
0.0130337
0.0175157
0.0222171
0.0181664
0.0175465
0.0169852
0.0224621
0.0175434
0.0323852
0.0325175
0.0358605
0.0275584
0.0323542
0.0315498
0.027336
0.02743
0.0323397
0.0226791
0.018351
0.0181707
0.00684489
0.0070671
0.0117685
0.0178996
0.0127969
0.0169017
0.0224324
0.017932
0.016934
0.0179375
0.0133493
0.0179049
0.0119168
0.00698267
0.0122416
-0.000946356
-0.00412915
-0.00743254
0.0069196
0.00161612
0.00368236
0.00693302
0.00736516
0.00194876
-0.0232471
-0.016858
-0.0182911
-0.0322904
-0.0279666
-0.0233311
0.00486435
0.00495443
0.00816453
0.00117535
-0.00106338
0.000491483
-0.00756307
-0.00374306
-0.00524404
0.000149664
0.00141755
-0.00228593
0.000171053
0.00408795
0.00143894
-0.00370279
-0.000904383
0.00013716
-0.00522645
-0.00372547
-0.00232111
-0.007566
-0.00611819
-0.00374599
-0.000879555
0.00369595
0.000161988
-0.00230313
-0.00370749
0.000132466
-0.00380044
-0.0011475
0.0036818
-0.00609627
-0.0038324
-0.000925664
-0.00611421
-0.00627078
-0.00385034
0.0338255
0.0297094
0.0278417
0.0242548
0.0262285
0.0291458
0.018138
0.0206882
0.0158711
0.0277824
0.0220656
0.0237343
0.026193
0.0207358
0.0220502
0.029164
0.0262468
0.0296885
0.0242266
0.0207431
0.0262003
0.0179941
0.0158706
0.0206877
0.0223164
0.0161124
0.0180003
0.0280182
0.0223771
0.0242382
0.0280101
0.0218265
0.022369
0.0135252
0.0158466
0.0179701
0.0160829
0.013526
0.0179708
0.0109931
0.00751945
0.013474
0.000365818
0.0044132
0.00517611
0.00751953
0.0110164
0.0134741
0.00844827
0.0044596
0.010966
0.0125629
0.00847547
0.0109932
0.00520316
0.00444026
0.00842894
0.00370737
0.00300623
0.00633418
0.00443206
0.00371592
0.00746487
0.0109628
0.00445638
0.00748919
0.000326083
-0.00245228
0.000160873
0.000195856
-0.000839854
0.0029705
0.00439645
0.000349066
0.000183856
-0.00244334
-0.0044343
-0.000873446
0.000169944
-0.00318138
-0.00243566
0.00247248
0.000359306
0.00516959
-0.00219754
-0.00611054
-0.00248169
0.00244788
-0.00215949
0.000334711
-0.00902659
-0.012546
-0.012124
-0.00768093
-0.00899034
-0.00615064
-0.00770234
-0.0125311
-0.00901175
0.00484204
0.00151781
0.00493212
0.0120137
0.0123738
0.00891929
0.00890808
0.0123626
0.00867455
0.00817748
0.00888116
0.0048095
0.00820161
0.0119997
0.00890529
0.006338
0.00301005
0.0048437
-0.00497817
-0.00673641
-0.00748127
-0.00630067
-0.00497671
-0.0074798
-0.000905902
-0.000867685
-0.00424931
-0.00601856
-0.00445157
-0.00246061
-0.00759759
-0.00851382
-0.0107947
0.000511018
0.00475815
0.00119489
-0.00366501
-0.00168168
-0.0034179
0.00150275
0.00475918
0.000512051
-0.00675212
-0.00966063
-0.00749698
0.00820446
0.00890745
0.0128502
-0.0183199
-0.0254584
-0.023276
0.0248291
0.0279578
0.0237441
0.024847
0.0290562
0.0279757
0.0298554
0.0369472
0.029103
0.032538
0.0298324
0.0266407
0.0318515
0.0325454
0.0268435
0.0318787
0.0349407
0.0325726
0.0369616
0.0341353
0.0291173
0.0176793
0.0161113
0.0223153
0.019906
0.0176902
0.0217838
0.0160595
0.0110217
0.0135027
0.0242047
0.0223435
0.0180275
0.0125883
0.0110187
0.0160565
0.0137914
0.0126029
0.0176391
0.0198793
0.0138159
0.0176635
0.0115794
0.00639964
0.00963779
0.00964799
0.00847095
0.0125584
0.0126106
0.0160787
0.0176468
-0.0156555
-0.0212716
-0.0151916
-0.00946242
-0.0110782
-0.0151368
-0.0151854
-0.0182503
-0.0195726
-0.0110666
-0.00908034
-0.0120686
-0.0151575
-0.0110988
-0.0156213
-0.00943651
-0.00741732
-0.0110523
0.0242609
0.0291519
0.0280409
0.0217919
0.0176984
0.0223344
0.0262422
0.0278162
0.029684
0.018022
0.0207156
0.0241992
0.00700764
0.0109909
0.00637193
0.0123896
0.0146985
0.0109799
0.0158226
0.0110435
0.0132801
0.0116255
0.0137828
0.0160369
-0.0151767
-0.0195638
-0.0156497
0.00798349
0.0115971
0.0133366
-0.00967102
-0.00676251
-0.0105926
0.000195072
0.00369152
0.00440767
-0.00583415
-0.00320162
-0.00248413
0.000201634
0.00367741
0.000180958
-0.0106205
-0.0125473
-0.0122443
-0.012352
-0.0131104
-0.0156164
-0.00885519
-0.0094584
-0.0113047
-0.00587877
-0.00958617
-0.00944269
-0.00946686
-0.00961033
-0.0130807
0.000178647
0.000157971
-0.00317267
-0.00249393
-0.00612277
-0.00584395
-0.00960559
-0.00901672
-0.0121141
-0.0156583
-0.0175069
-0.0204648
-0.0213482
-0.0183363
-0.0189779
0.00817801
0.00496791
0.00888099
0.00137961
0.00297447
-0.000835881
0.00345848
0.00482869
0.00140018
0.00118585
0.00343869
-0.000873322
0.00478723
0.00692431
0.00347681
0.00703072
0.0132505
0.011014
0.00864307
0.00699475
0.00486474
0.00866347
0.0109417
0.00701514
0.0181586
0.0220233
0.0207088
0.0147253
0.0181094
0.0133
0.0200114
0.0236952
0.0181619
0.00368682
0.000211046
0.00298569
-0.00428078
-0.00446001
-0.00672397
0.0147399
0.0157818
0.0199735
0.0109829
0.0147014
0.0132761
0.00703053
0.0109571
0.0132504
0.00868143
0.0123694
0.0109597
0.0124057
0.0157564
0.0147145
0.00695535
0.00888994
0.0086564
0.00348974
0.00693723
0.00863828
0.00480535
0.00887701
0.00694243
0.0120388
0.0163961
0.0123989
0.00017774
-0.00242787
-0.000857969
-0.0106109
-0.0122347
-0.00968939
-0.00751805
-0.00884632
-0.0105924
-0.00447078
-0.00749051
-0.00673475
-0.0044778
-0.0088258
-0.00749753
-0.0125748
-0.0149985
-0.0160809
-0.0113209
-0.0125442
-0.0106174
-0.0113356
-0.0149826
-0.0125588
-0.0150608
-0.0138159
-0.012153
-0.0183058
-0.015089
-0.0161004
-0.0183245
-0.0204681
-0.0163126
-0.0182349
-0.01517
-0.0149782
-0.0123162
-0.00798561
-0.01016
-0.017749
-0.012349
-0.0101928
-0.0135614
-0.0168094
-0.0134378
-0.0254401
-0.0183016
-0.0178199
-0.0182586
-0.0168256
-0.0135776
-0.0111526
-0.0134127
-0.0117143
-0.00990042
-0.010751
-0.0113455
-0.0100604
-0.0135312
-0.0111474
-0.00934883
-0.00791025
-0.00941909
-0.00958254
-0.00939801
-0.0107434
-0.0111324
-0.00958425
-0.0095199
-0.0095452
-0.0104047
-0.00834872
-0.0111325
-0.00955177
-0.00958435
-0.0111353
-0.010414
-0.00955456
-0.0104025
-0.00891024
-0.00834659
-0.00820059
-0.00649049
-0.00980513
-0.0189066
-0.0141158
-0.0168295
-0.0155048
-0.0108325
-0.0119142
-0.0211853
-0.0155629
-0.018926
-0.0154427
-0.0112097
-0.0108299
-0.0149536
-0.0132257
-0.0128157
0.0138105
0.0198739
0.0160646
0.00962337
0.00522056
0.00844633
0.0137647
0.00966576
0.0125761
0.00637828
0.00521362
0.00961643
-0.00253256
0.00385511
-0.00470463
-0.00250838
0.00250144
0.00387929
-0.00998864
-0.0025894
-0.00785594
-0.00617346
-0.00132806
-0.00255481
-0.0195843
-0.0212864
-0.0156702
-0.0204862
-0.0217748
-0.0182754
-0.0258417
-0.0213205
-0.0196185
-0.00783834
-0.0025718
-0.00474387
0.000280757
0.00122196
0.00111764
-0.00178946
0.00111069
0.00121501
-0.000407758
-0.00179455
0.00120992
-0.0018016
-0.00240502
0.00109854
-0.00449504
-0.00794121
-0.00470437
-0.00240051
-0.000456456
0.00110306
-0.00468495
-0.00480071
-0.00182896
-0.00462412
-0.00904316
-0.0073945
-0.00480243
-0.00459335
-0.00243409
-0.00182137
-0.00479313
-0.00242479
-0.00647378
-0.00818389
-0.00482795
-0.00776975
-0.00904442
-0.00462538
-0.00471101
-0.00794785
-0.0064726
-0.00241957
-0.00457883
-0.000475522
-0.00483229
-0.00818823
-0.00776758
-0.0047005
-0.00646209
-0.00481626
-0.00042749
-0.00467028
-0.00181428
-0.000436401
-0.00446985
-0.00467919
-0.00796494
-0.00980434
-0.00648969
-0.0101338
-0.00795943
-0.00451326
-0.00048532
-0.00458863
-0.00533933
-0.00989163
-0.011705
-0.0118983
-0.0135425
-0.0134189
-0.0111587
-0.00983487
-0.0135268
-0.010056
-0.0123619
-0.0182436
-0.0135626
-0.0168112
-0.0140974
-0.0134396
-0.00851013
-0.00742263
-0.00986598
-0.00461121
-0.00482029
-0.00775558
-0.00984251
-0.0123337
-0.0135344
-0.00821249
-0.00981704
-0.0100382
-0.00798449
-0.0123151
-0.00982389
-0.0120905
-0.015611
-0.0110885
-0.0177761
-0.0182578
-0.0123761
-0.00739828
-0.00941747
-0.0053786
-0.00461177
-0.00738215
-0.00536247
-0.00906473
-0.011051
-0.00741607
-0.00950409
-0.00778326
-0.00820391
-0.011134
-0.00952146
-0.010047
-0.0100792
-0.00778955
-0.00951038
-0.00938986
-0.0095418
-0.00834531
-0.0113505
-0.0120729
-0.0100997
-0.000134079
0.000269153
-7.12135e-05
-0.00186352
-0.00244303
-0.000149144
-0.00187292
-0.00048119
-0.00491946
-0.00245897
-0.00187946
-0.00489915
-7.94299e-05
-0.000464948
-0.00185667
-0.0024377
-0.000275868
-0.000143816
-7.83435e-05
-0.00185559
-0.000141209
-0.00491173
-0.00562907
-0.00247155
-0.00493017
-0.000491907
-0.00506653
-0.00714966
-0.00672331
-0.00495798
-0.00969256
-0.00716008
-0.00510476
-0.0113572
-0.01526
-0.0157529
-0.00490745
-0.00188777
-0.00493431
-0.00961917
-0.0113264
-0.0121737
-0.00561358
-0.000294223
-0.00245605
-0.00562613
-0.00619743
-0.000306778
-0.00672262
-0.00697103
-0.00493044
-0.00508885
-0.00714418
-0.0049525
-0.0124208
-0.0140352
-0.0132617
-0.0197983
-0.0209336
-0.0255847
-0.015632
-0.0197539
-0.0176078
-0.0157999
-0.0209008
-0.0197654
-0.00960405
-0.00995623
-0.00902259
-0.0113096
-0.00960241
-0.00718053
-0.0121691
-0.00996679
-0.00961461
-0.0157426
-0.0121942
-0.0113469
-0.0129399
-0.00997795
-0.0121803
-0.0140448
-0.0129649
-0.0155974
-0.00959327
-0.00901181
-0.00674504
-0.012409
-0.0108178
-0.0129435
-0.0108013
-0.010684
-0.00974524
-0.015292
-0.0208858
-0.0157849
-0.00854635
-0.00622508
-0.00565378
-0.019011
-0.0217496
-0.0271672
-0.00900306
-0.0069847
-0.00673629
-0.0071652
-0.00958708
-0.00673884
-0.00973792
-0.0106767
-0.00861954
-0.00996321
-0.0107995
-0.00991165
-0.00997335
-0.0129353
-0.0108096
0.00729498
0.0091422
0.0127355
-0.000966522
-0.00587605
-0.00542292
0.00313777
-0.000923515
-0.00157757
-0.000930472
-0.00586097
-0.000951447
0.00158991
-0.000890143
0.00365616
0.00156389
-0.00409896
-0.000916167
-0.0015724
0.000616849
0.00314294
0.00366134
-0.000905935
0.00315535
0.000606659
-0.00263382
0.00115743
-0.00541846
-0.00389283
-0.00161612
-0.00543928
-0.00782302
-0.00391366
-0.00266417
-0.00520509
-0.00210542
-0.0105482
-0.0116685
-0.00786604
-0.0080102
-0.0105279
-0.00546203
-0.00589963
-0.00799467
-0.0054465
-0.0108516
-0.010546
-0.00802828
-0.0154742
-0.01592
-0.0117119
-0.00751016
-0.00914615
-0.00699458
-0.012039
-0.0098887
-0.00913609
-0.0120628
-0.0139912
-0.0121494
-0.0232417
-0.016443
-0.0189802
-0.0140603
-0.0156129
-0.0175887
-0.0124014
-0.0106929
-0.0108103
-0.0140341
-0.0124197
-0.0129543
-0.0115481
-0.0106954
-0.0124039
-0.0123142
-0.0115564
-0.013253
-0.00907571
-0.0106842
-0.011537
-0.00671584
-0.00492366
-0.00495051
-0.0121308
-0.0106042
-0.00989392
-0.0163874
-0.0116163
-0.0140038
-0.00990569
-0.0090236
-0.00995725
-0.0106046
-0.0115854
-0.0105618
-0.00970566
-0.0105983
-0.0105555
-0.00916613
-0.00988397
-0.0105943
-0.0105571
-0.0115136
-0.0092717
-0.00857601
-0.00935018
-0.0113976
-0.0105533
-0.00991008
-0.00974182
-0.0115214
-0.0105649
-0.0115885
-0.0115095
-0.00935287
-0.00926766
-0.00854888
-0.00565631
-0.00697957
-0.00926631
-0.00990849
-0.0105517
-0.00699423
-0.00925251
-0.00933772
-0.00902127
-0.00990335
-0.00926118
-0.0159163
-0.0140038
-0.0120755
-0.0116174
-0.0163886
-0.0143372
-0.0159394
-0.0189477
-0.0140269
-0.0143251
-0.012955
-0.0114289
-0.0232379
-0.017833
-0.0164391
-0.0271724
-0.0232777
-0.0190162
-0.0252386
-0.0178625
-0.0232674
-0.0175268
-0.0100692
-0.0129612
-0.00564416
-0.00492682
-0.00696741
0.00484755
0.000683525
0.00292611
0.0119118
0.00905207
0.0104997
-0.00170336
-0.00118533
-0.00422776
-0.00176361
0.000656184
0.00136227
-0.00615948
-0.00369437
-0.00345564
-0.000487846
0.000649976
-0.00176982
0.00384807
0.00537222
0.00228304
-0.01131
-0.00718091
-0.00971338
-0.0152398
-0.011337
-0.00974043
-0.0121991
-0.0155912
-0.0129587
-0.0205192
-0.0189564
-0.0160463
-0.0070995
-0.00859457
-0.00585015
-0.00456027
-0.00708596
-0.00583661
-0.00830327
-0.0086028
-0.00710773
-0.0122085
-0.0157569
-0.0156006
-0.0124125
-0.0132533
-0.0115567
-0.0558514
-0.0553725
-0.0568519
-0.0533889
-0.0553584
-0.0551009
-0.0504578
-0.0533724
-0.0550845
-0.0535469
-0.0553532
-0.0533837
-0.0481555
-0.0535153
-0.0511299
-0.0568442
-0.0553648
-0.0535585
-0.0511107
-0.047797
-0.0481363
-0.0504445
-0.0511371
-0.0533592
-0.0480546
-0.0477967
-0.0511105
-0.0553154
-0.0568441
-0.0535584
-0.051091
-0.0482521
-0.0504273
-0.0454532
-0.0480371
-0.0482253
-0.0436071
-0.0428802
-0.0452622
-0.0400238
-0.0417603
-0.0397692
-0.0428815
-0.0439972
-0.0452635
-0.0419011
-0.0428628
-0.0417769
-0.0419062
-0.0432859
-0.0428679
-0.0406252
-0.0418878
-0.0400271
-0.0446875
-0.0440718
-0.0462163
-0.0406345
-0.0427982
-0.0418971
-0.0406345
-0.0418999
-0.0427983
-0.0432934
-0.0405343
-0.0394488
-0.0460473
-0.0446356
-0.045331
-0.0448946
-0.044688
-0.0455414
-0.0442703
-0.0448932
-0.04554
-0.0445439
-0.0446846
-0.0448912
-0.0435954
-0.0417826
-0.0428685
-0.0454285
-0.0436156
-0.0452708
-0.045421
-0.0440637
-0.0425916
-0.0523231
-0.049332
-0.0524206
-0.0483125
-0.0478922
-0.04658
-0.056355
-0.0537344
-0.052351
-0.0503464
-0.0479129
-0.0507265
-0.0589414
-0.0541002
-0.0537489
-0.0484125
-0.0479051
-0.0503387
-0.0507378
-0.0493264
-0.0523175
-0.0481199
-0.0477806
-0.0462152
-0.0513572
-0.0481319
-0.0462272
-0.0552862
-0.0535293
-0.0481694
-0.0398395
-0.0440372
-0.0402589
-0.0454399
-0.048212
-0.0440826
-0.0398473
-0.0425729
-0.044045
-0.0452789
-0.0460499
-0.0454367
-0.0504502
-0.0550769
-0.0511139
-0.0480538
-0.0504171
-0.0482419
-0.0480635
-0.0511193
-0.0504268
-0.0535328
-0.0533695
-0.0511474
-0.0510757
-0.0458853
-0.0482369
-0.0440572
-0.0428158
-0.0437281
-0.0428749
-0.0432929
-0.0439906
-0.041906
-0.0428071
-0.0432857
-0.0469148
-0.0548281
-0.0466491
-0.037799
-0.0468576
-0.046592
-0.0384116
-0.037414
-0.0460792
-0.05757
-0.0543385
-0.0522159
-0.0632066
-0.0623459
-0.0573638
-0.058026
-0.0565291
-0.0650008
-0.0576251
-0.0580297
-0.0650045
-0.0575823
-0.0522281
-0.0579868
-0.0152355
-0.0291719
-0.0277774
-0.0292072
-0.0215088
-0.0320495
-0.0392555
-0.0292668
-0.032109
-0.0277699
-0.0269741
-0.0151979
-0.0361213
-0.0278475
-0.029242
-0.0461518
-0.0454044
-0.0521478
-0.0278821
-0.0373529
-0.0383505
-0.036207
-0.0453218
-0.0374041
-0.0461109
-0.0468582
-0.0384433
-0.0152143
-0.0214524
-0.0291507
-0.053099
-0.0585401
-0.056491
-0.0373967
-0.0382087
-0.040004
-0.0322596
-0.0351513
-0.0319654
-0.0357857
-0.0381872
-0.0351839
-0.0395497
-0.0387917
-0.0360059
-0.0406129
-0.0400147
-0.0382195
-0.0418866
-0.0406211
-0.0388149
-0.0444836
-0.0458196
-0.0421692
-0.0455386
-0.0444896
-0.0442689
-0.0464382
-0.0478921
-0.0483994
-0.0455458
-0.0464173
-0.0444968
-0.0455528
-0.0465658
-0.0464242
-0.0395975
-0.0370092
-0.0404727
-0.0422087
-0.0396149
-0.0404902
-0.0422115
-0.0413152
-0.0396177
-0.0348442
-0.0359703
-0.0328561
-0.0371253
-0.0348487
-0.0330272
-0.0371352
-0.0359847
-0.0348586
-0.0870716
-0.083013
-0.0913236
-0.0667924
-0.0713056
-0.0683494
-0.0721442
-0.0744332
-0.0688447
-0.0405089
-0.038891
-0.0362676
-0.0480299
-0.0454459
-0.0460591
-0.0421329
-0.0389107
-0.0405286
-0.0421654
-0.0458159
-0.0433612
-0.0389201
-0.0421423
-0.0433381
-0.0432951
-0.0433188
-0.0442575
-0.0428407
-0.0453159
-0.0433208
-0.0419073
-0.0419207
-0.0437179
-0.0443557
-0.0506852
-0.0453935
-0.0362302
-0.0443072
-0.045345
-0.0393417
-0.0428381
-0.0443092
-0.0462313
-0.0488038
-0.0428762
-0.0462547
-0.0498718
-0.0488273
-0.0513463
-0.0462163
-0.0448886
-0.0513876
-0.0552791
-0.0481622
-0.0366749
-0.0397992
-0.0355501
-0.0418916
-0.0417674
-0.0400309
-0.0440574
-0.0458352
-0.040279
-0.0425779
-0.0417816
-0.0435944
-0.0482134
-0.0458618
-0.044084
-0.0425585
-0.039833
-0.0397712
-0.0417688
-0.042565
-0.0397777
-0.0436066
-0.0454195
-0.0425901
-0.0355621
-0.0398111
-0.0402304
-0.036689
-0.0397515
-0.0398133
-0.0322716
-0.0366496
-0.0355249
-0.0373908
-0.0397434
-0.0366808
-0.0322662
-0.0339168
-0.0366442
-0.0667615
-0.0683185
-0.0620985
-0.0183187
-0.0161134
-0.0189603
-0.0252974
-0.0227799
-0.0213842
-0.0162792
-0.0149672
-0.0138293
-0.00885904
-0.0113086
-0.0106051
-0.00675526
-0.00751103
-0.0105853
-0.00605658
-0.00944079
-0.00883758
-0.01564
-0.0175022
-0.0150135
-0.00604661
-0.00586689
-0.00943082
-0.0175213
-0.0199473
-0.0204792
-0.0131277
-0.0174823
-0.0156336
-0.0131264
-0.015273
-0.0174811
-0.018239
-0.0199323
-0.0152982
-0.0125806
-0.0162351
-0.015267
-0.022573
-0.0221454
-0.0182708
-0.0246226
-0.026123
-0.0268515
-0.0234987
-0.0246138
-0.0268427
-0.0218012
-0.0261061
-0.0246056
-0.0160717
-0.0122626
-0.0125656
-0.00631554
-0.00749467
-0.00940756
-0.00790007
-0.0063169
-0.00940892
-0.00496743
-0.00428249
-0.00672568
-0.00363279
-0.0049638
-0.00628776
-0.00361476
-0.000917419
-0.00494577
-0.00590321
-0.00343938
-0.00586726
-0.000919595
-0.004263
-0.00494795
-0.00108403
-0.00090446
-0.00360181
-0.00106801
0.00117072
-0.000888445
-0.00341574
-0.00109246
-0.00361023
-0.00340203
0.000476122
-0.00107874
-0.00585962
-0.00343174
-0.00362623
-0.00129518
-0.00229078
0.0014127
0.000490539
-0.00165139
0.00148124
-0.00366984
-0.00522293
-0.00132199
0.00476804
0.00345762
0.00120478
0.008164
0.00479602
0.00486382
0.00863129
0.00485295
0.00348274
-0.000879546
-0.0044404
-0.00426117
-0.00603991
-0.00882091
-0.00447291
-0.0117043
-0.0104212
-0.0111425
-0.0140803
-0.0117242
-0.0134226
-0.00988666
-0.010417
-0.0117001
-0.00852511
-0.00988096
-0.0118877
-0.00891537
-0.0104077
-0.00987731
-0.00742395
-0.00890536
-0.0098673
-0.00741073
-0.00592661
-0.00889214
-0.00525941
-0.00740717
-0.00849467
-0.00592634
-0.00789515
-0.00832822
-0.00231303
-0.00131743
-0.00521837
-0.00363582
-0.0062908
-0.00586921
0.00150641
0.00144619
0.00492073
0.00477371
0.00151728
0.00484151
-0.0016746
-0.00365793
-0.00131008
0.00147525
-0.00165738
-0.00129285
0.000474146
-0.00340401
-0.00166779
-0.00739328
-0.00369244
-0.00590916
-0.00128251
0.00142537
0.0014856
-0.00927142
-0.0121237
-0.0108508
-0.0100372
-0.00951165
-0.00821147
-0.0140753
-0.0119124
-0.0117191
-0.0128177
-0.0138177
-0.0149556
-0.0107607
-0.0127954
-0.0113552
-0.0108682
-0.013804
-0.012804
-0.010759
-0.010858
-0.0127938
-0.00925202
-0.00750537
-0.00966902
-0.00942861
-0.00926238
-0.0108418
-0.00941741
-0.00750452
-0.00925118
-0.0141114
-0.0189023
-0.0155392
0.0119006
0.00739856
0.00696642
0.0175283
0.0169923
0.0122938
0.0121251
0.00741587
0.0119179
0.0201345
0.0224446
0.022489
0.0122751
0.0169735
0.0119504
0.0175623
0.0224177
0.0170262
0.0117862
0.00708482
0.0121236
0.0129714
0.00856382
0.00845772
0.0181211
0.0131737
0.0130191
0.0221683
0.0183644
0.0226925
0.0221316
0.0170793
0.0175243
0.00775273
0.0088768
0.00413819
0.0183003
0.0125286
0.0131726
0.0170321
0.0128923
0.0126515
-0.00225746
-0.00627632
-0.00936323
0.00127835
-0.00221559
-0.00439899
-0.00117546
-0.00624885
-0.00222999
0.00680078
0.00430955
0.00133763
0.00368265
-0.000892849
-0.00379959
0.00775028
0.0037528
0.00853062
0.00495432
0.0041288
0.00886741
0.000178683
0.00371264
0.00409558
-0.00630813
-0.011735
-0.00939503
-0.00510163
-0.00885813
-0.00767698
-0.00132179
-0.00505675
-0.00179665
-0.0013365
-0.0061819
-0.00507147
0.0079156
0.00253037
0.00210636
-0.00620712
-0.0088532
-0.00509669
0.00248406
-0.00252576
-0.00129901
-0.0136814
-0.018832
-0.0207778
-0.00791014
-0.0136261
-0.0151571
-0.0078974
-0.0113615
-0.0136134
-0.0113319
-0.00786774
-0.00477326
-0.0148861
-0.0192372
-0.0161295
-0.00622359
-0.0100042
-0.00886967
-0.0208014
-0.0192528
-0.0149018
-0.0217961
-0.0205075
-0.0246211
-0.0288426
-0.0218241
-0.0246491
-0.0195947
-0.0182724
-0.0217718
-0.0150199
-0.0189492
-0.0161023
0.00244081
-0.0017744
-0.00216657
0.00635437
0.0024926
0.00518971
0.00634401
0.00210094
0.00248223
-0.0290134
-0.0299931
-0.0305089
-0.0270571
-0.0290026
-0.0301888
-0.0270409
-0.025337
-0.0289863
-0.0256968
-0.0226116
-0.0262645
-0.0199737
-0.0221551
-0.0237593
-0.0199553
-0.018262
-0.0221366
-0.0322441
-0.0319498
-0.0305262
-0.029458
-0.0330038
-0.0300029
-0.0330448
-0.0359741
-0.0357711
-0.0296545
-0.0270615
-0.025723
-0.0204649
-0.0175205
-0.0156583
-0.0237538
-0.0205001
-0.0199682
-0.0217588
-0.017541
-0.0204853
-0.0261033
-0.0217985
-0.0237786
-0.023463
-0.0189964
-0.0217736
-0.0156193
-0.0149928
-0.0113459
-0.0237598
-0.0217797
-0.0205062
-0.018954
-0.0150246
-0.0175133
-0.031946
-0.0313279
-0.0302878
-0.0382154
-0.0388026
-0.0406088
-0.0373663
-0.0339289
-0.0351749
-0.0397545
-0.0374019
-0.0400091
-0.0366614
-0.0339339
-0.0373713
-0.0357978
-0.0387865
-0.0381993
-0.0330324
-0.0357587
-0.0322652
-0.0300123
-0.0330131
-0.0322459
-0.0328501
-0.0359643
-0.033035
-0.0359933
-0.0387791
-0.0357904
-0.0322723
-0.0357659
-0.035164
-0.0114117
-0.0177118
-0.0188141
-0.0162796
-0.0138297
-0.0150746
-0.0183064
-0.0162946
-0.0150897
-0.0182386
-0.014982
-0.016294
-0.0120834
-0.011361
-0.0132112
-0.0156247
-0.0121041
-0.0151517
-0.00906271
-0.00778805
-0.0100777
-0.0150556
-0.0121478
-0.0122578
-0.00954594
-0.009394
-0.00957852
-0.0059297
-0.00833158
-0.00889523
-0.00790675
-0.00938437
-0.00833983
-0.00588218
-0.00788694
-0.00591813
-0.00367915
-0.00343204
-0.00589587
-0.00630507
-0.00788824
-0.00588348
-0.00989821
-0.0113432
-0.0100924
-0.00935823
-0.0107426
-0.00939726
-0.00791014
-0.00934872
-0.00938776
-0.0094286
-0.0107427
-0.00935833
-0.00943359
-0.0108468
-0.0107477
-0.00968451
-0.0121198
-0.00926751
-0.00989208
-0.0100862
-0.00951743
-0.00958008
-0.00989038
-0.00951574
-0.0095842
-0.010745
-0.00989451
-0.0132136
-0.0113634
-0.0128037
-0.0151532
-0.0132335
-0.0149614
-0.0151436
-0.0120961
-0.0132239
-0.0120653
-0.00907707
-0.010092
-0.0150688
-0.012271
-0.0160801
-0.010866
-0.0121389
-0.0138018
-0.00969448
-0.0122398
-0.0121298
-0.0294675
-0.0328283
-0.0330132
-0.026147
-0.0292121
-0.0294324
-0.0234818
-0.0217924
-0.0245968
-0.0237962
-0.0270432
-0.0261209
-0.029686
-0.0329836
-0.0292358
-0.026139
-0.0270614
-0.0292042
-0.0323043
-0.0323931
-0.0358059
-0.0369736
-0.0345086
-0.0349329
-0.0276784
-0.0208116
-0.0239288
-0.0207835
-0.0192829
-0.0239006
-0.00612791
-0.00221491
-0.00765819
-0.00899673
-0.0095856
-0.00615703
-0.0152532
-0.0121449
-0.0125669
-0.0152551
-0.0131085
-0.0121467
-0.00246012
0.000318242
-0.00217596
-0.0095751
-0.00586771
-0.00614653
-0.00320213
-0.00601437
-0.00245642
-0.00246405
-0.00318154
0.000149103
-0.00584603
-0.00602575
-0.0032135
-0.015145
-0.0100308
-0.00789808
-0.0208076
-0.0152241
-0.0207896
-0.0207878
-0.0148882
-0.0152043
-0.00770055
-0.00888171
-0.0121263
-0.00177277
0.00206116
-0.0012979
-0.00220041
-0.00180824
-0.00764369
0.00255263
0.00793786
0.00873843
0.00391699
0.00253914
0.00872493
-0.00128357
0.00207549
0.0024995
0.00245504
0.00207375
-0.00176017
0.00797402
0.0133271
0.00877458
0.00636228
0.00792846
0.00211922
0.0116241
0.0160355
0.0133636
0.00639401
0.0115738
0.00796019
0.0116041
0.0096625
0.0137614
-0.037151
-0.0395442
-0.0360004
-0.0328462
-0.0330129
-0.0348343
-0.0442628
-0.0452716
-0.0492536
-0.0442158
-0.0404981
-0.0399724
-0.046478
-0.0442656
-0.0488739
-0.0464525
-0.0432754
-0.0422409
-0.0369936
-0.0349528
-0.0404571
-0.0345022
-0.0369672
-0.0330256
-0.0297036
-0.0344778
-0.0330012
-0.0294395
-0.0349076
-0.0344833
-0.0294239
-0.0298268
-0.034892
-0.0256831
-0.0221703
-0.0225979
-0.0296623
-0.0257309
-0.0293927
-0.0270364
-0.0221852
-0.025698
-0.029216
-0.0270732
-0.0296662
-0.023783
-0.0221788
-0.02703
-0.0298364
-0.0322927
-0.0349016
-0.0263009
-0.0297979
-0.029395
-0.0257195
-0.0262872
-0.0293814
-0.0225952
-0.0208024
-0.0262481
-0.0262651
-0.0208195
-0.0276862
-0.0358463
-0.0368618
-0.0399323
-0.0349627
-0.0399414
-0.040467
-0.0246708
-0.0270425
-0.0301316
-0.0258433
-0.0196201
-0.0217972
-0.018349
-0.0213609
-0.0227566
-0.0234616
-0.0213654
-0.0189951
-0.0175359
-0.0217538
-0.0189766
-0.0268532
-0.0277496
-0.0235092
-0.0253163
-0.0270201
-0.0227988
-0.0247382
-0.030768
-0.0324263
-0.0208193
-0.0188735
-0.0260486
-0.0252919
-0.030744
-0.0247142
-0.0252484
-0.0246707
-0.0177777
-0.0252997
-0.0213866
-0.0234828
-0.0299839
-0.0290043
-0.0277785
-0.0246462
-0.0227965
-0.0270179
-0.0258742
-0.0218282
-0.0288467
-0.0205107
-0.0227747
-0.0246244
-0.0163124
-0.0204678
-0.018257
-0.0183461
-0.0227536
-0.0204897
-0.0277629
-0.0289887
-0.0253395
-0.0235041
-0.0277445
-0.0253211
-0.0268749
-0.0299768
-0.0277713
-0.0301378
-0.0288705
-0.024677
-0.0376303
-0.0308127
-0.0329227
-0.041013
-0.0383987
-0.0435238
-0.0358016
-0.0300584
-0.0324609
-0.0582547
-0.0584549
-0.063643
-0.0629175
-0.0582697
-0.063658
-0.057736
-0.0541457
-0.0582205
-0.0493125
-0.0541002
-0.0530338
-0.052649
-0.0584044
-0.0541293
-0.0455128
-0.0439715
-0.0479683
-0.0452772
-0.0455228
-0.0496534
-0.0415823
-0.0439501
-0.0454914
-0.0492717
-0.0452897
-0.049666
-0.0358211
-0.0324083
-0.0368366
-0.0512882
-0.0554165
-0.0575379
-0.0480164
-0.0512469
-0.0526046
-0.0496862
-0.0480111
-0.0525994
-0.0439907
-0.051218
-0.0479875
-0.0496625
-0.0455319
-0.0479874
-0.0541002
-0.0497066
-0.0526198
-0.0399259
-0.0349472
-0.0358399
-0.0454958
-0.0452501
-0.0415867
-0.0452405
-0.0442317
-0.0399884
-0.0415682
-0.0452316
-0.0399794
-0.0492657
-0.0488833
-0.0442749
-0.0368295
-0.0324013
-0.0337247
-0.0415374
-0.0368782
-0.0391329
-0.0415401
-0.0399514
-0.0368809
-0.0489033
-0.0449317
-0.05312
-0.0409898
-0.0391276
-0.0358605
-0.0488583
-0.0410481
-0.0435589
-0.043927
-0.0391547
-0.0410169
-0.0376998
-0.0396684
-0.0448492
-0.0435344
-0.0377127
-0.0448622
-0.038345
-0.0308309
-0.0376485
-0.0395694
-0.041883
-0.0388114
-0.0422237
-0.0432582
-0.0413274
-0.0442234
-0.0422242
-0.0405056
-0.0442433
-0.0464557
-0.0422441
-0.0344658
-0.0296916
-0.029422
-0.0371325
-0.0330344
-0.036976
-0.0328275
-0.0292464
-0.0329941
-0.0136692
-0.0207656
-0.0152002
-0.0246493
-0.0188586
-0.0177562
-0.0246771
-0.0260616
-0.0188864
-0.0251158
-0.0239204
-0.0208511
-0.0336965
-0.0307537
-0.0300456
-0.0358058
-0.0337135
-0.0300626
-0.0391067
-0.036852
-0.0337472
-0.0323609
-0.0277398
-0.0307415
-0.0337043
-0.0323809
-0.0307615
-0.038373
-0.0409873
-0.0358579
-0.0439288
-0.0415611
-0.0391565
-0.0358144
-0.0349216
-0.0323128
-0.0162869
-0.020769
-0.0225618
-0.0152859
-0.0162541
-0.0182267
-0.0125702
-0.0121671
-0.0162247
-0.0018179
-0.005078
-0.00765335
-0.0162785
-0.0225533
-0.0182511
-0.0161392
-0.0207474
-0.0162654
-0.0089189
-0.0148515
-0.0160949
-0.0208316
-0.0239008
-0.019283
-0.0298123
-0.0277363
-0.0322687
-0.054089
-0.0493013
-0.0496955
-0.06873
-0.0744301
-0.0713324
-0.0667936
-0.0687044
-0.0713068
-0.0640399
-0.0646384
-0.0686729
-0.0646543
-0.0688004
-0.0686888
-0.0604956
-0.0646109
-0.0640124
-0.0629559
-0.0687812
-0.0646351
-0.0577613
-0.0628936
-0.0570299
-0.0530716
-0.0577283
-0.0569969
-0.054148
-0.0584231
-0.0582228
-0.0637031
-0.0648066
-0.0698808
-0.0577654
-0.0582499
-0.0628977
-0.0584768
-0.0647683
-0.0636648
-0.0721733
-0.0775078
-0.0744622
-0.0699224
-0.0721291
-0.0688295
-0.0699515
-0.0774927
-0.0721582
-0.0629528
-0.0636932
-0.068778
-0.0648356
-0.0723382
-0.0699097
-0.0629287
-0.0620856
-0.0683056
-0.0693856
-0.0641167
-0.0629391
-0.058532
-0.0530909
-0.0540966
-0.0620326
-0.0589768
-0.056405
-0.0565008
-0.0595207
-0.0563883
-0.0628858
-0.0585811
-0.0589869
-0.0489126
-0.0492951
-0.0530164
-0.0524445
-0.0564636
-0.0523471
-0.0465696
-0.046429
-0.0503846
-0.0564768
-0.0563643
-0.0523602
-0.0504263
-0.0530453
-0.0524266
-0.0687216
-0.0688332
-0.0744217
-0.0595804
-0.0640165
-0.0667387
-0.0604722
-0.0570446
-0.0645875
-0.0530924
-0.0604319
-0.0564928
-0.0570528
-0.0629166
-0.0645957
-0.0541284
-0.0577187
-0.053062
-0.0595393
-0.0620345
-0.0564069
-0.0604535
-0.0595343
-0.0565144
-0.0667322
-0.0620691
-0.0595739
-0.0412981
-0.0395619
-0.0371687
-0.036998
-0.0395864
-0.0371544
-0.0432572
-0.0419172
-0.0413264
-0.041314
-0.0419049
-0.0395778
-0.0371689
-0.0396008
-0.0412983
-0.050377
-0.0537202
-0.0540714
-0.049903
-0.0503642
-0.0540586
-0.0465723
-0.049299
-0.0483172
-0.0437478
-0.0465467
-0.0462215
-0.0450157
-0.046411
-0.0465516
-0.0437437
-0.0450068
-0.0465426
-0.0432894
-0.0464664
-0.0464049
-0.0521537
-0.0489222
-0.053026
-0.0504151
-0.0490836
-0.0530341
-0.0493256
-0.0504138
-0.0524142
-0.049306
-0.0465792
-0.0503942
-0.046494
-0.04889
-0.0490566
-0.0521405
-0.0490755
-0.048909
-0.0569783
-0.0521807
-0.053053
-0.0530399
-0.0490894
-0.0521543
-0.0604336
-0.0530941
-0.057006
-0.056466
-0.0524469
-0.0530656
-0.0521808
-0.0569784
-0.0530664
-0.0464374
-0.0490614
-0.0503929
-0.0432845
-0.0464
-0.0450048
-0.0464858
-0.0490483
-0.0464243
-0.0418934
-0.0395798
-0.0419068
-0.0531511
-0.0466388
-0.0564727
-0.0383876
-0.037691
-0.0435127
-0.0396981
-0.046555
-0.0448789
-0.0531861
-0.0565077
-0.0570919
-0.0277116
-0.023962
-0.0307133
-0.0322773
-0.0277449
-0.0323661
-0.0297923
-0.0262952
-0.0277163
-0.0125416
-0.00771283
-0.0121385
-0.0161105
-0.0162366
-0.012179
-0.00890985
-0.0160859
-0.0121544
-0.0192569
-0.0207575
-0.0161493
-0.0123461
-0.0156105
-0.011337
-0.00947004
-0.0123255
-0.0113164
-0.00947599
-0.0130898
-0.0123314
-0.0121278
-0.0130896
-0.00961926
-0.0152958
-0.0199299
-0.0175039
-0.0251537
-0.0261003
-0.0300015
-0.030725
-0.0251692
-0.030017
-0.0208408
-0.0208227
-0.0251054
-0.0337438
-0.0358362
-0.0391033
-0.0239534
-0.0251489
-0.0307047
-0.0261248
-0.0324284
-0.0300259
-0.0208403
-0.0260696
-0.0251229
-0.0099831
-0.0062025
-0.00258385
-0.0148522
-0.0100541
-0.0151683
-0.0148312
-0.00889855
-0.0100331
-0.01365
-0.0113981
-0.0188005
-0.0324887
-0.0383445
-0.0358294
-0.0247225
-0.0324106
-0.026107
-0.0308136
-0.0383277
-0.0324719
-0.0328814
-0.0307714
-0.0253193
-0.0329523
-0.0396285
-0.0376598
-0.0410573
-0.0511948
-0.0439674
-0.0339108
-0.0319709
-0.0351568
-0.0381925
-0.0373806
-0.0351892
-0.0322484
-0.031341
-0.033899
-0.027061
-0.0301926
-0.0301502
-0.0671268
-0.0621875
-0.0694993
-0.0531825
-0.0570882
-0.0554213
-0.0489384
-0.0531552
-0.055394
-0.0449239
-0.0466
-0.0531123
-0.0565377
-0.0621106
-0.0571218
-0.0609743
-0.0660007
-0.0576057
-0.0769707
-0.0740718
-0.0695719
-0.0770355
-0.0860724
-0.0769595
-0.0609373
-0.0554473
-0.0571142
-0.0671549
-0.0740273
-0.0660763
-0.0584159
-0.0526605
-0.0575525
-0.0488713
-0.0435718
-0.0448996
-0.0512593
-0.0489321
-0.0553876
-0.0512113
-0.0410738
-0.048884
-0.0507514
-0.0530728
-0.0564649
-0.0579783
-0.0507678
-0.0564813
-0.044287
-0.0362099
-0.0393194
-0.0428579
-0.0433648
-0.046213
-0.0443409
-0.0428698
-0.0487975
-0.0380979
-0.0343019
-0.0388763
-0.0393209
-0.0381279
-0.0428174
-0.0392851
-0.0321386
-0.0380921
-0.02914
-0.0362141
-0.034263
-0.015403
-0.0290373
-0.0243703
-0.0265115
-0.0360156
-0.0352117
-0.039424
-0.0352721
-0.0411421
-0.0433011
-0.0394565
-0.0428211
-0.0362518
-0.0352557
-0.0394076
-0.0419103
-0.0437209
-0.0428086
-0.0290141
-0.0305096
-0.0302004
-0.0294375
-0.0299824
-0.0268805
-0.0261391
-0.0294246
-0.0268676
-0.0292345
-0.0328156
-0.0294548
-0.0305138
-0.0302792
-0.0302046
-0.0322375
-0.0305197
-0.0300039
-0.0319433
-0.0302851
-0.0305197
-0.0526365
-0.0512789
-0.0575285
-0.0699828
-0.0814818
-0.077524
-0.0769106
-0.0760809
-0.0723993
-0.082957
-0.0815205
-0.0761316
-0.0319581
-0.033898
-0.03134
-0.0829751
-0.0769795
-0.0860923
-0.0933608
-0.098638
-0.10444
-0.0834211
-0.0888753
-0.0932578
-0.0889262
-0.098586
-0.0933087
-0.0913839
-0.0985795
-0.0889197
-0.0990835
-0.103267
-0.0914315
-0.0900034
-0.099039
-0.091387
-0.0933623
-0.104441
-0.0990938
-0.0987717
-0.0880602
-0.0951618
-0.0775736
-0.0833489
-0.0829545
-0.0769194
-0.0740965
-0.0769953
-0.0761162
-0.076946
-0.0829417
-0.0723926
-0.074081
-0.0769039
-0.0699474
-0.0723759
-0.0760575
-0.0660326
-0.0610062
-0.0671112
-0.0648227
-0.0660628
-0.0723253
-0.0647733
-0.0576184
-0.0660134
-0.0861404
-0.0913226
-0.0830233
-0.118779
-0.108422
-0.115362
-0.088021
-0.087101
-0.0951226
-0.0860984
-0.083148
-0.0908515
-0.0808045
-0.087053
-0.087973
-0.0908578
-0.0831544
-0.0879936
-0.0756463
-0.0734892
-0.080718
-0.0952183
-0.104907
-0.0988282
-0.0830591
-0.0772007
-0.0731691
-0.0879598
-0.0831206
-0.0807914
-0.0860527
-0.0772439
-0.0831024
-0.0914184
-0.103254
-0.095188
-0.0411309
-0.0352608
-0.0360647
-0.0461822
-0.0411968
-0.0448546
-0.0394252
-0.0405107
-0.0362694
-0.0461755
-0.0428365
-0.04119
-0.0453415
-0.0477707
-0.0460579
-0.104493
-0.108863
-0.0991459
-0.0460669
-0.0477798
-0.0480377
-0.0440028
-0.0445429
-0.0452691
-0.045342
-0.0462058
-0.0477712
-0.0446229
-0.044262
-0.0433232
-0.0453219
-0.0446265
-0.0433268
-0.0445437
-0.044891
-0.0446291
-0.045276
-0.0445498
-0.0460469
-0.0440008
-0.0446816
-0.0445409
-0.0428503
-0.0461893
-0.0453255
-0.0629777
-0.0650174
-0.0565457
-0.0585731
-0.062956
-0.0565241
-0.064117
-0.0694246
-0.0630177
-0.0585985
-0.0640807
-0.0629814
-0.0541163
-0.0589575
-0.0585517
-0.0499121
-0.0540677
-0.053062
-0.0488501
-0.0498946
-0.0530445
-0.0462247
-0.0465623
-0.0446958
-0.0458339
-0.0444978
-0.0464183
-0.0432989
-0.0446775
-0.0439967
-0.0440686
-0.0437395
-0.0462131
-0.0432992
-0.044062
-0.0446777
-0.0432929
-0.0428144
-0.0440557
-0.0419311
-0.0449913
-0.0437282
-0.046562
-0.0483069
-0.0462368
-0.0432919
-0.0444751
-0.0421607
-0.0433063
-0.0432826
-0.0405471
-0.0442614
-0.0444821
-0.043299
-0.0405433
-0.0432788
-0.0421475
-0.0460447
-0.0445476
-0.044633
-0.0464321
-0.0465737
-0.0478859
-0.0446282
-0.0448901
-0.0442672
-0.0446936
-0.04656
-0.045547
-0.0483919
-0.0462398
-0.0458463
-0.0464313
-0.0483925
-0.045847
-0.0483264
-0.0507197
-0.0479061
-0.0462368
-0.048307
-0.0465744
-0.049313
-0.0507244
-0.0483311
-0.0537565
-0.0563772
-0.058949
-0.0507459
-0.053709
-0.0503659
-0.0507525
-0.0523322
-0.0537156
-0.046223
-0.0433748
-0.0458295
-0.0498841
-0.0484191
-0.0503453
-0.0675932
-0.0694699
-0.0730915
-0.0650849
-0.0675753
-0.0721235
-0.0630293
-0.0694361
-0.0675595
-0.0629029
-0.0640805
-0.0585982
-0.0629533
-0.0683302
-0.0693997
-0.0432695
-0.0449898
-0.0419295
-0.0628975
-0.0589986
-0.0620544
-0.0498704
-0.0462533
-0.0484054
-0.064748
-0.0584564
-0.0575931
-0.0660937
-0.0740447
-0.0723563
-0.0554489
-0.0609389
-0.0575703
-0.0671665
-0.069539
-0.0740389
-0.0571533
-0.0670814
-0.0609764
-0.0571572
-0.062146
-0.0670853
-0.064047
-0.06868
-0.0667693
-0.076088
-0.0814769
-0.0699779
-0.0833903
-0.089923
-0.082996
-0.0815266
-0.0833441
-0.0775688
-0.0815644
-0.088836
-0.0833819
-0.0888347
-0.0815631
-0.0829996
-0.0913317
-0.0888675
-0.0830324
-0.0932614
-0.0899574
-0.0834248
-0.0604786
-0.0639955
-0.0595594
-0.0688013
-0.0637165
-0.0698942
-0.0775439
-0.0829248
-0.0744983
-0.0952333
-0.103299
-0.104922
-0.0765295
-0.0784828
-0.0713721
-0.0829215
-0.0765548
-0.074495
-0.082935
-0.0785216
-0.0765683
-0.0913332
-0.0830226
-0.0899496
-0.0784726
-0.0734674
-0.0713618
-0.0870287
-0.0785567
-0.0829701
-0.0870214
-0.0807729
-0.0785494
-0.0951339
-0.0871123
-0.0913642
-0.0807275
-0.0734988
-0.078504
-0.0908853
-0.0932172
-0.0861321
-0.0987574
-0.0909102
-0.0880459
-0.0988038
-0.101886
-0.0909566
-0.0694349
-0.0683653
-0.0734271
-0.0694844
-0.0694459
-0.0755952
-0.069446
-0.0641385
-0.0694074
-0.0900099
-0.0933139
-0.0990454
-0.108859
-0.103325
-0.0991419
-0.108903
-0.112191
-0.103369
-0.0214069
-0.00645301
-0.0243149
-0.0320333
-0.0214927
-0.0244007
-0.0151208
-0.00128598
-0.0213588
-0.112218
-0.115329
-0.105019
-0.109207
-0.108401
-0.118758
-0.121045
-0.10925
-0.118801
-0.101944
-0.0988621
-0.10831
-0.109151
-0.101979
-0.108345
-0.101277
-0.0933047
-0.101902
-0.0507258
-0.0488528
-0.0530473
-0.0264219
-0.0290442
-0.0154099
-0.0411629
-0.0360968
-0.0448207
-0.0428139
-0.0394493
-0.0411674
-0.0362173
-0.0291432
-0.0352212
-0.0342957
-0.0362467
-0.0388701
-0.0433246
-0.0381282
-0.0389066
-0.0320761
-0.0244435
-0.0342335
-0.0291106
-0.0264883
-0.0351886
-0.110529
-0.109222
-0.121017
-0.10832
-0.0988722
-0.104951
-0.115316
-0.108375
-0.105006
-0.109128
-0.10133
-0.101955
-0.0857976
-0.0775189
-0.0777314
-0.0858867
-0.0943068
-0.0876013
-0.0932291
-0.0944339
-0.0861441
-0.103787
-0.104535
-0.0935868
-0.110445
-0.103832
-0.101341
-0.114762
-0.120807
-0.122403
-0.0953384
-0.0948326
-0.0860089
-0.0915307
-0.0953277
-0.0861338
-0.0943258
-0.0915323
-0.0876203
-0.0943517
-0.0953553
-0.0915582
-0.0944254
-0.10454
-0.10441
-0.0943997
-0.0858726
-0.0832804
-0.0706486
-0.0774693
-0.0780419
-0.069466
-0.0776766
-0.0774641
-0.0579639
-0.0522052
-0.0507535
-0.0636014
-0.0576438
-0.0650232
-0.0631808
-0.0543753
-0.0576068
-0.0705693
-0.0624107
-0.0693918
-0.0384153
-0.0468302
-0.0377716
-0.0278475
-0.0383159
-0.0270517
-0.0511511
-0.0548432
-0.0469299
-0.0461534
-0.0511219
-0.0469007
-0.0543744
-0.0631799
-0.0573371
-0.0572987
-0.054878
-0.0511859
-0.0543341
-0.0572968
-0.0511841
-0.0623431
-0.0623865
-0.0573611
-0.062377
-0.0619432
-0.054931
-0.0707914
-0.0624589
-0.0705741
-0.0548593
-0.0466758
-0.0548548
-0.0650987
-0.0721373
-0.0716712
-0.0731184
-0.0694968
-0.0756075
-0.0830539
-0.0731639
-0.075653
-0.0771642
-0.0721825
-0.0731326
-0.0717117
-0.0721777
-0.0771594
-0.0694466
-0.0717042
-0.0776572
-0.0693997
-0.0636629
-0.0716572
-0.0650544
-0.0630146
-0.0675448
-0.0734335
-0.0683717
-0.0713279
-0.0744562
-0.076516
-0.0713585
-0.0756085
-0.0694592
-0.0734514
-0.103356
-0.112178
-0.104979
-0.101867
-0.09327
-0.0909381
-0.120788
-0.110568
-0.121056
-0.0953981
-0.103804
-0.0948923
-0.0859065
-0.0934929
-0.0943266
-0.0775519
-0.0858305
-0.0875451
-0.0832812
-0.0861107
-0.0944005
-0.0777505
-0.0832245
-0.0858167
-0.0777033
-0.0717503
-0.0831773
-0.104487
-0.104617
-0.11732
-0.09543
-0.104411
-0.103836
-0.0953983
-0.0943947
-0.104379
-0.109156
-0.110463
-0.101359
-0.11475
-0.122391
-0.117414
-0.0153271
-0.0242945
-0.00643261
-0.104466
-0.111871
-0.103891
-0.114691
-0.117355
-0.104651
-0.103857
-0.114646
-0.104605
-0.110546
-0.120767
-0.114722
-0.12241
-0.120325
-0.117433
-0.0954574
-0.101483
-0.101636
-0.0862327
-0.0948335
-0.0953837
-0.0790403
-0.0795515
-0.0857856
-0.0861078
-0.0875927
-0.0915047
-0.0770074
-0.0860537
-0.0859182
-0.0781272
-0.0875478
-0.0860629
-0.102051
-0.101484
-0.0954588
-0.0948865
-0.102029
-0.0954367
-0.103883
-0.111863
-0.102114
-0.0944846
-0.0932798
-0.101252
-0.103779
-0.0945198
-0.101288
-0.0934933
-0.0859069
-0.094434
-0.111501
-0.1203
-0.121009
-0.114665
-0.103877
-0.11049
-0.111916
-0.104511
-0.117345
-0.094389
-0.0935553
-0.104503
-0.117398
-0.12029
-0.111969
-0.0623862
-0.0632469
-0.0693673
-0.0624307
-0.0623874
-0.0705459
-0.0623616
-0.0549155
-0.0573362
-0.0507114
-0.0521631
-0.0454197
-0.0636347
-0.0693715
-0.0632511
-0.0576377
-0.0635953
-0.0632117
-0.0650702
-0.0716427
-0.0636484
-0.0578869
-0.0637577
-0.0581702
-0.0795757
-0.0859271
-0.0861501
-0.0710842
-0.0795021
-0.078991
-0.0689478
-0.0620181
-0.0707845
-0.0768999
-0.0689977
-0.0708345
-0.0716799
-0.066042
-0.0689642
-0.0794975
-0.0717516
-0.0769381
-0.0709884
-0.0638278
-0.0660225
-0.103646
-0.105235
-0.112172
-0.0924014
-0.103556
-0.0978977
-0.0923908
-0.0947553
-0.103545
-0.0771807
-0.0732435
-0.0795566
-0.0868058
-0.0772262
-0.0796021
-0.0834069
-0.0748038
-0.0771988
-0.0924414
-0.0954271
-0.101605
-0.0252462
-0.0338033
-0.0290789
-0.00755257
-0.0251125
-0.0153352
-0.0203744
-0.0281339
-0.0310196
-0.0581033
-0.0508486
-0.0507837
-0.0660489
-0.0716868
-0.0710147
-0.0579131
-0.0659787
-0.0637839
-0.0606691
-0.0619842
-0.0689138
-0.0579025
-0.0606456
-0.0659681
-0.0578517
-0.0508154
-0.0605948
-0.0549059
-0.0619181
-0.0549104
-0.0624302
-0.0707627
-0.0619963
-0.0717164
-0.0690007
-0.0769029
-0.0949146
-0.103826
-0.102057
-0.0862011
-0.0859782
-0.0948019
-0.0858624
-0.0862026
-0.0953536
-0.0858095
-0.0795753
-0.0861497
-0.0859796
-0.0861152
-0.0953091
-0.0706263
-0.0780197
-0.0708437
-0.0706197
-0.0694423
-0.0774405
-0.0655117
-0.0629698
-0.0679563
-0.0651638
-0.065526
-0.0700336
-0.0747191
-0.0651947
-0.0700645
-0.062411
-0.0597832
-0.0651191
-0.0592319
-0.0629405
-0.0654824
-0.0590177
-0.0590264
-0.062292
-0.0464613
-0.0435367
-0.0433604
-0.049694
-0.0464887
-0.0454126
-0.0482843
-0.0520175
-0.0486752
-0.0497134
-0.0511828
-0.0465081
-0.0497353
-0.0530525
-0.0512048
-0.059184
-0.0551042
-0.0589942
-0.0531613
-0.0543939
-0.0501012
-0.0531751
-0.0508554
-0.0577385
-0.0693758
-0.0748011
-0.0680088
-0.0578171
-0.0637761
-0.0637372
-0.0819482
-0.0842928
-0.0923385
-0.0695832
-0.0789724
-0.0754435
-0.0769303
-0.0708648
-0.0780409
-0.079545
-0.0769856
-0.0858964
-0.0794778
-0.0710598
-0.0717319
-0.0459676
-0.0453914
-0.0438762
-0.0504856
-0.0473958
-0.0486018
-0.049697
-0.0454156
-0.0473825
-0.0543519
-0.0512203
-0.053068
-0.0543485
-0.0520463
-0.0512169
-0.0443672
-0.0488237
-0.0506967
-0.0292803
-0.0392691
-0.0361596
-0.0321218
-0.0342792
-0.0380753
-0.0291005
-0.0342235
-0.0244335
-0.0381414
-0.0433378
-0.0428308
-0.0461817
-0.0521777
-0.0543003
-0.0511467
-0.0461782
-0.0542968
-0.0374373
-0.045355
-0.0461025
-0.103753
-0.0935531
-0.0944939
-0.0717486
-0.0771963
-0.0831756
-0.0830794
-0.0756785
-0.0807501
-0.0832236
-0.0772443
-0.0860531
-0.0721504
-0.0676022
-0.0731005
-0.0637764
-0.0638153
-0.0694935
-0.069344
-0.063795
-0.069512
-0.0634545
-0.0581734
-0.0637373
-0.0577629
-0.0581191
-0.0531994
-0.0637574
-0.0577984
-0.0581699
-0.0637184
-0.0581544
-0.0577982
-0.0623414
-0.0634871
-0.069319
-0.0623069
-0.0590413
-0.0634526
-0.0544208
-0.0531882
-0.0581079
-0.0461754
-0.0489156
-0.0500595
-0.0695684
-0.0710508
-0.0789577
-0.0634919
-0.0637748
-0.0693238
-0.0638395
-0.0710001
-0.0695177
-0.0634387
-0.0590274
-0.0581576
-0.0605848
-0.0508055
-0.0548923
-0.0689273
-0.0660051
-0.0606826
-0.0581268
-0.0508071
-0.0578434
-0.0161397
-0.000875919
-0.0150717
-0.00125663
-0.00637564
-0.0213295
-0.0875192
-0.0780986
-0.0775259
SCALARS VonMisesRatio float
LOOKUP_TABLE default
0.646063
0.575644
0.58759
0.304888
0.340756
0.341792
0.587256
0.528731
0.593222
0.655945
0.587683
0.593649
0.57523
0.522876
0.587177
0.58702
0.52272
0.528495
0.629071
0.575783
0.646202
0.628904
0.607385
0.564589
0.309917
0.304626
0.294491
0.293052
0.309883
0.295757
0.34065
0.304781
0.310072
0.532436
0.607113
0.579946
0.305483
0.309915
0.293085
0.564265
0.607061
0.532384
0.495123
0.56389
0.532008
0.508641
0.575105
0.564079
0.479441
0.506039
0.553152
0.280127
0.287194
0.293647
0.272448
0.265192
0.279983
0.278448
0.272532
0.291969
0.278341
0.260049
0.272425
0.274526
0.258121
0.277361
0.274168
0.274604
0.28463
0.274086
0.259931
0.274521
0.26513
0.2599
0.274054
0.291974
0.272537
0.280073
0.24627
0.243651
0.259735
0.246871
0.246298
0.264994
0.180743
0.201101
0.196649
0.21574
0.204684
0.219342
0.196772
0.201224
0.217402
0.180598
0.167352
0.187038
0.229042
0.219397
0.207915
0.229161
0.243459
0.219516
0.215723
0.217466
0.201288
0.246709
0.23442
0.228462
0.246815
0.259817
0.234525
0.243628
0.241421
0.257898
0.265037
0.246341
0.259807
0.246175
0.246749
0.228501
0.287145
0.27421
0.284672
0.186757
0.181068
0.170203
0.203139
0.190464
0.200044
0.260145
0.296115
0.27744
0.340002
0.294135
0.322553
0.304052
0.321023
0.306007
0.295869
0.303927
0.293755
0.284735
0.29294
0.287207
0.295718
0.295562
0.295847
0.294699
0.294377
0.285812
0.403225
0.427142
0.465188
0.314093
0.30139
0.350606
0.35038
0.395639
0.375898
0.327848
0.350152
0.375671
0.301541
0.327437
0.30127
0.301704
0.349904
0.3276
0.270899
0.251659
0.286007
0.301089
0.273505
0.30136
0.241179
0.251509
0.270749
0.313753
0.282466
0.267923
0.150925
0.175884
0.17212
0.127014
0.150665
0.143243
0.127035
0.149533
0.150686
0.223399
0.20066
0.211178
0.236735
0.22352
0.211299
0.240851
0.20076
0.223499
0.198859
0.168373
0.172255
0.286367
0.328662
0.301495
0.36764
0.38773
0.413774
0.329095
0.367231
0.350128
0.329074
0.343855
0.36721
0.399091
0.405075
0.44236
0.45233
0.4944
0.427404
0.495044
0.508372
0.56381
0.505922
0.465882
0.531716
0.452601
0.507999
0.49467
0.39615
0.452001
0.427074
0.428566
0.474266
0.452267
0.522612
0.574966
0.508502
0.508339
0.479449
0.55316
0.507914
0.46557
0.439892
0.357206
0.418174
0.369013
0.374083
0.411241
0.374434
0.465131
0.418632
0.397945
0.246959
0.265081
0.272337
0.292977
0.295811
0.287245
0.293893
0.305402
0.284799
0.295709
0.295839
0.293005
0.293668
0.293647
0.280149
0.293728
0.305876
0.292132
0.280143
0.293642
0.292045
0.293755
0.305882
0.293734
0.295813
0.293699
0.287247
0.303961
0.305916
0.293789
0.321242
0.342939
0.332649
0.439614
0.411809
0.478746
0.398015
0.439523
0.465201
0.397711
0.374606
0.439219
0.0814515
0.0853064
0.0852704
0.27764
0.322344
0.293925
0.506376
0.57968
0.553488
0.465494
0.427448
0.494444
0.531679
0.465844
0.494794
0.443284
0.403279
0.465243
0.411821
0.443358
0.478759
0.411471
0.374313
0.443007
0.402666
0.373976
0.351145
0.426843
0.402926
0.376178
0.442979
0.374285
0.402974
0.507959
0.439937
0.479069
0.397392
0.344119
0.374287
0.39561
0.350352
0.367454
0.413801
0.395823
0.367667
0.428149
0.413977
0.387933
0.428365
0.452065
0.414192
0.42682
0.376155
0.395895
0.564482
0.575509
0.628797
0.278117
0.320175
0.325674
0.263486
0.277927
0.325484
0.239603
0.180226
0.237122
0.357302
0.397583
0.41827
0.325978
0.320478
0.368581
0.344061
0.397334
0.357053
0.320046
0.275341
0.290055
0.368685
0.320582
0.356878
0.277948
0.275301
0.320006
0.289681
0.237509
0.246023
0.356615
0.320319
0.290328
0.239921
0.237439
0.274897
0.229408
0.239903
0.277526
0.201387
0.180106
0.239483
0.343599
0.288123
0.328117
0.209358
0.245753
0.23724
0.209306
0.221856
0.245702
0.374653
0.41146
0.439265
0.328405
0.374056
0.343888
0.328505
0.373805
0.374156
0.176418
0.174196
0.178391
0.179339
0.173707
0.17419
0.185438
0.179393
0.178408
0.191284
0.185478
0.178448
0.1903
0.177252
0.176843
0.185469
0.190327
0.17687
0.173704
0.178382
0.174186
0.17837
0.179355
0.174205
0.166659
0.173688
0.173663
0.173702
0.173727
0.17838
0.191356
0.199988
0.18555
0.103658
0.112274
0.101057
0.128796
0.12752
0.114289
0.126698
0.112398
0.115132
0.164912
0.177145
0.170117
0.173645
0.166616
0.160934
0.200158
0.209877
0.217943
0.240165
0.218162
0.235473
0.177285
0.190333
0.186812
0.14653
0.127089
0.127622
0.155259
0.146673
0.142091
0.161392
0.149967
0.14672
0.166669
0.173673
0.176752
0.176794
0.173716
0.179348
0.185433
0.176833
0.179387
0.177167
0.164935
0.176757
0.240325
0.259838
0.241417
0.305587
0.294078
0.339945
0.340753
0.305744
0.340102
0.293001
0.284796
0.305399
0.274467
0.259878
0.258063
0.280062
0.274195
0.287129
0.279988
0.265198
0.274121
0.274645
0.27748
0.293765
0.300807
0.292168
0.309608
0.199993
0.181168
0.186857
0.189046
0.169281
0.181073
0.13752
0.149924
0.157918
0.124582
0.13737
0.138545
0.126853
0.136592
0.137371
0.126819
0.127053
0.136557
0.136624
0.12712
0.14656
0.149884
0.1367
0.146637
0.149853
0.137449
0.136669
0.240327
0.235634
0.266192
0.259921
0.240408
0.266273
0.296078
0.260108
0.26646
0.257952
0.241476
0.259897
0.203095
0.186899
0.19042
0.222205
0.215373
0.203296
0.240121
0.222338
0.218118
0.229029
0.207901
0.215412
0.241254
0.229164
0.222378
0.241325
0.243532
0.229235
0.219573
0.243516
0.246135
0.116439
0.143114
0.122756
0.110414
0.12723
0.107302
0.253736
0.269447
0.237031
0.227786
0.253596
0.236891
0.242551
0.268538
0.253751
0.10737
0.127298
0.130675
0.124543
0.126813
0.137331
0.290176
0.287996
0.343472
0.327602
0.350651
0.301435
0.209138
0.237019
0.180124
0.373604
0.328304
0.31426
0.240056
0.275032
0.277679
0.124459
0.11243
0.126729
0.110313
0.1072
0.0970382
0.124405
0.110422
0.112375
0.124455
0.127287
0.110472
0.259774
0.24369
0.257959
0.237023
0.269439
0.25149
0.2153
0.200162
0.203222
0.229077
0.21546
0.222292
0.207805
0.200177
0.215315
0.17019
0.177218
0.186744
0.204556
0.189253
0.207732
0.228308
0.21582
0.219421
0.177328
0.167244
0.158109
0.201149
0.187231
0.204528
0.201069
0.180711
0.187151
0.187191
0.189184
0.204487
0.170119
0.180984
0.161574
0.20009
0.207717
0.189238
0.203127
0.200067
0.186931
0.203305
0.217995
0.222214
0.219523
0.246084
0.22841
0.154796
0.145646
0.160801
0.166553
0.154866
0.160871
0.155286
0.142118
0.154766
0.218061
0.209995
0.235372
0.241291
0.222415
0.240199
0.200069
0.191438
0.209788
0.203231
0.200136
0.217921
0.190405
0.185547
0.199985
0.269676
0.268752
0.290494
0.301302
0.271066
0.286174
0.242293
0.227684
0.217643
0.259802
0.242457
0.234511
0.268629
0.269553
0.253842
0.105997
0.130659
0.123883
0.268559
0.242571
0.259917
0.21587
0.228358
0.234317
0.217577
0.215834
0.234281
0.201245
0.204623
0.21568
0.127456
0.138586
0.146693
0.127382
0.124549
0.138511
0.157881
0.138657
0.137482
0.161467
0.169085
0.150042
0.167078
0.146826
0.138719
0.177425
0.187027
0.167341
0.169165
0.177334
0.158116
0.169269
0.189034
0.177438
0.163343
0.146909
0.16716
0.180519
0.163456
0.167273
0.180542
0.174221
0.163479
0.204657
0.207833
0.219315
0.177498
0.189093
0.1871
0.15003
0.169073
0.158024
0.161571
0.180981
0.169189
0.181176
0.200001
0.189149
0.196559
0.174332
0.180653
0.15798
0.167115
0.138756
0.227532
0.196861
0.21749
0.174125
0.151683
0.163382
0.151483
0.130887
0.146748
0.221592
0.209042
0.167061
0.23396
0.221783
0.199244
0.234238
0.282047
0.222061
0.222101
0.282086
0.245946
0.200624
0.224669
0.199142
0.267657
0.2822
0.234391
0.313955
0.327999
0.282667
0.143457
0.147995
0.118022
0.199019
0.221559
0.167027
0.172363
0.200449
0.198967
0.143452
0.172069
0.168187
0.175809
0.15085
0.149697
0.225141
0.273138
0.267595
0.179594
0.139586
0.148188
0.0925764
0.101265
0.0985236
0.0895126
0.0928778
0.0853588
0.0895826
0.106199
0.0929477
0.106531
0.120268
0.0976249
0.111635
0.101355
0.106301
0.1348
0.131995
0.122188
0.105539
0.101352
0.111632
0.092398
0.0933577
0.0982811
0.0894622
0.081985
0.0811593
0.101292
0.092987
0.106238
0.0853223
0.0819989
0.0894761
0.0773369
0.0777889
0.0714088
0.126946
0.124016
0.149444
0.12743
0.146667
0.130807
0.225052
0.241098
0.273049
0.199254
0.224781
0.23397
0.200764
0.240855
0.224809
0.201858
0.211032
0.178799
0.174343
0.201735
0.178676
0.196808
0.22748
0.201974
0.236869
0.251337
0.223655
0.227644
0.236749
0.211313
0.227805
0.242414
0.253615
0.202022
0.227528
0.211196
0.217665
0.234369
0.242316
0.130897
0.151492
0.149549
0.143609
0.143356
0.168092
0.116453
0.126899
0.143128
0.116332
0.107182
0.126779
0.0908188
0.0778676
0.0814452
0.122581
0.0910848
0.116265
0.0915938
0.0753326
0.0908443
0.117764
0.0918419
0.122589
0.143372
0.117937
0.122762
0.143205
0.143457
0.122847
0.166596
0.148158
0.14362
0.111059
0.0918032
0.117726
0.0752214
0.0714017
0.0777818
0.080303
0.0752972
0.0915584
0.0674978
0.0633289
0.0713275
0.0802225
0.0675673
0.0752167
0.0802155
0.0731364
0.0675604
0.107207
0.123874
0.126804
0.0908842
0.105808
0.107027
0.0909149
0.0932543
0.0884941
0.0969812
0.107143
0.0933369
0.107298
0.130603
0.105942
0.16817
0.166663
0.143687
0.0866481
0.085877
0.106379
0.0975122
0.0866871
0.106418
0.0753034
0.0713537
0.0633551
0.0865034
0.0753884
0.0736213
0.0810768
0.0714132
0.0753629
0.0753107
0.0633625
0.0735437
0.0852954
0.0814404
0.081972
0.075187
0.0675376
0.0713673
0.0503872
0.0730538
0.07269
0.181501
0.22898
0.208094
0.287644
0.246166
0.282306
0.327912
0.287918
0.28258
0.289849
0.246191
0.287669
0.356694
0.290406
0.343703
0.275065
0.237607
0.289778
0.148315
0.177645
0.179722
0.166848
0.168355
0.198841
0.229254
0.262932
0.208368
0.239648
0.229153
0.201552
0.277604
0.263164
0.229486
0.181254
0.207847
0.155291
0.102842
0.129491
0.154767
0.155131
0.201109
0.181231
0.164826
0.154879
0.166566
0.176722
0.164899
0.166639
0.141939
0.127613
0.128888
0.154733
0.142085
0.145583
0.155324
0.16141
0.146737
0.170044
0.155414
0.16484
0.170033
0.161488
0.155402
0.181479
0.201356
0.228958
0.129753
0.154891
0.180992
0.155029
0.129754
0.180992
0.0813968
0.0729239
0.111965
0.139608
0.179617
0.15492
0.154842
0.164789
0.155363
0.0952673
0.092904
0.0963449
0.0975036
0.0999399
0.0969268
0.094408
0.0918291
0.0933693
0.0969269
0.0932826
0.0909432
0.110292
0.0970175
0.101028
0.107173
0.105817
0.0933666
0.093364
0.091785
0.0928824
0.0969432
0.0933893
0.0952709
0.0918203
0.0917815
0.0933605
0.106214
0.0895979
0.0975213
0.0880572
0.085354
0.0928729
0.0925135
0.0880812
0.0928969
0.093359
0.0925499
0.0984971
0.0933304
0.0900018
0.0925214
0.0884579
0.0853029
0.0880423
0.107137
0.105918
0.123804
0.0909952
0.0958761
0.116175
0.0908382
0.0933117
0.105762
0.0958449
0.0908508
0.106993
0.085312
0.088467
0.0907536
0.0880317
0.0852924
0.0853285
0.0884937
0.0932538
0.0907802
0.100975
0.0969643
0.0944506
0.0814697
0.0852886
0.0907301
0.122499
0.0917521
0.0910025
0.0773843
0.0819454
0.0814139
0.0778224
0.0773704
0.0814001
0.0957598
0.0908788
0.0815052
0.0907652
0.0957594
0.0815048
0.107078
0.116229
0.0959301
0.0907981
0.0752865
0.0778469
0.0714199
0.0810834
0.077348
0.094602
0.100499
0.0932395
0.141999
0.128948
0.145497
0.14658
0.127672
0.141998
0.115181
0.126982
0.126747
0.115145
0.115996
0.126946
0.115994
0.114246
0.127477
0.126987
0.116037
0.12752
0.115033
0.103684
0.106
0.0812993
0.102342
0.0533975
0.112154
0.129278
0.0815859
0.129246
0.102597
0.0815538
0.112247
0.0993239
0.139197
0.129523
0.1124
0.154661
0.0729833
0.0991017
0.112025
0.053005
0.0199823
0.0463061
0.0804476
0.110959
0.0991231
0.090947
0.094417
0.0969307
0.0880579
0.0899706
0.0884736
0.0918209
0.0943998
0.0909299
0.0899913
0.0918061
0.0909151
0.0884831
0.0899801
0.0909039
0.0880714
0.0925038
0.0899841
0.0933757
0.0928941
0.0952574
0.0923711
0.0917781
0.091817
0.0920325
0.0945632
0.0901047
0.0907477
0.0920197
0.0900919
0.0923812
0.0945708
0.0920402
0.105929
0.0999701
0.0975338
0.115886
0.106002
0.103258
0.103634
0.0999906
0.10595
0.0933864
0.0969403
0.0944252
0.10594
0.0975446
0.103197
0.0952929
0.0999327
0.0969651
0.0952927
0.0969194
0.0999325
0.112297
0.110343
0.101079
0.114165
0.115913
0.103286
0.0199095
0.0312921
0.0462333
0.111156
0.139193
0.0993202
0.091678
0.110934
0.0804226
0.147959
0.139357
0.111319
0.117914
0.147887
0.111247
0.177848
0.208939
0.179925
0.16671
0.177601
0.148272
0.166914
0.208895
0.177805
0.179823
0.201104
0.155126
0.0464731
0.050298
0.0726008
0.0532101
0.0465113
0.081112
0.0313936
0.0501597
0.0463348
0.059852
0.0564444
0.0468163
0.0632793
0.0674482
0.0565249
0.0881429
0.0551642
0.0484666
0.0598732
0.0468375
0.0627667
0.0856425
0.0600034
0.062897
0.063254
0.0564996
0.0599071
0.0564122
0.0502449
0.0467841
0.103705
0.115055
0.112321
0.0985819
0.103612
0.101011
0.0944559
0.0985512
0.10098
0.0969883
0.103599
0.0985684
0.096993
0.0999605
0.103603
0.0736561
0.0857672
0.0865383
0.0811275
0.0754136
0.0865286
0.0600392
0.0856783
0.0735672
0.0314109
0.0549686
0.0467163
0.0910038
0.0857465
0.063001
0.12681
0.146385
0.119607
0.1136
0.109356
0.091252
0.119379
0.113634
0.0912856
0.119563
0.146341
0.113818
0.191613
0.175974
0.16183
0.1132
0.104016
0.11588
0.0959998
0.101209
0.107598
0.0891974
0.092293
0.101135
0.0865239
0.0922243
0.0832545
0.093235
0.101446
0.0923075
0.0865572
0.093185
0.0922576
0.0865499
0.0900817
0.0931777
0.0923433
0.101481
0.103898
0.100572
0.108135
0.101523
0.115075
0.106041
0.115926
0.091159
0.109263
0.0859017
0.161516
0.146525
0.126951
0.140254
0.133107
0.109585
0.146411
0.140313
0.113888
0.160543
0.133278
0.140425
0.175823
0.146689
0.16168
0.229579
0.219974
0.197287
0.175799
0.160685
0.140568
0.229485
0.197193
0.19191
0.183888
0.160831
0.175945
0.0933783
0.0985164
0.0983016
0.0918222
0.093336
0.0923763
0.0918142
0.0899994
0.0933281
0.0812111
0.0974374
0.089514
0.0773833
0.0811188
0.0819444
0.063311
0.0599641
0.0734922
0.176061
0.158998
0.183883
0.164891
0.176108
0.192086
0.16478
0.158934
0.175997
0.151483
0.164757
0.176662
0.145511
0.158831
0.164677
0.145406
0.133289
0.158726
0.119544
0.10639
0.120341
0.127238
0.133183
0.1453
0.0812014
0.0866025
0.0974276
0.109472
0.132994
0.106613
0.10952
0.113764
0.140189
0.0859531
0.109314
0.106455
0.0312985
0.0199159
0.0481586
0.0911002
0.0910218
0.0630189
0.0552219
0.09098
0.0628988
0.0468214
0.0550737
0.0627506
0.0314162
0.0482762
0.0549738
0.0885248
0.126522
0.0913042
0.0465767
0.0727045
0.0811774
0.0467001
0.0501609
0.0313948
0.0565002
0.0729995
0.0503329
0.0732168
0.0989715
0.0728531
0.067481
0.073057
0.0565577
0.080321
0.0989965
0.0732419
0.112433
0.139383
0.154694
0.0910652
0.0553071
0.0882859
0.143686
0.160777
0.156658
0.134425
0.145385
0.151277
0.1348
0.119685
0.134284
0.151242
0.134905
0.13439
0.143778
0.143547
0.132097
0.16076
0.1439
0.15136
0.141381
0.128096
0.130776
0.12046
0.127159
0.134261
0.119637
0.120434
0.134236
0.151273
0.143813
0.134937
0.111696
0.106361
0.119515
0.106317
0.0976242
0.120267
0.106629
0.127066
0.120367
0.106672
0.133054
0.127109
0.164893
0.192088
0.176798
0.160604
0.158777
0.13334
0.160774
0.183831
0.158946
0.111691
0.118926
0.105598
0.113163
0.107656
0.101266
0.125361
0.119593
0.113284
0.128062
0.136467
0.125467
0.184704
0.179517
0.197465
0.129482
0.139735
0.12851
0.150538
0.14453
0.157629
0.166608
0.164092
0.179344
0.16229
0.16658
0.172967
0.162176
0.150555
0.154828
0.140488
0.135523
0.129237
0.163674
0.148081
0.162197
0.144657
0.135599
0.147929
0.126559
0.119661
0.132415
0.131706
0.12662
0.13867
0.140527
0.131772
0.144502
0.129139
0.114989
0.131636
0.115931
0.107726
0.119543
0.114928
0.115978
0.126488
0.114845
0.101683
0.115895
0.103965
0.101549
0.112395
0.112409
0.101563
0.108175
0.118937
0.112467
0.108233
0.115878
0.104013
0.112443
0.220162
0.229767
0.253183
0.196987
0.18401
0.176066
0.191731
0.197013
0.176092
0.219869
0.198118
0.197181
0.197061
0.197998
0.184083
0.237292
0.220187
0.253208
0.237162
0.214665
0.220058
0.214442
0.192325
0.198083
0.20251
0.19234
0.214456
0.196096
0.191524
0.212088
0.191479
0.192263
0.202433
0.195943
0.178925
0.178964
0.205344
0.196142
0.212134
0.205263
0.187859
0.196061
0.16087
0.15147
0.176649
0.164652
0.151378
0.145486
0.166967
0.168015
0.15676
0.191413
0.195985
0.179006
0.176843
0.191349
0.178941
0.202499
0.212109
0.191546
0.187678
0.168158
0.178861
0.167041
0.178792
0.168089
0.160855
0.166943
0.156736
0.178867
0.178828
0.167077
0.176741
0.178839
0.160961
0.176887
0.192177
0.191393
0.101147
0.0959381
0.0892096
0.125425
0.132411
0.119657
0.115952
0.125349
0.113271
0.116001
0.127993
0.125398
0.129522
0.135537
0.144596
0.115399
0.108882
0.119304
0.121638
0.112441
0.120914
0.119394
0.12169
0.129392
0.128442
0.119416
0.129414
0.108858
0.108072
0.11928
0.108092
0.112398
0.121595
0.105485
0.0983422
0.098557
0.140521
0.146618
0.175752
0.091289
0.119304
0.0912106
0.0914079
0.126626
0.119423
0.197928
0.176191
0.184013
0.105524
0.108148
0.100585
0.101308
0.105495
0.0985669
0.0925577
0.0929411
0.101246
0.134344
0.127242
0.145304
0.130797
0.132053
0.143504
0.121171
0.130709
0.128028
0.115987
0.121122
0.127979
0.11251
0.11898
0.12108
0.119078
0.131971
0.130715
0.105586
0.118914
0.10821
0.122135
0.131942
0.119049
0.111747
0.122067
0.118981
0.111749
0.119568
0.122069
0.0952807
0.0963584
0.0969074
0.0969576
0.0985377
0.0944424
0.0842624
0.0831968
0.0772403
0.0944462
0.0843459
0.0909619
0.0864972
0.0832279
0.0842935
0.0901086
0.0945671
0.0932046
0.0892117
0.0900684
0.0865366
0.0843135
0.0891923
0.0865173
0.0944806
0.0963301
0.0892592
0.0917789
0.0923718
0.0920308
0.100552
0.0983489
0.105492
0.0932625
0.100522
0.101473
0.094619
0.0983124
0.100516
0.0907533
0.0917734
0.0920254
0.0924021
0.0982852
0.0945917
0.251262
0.26025
0.275587
0.198176
0.219927
0.214534
0.253342
0.260129
0.237426
0.251135
0.262473
0.235498
0.237303
0.251019
0.225801
0.237418
0.260122
0.251134
0.0907383
0.0900825
0.0892258
0.0928651
0.0907477
0.0892351
0.0928737
0.0917763
0.0907562
0.0963248
0.0928839
0.0892538
0.118819
0.128441
0.129863
0.115465
0.11937
0.128395
0.131627
0.114981
0.126541
0.140475
0.129224
0.131721
0.150449
0.140589
0.144564
0.154769
0.150496
0.144612
0.162153
0.148037
0.150532
0.147915
0.135585
0.140551
0.135461
0.129446
0.121744
0.139789
0.129536
0.14461
0.110603
0.0977569
0.114814
0.129068
0.110708
0.114919
0.0997139
0.0781989
0.0844221
0.112334
0.0999157
0.110602
0.112324
0.108018
0.0996553
0.135432
0.121715
0.120991
0.0996082
0.107971
0.0982809
0.0997843
0.0995335
0.0841266
0.0998788
0.112297
0.099628
0.0971769
0.0883231
0.0982071
0.10436
0.0972658
0.108772
0.0939629
0.0883089
0.0971626
0.0733439
0.0881508
0.0705235
0.101659
0.107666
0.115871
0.126504
0.115994
0.119606
0.262732
0.27572
0.288442
0.297793
0.274416
0.288555
0.235375
0.225795
0.251012
0.167017
0.160929
0.178807
0.157704
0.149254
0.167959
0.143643
0.143874
0.160734
0.14152
0.143621
0.156593
0.141433
0.130828
0.143535
0.149104
0.144454
0.136601
0.164025
0.157753
0.168008
0.163967
0.150603
0.157695
0.134759
0.122146
0.119645
0.143749
0.132068
0.134873
0.12107
0.115935
0.1125
0.136482
0.132468
0.125482
0.149175
0.157625
0.144525
0.156612
0.149162
0.141538
0.156701
0.167955
0.14925
0.150528
0.154769
0.144612
0.144466
0.150474
0.138793
0.163957
0.154834
0.150593
0.130679
0.121141
0.119041
0.262608
0.25127
0.275595
0.225679
0.214684
0.237181
0.212333
0.225665
0.235245
0.212224
0.202613
0.225555
0.192197
0.176219
0.197955
0.247997
0.227569
0.235371
0.274164
0.248244
0.262593
0.314031
0.281174
0.297901
0.313991
0.285978
0.281134
0.2617
0.262221
0.240365
0.258262
0.261686
0.240351
0.258414
0.285728
0.261839
0.255226
0.258224
0.235474
0.227593
0.255123
0.235372
0.24822
0.274139
0.255321
0.286925
0.307788
0.314996
0.255378
0.280845
0.258376
0.31408
0.307782
0.286068
0.227349
0.205449
0.212239
0.288437
0.274299
0.262728
0.240291
0.262147
0.239626
0.218997
0.22053
0.239415
0.235424
0.258174
0.240263
0.227455
0.235234
0.214146
0.281041
0.274391
0.297767
0.258478
0.280947
0.285792
0.255431
0.274249
0.280898
0.225563
0.202621
0.214568
0.113151
0.101254
0.103967
0.136591
0.141471
0.149094
0.132531
0.136545
0.144399
0.128116
0.141401
0.13652
0.119534
0.107717
0.113224
0.138733
0.132539
0.144406
0.131766
0.13873
0.144496
0.126623
0.132479
0.138673
0.0842906
0.0779136
0.0890929
0.0577506
0.0683809
0.0705107
0.101184
0.0923423
0.103897
0.0843509
0.0891532
0.0958817
0.07791
0.0832152
0.0890893
0.0909043
0.0842883
0.0772662
0.0843401
0.0944404
0.0892189
0.240082
0.220531
0.218866
0.0771695
0.0778208
0.0684703
0.0908932
0.0772552
0.0809956
0.0831754
0.0778702
0.0772189
0.285823
0.286674
0.261934
0.195972
0.187771
0.178954
0.262463
0.248114
0.235488
0.220601
0.240151
0.239486
0.198882
0.220394
0.218861
0.194256
0.184754
0.197514
0.1988
0.194379
0.220312
0.198658
0.178101
0.194238
0.205356
0.213947
0.197649
0.227635
0.248063
0.255165
0.287514
0.286857
0.314928
0.0335965
0.0185013
0.0436252
0.0771799
0.0684807
0.0809204
0.258512
0.285487
0.284292
0.20098
0.224211
0.197799
0.190941
0.201966
0.181916
0.284188
0.254444
0.258408
0.311065
0.284469
0.285663
0.281257
0.254521
0.284265
0.224462
0.226081
0.247796
0.229399
0.254233
0.250021
0.191036
0.210195
0.202061
0.260393
0.239693
0.262215
0.287251
0.260552
0.262374
0.258271
0.237295
0.260372
0.229356
0.237178
0.25419
0.214946
0.21897
0.237012
0.210365
0.214891
0.229135
0.202188
0.210323
0.229093
0.191011
0.194848
0.210171
0.194892
0.199766
0.214741
0.25825
0.254287
0.237274
0.239609
0.260309
0.237232
0.285784
0.320402
0.311185
0.260533
0.285407
0.258432
0.287528
0.320322
0.285704
0.284471
0.31599
0.281463
0.0478515
0.033695
0.0437237
0.0581734
0.0479336
0.0438058
0.0585606
0.0732041
0.0583072
0.0411484
0.0584048
0.0437839
0.0412289
0.0567508
0.0694885
0.0703698
0.0674772
0.0480536
0.0732439
0.0704235
0.058347
0.0806745
0.0675866
0.0704792
0.0674288
0.0559687
0.0480052
0.275795
0.248048
0.250155
0.281215
0.275906
0.250267
0.254407
0.281143
0.250195
0.316046
0.301063
0.281519
0.300983
0.297249
0.276129
0.0560785
0.0675386
0.0807184
0.112433
0.118698
0.108347
0.1154
0.119088
0.10944
0.123139
0.133303
0.130638
0.171745
0.17636
0.193032
0.14903
0.171566
0.167015
0.159674
0.176249
0.171633
0.146159
0.159474
0.141941
0.162046
0.176216
0.159642
0.157807
0.16194
0.14622
0.181734
0.17629
0.16212
0.130848
0.145758
0.12987
0.159483
0.148905
0.141951
0.21036
0.208947
0.233929
0.166602
0.186169
0.187947
0.186086
0.165333
0.165464
0.159583
0.171541
0.149005
0.193259
0.197753
0.218306
0.167146
0.171697
0.187917
0.176447
0.197613
0.193119
0.190844
0.181819
0.173102
0.180653
0.19084
0.173098
0.194928
0.214776
0.210251
0.305003
0.269815
0.272568
0.305066
0.291135
0.269877
0.105571
0.0829604
0.0962693
0.249989
0.247882
0.226167
0.297251
0.305096
0.27266
0.272365
0.269612
0.24451
0.248017
0.272292
0.244438
0.276034
0.297153
0.272562
0.0964152
0.126426
0.105717
0.0809352
0.0829089
0.105519
0.0969518
0.100822
0.102603
0.261955
0.299181
0.262561
0.244277
0.224524
0.247857
0.275869
0.272398
0.248123
0.243056
0.218628
0.244242
0.21841
0.197857
0.22427
0.235599
0.211471
0.218493
0.269582
0.264829
0.243296
0.234551
0.211525
0.235653
0.211329
0.193305
0.218351
0.186155
0.186159
0.165403
0.188004
0.171784
0.193071
0.17642
0.181863
0.200767
0.102654
0.100873
0.112136
0.096405
0.102687
0.126416
0.0963061
0.0969367
0.102588
0.290432
0.265059
0.29107
0.299275
0.262048
0.290449
0.234726
0.235827
0.263387
0.261929
0.26366
0.29033
0.235824
0.234193
0.262256
0.234812
0.263474
0.261743
0.234187
0.234714
0.261644
0.210449
0.234019
0.23565
0.210329
0.21037
0.235571
0.197828
0.186339
0.208746
0.186348
0.197833
0.210163
0.186268
0.186264
0.197753
0.209028
0.234538
0.23401
0.211227
0.188136
0.193204
0.243028
0.235705
0.218599
0.208797
0.188188
0.21128
0.102067
0.101824
0.100218
0.103042
0.102073
0.10084
0.101819
0.100533
0.100213
0.109338
0.101855
0.102097
0.1125
0.11914
0.127941
0.109394
0.112402
0.108316
0.10943
0.119078
0.112438
0.263532
0.291736
0.267458
0.112349
0.115012
0.102724
0.140921
0.112414
0.145898
0.102468
0.100545
0.102936
0.114979
0.102516
0.102691
0.114971
0.100263
0.102508
0.100865
0.100248
0.112128
0.100831
0.102063
0.100215
0.140777
0.102788
0.11227
0.0969532
0.103024
0.100823
0.117413
0.108637
0.116382
0.124714
0.11742
0.128762
0.121992
0.108677
0.117344
0.108581
0.10442
0.115348
0.0969493
0.0996473
0.10302
0.0896471
0.0808266
0.0939127
0.300929
0.276076
0.281385
0.159541
0.146226
0.161945
0.108528
0.0996906
0.104367
0.118705
0.108629
0.115396
0.128393
0.118771
0.115463
0.123029
0.112183
0.118742
0.112082
0.103101
0.108565
0.102101
0.10307
0.109342
0.0969046
0.0897199
0.0996027
0.229225
0.21498
0.237046
0.157907
0.165287
0.172937
0.162029
0.157896
0.172926
0.143013
0.151922
0.157762
0.146157
0.142994
0.157743
0.139864
0.144685
0.151868
0.197475
0.179527
0.187778
0.227355
0.214046
0.205455
0.180726
0.194749
0.190913
0.163758
0.162281
0.172957
0.171962
0.163806
0.17791
0.158434
0.148068
0.163661
0.199652
0.194778
0.180755
0.218915
0.235292
0.240132
0.239471
0.237094
0.219053
0.171976
0.180564
0.165359
0.188421
0.178082
0.198638
0.180734
0.188433
0.199631
0.172045
0.177992
0.188332
0.158519
0.171902
0.165286
0.158514
0.163741
0.171897
0.151998
0.158452
0.165219
0.144734
0.148005
0.15837
0.173134
0.184672
0.194174
0.173112
0.194152
0.178015
0.166655
0.18458
0.173042
0.197694
0.213991
0.218702
0.188341
0.180641
0.172054
0.218792
0.199793
0.198813
0.218846
0.214821
0.199847
0.173013
0.165363
0.180567
0.15193
0.144747
0.158383
0.164097
0.168081
0.179349
0.287627
0.31504
0.320421
0.311167
0.31609
0.284571
0.286828
0.285976
0.30769
0.262462
0.286681
0.287338
0.262376
0.261855
0.286596
0.225945
0.202241
0.229145
0.249927
0.226105
0.229305
0.224306
0.201074
0.225925
0.227449
0.212339
0.235251
0.205268
0.197561
0.187864
0.287328
0.285504
0.26063
0.218828
0.214117
0.235205
0.194446
0.218713
0.220378
0.19437
0.197628
0.218636
0.179428
0.16816
0.18768
0.297229
0.272001
0.296181
0.126565
0.102836
0.140825
0.108268
0.106955
0.100577
0.109359
0.10828
0.101876
0.118715
0.117366
0.108363
0.102983
0.108563
0.108584
0.102649
0.102941
0.101924
0.102651
0.102475
0.102943
0.102957
0.100565
0.108536
0.112301
0.102676
0.100661
0.100536
0.102459
0.100215
0.107009
0.116347
0.108602
0.101846
0.108251
0.10056
0.117354
0.116376
0.107038
0.108324
0.117327
0.107011
0.11884
0.13233
0.130766
0.128078
0.130682
0.141785
0.103104
0.112085
0.109375
0.157837
0.151996
0.165217
0.12996
0.142858
0.133367
0.135514
0.139833
0.151837
0.129967
0.135451
0.142865
0.129918
0.128497
0.135403
0.106956
0.108549
0.100578
0.129727
0.116452
0.11743
0.130753
0.129775
0.117478
0.11879
0.130716
0.117441
0.132431
0.148778
0.130866
0.146222
0.148904
0.132776
0.131392
0.146163
0.132717
0.145927
0.165135
0.14632
0.131436
0.145814
0.146207
0.143839
0.148977
0.156797
0.123687
0.132633
0.128809
0.131381
0.129872
0.145759
0.117543
0.131296
0.132621
0.117489
0.116458
0.131242
0.108661
0.117437
0.123568
0.116499
0.129774
0.131283
0.0828858
0.0898591
0.0809741
0.103772
0.0829332
0.0812239
0.0960351
0.0899096
0.0829364
0.123364
0.0962173
0.103958
0.106238
0.100623
0.0974549
0.110925
0.10266
0.101951
0.121971
0.111012
0.108656
0.120322
0.128081
0.116748
0.111011
0.120243
0.110254
0.122127
0.135015
0.131289
0.135329
0.119309
0.12814
0.0998707
0.105247
0.0940055
0.110223
0.116638
0.105358
0.102651
0.110158
0.099916
0.111051
0.12201
0.120283
0.2675
0.296082
0.271901
0.223444
0.248097
0.224716
0.204055
0.223296
0.224568
0.220157
0.245164
0.223419
0.215582
0.238132
0.220107
0.281545
0.301069
0.316038
0.248356
0.275814
0.249971
0.24843
0.271769
0.275887
0.267331
0.271731
0.245484
0.297259
0.300988
0.276148
0.115156
0.145812
0.112328
0.100296
0.115003
0.112175
0.112494
0.145812
0.115157
0.248185
0.2498
0.224805
0.271667
0.248327
0.24542
0.271933
0.297162
0.276051
0.315979
0.283336
0.281485
0.106456
0.123518
0.139642
0.112444
0.106419
0.139605
0.145895
0.112576
0.139738
0.101944
0.102961
0.108562
0.0973853
0.0899581
0.0960836
0.283464
0.316107
0.31984
0.287515
0.286825
0.312883
0.143739
0.146804
0.128924
0.1327
0.143691
0.128877
0.156839
0.161442
0.143881
0.143848
0.161409
0.146913
0.166374
0.156873
0.149052
0.166461
0.174893
0.156959
0.179972
0.182555
0.163822
0.218686
0.240651
0.234937
0.237239
0.258001
0.260377
0.216001
0.236958
0.218432
0.212342
0.230832
0.236987
0.261659
0.261776
0.240884
0.260397
0.261649
0.23929
0.237175
0.260314
0.239208
0.258166
0.286552
0.260543
0.287814
0.285836
0.262013
0.287347
0.287818
0.261902
0.28754
0.319412
0.288011
0.163101
0.149897
0.156487
0.287624
0.312993
0.319496
0.187525
0.174388
0.16382
0.203796
0.187687
0.182714
0.192551
0.174484
0.187622
0.212109
0.192736
0.205442
0.224599
0.230768
0.205611
0.215848
0.197447
0.21216
0.236937
0.21598
0.212292
0.218317
0.202691
0.215886
0.197263
0.180548
0.192603
0.212082
0.197369
0.192709
0.221063
0.239088
0.240673
0.231013
0.249839
0.253553
0.195623
0.20547
0.187842
0.169254
0.155367
0.171633
0.179291
0.16937
0.182147
0.163335
0.155339
0.169227
0.214896
0.205561
0.195714
0.182277
0.191852
0.195559
0.234893
0.231106
0.215112
0.0962252
0.123372
0.10631
0.0974402
0.102608
0.0998733
0.106223
0.0974398
0.0961382
0.100611
0.102611
0.0974427
0.112313
0.100673
0.106288
0.101916
0.102626
0.100626
0.102641
0.101916
0.100626
0.108589
0.110945
0.10197
0.263249
0.238346
0.236292
0.296149
0.267567
0.291845
0.236106
0.210416
0.235657
0.262354
0.263328
0.235922
0.238186
0.215636
0.236132
0.245372
0.238389
0.267219
0.245214
0.220207
0.238232
0.248166
0.223513
0.245258
0.230727
0.212237
0.20557
0.249742
0.230917
0.224747
0.25351
0.237125
0.230971
0.281165
0.253721
0.250007
0.257978
0.237216
0.253601
0.203839
0.182756
0.200278
0.223215
0.203974
0.200414
0.205398
0.187763
0.203872
0.237035
0.239068
0.21851
0.283049
0.258132
0.253755
0.28316
0.286628
0.258242
0.163624
0.156479
0.146963
0.179902
0.163751
0.161586
0.18258
0.187553
0.163847
0.262653
0.299274
0.289569
0.29181
0.263606
0.289547
0.262343
0.23428
0.261737
0.186094
0.166526
0.165337
0.215405
0.194968
0.21021
0.236038
0.215543
0.210348
0.219963
0.195
0.215438
0.174997
0.166565
0.187909
0.200239
0.180135
0.194816
0.179939
0.161623
0.174954
0.269514
0.243227
0.244412
0.29034
0.26367
0.264967
0.244179
0.218565
0.224425
0.264716
0.23586
0.243183
0.291
0.264989
0.269743
0.263488
0.235928
0.264784
0.234462
0.208952
0.211435
0.21017
0.188173
0.210211
0.194759
0.175091
0.188004
0.210119
0.194876
0.188121
0.186316
0.210131
0.188093
0.263508
0.262533
0.289449
0.23845
0.263353
0.267279
0.236283
0.235834
0.263241
0.219912
0.200373
0.19495
0.149017
0.146335
0.166339
0.200852
0.181949
0.201999
0.22585
0.201
0.202146
0.197638
0.176473
0.20082
0.165346
0.149009
0.166994
0.12794
0.118764
0.112499
0.148815
0.132468
0.14186
0.148823
0.145821
0.130911
0.082812
0.0809002
0.0678431
0.103822
0.0960818
0.0829831
0.16688
0.163238
0.180349
0.161786
0.152118
0.154497
0.120371
0.13126
0.12813
0.142797
0.149764
0.136993
0.142862
0.156419
0.149829
0.131358
0.135084
0.142729
0.128185
0.131315
0.136883
0.120351
0.122078
0.13124
0.135136
0.146822
0.142781
0.136932
0.131364
0.142735
0.124813
0.12886
0.146741
0.122105
0.124751
0.134993
0.122046
0.117398
0.124692
0.31948
0.307809
0.288079
0.280346
0.285969
0.309249
0.240788
0.259498
0.235074
0.287733
0.261933
0.261817
0.285742
0.259739
0.261919
0.309341
0.286061
0.307769
0.28018
0.2598
0.285803
0.253897
0.235118
0.259542
0.275689
0.247663
0.253993
0.308851
0.275981
0.280311
0.308878
0.288254
0.276008
0.231236
0.235023
0.253802
0.247514
0.231277
0.253844
0.222552
0.205705
0.231033
0.183864
0.196286
0.203775
0.205679
0.215014
0.231008
0.215273
0.196454
0.222469
0.235984
0.215406
0.222601
0.20388
0.196391
0.215211
0.187754
0.179398
0.195536
0.196305
0.187844
0.205472
0.222436
0.196421
0.205589
0.183687
0.168203
0.178892
0.172044
0.163424
0.179238
0.196203
0.183781
0.178986
0.158759
0.148131
0.163276
0.171975
0.163335
0.158839
0.19424
0.183857
0.203768
0.173896
0.157874
0.1681
0.194141
0.174069
0.183758
0.146734
0.133419
0.134507
0.155308
0.146885
0.157741
0.155227
0.133489
0.146804
0.166797
0.155789
0.163155
0.197323
0.202529
0.188324
0.188315
0.202519
0.194485
0.180452
0.188168
0.172773
0.180534
0.197249
0.18825
0.195517
0.179379
0.182235
0.1377
0.136337
0.127084
0.129527
0.137677
0.127061
0.155261
0.163257
0.14588
0.149121
0.148083
0.158711
0.120262
0.116688
0.110273
0.154566
0.172598
0.161855
0.135454
0.145178
0.139722
0.155779
0.172578
0.154546
0.136286
0.12261
0.127033
0.180472
0.17446
0.192527
0.0678438
0.0811033
0.0828126
0.260557
0.287256
0.26181
0.260641
0.28665
0.287339
0.283366
0.319742
0.286834
0.281277
0.283127
0.253833
0.275924
0.28124
0.250081
0.276095
0.300935
0.281411
0.319841
0.312992
0.286933
0.2632
0.247694
0.27572
0.279032
0.263346
0.288112
0.24741
0.222692
0.231173
0.280128
0.275798
0.254102
0.236091
0.222709
0.247426
0.25171
0.23624
0.263081
0.27891
0.251853
0.263224
0.237612
0.214105
0.225296
0.225295
0.215415
0.235993
0.236226
0.247562
0.263067
0.0575169
0.0663884
0.0484929
0.0303918
0.04271
0.048323
0.0708275
0.0775506
0.0684862
0.0428003
0.0455511
0.0601719
0.0484138
0.0428007
0.0574377
0.0303266
0.0288804
0.0426447
0.280423
0.309326
0.308963
0.288102
0.263335
0.275855
0.28599
0.287967
0.307697
0.254048
0.259693
0.280074
0.191961
0.21485
0.195668
0.20267
0.22083
0.207167
0.234851
0.21507
0.2186
0.237864
0.251715
0.263032
0.0707606
0.0684192
0.0575981
0.221452
0.237724
0.251552
0.122607
0.136283
0.126097
0.178999
0.187755
0.196216
0.153109
0.163303
0.168049
0.172124
0.187674
0.178918
0.126009
0.119162
0.113643
0.12863
0.128602
0.119395
0.136153
0.139006
0.128092
0.152948
0.143845
0.139115
0.139033
0.143764
0.128718
0.172043
0.178837
0.163403
0.16803
0.157804
0.153091
0.143809
0.146769
0.134542
0.119271
0.114769
0.105401
0.0931421
0.0921856
0.101732
0.180374
0.163263
0.174362
0.169307
0.179229
0.163415
0.171722
0.182122
0.169344
0.161854
0.171608
0.155342
0.172726
0.182878
0.171736
0.192037
0.218456
0.214926
0.194429
0.191848
0.182273
0.194512
0.207043
0.191931
0.240878
0.261769
0.259588
0.220995
0.240604
0.218639
0.239224
0.261584
0.240809
0.187676
0.172125
0.179319
0.145766
0.147998
0.136434
0.220989
0.218456
0.239014
0.20722
0.220883
0.218527
0.192011
0.207123
0.21843
0.194548
0.202582
0.207079
0.202708
0.218334
0.220867
0.183006
0.188249
0.194419
0.171809
0.182951
0.194364
0.172781
0.188176
0.182934
0.197415
0.215816
0.202621
0.171976
0.158839
0.163356
0.126021
0.113654
0.122531
0.136608
0.136139
0.126143
0.147967
0.136682
0.136403
0.147967
0.136212
0.136681
0.119086
0.113348
0.103672
0.127992
0.11921
0.126057
0.12795
0.113429
0.119168
0.0999579
0.0955671
0.10759
0.0922143
0.0999331
0.103537
0.0921087
0.083387
0.0885159
0.0775992
0.0708761
0.0829529
0.0475484
0.0340077
0.0332026
0.0565825
0.0476242
0.0332784
0.0731669
0.0809291
0.0861319
0.0810161
0.0677566
0.0568095
0.0678106
0.0808676
0.0731054
0.084961
0.0862234
0.0964881
0.0767592
0.0926393
0.0784666
0.0686396
0.0731214
0.084824
0.105185
0.116959
0.111228
0.0873901
0.102481
0.0927552
0.084869
0.0872483
0.0679649
0.0941883
0.0988559
0.109521
0.0849566
0.0940676
0.0873359
0.084995
0.0987736
0.094106
0.0989088
0.10995
0.109574
0.0495255
0.0333163
0.0528683
0.089896
0.0938911
0.081011
0.0999249
0.110167
0.105302
0.0973978
0.0998309
0.0899707
0.102688
0.110952
0.110195
0.0830092
0.0774137
0.0879204
0.251853
0.27891
0.263169
0.225188
0.203976
0.215307
0.251583
0.225417
0.236114
0.213992
0.203972
0.225184
0.174049
0.203612
0.161459
0.174181
0.20086
0.203745
0.141322
0.173789
0.145966
0.159267
0.183173
0.173974
0.0684048
0.0664553
0.0575837
0.0832968
0.0760393
0.0776176
0.08048
0.0665321
0.0684816
0.146033
0.173856
0.161266
0.000883619
0.0022395
0.00286967
0.00944728
0.00289841
0.00226824
0.00266921
0.00944651
0.00226747
0.00948115
0.0123616
0.00293228
0.0155807
0.0338518
0.0185825
0.0123408
0.00326251
0.00291141
0.0185311
0.0244901
0.00957388
0.0275759
0.0453955
0.0288804
0.0245297
0.0274513
0.012494
0.00955342
0.0244696
0.0124339
0.0332217
0.0494309
0.0246725
0.0483395
0.0454608
0.0276412
0.0186415
0.0339108
0.0331497
0.0124229
0.0273802
0.00334462
0.0247232
0.0494817
0.0483431
0.0186101
0.0331183
0.0245691
0.00272354
0.0184581
0.00950084
0.00274359
0.0154763
0.0184781
0.0340255
0.0528163
0.0332643
0.0330955
0.0339005
0.0156294
0.0033576
0.0273932
0.0162913
0.108889
0.0966318
0.105286
0.0731802
0.0861452
0.0848828
0.0530647
0.0730149
0.068533
0.0477942
0.0676996
0.0729944
0.0809986
0.0938787
0.0862014
0.11668
0.119183
0.109003
0.0275714
0.0246497
0.0482696
0.0529949
0.0477448
0.0729451
0.0496435
0.0529862
0.0684546
0.0340736
0.0476144
0.0528645
0.0602119
0.0574773
0.0428403
0.0566978
0.0676449
0.0477395
0.0287923
0.0302385
0.0163859
0.0274785
0.0287831
0.0163766
0.0454463
0.0426955
0.0289312
0.0677174
0.0484874
0.0496259
0.0848065
0.0679024
0.0686221
0.0649819
0.0485389
0.0677689
0.10256
0.0942007
0.109534
0.0783195
0.0603559
0.0650567
0.00180346
0.000864337
0.000476038
0.00806098
0.0124116
0.00186745
0.00808899
0.0027188
0.0199348
0.0124859
0.00813533
0.0240229
0.000502825
0.00265359
0.00802378
0.0123956
0.00329534
0.00185146
0.000500053
0.00802101
0.00182748
0.0240871
0.0272645
0.0125501
0.0199603
0.00274428
0.0156829
0.0324269
0.0371356
0.0201313
0.0309445
0.0323918
0.0158188
0.0421604
0.0487909
0.0575903
0.0240482
0.00816056
0.0200063
0.0512049
0.042184
0.0622316
0.027195
0.00338039
0.0124806
0.0272147
0.0183455
0.00340007
0.037178
0.041012
0.0242155
0.0157823
0.0323553
0.0200596
0.0908787
0.0843567
0.0958875
0.0684444
0.0663819
0.0808841
0.070578
0.0684481
0.0777987
0.0577365
0.0663043
0.0683668
0.0512794
0.0698907
0.0567858
0.0420844
0.0511053
0.0325471
0.0623247
0.0699093
0.051298
0.0576355
0.0622532
0.0422056
0.0758164
0.0699916
0.0624069
0.0842221
0.0758914
0.0706244
0.0511701
0.0566765
0.0373205
0.0908122
0.0843849
0.0759595
0.0844873
0.0976193
0.0997791
0.0488717
0.0662389
0.0576711
0.0436042
0.0184804
0.0273496
0.0897087
0.0968934
0.0962629
0.0566427
0.0411208
0.0372868
0.0325308
0.0510891
0.0372395
0.0998666
0.0977067
0.110553
0.0700725
0.0843227
0.0780994
0.0700651
0.0758899
0.0843153
0.162109
0.173006
0.181722
0.13059
0.119185
0.123092
0.146034
0.130714
0.13338
0.128002
0.119201
0.130607
0.132398
0.128084
0.14179
0.132321
0.118831
0.128007
0.133421
0.142912
0.146075
0.141845
0.130743
0.146062
0.142939
0.135524
0.151847
0.123137
0.129893
0.1333
0.123088
0.118801
0.129845
0.135436
0.12853
0.139755
0.112134
0.108618
0.118694
0.115423
0.112172
0.123018
0.119134
0.115446
0.123041
0.109417
0.112126
0.115377
0.103059
0.0996862
0.108524
0.119322
0.108115
0.121618
0.104421
0.108832
0.115349
0.10431
0.0940166
0.0972163
0.0828552
0.0807895
0.08961
0.0842286
0.0706309
0.0778517
0.0908848
0.0975894
0.0844575
0.0842898
0.0908119
0.0759592
0.101543
0.0976468
0.0909421
0.107599
0.101593
0.0960011
0.114784
0.0977268
0.101623
0.0371078
0.0241453
0.0201035
0.0972454
0.0982756
0.108751
0.080822
0.088254
0.093908
0.0780073
0.0568754
0.0699804
0.0981631
0.0882792
0.0840836
0.0995282
0.0982009
0.0841213
0.108002
0.108787
0.0983117
0.0839383
0.073327
0.0696868
0.0438412
0.058462
0.0582087
0.084055
0.0781976
0.0997127
0.0733891
0.0840004
0.088196
0.073242
0.0585985
0.0696017
0.04368
0.0274253
0.0410445
0.0697028
0.0780969
0.0839543
0.0412347
0.0694943
0.0584911
0.0568742
0.0780061
0.0696119
0.0996419
0.0940247
0.104318
0.0881756
0.0807436
0.0705483
0.0995929
0.0897101
0.0939757
0.0703388
0.0480226
0.0582624
0.0827815
0.0676279
0.0807158
0.0962159
0.082907
0.0896618
0.080808
0.0676282
0.0827818
0.0558557
0.0337357
0.0478922
0.0273599
0.0241825
0.040979
0.184601
0.166676
0.179413
0.199691
0.188493
0.198711
0.15046
0.147965
0.140601
0.154881
0.16652
0.162229
0.138793
0.150475
0.144558
0.16401
0.166526
0.154887
0.17301
0.177913
0.16381
0.042017
0.0324797
0.0310324
0.048702
0.0420715
0.0310869
0.0624088
0.0705512
0.0758182
0.0832633
0.092233
0.0891374
0.120933
0.110728
0.129089
0.135457
0.121016
0.129171
0.112404
0.110672
0.120877
0.0623481
0.0577304
0.0704905
0.0909364
0.0959452
0.101537
0.17641
0.175336
0.174594
0.173425
0.175323
0.173695
0.16524
0.173391
0.173662
0.179205
0.175342
0.173443
0.18997
0.179261
0.175498
0.174604
0.175346
0.179209
0.175511
0.183083
0.189982
0.165246
0.175396
0.173397
0.16727
0.183007
0.175435
0.179712
0.174618
0.179224
0.161659
0.155525
0.16514
0.155326
0.167111
0.15551
0.147849
0.147545
0.162742
0.124368
0.136306
0.126912
0.147587
0.160482
0.162785
0.137025
0.147421
0.136417
0.13707
0.149902
0.147466
0.122698
0.136902
0.124356
0.173328
0.156397
0.166942
0.122742
0.137651
0.136946
0.122702
0.124863
0.13761
0.20496
0.227972
0.227538
0.174207
0.191849
0.196475
0.18635
0.173529
0.197248
0.201912
0.186445
0.197343
0.176712
0.17346
0.186281
0.147761
0.136453
0.147457
0.155286
0.147875
0.162768
0.155181
0.142151
0.137113
0.212835
0.185688
0.194402
0.188585
0.214118
0.191999
0.242921
0.240147
0.21318
0.236711
0.21435
0.213276
0.267929
0.268651
0.240416
0.234618
0.214422
0.236783
0.213101
0.185751
0.212898
0.190062
0.183163
0.199365
0.190863
0.190088
0.19939
0.179764
0.179275
0.189984
0.127948
0.142032
0.128858
0.155242
0.155427
0.142212
0.127976
0.137022
0.142059
0.162856
0.173972
0.155373
0.165201
0.173622
0.16172
0.167144
0.165159
0.155543
0.16721
0.175375
0.165225
0.179205
0.173444
0.175443
0.161594
0.145656
0.155459
0.156207
0.137792
0.145513
0.147544
0.149981
0.160439
0.137037
0.137742
0.14987
0.308135
0.324268
0.30407
0.295917
0.30804
0.303975
0.295586
0.294764
0.303938
0.322595
0.319395
0.307989
0.34247
0.344437
0.328865
0.314863
0.305589
0.33926
0.322684
0.314921
0.339317
0.322579
0.307974
0.314816
0.304542
0.28468
0.294407
0.284563
0.29098
0.273039
0.274322
0.284507
0.272983
0.294462
0.295761
0.309887
0.285778
0.294344
0.284617
0.303978
0.29442
0.307843
0.29441
0.294732
0.295554
0.285812
0.294315
0.294699
0.303983
0.308039
0.29563
0.30453
0.291086
0.284669
0.279165
0.290155
0.305306
0.114631
0.112461
0.124247
0.0970879
0.103588
0.099927
0.100794
0.112346
0.103642
0.106844
0.110249
0.0973805
0.122616
0.124274
0.112488
0.124772
0.12261
0.110393
0.216157
0.231989
0.23135
0.197442
0.215943
0.202011
0.215055
0.214349
0.234545
0.197485
0.214936
0.215986
0.197405
0.192031
0.214856
0.0991993
0.0902542
0.0958745
0.111859
0.0992718
0.095947
0.111907
0.110093
0.0993193
0.0919247
0.0972655
0.09079
0.0963562
0.0919132
0.0882715
0.0963865
0.0972843
0.0919434
0.402954
0.37703
0.436911
0.290956
0.314693
0.309709
0.293978
0.316958
0.278095
0.228152
0.244118
0.24215
0.167173
0.155388
0.173987
0.23143
0.244082
0.228116
0.231451
0.232091
0.246295
0.244143
0.231491
0.246336
0.216474
0.204836
0.202038
0.21358
0.19665
0.204809
0.124888
0.122262
0.145357
0.280346
0.290243
0.294282
0.285764
0.280331
0.294267
0.274278
0.264113
0.280192
0.250111
0.272558
0.264007
0.250094
0.258882
0.272541
0.190932
0.199459
0.21048
0.190798
0.179802
0.190023
0.115986
0.127812
0.114253
0.136947
0.13634
0.124402
0.142091
0.145502
0.128917
0.137069
0.136418
0.147726
0.155394
0.145591
0.14218
0.136971
0.127925
0.126926
0.136348
0.136999
0.126955
0.147789
0.1552
0.137132
0.114295
0.127855
0.128765
0.116028
0.126856
0.127855
0.104009
0.115906
0.114173
0.114652
0.126812
0.115984
0.103982
0.105879
0.115878
0.290834
0.309587
0.278217
0.0922205
0.103543
0.101767
0.090201
0.0869843
0.0930862
0.088526
0.0830716
0.0954469
0.13611
0.128049
0.126114
0.13633
0.136609
0.126144
0.149016
0.139076
0.136223
0.119279
0.109391
0.113368
0.149072
0.152965
0.139132
0.114734
0.108942
0.105366
0.128556
0.114846
0.119348
0.12857
0.123448
0.11486
0.114464
0.109001
0.123381
0.133293
0.12
0.123481
0.101293
0.101669
0.114366
0.0950076
0.0935295
0.0926213
0.0936469
0.095008
0.0926217
0.0996798
0.0935531
0.0950313
0.103673
0.113568
0.119087
0.129438
0.126972
0.111343
0.11704
0.129405
0.111309
0.137763
0.145732
0.136399
0.141214
0.137725
0.129574
0.1413
0.15516
0.13781
0.126959
0.139639
0.129041
0.155175
0.145795
0.137826
0.152052
0.155208
0.141347
0.152121
0.161789
0.155277
0.139764
0.152
0.141296
0.139808
0.154424
0.152045
0.129089
0.139687
0.141219
0.14274
0.136993
0.149763
0.154454
0.145295
0.155688
0.135407
0.128218
0.142662
0.172656
0.171666
0.161912
0.18038
0.172702
0.166912
0.194361
0.182206
0.171806
0.163232
0.148088
0.145856
0.149046
0.136253
0.148008
0.0965302
0.0987817
0.0850031
0.0939308
0.0965182
0.0862535
0.108868
0.0988618
0.0966103
0.116634
0.108956
0.105354
0.109947
0.0989066
0.108912
0.11916
0.110015
0.10898
0.11922
0.126827
0.110075
0.128077
0.119247
0.116744
0.126819
0.117026
0.109691
0.136921
0.142668
0.128223
0.141185
0.129545
0.129055
0.155732
0.149894
0.163099
0.172619
0.155821
0.166829
0.145189
0.135464
0.142719
0.155649
0.145256
0.142787
0.154401
0.139785
0.145242
0.119305
0.135325
0.126912
0.142803
0.149826
0.155664
0.115826
0.107672
0.10424
0.0685043
0.0677845
0.0496931
0.0939945
0.105236
0.0965819
0.0879809
0.0954451
0.0830697
0.0926769
0.0879564
0.0785042
0.104107
0.0955157
0.0880515
0.0927628
0.104097
0.0880423
0.115952
0.126965
0.122542
0.111221
0.115838
0.104252
0.111297
0.126927
0.115914
0.0939542
0.0899591
0.0998194
0.165275
0.145936
0.148938
0.187965
0.186167
0.167194
0.165199
0.145991
0.16533
0.197909
0.208826
0.210239
0.167119
0.186092
0.16547
0.188104
0.208713
0.186307
0.166393
0.146389
0.165203
0.174876
0.161546
0.156943
0.194732
0.18005
0.175065
0.223269
0.200468
0.220007
0.224509
0.205521
0.203996
0.163716
0.174284
0.15657
0.200198
0.182677
0.180094
0.20536
0.192655
0.187725
0.123568
0.117349
0.108661
0.132595
0.123649
0.117517
0.128758
0.117417
0.123636
0.148896
0.143758
0.132768
0.146762
0.135076
0.124834
0.163641
0.14698
0.161475
0.163183
0.156569
0.174282
0.142852
0.146893
0.156409
0.117299
0.108632
0.108611
0.164179
0.14759
0.155332
0.183211
0.164382
0.180314
0.18314
0.159235
0.164311
0.221152
0.201
0.198679
0.159115
0.147603
0.164192
0.200791
0.174113
0.183312
0.1193
0.0912864
0.0909939
0.145696
0.119562
0.115019
0.145736
0.126807
0.119602
0.126946
0.145875
0.161108
0.123769
0.10633
0.121026
0.159038
0.141278
0.147526
0.094069
0.106239
0.123678
0.0760577
0.0833152
0.0831176
0.0900873
0.0760805
0.0831403
0.0685035
0.0775679
0.0759896
0.11329
0.101838
0.103614
0.194129
0.180382
0.174058
0.213889
0.194341
0.203869
0.213871
0.198633
0.194323
0.0929802
0.0932388
0.0956765
0.088895
0.0929673
0.0961608
0.088875
0.0902069
0.0929473
0.0930165
0.10118
0.0890974
0.108874
0.10164
0.0982279
0.108929
0.114391
0.101694
0.0970614
0.0999006
0.0957124
0.0919201
0.0940224
0.0932297
0.0940654
0.0973059
0.100711
0.088108
0.0923829
0.0929838
0.105383
0.109364
0.119253
0.0982403
0.105311
0.108887
0.0997669
0.109299
0.105318
0.0935637
0.0996903
0.0981702
0.0936931
0.101759
0.0997028
0.119342
0.11343
0.12795
0.0982095
0.0997296
0.10528
0.101857
0.113309
0.109333
0.0999107
0.0991401
0.0966616
0.112442
0.110352
0.122569
0.11454
0.105873
0.103667
0.12684
0.114679
0.124295
0.115914
0.105914
0.114581
0.100816
0.110279
0.112369
0.0940646
0.100711
0.0970586
0.0932469
0.0940395
0.0970336
0.0907971
0.0972726
0.0940321
0.0973601
0.110228
0.100766
0.0970906
0.100742
0.103591
0.126521
0.0885263
0.0913023
0.0885824
0.0955034
0.0998941
0.0921641
0.0885712
0.0998829
0.0776582
0.0830119
0.0884663
0.060397
0.0783606
0.0773061
0.0575709
0.0603055
0.0707334
0.0455859
0.0484645
0.0649075
0.100018
0.10765
0.113518
0.0941264
0.102485
0.0873947
0.126795
0.109668
0.110043
0.116945
0.102636
0.10961
0.128965
0.117091
0.126883
0.135393
0.139661
0.12698
0.129464
0.117099
0.128974
0.0766669
0.0783742
0.0651114
0.105076
0.0928145
0.10254
0.11693
0.105156
0.102621
0.111147
0.0928434
0.105104
0.111144
0.104175
0.0928403
0.122477
0.107734
0.115887
0.0766316
0.0650762
0.0678632
0.0872209
0.0767059
0.0679375
0.0873039
0.092669
0.0767889
0.0773984
0.0784529
0.0879051
0.0708753
0.0773565
0.082952
0.0707995
0.0603716
0.0772807
0.0602462
0.0456254
0.064947
0.100005
0.113504
0.103609
0.104172
0.107604
0.0955813
0.122469
0.113593
0.107726
0.0919119
0.0907791
0.0940142
0.0935114
0.0903321
0.0919087
0.0936706
0.0996802
0.0950317
0.0981458
0.0924184
0.0935393
0.0880852
0.0882385
0.0903017
0.0935131
0.0923922
0.0903337
0.0772545
0.0712398
0.0783854
0.0901603
0.0845164
0.0825028
0.0822675
0.103184
0.0864501
0.103265
0.106146
0.0865302
0.157831
0.173853
0.155399
0.146847
0.143887
0.157702
0.123529
0.134429
0.133341
0.123513
0.128635
0.134414
0.168187
0.18367
0.173982
0.143908
0.15301
0.157723
0.163259
0.149172
0.158762
0.168135
0.163389
0.178824
0.153046
0.149153
0.16324
0.115092
0.141125
0.145769
0.0939881
0.114751
0.0909877
0.0940979
0.123707
0.114861
0.155238
0.147496
0.136061
0.180428
0.198484
0.183325
0.173928
0.180253
0.155474
0.201103
0.221255
0.229436
0.20393
0.201045
0.229378
0.183394
0.198552
0.200873
0.194211
0.19852
0.180464
0.221424
0.251524
0.229605
0.213961
0.221196
0.198723
0.237864
0.263031
0.251691
0.214092
0.237599
0.221326
0.237738
0.225422
0.251589
0.0964363
0.106798
0.0973342
0.0907598
0.0882527
0.0918944
0.117416
0.11228
0.139633
0.117201
0.0959399
0.0918133
0.13524
0.117505
0.143454
0.135158
0.124397
0.112074
0.0901983
0.0825407
0.0958186
0.0845356
0.0901795
0.0882262
0.0880658
0.0845285
0.0882191
0.0853271
0.0824866
0.0845002
0.085317
0.0814954
0.0824765
0.0930584
0.101597
0.101222
0.0880845
0.0929602
0.0853741
0.0924281
0.101568
0.0930289
0.0903156
0.092374
0.0880991
0.0981728
0.101585
0.0924454
0.0814685
0.0773023
0.0824496
0.0890059
0.0815173
0.0853389
0.0929635
0.0890443
0.0853773
0.101214
0.103257
0.0891317
0.0890682
0.103193
0.0822763
0.0784464
0.0751159
0.0916141
0.0825457
0.091697
0.0958236
0.0831989
0.0888578
0.0948071
0.0805118
0.0685134
0.0759995
0.0921361
0.0930927
0.0869908
0.0936711
0.0931471
0.101737
0.109287
0.0997551
0.101812
0.0926112
0.0918824
0.0936364
0.0901868
0.088855
0.0869701
0.0543991
0.0312858
0.0429424
0.090805
0.0910975
0.0629985
0.050975
0.0313128
0.054426
0.0511657
0.0546168
0.0881516
0.0902233
0.0931085
0.0936325
0.093226
0.0929675
0.0918822
0.0831725
0.0869465
0.0888314
0.0805841
0.0760719
0.0900788
0.0833517
0.0869281
0.0831541
0.0884674
0.0833385
0.0776593
0.0921035
0.0869582
0.0833817
0.0918721
0.0929574
0.090217
0.0936283
0.0918744
0.0902192
0.0926099
0.0932248
0.091881
0.0948114
0.0901502
0.0832032
0.04579
0.0311801
0.0199476
0.0763225
0.0494428
0.0792928
0.0576206
0.0604366
0.0430506
0.194562
0.185327
0.231885
0.235641
0.19473
0.232054
0.199355
0.168167
0.194395
0.13999
0.167881
0.168385
0.147943
0.184958
0.167963
0.110217
0.0943632
0.118978
0.112235
0.110325
0.133352
0.0921269
0.0942731
0.110127
0.139687
0.112334
0.13345
0.078378
0.0712324
0.0750475
0.125704
0.146622
0.179678
0.119207
0.125505
0.147581
0.1335
0.119234
0.147608
0.094414
0.125327
0.119029
0.133375
0.110348
0.119109
0.167791
0.133663
0.147771
0.0916388
0.0824875
0.0784711
0.110187
0.112097
0.0921867
0.11212
0.117256
0.0918676
0.0921249
0.112035
0.0917833
0.139738
0.143469
0.11752
0.0749993
0.0711842
0.0640143
0.0919308
0.0750911
0.0706992
0.0920012
0.0916595
0.0751614
0.110864
0.0881568
0.130219
0.0763212
0.0705891
0.0577659
0.110655
0.0765279
0.0794982
0.0940889
0.070711
0.0764431
0.046085
0.0516754
0.0876775
0.0793202
0.0461778
0.0877703
0.0491805
0.0312782
0.0458881
0.106936
0.124719
0.11034
0.111991
0.124313
0.110177
0.117269
0.11192
0.0960074
0.1174
0.135134
0.112051
0.0845189
0.0880562
0.0853457
0.0963505
0.0882658
0.0902192
0.0907544
0.0903106
0.0882474
0.119379
0.0910729
0.114836
0.0547506
0.0910615
0.0882855
0.0546654
0.0628773
0.0909762
0.0745183
0.0863929
0.0938382
0.0639582
0.0688705
0.0605441
0.0576907
0.0639207
0.0605066
0.0706055
0.0749974
0.0640123
0.0712245
0.0821021
0.0689669
0.0639938
0.0711637
0.0689062
0.0493704
0.07625
0.0576947
0.094141
0.0919948
0.0707632
0.078423
0.0824394
0.0772921
0.119826
0.10336
0.101317
0.123418
0.119937
0.114501
0.133334
0.135896
0.120042
0.18022
0.164289
0.155441
0.119863
0.101354
0.114427
0.121003
0.103426
0.119892
0.147341
0.123906
0.121164
0.0939442
0.0864989
0.106114
0.0814675
0.0821643
0.0773014
0.167765
0.139873
0.133636
0.287077
0.317058
0.314705
0.29088
0.286989
0.314617
0.263204
0.251838
0.286687
0.251887
0.277853
0.286736
0.233273
0.251659
0.263025
0.235984
0.277683
0.251717
0.199602
0.235553
0.200729
0.168693
0.199377
0.200504
0.168119
0.185114
0.194348
0.232308
0.237659
0.268764
0.199581
0.194621
0.235532
0.185471
0.237379
0.232029
0.294152
0.329851
0.317132
0.269105
0.293817
0.277935
0.269278
0.329691
0.293991
0.235919
0.232332
0.277618
0.237806
0.276301
0.268912
0.293387
0.278226
0.309595
0.325053
0.309918
0.293545
0.290032
0.279042
0.268854
0.277919
0.267969
0.243231
0.22075
0.251007
0.242983
0.293288
0.290078
0.268177
0.143639
0.139908
0.168304
0.194519
0.220461
0.212952
0.16069
0.14444
0.174297
0.220623
0.242856
0.213114
0.174562
0.190168
0.194289
0.286954
0.278072
0.316935
0.251309
0.263215
0.290588
0.233064
0.200894
0.25145
0.190451
0.232926
0.220514
0.200903
0.235727
0.251459
0.16808
0.199269
0.168584
0.251199
0.277863
0.243175
0.233129
0.250974
0.220717
0.290638
0.278022
0.251358
0.110066
0.106841
0.096479
0.0902559
0.099201
0.0963872
0.124347
0.122143
0.110211
0.110152
0.122084
0.106927
0.0964536
0.0992674
0.110041
0.236983
0.240312
0.268547
0.258826
0.237045
0.26861
0.160874
0.185494
0.188386
0.145625
0.160669
0.166864
0.139996
0.144325
0.160575
0.145535
0.14
0.160579
0.124505
0.135266
0.144189
0.170938
0.143743
0.168408
0.174452
0.161515
0.190058
0.185559
0.174547
0.194274
0.185447
0.160827
0.174435
0.135387
0.1436
0.161229
0.170914
0.161348
0.14372
0.200409
0.171128
0.168598
0.190047
0.161503
0.17107
0.232859
0.190385
0.200689
0.220385
0.194443
0.190322
0.171201
0.200482
0.190178
0.144442
0.161362
0.174299
0.12452
0.144204
0.139875
0.135389
0.161231
0.144312
0.124759
0.106976
0.122133
0.130429
0.102811
0.158965
0.0493413
0.0460489
0.0791912
0.0518641
0.10231
0.0878662
0.130661
0.159197
0.171956
0.0821528
0.0863354
0.0690176
0.0772671
0.08213
0.0712523
0.0815068
0.0889954
0.0822035
0.133452
0.15519
0.136013
0.121112
0.120001
0.135855
0.147381
0.121204
0.135946
0.106261
0.10338
0.120958
0.128628
0.119393
0.128001
0.138981
0.128694
0.128067
0.138983
0.128668
0.128696
0.134482
0.128703
0.143749
0.123382
0.109002
0.114794
0.0743282
0.0628413
0.0605587
0.0689054
0.0743486
0.060579
0.0938531
0.0908528
0.0745333
0.0639544
0.0577244
0.0705476
0.0863095
0.0744349
0.0689917
0.0627364
0.0430678
0.0604538
0.0907491
0.0629426
0.0744295
0.141366
0.159127
0.173833
0.123865
0.141051
0.115018
0.123974
0.147408
0.14116
0.119419
0.126625
0.091406
0.0430131
0.0492588
0.0575831
0.0545045
0.0430478
0.0627164
0.0312683
0.0491705
0.0429248
0.0199647
0.0311971
0.0508593
0.0200157
0.0514483
0.045858
0.0766259
0.125185
0.0942717
0.105824
0.0999563
0.103618
0.112392
0.114562
0.103689
0.103926
0.0991842
0.105823
0.0889013
0.0961671
0.0948506
0.226645
0.20906
0.26281
0.130619
0.171914
0.146612
0.111059
0.130414
0.146408
0.088129
0.102573
0.130191
0.159459
0.208533
0.172217
0.201462
0.237233
0.180234
0.316283
0.277974
0.26334
0.3168
0.376442
0.319446
0.201132
0.146849
0.17215
0.22679
0.277588
0.237643
0.184998
0.147983
0.179881
0.110694
0.0795367
0.0879868
0.125474
0.111043
0.146392
0.12524
0.0766814
0.110809
0.290276
0.279165
0.305306
0.314699
0.290396
0.305425
0.280264
0.285697
0.27435
0.26392
0.246464
0.250023
0.280187
0.264108
0.272659
0.25986
0.256925
0.244273
0.27421
0.259984
0.264046
0.27424
0.272901
0.260013
0.259999
0.2423
0.256919
0.296123
0.260253
0.279018
0.264955
0.235428
0.24074
0.227625
0.240558
0.21832
0.204912
0.22749
0.213684
0.242137
0.240638
0.227705
0.124939
0.145408
0.137687
0.0929901
0.0956864
0.0961836
0.0919154
0.093225
0.09261
0.0935191
0.0919164
0.092611
0.0903229
0.0907667
0.0918995
0.0956986
0.0966376
0.0961958
0.0970391
0.0956901
0.0932524
0.0998992
0.0966501
0.095711
0.147784
0.125708
0.179682
0.269442
0.34265
0.329854
0.319091
0.310245
0.276711
0.359292
0.342886
0.3106
0.0999414
0.105809
0.0991708
0.359435
0.319589
0.376585
0.442033
0.475783
0.516983
0.375545
0.399154
0.441303
0.399489
0.475388
0.441638
0.418873
0.475312
0.399413
0.480108
0.51001
0.437614
0.409673
0.479771
0.437277
0.442047
0.516998
0.480146
0.482102
0.429298
0.465936
0.330321
0.375098
0.37658
0.319117
0.278161
0.31647
0.310521
0.319368
0.359213
0.276603
0.278027
0.318983
0.269154
0.276544
0.310077
0.237388
0.201617
0.226535
0.237702
0.237675
0.276197
0.23738
0.180355
0.237353
0.376917
0.418412
0.359766
0.630303
0.559312
0.607591
0.429033
0.403225
0.465672
0.427484
0.407933
0.450824
0.384823
0.402953
0.428762
0.450829
0.407938
0.429
0.358891
0.341154
0.384383
0.46628
0.531672
0.482445
0.40751
0.388884
0.362824
0.428778
0.407717
0.384839
0.427277
0.3891
0.407726
0.437567
0.509963
0.466057
0.218346
0.240583
0.235271
0.19955
0.218126
0.210571
0.227663
0.228097
0.242095
0.19956
0.213634
0.218136
0.196446
0.183101
0.174177
0.517371
0.553242
0.480519
0.17408
0.183003
0.167266
0.160579
0.17659
0.162882
0.19653
0.199386
0.183185
0.191969
0.201955
0.204754
0.196577
0.191951
0.204736
0.176773
0.186343
0.191823
0.162927
0.176636
0.174044
0.160614
0.173374
0.176626
0.213562
0.199488
0.196632
0.318818
0.339273
0.305603
0.290287
0.318654
0.305438
0.310041
0.336631
0.318824
0.290302
0.309886
0.318669
0.268818
0.268095
0.289996
0.258966
0.26875
0.278938
0.272638
0.258979
0.278951
0.167061
0.191791
0.173446
0.231935
0.216102
0.215052
0.150067
0.173285
0.160525
0.156304
0.145611
0.166849
0.150053
0.15634
0.173271
0.149934
0.137806
0.156221
0.122312
0.139871
0.145407
0.160812
0.188324
0.167007
0.216609
0.216105
0.231298
0.204923
0.216561
0.227935
0.202075
0.216007
0.216511
0.228024
0.216649
0.231338
0.174141
0.176732
0.191782
0.214912
0.192087
0.214207
0.191908
0.186427
0.201894
0.173548
0.191892
0.197266
0.234721
0.249878
0.232113
0.215114
0.234604
0.231997
0.188656
0.213115
0.214189
0.167111
0.188428
0.191841
0.185669
0.213019
0.188561
0.240331
0.243105
0.267843
0.213363
0.240127
0.236797
0.213283
0.21308
0.240048
0.249917
0.246357
0.232152
0.258712
0.234767
0.236931
0.339219
0.336874
0.362422
0.339532
0.339229
0.362634
0.318921
0.336728
0.339073
0.293428
0.309801
0.290218
0.293544
0.309753
0.325052
0.124447
0.139801
0.122242
0.293248
0.268137
0.278087
0.258756
0.249967
0.23481
0.237205
0.185297
0.18018
0.237809
0.277755
0.276331
0.146875
0.201158
0.179931
0.226875
0.26304
0.277674
0.172417
0.226317
0.201399
0.172442
0.208757
0.226341
0.263334
0.286817
0.290708
0.310299
0.342584
0.269376
0.375363
0.409122
0.376845
0.343004
0.374986
0.330208
0.343235
0.398825
0.375216
0.398772
0.343182
0.359588
0.418486
0.399025
0.35984
0.441337
0.409338
0.375579
0.233271
0.263023
0.251116
0.277729
0.232443
0.268899
0.330127
0.376387
0.317408
0.466373
0.510279
0.531765
0.339492
0.361017
0.315027
0.376418
0.339552
0.317439
0.376565
0.361223
0.339699
0.436932
0.377051
0.409328
0.361022
0.34093
0.315032
0.402701
0.361435
0.376777
0.402727
0.384598
0.361461
0.465699
0.403252
0.437209
0.384391
0.341162
0.361254
0.451019
0.465898
0.427679
0.482052
0.451078
0.429248
0.482314
0.507262
0.45134
0.325211
0.309911
0.340793
0.336816
0.325361
0.358679
0.336652
0.310063
0.325197
0.409688
0.441687
0.479786
0.553218
0.510398
0.480496
0.553551
0.57955
0.510731
0.291127
0.322309
0.279208
0.27302
0.290962
0.279043
0.304722
0.341626
0.291277
0.579802
0.607333
0.532469
0.576976
0.559209
0.630201
0.646649
0.57727
0.630494
0.507621
0.482673
0.558484
0.576566
0.507937
0.558799
0.522319
0.466404
0.507446
0.290167
0.272742
0.279056
0.265223
0.260207
0.296077
0.218245
0.235171
0.21069
0.213728
0.227535
0.21823
0.242245
0.259945
0.240746
0.256866
0.242247
0.244214
0.246431
0.259824
0.244238
0.272907
0.278929
0.257084
0.260022
0.265037
0.240822
0.58744
0.577125
0.646504
0.558566
0.482755
0.531981
0.607263
0.558983
0.532399
0.576445
0.522688
0.507815
0.433894
0.402148
0.397825
0.434318
0.485871
0.440777
0.465987
0.477359
0.427767
0.527163
0.534817
0.478193
0.58686
0.527486
0.522789
0.597916
0.654626
0.656481
0.484333
0.477229
0.435479
0.464268
0.484315
0.442843
0.485972
0.464267
0.440878
0.486118
0.48446
0.464413
0.486528
0.534877
0.536618
0.477207
0.4342
0.414116
0.37296
0.401968
0.404853
0.36822
0.397604
0.401928
0.314708
0.307866
0.290404
0.341695
0.322774
0.339407
0.342366
0.31951
0.32271
0.372645
0.344669
0.367945
0.295603
0.308012
0.295889
0.294413
0.295557
0.295713
0.314397
0.324303
0.30817
0.304046
0.314329
0.308102
0.31953
0.342386
0.328781
0.328704
0.324372
0.314466
0.319436
0.328687
0.314449
0.344444
0.344581
0.328872
0.344561
0.342989
0.32452
0.37154
0.344818
0.372657
0.321084
0.304114
0.324311
0.339631
0.362733
0.368609
0.362488
0.33694
0.358803
0.40741
0.362724
0.35904
0.388734
0.362877
0.362675
0.368774
0.362898
0.388755
0.368109
0.36882
0.397493
0.367923
0.341944
0.368634
0.339386
0.31893
0.339082
0.340758
0.309876
0.314861
0.317233
0.339345
0.31488
0.358693
0.325374
0.340956
0.510659
0.579478
0.532145
0.507208
0.466165
0.451286
0.654559
0.5877
0.646764
0.484668
0.535105
0.477563
0.434442
0.47772
0.485995
0.402291
0.434037
0.440497
0.414093
0.427593
0.477185
0.397864
0.413849
0.433933
0.397646
0.368973
0.413631
0.537013
0.535272
0.604333
0.484866
0.536614
0.535303
0.484702
0.48636
0.53645
0.576711
0.587025
0.522954
0.597749
0.656315
0.604941
0.296332
0.279226
0.322326
0.536977
0.593077
0.535667
0.597344
0.604536
0.535475
0.527562
0.597085
0.535216
0.587535
0.654394
0.597684
0.656511
0.656214
0.605137
0.474766
0.522276
0.508165
0.434238
0.477191
0.474368
0.387882
0.398756
0.428098
0.442697
0.440732
0.464122
0.399192
0.442461
0.435078
0.405214
0.440535
0.4425
0.528118
0.522343
0.474833
0.477506
0.527968
0.474683
0.535638
0.593049
0.528558
0.477676
0.466304
0.522219
0.52712
0.47788
0.522423
0.477691
0.434413
0.47742
0.58786
0.656122
0.646333
0.597259
0.527736
0.58711
0.593308
0.537208
0.604528
0.486332
0.478056
0.53468
0.604927
0.656003
0.593707
0.344568
0.342601
0.367845
0.344728
0.344591
0.372567
0.344514
0.324472
0.328805
0.290336
0.307797
0.294374
0.341856
0.367836
0.342592
0.322784
0.341705
0.34244
0.339561
0.368539
0.341848
0.321241
0.3253
0.309787
0.398933
0.435048
0.433845
0.361649
0.398533
0.387659
0.366782
0.343221
0.371515
0.398728
0.366968
0.371701
0.369039
0.343829
0.366776
0.398596
0.369329
0.398825
0.361258
0.325547
0.343666
0.506304
0.532098
0.579608
0.443673
0.505672
0.479074
0.443627
0.465586
0.505627
0.3509
0.327851
0.375673
0.402672
0.351151
0.375924
0.37368
0.314336
0.350848
0.452533
0.474532
0.507931
0.277312
0.258073
0.260017
0.322352
0.277648
0.296324
0.293789
0.284696
0.27467
0.309625
0.292185
0.30593
0.343811
0.369021
0.361403
0.321354
0.343532
0.325413
0.332802
0.343091
0.366652
0.321378
0.332652
0.343556
0.321253
0.306103
0.332526
0.324442
0.342911
0.321214
0.344719
0.371441
0.343147
0.369223
0.36696
0.398719
0.477709
0.535251
0.528171
0.434107
0.435311
0.47706
0.428505
0.434075
0.474205
0.428253
0.39891
0.433822
0.435363
0.442746
0.484218
0.372858
0.404751
0.371741
0.372837
0.368137
0.401844
0.273404
0.271023
0.301259
0.26785
0.273393
0.300977
0.313816
0.267986
0.301113
0.234199
0.22501
0.267465
0.241251
0.270822
0.273203
0.251655
0.269604
0.286003
0.149457
0.124029
0.130805
0.178426
0.149708
0.151652
0.150816
0.172011
0.143394
0.178508
0.175902
0.14979
0.178713
0.210946
0.176107
0.241021
0.223669
0.251351
0.278329
0.268679
0.260037
0.278543
0.292064
0.300703
0.328876
0.349908
0.301709
0.300947
0.325261
0.318455
0.396106
0.414084
0.451957
0.344051
0.387496
0.367406
0.398855
0.371828
0.404838
0.398816
0.399046
0.434932
0.398471
0.361587
0.369204
0.163291
0.151592
0.146857
0.201795
0.174403
0.19663
0.178508
0.151734
0.174175
0.200502
0.17618
0.211019
0.200372
0.172286
0.17605
0.280274
0.272746
0.290171
0.28455
0.274365
0.285711
0.272843
0.257021
0.259955
0.260122
0.257041
0.278886
0.259891
0.246497
0.263953
0.304062
0.307927
0.319332
0.314366
0.304083
0.319354
0.29476
0.294376
0.303934
0.526971
0.478002
0.477731
0.368944
0.388925
0.413602
0.407483
0.359113
0.384606
0.413798
0.389121
0.427298
0.362711
0.339306
0.362509
0.318598
0.325404
0.34368
0.328911
0.31861
0.343692
0.303896
0.290775
0.318349
0.300698
0.290631
0.278538
0.325231
0.300918
0.309719
0.318339
0.290764
0.300832
0.286375
0.303916
0.32867
0.286177
0.269778
0.303718
0.268781
0.278431
0.290524
0.246941
0.27232
0.259944
0.344031
0.361466
0.387476
0.304024
0.318477
0.328778
0.325547
0.361258
0.343823
0.303733
0.269793
0.290612
0.332526
0.306103
0.321118
0.366654
0.343708
0.332804
0.309722
0.306027
0.321176
0.305643
0.340652
0.310075
0.341685
0.322518
0.291337
0.440399
0.405079
0.402194
VECTORS Deplacement float
0.0113169 0.0720365 0
0.0114061 0.0752608 0
0.00654573 0.0792786 0
-0.100786 0.249083 0
-0.0844869 0.26697 0
-0.112008 0.276821 0
0.00647927 0.0793559 0
0.00166804 0.0873096 0
0.0011849 0.0830566 0
0.00591487 0.0762712 0
0.00649468 0.0793174 0
0.00119846 0.0830206 0
0.0113962 0.0752944 0
0.00854213 0.081692 0
0.00653734 0.0793096 0
0.00650277 0.0793504 0
0.00851198 0.081732 0
0.00169444 0.0873059 0
0.0160988 0.0675129 0
0.0114364 0.075222 0
0.0113519 0.0719961 0
0.0161465 0.0674629 0
0.0202986 0.0627989 0
0.0166858 0.0699657 0
-0.0760473 0.241485 0
-0.100684 0.248819 0
-0.0892053 0.224461 0
-0.04507 0.211524 0
-0.0757892 0.241336 0
-0.0669758 0.218308 0
-0.0843687 0.266851 0
-0.100663 0.248967 0
-0.0760329 0.241626 0
0.0209848 0.065213 0
0.0203388 0.0627498 0
0.0239199 0.0579992 0
-0.0513675 0.233309 0
-0.0757331 0.241386 0
-0.0450207 0.211575 0
0.0167035 0.0699586 0
0.0203123 0.0627913 0
0.0209623 0.0652521 0
0.0171025 0.073623 0
0.0166925 0.0699941 0
0.0209519 0.06529 0
0.0129842 0.0777753 0
0.0114458 0.075249 0
0.0166473 0.0700425 0
0.0274327 0.0561379 0
0.0244326 0.0606728 0
0.0270106 0.0531911 0
-0.000442821 0.164726 0
-0.0208839 0.188579 0
-0.0194284 0.173042 0
0.0137659 0.149018 0
0.0126291 0.163865 0
-0.000222593 0.164563 0
0.0176575 0.132523 0
0.0137913 0.14886 0
0.00251217 0.148716 0
0.0177318 0.132479 0
0.0253653 0.13548 0
0.0138683 0.148816 0
-0.00735592 0.201146 0
0.0102223 0.196874 0
-0.0100255 0.219812 0
-0.00320881 0.181917 0
-0.00744653 0.20105 0
-0.0236539 0.206257 0
-0.00309207 0.181829 0
0.0114301 0.179984 0
-0.0073286 0.200961 0
0.0126129 0.164026 0
0.0114949 0.179862 0
-0.00302347 0.181703 0
0.00244939 0.148825 0
0.0137328 0.148966 0
-0.000258139 0.164514 0
0.0275967 0.161155 0
0.0275674 0.176366 0
0.0116488 0.179833 0
0.0297137 0.144258 0
0.027607 0.160994 0
0.0127778 0.163836 0
0.0670123 0.104642 0
0.0580468 0.119906 0
0.0574028 0.103237 0
0.0499232 0.13244 0
0.0584882 0.138333 0
0.0482132 0.152961 0
0.0573426 0.103275 0
0.0579842 0.119946 0
0.0487005 0.116379 0
0.0671155 0.104659 0
0.0778534 0.106128 0
0.0685687 0.121693 0
0.0392377 0.179759 0
0.0481784 0.153187 0
0.0588489 0.158097 0
0.039132 0.179821 0
0.0277289 0.176338 0
0.0480763 0.153247 0
0.0499235 0.132256 0
0.048675 0.116478 0
0.0579595 0.120043 0
0.0298478 0.144091 0
0.0394277 0.1302 0
0.0414315 0.144873 0
0.029794 0.14406 0
0.0254902 0.135456 0
0.039375 0.130166 0
0.0275639 0.176528 0
0.0275274 0.192428 0
0.0104634 0.1967 0
0.0127147 0.163957 0
0.0275477 0.161112 0
0.0115979 0.179793 0
0.0277032 0.160931 0
0.0298076 0.144195 0
0.0413933 0.144975 0
-0.0209076 0.188747 0
-0.00325164 0.181873 0
-0.023701 0.206217 0
0.0847712 0.168796 0
0.0849742 0.148676 0
0.103249 0.15023 0
0.0659833 0.187875 0
0.0829789 0.18631 0
0.0652882 0.203218 0
0.00945602 0.213797 0
-0.0131859 0.238827 0
-0.0100476 0.219995 0
-0.0585593 0.256898 0
-0.0291777 0.22673 0
-0.0352197 0.247522 0
-0.0362607 0.174244 0
-0.0282342 0.156906 0
-0.0162085 0.157646 0
-0.0389771 0.191245 0
-0.036308 0.17441 0
-0.0196068 0.173083 0
-0.0238392 0.206316 0
-0.0447433 0.211309 0
-0.0210462 0.188846 0
-0.0669106 0.218096 0
-0.0619426 0.198237 0
-0.039216 0.191474 0
-0.0796508 0.202933 0
-0.0892404 0.22421 0
-0.10763 0.2123 0
0.0242343 0.0710955 0
0.0189805 0.0775524 0
0.0217014 0.0688892 0
0.0335284 0.0646569 0
0.0329239 0.0735068 0
0.0279137 0.0729254 0
0.0208205 0.0890949 0
0.0162146 0.0870644 0
0.0224882 0.0798196 0
0.0270646 0.081568 0
0.0208582 0.0890765 0
0.0225228 0.0798013 0
0.0294742 0.0870236 0
0.027128 0.081541 0
0.03291 0.0736099 0
0.0294333 0.0870741 0
0.020882 0.0890991 0
0.0270877 0.0815931 0
0.0346453 0.0875033 0
0.0380387 0.0934195 0
0.028957 0.0972411 0
0.0329382 0.073598 0
0.0359827 0.0777133 0
0.0295055 0.0870097 0
0.0415955 0.0820695 0
0.0380815 0.0933693 0
0.0346872 0.0874521 0
0.0335752 0.0645895 0
0.0374041 0.0582455 0
0.0379381 0.0679757 0
0.0635727 0.0630371 0
0.0577827 0.07183 0
0.0558417 0.062608 0
0.0693856 0.0545129 0
0.0636297 0.0629493 0
0.0610627 0.0537031 0
0.0694112 0.0545664 0
0.0682496 0.07002 0
0.0636535 0.0630043 0
0.0456122 0.0855846 0
0.0503413 0.0722237 0
0.050036 0.0893492 0
0.0411497 0.100508 0
0.0455813 0.08568 0
0.0500052 0.0894432 0
0.0416722 0.0819921 0
0.0503131 0.0721978 0
0.0455841 0.0855599 0
0.0491368 0.060874 0
0.0532227 0.0532961 0
0.0557781 0.0625387 0
0.0288761 0.0972598 0
0.0192943 0.0992204 0
0.0294364 0.0871605 0
0.0133614 0.0973859 0
0.00597039 0.102188 0
0.011096 0.0911848 0
0.0192108 0.09923 0
0.013439 0.0973691 0
0.0208019 0.0891943 0
0.0191786 0.099294 0
0.0106632 0.108533 0
0.0134031 0.097435 0
-0.0131104 0.11678 0
-0.0280099 0.122879 0
-0.0171836 0.110264 0
0.013501 0.0823756 0
0.0170846 0.0737053 0
0.0189286 0.0776052 0
0.0170768 0.0736641 0
0.0130041 0.0777707 0
0.0166639 0.0700371 0
0.0243934 0.0607556 0
0.0217085 0.0688138 0
0.020992 0.0652422 0
0.0134793 0.0823767 0
0.0129934 0.0778113 0
0.0170664 0.0737064 0
0.0161759 0.0870359 0
0.0134976 0.0824192 0
0.018926 0.077651 0
0.00558873 0.0953648 0
0.00487358 0.0897973 0
0.013418 0.0824888 0
0.00856438 0.081688 0
0.0114164 0.0752887 0
0.0129585 0.0778138 0
0.0295973 0.0484654 0
0.0274493 0.0560978 0
0.0270296 0.0531486 0
0.029622 0.0484163 0
0.0317707 0.0438639 0
0.030456 0.0509037 0
0.0349417 0.0416088 0
0.0336044 0.0393936 0
0.0351188 0.035211 0
0.028779 0.0648703 0
0.0289892 0.0586045 0
0.0322787 0.053121 0
0.0317911 0.0438169 0
0.033588 0.039437 0
0.0329928 0.0459569 0
0.0296687 0.144215 0
0.0127306 0.163797 0
0.0138659 0.148949 0
-0.0447978 0.21126 0
-0.0390097 0.191421 0
-0.0210943 0.188795 0
-0.0291167 0.226515 0
-0.0511377 0.233239 0
-0.0238869 0.206515 0
-0.06685 0.21814 0
-0.0391631 0.191519 0
-0.044951 0.211359 0
-0.0193841 0.172948 0
-0.00801081 0.160601 0
-0.000401692 0.164632 0
-0.00799019 0.160496 0
-0.0160122 0.157572 0
0.00232778 0.148839 0
-0.00033199 0.164553 0
-0.00793769 0.16052 0
0.00237678 0.148864 0
-0.0194402 0.172926 0
-0.016089 0.157655 0
-0.00806333 0.160577 0
-0.0389226 0.191292 0
-0.0195585 0.173132 0
-0.0210128 0.188668 0
-0.0362283 0.174297 0
-0.0161814 0.157701 0
-0.0195328 0.172971 0
-0.0282102 0.156754 0
-0.0268604 0.14375 0
-0.0179954 0.14257 0
0.030441 0.0509781 0
0.0289775 0.0585687 0
0.0274594 0.0561231 0
0.0329829 0.0459942 0
0.0304688 0.0508949 0
0.0317799 0.0438569 0
0.0329856 0.0460255 0
0.0322947 0.0530336 0
0.0304694 0.0509252 0
0.0774748 0.0238581 0
0.0856318 0.0108578 0
0.0862716 0.0246918 0
-0.0102462 0.220062 0
-0.0350572 0.247398 0
-0.0290178 0.226608 0
0.0244194 0.0606788 0
0.0239532 0.0579509 0
0.0270015 0.0531965 0
0.0216793 0.0688978 0
0.0189545 0.0775611 0
0.0171136 0.0736589 0
0.0209665 0.0652863 0
0.0216856 0.0688557 0
0.0171211 0.0736189 0
0.0250328 0.0645055 0
0.0242528 0.0710527 0
0.0217227 0.0688446 0
0.0289605 0.0586125 0
0.0250686 0.0644212 0
0.0274404 0.0561696 0
0.0289653 0.0586425 0
0.0287528 0.0649076 0
0.0250724 0.0644491 0
0.0242874 0.071067 0
0.0287484 0.0649777 0
0.0278672 0.0729198 0
0.0189831 0.0775877 0
0.0242373 0.0711329 0
0.0225071 0.0797279 0
0.0250551 0.0644918 0
0.0287386 0.0649481 0
0.024278 0.0710395 0
0.0296065 0.0484589 0
0.0304423 0.0509435 0
0.0274625 0.0560899 0
0.0329978 0.0460191 0
0.0345808 0.0486893 0
0.0323098 0.0530257 0
0.0161824 0.0871242 0
0.0207918 0.0891527 0
0.0134284 0.0973295 0
0.011131 0.0911335 0
0.016151 0.0871312 0
0.0133939 0.0973365 0
0.00558463 0.0954346 0
0.0110716 0.0911783 0
0.0059424 0.102182 0
0.00561114 0.0953693 0
0.0134356 0.0824944 0
0.0110961 0.0911122 0
0.0189545 0.0776422 0
0.0224818 0.0797801 0
0.0162081 0.0870271 0
0.0166582 0.0700065 0
0.0114559 0.0752159 0
0.0161142 0.0675058 0
0.0381209 0.0341162 0
0.0365292 0.0379182 0
0.0364442 0.0311951 0
0.0376038 0.0273864 0
0.0381251 0.034081 0
0.0364475 0.0311591 0
0.0403829 0.0371441 0
0.0450541 0.0365893 0
0.0411641 0.0437214 0
0.0349347 0.0416441 0
0.0330047 0.0459491 0
0.0335967 0.039431 0
0.0364352 0.0311971 0
0.0365184 0.0379227 0
0.0351323 0.0351716 0
0.0345895 0.0486519 0
0.0330071 0.04598 0
0.0349391 0.0416751 0
0.0365329 0.0379921 0
0.0385077 0.040828 0
0.0376847 0.0460569 0
0.0351272 0.0352077 0
0.036513 0.0379574 0
0.0349526 0.0416034 0
0.0381288 0.0341479 0
0.0385093 0.0407882 0
0.0365348 0.037951 0
0.0377064 0.0461058 0
0.0411406 0.0437961 0
0.0408354 0.0497222 0
0.0349591 0.0416403 0
0.036522 0.037994 0
0.0376708 0.0460605 0
0.0403624 0.0371577 0
0.0411415 0.0437373 0
0.0385319 0.0408173 0
0.0396113 0.0303877 0
0.0403555 0.0370911 0
0.0381442 0.0341108 0
0.0420967 0.0334386 0
0.0450568 0.0365565 0
0.0403858 0.0371092 0
0.0346015 0.0487208 0
0.0375749 0.0519435 0
0.0341259 0.0562858 0
0.0444329 0.0468199 0
0.0408587 0.0497239 0
0.041163 0.0437993 0
0.0444428 0.0468549 0
0.0438296 0.0544062 0
0.0408668 0.04976 0
0.032282 0.0530745 0
0.0289953 0.0585579 0
0.0304553 0.0509686 0
0.0341073 0.0562905 0
0.0323128 0.05306 0
0.0345855 0.0487238 0
0.0340893 0.0563427 0
0.0287981 0.0648606 0
0.0322944 0.0531143 0
0.129665 0.205375 0
0.108627 0.208635 0
0.136305 0.18428 0
0.103066 0.194533 0
0.124249 0.179325 0
0.108498 0.208583 0
0.0875791 0.197285 0
0.102874 0.194605 0
0.0876144 0.21194 0
0.0673093 0.215628 0
0.0874603 0.197357 0
0.0874944 0.212009 0
0.0832371 0.186164 0
0.100876 0.169151 0
0.107829 0.178359 0
0.0875812 0.197146 0
0.0831923 0.186258 0
0.107785 0.178453 0
0.124361 0.17929 0
0.136287 0.184193 0
0.10861 0.208548 0
0.0876837 0.211977 0
0.102944 0.194644 0
0.108375 0.208691 0
0.128521 0.159462 0
0.14299 0.162526 0
0.12445 0.179053 0
0.124476 0.179135 0
0.143018 0.162609 0
0.136404 0.184039 0
0.0672352 0.215601 0
0.0653057 0.203345 0
0.0873851 0.197326 0
0.13265 0.0455215 0
0.116083 0.0614073 0
0.116913 0.0446891 0
0.160429 0.0952587 0
0.143619 0.0891119 0
0.164967 0.0730637 0
0.113333 0.0804575 0
0.116063 0.0615933 0
0.130129 0.0651577 0
0.118658 0.15197 0
0.10098 0.168943 0
0.103417 0.150243 0
0.143075 0.162397 0
0.128603 0.159332 0
0.149371 0.140501 0
0.0651048 0.203391 0
0.047271 0.219903 0
0.0469542 0.20672 0
0.0270308 0.209438 0
0.0467623 0.206756 0
0.0274796 0.225094 0
0.100798 0.169119 0
0.0831614 0.186134 0
0.0847557 0.168984 0
0.119216 0.113041 0
0.127876 0.0844121 0
0.143358 0.0892089 0
0.122157 0.131527 0
0.119186 0.113282 0
0.140956 0.113423 0
0.103768 0.128819 0
0.10373 0.10921 0
0.119001 0.113258 0
0.128404 0.159515 0
0.124332 0.179106 0
0.108059 0.178303 0
0.107975 0.178421 0
0.124246 0.179222 0
0.103065 0.194433 0
0.0876471 0.197172 0
0.107853 0.178482 0
0.102942 0.194493 0
0.100995 0.169037 0
0.118675 0.152065 0
0.10795 0.178246 0
0.0269081 0.209352 0
0.0097136 0.213606 0
0.0275233 0.192596 0
-0.0512569 0.233412 0
-0.0292291 0.226679 0
-0.0586152 0.256853 0
-0.0841439 0.266842 0
-0.05144 0.233543 0
-0.0588004 0.256991 0
-0.0448472 0.21146 0
-0.0239366 0.206462 0
-0.0511937 0.23319 0
-0.00728197 0.201009 0
0.0114738 0.180036 0
0.0102924 0.196742 0
-0.000391507 0.164757 0
-0.00317591 0.181736 0
-0.0208267 0.188607 0
-0.000280892 0.164674 0
0.0125745 0.163974 0
-0.00306448 0.181653 0
-0.0074866 0.201245 0
-0.0101568 0.219911 0
-0.0289237 0.22645 0
0.010978 0.127787 0
0.00244727 0.148662 0
0.00206698 0.136659 0
0.0680937 0.166517 0
0.084858 0.14873 0
0.0846522 0.168851 0
0.0741074 0.141267 0
0.0888128 0.125129 0
0.0848916 0.1485 0
0.103266 0.0910881 0
0.103632 0.109064 0
0.0901538 0.10755 0
0.102641 0.0745308 0
0.103272 0.0908983 0
0.0930091 0.0850349 0
0.113244 0.0806601 0
0.116108 0.0961384 0
0.103384 0.0909559 0
0.113325 0.0806385 0
0.127764 0.0843273 0
0.11619 0.0961155 0
0.11621 0.0962245 0
0.127785 0.0844351 0
0.119126 0.113066 0
0.103771 0.1091 0
0.116129 0.0963071 0
0.119043 0.11315 0
0.10372 0.109026 0
0.103352 0.0910513 0
0.116075 0.0962331 0
0.0269009 0.209524 0
0.0273477 0.225174 0
0.0075442 0.231404 0
0.00964509 0.21374 0
0.0268423 0.209481 0
0.00748429 0.231371 0
-0.0131265 0.238859 0
0.00951284 0.21384 0
0.00735004 0.231467 0
0.0104019 0.196827 0
0.0274687 0.192551 0
0.00965763 0.213568 0
0.0660485 0.187759 0
0.0846404 0.169047 0
0.083044 0.186196 0
0.0459157 0.189916 0
0.0526884 0.173937 0
0.0658165 0.187789 0
0.0270934 0.209318 0
0.0457679 0.190099 0
0.0468227 0.20664 0
0.0392516 0.179826 0
0.0588647 0.158167 0
0.0526439 0.173802 0
0.0276837 0.192415 0
0.0391232 0.179996 0
0.045743 0.189952 0
0.0276229 0.192372 0
0.0276583 0.176472 0
0.0390627 0.17995 0
0.0480377 0.153181 0
0.0276906 0.176276 0
0.027718 0.161065 0
0.0667926 0.0456275 0
0.0610441 0.0536047 0
0.0603889 0.0428444 0
0.10344 0.0580951 0
0.0904998 0.0717721 0
0.0940673 0.0525518 0
0.0337124 0.111956 0
0.0311856 0.104905 0
0.0410465 0.100647 0
0.0445645 0.108231 0
0.0337578 0.111966 0
0.0410908 0.10066 0
0.0366177 0.119603 0
0.0255055 0.122997 0
0.0336787 0.11208 0
0.093992 0.0525831 0
0.0904246 0.0718055 0
0.0810412 0.0677819 0
0.102708 0.0745165 0
0.113199 0.0805879 0
0.10334 0.0908827 0
0.037675 0.0461289 0
0.0375867 0.0519102 0
0.0346131 0.0486859 0
0.027123 0.0814941 0
0.0278907 0.0729834 0
0.0329035 0.0735622 0
0.0444481 0.0467751 0
0.0411768 0.0437542 0
0.0450699 0.0366203 0
0.0288003 0.0648986 0
0.0340942 0.0563812 0
0.0335334 0.064573 0
0.0403515 0.037126 0
0.0385229 0.0407846 0
0.0381409 0.0341461 0
0.10275 0.0744181 0
0.115972 0.0616236 0
0.113242 0.0804894 0
0.103489 0.0579907 0
0.0941145 0.0524483 0
0.104903 0.0406849 0
0.102718 0.0743423 0
0.103555 0.058134 0
0.115938 0.0615495 0
0.102633 0.0743776 0
0.0905272 0.0718468 0
0.10347 0.0581676 0
0.0115896 0.179954 0
0.0275113 0.176484 0
0.010409 0.19666 0
0.04106 0.100586 0
0.0312014 0.104842 0
0.0380685 0.0934891 0
0.0527617 0.173858 0
0.0679245 0.166666 0
0.0658914 0.187714 0
0.0392065 0.179934 0
0.0526001 0.173909 0
0.0458269 0.189891 0
0.0589592 0.158124 0
0.0679004 0.166566 0
0.0527398 0.173758 0
0.103305 0.1503 0
0.100866 0.169 0
0.0848231 0.168862 0
0.0586038 0.13838 0
0.0739198 0.141342 0
0.0589997 0.157921 0
0.0415281 0.14491 0
0.0498672 0.132462 0
0.0481555 0.152984 0
0.0782802 0.123261 0
0.0779622 0.106144 0
0.0899848 0.107648 0
0.0580545 0.120081 0
0.0684733 0.121852 0
0.0585839 0.138188 0
0.0580833 0.119968 0
0.0670504 0.104704 0
0.0685014 0.12174 0
0.0685271 0.121924 0
0.0739513 0.141224 0
0.0586361 0.138258 0
0.103313 0.150098 0
0.0850372 0.14854 0
0.103654 0.129073 0
0.0679728 0.166459 0
0.0590304 0.158014 0
0.0739532 0.141438 0
0.0659994 0.187696 0
0.0680305 0.16665 0
0.0845887 0.16898 0
0.0657987 0.187897 0
0.0469532 0.20657 0
0.045896 0.190027 0
0.0480817 0.153077 0
0.0277653 0.160958 0
0.0414545 0.145006 0
0.13693 0.13482 0
0.155205 0.118039 0
0.14944 0.14027 0
0.128584 0.15924 0
0.136843 0.134959 0
0.149348 0.140408 0
0.122215 0.131599 0
0.141018 0.113495 0
0.136793 0.134776 0
0.0468296 0.206795 0
0.0471447 0.219973 0
0.0275472 0.225125 0
0.0276427 0.192516 0
0.0457037 0.190049 0
0.0270292 0.209274 0
0.0651726 0.203423 0
0.0671004 0.215674 0
0.0473384 0.21993 0
0.065864 0.187944 0
0.0651669 0.203284 0
0.0470174 0.206611 0
0.0830515 0.186342 0
0.0874379 0.197228 0
0.0653592 0.203247 0
0.031088 0.105003 0
0.0254382 0.122973 0
0.0193303 0.119145 0
0.0294853 0.0871223 0
0.0346168 0.0874817 0
0.0289279 0.0972212 0
0.0367321 0.119567 0
0.0446002 0.108309 0
0.0485863 0.116395 0
0.0255148 0.135373 0
0.0366379 0.119705 0
0.0393968 0.130086 0
0.0254873 0.122949 0
0.0311338 0.10498 0
0.0336603 0.112031 0
0.0844948 0.0490821 0
0.0809651 0.0677256 0
0.076649 0.058674 0
0.0254768 0.123076 0
0.0365918 0.11968 0
0.0254672 0.135351 0
0.0498374 0.132384 0
0.0414991 0.144834 0
0.0394936 0.130161 0
0.0486144 0.11651 0
0.0498608 0.13229 0
0.0395184 0.130064 0
0.0579934 0.120116 0
0.0585207 0.138224 0
0.0499561 0.132328 0
0.09042 0.0719643 0
0.092893 0.0849995 0
0.0807534 0.0828068 0
0.0904927 0.0719372 0
0.102597 0.0744677 0
0.092967 0.0849708 0
0.0901199 0.107469 0
0.0929682 0.0851454 0
0.103229 0.0910082 0
0.103667 0.128859 0
0.0889721 0.124956 0
0.103631 0.109248 0
0.0779817 0.105931 0
0.0807129 0.0829208 0
0.0928514 0.0851121 0
0.0782078 0.123309 0
0.0686052 0.121756 0
0.0778917 0.106191 0
0.0888429 0.124933 0
0.0783158 0.123323 0
0.0900225 0.107711 0
0.0887891 0.125045 0
0.0740864 0.141183 0
0.0782626 0.123437 0
0.0739803 0.093579 0
0.0806505 0.0829485 0
0.077918 0.105962 0
0.0671334 0.104564 0
0.0739351 0.0936515 0
0.0778709 0.106035 0
0.0670929 0.104513 0
0.0655328 0.0908589 0
0.0738931 0.0936005 0
0.0585191 0.138419 0
0.0589127 0.157961 0
0.0482426 0.153046 0
0.0781949 0.123426 0
0.0740184 0.141174 0
0.0685917 0.121875 0
0.103584 0.109177 0
0.0889281 0.124885 0
0.0901062 0.107664 0
0.103604 0.128989 0
0.0849912 0.148457 0
0.0889106 0.125089 0
0.0848213 0.148637 0
0.0680601 0.166426 0
0.0740386 0.141407 0
0.0574279 0.103138 0
0.0654785 0.0908899 0
0.0670368 0.104545 0
0.0900345 0.10752 0
0.0780111 0.106015 0
0.0928845 0.0851938 0
0.0446683 0.108254 0
0.0572974 0.103235 0
0.048656 0.11634 0
0.0655536 0.0907728 0
0.0732956 0.0791296 0
0.0739141 0.0935156 0
0.0733686 0.0790176 0
0.0809412 0.0679066 0
0.0806574 0.0827733 0
0.0438627 0.0543943 0
0.0444748 0.0468451 0
0.0506492 0.0466883 0
0.0429527 0.0627999 0
0.0438516 0.054497 0
0.0490615 0.0608796 0
0.0429127 0.0627915 0
0.0374522 0.0581943 0
0.043813 0.0544865 0
0.0438051 0.0544435 0
0.0374477 0.0581493 0
0.0408443 0.0497972 0
0.0503332 0.0720748 0
0.0447496 0.0690983 0
0.0490915 0.0609585 0
0.0379706 0.0679691 0
0.0374331 0.0582407 0
0.0428929 0.0628363 0
0.0335635 0.0645507 0
0.0341207 0.0563605 0
0.0373905 0.0582062 0
0.0552422 0.044746 0
0.0500104 0.0374813 0
0.0566777 0.0367105 0
0.0490891 0.0608246 0
0.0438768 0.0544421 0
0.0506669 0.0467337 0
0.0557688 0.0626008 0
0.0503712 0.072052 0
0.0491272 0.0609376 0
0.0609825 0.0536968 0
0.0558187 0.0625137 0
0.0532612 0.053273 0
0.0578232 0.0718551 0
0.0636148 0.0630622 0
0.0682091 0.0700789 0
0.0446644 0.0691394 0
0.0360508 0.0776341 0
0.0379713 0.0680552 0
0.0451083 0.0365499 0
0.0476857 0.0313452 0
0.0499472 0.0374354 0
0.0979993 0.000293028 0
0.089667 -0.00911808 0
0.0999639 -0.00980572 0
0.0785953 0.00424168 0
0.087555 0.000888448 0
0.0856401 0.0107127 0
0.0785783 0.00417838 0
0.0805979 -0.00837967 0
0.0875377 0.000823811 0
0.0654475 -0.00330655 0
0.0735354 -0.0123046 0
0.0715131 -0.000610154 0
0.0909899 -0.0198329 0
0.0895795 -0.00918022 0
0.0806463 -0.00849254 0
0.0793139 -0.0262494 0
0.0866598 -0.0355426 0
0.0887548 -0.0278042 0
0.101559 -0.0219995 0
0.0896496 -0.00922466 0
0.0910599 -0.0198792 0
0.125417 -0.00945387 0
0.11128 -0.00589319 0
0.113759 -0.0218847 0
0.0785063 0.00426501 0
0.0766041 0.0109015 0
0.0699507 0.00749762 0
0.089568 -0.00911125 0
0.0875749 0.000779183 0
0.0806347 -0.00842474 0
0.0856032 0.0107464 0
0.0766565 0.0109128 0
0.078559 0.00427514 0
0.0723579 0.0163064 0
0.069676 0.0229817 0
0.065745 0.0151237 0
0.0694541 0.0545527 0
0.0765561 0.0586997 0
0.068293 0.0700046 0
0.0903793 0.0719073 0
0.0807147 0.0827486 0
0.0809977 0.0678837 0
0.0446784 0.0691857 0
0.0416212 0.0819565 0
0.0360617 0.077681 0
0.0490659 0.0609273 0
0.0447253 0.0690674 0
0.042955 0.0628493 0
0.0503086 0.0721439 0
0.0416705 0.0819364 0
0.0447251 0.0691689 0
0.0535156 0.0960343 0
0.0500934 0.0894168 0
0.0598064 0.0821367 0
0.0654401 0.0907916 0
0.0535669 0.0960381 0
0.0598577 0.0821425 0
0.0573127 0.103168 0
0.0446855 0.108186 0
0.0534892 0.0961674 0
0.0411087 0.100522 0
0.0381162 0.0934247 0
0.0455422 0.0856924 0
0.0446201 0.108156 0
0.0411453 0.100584 0
0.0500035 0.0895179 0
0.0445507 0.108294 0
0.036682 0.119554 0
0.0337419 0.11203 0
0.0534647 0.0961215 0
0.0446624 0.10814 0
0.0500438 0.0895042 0
0.0485702 0.116467 0
0.0394743 0.130023 0
0.0367139 0.119641 0
0.0808981 0.0678647 0
0.0733275 0.0789751 0
0.0683186 0.070119 0
0.0552676 0.0448552 0
0.0609802 0.0536385 0
0.0532596 0.0532131 0
0.0668235 0.0456659 0
0.0693965 0.0544552 0
0.0610732 0.0536447 0
0.0668732 0.0456402 0
0.0760681 0.045699 0
0.0694473 0.0544278 0
0.0674458 0.0317685 0
0.0696981 0.0230633 0
0.0773582 0.0239228 0
0.0604092 0.0427715 0
0.0673805 0.0319048 0
0.0668145 0.0455539 0
0.0608901 0.0298006 0
0.0629531 0.0221887 0
0.067369 0.0317848 0
0.0567315 0.0366782 0
0.0608464 0.0298841 0
0.060355 0.042734 0
0.0552768 0.0447636 0
0.0567133 0.0367278 0
0.0603355 0.0427854 0
0.0610054 0.0536027 0
0.0552907 0.0448211 0
0.0603503 0.0428415 0
0.0507071 0.0466254 0
0.0499919 0.0375134 0
0.0552216 0.0447799 0
0.053477 0.0313735 0
0.0608219 0.029848 0
0.0567084 0.0366401 0
0.0629763 0.0221117 0
0.0657136 0.015143 0
0.0696442 0.0230015 0
0.0568342 0.0243157 0
0.0629171 0.0221649 0
0.0608551 0.029775 0
0.0583112 0.0190604 0
0.0598661 0.0140054 0
0.0656646 0.0151042 0
0.0568255 0.0242799 0
0.0582925 0.0191175 0
0.0629085 0.0221294 0
0.0567888 0.0242765 0
0.0518784 0.021217 0
0.0582548 0.0191151 0
0.0761019 0.0457416 0
0.0765827 0.0586185 0
0.0694794 0.0544718 0
0.0850891 0.0332937 0
0.0845065 0.0489243 0
0.0761794 0.0456392 0
0.108967 0.0242182 0
0.0949692 0.0356809 0
0.096471 0.0255818 0
0.104873 0.0406114 0
0.0940866 0.0523728 0
0.0949484 0.0358247 0
0.0939711 0.0525082 0
0.0810226 0.067704 0
0.0845527 0.0490621 0
0.0532261 0.0531896 0
0.0507175 0.0466788 0
0.0552331 0.0448317 0
0.0640686 0.00368417 0
0.0582934 0.00353023 0
0.0653716 -0.00323862 0
0.0714814 -0.000556756 0
0.0641127 0.00367101 0
0.065416 -0.00325373 0
0.0648302 0.00925837 0
0.0656871 0.0150704 0
0.0598877 0.013973 0
0.0640725 0.00373916 0
0.0648252 0.00919846 0
0.0599458 0.0075271 0
0.0698688 0.0075284 0
0.0657205 0.0150489 0
0.0648639 0.00923651 0
0.0648108 0.00923331 0
0.0598684 0.0139474 0
0.0599317 0.00756072 0
0.0855991 0.0108126 0
0.0774428 0.0238111 0
0.0766527 0.0109775 0
0.0629385 0.0220982 0
0.0583215 0.0190876 0
0.0656749 0.0151311 0
0.049013 0.0156423 0
0.0518179 0.021187 0
0.0476895 0.0191769 0
0.0411405 0.026223 0
0.0396158 0.0303162 0
0.0386917 0.0237553 0
0.0376076 0.0519536 0
0.0408238 0.0497881 0
0.0374276 0.0581419 0
0.0341344 0.0563173 0
0.0375857 0.051975 0
0.0374036 0.0581648 0
0.0376952 0.0461335 0
0.040823 0.0497492 0
0.0376086 0.0519132 0
0.0349527 0.0416768 0
0.0376644 0.0460951 0
0.0346057 0.0486515 0
0.0385233 0.0408474 0
0.0411319 0.0437669 0
0.0377 0.0460754 0
0.0499454 0.037471 0
0.0472082 0.0419727 0
0.0451068 0.0365862 0
0.0506985 0.046731 0
0.0532055 0.0532431 0
0.0491217 0.0608194 0
0.0396037 0.030321 0
0.0376149 0.0273502 0
0.0386803 0.0237578 0
0.0403693 0.037088 0
0.039624 0.0303863 0
0.0420784 0.0334179 0
0.0381363 0.0340773 0
0.0376137 0.0273851 0
0.0396012 0.0303559 0
0.0411414 0.0261891 0
0.0386912 0.0237218 0
0.0397121 0.0202776 0
0.0407316 0.016905 0
0.0426485 0.0221473 0
0.039723 0.0202428 0
0.0441226 0.0287463 0
0.042097 0.0333748 0
0.0411676 0.0262497 0
0.118861 0.151887 0
0.13674 0.134997 0
0.128482 0.159279 0
0.108042 0.178214 0
0.118766 0.152033 0
0.128385 0.159423 0
0.141168 0.113221 0
0.143541 0.0892472 0
0.160348 0.0953932 0
0.136904 0.13473 0
0.141128 0.11345 0
0.155175 0.117949 0
0.122032 0.13158 0
0.103828 0.128893 0
0.119064 0.113334 0
0.103487 0.150117 0
0.122031 0.131779 0
0.118729 0.151846 0
0.103438 0.150041 0
0.103776 0.129018 0
0.121979 0.131702 0
0.0411528 0.0262541 0
0.0420816 0.0333812 0
0.0396261 0.0303497 0
0.0426649 0.0222058 0
0.044125 0.0287085 0
0.0411687 0.0262126 0
0.0397251 0.0202735 0
0.0426493 0.0221788 0
0.0411548 0.026183 0
0.0439452 0.018096 0
0.0476536 0.0191945 0
0.0461856 0.0240349 0
0.0476657 0.0313167 0
0.0450902 0.0365196 0
0.044155 0.0287735 0
0.136717 0.134904 0
0.118841 0.151795 0
0.122142 0.131729 0
0.156268 0.00753502 0
0.159503 -0.0115346 0
0.180116 -0.0139325 0
0.172901 0.0289473 0
0.154229 0.0270535 0
0.176531 0.00762175 0
0.122143 0.0252298 0
0.123058 0.0060229 0
0.138456 0.00652629 0
0.104924 0.0405168 0
0.0949971 0.0357314 0
0.108996 0.0242675 0
0.103565 0.057964 0
0.104979 0.0406593 0
0.116778 0.0446614 0
0.0940186 0.0524013 0
0.084598 0.048956 0
0.0948802 0.0358521 0
0.138642 0.00635196 0
0.141182 -0.00940444 0
0.159312 -0.0115235 0
0.137521 0.0252039 0
0.138619 0.00653171 0
0.156054 0.0077261 0
0.12312 0.0059075 0
0.14106 -0.0093457 0
0.138521 0.00641038 0
0.0805444 -0.0083831 0
0.0785248 0.004173 0
0.0715801 -0.000572061 0
0.0960153 0.0104824 0
0.0856983 0.0107342 0
0.0876135 0.000908614 0
0.0979795 0.000394458 0
0.0960569 0.0104476 0
0.0876543 0.000873896 0
0.111143 -0.0058206 0
0.0980713 0.000304752 0
0.100036 -0.00979475 0
0.11117 -0.00575362 0
0.108039 0.0100749 0
0.0980977 0.000370933 0
0.0963992 0.0254992 0
0.0863691 0.0246973 0
0.0960472 0.0106114 0
0.076152 0.0457239 0
0.0844775 0.0490098 0
0.0766332 0.0585995 0
0.0674238 0.0318859 0
0.07319 0.0369162 0
0.0668575 0.0455335 0
0.0851519 0.0332614 0
0.0948496 0.035789 0
0.0845691 0.0488906 0
0.0732795 0.0369216 0
0.08505 0.0332549 0
0.0761423 0.0455983 0
0.0863332 0.0247724 0
0.0963619 0.0255756 0
0.0851622 0.0331473 0
0.0960107 0.0105628 0
0.0863336 0.0246471 0
0.0856941 0.0108132 0
0.0963912 0.0256119 0
0.0948899 0.035711 0
0.0851904 0.0331845 0
0.11684 0.044552 0
0.105039 0.040551 0
0.12201 0.0254722 0
0.0774735 0.0239323 0
0.0862699 0.0247669 0
0.0850994 0.0331411 0
0.0603902 0.0427171 0
0.060882 0.0298685 0
0.0673598 0.0318537 0
0.0724202 0.0162951 0
0.0766088 0.0109959 0
0.0773992 0.0238289 0
0.0697146 0.0230119 0
0.0723971 0.0163352 0
0.0773758 0.0238702 0
0.0732254 0.0368435 0
0.0674576 0.0318152 0
0.0773704 0.0239681 0
0.0850547 0.0331824 0
0.0732836 0.0368486 0
0.0774303 0.0239719 0
0.0760811 0.0456405 0
0.0668854 0.0455814 0
0.0732193 0.036962 0
0.0673987 0.0317614 0
0.0629822 0.0221667 0
0.0696499 0.0230574 0
0.0657455 0.0150728 0
0.069894 0.00755116 0
0.0723586 0.0162541 0
0.127807 -0.0287374 0
0.116353 -0.0328533 0
0.132563 -0.0468526 0
0.141205 0.113317 0
0.160389 0.0954888 0
0.155255 0.117818 0
0.119256 0.113139 0
0.143404 0.0893054 0
0.141029 0.113281 0
0.13017 0.0652329 0
0.127811 0.0842235 0
0.113371 0.0805343 0
0.13028 0.0651948 0
0.146312 0.0689369 0
0.127922 0.0841837 0
0.146481 0.068979 0
0.164917 0.072976 0
0.143575 0.089023 0
0.127965 0.0842645 0
0.146358 0.0690163 0
0.143451 0.0890619 0
0.130307 0.0649949 0
0.132808 0.0455446 0
0.149589 0.0481011 0
0.0439072 0.0180534 0
0.0407419 0.0168705 0
0.0417597 0.0135932 0
0.0461688 0.0240457 0
0.0426801 0.0221644 0
0.0439285 0.0181052 0
0.0426626 0.0221392 0
0.0407457 0.0168986 0
0.0439098 0.0180824 0
0.046207 0.0241024 0
0.0503119 0.0259778 0
0.0476907 0.0312648 0
0.0426815 0.0221996 0
0.046169 0.0240817 0
0.0441419 0.0287005 0
0.0476755 0.0192195 0
0.0503123 0.0259369 0
0.0462064 0.0240624 0
0.0417702 0.0135609 0
0.0428003 0.0102941 0
0.0451132 0.0145836 0
0.0567668 0.0243335 0
0.053443 0.0313183 0
0.0503662 0.0259792 0
0.109087 0.0242329 0
0.121983 0.0254048 0
0.105014 0.040482 0
0.0961198 0.0105628 0
0.107982 0.0102139 0
0.0964716 0.0254506 0
0.12296 0.00608194 0
0.122045 0.025289 0
0.109147 0.0241181 0
0.108115 0.0101937 0
0.122912 0.00603184 0
0.109101 0.0240669 0
0.0965142 0.0254969 0
0.108026 0.010259 0
0.109012 0.0241324 0
0.096125 0.0104794 0
0.0980478 0.000425179 0
0.107988 0.0101294 0
0.138691 0.00640905 0
0.159364 -0.0114663 0
0.156128 0.00760328 0
0.125549 -0.00937276 0
0.141016 -0.00939878 0
0.123078 0.00585454 0
0.134475 -0.0198355 0
0.127905 -0.0286408 0
0.143933 -0.0307555 0
0.151418 -0.0214386 0
0.134553 -0.0198115 0
0.144012 -0.0307311 0
0.125543 -0.00952186 0
0.127844 -0.0285688 0
0.134413 -0.0197642 0
0.149804 0.0479187 0
0.15414 0.0271885 0
0.172811 0.0290821 0
0.146516 0.0687672 0
0.149765 0.0481312 0
0.169012 0.0508626 0
0.132886 0.0454182 0
0.154005 0.0272429 0
0.149669 0.0479744 0
0.138505 0.00659054 0
0.137407 0.0252632 0
0.122191 0.0252949 0
0.149853 0.0479983 0
0.172862 0.0291606 0
0.169101 0.05073 0
0.156107 0.0077946 0
0.154043 0.027042 0
0.137572 0.0252731 0
0.156238 0.00773531 0
0.176475 0.0075509 0
0.154174 0.0269821 0
0.115986 0.06145 0
0.103601 0.0580349 0
0.116815 0.0447304 0
0.165004 0.0728484 0
0.146566 0.0688509 0
0.169065 0.050945 0
0.0428167 0.0102845 0
0.0466009 0.0106071 0
0.0451291 0.0145733 0
0.053412 0.0313426 0
0.0477136 0.0312905 0
0.0503365 0.0260015 0
0.0608225 0.0298068 0
0.053477 0.0313319 0
0.0568027 0.0243455 0
0.0499757 0.0374172 0
0.0477128 0.031329 0
0.0534105 0.0313806 0
0.0566714 0.0366663 0
0.0500045 0.0374357 0
0.0534415 0.0313979 0
0.04719 0.0420038 0
0.044469 0.0467684 0
0.0450901 0.0366158 0
0.0506804 0.0466163 0
0.0472266 0.0420066 0
0.0499653 0.0375036 0
0.0506604 0.0466484 0
0.0444857 0.0468034 0
0.0472083 0.0420376 0
0.0450712 0.0365275 0
0.0421091 0.0334105 0
0.0441366 0.0287796 0
0.0451537 0.0146203 0
0.0489904 0.0156213 0
0.0476675 0.019154 0
0.0417746 0.0135861 0
0.0451167 0.0146103 0
0.0439219 0.0180452 0
0.0466217 0.0106237 0
0.048987 0.0155918 0
0.0451497 0.0145923 0
0.0560893 0.0109875 0
0.0534517 0.0165771 0
0.0510512 0.0108428 0
0.0598248 0.014011 0
0.0582709 0.0190648 0
0.0534879 0.0166161 0
0.0448822 0.00354011 0
0.0477102 0.00704605 0
0.0438599 0.00692379 0
0.0560853 0.0109554 0
0.0510468 0.0108122 0
0.0521776 0.00719624 0
0.0582225 0.0035892 0
0.0561091 0.0109311 0
0.0522014 0.00717269 0
0.0598176 0.0139838 0
0.0534805 0.0165891 0
0.0561189 0.0109976 0
0.0534282 0.0165927 0
0.049029 0.0156002 0
0.0510273 0.0108581 0
0.132695 0.0455888 0
0.130195 0.0650407 0
0.116127 0.0614764 0
0.126795 0.0352661 0
0.132686 0.0454341 0
0.116948 0.0446018 0
0.122084 0.0254541 0
0.12676 0.035199 0
0.116913 0.0445338 0
0.137404 0.0254254 0
0.132756 0.0453689 0
0.126864 0.0352018 0
0.137495 0.0253987 0
0.153963 0.0271679 0
0.132846 0.0453416 0
0.0599239 0.00750805 0
0.0582755 0.003565 0
0.0640504 0.00372035 0
0.0698635 0.00748982 0
0.0648585 0.00919866 0
0.0641057 0.00373829 0
0.0561348 0.0109332 0
0.0582487 0.0035894 0
0.0598973 0.00753226 0
0.0466371 0.0105838 0
0.04774 0.00708269 0
0.0510004 0.0108098 0
0.0534193 0.00217388 0
0.0582138 0.00355934 0
0.0521922 0.00714401 0
0.0458919 -3.56662e-05 0
0.0505768 -0.0045866 0
0.0497817 -0.000830406 0
0.0543048 -0.00162021 0
0.0594223 -0.00242983 0
0.0534305 0.00212564 0
0.0498189 -0.000814265 0
0.0542726 -0.00161479 0
0.0533982 0.00212966 0
0.0498097 -0.000835796 0
0.0506044 -0.00459367 0
0.0542628 -0.00163812 0
0.0475664 -0.00755017 0
0.0513716 -0.00914804 0
0.0467896 -0.00373269 0
0.110961 -0.0718009 0
0.119041 -0.0606931 0
0.106641 -0.0566465 0
0.128152 -0.0931279 0
0.123435 -0.0773986 0
0.116006 -0.0861816 0
0.137553 -0.0830495 0
0.13453 -0.0619201 0
0.123527 -0.0772838 0
0.148718 -0.049202 0
0.134657 -0.0617755 0
0.15065 -0.0673956 0
0.132594 -0.0470004 0
0.118845 -0.0439318 0
0.134498 -0.0616891 0
0.148656 -0.0491346 0
0.132693 -0.0470178 0
0.134597 -0.0617063 0
0.148689 -0.0490312 0
0.143997 -0.030913 0
0.132724 -0.0469144 0
0.134451 -0.0617356 0
0.118801 -0.0439764 0
0.119161 -0.0606168 0
0.116239 -0.0328667 0
0.107367 -0.0358542 0
0.1187 -0.0437979 0
0.130351 0.0650739 0
0.149636 0.0481783 0
0.146386 0.068816 0
0.0534436 0.00214241 0
0.0594354 -0.00241224 0
0.0582382 0.00352675 0
0.046781 -0.00369376 0
0.0505668 -0.00459677 0
0.0458818 -4.44574e-05 0
0.055339 -0.0068587 0
0.0605342 -0.00855954 0
0.0594492 -0.00248391 0
0.0506229 -0.00461417 0
0.0552891 -0.0068416 0
0.0542811 -0.00165775 0
0.0558488 -0.0107925 0
0.0605218 -0.00858825 0
0.0553276 -0.00688568 0
0.0513817 -0.00913747 0
0.0505852 -0.0046278 0
0.0467997 -0.00372394 0
0.0481951 -0.01162 0
0.0519421 -0.0178865 0
0.051828 -0.0132098 0
0.051427 -0.009171 0
0.0558186 -0.0107943 0
0.0552966 -0.00688802 0
0.0481802 -0.0115853 0
0.0518135 -0.0131751 0
0.0475729 -0.0075888 0
0.055806 -0.0159577 0
0.0558202 -0.0108245 0
0.0514294 -0.00920004 0
0.111196 -0.00589482 0
0.100088 -0.00986887 0
0.113674 -0.0218856 0
0.122978 0.00586609 0
0.111311 -0.00580079 0
0.125449 -0.00936063 0
0.122919 0.0059315 0
0.108122 0.0100941 0
0.111253 -0.00573544 0
0.0699337 0.00745966 0
0.0715447 -0.000519493 0
0.0784891 0.00422617 0
0.0723951 0.0162403 0
0.0699305 0.00753684 0
0.0765835 0.0109418 0
0.0598397 0.0139526 0
0.0561406 0.0109676 0
0.0599025 0.00756701 0
0.0606809 -0.0212178 0
0.0611724 -0.0164056 0
0.0558542 -0.0160182 0
0.0657938 -0.0246836 0
0.0607109 -0.0212801 0
0.0602477 -0.0263212 0
0.0657978 -0.0246496 0
0.0612065 -0.0164334 0
0.060714 -0.021247 0
0.0719379 -0.027147 0
0.0658516 -0.0247216 0
0.0660913 -0.0320253 0
0.0670465 -0.018008 0
0.0612274 -0.0164231 0
0.0658192 -0.0246381 0
0.0670289 -0.0179536 0
0.0605794 -0.00864144 0
0.0612095 -0.0163694 0
0.0817992 -0.017853 0
0.0805624 -0.00849736 0
0.0736202 -0.0123815 0
0.0665789 -0.010433 0
0.0605973 -0.00862237 0
0.0670472 -0.0179329 0
0.0698858 0.00745713 0
0.0641277 0.00370632 0
0.0714966 -0.000520315 0
0.0594832 -0.00247145 0
0.0605674 -0.00854806 0
0.0653637 -0.00330151 0
0.0594282 -0.00246123 0
0.054311 -0.00165003 0
0.0553181 -0.00683499 0
0.0582779 0.00350999 0
0.0594755 -0.00243118 0
0.0653562 -0.00325946 0
0.0465968 0.0105807 0
0.042812 0.0102601 0
0.0438492 0.00695693 0
0.0488906 0.0028873 0
0.0533882 0.002172 0
0.052161 0.00714011 0
0.0477512 0.00704572 0
0.0488715 0.00290381 0
0.0521422 0.00715638 0
0.051019 0.0107983 0
0.0477586 0.00707129 0
0.0521497 0.00718383 0
0.0466132 0.0105698 0
0.043866 0.00694612 0
0.0477161 0.00707055 0
0.044893 0.00350412 0
0.0458692 2.66087e-06 0
0.0488411 0.00286816 0
0.0451367 0.0146281 0
0.0476504 0.0191627 0
0.0439411 0.0180651 0
0.0510044 0.0108391 0
0.0490064 0.015579 0
0.0466415 0.0106114 0
0.0534308 0.016628 0
0.0518372 0.0211781 0
0.0490322 0.0156341 0
0.0518221 0.021222 0
0.0503314 0.0259267 0
0.0476944 0.0192106 0
0.0582436 0.0190897 0
0.0518672 0.0211911 0
0.0534617 0.0166394 0
0.0567615 0.0243002 0
0.0503607 0.0259453 0
0.0518526 0.0212389 0
0.0461865 0.0241109 0
0.0476699 0.0312748 0
0.0441579 0.0287322 0
0.0488475 0.00289261 0
0.0477267 0.00703262 0
0.0448992 0.00352628 0
0.0822363 -0.0408694 0
0.0723709 -0.035528 0
0.0778463 -0.0457679 0
0.0738812 -0.0196353 0
0.0671096 -0.0180266 0
0.0719691 -0.027082 0
0.0792486 -0.0261626 0
0.0817955 -0.0179369 0
0.0739546 -0.0196322 0
0.0720091 -0.0271104 0
0.0792154 -0.026194 0
0.0739222 -0.0196622 0
0.0786268 -0.0331654 0
0.0822874 -0.040827 0
0.0866353 -0.03561 0
0.0723393 -0.0354393 0
0.0785443 -0.0331193 0
0.0720023 -0.0271858 0
0.086172 -0.0491719 0
0.0956198 -0.0527227 0
0.0910756 -0.0439385 0
0.0735476 -0.0123933 0
0.066645 -0.0104507 0
0.0738852 -0.0195598 0
0.0817765 -0.0178909 0
0.0735984 -0.012418 0
0.0739356 -0.019586 0
0.0720247 -0.0271559 0
0.0785679 -0.0330881 0
0.079231 -0.026239 0
0.0909636 -0.0198627 0
0.0806207 -0.00852124 0
0.0818573 -0.0178784 0
0.0805276 -0.00843921 0
0.0715636 -0.000626284 0
0.0735858 -0.0123233 0
0.0654313 -0.00333867 0
0.0666166 -0.0103968 0
0.073519 -0.0123383 0
0.0653876 -0.00332762 0
0.0605912 -0.00857512 0
0.0665733 -0.0103842 0
0.0658121 -0.0247189 0
0.0602654 -0.0263578 0
0.0660525 -0.032023 0
0.0558684 -0.0108242 0
0.0611724 -0.0163449 0
0.0605414 -0.00861913 0
0.055853 -0.0108479 0
0.0558379 -0.0159831 0
0.0611563 -0.0163708 0
0.0910829 -0.0199659 0
0.0964469 -0.0352437 0
0.101582 -0.022087 0
0.111006 -0.0719562 0
0.115949 -0.08611 0
0.123376 -0.0773281 0
0.100034 -0.0669131 0
0.105048 -0.0795955 0
0.110891 -0.0718995 0
0.095668 -0.0528321 0
0.0914914 -0.0593062 0
0.0999376 -0.0667811 0
0.0645166 -0.0718016 0
0.0690792 -0.0642895 0
0.063189 -0.0601952 0
0.0721657 -0.133896 0
0.0581895 -0.128903 0
0.0613242 -0.142496 0
0.0824168 -0.0750116 0
0.0866895 -0.067914 0
0.0791552 -0.0626917 0
0.072209 -0.0777378 0
0.0758829 -0.0687519 0
0.0691472 -0.0643386 0
0.0703341 -0.0905672 0
0.0721825 -0.0778742 0
0.0667056 -0.0833745 0
0.070383 -0.0906319 0
0.0758988 -0.0966138 0
0.0777422 -0.0840493 0
0.0820848 -0.103219 0
0.0772559 -0.120037 0
0.0890063 -0.113169 0
0.0636206 -0.0976564 0
0.0717317 -0.108963 0
0.0703228 -0.0907187 0
0.0652136 -0.118783 0
0.0771402 -0.120077 0
0.0717604 -0.109131 0
0.0983658 -0.089098 0
0.10499 -0.0796757 0
0.0953954 -0.0736583 0
0.0915662 -0.0989957 0
0.0983014 -0.0891911 0
0.0897567 -0.0819923 0
0.0821154 -0.103073 0
0.0914916 -0.0990719 0
0.0839903 -0.0906611 0
0.0891306 -0.113117 0
0.104908 -0.108914 0
0.0915851 -0.0991667 0
0.107033 -0.0947359 0
0.115874 -0.0861947 0
0.105087 -0.0797367 0
0.104992 -0.10882 0
0.106974 -0.094844 0
0.098404 -0.0892675 0
0.105063 -0.108869 0
0.119782 -0.104064 0
0.107046 -0.0948938 0
0.119069 -0.060564 0
0.118709 -0.0439244 0
0.107053 -0.0461237 0
0.107014 -0.0460407 0
0.118669 -0.0438425 0
0.107336 -0.0358979 0
0.0965183 -0.0353786 0
0.10694 -0.046012 0
0.107262 -0.0358697 0
0.106627 -0.0565606 0
0.119028 -0.0606075 0
0.107013 -0.0461655 0
0.051931 -0.0178961 0
0.0481846 -0.0116275 0
0.0485726 -0.0158038 0
0.0518517 -0.0131954 0
0.0557926 -0.0159663 0
0.0514163 -0.00920734 0
0.0475835 -0.00758188 0
0.0518244 -0.0131664 0
0.0513884 -0.00918031 0
0.0519673 -0.0179159 0
0.0558832 -0.0200766 0
0.0518542 -0.0132372 0
0.051867 -0.0132316 0
0.0558964 -0.0200695 0
0.0558075 -0.0160033 0
0.0520589 -0.0229093 0
0.0519438 -0.017934 0
0.0485858 -0.015842 0
0.0520831 -0.0229436 0
0.0560152 -0.0258022 0
0.0519693 -0.0179666 0
0.0560554 -0.0258206 0
0.0601994 -0.0263215 0
0.055925 -0.0201463 0
0.0597696 -0.0314427 0
0.0602124 -0.0263591 0
0.0560682 -0.0258592 0
0.0634857 -0.042416 0
0.0635068 -0.0351405 0
0.0592897 -0.036905 0
0.0634978 -0.0350689 0
0.060238 -0.0263893 0
0.0597944 -0.0314738 0
0.0635316 -0.0424603 0
0.0691028 -0.0462162 0
0.0676213 -0.0389658 0
0.0613488 -0.0487676 0
0.0634784 -0.0424617 0
0.0592836 -0.03695 0
0.0613718 -0.0488228 0
0.0664718 -0.0530707 0
0.0635031 -0.0425153 0
0.0722977 -0.0354359 0
0.0719601 -0.0271821 0
0.0661124 -0.0320621 0
0.0658547 -0.0246749 0
0.071942 -0.0270995 0
0.0670829 -0.0180428 0
0.0724746 -0.0423156 0
0.0743781 -0.053597 0
0.0778203 -0.0458333 0
0.0635349 -0.0351475 0
0.0635136 -0.0424224 0
0.0676022 -0.0389291 0
0.0660697 -0.0320996 0
0.0635431 -0.0351133 0
0.0676112 -0.0388944 0
0.0597912 -0.0315089 0
0.0592777 -0.0368678 0
0.063494 -0.0351045 0
0.0665336 -0.0530989 0
0.0743278 -0.053636 0
0.0691355 -0.0463004 0
0.0724456 -0.0423167 0
0.069155 -0.0462646 0
0.0743487 -0.0535992 0
0.072339 -0.0355319 0
0.0724674 -0.0422553 0
0.0778134 -0.045773 0
0.0676511 -0.0389656 0
0.0691329 -0.0462151 0
0.0724225 -0.0422684 0
0.0660988 -0.0321012 0
0.0676404 -0.0388953 0
0.0722827 -0.0354757 0
0.0660446 -0.0320581 0
0.0602587 -0.0263918 0
0.0635189 -0.0350706 0
0.123506 -0.0773891 0
0.128224 -0.0931171 0
0.137531 -0.0831547 0
0.0999821 -0.0669182 0
0.0954004 -0.073584 0
0.104995 -0.0796017 0
0.106577 -0.0566663 0
0.100038 -0.0668357 0
0.110897 -0.0718223 0
0.106526 -0.0566033 0
0.0957179 -0.0528236 0
0.0999883 -0.0667712 0
0.0722415 -0.133789 0
0.0771427 -0.120159 0
0.0652141 -0.118867 0
0.0613897 -0.1614 0
0.0756985 -0.163713 0
0.0739125 -0.148468 0
0.0828682 -0.136196 0
0.0941986 -0.138813 0
0.091586 -0.12571 0
0.073972 -0.148285 0
0.0827363 -0.136256 0
0.0722893 -0.133941 0
0.0613771 -0.142561 0
0.0738996 -0.148306 0
0.0722185 -0.133962 0
0.0757866 -0.16369 0
0.0875424 -0.154642 0
0.0739989 -0.148446 0
0.0876338 -0.154519 0
0.0941859 -0.138909 0
0.0828544 -0.136294 0
0.101669 -0.0220091 0
0.113641 -0.0219403 0
0.100056 -0.00992236 0
0.0552791 -0.00686765 0
0.0506136 -0.00463814 0
0.0514095 -0.00914957 0
0.0488829 0.00286182 0
0.0498008 -0.000798885 0
0.0533801 0.00214455 0
0.0488574 0.00285387 0
0.0458858 -1.24615e-05 0
0.0497759 -0.000805544 0
0.0559253 -0.0200973 0
0.0606629 -0.0212308 0
0.0558371 -0.0160298 0
0.101702 -0.0221312 0
0.10731 -0.0357808 0
0.116181 -0.0327942 0
0.0896791 -0.00919159 0
0.101589 -0.0219654 0
0.099976 -0.00988017 0
0.0979575 0.000328489 0
0.0876331 0.000809104 0
0.089626 -0.00908217 0
0.0738632 -0.0195791 0
0.0666236 -0.0104688 0
0.0670914 -0.017971 0
0.0910325 -0.043854 0
0.0866775 -0.0356454 0
0.0823284 -0.0408633 0
0.0985802 -0.0450064 0
0.0911171 -0.0439248 0
0.095662 -0.0527081 0
0.106521 -0.0565308 0
0.0986322 -0.0450483 0
0.095713 -0.0527509 0
0.106911 -0.046043 0
0.0964901 -0.0354084 0
0.0986359 -0.0449555 0
0.0963966 -0.0353703 0
0.0867242 -0.0356274 0
0.0910799 -0.043835 0
0.101636 -0.0221393 0
0.0965005 -0.0352981 0
0.107244 -0.0357894 0
0.0888126 -0.0278342 0
0.0867165 -0.0355736 0
0.096389 -0.0353168 0
0.0910405 -0.0199846 0
0.088827 -0.027782 0
0.0964043 -0.0352632 0
0.0909912 -0.0199277 0
0.0818847 -0.0179427 0
0.0887784 -0.0277235 0
0.156324 0.00759855 0
0.180174 -0.0138689 0
0.176563 0.00741422 0
0.137368 0.0253591 0
0.126828 0.0351347 0
0.122152 0.0253906 0
0.166607 -0.053975 0
0.150823 -0.0674549 0
0.16873 -0.0747573 0
0.183856 -0.0358486 0
0.166779 -0.0538127 0
0.187347 -0.0577417 0
0.148825 -0.0491762 0
0.150757 -0.0673682 0
0.166539 -0.0538902 0
0.143926 -0.0308457 0
0.127899 -0.0287307 0
0.132656 -0.0468454 0
0.162514 -0.0331601 0
0.144097 -0.0308676 0
0.148789 -0.0489841 0
0.166579 -0.0537756 0
0.162591 -0.0332361 0
0.148864 -0.0490618 0
0.183817 -0.0356347 0
0.18022 -0.0141478 0
0.162753 -0.0330592 0
0.141055 -0.00948471 0
0.125587 -0.00945842 0
0.134457 -0.0197002 0
0.116203 -0.0327476 0
0.113696 -0.0220171 0
0.101723 -0.0220859 0
0.132532 -0.0469042 0
0.116323 -0.0329036 0
0.118785 -0.0438351 0
0.127743 -0.0286549 0
0.113783 -0.022039 0
0.116291 -0.0327699 0
0.151408 -0.0213674 0
0.141142 -0.00952451 0
0.134544 -0.0197404 0
0.125474 -0.00952944 0
0.113813 -0.0219613 0
0.127775 -0.0285762 0
0.0517023 -0.027298 0
0.0486961 -0.0202395 0
0.0485033 -0.0247393 0
0.0558971 -0.0201187 0
0.0519817 -0.0179581 0
0.0560285 -0.0257918 0
0.0485755 -0.0158483 0
0.0486967 -0.0201958 0
0.0520476 -0.0229178 0
0.0517315 -0.0273678 0
0.051066 -0.0317478 0
0.0547766 -0.0342199 0
0.0520813 -0.0229887 0
0.0517369 -0.0273248 0
0.0555453 -0.0300209 0
0.0520579 -0.0229563 0
0.0487073 -0.0202348 0
0.0517147 -0.0272913 0
0.151512 -0.0214829 0
0.144105 -0.0307758 0
0.162523 -0.0330684 0
0.159429 -0.0116947 0
0.151564 -0.0214188 0
0.162576 -0.0330037 0
0.159356 -0.0116164 0
0.141225 -0.00949732 0
0.151492 -0.0213399 0
0.180138 -0.0140678 0
0.159524 -0.0116702 0
0.162672 -0.0329784 0
0.0475309 -0.159326 0
0.0611994 -0.142634 0
0.044754 -0.145007 0
0.0613413 -0.16133 0
0.0738642 -0.148397 0
0.0613398 -0.142654 0
0.0916158 -0.0990865 0
0.104939 -0.108835 0
0.0983531 -0.0892809 0
0.0821316 -0.103149 0
0.0890543 -0.113099 0
0.0915094 -0.0991466 0
0.0759582 -0.0966773 0
0.082063 -0.103066 0
0.0839387 -0.0906523 0
0.0777871 -0.08405 0
0.0759447 -0.096613 0
0.0839236 -0.090589 0
0.0703631 -0.0907162 0
0.0717741 -0.108959 0
0.0758788 -0.0966974 0
0.0718165 -0.109079 0
0.0771976 -0.120025 0
0.0820277 -0.103204 0
0.0772014 -0.120218 0
0.0723008 -0.133846 0
0.0827463 -0.136162 0
0.0582032 -0.128823 0
0.0721773 -0.133818 0
0.0651513 -0.118896 0
0.103049 -0.126828 0
0.119071 -0.122991 0
0.105047 -0.10904 0
0.0891674 -0.113211 0
0.102948 -0.126796 0
0.104947 -0.109006 0
0.108893 -0.141541 0
0.124617 -0.160009 0
0.127908 -0.140364 0
0.0943233 -0.138834 0
0.108709 -0.141425 0
0.102979 -0.12699 0
0.0942425 -0.138972 0
0.0876901 -0.154581 0
0.0996454 -0.155021 0
0.0772647 -0.120191 0
0.0828114 -0.136134 0
0.0915285 -0.125648 0
0.0996328 -0.15512 0
0.0876763 -0.154682 0
0.0903284 -0.168851 0
0.108749 -0.141629 0
0.0997647 -0.155087 0
0.108745 -0.171741 0
0.108698 -0.141518 0
0.0943119 -0.138929 0
0.0997164 -0.154977 0
0.0791213 -0.18001 0
0.0930439 -0.183774 0
0.0902778 -0.169032 0
0.0659687 -0.176576 0
0.0789817 -0.17997 0
0.0757312 -0.163869 0
0.0723214 -0.191472 0
0.0929845 -0.183848 0
0.0790608 -0.180086 0
0.104876 -0.193909 0
0.0931378 -0.18396 0
0.092552 -0.210158 0
0.119819 -0.103989 0
0.115924 -0.0862755 0
0.107082 -0.0948179 0
0.0984039 -0.0891693 0
0.106975 -0.0947465 0
0.105029 -0.0797459 0
0.0510325 -0.0317233 0
0.0484993 -0.0247843 0
0.0479487 -0.0294087 0
0.0469932 -0.034173 0
0.0497331 -0.0374596 0
0.0479403 -0.029459 0
0.0547923 -0.0342136 0
0.0555544 -0.0300584 0
0.051746 -0.0273629 0
0.0724334 -0.0422324 0
0.0723045 -0.0355091 0
0.0676612 -0.0389298 0
0.0791162 -0.0625756 0
0.0829585 -0.0546678 0
0.0744163 -0.0536958 0
0.082239 -0.0408271 0
0.0785789 -0.0331648 0
0.0723728 -0.0354861 0
0.0860836 -0.0491386 0
0.0822831 -0.0409145 0
0.0778917 -0.0458142 0
0.086128 -0.0491317 0
0.0910304 -0.0438993 0
0.0823269 -0.0409086 0
0.0830412 -0.0547044 0
0.0867333 -0.067834 0
0.091405 -0.0593157 0
0.0759244 -0.0686651 0
0.0790926 -0.0626228 0
0.0743941 -0.0537418 0
0.0759502 -0.0687376 0
0.0823803 -0.075015 0
0.0791197 -0.0626939 0
0.0792976 -0.0261904 0
0.0887386 -0.027745 0
0.0818457 -0.0179633 0
0.0786166 -0.0331165 0
0.0866253 -0.035561 0
0.0792806 -0.0262666 0
0.0986695 -0.0450265 0
0.106559 -0.0565079 0
0.106945 -0.0461135 0
0.0914908 -0.0593754 0
0.0953559 -0.0735154 0
0.0999363 -0.0668507 0
0.0830007 -0.0547147 0
0.079157 -0.0626232 0
0.0866917 -0.0678459 0
0.0778942 -0.0458603 0
0.0829939 -0.0545969 0
0.0860859 -0.0491845 0
0.0778557 -0.0458743 0
0.0744122 -0.0536391 0
0.0829541 -0.0546122 0
0.0824036 -0.075158 0
0.0778085 -0.0839778 0
0.0839456 -0.0905172 0
0.0867257 -0.0679777 0
0.0824516 -0.0750763 0
0.0896873 -0.0818414 0
0.0759461 -0.0688087 0
0.0777825 -0.0839044 0
0.0823759 -0.0750858 0
0.0911193 -0.0438666 0
0.0985829 -0.0449482 0
0.0964371 -0.0354009 0
0.0510457 -0.0317157 0
0.05171 -0.0273364 0
0.048511 -0.0247786 0
0.0555602 -0.0300153 0
0.0560271 -0.0258428 0
0.0520952 -0.0229845 0
0.0592343 -0.036861 0
0.05558 -0.03009 0
0.0548168 -0.0342458 0
0.0592516 -0.0368511 0
0.0597644 -0.0314921 0
0.055596 -0.0300814 0
0.0602154 -0.0263056 0
0.0606776 -0.0212649 0
0.05594 -0.020132 0
0.0530432 -0.0410272 0
0.0568525 -0.0447583 0
0.0548018 -0.0343074 0
0.0497635 -0.0374897 0
0.053007 -0.0409952 0
0.0510547 -0.0318034 0
0.0456054 -0.0389809 0
0.0482921 -0.0419917 0
0.0469813 -0.0342198 0
0.0456032 -0.0390229 0
0.0464744 -0.046463 0
0.0482905 -0.0420324 0
0.0476653 -0.0536591 0
0.0454434 -0.0579542 0
0.0501812 -0.0590834 0
0.0497018 -0.0495415 0
0.0476796 -0.0536309 0
0.0501961 -0.0590555 0
0.0496885 -0.0494995 0
0.0464849 -0.0465373 0
0.0476674 -0.0535889 0
0.0515367 -0.0453566 0
0.0497249 -0.0494927 0
0.0535072 -0.0527263 0
0.0568432 -0.044833 0
0.0515597 -0.0453409 0
0.0535322 -0.0527094 0
0.0530083 -0.0410403 0
0.0497649 -0.0375358 0
0.0515352 -0.0452774 0
0.0445159 -0.0505855 0
0.0437387 -0.0438338 0
0.0414348 -0.0485396 0
0.0515188 -0.0453208 0
0.0483207 -0.0420642 0
0.049708 -0.049457 0
0.0455892 -0.0390279 0
0.0437587 -0.043788 0
0.0464585 -0.0464693 0
0.0568949 -0.0447925 0
0.061326 -0.0487763 0
0.0592621 -0.0369565 0
0.0479528 -0.029452 0
0.0497474 -0.0374506 0
0.0510369 -0.0317652 0
0.0501783 -0.0591234 0
0.0454389 -0.0579956 0
0.0464785 -0.0658325 0
0.047722 -0.074379 0
0.0514247 -0.0680906 0
0.0464892 -0.0659177 0
0.0535033 -0.0527714 0
0.0497206 -0.049539 0
0.0502166 -0.0590517 0
0.056866 -0.0448696 0
0.0535533 -0.052746 0
0.0579777 -0.0562591 0
0.0483067 -0.0419862 0
0.0497342 -0.0375014 0
0.0469941 -0.0342159 0
0.0496904 -0.0494613 0
0.0483046 -0.0420675 0
0.0464874 -0.046498 0
0.0515188 -0.0452812 0
0.0497499 -0.0375384 0
0.0483211 -0.0420235 0
0.0555853 -0.0300441 0
0.0597535 -0.0314557 0
0.0560532 -0.025871 0
0.111016 -0.0718708 0
0.123387 -0.0772429 0
0.119098 -0.0607614 0
0.091403 -0.0592537 0
0.0861318 -0.049229 0
0.0830388 -0.0546422 0
0.0953113 -0.0735194 0
0.091447 -0.0593782 0
0.0867737 -0.0678978 0
0.0956209 -0.0527739 0
0.0861735 -0.0492233 0
0.0914456 -0.0592469 0
0.1051 -0.0796603 0
0.115887 -0.0861185 0
0.110945 -0.0719634 0
0.0897309 -0.0818357 0
0.0953053 -0.0735947 0
0.0867682 -0.0679734 0
0.0915177 -0.0990012 0
0.0897094 -0.0819962 0
0.0840155 -0.0905902 0
0.0983143 -0.0891063 0
0.0953449 -0.073665 0
0.0897689 -0.0819072 0
0.140315 -0.103199 0
0.153629 -0.0894398 0
0.137673 -0.0832285 0
0.17526 -0.117563 0
0.172123 -0.0963229 0
0.157118 -0.109779 0
0.123466 -0.077208 0
0.134467 -0.0618464 0
0.119176 -0.0607286 0
0.14023 -0.103213 0
0.137588 -0.0832405 0
0.12828 -0.0932043 0
0.153665 -0.0893202 0
0.150678 -0.0675998 0
0.137706 -0.0831088 0
0.187296 -0.0578717 0
0.166729 -0.0539434 0
0.168853 -0.0747237 0
0.166698 -0.0537297 0
0.183772 -0.0357669 0
0.162708 -0.033192 0
0.0502255 -0.0591454 0
0.0514612 -0.068027 0
0.0548363 -0.062038 0
0.168759 -0.0749707 0
0.153839 -0.0893883 0
0.17209 -0.0961129 0
0.187378 -0.0579597 0
0.168931 -0.0748132 0
0.190594 -0.0803756 0
0.150781 -0.0675732 0
0.15377 -0.0892915 0
0.168686 -0.0748759 0
0.0464684 -0.0465407 0
0.044546 -0.0506113 0
0.0476494 -0.0535929 0
0.0635284 -0.0425075 0
0.0664983 -0.0530613 0
0.069099 -0.0462632 0
0.0510707 -0.0317936 0
0.0530247 -0.0409832 0
0.0547813 -0.0342646 0
0.0514324 -0.0680401 0
0.0501987 -0.0591577 0
0.0464984 -0.0658657 0
0.0543137 -0.0784407 0
0.0514509 -0.0681331 0
0.047748 -0.0744206 0
0.0593653 -0.0734796 0
0.0644836 -0.0718329 0
0.0631583 -0.0602246 0
0.0543533 -0.0784375 0
0.0592905 -0.0735291 0
0.0514882 -0.0681304 0
0.0543787 -0.078508 0
0.0591124 -0.0891444 0
0.0593176 -0.0735996 0
0.0613434 -0.0488915 0
0.0580246 -0.0562966 0
0.0631415 -0.0600917 0
0.0568404 -0.0447953 0
0.0530321 -0.0410647 0
0.0515583 -0.0453013 0
0.0420404 -0.0551947 0
0.0445107 -0.0506231 0
0.0414281 -0.0485787 0
0.110884 -0.244131 0
0.131967 -0.243216 0
0.125425 -0.214015 0
0.168881 -0.0749417 0
0.172214 -0.0960818 0
0.190542 -0.0805032 0
0.0398037 -0.0666432 0
0.0390958 -0.0597246 0
0.0353329 -0.0644411 0
0.0245777 -0.0977994 0
0.0239151 -0.089149 0
0.0187459 -0.100939 0
0.0374441 -0.0978975 0
0.0301987 -0.0948018 0
0.0303627 -0.104953 0
0.0353162 -0.0644865 0
0.0343721 -0.0730706 0
0.0397892 -0.0666871 0
0.0353079 -0.0576964 0
0.0353177 -0.0644117 0
0.039081 -0.0596938 0
0.0309688 -0.0690776 0
0.0343411 -0.0730789 0
0.0352875 -0.0644948 0
0.0239517 -0.0890395 0
0.0291199 -0.0854114 0
0.0249749 -0.0807079 0
0.0340224 -0.081841 0
0.034336 -0.0731632 0
0.0305289 -0.0768987 0
0.0374636 -0.0978428 0
0.0365361 -0.0885058 0
0.0302207 -0.0947461 0
0.0428321 -0.0624163 0
0.0464527 -0.0658441 0
0.045415 -0.0580067 0
0.0420472 -0.0552657 0
0.0428174 -0.0623812 0
0.0453999 -0.0579709 0
0.0398348 -0.066685 0
0.040793 -0.0741387 0
0.0427954 -0.0624734 0
0.0340584 -0.0818315 0
0.0407468 -0.0742233 0
0.03437 -0.0731536 0
0.0420531 -0.0822808 0
0.0476725 -0.0744531 0
0.0408163 -0.07423 0
0.0365641 -0.0884108 0
0.0419939 -0.0823523 0
0.0340689 -0.0819093 0
0.0302093 -0.0946936 0
0.0365246 -0.0884523 0
0.0340292 -0.0819519 0
0.037509 -0.0978309 0
0.0435573 -0.0911301 0
0.0365801 -0.0884935 0
0.0436143 -0.0910628 0
0.0491474 -0.0836753 0
0.0420664 -0.082368 0
0.0398073 -0.0667203 0
0.0343907 -0.0731021 0
0.0407644 -0.0741734 0
0.0464387 -0.0658971 0
0.0428168 -0.0624709 0
0.0408168 -0.074135 0
0.039091 -0.0596568 0
0.0385919 -0.0532284 0
0.0353201 -0.057658 0
0.0427889 -0.0624246 0
0.0391199 -0.0597179 0
0.0398292 -0.0666366 0
0.042013 -0.0552399 0
0.0386132 -0.0532206 0
0.0391141 -0.0596489 0
0.0352782 -0.0644566 0
0.0315192 -0.0619511 0
0.0309593 -0.0690407 0
0.105337 -0.22901 0
0.110794 -0.244086 0
0.125336 -0.213963 0
0.108504 -0.211937 0
0.105329 -0.228902 0
0.125327 -0.213851 0
0.123058 -0.195666 0
0.105029 -0.193954 0
0.108496 -0.211759 0
0.142929 -0.197809 0
0.123241 -0.195687 0
0.125503 -0.213694 0
0.142991 -0.197613 0
0.142953 -0.172213 0
0.124179 -0.177641 0
0.0925192 -0.210421 0
0.0833657 -0.227278 0
0.105135 -0.228942 0
0.104927 -0.194003 0
0.0926025 -0.210249 0
0.108393 -0.211808 0
0.0775609 -0.209126 0
0.0832732 -0.227215 0
0.0924272 -0.210352 0
0.0833553 -0.227399 0
0.0896222 -0.245801 0
0.105126 -0.229059 0
0.0260965 -0.0729922 0
0.0249876 -0.0806258 0
0.0304717 -0.0768937 0
0.0309252 -0.0691191 0
0.0261174 -0.0729531 0
0.0304905 -0.0768556 0
0.0343257 -0.07312 0
0.0309517 -0.0691196 0
0.0305186 -0.0768565 0
0.0314934 -0.061956 0
0.0272835 -0.0658916 0
0.0309317 -0.0690453 0
0.0272373 -0.0659307 0
0.0225887 -0.0695452 0
0.0260779 -0.0729184 0
0.0894985 -0.245864 0
0.0832332 -0.227466 0
0.0683225 -0.24845 0
0.010846 -0.167996 0
0.00416631 -0.158711 0
0.000319789 -0.176142 0
0.0289789 -0.165506 0
0.0207958 -0.160168 0
0.0209774 -0.176258 0
0.036382 -0.155113 0
0.0325368 -0.142272 0
0.0237135 -0.145331 0
0.0112512 -0.115198 0
0.0180718 -0.110892 0
0.012235 -0.104965 0
0.00280912 -0.131486 0
0.0111732 -0.115316 0
0.00401731 -0.119641 0
0.017697 -0.121735 0
0.0180897 -0.110948 0
0.0112701 -0.115253 0
0.0281531 -0.130823 0
0.0177399 -0.121869 0
0.0139475 -0.135431 0
0.0271793 -0.118714 0
0.0181426 -0.110959 0
0.0177512 -0.121747 0
0.0402498 -0.119414 0
0.0272882 -0.118772 0
0.0282723 -0.13076 0
0.0302897 -0.105076 0
0.0181871 -0.110903 0
0.0272204 -0.118658 0
-0.00477445 -0.145726 0
-0.0133184 -0.134836 0
-0.0153253 -0.147907 0
0.017657 -0.121872 0
0.00286729 -0.13156 0
0.0138617 -0.135434 0
-0.0123574 -0.103762 0
-0.00143383 -0.101575 0
-0.00460505 -0.0945034 0
-0.0275072 -0.124675 0
-0.0143828 -0.113144 0
-0.0245571 -0.114265 0
-0.00395638 -0.111297 0
-0.0160348 -0.123502 0
-0.00644591 -0.121927 0
0.0176485 -0.121804 0
0.0112184 -0.115323 0
0.00285754 -0.131493 0
0.0122494 -0.104863 0
0.0186738 -0.10098 0
0.014773 -0.0945971 0
0.00402596 -0.119565 0
0.0111819 -0.115239 0
0.00538534 -0.10892 0
0.0180958 -0.110844 0
0.0186847 -0.101035 0
0.012261 -0.104917 0
0.0374722 -0.097943 0
0.0303919 -0.104998 0
0.0387077 -0.108128 0
0.0482774 -0.0972928 0
0.0375321 -0.0979163 0
0.0387691 -0.108102 0
0.0435714 -0.0910787 0
0.042025 -0.0823842 0
0.0365964 -0.0884411 0
0.0174559 -0.0728647 0
0.0155869 -0.0800895 0
0.0213958 -0.0763519 0
0.0174252 -0.0728628 0
0.0119872 -0.0757081 0
0.0155547 -0.0800869 0
0.0462558 -0.251942 0
0.063098 -0.229219 0
0.0426867 -0.231317 0
0.0304818 -0.0769359 0
0.0249979 -0.0806668 0
0.0291411 -0.0853711 0
0.0225401 -0.0695802 0
0.0174807 -0.072829 0
0.021418 -0.0763168 0
0.021405 -0.0763892 0
0.0155972 -0.0801255 0
0.0203712 -0.0837792 0
0.0249382 -0.0806599 0
0.0214354 -0.0763908 0
0.0204029 -0.0837814 0
0.0260593 -0.072953 0
0.0225679 -0.0695805 0
0.0214472 -0.0763177 0
0.0425546 -0.231409 0
0.0233753 -0.256396 0
0.0461224 -0.252032 0
0.0681104 -0.248479 0
0.0631821 -0.22928 0
0.046342 -0.251995 0
0.0403111 -0.210471 0
0.0207336 -0.21426 0
0.0227096 -0.234254 0
-0.00232129 -0.0868594 0
-6.96727e-05 -0.0801431 0
-0.00842355 -0.0881117 0
0.0204114 -0.0838234 0
0.0239217 -0.089034 0
0.0249464 -0.0807028 0
0.0260669 -0.0729907 0
0.0214554 -0.0763543 0
0.0249564 -0.080624 0
0.0155286 -0.0866128 0
0.01479 -0.0944793 0
0.0203498 -0.0838621 0
0.0148139 -0.0945438 0
0.0187124 -0.100928 0
0.0238843 -0.0891377 0
0.00850739 -0.0905777 0
0.00690741 -0.0991719 0
0.0147231 -0.0945427 0
0.0155428 -0.0801566 0
0.010231 -0.0827439 0
0.0154971 -0.0865606 0
0.00117943 -0.0929451 0
0.00686127 -0.099166 0
0.00846239 -0.0905728 0
0.0069204 -0.0992193 0
0.0122095 -0.104857 0
0.0147347 -0.0945914 0
-0.00398105 -0.111267 0
-0.0142764 -0.113129 0
-0.0160624 -0.123472 0
0.00541383 -0.108871 0
0.0112083 -0.11519 0
0.0121931 -0.104958 0
0.0181786 -0.110834 0
0.0302808 -0.105006 0
0.0245972 -0.0978856 0
0.0225733 -0.234344 0
0.0205973 -0.214349 0
-0.000465145 -0.237141 0
0.0424774 -0.231346 0
0.0227256 -0.234466 0
0.0232956 -0.256341 0
0.0425323 -0.231195 0
0.0403825 -0.21053 0
0.0227844 -0.234309 0
0.00614966 -0.0781399 0
0.0101867 -0.0827011 0
0.011931 -0.0757351 0
-2.02217e-05 -0.0801093 0
-0.00227279 -0.0868266 0
0.00606821 -0.0781697 0
0.00117105 -0.0928982 0
0.00845512 -0.0905246 0
0.00454716 -0.0849669 0
-0.00225633 -0.0868426 0
0.00452854 -0.0849057 0
0.00608196 -0.0781858 0
-0.0125983 -0.0959258 0
-0.00462818 -0.0944319 0
-0.00847434 -0.0881888 0
0.00113421 -0.0928856 0
0.00451196 -0.0849552 0
-0.0022734 -0.0868909 0
-0.00456274 -0.0944181 0
0.00110461 -0.0929172 0
-0.00230512 -0.0869227 0
-0.0123967 -0.103743 0
-0.0046416 -0.094485 0
-0.0126113 -0.0959777 0
-0.021582 -0.104845 0
-0.0124525 -0.103778 0
-0.0126692 -0.0960129 0
-0.0081802 -0.107351 0
-0.0039136 -0.111174 0
-0.00141912 -0.101644 0
-0.0142795 -0.113051 0
-0.0082518 -0.107364 0
-0.0124142 -0.103843 0
-0.0142495 -0.113075 0
-0.00395506 -0.111213 0
-0.00822344 -0.107389 0
-0.00139059 -0.101539 0
0.00110722 -0.0929668 0
-0.0045593 -0.0944668 0
0.00688766 -0.0992672 0
0.00539874 -0.108818 0
0.0121791 -0.104904 0
0.0154893 -0.0866352 0
0.00853751 -0.0905355 0
0.0147505 -0.0945008 0
-0.0013365 -0.101608 0
0.0053531 -0.108806 0
0.00684314 -0.0992564 0
0.019375 -0.195181 0
-8.51224e-05 -0.194635 0
-0.000336935 -0.214738 0
0.0377975 -0.191255 0
0.0195696 -0.195168 0
0.0207144 -0.214064 0
-0.000212416 -0.194642 0
-0.0184806 -0.197303 0
-0.000464504 -0.214746 0
0.0208782 -0.176471 0
-1.108e-05 -0.194506 0
0.0194439 -0.195053 0
0.0109477 -0.167909 0
0.0207139 -0.160084 0
0.0143349 -0.148624 0
0.0208515 -0.176319 0
0.0109023 -0.168055 0
0.000378656 -0.176201 0
0.0209169 -0.176266 0
0.0207358 -0.160177 0
0.0109706 -0.168001 0
-0.0159079 -0.0891125 0
-0.0131449 -0.0825637 0
-0.0223608 -0.0893486 0
-0.0500207 -0.244959 0
-0.0256048 -0.241326 0
-0.0463549 -0.221264 0
-0.00116133 -0.261508 0
-0.000703732 -0.237407 0
-0.0267644 -0.266871 0
-0.0243816 -0.218279 0
-0.018704 -0.197332 0
-0.0428866 -0.200039 0
-0.0255213 -0.241237 0
-0.0244152 -0.218496 0
-0.046267 -0.221176 0
-0.0253676 -0.241213 0
-0.000563808 -0.21497 0
-0.0242612 -0.218475 0
0.0205225 -0.214282 0
-0.000334153 -0.214944 0
-0.000544457 -0.237077 0
0.020587 -0.214144 0
0.0194422 -0.195247 0
-0.000265079 -0.214803 0
-0.000995214 -0.261397 0
0.0225041 -0.234498 0
-0.000539263 -0.237302 0
0.0403599 -0.210329 0
0.0378654 -0.191307 0
0.0207861 -0.214114 0
-0.0330057 -0.16462 0
-0.0366735 -0.181118 0
-0.0209135 -0.163108 0
-0.066867 -0.163325 0
-0.0586177 -0.170988 0
-0.0546251 -0.156483 0
-0.0799582 -0.170557 0
-0.062887 -0.187362 0
-0.0586878 -0.171116 0
0.0508496 -0.175121 0
0.0658258 -0.176553 0
0.0612788 -0.161533 0
0.0404721 -0.210255 0
0.0543821 -0.192147 0
0.0379773 -0.191233 0
0.0587534 -0.21009 0
0.0774119 -0.209005 0
0.0722013 -0.191659 0
0.0272641 -0.065929 0
0.0261065 -0.072917 0
0.0309147 -0.0690817 0
0.0177856 -0.121812 0
0.0281953 -0.130768 0
0.0272126 -0.118781 0
0.0508258 -0.175224 0
0.0545082 -0.191982 0
0.0658042 -0.176654 0
0.0475499 -0.15949 0
0.0507873 -0.175064 0
0.0612182 -0.161475 0
0.0612535 -0.14269 0
0.0475871 -0.15938 0
0.0612525 -0.161367 0
0.0364793 -0.155259 0
0.0378642 -0.171723 0
0.0474247 -0.159458 0
0.0378799 -0.171895 0
0.0379563 -0.191048 0
0.0506783 -0.175204 0
0.0195704 -0.195042 0
0.0377973 -0.191129 0
0.0210032 -0.17646 0
0.0405425 -0.210317 0
0.0585699 -0.210098 0
0.0544501 -0.192211 0
0.0340848 -0.0818611 0
0.0420069 -0.0823054 0
0.040772 -0.074255 0
0.0403606 -0.119303 0
0.0504258 -0.107856 0
0.0387849 -0.108208 0
0.0273255 -0.118696 0
0.0402826 -0.119339 0
0.0387084 -0.108245 0
0.0423309 -0.131532 0
0.0529467 -0.119287 0
0.0403801 -0.119419 0
0.0283241 -0.130802 0
0.042248 -0.13157 0
0.0402985 -0.119458 0
0.0581389 -0.128775 0
0.0650881 -0.118846 0
0.0530799 -0.119277 0
0.0631956 -0.0601322 0
0.0690858 -0.0642275 0
0.0664973 -0.0531804 0
0.0568909 -0.0448579 0
0.0580047 -0.0562449 0
0.0613216 -0.0488409 0
0.0482916 -0.0972367 0
0.0435962 -0.0911599 0
0.0375494 -0.097859 0
0.0636052 -0.0975699 0
0.0703052 -0.0906332 0
0.0666775 -0.0834406 0
0.0550344 -0.0983987 0
0.0635273 -0.0976163 0
0.0591289 -0.0892909 0
0.0585725 -0.108299 0
0.0716919 -0.109021 0
0.0635814 -0.0977156 0
0.0491685 -0.0837258 0
0.0436353 -0.0911123 0
0.04833 -0.0971905 0
0.0548429 -0.0619875 0
0.0535211 -0.0528131 0
0.050233 -0.0590935 0
0.0464552 -0.0659375 0
0.0408327 -0.0741741 0
0.047686 -0.0743991 0
0.0549548 -0.0984597 0
0.0483722 -0.0972952 0
0.0505046 -0.107751 0
0.0539479 -0.0862933 0
0.0590936 -0.089187 0
0.0543604 -0.0785511 0
0.0483658 -0.0971739 0
0.0538957 -0.0863368 0
0.049202 -0.0837101 0
0.0550021 -0.0983616 0
0.0590968 -0.0892529 0
0.0539499 -0.08636 0
0.0584721 -0.108299 0
0.0549883 -0.0984971 0
0.0505389 -0.107788 0
0.0585163 -0.108265 0
0.0635262 -0.0976794 0
0.0550315 -0.0984629 0
0.0530326 -0.119172 0
0.0584665 -0.108368 0
0.0505315 -0.107858 0
0.0651509 -0.118745 0
0.0716984 -0.109091 0
0.0585766 -0.10837 0
0.0666425 -0.0832984 0
0.0644951 -0.0719106 0
0.0593748 -0.0735587 0
0.066625 -0.0833555 0
0.0593576 -0.0736167 0
0.0591545 -0.0891595 0
0.0721617 -0.0778123 0
0.0645373 -0.0719253 0
0.0666864 -0.0833119 0
0.0631191 -0.0601351 0
0.0580028 -0.056341 0
0.0549013 -0.0620013 0
0.0539151 -0.0863863 0
0.0483849 -0.0972227 0
0.0549656 -0.0983884 0
0.0477397 -0.0744732 0
0.0492015 -0.0836076 0
0.054307 -0.0784919 0
0.0477002 -0.0744856 0
0.0420815 -0.0823116 0
0.04916 -0.0836203 0
0.0388136 -0.108134 0
0.0504506 -0.107783 0
0.0483197 -0.0973271 0
0.0530822 -0.119208 0
0.0650882 -0.118778 0
0.0585148 -0.108405 0
0.0758905 -0.0686711 0
0.0743613 -0.0537459 0
0.0691547 -0.0642569 0
0.04202 -0.0552033 0
0.0414095 -0.0485868 0
0.0386221 -0.0531825 0
0.0352837 -0.0577038 0
0.031535 -0.0619123 0
0.0352917 -0.064419 0
0.0445333 -0.0505786 0
0.046455 -0.0465077 0
0.0437543 -0.0438278 0
0.0454052 -0.057932 0
0.0445242 -0.050655 0
0.0420536 -0.0552258 0
0.0454246 -0.0579265 0
0.0476463 -0.0536306 0
0.0445421 -0.05065 0
0.0291706 -0.0854348 0
0.0301832 -0.0946839 0
0.0340054 -0.0819415 0
0.030511 -0.0769401 0
0.029172 -0.0853753 0
0.0340059 -0.0818815 0
0.0239503 -0.0890965 0
0.0246123 -0.097748 0
0.0291191 -0.0854692 0
0.0568741 -0.0447431 0
0.0592391 -0.036909 0
0.0548217 -0.0342947 0
0.0613709 -0.048882 0
0.0631706 -0.0600803 0
0.0664707 -0.0531293 0
0.042027 -0.0552713 0
0.0391281 -0.0596792 0
0.0427957 -0.0623869 0
0.0548697 -0.0619777 0
0.0579707 -0.0563164 0
0.053546 -0.0528046 0
0.0592914 -0.0734751 0
0.0548667 -0.0620865 0
0.0514907 -0.0680748 0
0.0593327 -0.0734474 0
0.0631254 -0.0601911 0
0.0549049 -0.0620596 0
0.0691241 -0.0642044 0
0.0743284 -0.0536947 0
0.0665336 -0.0531594 0
-0.0269289 -0.0828284 0
-0.0299552 -0.0887751 0
-0.0200032 -0.0829595 0
0.0231497 -0.256442 0
0.0225817 -0.234565 0
-0.000914147 -0.261459 0
0.00015626 -0.176307 0
-0.0161581 -0.178766 0
-0.0185342 -0.197121 0
0.0208168 -0.176407 0
0.000340757 -0.17629 0
-7.76414e-05 -0.194443 0
0.00410419 -0.158687 0
-0.00795487 -0.160857 0
0.00025602 -0.176118 0
-0.0430783 -0.199881 0
-0.0368446 -0.181318 0
-0.0626874 -0.187495 0
-0.0464786 -0.220994 0
-0.0431324 -0.200074 0
-0.0694119 -0.205383 0
-0.0463282 -0.221037 0
-0.024472 -0.218359 0
-0.0429824 -0.200118 0
-0.0429301 -0.199914 0
-0.0187435 -0.197209 0
-0.036698 -0.18135 0
-0.0501812 -0.244909 0
-0.0465157 -0.221213 0
-0.0735567 -0.226317 0
-0.0185632 -0.197383 0
-0.0242385 -0.218328 0
-0.000542116 -0.214825 0
-0.016288 -0.178669 0
-0.0208584 -0.163155 0
-0.0366147 -0.181166 0
-0.000210274 -0.194513 0
0.000207819 -0.17636 0
-0.0184785 -0.197174 0
-0.00809322 -0.160881 0
-0.0207621 -0.163087 0
-0.0161947 -0.178601 0
0.000190106 -0.176185 0
-0.00802398 -0.160925 0
-0.0161226 -0.178645 0
0.00413149 -0.158528 0
0.00541241 -0.143647 0
-0.00464698 -0.145792 0
0.0143553 -0.148466 0
0.0235774 -0.145286 0
0.013919 -0.135569 0
0.0378565 -0.191053 0
0.0377817 -0.171899 0
0.0210663 -0.176382 0
0.0404094 -0.119338 0
0.0529722 -0.119209 0
0.0504724 -0.107894 0
0.0446402 -0.144913 0
0.0422767 -0.131694 0
0.0326279 -0.142191 0
0.0516812 -0.136644 0
0.0580937 -0.128835 0
0.0530347 -0.119338 0
0.0447037 -0.144895 0
0.0516006 -0.136739 0
0.0423394 -0.131676 0
0.0447686 -0.14493 0
0.0612114 -0.142559 0
0.0516639 -0.136775 0
-0.0162808 -0.178783 0
-0.0366061 -0.18128 0
-0.0186573 -0.197138 0
-0.015362 -0.148051 0
-0.0207595 -0.162984 0
-0.00809015 -0.160778 0
-0.00475749 -0.145814 0
-0.015307 -0.147994 0
-0.00803795 -0.16072 0
0.00408807 -0.158585 0
-0.00469314 -0.145849 0
-0.00797191 -0.160756 0
0.00540787 -0.143557 0
0.00276079 -0.131667 0
-0.00465175 -0.145702 0
-0.0259974 -0.136451 0
-0.035168 -0.13635 0
-0.0377101 -0.14942 0
-0.0263521 -0.148712 0
-0.0259688 -0.136492 0
-0.0376792 -0.149462 0
-0.0133905 -0.134723 0
-0.0161331 -0.123628 0
-0.0258519 -0.136359 0
-0.0262712 -0.148663 0
-0.0134239 -0.134808 0
-0.0258862 -0.136443 0
-0.0505974 -0.143195 0
-0.0352636 -0.136316 0
-0.0420211 -0.132157 0
-0.0437696 -0.160388 0
-0.0378328 -0.149567 0
-0.0544764 -0.156402 0
-0.0262348 -0.148702 0
-0.0153973 -0.147917 0
-0.0133904 -0.134846 0
-0.0330284 -0.164467 0
-0.0263759 -0.148806 0
-0.0377029 -0.149555 0
-0.032971 -0.164512 0
-0.0208792 -0.162999 0
-0.0263203 -0.148851 0
-0.0367504 -0.181109 0
-0.0330823 -0.164612 0
-0.0436942 -0.160521 0
-0.0208216 -0.162944 0
-0.0154222 -0.148011 0
-0.0262601 -0.148796 0
-0.134798 -0.256944 0
-0.126685 -0.232068 0
-0.152835 -0.236677 0
-0.114157 -0.281828 0
-0.13473 -0.257272 0
-0.145253 -0.285345 0
-0.105069 -0.253144 0
-0.126523 -0.232123 0
-0.134637 -0.257 0
-0.0837352 -0.277422 0
-0.104857 -0.253375 0
-0.113852 -0.281786 0
-0.078349 -0.249901 0
-0.0738224 -0.226356 0
-0.0966881 -0.228704 0
-0.0857076 -0.187538 0
-0.0938685 -0.205515 0
-0.0697146 -0.205289 0
-0.0800506 -0.17061 0
-0.0856386 -0.187362 0
-0.0629753 -0.187418 0
-0.104347 -0.174172 0
-0.121525 -0.161244 0
-0.128917 -0.176554 0
-0.0858783 -0.187387 0
-0.104169 -0.174307 0
-0.110951 -0.191174 0
-0.0801437 -0.170404 0
-0.0786912 -0.154012 0
-0.0977417 -0.159048 0
-0.133334 -0.148254 0
-0.14685 -0.166088 0
-0.121682 -0.161123 0
-0.118609 -0.210317 0
-0.134871 -0.195598 0
-0.144034 -0.214346 0
-0.111197 -0.19121 0
-0.128984 -0.176725 0
-0.134796 -0.195409 0
-0.0941151 -0.205545 0
-0.111026 -0.191355 0
-0.118363 -0.210273 0
-0.0857767 -0.187317 0
-0.0801891 -0.170567 0
-0.104064 -0.174239 0
-0.0224308 -0.0893484 0
-0.0199895 -0.082981 0
-0.029939 -0.0887972 0
-0.0442016 -0.102129 0
-0.0396169 -0.0947009 0
-0.0522106 -0.101098 0
-0.0534892 -0.109153 0
-0.044248 -0.102177 0
-0.0522572 -0.101145 0
-0.0364605 -0.103053 0
-0.0332205 -0.0955941 0
-0.0441272 -0.102139 0
-0.0288666 -0.103974 0
-0.0249846 -0.0966891 0
-0.0363812 -0.103063 0
-0.0446714 -0.0867493 0
-0.0341064 -0.082118 0
-0.0412053 -0.0808402 0
-0.0395782 -0.0946282 0
-0.036794 -0.0880457 0
-0.0483437 -0.0935156 0
-0.0395177 -0.0946125 0
-0.0300527 -0.0888316 0
-0.0367319 -0.0880297 0
-0.0224744 -0.089391 0
-0.0299836 -0.0888386 0
-0.0331261 -0.0955041 0
-0.026998 -0.0828235 0
-0.0340324 -0.0821279 0
-0.0367038 -0.0879682 0
-0.0253763 -0.241451 0
-0.0268476 -0.266804 0
-0.000783021 -0.237338 0
-0.000487381 -0.215034 0
-0.0252857 -0.241276 0
-0.000697866 -0.237169 0
-0.0499525 -0.245116 0
-0.0270126 -0.266837 0
-0.0255417 -0.241478 0
-0.0396298 -0.0946726 0
-0.0483957 -0.0935586 0
-0.0522256 -0.101069 0
-0.0300417 -0.0888564 0
-0.039505 -0.094638 0
-0.033183 -0.0955213 0
-0.0300108 -0.0887916 0
-0.0269859 -0.0828454 0
-0.0366894 -0.0879909 0
-0.0412677 -0.0808483 0
-0.0523834 -0.0845263 0
-0.044732 -0.0867572 0
-0.0782386 -0.250218 0
-0.0834496 -0.277376 0
-0.0546489 -0.272359 0
-0.0502229 -0.245158 0
-0.0781252 -0.250113 0
-0.054539 -0.272249 0
-0.0271074 -0.26694 0
-0.0500508 -0.245217 0
-0.0543686 -0.272303 0
-0.0694695 -0.205269 0
-0.043185 -0.199962 0
-0.0627997 -0.187575 0
-0.0969544 -0.228731 0
-0.126395 -0.232031 0
-0.104944 -0.253047 0
-0.0523967 -0.0844996 0
-0.0412787 -0.0808228 0
-0.0483949 -0.0789466 0
-0.0666967 -0.0786041 0
-0.0601013 -0.0816796 0
-0.0556126 -0.0764333 0
-0.0507398 -0.143299 0
-0.0652966 -0.143333 0
-0.0545927 -0.156323 0
-0.0378544 -0.14951 0
-0.0506475 -0.14332 0
-0.0545007 -0.156344 0
-0.0420762 -0.132138 0
-0.0517447 -0.130555 0
-0.0506537 -0.143175 0
-0.0507303 -0.143213 0
-0.0518237 -0.130592 0
-0.0652887 -0.143247 0
-0.0276344 -0.124812 0
-0.0419429 -0.132096 0
-0.0351877 -0.136254 0
-0.0276423 -0.124762 0
-0.0379792 -0.121601 0
-0.0419532 -0.132047 0
-0.0486744 -0.119994 0
-0.0605823 -0.11927 0
-0.0650212 -0.129885 0
-0.102889 -0.0837926 0
-0.0907094 -0.081724 0
-0.100107 -0.0753179 0
-0.0699487 -0.0941581 0
-0.064931 -0.0876326 0
-0.0711522 -0.0846052 0
-0.0787363 -0.0993943 0
-0.0700454 -0.0942344 0
-0.0861155 -0.0953297 0
-0.0715346 -0.103316 0
-0.0612964 -0.0978915 0
-0.0699373 -0.0942554 0
-0.0773064 -0.0809915 0
-0.0831549 -0.0772157 0
-0.090568 -0.0817203 0
-0.0712329 -0.0845619 0
-0.077236 -0.0810355 0
-0.0815122 -0.0877419 0
-0.0700026 -0.0941597 0
-0.0712085 -0.0846056 0
-0.0814865 -0.087787 0
-0.0648981 -0.0875909 0
-0.060148 -0.0817367 0
-0.0711202 -0.0845639 0
-0.0732811 -0.0749239 0
-0.0790669 -0.0712865 0
-0.0831035 -0.0771602 0
-0.0668129 -0.0785966 0
-0.0732199 -0.0749609 0
-0.0771943 -0.0809727 0
-0.066764 -0.0785705 0
-0.0626718 -0.073287 0
-0.0731714 -0.0749356 0
-0.0933531 -0.128684 0
-0.100073 -0.139576 0
-0.0820289 -0.135183 0
-0.0667058 -0.0785754 0
-0.0556198 -0.0764061 0
-0.0626117 -0.0732924 0
-0.068293 -0.115851 0
-0.08104 -0.122115 0
-0.0651525 -0.12988 0
-0.0535973 -0.109259 0
-0.0681858 -0.115773 0
-0.0606099 -0.119187 0
-0.0762036 -0.11227 0
-0.0810793 -0.122056 0
-0.06833 -0.115792 0
-0.0715567 -0.103409 0
-0.076151 -0.112181 0
-0.061968 -0.107755 0
-0.0523418 -0.101127 0
-0.0612048 -0.0979287 0
-0.061855 -0.107699 0
-0.0787417 -0.0994631 0
-0.0861205 -0.106826 0
-0.0716464 -0.103364 0
-0.0699968 -0.0942602 0
-0.0786876 -0.099421 0
-0.0715922 -0.103321 0
-0.0861999 -0.0953504 0
-0.0950613 -0.100655 0
-0.0788199 -0.0994165 0
-0.0861787 -0.106911 0
-0.0917695 -0.115939 0
-0.0762985 -0.112221 0
-0.0716387 -0.103406 0
-0.0861109 -0.10687 0
-0.0762312 -0.112178 0
-0.0943463 -0.0896891 0
-0.0816333 -0.0877625 0
-0.0906185 -0.081785 0
-0.0611694 -0.0978499 0
-0.0484763 -0.0935382 0
-0.0547655 -0.0916211 0
-0.124198 -0.0801251 0
-0.122578 -0.0685798 0
-0.134215 -0.0714858 0
-0.138784 -0.096311 0
-0.148836 -0.107382 0
-0.126236 -0.105644 0
-0.137453 -0.0831707 0
-0.138753 -0.0961884 0
-0.128384 -0.0933274 0
-0.151713 -0.0864473 0
-0.14892 -0.107318 0
-0.13887 -0.0962465 0
-0.111828 -0.0775777 0
-0.122502 -0.0686013 0
-0.124124 -0.0801448 0
-0.128272 -0.0932985 0
-0.118466 -0.0906287 0
-0.124164 -0.0802714 0
-0.100192 -0.0752562 0
-0.106948 -0.0696093 0
-0.111696 -0.0775637 0
-0.104737 -0.253272 0
-0.0836175 -0.277312 0
-0.0784083 -0.250153 0
-0.0968909 -0.228501 0
-0.094069 -0.205668 0
-0.118314 -0.210398 0
-0.0784513 -0.249992 0
-0.0967933 -0.228791 0
-0.104784 -0.253107 0
-0.0738728 -0.226209 0
-0.0939189 -0.205721 0
-0.0967421 -0.228554 0
-0.0502851 -0.245007 0
-0.0736654 -0.226412 0
-0.0781925 -0.249956 0
-0.0696762 -0.205417 0
-0.0938263 -0.205645 0
-0.0737835 -0.226131 0
-0.0465781 -0.221082 0
-0.0695168 -0.205469 0
-0.0736245 -0.226182 0
-0.0629423 -0.187533 0
-0.0856019 -0.187478 0
-0.0696129 -0.205227 0
-0.0159359 -0.0891838 0
-0.0248819 -0.0966177 0
-0.0187555 -0.0965148 0
-0.0199323 -0.0829597 0
-0.0223752 -0.0893278 0
-0.0131569 -0.0825433 0
-0.0187337 -0.096565 0
-0.0216044 -0.104821 0
-0.0126894 -0.0959889 0
-0.00851138 -0.0881717 0
-0.0158592 -0.0891527 0
-0.0126367 -0.0959076 0
-0.0249254 -0.0966668 0
-0.0288081 -0.103952 0
-0.0187982 -0.0965649 0
-0.033108 -0.0955304 0
-0.0249516 -0.0966147 0
-0.0224588 -0.0894169 0
-0.0331553 -0.0955755 0
-0.0363966 -0.103035 0
-0.0249977 -0.0966611 0
-0.0395526 -0.094682 0
-0.0441386 -0.10211 0
-0.03323 -0.0955663 0
-0.0612703 -0.097936 0
-0.0715068 -0.103361 0
-0.0619181 -0.107707 0
-0.0484688 -0.0935696 0
-0.0611599 -0.0978821 0
-0.0522969 -0.101079 0
-0.0548376 -0.091624 0
-0.0698811 -0.0942172 0
-0.0612405 -0.0978521 0
-0.0447648 -0.086823 0
-0.0547103 -0.0915844 0
-0.0484215 -0.0935005 0
-0.0648756 -0.0876564 0
-0.0698944 -0.0941824 0
-0.0548483 -0.0915904 0
-0.0535208 -0.109242 0
-0.0605346 -0.11917 0
-0.045549 -0.110556 0
-0.0442261 -0.102208 0
-0.0534659 -0.109185 0
-0.0454944 -0.110499 0
-0.0618821 -0.107786 0
-0.0681909 -0.115734 0
-0.0536006 -0.109222 0
-0.0700531 -0.0941964 0
-0.0815364 -0.0878225 0
-0.0861255 -0.0952904 0
-0.0524968 -0.0845644 0
-0.064817 -0.0876248 0
-0.0547902 -0.0915571 0
-0.0525137 -0.0845321 0
-0.0600846 -0.0817367 0
-0.0648362 -0.087591 0
-0.0651477 -0.130015 0
-0.0818177 -0.1352 0
-0.0654363 -0.143218 0
-0.0486462 -0.120031 0
-0.0649905 -0.129923 0
-0.0518146 -0.130471 0
-0.0606483 -0.119256 0
-0.0682239 -0.115841 0
-0.0650864 -0.12987 0
-0.00843834 -0.0880939 0
-8.20038e-05 -0.0801255 0
-0.00643787 -0.0815804 0
-0.0130907 -0.0825373 0
-0.015855 -0.089087 0
-0.00650551 -0.0815925 0
-0.00843885 -0.0881585 0
-0.00459507 -0.0944016 0
-0.00233654 -0.0869072 0
-0.014356 -0.113175 0
-0.0274773 -0.124706 0
-0.0161407 -0.123517 0
-0.0288479 -0.104031 0
-0.0340691 -0.112021 0
-0.0217081 -0.1049 0
-0.0187882 -0.0965922 0
-0.0287962 -0.10398 0
-0.0216578 -0.104847 0
-0.0364121 -0.103113 0
-0.0341189 -0.112014 0
-0.0288972 -0.104025 0
-0.03792 -0.121543 0
-0.0275855 -0.124702 0
-0.0246365 -0.114294 0
-0.0454439 -0.110568 0
-0.0485216 -0.119905 0
-0.0342129 -0.112093 0
-0.048555 -0.120003 0
-0.0517251 -0.130443 0
-0.0380814 -0.121581 0
0.0155763 -0.0801597 0
0.0155313 -0.0865647 0
0.0203524 -0.0838131 0
0.00612346 -0.0781709 0
0.00457 -0.0848919 0
0.0101629 -0.0827317 0
0.0203771 -0.0838701 0
0.0148199 -0.0944872 0
0.0238896 -0.0890798 0
0.0102064 -0.0827787 0
0.0085214 -0.0904968 0
0.0154748 -0.0865952 0
0.0119615 -0.0757414 0
0.0102184 -0.0827082 0
0.0155314 -0.0801198 0
0.00457835 -0.0849328 0
0.00848402 -0.0904908 0
0.0101701 -0.0827737 0
0.00114519 -0.0929821 0
-0.00135136 -0.101555 0
0.00682973 -0.0992027 0
-0.0216222 -0.104906 0
-0.0245318 -0.114168 0
-0.0124917 -0.10384 0
-0.0341089 -0.11211 0
-0.0379434 -0.1215 0
-0.0246569 -0.114251 0
-0.0216949 -0.104934 0
-0.0340535 -0.112055 0
-0.0246035 -0.114195 0
-0.0143331 -0.113074 0
-0.0124686 -0.103867 0
-0.0245059 -0.114196 0
-0.0158384 -0.0891058 0
-0.00849069 -0.0881236 0
-0.00649155 -0.081611 0
-0.024895 -0.0965936 0
-0.0159471 -0.08916 0
-0.0224007 -0.089395 0
-0.0187145 -0.0965125 0
-0.01267 -0.0959355 0
-0.0158947 -0.0891806 0
-0.0364684 -0.103135 0
-0.0454034 -0.110512 0
-0.0341727 -0.112036 0
-0.0351339 -0.136268 0
-0.0259636 -0.136368 0
-0.0275818 -0.124825 0
0.0246375 -0.0978313 0
0.0303186 -0.104953 0
0.0301561 -0.0948019 0
0.0291388 -0.0854884 0
0.024634 -0.0977666 0
0.030152 -0.0947365 0
0.018726 -0.101012 0
0.0181374 -0.110821 0
0.0245592 -0.0978724 0
-0.00635547 -0.121981 0
0.00275071 -0.131507 0
0.00395901 -0.119663 0
0.0142804 -0.148619 0
0.00421427 -0.158619 0
0.0108917 -0.167904 0
0.00282379 -0.131632 0
0.00546964 -0.143523 0
0.0138216 -0.135506 0
0.0027008 -0.131638 0
-0.0132552 -0.134781 0
-0.00471488 -0.145672 0
-0.134924 -0.257042 0
-0.152962 -0.23677 0
-0.164528 -0.260468 0
-0.114023 -0.281717 0
-0.105029 -0.253307 0
-0.134594 -0.257168 0
-0.102031 -0.123223 0
-0.0933926 -0.128565 0
-0.0918797 -0.116048 0
-0.132481 -0.113347 0
-0.144827 -0.11724 0
-0.129045 -0.124055 0
-0.104244 -0.174112 0
-0.0979669 -0.159084 0
-0.12142 -0.161186 0
-0.0880216 -0.14728 0
-0.100139 -0.139693 0
-0.107318 -0.151755 0
-0.0879374 -0.147224 0
-0.0820119 -0.135245 0
-0.100053 -0.139639 0
-0.0977697 -0.15897 0
-0.0787165 -0.153936 0
-0.087919 -0.147351 0
-0.121432 -0.161111 0
-0.0979768 -0.15901 0
-0.107422 -0.151866 0
-0.104106 -0.174143 0
-0.0802276 -0.170473 0
-0.0978277 -0.159115 0
-0.0786089 -0.153883 0
-0.0655019 -0.143339 0
-0.0878092 -0.147299 0
-0.107309 -0.151821 0
-0.0978657 -0.158963 0
-0.0880152 -0.147344 0
-0.0668905 -0.163231 0
-0.0546462 -0.15639 0
-0.0653523 -0.1434 0
-0.080042 -0.170418 0
-0.0670183 -0.163315 0
-0.0785877 -0.154026 0
-0.0799733 -0.170476 0
-0.0587006 -0.171036 0
-0.0669521 -0.163371 0
-0.06268 -0.0732576 0
-0.0695204 -0.0695105 0
-0.0731811 -0.0749047 0
-0.0854746 -0.0667722 0
-0.0790846 -0.0712191 0
-0.0762625 -0.0650769 0
-0.0906631 -0.0816883 0
-0.0893007 -0.0732013 0
-0.100062 -0.0752823 0
-0.0732755 -0.0749558 0
-0.083097 -0.0771932 0
-0.0772482 -0.0809681 0
-0.0791212 -0.0712802 0
-0.0892056 -0.0731731 0
-0.0831562 -0.0771546 0
-0.0762079 -0.0650869 0
-0.0790319 -0.0712277 0
-0.0695856 -0.0694711 0
-0.0855176 -0.0667992 0
-0.0892138 -0.0731378 0
-0.0791287 -0.0712461 0
-0.0954424 -0.0687095 0
-0.100079 -0.0752379 0
-0.0893169 -0.0731581 0
-0.0923748 -0.0610275 0
-0.1027 -0.0622 0
-0.095461 -0.0686258 0
-0.0826617 -0.0600073 0
-0.0922744 -0.0610145 0
-0.0855394 -0.0667215 0
-0.0826718 -0.0599666 0
-0.0886431 -0.0543265 0
-0.0922849 -0.0609724 0
-0.106895 -0.0695796 0
-0.100137 -0.0752264 0
-0.0955021 -0.0686971 0
-0.102748 -0.0622287 0
-0.106904 -0.0695355 0
-0.0955105 -0.0686543 0
-0.113944 -0.063612 0
-0.122453 -0.0685178 0
-0.107031 -0.0695403 0
-0.138904 -0.0506167 0
-0.130725 -0.0600121 0
-0.12648 -0.0496473 0
-0.122445 -0.0685657 0
-0.11177 -0.0775423 0
-0.107024 -0.0695865 0
-0.120152 -0.0567695 0
-0.130622 -0.0600781 0
-0.114015 -0.0635414 0
-0.109962 -0.0548992 0
-0.120082 -0.0567521 0
-0.113945 -0.0635241 0
-0.126417 -0.0496685 0
-0.130663 -0.0600317 0
-0.120193 -0.0567229 0
-0.134264 -0.0715348 0
-0.137425 -0.0830434 0
-0.124249 -0.0801732 0
-0.130696 -0.0601447 0
-0.134237 -0.0714184 0
-0.1226 -0.068513 0
-0.114024 -0.0635801 0
-0.13063 -0.0601182 0
-0.122532 -0.0684867 0
-0.139033 -0.0506311 0
-0.152533 -0.0518545 0
-0.143317 -0.0621649 0
-0.146883 -0.0748521 0
-0.151704 -0.0862929 0
-0.13756 -0.0830752 0
-0.130782 -0.0600536 0
-0.138959 -0.0506595 0
-0.143244 -0.0621916 0
-0.160458 -0.0785798 0
-0.171109 -0.0864531 0
-0.151861 -0.0863171 0
-0.146977 -0.0747646 0
-0.156874 -0.0648219 0
-0.160394 -0.0784688 0
-0.13049 -0.0417777 0
-0.138903 -0.0505551 0
-0.12648 -0.0495861 0
-0.143445 -0.0399965 0
-0.156789 -0.0400418 0
-0.152593 -0.0517456 0
-0.130547 -0.0417448 0
-0.143312 -0.0399983 0
-0.138959 -0.0505238 0
-0.162793 -0.03077 0
-0.168569 -0.0215102 0
-0.176465 -0.0295139 0
-0.149519 -0.0275769 0
-0.162663 -0.0308253 0
-0.156843 -0.0399309 0
-0.149559 -0.0275138 0
-0.168479 -0.0215027 0
-0.162703 -0.0307634 0
-0.102097 -0.123273 0
-0.111721 -0.13077 0
-0.093459 -0.128615 0
-0.0862668 -0.106844 0
-0.0951295 -0.100719 0
-0.0993899 -0.107256 0
-0.0994603 -0.107228 0
-0.095201 -0.100691 0
-0.107432 -0.0983811 0
-0.0919376 -0.11595 0
-0.0994709 -0.107333 0
-0.113737 -0.114624 0
-0.0918462 -0.115922 0
-0.0862568 -0.106894 0
-0.0993781 -0.107308 0
-0.124229 -0.0802455 0
-0.137405 -0.0831168 0
-0.128335 -0.0932741 0
-0.171201 -0.112587 0
-0.183609 -0.0941973 0
-0.188901 -0.111999 0
-0.17669 -0.125134 0
-0.171178 -0.112689 0
-0.188878 -0.112103 0
-0.149011 -0.107335 0
-0.151804 -0.0864622 0
-0.165889 -0.100996 0
-0.171528 -0.0677203 0
-0.171173 -0.0863916 0
-0.160524 -0.0785176 0
-0.104314 -0.174271 0
-0.128881 -0.176655 0
-0.111096 -0.191138 0
-0.128943 -0.124046 0
-0.113972 -0.114671 0
-0.132377 -0.113339 0
-0.13336 -0.148066 0
-0.131114 -0.135737 0
-0.145518 -0.134922 0
-0.111877 -0.130726 0
-0.113902 -0.114729 0
-0.128874 -0.124105 0
-0.183711 -0.0941493 0
-0.201275 -0.0986785 0
-0.189002 -0.111953 0
-0.0917515 -0.11599 0
-0.0811569 -0.122056 0
-0.0762827 -0.112271 0
-0.164502 -0.260632 0
-0.145421 -0.285271 0
-0.1349 -0.257202 0
-0.0711834 -0.084531 0
-0.0668068 -0.0786281 0
-0.0771869 -0.0810053 0
-0.071127 -0.0845333 0
-0.0601534 -0.0817072 0
-0.0667487 -0.0786306 0
-0.0524589 -0.0845024 0
-0.0484589 -0.0789496 0
-0.0600294 -0.0817084 0
-0.0447772 -0.0867936 0
-0.0524286 -0.0845614 0
-0.0547244 -0.091554 0
-0.0368101 -0.08802 0
-0.0447037 -0.0868111 0
-0.0483621 -0.0934889 0
-0.0367623 -0.0879813 0
-0.0340928 -0.0821413 0
-0.0446555 -0.0867737 0
-0.048468 -0.0789233 0
-0.0555502 -0.0764346 0
-0.0600407 -0.0816808 0
-0.0988603 -0.0545629 0
-0.102711 -0.0621523 0
-0.0923862 -0.060981 0
-0.0942386 -0.0480242 0
-0.0988204 -0.0544925 0
-0.0887044 -0.0542646 0
-0.10281 -0.0622109 0
-0.113878 -0.0635908 0
-0.106965 -0.069519 0
-0.0855829 -0.0667502 0
-0.0923165 -0.0610436 0
-0.0954044 -0.0686403 0
-0.109903 -0.0549183 0
-0.113888 -0.0635416 0
-0.10282 -0.0621626 0
-0.10414 -0.0483757 0
-0.109858 -0.0548409 0
-0.0989244 -0.0544958 0
-0.0942911 -0.0480031 0
-0.104088 -0.0483526 0
-0.0988714 -0.0544733 0
-0.109088 -0.0406768 0
-0.119228 -0.0424802 0
-0.114851 -0.0488158 0
-0.114857 -0.0489106 0
-0.120085 -0.0567027 0
-0.109965 -0.0548504 0
-0.109853 -0.0548877 0
-0.102769 -0.0621327 0
-0.0989197 -0.0545416 0
-0.312613 -0.130409 0
-0.34041 -0.110139 0
-0.338248 -0.139708 0
-0.336753 -0.16942 0
-0.315717 -0.161496 0
-0.338245 -0.140011 0
-0.287928 -0.1218 0
-0.288698 -0.0955303 0
-0.313611 -0.102356 0
-0.315407 -0.161578 0
-0.292537 -0.182757 0
-0.289892 -0.151217 0
-0.338166 -0.13988 0
-0.315633 -0.161366 0
-0.312528 -0.13058 0
-0.33668 -0.169586 0
-0.316058 -0.189493 0
-0.315641 -0.161661 0
-0.0854864 -0.0667343 0
-0.0762737 -0.0650403 0
-0.0826069 -0.0600218 0
-0.0886983 -0.0543071 0
-0.0988139 -0.0545364 0
-0.0923384 -0.0609549 0
-0.0790218 -0.071261 0
-0.0732353 -0.074898 0
-0.0695765 -0.069503 0
-0.0953942 -0.0686812 0
-0.0892677 -0.0731296 0
-0.085573 -0.06679 0
-0.118411 -0.0905761 0
-0.111815 -0.0776504 0
-0.12411 -0.0802187 0
-0.0951749 -0.100608 0
-0.0944394 -0.0897624 0
-0.105053 -0.0908621 0
-0.100178 -0.0753033 0
-0.111683 -0.0776119 0
-0.102959 -0.0837793 0
-0.108986 -0.0406709 0
-0.104138 -0.0482842 0
-0.0993632 -0.0411246 0
-0.288009 -0.121916 0
-0.313689 -0.102473 0
-0.312353 -0.130324 0
-0.113166 -0.0335265 0
-0.10903 -0.0405973 0
-0.103841 -0.0337142 0
-0.201317 -0.0985656 0
-0.183754 -0.094037 0
-0.201692 -0.0782694 0
-0.143229 -0.0622613 0
-0.134305 -0.0713982 0
-0.130766 -0.0601229 0
-0.167328 -0.0533703 0
-0.156916 -0.0646614 0
-0.152673 -0.0518719 0
-0.146845 -0.0747325 0
-0.13436 -0.0714467 0
-0.143282 -0.0623109 0
-0.201852 -0.0781235 0
-0.211873 -0.0675845 0
-0.22065 -0.081895 0
-0.195055 -0.0462201 0
-0.189984 -0.0358246 0
-0.20693 -0.0368772 0
-0.187477 -0.0708304 0
-0.183587 -0.0552309 0
-0.19817 -0.0612379 0
-0.16748 -0.0532997 0
-0.171521 -0.0402978 0
-0.183431 -0.055102 0
-0.183506 -0.0550449 0
-0.171597 -0.0402384 0
-0.189827 -0.0358662 0
-0.146919 -0.0747109 0
-0.143358 -0.0622877 0
-0.156817 -0.0647669 0
-0.152673 -0.0517896 0
-0.156869 -0.0400871 0
-0.167328 -0.0532877 0
-0.171482 -0.0401367 0
-0.162803 -0.0308326 0
-0.176475 -0.0295765 0
-0.207075 -0.0367353 0
-0.205931 -0.0237078 0
-0.222601 -0.0156379 0
-0.268906 -0.0391653 0
-0.263535 -0.066089 0
-0.244549 -0.0428665 0
-0.0918087 -0.116044 0
-0.0933235 -0.128561 0
-0.081214 -0.122111 0
-0.138831 -0.0961658 0
-0.137532 -0.0831465 0
-0.151676 -0.0863651 0
-0.126167 -0.105597 0
-0.128346 -0.0934023 0
-0.138715 -0.0962642 0
-0.132485 -0.113253 0
-0.126216 -0.1057 0
-0.148815 -0.107439 0
-0.113888 -0.114586 0
-0.110639 -0.106223 0
-0.126025 -0.105702 0
-0.118342 -0.0905873 0
-0.103021 -0.0838303 0
-0.111743 -0.0776631 0
-0.107606 -0.098302 0
-0.118411 -0.0906892 0
-0.128216 -0.09336 0
-0.107529 -0.0982925 0
-0.105175 -0.0908566 0
-0.118334 -0.0906811 0
-0.0906074 -0.0816938 0
-0.083195 -0.0771896 0
-0.0892434 -0.073208 0
-0.0944168 -0.0896762 0
-0.0906909 -0.0817712 0
-0.10287 -0.0838414 0
-0.081576 -0.087733 0
-0.0773016 -0.0810262 0
-0.0905616 -0.0817564 0
-0.134341 -0.0715159 0
-0.146825 -0.0748022 0
-0.137501 -0.083026 0
-0.166069 -0.100952 0
-0.171232 -0.0865544 0
-0.183534 -0.0940722 0
-0.0943309 -0.0897349 0
-0.0862065 -0.0952751 0
-0.0816194 -0.0878069 0
-0.10508 -0.0908051 0
-0.0944653 -0.0897068 0
-0.102917 -0.0838716 0
-0.11832 -0.0906318 0
-0.10516 -0.0908083 0
-0.102999 -0.0838739 0
-0.107452 -0.0983257 0
-0.0952187 -0.100637 0
-0.105096 -0.0908906 0
-0.0951132 -0.100622 0
-0.086252 -0.0953182 0
-0.0943756 -0.0897776 0
-0.110529 -0.106174 0
-0.0995115 -0.107247 0
-0.107484 -0.0983989 0
-0.126005 -0.105646 0
-0.110618 -0.106169 0
-0.107575 -0.0983929 0
-0.1138 -0.114591 0
-0.099534 -0.107301 0
-0.11055 -0.106228 0
-0.0861983 -0.106817 0
-0.0788207 -0.0994545 0
-0.0950603 -0.100694 0
-0.14696 -0.0748362 0
-0.160377 -0.0785408 0
-0.151779 -0.0862782 0
-0.201817 -0.0782278 0
-0.220615 -0.0819996 0
-0.20144 -0.0985264 0
-0.185535 -0.082542 0
-0.187495 -0.0709776 0
-0.201653 -0.0781369 0
-0.171298 -0.0864925 0
-0.18542 -0.0826469 0
-0.183599 -0.0940106 0
-0.17131 -0.0864165 0
-0.187393 -0.0710067 0
-0.185433 -0.0825698 0
-0.21201 -0.0674475 0
-0.222326 -0.0563892 0
-0.240809 -0.0628176 0
-0.198312 -0.0613034 0
-0.211798 -0.0675151 0
-0.201776 -0.0780552 0
-0.198381 -0.0612299 0
-0.222185 -0.0563838 0
-0.211867 -0.0674423 0
-0.24335 -0.0839108 0
-0.245282 -0.10513 0
-0.225901 -0.0986032 0
-0.26344 -0.0663037 0
-0.243461 -0.0836616 0
-0.241051 -0.0629058 0
-0.263664 -0.0663533 0
-0.287986 -0.0702641 0
-0.263666 -0.0910819 0
-0.288539 -0.0955652 0
-0.28777 -0.121833 0
-0.266521 -0.112541 0
-0.200022 -0.266896 0
-0.230539 -0.264345 0
-0.209661 -0.289599 0
-0.177581 -0.288001 0
-0.199843 -0.266974 0
-0.209484 -0.289681 0
-0.181937 -0.233485 0
-0.153128 -0.236549 0
-0.167142 -0.217296 0
-0.145563 -0.285379 0
-0.164645 -0.260731 0
-0.17725 -0.287964 0
-0.164686 -0.260388 0
-0.15312 -0.236692 0
-0.181927 -0.23363 0
-0.19317 -0.202951 0
-0.1672 -0.217079 0
-0.15932 -0.202156 0
-0.239447 -0.176504 0
-0.23077 -0.14788 0
-0.255515 -0.150089 0
-0.214543 -0.216851 0
-0.182229 -0.233372 0
-0.193405 -0.203051 0
-0.206995 -0.145625 0
-0.184997 -0.143644 0
-0.204886 -0.131393 0
-0.217716 -0.177338 0
-0.200699 -0.159597 0
-0.230513 -0.147917 0
-0.193597 -0.202805 0
-0.217712 -0.177649 0
-0.236461 -0.19781 0
-0.197547 -0.182207 0
-0.178396 -0.186521 0
-0.181549 -0.164536 0
-0.193466 -0.202751 0
-0.197717 -0.182306 0
-0.217582 -0.177598 0
-0.193336 -0.20278 0
-0.178436 -0.186649 0
-0.197586 -0.182336 0
-0.178277 -0.186499 0
-0.162197 -0.17591 0
-0.18143 -0.164516 0
-0.245848 -0.225176 0
-0.25196 -0.249303 0
-0.222693 -0.239653 0
-0.126715 -0.231927 0
-0.144121 -0.214554 0
-0.152867 -0.236533 0
-0.1185 -0.210239 0
-0.111163 -0.191321 0
-0.13476 -0.195522 0
-0.0969979 -0.228591 0
-0.118424 -0.210485 0
-0.126442 -0.231886 0
-0.0940073 -0.205467 0
-0.085846 -0.187491 0
-0.110916 -0.191279 0
-0.266321 -0.112683 0
-0.26653 -0.133148 0
-0.250256 -0.126631 0
-0.10409 -0.0483077 0
-0.0942924 -0.0479592 0
-0.0993132 -0.0411503 0
-0.114912 -0.0488924 0
-0.126365 -0.0496304 0
-0.12014 -0.0566859 0
-0.104194 -0.0483561 0
-0.114804 -0.0488821 0
-0.109911 -0.0548226 0
-0.119286 -0.0425105 0
-0.126362 -0.0495825 0
-0.114909 -0.0488451 0
-0.120416 -0.0168924 0
-0.110707 -0.0174717 0
-0.112947 -0.00892279 0
-0.120429 -0.016949 0
-0.116729 -0.0259202 0
-0.11072 -0.0175289 0
-0.133057 -0.00885931 0
-0.120524 -0.0168582 0
-0.12273 -0.00753233 0
-0.131189 -0.0164595 0
-0.12671 -0.0262472 0
-0.12053 -0.0169468 0
-0.313866 -0.102432 0
-0.340332 -0.110014 0
-0.312528 -0.130285 0
-0.288239 -0.0703061 0
-0.314557 -0.0747583 0
-0.288702 -0.0952668 0
-0.343196 -0.0799025 0
-0.340433 -0.109844 0
-0.31397 -0.102264 0
-0.122663 -0.00753222 0
-0.120456 -0.0168599 0
-0.112988 -0.00888839 0
-0.335612 -0.290835 0
-0.304971 -0.290876 0
-0.33557 -0.260248 0
-0.289363 -0.267738 0
-0.335417 -0.260171 0
-0.304816 -0.290798 0
-0.273637 -0.290907 0
-0.289155 -0.26784 0
-0.304609 -0.290902 0
-0.289363 -0.267584 0
-0.304872 -0.244861 0
-0.335417 -0.260017 0
-0.241775 -0.290506 0
-0.230866 -0.264351 0
-0.265284 -0.267555 0
-0.305029 -0.244734 0
-0.335565 -0.229628 0
-0.33557 -0.259889 0
-0.265605 -0.267403 0
-0.279718 -0.241796 0
-0.289045 -0.267598 0
-0.298884 -0.217362 0
-0.292569 -0.183071 0
-0.315856 -0.189725 0
-0.279882 -0.241555 0
-0.298805 -0.217742 0
-0.304718 -0.244632 0
-0.289175 -0.267521 0
-0.27985 -0.241722 0
-0.304686 -0.2448 0
-0.252151 -0.24931 0
-0.24604 -0.225182 0
-0.279532 -0.241596 0
-0.269364 -0.204064 0
-0.292412 -0.183119 0
-0.298729 -0.21741 0
-0.265319 -0.267418 0
-0.2309 -0.264214 0
-0.252052 -0.249527 0
-0.304905 -0.244592 0
-0.298993 -0.217701 0
-0.335444 -0.229486 0
-0.279587 -0.241442 0
-0.246097 -0.225032 0
-0.269143 -0.204283 0
-0.265481 -0.267341 0
-0.252216 -0.249452 0
-0.279595 -0.241737 0
-0.273506 -0.290828 0
-0.265584 -0.267567 0
-0.289024 -0.267763 0
-0.273349 -0.290906 0
-0.241917 -0.290597 0
-0.265426 -0.267643 0
-0.230756 -0.264119 0
-0.222643 -0.239782 0
-0.25191 -0.249435 0
-0.209801 -0.289681 0
-0.230679 -0.264422 0
-0.241589 -0.290582 0
-0.335546 -0.229334 0
-0.2991 -0.217551 0
-0.335864 -0.199507 0
-0.148648 -0.184697 0
-0.159063 -0.202022 0
-0.135022 -0.195473 0
-0.182071 -0.233371 0
-0.167276 -0.217184 0
-0.193245 -0.203054 0
-0.222356 -0.239572 0
-0.182327 -0.233496 0
-0.21464 -0.216973 0
-0.199709 -0.266695 0
-0.164842 -0.260491 0
-0.182084 -0.233727 0
-0.153002 -0.236483 0
-0.144257 -0.214505 0
-0.167015 -0.217233 0
-0.12915 -0.176606 0
-0.146924 -0.166262 0
-0.148588 -0.184514 0
-0.298688 -0.217607 0
-0.279762 -0.241418 0
-0.269321 -0.204257 0
-0.222306 -0.239739 0
-0.199902 -0.266623 0
-0.182279 -0.233659 0
-0.245725 -0.225069 0
-0.222568 -0.239544 0
-0.214854 -0.216943 0
-0.230582 -0.264178 0
-0.200064 -0.266729 0
-0.222467 -0.239839 0
-0.289959 -0.151043 0
-0.312364 -0.130619 0
-0.315472 -0.161403 0
-0.177431 -0.2879 0
-0.164828 -0.260671 0
-0.199693 -0.266879 0
-0.316128 -0.189619 0
-0.336746 -0.169712 0
-0.335923 -0.199214 0
-0.299033 -0.217418 0
-0.316 -0.189779 0
-0.3358 -0.199375 0
-0.292626 -0.182886 0
-0.315492 -0.161707 0
-0.315911 -0.189538 0
-0.236808 -0.197971 0
-0.269001 -0.204139 0
-0.245952 -0.224885 0
-0.193588 -0.202935 0
-0.236451 -0.197942 0
-0.214725 -0.216731 0
-0.261916 -0.175871 0
-0.269054 -0.203973 0
-0.236861 -0.197808 0
-0.200467 -0.159668 0
-0.19762 -0.182117 0
-0.181624 -0.164446 0
-0.255788 -0.150096 0
-0.289592 -0.151156 0
-0.262049 -0.175535 0
0.175968 -0.242926 0
0.198191 -0.242967 0
0.198231 -0.220693 0
0.181276 -0.20931 0
0.164829 -0.220635 0
0.175801 -0.242815 0
0.181402 -0.209051 0
0.198193 -0.197721 0
0.180036 -0.188418 0
0.164785 -0.2205 0
0.181231 -0.209173 0
0.162531 -0.202346 0
0.19825 -0.220429 0
0.198254 -0.197829 0
0.181462 -0.209158 0
0.164737 -0.220749 0
0.153816 -0.242916 0
0.175708 -0.242926 0
0.198175 -0.22058 0
0.181389 -0.20931 0
0.175912 -0.242815 0
0.162411 -0.20237 0
0.145313 -0.216269 0
0.164664 -0.220523 0
0.18009 -0.188301 0
0.19825 -0.197606 0
0.197948 -0.174564 0
0.178573 -0.166397 0
0.160826 -0.181877 0
0.179902 -0.188221 0
0.197103 -0.150974 0
0.178752 -0.166246 0
0.19794 -0.174335 0
0.180308 -0.143449 0
0.195536 -0.127176 0
0.175416 -0.117779 0
0.162581 -0.202238 0
0.181282 -0.209066 0
0.179917 -0.188432 0
0.159964 -0.156516 0
0.18013 -0.143597 0
0.158723 -0.132576 0
0.145284 -0.216407 0
0.153714 -0.24283 0
0.164634 -0.22066 0
0.145176 -0.216486 0
0.132177 -0.24322 0
0.153604 -0.242903 0
0.160651 -0.18203 0
0.143177 -0.197725 0
0.162389 -0.202179 0
0.19788 -0.174459 0
0.178697 -0.166372 0
0.180026 -0.188196 0
0.129718 -0.112916 0
0.140203 -0.103313 0
0.128254 -0.0933038 0
0.172293 -0.0961785 0
0.19339 -0.103521 0
0.190627 -0.0805985 0
0.157048 -0.109684 0
0.172049 -0.0962294 0
0.153801 -0.0895052 0
0.175382 -0.117542 0
0.193337 -0.103645 0
0.172243 -0.0963031 0
0.159786 -0.156662 0
0.14257 -0.147766 0
0.143071 -0.171975 0
0.180199 -0.14371 0
0.160029 -0.156629 0
0.178571 -0.166163 0
0.158599 -0.132588 0
0.142621 -0.147632 0
0.159839 -0.156531 0
0.175293 -0.117796 0
0.158773 -0.132445 0
0.180183 -0.143468 0
0.145269 -0.121282 0
0.142574 -0.147514 0
0.158549 -0.13247 0
0.14035 -0.103395 0
0.145255 -0.121059 0
0.156912 -0.109815 0
0.159848 -0.156777 0
0.14313 -0.172089 0
0.160642 -0.181792 0
0.129733 -0.113133 0
0.128048 -0.140138 0
0.145122 -0.121192 0
0.127889 -0.14024 0
0.119169 -0.123144 0
0.108876 -0.141415 0
0.195581 -0.127043 0
0.193419 -0.103747 0
0.175458 -0.117645 0
0.125538 -0.213917 0
0.132083 -0.243127 0
0.145082 -0.216386 0
0.0585319 -0.210227 0
0.0405017 -0.21045 0
0.0426521 -0.231114 0
0.143075 -0.172228 0
0.143114 -0.197626 0
0.160585 -0.181928 0
0.178504 -0.166291 0
0.159966 -0.156758 0
0.160761 -0.181772 0
0.108793 -0.141371 0
0.119085 -0.123098 0
0.103061 -0.126937 0
0.142402 -0.14767 0
0.128021 -0.140385 0
0.12473 -0.160028 0
0.142472 -0.147541 0
0.145167 -0.121307 0
0.128088 -0.140254 0
0.0272909 -0.118649 0
0.0386757 -0.108196 0
0.0303567 -0.105068 0
0.0236734 -0.145391 0
0.0208311 -0.16003 0
0.0363448 -0.155172 0
0.0282326 -0.130925 0
0.0236858 -0.14525 0
0.0325094 -0.142191 0
0.0143785 -0.148548 0
0.0207555 -0.160008 0
0.0236001 -0.145369 0
0.00550899 -0.143579 0
0.0142944 -0.14846 0
0.0138588 -0.135563 0
0.00547551 -0.143657 0
0.00419557 -0.158538 0
0.0142631 -0.148537 0
0.0325721 -0.142145 0
0.0422234 -0.131646 0
0.028296 -0.130879 0
0.0139676 -0.135509 0
0.0236231 -0.145228 0
0.0281727 -0.130902 0
0.042369 -0.131589 0
0.0516281 -0.136653 0
0.0529837 -0.119346 0
0.0364525 -0.155112 0
0.0446216 -0.144991 0
0.032607 -0.14227 0
0.0365031 -0.155169 0
0.0474465 -0.159369 0
0.0446705 -0.14505 0
0.0517087 -0.136721 0
0.0612547 -0.142506 0
0.0581214 -0.128913 0
0.0379128 -0.171788 0
0.0507088 -0.175099 0
0.0474719 -0.159525 0
0.0290874 -0.165475 0
0.0378021 -0.171743 0
0.0364178 -0.155279 0
0.0208494 -0.160097 0
0.0290305 -0.165436 0
0.0363629 -0.155239 0
0.0210364 -0.176296 0
0.0377525 -0.171812 0
0.0290358 -0.165545 0
0.038013 -0.191115 0
0.0544151 -0.19203 0
0.050733 -0.175272 0
0.074023 -0.148353 0
0.0875653 -0.154551 0
0.0827876 -0.136326 0
0.0659092 -0.176515 0
0.0756724 -0.163806 0
0.0613615 -0.161495 0
0.0659561 -0.17667 0
0.0722296 -0.19145 0
0.0789703 -0.180062 0
0.0632537 -0.229008 0
0.0773831 -0.20913 0
0.0587223 -0.210218 0
0.140378 -0.103289 0
0.156941 -0.109709 0
0.153696 -0.0895279 0
0.129647 -0.113139 0
0.119238 -0.123049 0
0.127961 -0.140146 0
0.14026 -0.103406 0
0.129773 -0.11301 0
0.145164 -0.12107 0
0.119906 -0.104172 0
0.119212 -0.122928 0
0.129619 -0.113019 0
0.115995 -0.0862709 0
0.119891 -0.103983 0
0.12814 -0.0932169 0
0.105102 -0.108964 0
0.119129 -0.122915 0
0.119824 -0.104158 0
0.160773 -0.181999 0
0.162513 -0.202148 0
0.179846 -0.188341 0
0.0790635 -0.179944 0
0.0902198 -0.168964 0
0.0758118 -0.163844 0
0.0775275 -0.208918 0
0.0929809 -0.183945 0
0.0723159 -0.19157 0
0.124778 -0.160134 0
0.142953 -0.171988 0
0.142454 -0.147776 0
0.0903759 -0.169004 0
0.0931435 -0.183747 0
0.10866 -0.171926 0
0.0997032 -0.155179 0
0.0903984 -0.168908 0
0.108682 -0.171831 0
0.0875972 -0.154711 0
0.075841 -0.163758 0
0.0902479 -0.16888 0
0.108812 -0.17199 0
0.105034 -0.19376 0
0.123939 -0.177626 0
0.125387 -0.213741 0
0.123127 -0.195734 0
0.108564 -0.211824 0
0.108828 -0.171756 0
0.124553 -0.160114 0
0.108831 -0.141647 0
0.10493 -0.193782 0
0.10871 -0.17201 0
0.093192 -0.18383 0
0.105081 -0.193838 0
0.12311 -0.195553 0
0.123988 -0.177706 0
0.125575 -0.213762 0
0.145118 -0.216232 0
0.143004 -0.197879 0
0.124005 -0.177515 0
0.124605 -0.160233 0
0.108878 -0.171876 0
0.142924 -0.19769 0
0.124114 -0.177721 0
0.123237 -0.195566 0
0.14289 -0.172086 0
0.124718 -0.160235 0
0.124119 -0.177515 0
0.0545808 -0.192035 0
0.0721483 -0.19149 0
0.065875 -0.17671 0
0.0930482 -0.18401 0
0.0775953 -0.208979 0
0.09246 -0.210208 0
0.0545556 -0.192148 0
0.0586758 -0.210035 0
0.0721255 -0.1916 0
0.0926025 -0.210368 0
0.105219 -0.228892 0
0.108394 -0.211925 0
0.0633365 -0.229062 0
0.0831758 -0.227276 0
0.0774643 -0.20919 0
0.0427294 -0.231174 0
0.0631376 -0.22908 0
0.0586068 -0.210292 0
0.0682341 -0.248399 0
0.0831462 -0.227407 0
0.0633044 -0.229196 0
0.089714 -0.245853 0
0.110674 -0.244187 0
0.105218 -0.229118 0
0.145242 -0.216194 0
0.162337 -0.202293 0
0.143126 -0.197841 0
0.0645457 -0.0718609 0
0.0721699 -0.077749 0
0.0691101 -0.0643482 0
0.0492223 -0.0836469 0
0.0539148 -0.0862747 0
0.0543284 -0.0785317 0
0.075918 -0.096739 0
0.0718131 -0.109 0
0.0820222 -0.103127 0
0.077729 -0.083987 0
0.0722189 -0.0778769 0
0.0703716 -0.0905685 0
0.089678 -0.0819168 0
0.0824428 -0.0751519 0
0.083986 -0.0905095 0
0.0759128 -0.068817 0
0.0722373 -0.0778037 0
0.0777479 -0.0839143 0
0.0666408 -0.083435 0
0.0591677 -0.0892402 0
0.063567 -0.097566 0
0.180323 -0.143691 0
0.178695 -0.166143 0
0.197042 -0.150871 0
0.195611 -0.127287 0
0.180379 -0.14356 0
0.197101 -0.150741 0
0.158598 -0.132344 0
0.156975 -0.109911 0
0.145315 -0.121156 0
0.150612 -0.0675089 0
0.134621 -0.0618885 0
0.137644 -0.0830155 0
0.0916352 -0.125594 0
0.102903 -0.126852 0
0.0891232 -0.113268 0
0.0772862 -0.120113 0
0.091549 -0.125571 0
0.0890385 -0.113244 0
0.0942666 -0.138781 0
0.102921 -0.126937 0
0.0916524 -0.12568 0
0.158698 -0.132332 0
0.175214 -0.117684 0
0.157074 -0.1099 0
0.129649 -0.11292 0
0.128187 -0.0933056 0
0.119936 -0.104073 0
-0.404141 0.328429 0
-0.3975 0.296661 0
-0.372315 0.32517 0
-0.374145 0.28359 0
-0.397461 0.296309 0
-0.390848 0.264875 0
-0.363037 0.24978 0
-0.374028 0.283433 0
-0.390733 0.264719 0
-0.357082 0.30256 0
-0.397349 0.296437 0
-0.374031 0.283717 0
-0.318483 0.281789 0
-0.356707 0.30245 0
-0.340711 0.265919 0
-0.372157 0.325083 0
-0.397343 0.296575 0
-0.357076 0.302699 0
-0.340554 0.265767 0
-0.30977 0.256465 0
-0.318324 0.281633 0
-0.36287 0.249784 0
-0.340918 0.26575 0
-0.373861 0.283437 0
-0.333051 0.23876 0
-0.30982 0.256323 0
-0.340603 0.265622 0
-0.339795 0.321901 0
-0.371964 0.325169 0
-0.356882 0.302783 0
-0.384358 0.233438 0
-0.356348 0.220782 0
-0.362957 0.249467 0
-0.32703 0.206542 0
-0.333161 0.238444 0
-0.356058 0.220656 0
-0.310792 0.18341 0
-0.287325 0.169428 0
-0.30124 0.203678 0
-0.292853 0.135591 0
-0.301392 0.15856 0
-0.316863 0.147448 0
-0.287198 0.169416 0
-0.273051 0.179705 0
-0.301114 0.203664 0
-0.275785 0.148369 0
-0.287208 0.169161 0
-0.301236 0.158675 0
-0.275657 0.148368 0
-0.26307 0.158213 0
-0.28708 0.169159 0
-0.269574 0.125883 0
-0.275697 0.148148 0
-0.29261 0.135484 0
-0.239991 0.172231 0
-0.239246 0.151655 0
-0.217163 0.145725 0
-0.269445 0.125893 0
-0.254074 0.138261 0
-0.275568 0.148156 0
-0.269347 0.125797 0
-0.245945 0.119731 0
-0.253974 0.138167 0
-0.250414 0.235795 0
-0.215127 0.236899 0
-0.229205 0.259755 0
-0.299354 0.225919 0
-0.258075 0.216891 0
-0.276366 0.249509 0
-0.24295 0.192156 0
-0.240019 0.172505 0
-0.221908 0.186689 0
-0.235428 0.209695 0
-0.242935 0.192281 0
-0.221893 0.186812 0
-0.265163 0.198017 0
-0.240165 0.172541 0
-0.243095 0.192194 0
-0.310792 0.183259 0
-0.301353 0.158792 0
-0.287327 0.169278 0
-0.326773 0.206302 0
-0.310924 0.183534 0
-0.301374 0.203802 0
-0.327007 0.206223 0
-0.354567 0.191751 0
-0.327681 0.171573 0
-0.167304 0.139237 0
-0.185815 0.135076 0
-0.16971 0.126437 0
-0.197124 0.149832 0
-0.188666 0.169547 0
-0.209308 0.165786 0
-0.147044 0.141265 0
-0.155566 0.153159 0
-0.167127 0.139348 0
-0.164969 0.16635 0
-0.188453 0.16956 0
-0.177392 0.1538 0
-0.13245 0.145935 0
-0.135631 0.162921 0
-0.155412 0.153255 0
-0.174919 0.18073 0
-0.188444 0.169652 0
-0.164962 0.166439 0
-0.177391 0.153595 0
-0.185839 0.135169 0
-0.167331 0.139327 0
-0.318142 0.281661 0
-0.309586 0.256493 0
-0.286258 0.273828 0
-0.306577 0.318011 0
-0.318132 0.281865 0
-0.286248 0.27403 0
-0.339615 0.321754 0
-0.356704 0.302638 0
-0.318479 0.281974 0
-0.344525 0.159083 0
-0.354776 0.191594 0
-0.373355 0.171662 0
-0.327105 0.206387 0
-0.356129 0.220499 0
-0.354661 0.191916 0
-0.344371 0.159082 0
-0.327741 0.171415 0
-0.354623 0.191593 0
-0.301336 0.203943 0
-0.299666 0.225732 0
-0.326736 0.206445 0
-0.363074 0.249614 0
-0.390767 0.264551 0
-0.384471 0.233585 0
-0.333283 0.238588 0
-0.362786 0.249484 0
-0.356176 0.2208 0
-0.33323 0.238737 0
-0.34078 0.2656 0
-0.362735 0.249635 0
-0.356892 0.302456 0
-0.373842 0.283615 0
-0.340897 0.265925 0
-0.384408 0.233281 0
-0.378645 0.202645 0
-0.356403 0.220626 0
-0.239348 0.151508 0
-0.253833 0.138305 0
-0.233805 0.135436 0
-0.287072 0.169264 0
-0.26306 0.158317 0
-0.272922 0.179554 0
-0.275547 0.148264 0
-0.254051 0.138369 0
-0.262958 0.15811 0
-0.0497972 0.178199 0
-0.0428046 0.161679 0
-0.0364219 0.174328 0
-0.039079 0.191263 0
-0.0497826 0.178298 0
-0.0364104 0.174428 0
-0.0620991 0.198163 0
-0.0794478 0.202752 0
-0.0736084 0.184378 0
-0.0775995 0.162081 0
-0.0659426 0.167518 0
-0.0861916 0.176796 0
-0.05838 0.152608 0
-0.0469304 0.149664 0
-0.0522505 0.160617 0
-0.089648 0.162777 0
-0.102084 0.163367 0
-0.0782387 0.14846 0
-0.0776516 0.161971 0
-0.0895659 0.162772 0
-0.0781561 0.148454 0
-0.0776797 0.162066 0
-0.0862719 0.176779 0
-0.0895917 0.162867 0
-0.100829 0.248794 0
-0.119306 0.233449 0
-0.0893494 0.224433 0
-0.119598 0.233521 0
-0.130039 0.257747 0
-0.1462 0.23794 0
-0.13483 0.215361 0
-0.119612 0.233381 0
-0.146219 0.237796 0
-0.08909 0.22436 0
-0.0671239 0.218351 0
-0.0759378 0.241383 0
-0.107767 0.212401 0
-0.0893695 0.224313 0
-0.119333 0.233324 0
-0.0737494 0.184276 0
-0.0982973 0.193408 0
-0.0862866 0.176956 0
-0.0890895 0.224161 0
-0.0794996 0.202886 0
-0.0621513 0.198295 0
-0.107664 0.212196 0
-0.0983876 0.193588 0
-0.0796777 0.202831 0
-0.073505 0.184296 0
-0.0499827 0.178354 0
-0.0620025 0.198081 0
-0.100962 0.248907 0
-0.129887 0.257783 0
-0.119445 0.233559 0
-0.127165 0.169256 0
-0.117639 0.155312 0
-0.102338 0.163412 0
-0.310891 0.121114 0
-0.285283 0.112959 0
-0.292779 0.135351 0
-0.304319 0.0646562 0
-0.305819 0.0932129 0
-0.330804 0.0726098 0
-0.279829 0.0868376 0
-0.285222 0.112705 0
-0.305585 0.0934204 0
-0.241255 0.0961274 0
-0.261196 0.105444 0
-0.255842 0.0810278 0
-0.269607 0.125765 0
-0.292641 0.135366 0
-0.285144 0.112975 0
-0.24597 0.119622 0
-0.26937 0.125688 0
-0.261257 0.105672 0
-0.209659 0.202364 0
-0.185829 0.195394 0
-0.198249 0.217498 0
-0.221781 0.186846 0
-0.209903 0.20231 0
-0.235318 0.209729 0
-0.198642 0.185191 0
-0.188557 0.169714 0
-0.175032 0.180793 0
-0.221659 0.186765 0
-0.198869 0.18532 0
-0.20978 0.202227 0
-0.221658 0.186643 0
-0.209423 0.165962 0
-0.198866 0.1852 0
-0.207857 0.0779811 0
-0.215623 0.0673112 0
-0.193339 0.0717985 0
-0.20014 0.0883107 0
-0.207805 0.0780517 0
-0.193285 0.0718701 0
-0.200226 0.0883818 0
-0.218829 0.0933503 0
-0.207891 0.0781242 0
-0.245249 0.0669547 0
-0.255838 0.0807692 0
-0.255979 0.0573754 0
-0.232308 0.0790073 0
-0.245101 0.0669365 0
-0.235064 0.0536927 0
-0.232379 0.0790973 0
-0.25576 0.0808412 0
-0.24517 0.0670276 0
-0.0728784 0.106561 0
-0.0819008 0.103484 0
-0.0662456 0.0996745 0
-0.114984 0.123388 0
-0.102661 0.116809 0
-0.106062 0.128443 0
-0.104161 0.098462 0
-0.100414 0.105119 0
-0.112882 0.103006 0
-0.214827 0.236859 0
-0.187273 0.23065 0
-0.203032 0.25297 0
-0.332972 0.238461 0
-0.326841 0.20656 0
-0.299774 0.225847 0
-0.198272 0.21773 0
-0.187256 0.230534 0
-0.214812 0.23674 0
-0.198133 0.217521 0
-0.185711 0.195418 0
-0.174816 0.209414 0
-0.187122 0.230441 0
-0.198137 0.21764 0
-0.174822 0.209529 0
-0.225171 0.223403 0
-0.25047 0.23558 0
-0.235464 0.209962 0
-0.257018 0.266692 0
-0.276201 0.24971 0
-0.250712 0.235857 0
-0.245739 0.119667 0
-0.228033 0.109437 0
-0.233739 0.135235 0
-0.121685 0.196132 0
-0.11162 0.178927 0
-0.0985395 0.193456 0
-0.107806 0.212174 0
-0.121669 0.196244 0
-0.0985297 0.193566 0
-0.13484 0.215124 0
-0.146458 0.203821 0
-0.121924 0.196287 0
-0.161664 0.191546 0
-0.134929 0.186347 0
-0.146592 0.203708 0
-0.161667 0.191456 0
-0.146978 0.177288 0
-0.134929 0.18626 0
-0.306427 0.318122 0
-0.286095 0.274133 0
-0.273338 0.313842 0
-0.306755 0.318176 0
-0.339448 0.321807 0
-0.31831 0.282023 0
-0.339084 0.130474 0
-0.344457 0.158776 0
-0.368751 0.140684 0
-0.275804 0.148257 0
-0.301254 0.158562 0
-0.292715 0.135595 0
-0.354893 0.191739 0
-0.378603 0.202343 0
-0.373467 0.171807 0
-0.327452 0.171386 0
-0.301488 0.158799 0
-0.310927 0.183267 0
-0.356301 0.220487 0
-0.378548 0.202506 0
-0.354834 0.191902 0
-0.327614 0.171268 0
-0.344247 0.158934 0
-0.317123 0.147568 0
-0.301509 0.158679 0
-0.327471 0.171266 0
-0.316979 0.147568 0
-0.311012 0.183425 0
-0.326859 0.206194 0
-0.327535 0.171546 0
-0.368863 0.140823 0
-0.344574 0.158913 0
-0.373401 0.171491 0
-0.33891 0.130497 0
-0.317162 0.147432 0
-0.344284 0.158798 0
-0.364756 0.109559 0
-0.339153 0.130309 0
-0.368817 0.140519 0
-0.311151 0.121212 0
-0.317049 0.147306 0
-0.3388 0.130371 0
-0.364643 0.109423 0
-0.334481 0.100213 0
-0.339036 0.130175 0
-0.115053 0.123446 0
-0.106132 0.128501 0
-0.123283 0.133993 0
-0.263443 -0.0661669 0
-0.241054 -0.0627692 0
-0.244455 -0.0429466 0
-0.291838 -0.0166827 0
-0.291205 -0.0452998 0
-0.269157 -0.0390077 0
-0.263532 -0.0913522 0
-0.266295 -0.112471 0
-0.245486 -0.105201 0
-0.187538 -0.0709063 0
-0.19823 -0.0613152 0
-0.201695 -0.0780661 0
-0.1837 -0.093984 0
-0.185522 -0.0826191 0
-0.20164 -0.0782152 0
-0.17166 -0.0675894 0
-0.183498 -0.0552529 0
-0.187388 -0.0708512 0
-0.207139 -0.036919 0
-0.22555 -0.0381996 0
-0.222259 -0.0562059 0
-0.171592 -0.0675315 0
-0.16748 -0.0533909 0
-0.183432 -0.0551935 0
-0.205923 -0.0236203 0
-0.204823 -0.0106725 0
-0.222593 -0.01555 0
-0.190021 -0.0357491 0
-0.205822 -0.0237755 0
-0.206965 -0.0368021 0
-0.189945 -0.0356964 0
-0.184634 -0.0208614 0
-0.205747 -0.0237214 0
-0.187612 -0.010057 0
-0.204636 -0.0106437 0
-0.184623 -0.0207313 0
-0.168627 -0.0214099 0
-0.171966 -0.00963056 0
-0.18445 -0.0207663 0
-0.189423 0.00500403 0
-0.205878 0.00111682 0
-0.187632 -0.00993146 0
-0.256498 -0.00206756 0
-0.247056 0.0116873 0
-0.269837 0.0121538 0
-0.266633 -0.0159257 0
-0.256563 -0.00216015 0
-0.269902 0.0120606 0
-0.243695 -0.0156087 0
-0.246968 0.0115935 0
-0.25641 -0.0021607 0
-0.240804 -0.0629041 0
-0.22078 -0.081845 0
-0.212005 -0.0675328 0
-0.176804 -0.125197 0
-0.188991 -0.112165 0
-0.2048 -0.131218 0
-0.184895 -0.143575 0
-0.17679 -0.125301 0
-0.204786 -0.131325 0
-0.171124 -0.11255 0
-0.166069 -0.101039 0
-0.183533 -0.0941608 0
-0.158256 -0.12145 0
-0.171075 -0.112721 0
-0.176588 -0.125165 0
-0.158163 -0.121391 0
-0.149051 -0.107488 0
-0.170983 -0.112662 0
-0.152304 -0.151122 0
-0.145694 -0.13494 0
-0.164386 -0.138216 0
-0.149077 -0.107421 0
-0.165953 -0.101084 0
-0.17101 -0.112593 0
-0.144979 -0.117211 0
-0.148963 -0.107504 0
-0.158076 -0.121405 0
-0.144893 -0.117184 0
-0.132548 -0.113292 0
-0.148877 -0.107478 0
-0.145646 -0.134772 0
-0.144968 -0.117303 0
-0.158064 -0.121498 0
-0.14555 -0.13478 0
-0.12909 -0.124127 0
-0.14487 -0.117312 0
-0.164406 -0.138117 0
-0.145712 -0.134842 0
-0.158129 -0.121568 0
-0.115998 -0.143804 0
-0.107411 -0.151744 0
-0.100233 -0.139682 0
-0.12893 -0.124175 0
-0.130987 -0.135644 0
-0.111935 -0.130797 0
-0.13323 -0.148181 0
-0.121579 -0.161047 0
-0.116157 -0.143863 0
-0.113961 -0.11461 0
-0.126098 -0.105725 0
-0.132368 -0.113277 0
-0.0919474 -0.116002 0
-0.113745 -0.114678 0
-0.102099 -0.123177 0
-0.107633 -0.0983513 0
-0.128241 -0.0934104 0
-0.126064 -0.105603 0
-0.15188 -0.0863914 0
-0.171127 -0.0865288 0
-0.165963 -0.100926 0
-0.171618 -0.0676941 0
-0.187347 -0.0709562 0
-0.171263 -0.0863674 0
-0.159356 -0.202055 0
-0.178307 -0.186715 0
-0.193208 -0.202847 0
-0.144277 -0.214392 0
-0.159155 -0.202194 0
-0.167036 -0.217118 0
-0.148793 -0.184667 0
-0.178158 -0.186655 0
-0.159207 -0.201993 0
-0.129111 -0.176702 0
-0.148547 -0.184612 0
-0.134922 -0.195387 0
-0.162088 -0.175977 0
-0.178168 -0.186567 0
-0.148802 -0.184581 0
-0.147036 -0.166259 0
-0.161983 -0.175909 0
-0.148698 -0.184512 0
-0.147047 -0.166148 0
-0.152301 -0.151351 0
-0.161996 -0.175797 0
-0.121668 -0.161217 0
-0.146834 -0.166185 0
-0.12906 -0.176527 0
-0.152493 -0.151239 0
-0.184735 -0.143773 0
-0.18142 -0.16429 0
-0.107483 -0.151815 0
-0.11607 -0.143875 0
-0.121494 -0.161059 0
-0.158234 -0.121535 0
-0.176565 -0.125251 0
-0.164509 -0.138085 0
-0.111713 -0.130825 0
-0.100172 -0.139561 0
-0.0934533 -0.128669 0
-0.113811 -0.114727 0
-0.111788 -0.130723 0
-0.102165 -0.123226 0
-0.131015 -0.135767 0
-0.133263 -0.148095 0
-0.116188 -0.143779 0
-0.111893 -0.130861 0
-0.130943 -0.13571 0
-0.116116 -0.143721 0
-0.129044 -0.124187 0
-0.145505 -0.134841 0
-0.131099 -0.135657 0
-0.146952 -0.166055 0
-0.133437 -0.148221 0
-0.152205 -0.151259 0
-0.116014 -0.143734 0
-0.100247 -0.139612 0
-0.111789 -0.130875 0
-0.206668 -0.115068 0
-0.225709 -0.0987527 0
-0.225113 -0.118379 0
-0.214901 -0.216806 0
-0.236625 -0.198014 0
-0.245772 -0.224928 0
-0.14417 -0.214318 0
-0.135008 -0.195571 0
-0.159048 -0.202122 0
-0.250185 -0.126538 0
-0.24544 -0.105319 0
-0.266251 -0.112589 0
-0.230806 -0.147715 0
-0.250099 -0.126805 0
-0.255551 -0.149922 0
-0.225325 -0.11844 0
-0.245303 -0.10534 0
-0.250048 -0.126557 0
-0.230703 -0.14761 0
-0.225275 -0.118581 0
-0.249999 -0.1267 0
-0.206466 -0.115046 0
-0.189079 -0.112023 0
-0.20135 -0.098749 0
-0.205019 -0.131207 0
-0.206598 -0.115176 0
-0.225044 -0.118488 0
-0.204898 -0.131185 0
-0.189091 -0.112131 0
-0.206477 -0.115155 0
-0.144005 -0.214469 0
-0.126601 -0.231838 0
-0.118583 -0.210438 0
-0.00641462 -0.122032 0
-0.0132615 -0.134702 0
0.00269565 -0.131558 0
0.0053358 -0.108907 0
-0.00384873 -0.111239 0
0.00397532 -0.119551 0
-0.016067 -0.123579 0
-0.0133269 -0.134675 0
-0.00647715 -0.122005 0
-0.00820855 -0.107326 0
-0.00144554 -0.101619 0
-0.0123692 -0.103805 0
0.0039376 -0.119594 0
-0.00388952 -0.111283 0
-0.00637869 -0.121914 0
0.00531864 -0.108846 0
-0.00137383 -0.101648 0
-0.0038675 -0.111179 0
-0.0275167 -0.124783 0
-0.0259008 -0.136326 0
-0.0161791 -0.123595 0
-0.0380608 -0.121621 0
-0.0517021 -0.130484 0
-0.042034 -0.132066 0
-0.0341896 -0.11213 0
-0.0484954 -0.119942 0
-0.0380231 -0.121519 0
-0.0441683 -0.102188 0
-0.0454383 -0.110478 0
-0.0365014 -0.103103 0
-0.0523171 -0.101164 0
-0.0618288 -0.107737 0
-0.0535474 -0.109172 0
-0.0651981 -0.129946 0
-0.0810855 -0.12218 0
-0.081872 -0.135129 0
-0.0455334 -0.110592 0
-0.0605167 -0.119206 0
-0.0486093 -0.119929 0
-0.0619582 -0.107796 0
-0.0761391 -0.112223 0
-0.068266 -0.115744 0
-0.0437798 -0.160542 0
-0.058478 -0.171062 0
-0.0368325 -0.181131 0
-0.0377621 -0.149594 0
-0.0436978 -0.160415 0
-0.0330853 -0.164506 0
-0.0545473 -0.156473 0
-0.0585404 -0.170979 0
-0.0438385 -0.16046 0
-0.0352503 -0.136373 0
-0.0505817 -0.143253 0
-0.0377913 -0.149442 0
-0.0654337 -0.143391 0
-0.0785386 -0.153936 0
-0.06697 -0.163223 0
-0.0650466 -0.13 0
-0.065338 -0.143202 0
-0.0518707 -0.130549 0
-0.0932896 -0.128625 0
-0.0819658 -0.135124 0
-0.0811819 -0.122175 0
-0.0878212 -0.147237 0
-0.065511 -0.143277 0
-0.0818945 -0.135257 0
-0.0585424 -0.171152 0
-0.0627416 -0.187398 0
-0.0368935 -0.181222 0
-0.138912 -0.0248802 0
-0.143112 -0.0161032 0
-0.149394 -0.0274775 0
-0.126783 -0.0263296 0
-0.138807 -0.0249344 0
-0.134559 -0.0335103 0
-0.126772 -0.0262726 0
-0.13125 -0.016487 0
-0.138796 -0.0248775 0
-0.113258 -0.0334768 0
-0.116747 -0.0260281 0
-0.123397 -0.0334267 0
-0.131305 -0.016452 0
-0.143052 -0.0160651 0
-0.138851 -0.0248439 0
-0.116783 -0.0259483 0
-0.120482 -0.0169795 0
-0.126662 -0.0262783 0
-0.124015 0.000879154 0
-0.124467 0.00920817 0
-0.13496 0.0094227 0
-0.122747 -0.00743749 0
-0.124007 0.000796647 0
-0.134533 0.00159866 0
-0.122679 -0.00744456 0
-0.114392 -4.70443e-06 0
-0.12394 0.000791255 0
-0.114355 -3.78134e-05 0
-0.122642 -0.00747629 0
-0.112967 -0.0088316 0
-0.145398 -0.0047414 0
-0.159275 0.00322761 0
-0.157733 -0.00625865 0
-0.131286 -0.0163981 0
-0.13316 -0.00888744 0
-0.143032 -0.0160118 0
-0.146803 0.00962307 0
-0.159239 0.00328053 0
-0.145361 -0.00468858 0
-0.314654 -0.0745972 0
-0.288338 -0.0701452 0
-0.317692 -0.0472686 0
-0.346355 -0.0490478 0
-0.314847 -0.0745278 0
-0.317887 -0.0471971 0
-0.3137 -0.102198 0
-0.288789 -0.095373 0
-0.314641 -0.0748662 0
-0.222435 -0.0563068 0
-0.244317 -0.0429132 0
-0.240916 -0.0627362 0
-0.130532 -0.0416883 0
-0.134587 -0.0336117 0
-0.143297 -0.039941 0
-0.119338 -0.0424861 0
-0.130424 -0.0417502 0
-0.126414 -0.0495594 0
-0.119328 -0.0424327 0
-0.123463 -0.0335099 0
-0.130414 -0.0416962 0
-0.322893 0.0124732 0
-0.297988 0.036227 0
-0.325911 0.0427065 0
-0.319447 -0.0178738 0
-0.323056 0.0121956 0
-0.3535 0.0138997 0
-0.319242 -0.0179747 0
-0.292113 -0.0164195 0
-0.32285 0.0120935 0
-0.206646 0.0167311 0
-0.189436 0.00515786 0
-0.190669 0.0202125 0
-0.204832 -0.010528 0
-0.206055 0.00110707 0
-0.225032 0.00277885 0
-0.204707 -0.010571 0
-0.187684 -0.00998327 0
-0.205929 0.00106451 0
-0.304387 0.0644873 0
-0.33087 0.0724412 0
-0.325959 0.0430022 0
-0.272196 0.0324103 0
-0.278288 0.0636788 0
-0.29766 0.0363641 0
-0.278174 0.064009 0
-0.256029 0.0808562 0
-0.27964 0.0866325 0
-0.226828 0.0338484 0
-0.22599 0.0184163 0
-0.206889 0.0168214 0
-0.222666 -0.0156872 0
-0.225551 -0.0380638 0
-0.207141 -0.036783 0
-0.225087 0.00272278 0
-0.222657 -0.0154621 0
-0.204888 -0.0105835 0
-0.243512 -0.0158192 0
-0.225673 -0.0379942 0
-0.222789 -0.0156162 0
-0.246864 0.0116106 0
-0.243591 -0.0155927 0
-0.225298 0.00279618 0
-0.266506 -0.0161541 0
-0.244474 -0.042623 0
-0.243721 -0.015837 0
-0.207047 -0.0369976 0
-0.222168 -0.056282 0
-0.198365 -0.0611293 0
-0.225217 0.00270472 0
-0.243511 -0.0156828 0
-0.222787 -0.015479 0
-0.244267 -0.0428302 0
-0.222384 -0.0562253 0
-0.225674 -0.0382195 0
-0.331165 0.0724959 0
-0.36092 0.0776468 0
-0.357289 0.0461086 0
-0.28504 0.112875 0
-0.261388 0.105649 0
-0.269501 0.125666 0
-0.311098 0.120932 0
-0.334192 0.100129 0
-0.305853 0.0934926 0
-0.316895 0.147322 0
-0.310996 0.12123 0
-0.292886 0.135466 0
-0.338857 0.130213 0
-0.334301 0.100253 0
-0.31121 0.121054 0
-0.27968 0.0868789 0
-0.261423 0.105518 0
-0.285073 0.112745 0
-0.278335 0.0639542 0
-0.279801 0.0865785 0
-0.304058 0.0646047 0
-0.297766 0.0364719 0
-0.278396 0.0637857 0
-0.304117 0.0644365 0
-0.25609 0.057365 0
-0.255949 0.0807588 0
-0.278096 0.0639102 0
-0.255971 0.0809958 0
-0.261325 0.105413 0
-0.279584 0.0867714 0
-0.304148 0.0647038 0
-0.279894 0.0866761 0
-0.305648 0.0932595 0
-0.114368 7.96082e-05 0
-0.114855 0.00902123 0
-0.124368 0.00920506 0
-0.263457 -0.0912557 0
-0.245408 -0.105106 0
-0.243476 -0.0838853 0
-0.263514 -0.0663994 0
-0.263517 -0.0911261 0
-0.243538 -0.0837555 0
-0.28846 -0.095462 0
-0.266439 -0.112439 0
-0.263677 -0.0913189 0
-0.289608 -0.151013 0
-0.255804 -0.149955 0
-0.266627 -0.133354 0
-0.312274 -0.130487 0
-0.289865 -0.150912 0
-0.287928 -0.122078 0
-0.292292 -0.182981 0
-0.269239 -0.203924 0
-0.262104 -0.17582 0
-0.243269 -0.0838325 0
-0.225818 -0.0985262 0
-0.220835 -0.0820177 0
-0.197741 -0.182161 0
-0.200588 -0.15971 0
-0.217607 -0.177452 0
-0.152418 -0.151344 0
-0.181344 -0.164398 0
-0.16211 -0.175792 0
-0.184896 -0.143799 0
-0.200426 -0.159539 0
-0.18158 -0.164318 0
-0.164517 -0.138246 0
-0.184679 -0.143685 0
-0.152435 -0.151153 0
-0.133431 -0.148118 0
-0.145589 -0.134973 0
-0.152201 -0.151155 0
-0.176654 -0.125325 0
-0.184761 -0.143597 0
-0.164598 -0.138159 0
-0.239553 -0.176598 0
-0.255618 -0.150182 0
-0.261881 -0.17562 0
-0.207133 -0.145733 0
-0.230479 -0.14781 0
-0.200663 -0.159491 0
-0.184983 -0.143737 0
-0.206981 -0.14572 0
-0.200511 -0.159476 0
-0.20504 -0.131405 0
-0.230494 -0.147714 0
-0.207148 -0.145639 0
-0.2051 -0.131315 0
-0.225123 -0.118597 0
-0.230553 -0.147624 0
-0.201474 -0.0987035 0
-0.225631 -0.0986862 0
-0.206588 -0.115002 0
-0.23949 -0.176756 0
-0.261818 -0.17578 0
-0.236761 -0.197716 0
-0.217867 -0.177561 0
-0.239342 -0.176762 0
-0.236614 -0.197721 0
-0.217845 -0.177395 0
-0.230642 -0.147972 0
-0.239322 -0.176595 0
-0.266494 -0.133273 0
-0.25567 -0.149873 0
-0.25022 -0.126756 0
-0.287698 -0.121959 0
-0.266655 -0.133133 0
-0.266447 -0.112667 0
-0.287774 -0.122088 0
-0.289713 -0.15092 0
-0.266735 -0.133261 0
-0.289712 -0.151265 0
-0.292359 -0.182804 0
-0.262173 -0.175645 0
-0.243319 -0.0837131 0
-0.220886 -0.0818989 0
-0.240907 -0.0629592 0
-0.225242 -0.118347 0
-0.225839 -0.0987187 0
-0.245222 -0.105246 0
-0.201521 -0.0985938 0
-0.220694 -0.0820684 0
-0.225678 -0.098575 0
-0.272056 0.0324802 0
-0.256145 0.0572024 0
-0.278149 0.0637486 0
-0.247037 0.0118694 0
-0.248706 0.0321985 0
-0.271928 0.0322229 0
-0.266546 -0.0160181 0
-0.243762 -0.0157005 0
-0.256476 -0.00225329 0
-0.225239 0.00291041 0
-0.226118 0.0182954 0
-0.246806 0.0117247 0
-0.226998 0.034017 0
-0.235058 0.0534257 0
-0.248516 0.0323433 0
-0.246883 0.0118226 0
-0.226197 0.018394 0
-0.248552 0.0321525 0
-0.183348 0.0394902 0
-0.168937 0.0368155 0
-0.180374 0.0502237 0
-0.215655 0.0671689 0
-0.214456 0.0546086 0
-0.196833 0.052329 0
-0.174415 0.0239679 0
-0.17359 0.00425991 0
-0.16033 0.0158951 0
-0.17354 0.00419107 0
-0.159378 0.00333093 0
-0.16028 0.0158252 0
-0.156778 -0.0399609 0
-0.143435 -0.0399157 0
-0.149454 -0.0276082 0
-0.162737 -0.030868 0
-0.171417 -0.040171 0
-0.156917 -0.0399722 0
-0.184465 -0.0208324 0
-0.176538 -0.0294808 0
-0.168642 -0.0214764 0
-0.184536 -0.0208811 0
-0.189847 -0.0357159 0
-0.176609 -0.0295284 0
-0.152534 -0.0517801 0
-0.139033 -0.050557 0
-0.143385 -0.0400326 0
-0.171432 -0.0402465 0
-0.16739 -0.0532499 0
-0.156932 -0.0400475 0
-0.156956 -0.0647972 0
-0.171481 -0.0676467 0
-0.160476 -0.0784457 0
-0.152592 -0.0519024 0
-0.156836 -0.0646903 0
-0.143377 -0.0622114 0
-0.16739 -0.0534237 0
-0.171504 -0.0675627 0
-0.15698 -0.0647134 0
-0.134564 0.00156595 0
-0.133103 -0.00879837 0
-0.122778 -0.00746934 0
-0.146686 0.00966654 0
-0.13465 0.00168436 0
-0.135069 0.00942607 0
-0.146721 0.00961868 0
-0.145279 -0.0046952 0
-0.134684 0.00163658 0
-0.149451 -0.0274474 0
-0.14317 -0.0160722 0
-0.15608 -0.0157804 0
-0.134508 -0.0335382 0
-0.123502 -0.0334279 0
-0.126731 -0.0263587 0
-0.14336 -0.0398946 0
-0.134651 -0.0335637 0
-0.149381 -0.0275858 0
-0.116695 -0.0260019 0
-0.113204 -0.0334523 0
-0.107648 -0.0258297 0
-0.110676 -0.0175597 0
-0.116686 -0.025949 0
-0.10764 -0.0257765 0
-0.126672 -0.0263329 0
-0.123442 -0.0334033 0
-0.116793 -0.0260034 0
-0.130465 -0.0416672 0
-0.123514 -0.0334793 0
-0.134521 -0.0335896 0
-0.113161 -0.0334773 0
-0.103836 -0.0336653 0
-0.107605 -0.0258566 0
-0.11927 -0.0424061 0
-0.113266 -0.0335318 0
-0.123405 -0.0334818 0
-0.108984 -0.0406219 0
-0.0993621 -0.0410764 0
-0.103794 -0.0337408 0
-0.119223 -0.0424292 0
-0.109083 -0.0406258 0
-0.113217 -0.0335566 0
-0.109037 -0.0406973 0
-0.114801 -0.0488347 0
-0.104191 -0.0483094 0
-0.232364 0.079195 0
-0.241158 0.0960399 0
-0.255747 0.0809386 0
-0.255911 0.0572836 0
-0.235144 0.0536189 0
-0.24518 0.0668636 0
-0.182707 0.0839869 0
-0.170195 0.0755756 0
-0.161796 0.0856699 0
-0.182839 0.0839043 0
-0.193131 0.0718086 0
-0.178864 0.06413 0
-0.189037 0.099795 0
-0.182805 0.0840995 0
-0.172962 0.0946679 0
-0.189218 0.0998351 0
-0.209375 0.102311 0
-0.200132 0.0884852 0
-0.215585 0.0672255 0
-0.196762 0.0523873 0
-0.193301 0.0717134 0
-0.214584 0.0546128 0
-0.215784 0.0671726 0
-0.234908 0.0536104 0
-0.226884 0.0340914 0
-0.214622 0.0545013 0
-0.234945 0.0535 0
-0.207428 0.0325792 0
-0.196806 0.0522123 0
-0.214428 0.0544929 0
-0.207346 0.0325003 0
-0.189841 0.0312162 0
-0.196723 0.0521352 0
-0.206697 0.0166673 0
-0.205942 0.00120551 0
-0.189488 0.00509406 0
-0.226766 0.0338951 0
-0.206827 0.0168682 0
-0.207503 0.0323915 0
-0.225921 0.0183074 0
-0.206064 0.00125043 0
-0.206819 0.0167112 0
-0.248486 0.0322265 0
-0.22613 0.0184683 0
-0.226968 0.0338993 0
-0.225103 0.00287502 0
-0.206126 0.0012043 0
-0.225982 0.0182608 0
-0.18976 0.0312396 0
-0.183472 0.0394784 0
-0.196643 0.0521592 0
-0.190672 0.0203524 0
-0.18982 0.0311087 0
-0.207325 0.0323943 0
-0.206706 0.0168219 0
-0.190729 0.0203043 0
-0.207381 0.0323465 0
-0.189326 0.00511551 0
-0.173741 0.00421322 0
-0.190559 0.0201714 0
-0.190509 0.0202345 0
-0.173691 0.00427614 0
-0.174516 0.0239817 0
-0.180347 0.0503447 0
-0.16556 0.0487056 0
-0.178763 0.0639406 0
-0.19664 0.0523758 0
-0.178911 0.0640226 0
-0.193177 0.0717032 0
-0.317913 -0.046905 0
-0.319418 -0.0181771 0
-0.349873 -0.0177826 0
-0.343113 -0.0797843 0
-0.313881 -0.102147 0
-0.314825 -0.0748132 0
-0.263692 -0.0660978 0
-0.269062 -0.0391741 0
-0.291112 -0.0454654 0
-0.26659 -0.0162326 0
-0.268917 -0.0389976 0
-0.244559 -0.0426995 0
-0.225746 -0.038084 0
-0.243584 -0.0159113 0
-0.244337 -0.0426957 0
-0.270032 0.0121038 0
-0.294935 0.0106938 0
-0.266762 -0.0158826 0
-0.292007 -0.0166122 0
-0.319137 -0.0181674 0
-0.291373 -0.0452308 0
-0.124163 0.0190974 0
-0.122919 0.0273641 0
-0.132246 0.0302611 0
-0.134996 0.00948603 0
-0.124504 0.00927347 0
-0.134872 0.0199933 0
-0.11444 0.0181604 0
-0.12286 0.0273243 0
-0.124103 0.0190558 0
-0.114413 0.0180981 0
-0.124077 0.0189956 0
-0.114855 0.00911536 0
-0.291757 -0.0165838 0
-0.269074 -0.0389106 0
-0.266749 -0.0161442 0
-0.297885 0.0361202 0
-0.322791 0.0123665 0
-0.295215 0.0108688 0
-0.317718 -0.0469962 0
-0.29146 -0.0453318 0
-0.319222 -0.0182702 0
-0.343221 -0.0796062 0
-0.314935 -0.0746358 0
-0.346438 -0.0491573 0
-0.288258 -0.0700484 0
-0.291356 -0.0455055 0
-0.317615 -0.04717 0
-0.263751 -0.0911781 0
-0.288068 -0.0703622 0
-0.288532 -0.0953209 0
-0.263757 -0.0662004 0
-0.291175 -0.0455701 0
-0.288078 -0.0701113 0
-0.295195 0.0106924 0
-0.322771 0.0121902 0
-0.292031 -0.0163238 0
-0.266836 -0.0159776 0
-0.295007 0.0105976 0
-0.291844 -0.0164177 0
-0.270136 0.0122789 0
-0.297708 0.0361201 0
-0.295038 0.0108685 0
-0.349963 -0.0178862 0
-0.346472 -0.0488573 0
-0.318005 -0.0470073 0
-0.12002 0.0367619 0
-0.122841 0.0274126 0
-0.113029 0.027161 0
-0.139268 0.0499711 0
-0.130377 0.038019 0
-0.127755 0.047795 0
-0.141607 0.0392358 0
-0.145766 0.028423 0
-0.132381 0.0303311 0
-0.134766 0.0897624 0
-0.130505 0.0825894 0
-0.12035 0.0907129 0
-0.126046 0.100355 0
-0.134751 0.0898231 0
-0.120335 0.0907717 0
-0.139532 0.0973668 0
-0.143634 0.0861132 0
-0.134873 0.0897966 0
-0.161609 0.0857389 0
-0.143771 0.0860872 0
-0.153361 0.0940771 0
-0.138258 0.0740899 0
-0.130595 0.0825204 0
-0.143616 0.0860103 0
-0.157662 0.0690234 0
-0.149216 0.0587028 0
-0.143849 0.0664026 0
-0.17008 0.0754953 0
-0.157759 0.0691145 0
-0.152089 0.0768323 0
-0.163316 0.061145 0
-0.149282 0.0586847 0
-0.157727 0.0690062 0
-0.161692 0.0856466 0
-0.170093 0.0755513 0
-0.152102 0.0768876 0
-0.180314 0.050254 0
-0.168878 0.0368463 0
-0.165527 0.048614 0
-0.132336 0.0627885 0
-0.120101 0.0615291 0
-0.12335 0.0741059 0
-0.143727 0.066433 0
-0.132464 0.0628043 0
-0.138265 0.0739583 0
-0.151935 0.0768188 0
-0.143792 0.0664807 0
-0.138331 0.0740043 0
-0.149133 0.0586807 0
-0.132502 0.0627517 0
-0.143764 0.0663816 0
-0.152 0.0768028 0
-0.157671 0.069084 0
-0.143857 0.0664635 0
-0.143687 0.0859923 0
-0.151935 0.0768844 0
-0.13833 0.0740701 0
-0.178869 0.0639514 0
-0.196597 0.0523032 0
-0.180451 0.0503568 0
-0.157797 0.069062 0
-0.170117 0.0754441 0
-0.163385 0.0612023 0
-0.170252 0.0755032 0
-0.182762 0.0839164 0
-0.178787 0.0641428 0
-0.163455 0.0611851 0
-0.170187 0.0754277 0
-0.178723 0.0640649 0
-0.161805 0.0857333 0
-0.17287 0.094621 0
-0.182716 0.0840513 0
-0.165444 0.0485744 0
-0.168795 0.036805 0
-0.155563 0.0382346 0
-0.163349 0.0610405 0
-0.165413 0.0486854 0
-0.151834 0.0473287 0
-0.16344 0.0610952 0
-0.178707 0.0639759 0
-0.165503 0.0487423 0
-0.124178 0.0548095 0
-0.117052 0.0460163 0
-0.113245 0.0534682 0
-0.139386 0.0499729 0
-0.151675 0.0472599 0
-0.14165 0.0393647 0
-0.124302 0.0548033 0
-0.139249 0.0500257 0
-0.127735 0.0478512 0
-0.149182 0.0585756 0
-0.1517 0.0473244 0
-0.139411 0.0500374 0
-0.119993 0.0368522 0
-0.110652 0.0359721 0
-0.117029 0.0458981 0
-0.127646 0.0477784 0
-0.12005 0.0368932 0
-0.117087 0.0459364 0
-0.130297 0.0379062 0
-0.122899 0.0274498 0
-0.120078 0.0367968 0
-0.241221 0.0962571 0
-0.245874 0.119524 0
-0.261163 0.105573 0
-0.200231 0.088463 0
-0.209474 0.10229 0
-0.218834 0.0934313 0
-0.182911 0.0839839 0
-0.200057 0.0883301 0
-0.193202 0.0718905 0
-0.182897 0.0840778 0
-0.189128 0.0997749 0
-0.200044 0.0884235 0
-0.214529 0.0544318 0
-0.226792 0.0340205 0
-0.207528 0.0325182 0
-0.23221 0.0790084 0
-0.234967 0.0536933 0
-0.215843 0.0672543 0
-0.255922 0.0571684 0
-0.248612 0.0324216 0
-0.235156 0.0535029 0
-0.124049 0.000854164 0
-0.134994 0.0093972 0
-0.134574 0.00165436 0
-0.12411 0.0189659 0
-0.124401 0.00926757 0
-0.114888 0.00908604 0
-0.124177 0.0190016 0
-0.134836 0.0200253 0
-0.124468 0.00930526 0
-0.146408 0.0189792 0
-0.160147 0.0158973 0
-0.146809 0.00974576 0
-0.155465 0.038142 0
-0.159022 0.0291523 0
-0.145901 0.0284164 0
-0.141685 0.0392611 0
-0.155407 0.0381755 0
-0.145843 0.0284504 0
-0.151808 0.0472515 0
-0.165387 0.048609 0
-0.155505 0.0382701 0
-0.168837 0.0366931 0
-0.174395 0.0241198 0
-0.159162 0.029133 0
-0.155542 0.038169 0
-0.168773 0.0367401 0
-0.159099 0.0291807 0
-0.130423 0.0379901 0
-0.139314 0.0499433 0
-0.141579 0.039333 0
-0.149262 0.058612 0
-0.163295 0.0610731 0
-0.15178 0.0473627 0
-0.180467 0.0502745 0
-0.196612 0.0522221 0
-0.183441 0.0395425 0
-0.171999 -0.00945793 0
-0.173678 0.00411269 0
-0.189264 0.00501668 0
-0.184513 -0.0207287 0
-0.172029 -0.00959201 0
-0.187502 -0.0100535 0
-0.168532 -0.0213934 0
-0.15624 -0.0157381 0
-0.171871 -0.00961271 0
-0.134636 -0.0335138 0
-0.138883 -0.0249387 0
-0.149366 -0.0275348 0
-0.172046 -0.00950472 0
-0.18931 0.004969 0
-0.187518 -0.00996736 0
-0.15787 -0.00627109 0
-0.173573 0.00407527 0
-0.171894 -0.00949636 0
-0.143162 -0.0159642 0
-0.145343 -0.0048068 0
-0.15768 -0.00632242 0
-0.146853 0.00969287 0
-0.16019 0.015845 0
-0.159289 0.00334874 0
-0.189686 0.031145 0
-0.174545 0.0241372 0
-0.183398 0.0393845 0
-0.143766 0.0860303 0
-0.161604 0.0856809 0
-0.152013 0.0769238 0
-0.111844 0.11067 0
-0.100405 0.105204 0
-0.10263 0.116691 0
-0.115004 0.123328 0
-0.111891 0.110731 0
-0.10268 0.116751 0
-0.124163 0.116774 0
-0.124951 0.108592 0
-0.111999 0.110681 0
-0.124914 0.108545 0
-0.11299 0.103058 0
-0.11196 0.110636 0
-0.137753 0.114767 0
-0.125037 0.108604 0
-0.124249 0.116789 0
-0.12599 0.100458 0
-0.113038 0.103024 0
-0.124961 0.108511 0
-0.13951 0.0974634 0
-0.126149 0.100425 0
-0.145464 0.104592 0
-0.153294 0.0941787 0
-0.139601 0.0974424 0
-0.145554 0.104572 0
-0.143605 0.0860624 0
-0.130584 0.0825725 0
-0.134843 0.089747 0
-0.120201 0.0907232 0
-0.112515 0.0843044 0
-0.108296 0.091409 0
-0.139474 0.0974141 0
-0.134814 0.0898455 0
-0.126111 0.100378 0
-0.130432 0.0825707 0
-0.112591 0.0842739 0
-0.120275 0.0906943 0
-0.104098 0.0984433 0
-0.0939713 0.0973604 0
-0.10035 0.105099 0
-0.108243 0.0914974 0
-0.104188 0.0984164 0
-0.112908 0.10296 0
-0.10818 0.0914796 0
-0.0939973 0.0973164 0
-0.104124 0.0983977 0
-0.125974 0.100398 0
-0.12026 0.0908176 0
-0.11302 0.102967 0
-0.112449 0.0842745 0
-0.100515 0.0818808 0
-0.108229 0.0913793 0
-0.115208 0.138762 0
-0.123282 0.134045 0
-0.106134 0.128551 0
-0.0979292 0.132568 0
-0.104555 0.144276 0
-0.115118 0.13881 0
-0.117753 0.15531 0
-0.127277 0.169254 0
-0.13549 0.163004 0
-0.123477 0.13411 0
-0.132381 0.145799 0
-0.14682 0.141224 0
-0.148604 0.122184 0
-0.135819 0.128407 0
-0.146914 0.141125 0
-0.115277 0.13889 0
-0.117699 0.155152 0
-0.132255 0.145862 0
-0.172773 0.0946539 0
-0.161705 0.0857679 0
-0.15346 0.0941056 0
-0.169587 0.126394 0
-0.148788 0.122168 0
-0.16718 0.139192 0
-0.205198 0.130271 0
-0.196136 0.110844 0
-0.181566 0.122217 0
-0.14871 0.122219 0
-0.147019 0.141163 0
-0.167105 0.139242 0
-0.181333 0.122218 0
-0.162106 0.115222 0
-0.169678 0.126314 0
-0.111878 0.110624 0
-0.112907 0.103048 0
-0.100441 0.105159 0
-0.135632 0.12833 0
-0.124209 0.116883 0
-0.115155 0.123389 0
-0.137824 0.114727 0
-0.145454 0.104679 0
-0.12511 0.108564 0
-0.161891 0.115185 0
-0.137959 0.114807 0
-0.148664 0.12205 0
-0.145416 0.10463 0
-0.1261 0.100463 0
-0.125069 0.108517 0
-0.143695 0.0861275 0
-0.139594 0.0973814 0
-0.153288 0.0941159 0
-0.135734 0.128447 0
-0.123487 0.134053 0
-0.146832 0.141164 0
-0.137869 0.114851 0
-0.135787 0.12832 0
-0.148576 0.122094 0
-0.115153 0.123445 0
-0.12338 0.133993 0
-0.135628 0.128388 0
-0.219047 0.0933797 0
-0.241035 0.0960811 0
-0.232241 0.0792374 0
-0.215752 0.0673362 0
-0.207988 0.0780052 0
-0.23212 0.0790888 0
-0.209567 0.10236 0
-0.227863 0.109238 0
-0.218926 0.0935016 0
-0.219032 0.0934803 0
-0.227968 0.109218 0
-0.241021 0.0961817 0
-0.232131 0.0791762 0
-0.207998 0.0780926 0
-0.218936 0.09332 0
-0.16472 0.166326 0
-0.15552 0.153323 0
-0.13574 0.16299 0
-0.146991 0.177127 0
-0.16469 0.166408 0
-0.135713 0.163068 0
-0.205215 0.130446 0
-0.186033 0.135124 0
-0.197102 0.149599 0
-0.233569 0.13539 0
-0.205442 0.130431 0
-0.217028 0.145532 0
-0.211097 0.11665 0
-0.196235 0.110824 0
-0.205296 0.130254 0
-0.23355 0.135293 0
-0.211222 0.116732 0
-0.205423 0.130335 0
-0.209362 0.102386 0
-0.189204 0.0999092 0
-0.196176 0.110675 0
-0.162689 0.103358 0
-0.172776 0.0947135 0
-0.153463 0.0941642 0
-0.181358 0.122164 0
-0.177386 0.110107 0
-0.162132 0.115168 0
-0.185862 0.135019 0
-0.181412 0.122285 0
-0.169758 0.12638 0
-0.185981 0.135033 0
-0.205165 0.130353 0
-0.181531 0.122298 0
-0.18902 0.0998818 0
-0.172943 0.0947548 0
-0.177448 0.109964 0
-0.16277 0.103411 0
-0.17736 0.109975 0
-0.172855 0.0947675 0
-0.145632 0.104592 0
-0.162599 0.103391 0
-0.153371 0.0941985 0
-0.162069 0.115106 0
-0.177325 0.110043 0
-0.162733 0.103479 0
-0.137948 0.11475 0
-0.161881 0.115125 0
-0.145577 0.1047 0
-0.14877 0.122089 0
-0.16957 0.126313 0
-0.161996 0.115223 0
-0.162627 0.103461 0
-0.145661 0.104661 0
-0.161963 0.115088 0
-0.196044 0.110775 0
-0.177501 0.110091 0
-0.181472 0.12215 0
-0.209435 0.102442 0
-0.19625 0.11073 0
-0.211111 0.116557 0
-0.189097 0.0999358 0
-0.177526 0.110017 0
-0.19607 0.1107 0
-0.245763 0.119536 0
-0.24111 0.0962703 0
-0.228058 0.109305 0
-0.113141 0.0534557 0
-0.107277 0.0444845 0
-0.103073 0.0524559 0
-0.130313 0.0379737 0
-0.120094 0.0368659 0
-0.127691 0.0477523 0
-0.110609 0.0359979 0
-0.107316 0.0444029 0
-0.116987 0.0459229 0
-0.113146 0.053509 0
-0.103077 0.0525099 0
-0.108572 0.0605118 0
-0.174366 0.0240509 0
-0.160282 0.0159792 0
-0.159134 0.0290632 0
-0.183328 0.0394033 0
-0.174476 0.0241554 0
-0.168918 0.0367271 0
-0.18971 0.0310812 0
-0.190563 0.0203237 0
-0.17457 0.0240722 0
-0.168458 -0.0214525 0
-0.149537 -0.0274641 0
-0.156165 -0.0157988 0
-0.157812 -0.00633822 0
-0.171836 -0.00956194 0
-0.156204 -0.0156877 0
-0.143198 -0.0160001 0
-0.157716 -0.00635929 0
-0.156108 -0.0157095 0
-0.15937 0.00325689 0
-0.173531 0.00411852 0
-0.157828 -0.0062284 0
-0.195083 -0.0463051 0
-0.206957 -0.0369637 0
-0.198273 -0.0610965 0
-0.183613 -0.0551483 0
-0.195004 -0.0463661 0
-0.198195 -0.061156 0
-0.183584 -0.0550648 0
-0.189905 -0.035887 0
-0.194977 -0.0462811 0
-0.176566 -0.0295933 0
-0.189804 -0.0357797 0
-0.171573 -0.0401528 0
-0.184685 -0.0207764 0
-0.204696 -0.0106897 0
-0.205796 -0.0236378 0
-0.14632 0.0190556 0
-0.134981 0.0200886 0
-0.14579 0.0283224 0
-0.158992 0.0290891 0
-0.146401 0.0190867 0
-0.145871 0.0283519 0
-0.146725 0.00972382 0
-0.135109 0.00948491 0
-0.146324 0.0189587 0
-0.155426 0.038238 0
-0.141705 0.0393245 0
-0.151728 0.047221 0
-0.160188 0.0159616 0
-0.146449 0.0190447 0
-0.15904 0.0290476 0
-0.134934 0.0201263 0
-0.132359 0.0302662 0
-0.145744 0.0283595 0
-0.135069 0.00951936 0
-0.134945 0.0200248 0
-0.146284 0.0189932 0
-0.133085 -0.00888934 0
-0.13121 -0.016401 0
-0.120552 -0.0168872 0
-0.145233 -0.00475611 0
-0.133179 -0.0087889 0
-0.134639 0.00157387 0
-0.145261 -0.0048149 0
-0.143079 -0.0159736 0
-0.133207 -0.00884794 0
-0.123945 0.000847138 0
-0.114398 5.2839e-05 0
-0.124399 0.00917745 0
-0.132329 0.0303635 0
-0.1304 0.0379233 0
-0.141556 0.0392675 0
-0.124203 0.019073 0
-0.132286 0.0302365 0
-0.134862 0.0200945 0
-0.12294 0.0274281 0
-0.130338 0.0378848 0
-0.132266 0.0303233 0
-0.113011 0.0270975 0
-0.122822 0.027351 0
-0.114403 0.0181873 0
-0.112988 0.0271898 0
-0.110639 0.0359083 0
-0.119979 0.0367901 0
-0.139347 0.0500901 0
-0.132487 0.0626979 0
-0.149118 0.0586262 0
-0.334258 0.0999666 0
-0.330903 0.0727289 0
-0.30592 0.0933306 0
-0.285327 0.112819 0
-0.310934 0.120973 0
-0.305689 0.0935359 0
-0.364716 0.109247 0
-0.360956 0.077951 0
-0.334556 0.100038 0
-0.319538 -0.0179734 0
-0.35359 0.0137993 0
-0.349993 -0.0175783 0
-0.102383 0.0680016 0
-0.0979038 0.0600276 0
-0.0920506 0.0667893 0
-0.113202 0.0535399 0
-0.10863 0.0605407 0
-0.119988 0.061452 0
-0.124189 0.0548608 0
-0.113254 0.0535201 0
-0.12004 0.0614336 0
-0.116996 0.0459806 0
-0.107324 0.044462 0
-0.113187 0.0534347 0
-0.103026 0.0525326 0
-0.0979622 0.0599537 0
-0.108522 0.0605325 0
-0.11222 0.0713276 0
-0.106694 0.0768389 0
-0.12324 0.0741829 0
-0.0854318 0.0728622 0
-0.095653 0.0746455 0
-0.0919849 0.0668556 0
-0.085362 0.0729178 0
-0.0782121 0.0780875 0
-0.0889738 0.0797752 0
-0.112215 0.0712328 0
-0.119985 0.0615118 0
-0.108626 0.0606007 0
-0.102424 0.0680853 0
-0.0957593 0.0746631 0
-0.106568 0.0768295 0
-0.130527 0.0824813 0
-0.138191 0.0740493 0
-0.123406 0.0742111 0
-0.124226 0.0547912 0
-0.127661 0.0478376 0
-0.1171 0.0459969 0
-0.132339 0.0627233 0
-0.124252 0.0548924 0
-0.120105 0.0614636 0
-0.132403 0.0626862 0
-0.139265 0.0500764 0
-0.124317 0.0548532 0
-0.111651 0.178738 0
-0.127142 0.169336 0
-0.102321 0.16349 0
-0.0897592 0.162879 0
-0.111528 0.178716 0
-0.102196 0.163467 0
-0.121793 0.196315 0
-0.107924 0.212248 0
-0.13471 0.215153 0
-0.146724 0.203787 0
-0.174565 0.209354 0
-0.161798 0.191621 0
-0.121922 0.196192 0
-0.146459 0.203724 0
-0.134795 0.186363 0
-0.159545 0.223676 0
-0.17472 0.245364 0
-0.186992 0.230583 0
-0.134965 0.215216 0
-0.159277 0.223487 0
-0.146584 0.203911 0
-0.134965 0.215328 0
-0.146353 0.237762 0
-0.159275 0.223602 0
-0.189642 0.27155 0
-0.202906 0.253138 0
-0.174874 0.245599 0
-0.173474 0.294828 0
-0.189489 0.271754 0
-0.159263 0.264201 0
-0.20634 0.302429 0
-0.239404 0.30866 0
-0.220525 0.279096 0
-0.22925 0.260072 0
-0.220665 0.278894 0
-0.258015 0.289028 0
-0.250553 0.235891 0
-0.229345 0.259857 0
-0.256861 0.266726 0
-0.203192 0.253208 0
-0.220481 0.27877 0
-0.229065 0.259954 0
-0.245825 0.119764 0
-0.233827 0.13533 0
-0.253855 0.138198 0
-0.323079 0.012399 0
-0.326097 0.0426323 0
-0.353523 0.0141034 0
-0.272168 0.0322376 0
-0.297632 0.0361918 0
-0.270059 0.0123505 0
-0.247108 0.0118026 0
-0.271999 0.0321561 0
-0.269889 0.0122686 0
-0.248736 0.0323507 0
-0.256045 0.0570975 0
-0.271959 0.0323743 0
-0.326213 0.0427444 0
-0.357248 0.0457962 0
-0.353637 0.0142154 0
-0.304276 0.0643667 0
-0.325849 0.0428809 0
-0.297925 0.0364016 0
-0.331047 0.0723797 0
-0.357173 0.0459918 0
-0.326136 0.04294 0
-0.138197 0.0739835 0
-0.132396 0.0628314 0
-0.123413 0.074146 0
-0.108128 0.091452 0
-0.0881598 0.0903091 0
-0.0939432 0.0972891 0
-0.089078 0.0798318 0
-0.0941995 0.0861949 0
-0.10039 0.081849 0
-0.0828658 0.0839338 0
-0.088074 0.0902473 0
-0.0941384 0.0862365 0
-0.331088 0.0726766 0
-0.334441 0.0999155 0
-0.360844 0.0778277 0
-0.0828143 0.0838727 0
-0.0889657 0.0798122 0
-0.0782036 0.0781232 0
-0.067369 0.091246 0
-0.062367 0.0858017 0
-0.0541617 0.0881677 0
-0.0816246 0.0938904 0
-0.0757857 0.087879 0
-0.0675052 0.0912732 0
-0.0757223 0.0878523 0
-0.0624415 0.0857996 0
-0.0674398 0.0912456 0
-0.0704333 0.0824422 0
-0.0624507 0.0857716 0
-0.0757329 0.0878216 0
-0.0588245 0.0938149 0
-0.0513237 0.0951566 0
-0.0660965 0.0996041 0
-0.0729424 0.0975062 0
-0.0588988 0.0938225 0
-0.0661676 0.0996118 0
-0.0673564 0.0912739 0
-0.054151 0.0881928 0
-0.0588375 0.0937641 0
-0.0503314 0.102245 0
-0.0635031 0.108885 0
-0.0572126 0.1016 0
-0.0938341 0.0973416 0
-0.0817319 0.0939631 0
-0.0820201 0.103435 0
-0.0890315 0.0797647 0
-0.0956437 0.0746889 0
-0.0854216 0.0729049 0
-0.0941416 0.086201 0
-0.0890182 0.0798396 0
-0.0828689 0.0838996 0
-0.100395 0.0818102 0
-0.095693 0.0747193 0
-0.0890831 0.079794 0
-0.10817 0.0913846 0
-0.100453 0.0818882 0
-0.0942648 0.0862332 0
-0.106623 0.0768191 0
-0.11215 0.0713071 0
-0.102479 0.068073 0
-0.112444 0.0842254 0
-0.106618 0.0769079 0
-0.10051 0.0818327 0
-0.11252 0.0842016 0
-0.123241 0.0742278 0
-0.106695 0.0768817 0
-0.0781403 0.0781334 0
-0.0705105 0.0824036 0
-0.0827535 0.0838808 0
-0.0213368 0.0883236 0
-0.0346842 0.0951213 0
-0.0291702 0.0896089 0
-0.0635764 0.1089 0
-0.0727872 0.106586 0
-0.0572893 0.101615 0
-0.0530138 0.11706 0
-0.0644579 0.118064 0
-0.0548627 0.109085 0
-0.0759171 0.115978 0
-0.0728486 0.106634 0
-0.0636393 0.108949 0
-0.0548984 0.109059 0
-0.0644938 0.118035 0
-0.06354 0.108963 0
-0.0826582 0.12555 0
-0.0927328 0.121431 0
-0.0760476 0.116084 0
-0.0571467 0.101557 0
-0.0437079 0.0957488 0
-0.0502647 0.1022 0
-0.0645727 0.118167 0
-0.0648925 0.126159 0
-0.0769191 0.131211 0
-0.063612 0.108986 0
-0.0645617 0.11806 0
-0.0758881 0.116018 0
-0.0530491 0.117118 0
-0.0648132 0.126112 0
-0.06449 0.118121 0
-0.0660895 0.0996312 0
-0.0513195 0.0951815 0
-0.0572241 0.101546 0
-0.258049 0.289192 0
-0.220701 0.279054 0
-0.239578 0.308613 0
-0.285933 0.27404 0
-0.25838 0.289191 0
-0.273176 0.313742 0
-0.229047 0.259813 0
-0.214967 0.236955 0
-0.203172 0.25307 0
-0.285881 0.273888 0
-0.257077 0.266952 0
-0.258325 0.289034 0
-0.27654 0.249644 0
-0.309492 0.256226 0
-0.299524 0.22605 0
-0.0540762 0.0881881 0
-0.0457791 0.0895895 0
-0.0587669 0.0937579 0
-0.299715 0.226012 0
-0.309681 0.256189 0
-0.332916 0.238628 0
-0.272977 0.179801 0
-0.265467 0.198082 0
-0.301043 0.203761 0
-0.276495 0.249802 0
-0.286117 0.273719 0
-0.309448 0.256387 0
-0.257774 0.216792 0
-0.235574 0.20994 0
-0.250578 0.235558 0
-0.276204 0.249541 0
-0.25791 0.216923 0
-0.250715 0.235692 0
-0.265221 0.198167 0
-0.243155 0.192341 0
-0.257848 0.216608 0
-0.301131 0.203916 0
-0.265557 0.198234 0
-0.299461 0.225702 0
-0.272774 0.179697 0
-0.240266 0.172499 0
-0.265261 0.197976 0
-0.257137 0.266822 0
-0.285942 0.273755 0
-0.276318 0.249837 0
-0.0974718 0.148643 0
-0.0782619 0.148414 0
-0.102111 0.163319 0
-0.11754 0.155244 0
-0.0976058 0.148665 0
-0.10224 0.163342 0
-0.10447 0.144322 0
-0.0898926 0.136463 0
-0.0975207 0.148538 0
-0.11755 0.155179 0
-0.104563 0.144384 0
-0.0976129 0.148602 0
-0.135507 0.162926 0
-0.132321 0.145943 0
-0.117768 0.155233 0
-0.146867 0.177136 0
-0.135588 0.163077 0
-0.127374 0.169328 0
-0.134815 0.186184 0
-0.146863 0.177215 0
-0.127372 0.169404 0
-0.217062 0.145774 0
-0.209546 0.165782 0
-0.239893 0.172278 0
-0.18583 0.195288 0
-0.209661 0.202256 0
-0.198748 0.185349 0
-0.262903 0.158329 0
-0.240259 0.172368 0
-0.272766 0.179564 0
-0.239225 0.151532 0
-0.233681 0.135462 0
-0.217142 0.145603 0
-0.262792 0.158236 0
-0.239399 0.151697 0
-0.240145 0.172275 0
-0.262838 0.158121 0
-0.25393 0.138381 0
-0.239446 0.151584 0
-0.227917 0.109427 0
-0.211298 0.116662 0
-0.233623 0.135224 0
-0.205318 0.13048 0
-0.197206 0.149635 0
-0.216906 0.14558 0
-0.224911 0.223317 0
-0.20979 0.202457 0
-0.198381 0.217593 0
-0.250402 0.235672 0
-0.225103 0.223493 0
-0.215113 0.236779 0
-0.235329 0.209852 0
-0.209915 0.202431 0
-0.225035 0.223291 0
-0.214938 0.236716 0
-0.224928 0.223433 0
-0.198399 0.217707 0
-0.299318 0.225745 0
-0.26541 0.198277 0
-0.258038 0.216721 0
-0.198755 0.185142 0
-0.209312 0.165906 0
-0.188673 0.169664 0
-0.257749 0.216647 0
-0.243054 0.192381 0
-0.235549 0.209796 0
-0.239909 0.172417 0
-0.209563 0.165918 0
-0.221795 0.1866 0
-0.174899 0.180899 0
-0.161929 0.191499 0
-0.185591 0.195237 0
-0.198632 0.185278 0
-0.175023 0.180878 0
-0.185714 0.195216 0
-0.197018 0.149793 0
-0.177501 0.153744 0
-0.188559 0.169505 0
-0.216919 0.145699 0
-0.197221 0.149752 0
-0.209402 0.165707 0
-0.185938 0.135203 0
-0.177491 0.153631 0
-0.19701 0.149676 0
-0.155452 0.15318 0
-0.146927 0.141287 0
-0.132488 0.145863 0
-0.177282 0.153746 0
-0.155661 0.15329 0
-0.164859 0.166295 0
-0.177291 0.153655 0
-0.167228 0.139388 0
-0.155668 0.153202 0
-0.161929 0.191593 0
-0.174695 0.209326 0
-0.18559 0.195333 0
-0.147121 0.177188 0
-0.174781 0.180755 0
-0.164821 0.166466 0
-0.0840539 0.14249 0
-0.0897541 0.1364 0
-0.0770667 0.131326 0
-0.0781157 0.148303 0
-0.0839954 0.142549 0
-0.0713721 0.136657 0
-0.0974529 0.148533 0
-0.089823 0.136457 0
-0.0841217 0.142549 0
-0.115183 0.138885 0
-0.104621 0.144352 0
-0.117609 0.155146 0
-0.115124 0.138756 0
-0.106048 0.128546 0
-0.0979333 0.132516 0
-0.209541 0.102437 0
-0.211217 0.116552 0
-0.227838 0.109316 0
-0.115296 0.13882 0
-0.132276 0.14579 0
-0.12337 0.134102 0
-0.147113 0.17727 0
-0.1618 0.191438 0
-0.174769 0.18084 0
-0.112601 0.0842202 0
-0.130442 0.0825147 0
-0.123319 0.074247 0
-0.106562 0.0768754 0
-0.0957523 0.0747085 0
-0.100453 0.0818012 0
-0.120033 0.0615589 0
-0.112265 0.0712768 0
-0.123283 0.074133 0
-0.102376 0.0680507 0
-0.0920426 0.066838 0
-0.0957093 0.0746305 0
-0.108567 0.0606236 0
-0.102486 0.0680186 0
-0.112156 0.0712534 0
-0.10852 0.0605843 0
-0.0979596 0.0600055 0
-0.102438 0.0679818 0
-0.12413 0.116824 0
-0.111965 0.11073 0
-0.115074 0.123329 0
-0.0942234 0.0862613 0
-0.0881606 0.0902728 0
-0.108131 0.091413 0
-0.0816607 0.0939646 0
-0.0730707 0.0975191 0
-0.0819524 0.103434 0
-0.0880692 0.0903177 0
-0.0817531 0.0939193 0
-0.0938557 0.0972957 0
-0.0880098 0.0902861 0
-0.075856 0.0878746 0
-0.081692 0.0938875 0
-0.0758593 0.0878422 0
-0.0880138 0.0902521 0
-0.0828032 0.0839402 0
-0.0705032 0.0824347 0
-0.0757996 0.0878159 0
-0.0827456 0.083914 0
-0.0674967 0.0913041 0
-0.0730217 0.0974784 0
-0.0816146 0.0939238 0
-0.137787 0.114834 0
-0.124286 0.116854 0
-0.135706 0.128301 0
-0.11296 0.102937 0
-0.120201 0.0907876 0
-0.108298 0.0914712 0
-0.0938956 0.0973789 0
-0.0820843 0.103473 0
-0.100278 0.105116 0
-0.057151 0.101532 0
-0.0512426 0.0951683 0
-0.0437096 0.0957261 0
-0.092868 0.109031 0
-0.0857791 0.112503 0
-0.10252 0.116709 0
-0.0820829 0.10351 0
-0.0928484 0.108962 0
-0.100274 0.105156 0
-0.082033 0.103533 0
-0.0857094 0.112458 0
-0.0927994 0.108987 0
-0.0662452 0.0996451 0
-0.0819029 0.103453 0
-0.0730192 0.0975378 0
-0.0857799 0.112544 0
-0.0928319 0.121389 0
-0.102518 0.116751 0
-0.0729439 0.106604 0
-0.0856441 0.11245 0
-0.0819647 0.103526 0
-0.0729244 0.106645 0
-0.0759889 0.115991 0
-0.0856232 0.112492 0
-0.0572965 0.101585 0
-0.0727975 0.106554 0
-0.066161 0.0996683 0
-0.0760563 0.116041 0
-0.0927445 0.121386 0
-0.0856892 0.112542 0
-0.0548012 0.109055 0
-0.0466868 0.108853 0
-0.0529561 0.117028 0
-0.0503245 0.102269 0
-0.0548503 0.109006 0
-0.063494 0.108911 0
-0.0502457 0.102245 0
-0.0406577 0.10158 0
-0.0547751 0.108981 0
-0.0978583 0.132457 0
-0.105973 0.128489 0
-0.0928851 0.121494 0
-0.0898194 0.136347 0
-0.0977706 0.132498 0
-0.0827229 0.125654 0
-0.0898924 0.13641 0
-0.104472 0.144267 0
-0.0978433 0.13256 0
-0.0729472 0.0974774 0
-0.0674186 0.0913044 0
-0.0589016 0.0937959 0
-0.0457712 0.0896112 0
-0.0512549 0.095122 0
-0.0587567 0.0937821 0
-0.0456972 0.0895995 0
-0.0374367 0.0900584 0
-0.0511849 0.0951096 0
-0.130156 0.25801 0
-0.141974 0.286255 0
-0.158955 0.264131 0
-0.146335 0.238039 0
-0.130169 0.257851 0
-0.158973 0.263966 0
-0.10094 0.249049 0
-0.112159 0.276793 0
-0.129858 0.257933 0
-0.0373557 0.0900592 0
-0.0292537 0.0896181 0
-0.0435709 0.0956689 0
-0.0274163 0.0941548 0
-0.0346767 0.0951373 0
-0.0213337 0.0883378 0
-0.0137945 0.0862538 0
-0.0273472 0.094126 0
-0.0212612 0.0883076 0
-0.0405907 0.101533 0
-0.0501792 0.1022 0
-0.0348194 0.0952075 0
-0.0274805 0.0942 0
-0.0405163 0.101506 0
-0.0347414 0.09518 0
-0.033835 0.100844 0
-0.0465767 0.108774 0
-0.0405758 0.101574 0
-0.111758 0.178815 0
-0.134698 0.18619 0
-0.127252 0.169411 0
-0.206018 0.302356 0
-0.189647 0.271878 0
-0.17363 0.294962 0
-0.258224 0.289306 0
-0.239753 0.308734 0
-0.273022 0.313864 0
-0.256887 0.266905 0
-0.229372 0.260033 0
-0.258136 0.288985 0
-0.203059 0.253247 0
-0.189795 0.271664 0
-0.220349 0.278811 0
-0.174865 0.245465 0
-0.202898 0.253 0
-0.187138 0.230679 0
-0.174691 0.20955 0
-0.159543 0.223558 0
-0.186992 0.230461 0
-0.146485 0.237998 0
-0.159123 0.263924 0
-0.174581 0.245526 0
-0.189806 0.271825 0
-0.206174 0.3023 0
-0.220358 0.278976 0
-0.0195808 0.0925206 0
-0.0273392 0.0941406 0
-0.0137918 0.086267 0
-0.0348277 0.095189 0
-0.0501912 0.10218 0
-0.0436308 0.0957276 0
-0.0292473 0.0896338 0
-0.0347573 0.0951456 0
-0.0435604 0.095687 0
-0.0274792 0.0942182 0
-0.0337711 0.100794 0
-0.0405116 0.101526 0
-0.0381099 0.117202 0
-0.0395372 0.126495 0
-0.0495798 0.128187 0
-0.0379757 0.117085 0
-0.022315 0.105058 0
-0.0275737 0.114102 0
-0.0466333 0.108851 0
-0.0389252 0.108465 0
-0.0529043 0.117028 0
-0.0255722 0.0997429 0
-0.0170619 0.0969343 0
-0.0316676 0.107834 0
-0.019643 0.0925886 0
-0.0255876 0.0997048 0
-0.0336933 0.100784 0
-0.0117306 0.0897022 0
-0.00663235 0.083461 0
-0.000129125 0.080134 0
-0.0111698 0.100411 0
-0.00326128 0.0962475 0
-0.00810586 0.105912 0
-0.0190156 0.107166 0
-0.011255 0.100463 0
-0.017148 0.110157 0
-0.0222514 0.105023 0
-0.0190868 0.107194 0
-0.0275118 0.114069 0
-0.0221933 0.104978 0
-0.0112684 0.100446 0
-0.0190322 0.107148 0
-0.0221903 0.104925 0
-0.0169836 0.0969054 0
-0.0111238 0.0944937 0
-0.0388929 0.108508 0
-0.0381102 0.117123 0
-0.0511587 0.122326 0
-0.0384093 0.135929 0
-0.039466 0.126541 0
-0.0281713 0.122998 0
-0.0513387 0.139266 0
-0.0496237 0.128261 0
-0.039582 0.12657 0
-0.0897063 0.162923 0
-0.0863815 0.176837 0
-0.111471 0.178762 0
-0.0681071 0.150525 0
-0.077581 0.161929 0
-0.0780822 0.148414 0
-0.0585292 0.152672 0
-0.0658521 0.167436 0
-0.0775047 0.162001 0
-0.0385098 0.136062 0
-0.0468617 0.149537 0
-0.0513225 0.139368 0
-0.0618854 0.198104 0
-0.04987 0.178377 0
-0.0391601 0.191342 0
-0.0890447 0.224213 0
-0.0621119 0.198347 0
-0.0670778 0.218207 0
-0.0577288 0.172689 0
-0.0428756 0.161674 0
-0.0498694 0.178193 0
-0.0734922 0.184211 0
-0.0578317 0.172765 0
-0.0499674 0.178269 0
-0.0657684 0.167432 0
-0.0584452 0.152667 0
-0.0523123 0.160677 0
-0.0522346 0.160724 0
-0.0428818 0.161616 0
-0.057738 0.172631 0
-0.0657646 0.167499 0
-0.0523114 0.160744 0
-0.0578148 0.17265 0
-0.0468558 0.149644 0
-0.0361319 0.146654 0
-0.0521759 0.160598 0
-0.0360356 0.146637 0
-0.0269682 0.14378 0
-0.042727 0.161473 0
-0.0295978 0.133213 0
-0.0360309 0.146516 0
-0.038401 0.13603 0
-0.0283227 0.156919 0
-0.0363519 0.174257 0
-0.0427298 0.161608 0
-0.0780421 0.148284 0
-0.0712964 0.136638 0
-0.0617089 0.136856 0
-0.0770605 0.13127 0
-0.0897507 0.136343 0
-0.0826519 0.12565 0
-0.0646327 0.118166 0
-0.0769775 0.131209 0
-0.0825675 0.12559 0
-0.064916 0.126221 0
-0.0713035 0.136545 0
-0.0769394 0.131273 0
-0.0616632 0.136781 0
-0.0712522 0.136564 0
-0.0648636 0.126238 0
-0.05141 0.1393 0
-0.0615467 0.136798 0
-0.0496989 0.128295 0
-0.0514706 0.139375 0
-0.0679657 0.150411 0
-0.0616087 0.136871 0
-0.0782002 0.148344 0
-0.0974112 0.148574 0
-0.0840828 0.142589 0
-0.0929001 0.121442 0
-0.10599 0.128436 0
-0.102585 0.116804 0
-0.100341 0.105199 0
-0.092917 0.109006 0
-0.102567 0.116684 0
-0.0827313 0.125605 0
-0.0977814 0.132448 0
-0.0928052 0.121485 0
-0.0511768 0.095131 0
-0.0374319 0.0900773 0
-0.0436431 0.0956869 0
-0.0406475 0.101601 0
-0.0466454 0.108802 0
-0.0547618 0.109004 0
-0.00670285 0.0834925 0
-0.0195129 0.0924859 0
-0.0137205 0.0862304 0
-0.0111555 0.100361 0
-0.0035896 0.0906763 0
-0.00324565 0.0961953 0
-0.0379922 0.117064 0
-0.0317253 0.107918 0
-0.0223264 0.105038 0
-0.0394655 0.126449 0
-0.0380338 0.117155 0
-0.027631 0.114175 0
-0.0512091 0.122325 0
-0.0529186 0.117073 0
-0.0389435 0.10851 0
-0.0496199 0.128173 0
-0.0511924 0.122392 0
-0.0381475 0.11719 0
-0.0496978 0.128239 0
-0.0615494 0.136741 0
-0.0512735 0.122456 0
-0.0110689 0.0944326 0
-0.0169271 0.0968461 0
-0.00558881 0.0869374 0
-0.0111835 0.100355 0
-0.0110415 0.0944559 0
-0.00361364 0.0906712 0
-0.0112425 0.100402 0
-0.0221675 0.104936 0
-0.0111057 0.0945047 0
-0.027407 0.0941876 0
-0.0196467 0.0925707 0
-0.0337018 0.100765 0
-0.0117249 0.0897137 0
-0.000128608 0.0801452 0
-0.00553342 0.0868649 0
-0.173316 0.294879 0
-0.159102 0.26425 0
-0.142118 0.286383 0
-0.0109992 0.0944 0
0.00110784 0.0831204 0
-0.00357271 0.0906129 0
-0.0117826 0.0897683 0
-0.00558902 0.0869218 0
-0.0169313 0.0968303 0
-0.0255047 0.0996839 0
-0.0118506 0.0898124 0
-0.0169964 0.0968724 0
-0.019504 0.0924981 0
-0.00669944 0.0835036 0
-0.0117945 0.0897427 0
-6.76683e-05 0.080099 0
0.00587458 0.0762892 0
-0.00547458 0.0868211 0
0.00487995 0.0897385 0
0.00854246 0.0817366 0
0.0129375 0.0778639 0
-0.000954794 0.100589 0
-0.00318316 0.0961935 0
0.00479538 0.0898622 0
0.00589899 0.102238 0
-0.00231046 0.108282 0
0.00553899 0.0954929 0
-0.0171996 0.110203 0
-0.0274919 0.114087 0
-0.0190702 0.107211 0
-0.0130483 0.116724 0
-0.0171149 0.110207 0
-0.00815699 0.106014 0
-0.0280623 0.12287 0
-0.0275228 0.114138 0
-0.0172304 0.110256 0
0.00169011 0.0873395 0
0.00850549 0.0817684 0
0.00484185 0.0897685 0
-0.00317519 0.0961501 0
0.00164843 0.0873882 0
0.0048051 0.0898163 0
-0.00353113 0.0905893 0
0.00114916 0.0830945 0
0.00163624 0.0873469 0
-0.0388615 0.10841 0
-0.0465692 0.108798 0
-0.0338308 0.100866 0
-0.0256511 0.0997589 0
-0.0387925 0.10838 0
-0.0337583 0.100835 0
-0.0317812 0.107929 0
-0.0380473 0.117073 0
-0.0388249 0.10846 0
0.00652656 0.0792809 0
0.00595191 0.0762338 0
0.011301 0.0720403 0
-0.0118567 0.0897983 0
-0.0255158 0.0996689 0
-0.0195683 0.0925508 0
0.00110386 0.0831077 0
-0.0110084 0.0943876 0
-0.00552657 0.0868902 0
-0.0222573 0.104969 0
-0.031654 0.107852 0
-0.0170532 0.0969514 0
-0.00546795 0.0868308 0
0.00587548 0.076299 0
0.00115875 0.0830459 0
-0.0469264 0.149593 0
-0.0583788 0.152537 0
-0.0513917 0.139423 0
-0.0360867 0.146571 0
-0.0468101 0.149562 0
-0.0384605 0.136085 0
-0.0361203 0.146694 0
-0.042811 0.161529 0
-0.0521608 0.160638 0
-0.111498 0.178864 0
-0.086412 0.176939 0
-0.0984239 0.19339 0
-0.0679532 0.150464 0
-0.0514626 0.139427 0
-0.0584493 0.152539 0
-0.0775143 0.161944 0
-0.0680415 0.150539 0
-0.0585346 0.152616 0
-0.0780294 0.148331 0
-0.0616998 0.136901 0
-0.0680541 0.15044 0
-0.00927344 0.141426 0
0.00443033 0.123693 0
0.00200633 0.136621 0
-0.00238046 0.108311 0
-0.00806656 0.105953 0
-0.000994099 0.100683 0
0.00202705 0.113426 0
-0.00232246 0.108341 0
0.00588738 0.102299 0
-0.0181021 0.128834 0
-0.0268661 0.143625 0
-0.0294978 0.133178 0
-0.0131217 0.116878 0
-0.0180562 0.128744 0
-0.0294501 0.13309 0
-0.00590972 0.119039 0
-0.00564975 0.128318 0
-0.0179494 0.128734 0
-0.00241232 0.108409 0
-0.00588318 0.118932 0
-0.0129884 0.116761 0
0.00201104 0.113564 0
0.0044421 0.12357 0
-0.00554893 0.128284 0
0.0244004 0.0607181 0
0.0209998 0.0652067 0
0.0239309 0.0579927 0
0.0250514 0.0644289 0
0.0244253 0.0607099 0
0.0274269 0.0561764 0
0.025033 0.0644705 0
0.0217235 0.0688112 0
0.024405 0.0607533 0
0.0278575 0.073004 0
0.0270868 0.0815151 0
0.0225477 0.0797463 0
0.0242652 0.0711176 0
0.0278477 0.0729682 0
0.0225384 0.0797123 0
0.0287777 0.0649561 0
0.0335139 0.064627 0
0.0279001 0.0728976 0
0.0134414 0.0824292 0
0.00489969 0.0897397 0
0.0129524 0.0778661 0
-0.00996724 0.21985 0
0.0102775 0.196919 0
0.0095323 0.213658 0
-0.0350031 0.247435 0
-0.0101952 0.220109 0
-0.0133354 0.238937 0
-0.0289713 0.226407 0
-0.0237424 0.206408 0
-0.00753059 0.201197 0
0.00197816 0.136759 0
0.00235983 0.14876 0
-0.0159767 0.157493 0
-0.00558537 0.128269 0
-0.00584356 0.118988 0
0.00197846 0.113549 0
-0.00930094 0.1414 0
-0.0055874 0.128377 0
0.00440674 0.123664 0
-0.0179625 0.142476 0
-0.0268262 0.143657 0
-0.0180662 0.128865 0
-0.00937641 0.141462 0
-0.0178606 0.142467 0
-0.0056623 0.128441 0
-0.0094112 0.14156 0
-0.0160896 0.15749 0
-0.0178975 0.142564 0
-0.0426982 0.161506 0
-0.0269438 0.143814 0
-0.0282912 0.156817 0
-0.0359914 0.146542 0
-0.0295605 0.133238 0
-0.0269247 0.143684 0
-0.00593297 0.119 0
-0.0179774 0.128697 0
-0.0130432 0.116829 0
-0.00320529 0.0961522 0
-0.00354523 0.0906322 0
0.00162095 0.0873919 0
-0.000996379 0.100642 0
-0.00807101 0.105914 0
-0.00322888 0.0962478 0
0.00554092 0.0954248 0
-0.000924433 0.100587 0
0.0048223 0.0898594 0
0.00551769 0.0954876 0
-0.00233549 0.108277 0
-0.000948493 0.100648 0
-0.00814975 0.105958 0
-0.01711 0.110153 0
-0.0112187 0.100458 0
-0.0383752 0.135952 0
-0.0281405 0.123019 0
-0.0295712 0.133133 0
-0.0384845 0.135984 0
-0.0512993 0.139292 0
-0.039546 0.126595 0
0.0359892 0.0777596 0
0.03464 0.0874169 0
0.0295103 0.0870558 0
0.0379335 0.0680694 0
0.0360104 0.0776505 0
0.0329662 0.0735337 0
0.0335597 0.0646417 0
0.0379237 0.0680259 0
0.0329585 0.0734902 0
0.0429186 0.0628726 0
0.0446867 0.0690916 0
0.0379941 0.0680051 0
0.0415871 0.0820174 0
0.034681 0.0873996 0
0.0360277 0.0777438 0
0.0380284 0.0934769 0
0.0311601 0.104832 0
0.0289441 0.0972999 0
0.0683296 0.0700501 0
0.076595 0.0587439 0
0.0809091 0.0677974 0
0.0599316 0.0820159 0
0.0682496 0.0701654 0
0.0732559 0.0790231 0
0.0635836 0.0629769 0
0.0558525 0.0625465 0
0.0610182 0.053729 0
0.059881 0.0819923 0
0.0578106 0.0719193 0
0.068197 0.0701413 0
0.05982 0.0820569 0
0.0501092 0.0893342 0
0.0577522 0.0719821 0
0.0416313 0.0820642 0
0.0455427 0.085631 0
0.0381189 0.0933622 0
0.0177713 0.132392 0
0.025414 0.123119 0
0.0254026 0.135394 0
0.0176482 0.132451 0
0.00250235 0.148647 0
0.0110292 0.127773 0
0.0192666 0.0991949 0
0.0208544 0.0891591 0
0.0294099 0.0871315 0
0.0110201 0.127631 0
0.00453501 0.123574 0
0.0130357 0.115121 0
0.0161509 0.0870802 0
0.0111313 0.0910843 0
0.0134695 0.0824653 0
0.0106168 0.108543 0
0.00596829 0.102245 0
0.0133601 0.0974449 0
-0.0131507 0.116858 0
-0.0294861 0.13307 0
-0.0280515 0.122955 0
-0.00241835 0.108365 0
-0.0129977 0.116718 0
-0.00810866 0.106007 0
-0.00236388 0.108398 0
0.00198927 0.113481 0
-0.00583286 0.118922 0
0.0739653 0.0934885 0
0.0733456 0.079104 0
0.0806337 0.0828591 0
0.0535577 0.0961096 0
0.0654326 0.0908609 0
0.057383 0.10311 0
0.0599219 0.0820863 0
0.0732471 0.0790912 0
0.0655068 0.0907347 0
0.0503804 0.0721788 0
0.0577198 0.0719488 0
0.0500782 0.0893016 0
0.0503993 0.0720887 0
0.0557986 0.0626373 0
0.0577378 0.071861 0
-0.121807 0.196108 0
-0.134678 0.18628 0
-0.111743 0.178903 0
-0.119486 0.233294 0
-0.134699 0.215278 0
-0.107919 0.212371 0
-0.146485 0.237865 0
-0.174584 0.245389 0
-0.159408 0.223701 0
-0.189496 0.271587 0
-0.174726 0.245636 0
-0.159266 0.26404 0
-0.159409 0.223468 0
-0.174555 0.209463 0
-0.146717 0.203892 0
-0.0736439 0.184189 0
-0.0861759 0.17687 0
-0.0659319 0.167592 0
-0.0578849 0.172729 0
-0.0735501 0.184175 0
-0.0658376 0.167577 0
-0.0795676 0.202737 0
-0.0982708 0.193496 0
-0.0737292 0.184362 0
-0.0256468 0.099782 0
-0.0317396 0.107871 0
-0.038784 0.108404 0
-0.0615987 0.136733 0
-0.0647951 0.126192 0
-0.0513235 0.122451 0
-0.0646264 0.118117 0
-0.0825655 0.125539 0
-0.0759513 0.116073 0
-0.0512928 0.122385 0
-0.0647682 0.126127 0
-0.0530056 0.117131 0
-0.0713669 0.136601 0
-0.083993 0.142491 0
-0.077004 0.131327 0
0.0130343 0.115057 0
0.00453355 0.123511 0
0.0106115 0.108673 0
0.0191779 0.099354 0
0.0130827 0.114977 0
0.0106621 0.108591 0
0.0208263 0.107051 0
0.0192524 0.119127 0
0.0131178 0.115037 0
0.011086 0.127674 0
0.0192363 0.119254 0
0.0177017 0.132354 0
0.00449665 0.123646 0
0.0109847 0.127702 0
0.00207382 0.136575 0
0.0130837 0.115107 0
0.0192209 0.119195 0
0.0110702 0.127616 0
0.0288488 0.097325 0
0.0208789 0.106925 0
0.0192628 0.0992884 0
0.0288877 0.0973454 0
0.0311021 0.104877 0
0.0209196 0.106943 0
0.0253935 0.123064 0
0.0177505 0.132338 0
0.0192832 0.119239 0
0.0297088 0.144122 0
0.0139098 0.148853 0
0.0254052 0.135519 0
0.0105807 0.108595 0
0.00207169 0.113427 0
0.00592868 0.102299 0
0.0208259 0.106985 0
0.0131182 0.114971 0
0.01921 0.0993493 0
0.00449481 0.123506 0
0.00206649 0.113497 0
0.0105764 0.108668 0
0.020886 0.107017 0
0.0310725 0.104948 0
0.0193149 0.119092 0
-0.0179613 0.142616 0
-0.0161506 0.15754 0
-0.028172 0.1568 0
-0.0179924 0.128812 0
-0.00568821 0.128397 0
-0.0178915 0.142425 0
0.00194082 0.136734 0
-0.0160196 0.15747 0
-0.00934415 0.14154 0
-0.0514946 0.233489 0
-0.0842037 0.266791 0
-0.0758675 0.241573 0
-0.112294 0.276921 0
-0.141818 0.286298 0
-0.129998 0.258054 0
-0.0275999 0.114193 0
-0.0281347 0.122924 0
-0.0394303 0.126469 0
