# vtk DataFile Version 2.0
Piece deformee
ASCII
DATASET UNSTRUCTURED_GRID
POINTS 11652 float
0.161307 -0.0145494 0
0.162023 -8.80209e-05 0
0.149619 -0.0117391 0
0.29898 0.0236907 0
0.277123 0.021941 0
0.299914 0.000152958 0
0.148237 -0.0234421 0
0.160031 -0.0253381 0
0.161295 -0.014673 0
0.277108 -0.0203334 0
0.274656 -0.0419919 0
0.298895 -0.0238251 0
0.277917 -6.7238e-05 0
0.277122 -0.0201137 0
0.299843 -6.75171e-05 0
0.277052 0.0218617 0
0.277916 7.36271e-05 0
0.299843 7.35093e-05 0
0.276907 0.0219181 0
0.256765 0.0169273 0
0.277772 0.000130257 0
0.256687 0.0170513 0
0.276829 0.0220422 0
0.254562 0.0370926 0
0.238319 4.67684e-05 0
0.257167 4.68103e-05 0
0.237776 0.0138411 0
0.220738 4.66192e-05 0
0.238196 4.67677e-05 0
0.237653 0.0138409 0
0.237775 -0.0138402 0
0.257167 -4.61958e-05 0
0.238319 -4.61244e-05 0
0.256765 -0.0169208 0
0.276977 -0.0201701 0
0.277772 -0.000123862 0
0.18387 -0.0443423 0
0.179851 -0.058528 0
0.198434 -0.0479047 0
0.245573 -0.0768484 0
0.264422 -0.0848447 0
0.269917 -0.0655634 0
0.170306 -0.0409275 0
0.183799 -0.0442228 0
0.186687 -0.0297628 0
0.172938 -0.0274976 0
0.170269 -0.0408714 0
0.186651 -0.0297067 0
0.188452 -0.0149759 0
0.172999 -0.0274108 0
0.186712 -0.0296198 0
0.159979 -0.0254062 0
0.148185 -0.0235101 0
0.145911 -0.0349462 0
0.174475 -0.0138138 0
0.161426 -0.0146475 0
0.172867 -0.0273567 0
0.16126 -0.0146277 0
0.149572 -0.0118173 0
0.148202 -0.0233967 0
0.172819 -0.0273954 0
0.161378 -0.0146862 0
0.160114 -0.0253513 0
0.174438 -0.0137223 0
0.162106 -9.45668e-05 0
0.16139 -0.0145561 0
0.157649 -0.0379384 0
0.166438 -0.054109 0
0.170151 -0.0409879 0
0.172849 -0.0274833 0
0.160143 -0.0254391 0
0.170181 -0.040857 0
0.145872 -0.0351049 0
0.142707 -0.0463274 0
0.154049 -0.0500694 0
0.150342 -0.0602262 0
0.154064 -0.0501537 0
0.142722 -0.0464116 0
0.141505 -0.102951 0
0.151002 -0.0882357 0
0.138182 -0.0848241 0
0.164889 -0.12037 0
0.171409 -0.110083 0
0.152853 -0.111436 0
0.171587 -0.109996 0
0.193107 -0.106089 0
0.178101 -0.0997076 0
0.189081 -0.144476 0
0.181553 -0.125111 0
0.174229 -0.135115 0
0.189176 -0.144443 0
0.202582 -0.125235 0
0.181648 -0.125078 0
0.227742 -0.0694832 0
0.2138 -0.082046 0
0.232428 -0.0839465 0
0.17458 -0.0724973 0
0.179702 -0.0586741 0
0.163136 -0.0634487 0
0.155981 -0.0795456 0
0.1745 -0.0725674 0
0.163057 -0.0635188 0
0.185359 -0.0852316 0
0.191447 -0.0705174 0
0.174693 -0.0726098 0
0.209544 -0.112918 0
0.217732 -0.0962025 0
0.201081 -0.0906331 0
0.179675 -0.0586129 0
0.166489 -0.0542531 0
0.163109 -0.0633875 0
0.209602 -0.0684678 0
0.19856 -0.048025 0
0.191608 -0.0703791 0
0.160011 -0.0254542 0
0.145942 -0.0349943 0
0.157547 -0.0378226 0
0.191508 -0.070346 0
0.19846 -0.047992 0
0.179877 -0.0586152 0
0.214424 -0.0516567 0
0.217808 -0.0347504 0
0.201801 -0.032163 0
0.256754 -0.0170611 0
0.274514 -0.0419689 0
0.276967 -0.0203106 0
0.231652 -0.055955 0
0.249956 -0.0604611 0
0.234367 -0.0424232 0
0.214578 -0.0517619 0
0.231533 -0.0559258 0
0.234248 -0.0423941 0
0.22786 -0.069318 0
0.249934 -0.0605515 0
0.23163 -0.0560453 0
0.277193 -0.020193 0
0.29898 -0.0236847 0
0.299914 -0.000146969 0
0.250148 -0.060498 0
0.269895 -0.065372 0
0.253457 -0.0440219 0
0.23444 -0.0423829 0
0.250029 -0.0604208 0
0.253338 -0.0439448 0
0.245525 -0.0767671 0
0.269868 -0.065482 0
0.250121 -0.0606079 0
0.296163 -0.0473032 0
0.298959 -0.0239161 0
0.274719 -0.0420826 0
0.133702 -0.0681725 0
0.138134 -0.084659 0
0.144303 -0.0736626 0
0.15029 -0.0602505 0
0.142671 -0.0464359 0
0.138635 -0.0573754 0
0.133703 -0.0680814 0
0.144304 -0.0735714 0
0.138585 -0.0574923 0
0.163024 -0.0633592 0
0.166403 -0.0542248 0
0.154185 -0.0501903 0
0.166512 -0.0541782 0
0.179699 -0.0585379 0
0.170225 -0.0410569 0
0.27007 -0.0655432 0
0.264576 -0.0848248 0
0.291378 -0.0707483 0
0.296123 -0.047538 0
0.270176 -0.0654183 0
0.291484 -0.0706238 0
0.27448 -0.0422095 0
0.253538 -0.0439605 0
0.269977 -0.0653107 0
0.214556 -0.051852 0
0.227741 -0.0692888 0
0.231512 -0.0560161 0
0.237516 -0.0990608 0
0.264313 -0.0849572 0
0.245464 -0.0769608 0
0.227848 -0.0694658 0
0.232534 -0.0839291 0
0.245325 -0.0768584 0
0.24998 -0.0606211 0
0.227906 -0.0693876 0
0.245384 -0.0767802 0
0.174675 -0.0725208 0
0.191428 -0.0704284 0
0.179797 -0.0586975 0
0.193154 -0.106006 0
0.185376 -0.0854407 0
0.178148 -0.0996252 0
0.200913 -0.090455 0
0.191535 -0.0705773 0
0.185447 -0.0852915 0
0.209462 -0.112951 0
0.200999 -0.0906662 0
0.19331 -0.106068 0
0.213635 -0.0820649 0
0.209684 -0.0686488 0
0.201068 -0.0904378 0
0.217745 -0.0960992 0
0.213662 -0.082157 0
0.201095 -0.0905299 0
0.21785 -0.0960775 0
0.232395 -0.0840358 0
0.213767 -0.0821352 0
0.214483 -0.0518938 0
0.209776 -0.0684773 0
0.227668 -0.0693306 0
0.214386 -0.0518222 0
0.198636 -0.0479627 0
0.209678 -0.0684056 0
0.217917 -0.0347845 0
0.214532 -0.0516909 0
0.234203 -0.0423231 0
0.256494 -0.0169935 0
0.237765 -0.0139905 0
0.236096 -0.0280412 0
0.186858 -0.0296393 0
0.201661 -0.0320273 0
0.203544 -0.0161935 0
0.174565 -0.0138147 0
0.172958 -0.0273577 0
0.188411 -0.0149229 0
0.183893 -0.0442459 0
0.198457 -0.0478082 0
0.186782 -0.0297858 0
0.179757 -0.0585048 0
0.183776 -0.0443192 0
0.170283 -0.0410239 0
0.198517 -0.0477675 0
0.201644 -0.0321333 0
0.186841 -0.0297452 0
0.219828 -0.0173436 0
0.204293 -0.000111515 0
0.203663 -0.0160455 0
0.204139 -2.90817e-05 0
0.188906 0.00605274 0
0.188563 -0.0147651 0
0.186814 -0.029582 0
0.2035 -0.0161361 0
0.188554 -0.0149381 0
0.196302 0.0560835 0
0.206823 0.0457 0
0.21135 0.062415 0
0.187905 0.017951 0
0.203547 0.0161543 0
0.201663 0.031988 0
0.220048 0.0174457 0
0.237643 0.0140079 0
0.235817 0.0325528 0
0.201818 0.0320485 0
0.219868 0.0175131 0
0.217828 0.0346362 0
0.203663 0.0160457 0
0.204293 0.000111697 0
0.219829 0.0173439 0
0.155906 -0.0796985 0
0.151137 -0.0881874 0
0.163989 -0.0936368 0
0.185285 -0.0852739 0
0.174619 -0.072652 0
0.169403 -0.0831102 0
0.162966 -0.0634451 0
0.150406 -0.0603487 0
0.153102 -0.0697263 0
0.169305 -0.0830912 0
0.174521 -0.0726331 0
0.156002 -0.0796112 0
0.164049 -0.09362 0
0.16927 -0.0831617 0
0.155967 -0.0796816 0
0.164123 -0.0936868 0
0.177997 -0.0995765 0
0.169344 -0.0832284 0
0.154098 -0.0500411 0
0.157527 -0.0379051 0
0.145922 -0.0350767 0
0.16297 -0.0633795 0
0.154132 -0.0502106 0
0.15041 -0.0602832 0
0.166385 -0.0541396 0
0.157596 -0.037969 0
0.154167 -0.0501051 0
0.195285 -0.197533 0
0.208919 -0.182938 0
0.192558 -0.170635 0
0.203962 -0.139772 0
0.18926 -0.144591 0
0.205287 -0.154722 0
0.218719 -0.135404 0
0.204061 -0.139741 0
0.205386 -0.154691 0
0.202657 -0.125284 0
0.189251 -0.144492 0
0.203953 -0.139673 0
0.224781 -0.162913 0
0.218788 -0.135481 0
0.205456 -0.154769 0
0.209468 -0.113066 0
0.193316 -0.106184 0
0.202689 -0.125066 0
0.237305 -0.0992339 0
0.217917 -0.0962465 0
0.228807 -0.117496 0
0.193223 -0.106224 0
0.181662 -0.124949 0
0.202595 -0.125106 0
0.200994 -0.090399 0
0.20961 -0.0686101 0
0.191616 -0.0705213 0
0.228715 -0.117542 0
0.217824 -0.0962928 0
0.209637 -0.113008 0
0.213724 -0.0819944 0
0.227666 -0.0694317 0
0.209773 -0.0685783 0
0.237317 -0.0991218 0
0.232474 -0.0840928 0
0.217929 -0.0961345 0
0.237409 -0.0990575 0
0.245358 -0.0769578 0
0.232566 -0.0840284 0
0.193119 -0.106173 0
0.171599 -0.11008 0
0.181558 -0.124899 0
0.174226 -0.135216 0
0.180503 -0.155349 0
0.189078 -0.144578 0
0.274623 -0.0422214 0
0.27012 -0.0653228 0
0.296066 -0.0474418 0
0.185296 -0.0853642 0
0.169415 -0.0832005 0
0.178068 -0.0995486 0
0.284978 -0.0934787 0
0.291428 -0.0708433 0
0.264626 -0.0849188 0
0.15304 -0.0697603 0
0.150344 -0.0603827 0
0.144408 -0.0735867 0
0.155847 -0.0795702 0
0.153059 -0.0698247 0
0.144427 -0.0736511 0
0.15591 -0.0795362 0
0.162985 -0.0635095 0
0.153121 -0.0697907 0
0.256436 -0.107124 0
0.284861 -0.0935995 0
0.264508 -0.0850402 0
0.138079 -0.0846748 0
0.133647 -0.0681883 0
0.127949 -0.0783618 0
0.26435 -0.0850587 0
0.237552 -0.099162 0
0.256278 -0.107142 0
0.121407 -0.088159 0
0.131001 -0.095254 0
0.127885 -0.0784639 0
0.25619 -0.107344 0
0.228968 -0.117626 0
0.246984 -0.12709 0
0.284902 -0.0937041 0
0.256477 -0.107227 0
0.276678 -0.115762 0
0.237433 -0.0992708 0
0.228936 -0.117533 0
0.256158 -0.107251 0
0.256415 -0.107373 0
0.266691 -0.13721 0
0.276617 -0.115909 0
0.114142 -0.0973794 0
0.130955 -0.0953175 0
0.121361 -0.0882225 0
0.128767 -0.138142 0
0.110455 -0.135739 0
0.117622 -0.147739 0
0.128778 -0.138072 0
0.120684 -0.126675 0
0.110465 -0.135668 0
0.164803 -0.120486 0
0.14362 -0.123096 0
0.154908 -0.132956 0
0.152646 -0.111391 0
0.141493 -0.103125 0
0.133038 -0.113812 0
0.113103 -0.116014 0
0.103743 -0.124448 0
0.120609 -0.126563 0
0.130961 -0.0953746 0
0.114148 -0.0974366 0
0.123147 -0.105268 0
0.106061 -0.106126 0
0.0974983 -0.114041 0
0.113034 -0.115911 0
0.185452 -0.0854103 0
0.19323 -0.105976 0
0.200919 -0.0905738 0
0.218965 -0.135334 0
0.236162 -0.146196 0
0.246885 -0.127279 0
0.20964 -0.113139 0
0.218815 -0.135191 0
0.228718 -0.117673 0
0.202756 -0.125253 0
0.204052 -0.139642 0
0.21871 -0.135305 0
0.218891 -0.135453 0
0.224884 -0.162885 0
0.236088 -0.146315 0
0.180607 -0.155415 0
0.205209 -0.154775 0
0.189182 -0.144643 0
0.180493 -0.155549 0
0.167807 -0.169135 0
0.192371 -0.170449 0
0.241702 -0.177577 0
0.25485 -0.158125 0
0.225022 -0.163066 0
0.24711 -0.127156 0
0.266592 -0.137246 0
0.256316 -0.10741 0
0.21894 -0.135238 0
0.24686 -0.127184 0
0.228843 -0.11772 0
0.236322 -0.146203 0
0.266526 -0.137377 0
0.247044 -0.127287 0
0.0882502 -0.121339 0
0.103583 -0.124424 0
0.0974072 -0.11412 0
0.0861994 -0.137178 0
0.102558 -0.141707 0
0.0951285 -0.131227 0
0.131955 -0.124901 0
0.141616 -0.135544 0
0.143466 -0.123119 0
0.131906 -0.124951 0
0.128919 -0.138066 0
0.141567 -0.135594 0
0.117701 -0.147865 0
0.125427 -0.160831 0
0.137573 -0.150584 0
0.141692 -0.135571 0
0.15483 -0.133007 0
0.143542 -0.123146 0
0.137665 -0.150467 0
0.141586 -0.135679 0
0.128939 -0.138151 0
0.137736 -0.150505 0
0.150014 -0.149455 0
0.141657 -0.135717 0
0.113294 -0.169708 0
0.133741 -0.175026 0
0.125399 -0.160986 0
0.150072 -0.149397 0
0.154852 -0.133095 0
0.141714 -0.135659 0
0.150143 -0.149439 0
0.162897 -0.148352 0
0.154923 -0.133137 0
0.14718 -0.163938 0
0.150033 -0.14955 0
0.137754 -0.1506 0
0.147264 -0.163931 0
0.162871 -0.148456 0
0.150117 -0.149543 0
0.125525 -0.160885 0
0.147098 -0.163976 0
0.137672 -0.150638 0
0.167809 -0.169227 0
0.180931 -0.182772 0
0.192372 -0.17054 0
0.163041 -0.148493 0
0.167709 -0.169062 0
0.180394 -0.155475 0
0.157547 -0.178538 0
0.180815 -0.182799 0
0.167692 -0.169253 0
0.133924 -0.175095 0
0.146178 -0.187189 0
0.147154 -0.164146 0
0.125512 -0.160967 0
0.133854 -0.175007 0
0.147085 -0.164058 0
0.123763 -0.182412 0
0.134952 -0.195939 0
0.133808 -0.175185 0
0.16599 -0.196435 0
0.180809 -0.18289 0
0.157541 -0.178629 0
0.180416 -0.155362 0
0.174138 -0.135229 0
0.163063 -0.148379 0
0.0951387 -0.131116 0
0.103575 -0.124481 0
0.0882426 -0.121396 0
0.133735 -0.175097 0
0.113288 -0.16978 0
0.123691 -0.182325 0
0.195097 -0.197718 0
0.16611 -0.196597 0
0.179049 -0.212331 0
0.195103 -0.197619 0
0.180935 -0.182954 0
0.166116 -0.196498 0
0.226812 -0.196242 0
0.209084 -0.183078 0
0.210805 -0.213343 0
0.209061 -0.182771 0
0.224748 -0.163072 0
0.205423 -0.154928 0
0.210701 -0.213346 0
0.208979 -0.183082 0
0.195345 -0.197677 0
0.226916 -0.196123 0
0.241556 -0.177772 0
0.209188 -0.18296 0
0.157434 -0.178476 0
0.167579 -0.169191 0
0.147304 -0.164097 0
0.241551 -0.177659 0
0.224868 -0.163148 0
0.209182 -0.182848 0
0.0824432 -0.169542 0
0.0929022 -0.164388 0
0.0756836 -0.157765 0
0.0774531 -0.188753 0
0.082379 -0.16968 0
0.0719152 -0.174835 0
0.0920218 -0.182106 0
0.092957 -0.164469 0
0.082498 -0.169623 0
0.174053 -0.135154 0
0.155003 -0.133089 0
0.162977 -0.148304 0
0.122872 -0.114886 0
0.132877 -0.113831 0
0.123183 -0.105388 0
0.120673 -0.126531 0
0.122797 -0.114964 0
0.113167 -0.115982 0
0.120736 -0.126561 0
0.131816 -0.124843 0
0.12286 -0.114994 0
0.117713 -0.147789 0
0.137585 -0.150508 0
0.128859 -0.138192 0
0.17149 -0.109955 0
0.178004 -0.0996663 0
0.164131 -0.0937764 0
0.152011 -0.0995977 0
0.171403 -0.109954 0
0.164043 -0.0937762 0
0.164985 -0.120416 0
0.181463 -0.124947 0
0.171505 -0.110128 0
0.143613 -0.123024 0
0.164795 -0.120414 0
0.15276 -0.111479 0
0.174148 -0.135035 0
0.181472 -0.12503 0
0.164994 -0.120499 0
0.236347 -0.146307 0
0.254971 -0.157934 0
0.266552 -0.137482 0
0.209553 -0.113164 0
0.202774 -0.125164 0
0.218728 -0.135216 0
0.225004 -0.162961 0
0.254833 -0.158018 0
0.236208 -0.146391 0
0.113119 -0.115881 0
0.12306 -0.105365 0
0.106146 -0.106097 0
0.123245 -0.105348 0
0.132939 -0.113792 0
0.141394 -0.103105 0
0.10615 -0.106035 0
0.123064 -0.105303 0
0.114065 -0.0974724 0
0.113175 -0.115911 0
0.122806 -0.114893 0
0.123116 -0.105395 0
0.123238 -0.105287 0
0.141388 -0.103043 0
0.131052 -0.0953935 0
0.131857 -0.124801 0
0.132906 -0.113896 0
0.122901 -0.114951 0
0.12885 -0.138036 0
0.131836 -0.124921 0
0.120756 -0.126638 0
0.143437 -0.123047 0
0.132975 -0.113924 0
0.131926 -0.124828 0
0.143506 -0.123002 0
0.152653 -0.111457 0
0.133045 -0.113879 0
0.17406 -0.135061 0
0.164905 -0.120526 0
0.15501 -0.132996 0
0.163975 -0.0937034 0
0.151124 -0.0882539 0
0.151943 -0.0995249 0
0.151868 -0.0995561 0
0.151048 -0.0882851 0
0.14155 -0.103 0
0.15271 -0.111343 0
0.151874 -0.0996335 0
0.141556 -0.103078 0
0.15281 -0.111366 0
0.171365 -0.110013 0
0.151974 -0.0996567 0
0.13807 -0.0847656 0
0.127941 -0.0784526 0
0.131057 -0.0952426 0
0.141438 -0.102975 0
0.138116 -0.0848478 0
0.131102 -0.0953249 0
0.14436 -0.0735454 0
0.150296 -0.0603415 0
0.138641 -0.0574663 0
0.151012 -0.0881376 0
0.144361 -0.0737295 0
0.138192 -0.084726 0
0.151071 -0.0881205 0
0.155841 -0.0796316 0
0.14442 -0.0737124 0
0.0950802 -0.131159 0
0.0881842 -0.121438 0
0.0861512 -0.13711 0
0.0877988 -0.151208 0
0.102533 -0.141774 0
0.0861748 -0.137245 0
0.103666 -0.124406 0
0.113026 -0.115972 0
0.0974903 -0.114102 0
0.110296 -0.135638 0
0.103649 -0.124529 0
0.0952127 -0.131164 0
0.110381 -0.135623 0
0.1206 -0.126629 0
0.103734 -0.124514 0
0.192592 -0.170492 0
0.208953 -0.182796 0
0.205315 -0.154953 0
0.180618 -0.155501 0
0.192497 -0.170401 0
0.20522 -0.154861 0
0.181023 -0.182867 0
0.195192 -0.197533 0
0.192464 -0.170635 0
0.102591 -0.141844 0
0.0878566 -0.151277 0
0.103409 -0.157945 0
0.117511 -0.147826 0
0.102691 -0.141832 0
0.103509 -0.157933 0
0.110293 -0.135695 0
0.0952093 -0.131222 0
0.102639 -0.141702 0
0.0860954 -0.137099 0
0.0881284 -0.121427 0
0.0784332 -0.127905 0
0.0681449 -0.13367 0
0.071723 -0.145129 0
0.0783184 -0.127973 0
0.0878245 -0.151352 0
0.0930128 -0.164328 0
0.103377 -0.15802 0
0.068075 -0.133706 0
0.0574859 -0.138588 0
0.0716531 -0.145165 0
0.103544 -0.158026 0
0.113167 -0.169608 0
0.117546 -0.147919 0
0.110368 -0.135751 0
0.102714 -0.141758 0
0.117534 -0.147751 0
0.0930624 -0.16441 0
0.10259 -0.175865 0
0.103427 -0.158103 0
0.195186 -0.197828 0
0.179139 -0.212441 0
0.193244 -0.229278 0
0.167598 -0.16909 0
0.16293 -0.148521 0
0.147323 -0.163996 0
0.163284 -0.224837 0
0.174646 -0.243835 0
0.193121 -0.229477 0
0.166003 -0.196687 0
0.163209 -0.224621 0
0.178943 -0.212422 0
0.133004 -0.22024 0
0.115463 -0.229915 0
0.124359 -0.248254 0
0.134249 -0.268125 0
0.14342 -0.237997 0
0.124455 -0.248442 0
0.147094 -0.210817 0
0.135028 -0.196184 0
0.133146 -0.220002 0
0.165897 -0.196682 0
0.147298 -0.210834 0
0.163103 -0.224615 0
0.13296 -0.220113 0
0.111366 -0.210497 0
0.115419 -0.229788 0
0.134949 -0.19616 0
0.123486 -0.203725 0
0.133066 -0.219978 0
0.134918 -0.196035 0
0.123729 -0.182508 0
0.123455 -0.203599 0
0.147241 -0.210709 0
0.16584 -0.196557 0
0.146285 -0.187416 0
0.193138 -0.22937 0
0.179033 -0.212532 0
0.1633 -0.224732 0
0.193347 -0.229284 0
0.210647 -0.213503 0
0.195292 -0.197833 0
0.0716323 -0.145219 0
0.0574651 -0.138641 0
0.0618828 -0.149699 0
0.163118 -0.224864 0
0.143685 -0.237839 0
0.174483 -0.243862 0
0.066648 -0.161854 0
0.0538704 -0.166535 0
0.0717838 -0.174735 0
0.0755607 -0.157774 0
0.0667207 -0.161824 0
0.0718566 -0.174705 0
0.0877316 -0.151351 0
0.0757014 -0.157704 0
0.0929199 -0.164327 0
0.0876607 -0.151287 0
0.0717793 -0.145288 0
0.0756304 -0.15764 0
0.0618411 -0.149806 0
0.0500166 -0.154152 0
0.0666018 -0.161729 0
0.0755273 -0.15769 0
0.0619267 -0.149818 0
0.0666874 -0.161741 0
0.0860718 -0.137257 0
0.0718143 -0.145219 0
0.0876957 -0.151219 0
0.0860405 -0.137179 0
0.0783784 -0.127985 0
0.0717831 -0.145141 0
0.0573806 -0.138633 0
0.0464411 -0.142668 0
0.0617982 -0.14969 0
0.143521 -0.238026 0
0.134348 -0.268155 0
0.154779 -0.256907 0
0.143417 -0.237836 0
0.133098 -0.220266 0
0.124452 -0.248281 0
0.174454 -0.243971 0
0.143656 -0.237946 0
0.154914 -0.256826 0
0.163028 -0.224753 0
0.147223 -0.210972 0
0.143594 -0.237727 0
0.104347 -0.25735 0
0.0812323 -0.244064 0
0.085662 -0.264087 0
0.115276 -0.230006 0
0.0970589 -0.238266 0
0.104499 -0.257217 0
0.115228 -0.229882 0
0.0900927 -0.220585 0
0.0970106 -0.238143 0
-0.0180736 -0.219776 0
-0.00601555 -0.237774 0
0.00519017 -0.220307 0
-0.0168106 -0.203448 0
-0.0325379 -0.201532 0
-0.0352721 -0.217511 0
-0.000813314 -0.204144 0
-0.0166471 -0.203464 0
-0.0181293 -0.219607 0
0.0152147 -0.203582 0
-0.000628304 -0.204146 0
0.00531953 -0.22014 0
0.0152454 -0.203426 0
0.014272 -0.188482 0
-0.000400827 -0.189015 0
-0.0299766 -0.186521 0
-0.0154074 -0.188286 0
-0.0276428 -0.172859 0
-0.0352802 -0.217679 0
-0.0334727 -0.235485 0
-0.0183008 -0.219759 0
0.0313094 -0.201635 0
0.0468803 -0.198603 0
0.0435875 -0.183992 0
0.0677278 -0.228063 0
0.0756866 -0.215925 0
0.0612737 -0.211736 0
0.0619435 -0.149763 0
0.0755441 -0.157635 0
0.071693 -0.145282 0
0.0251388 -0.159973 0
0.0234319 -0.148198 0
0.0118526 -0.149568 0
0.104653 -0.25738 0
0.134119 -0.268191 0
0.124326 -0.248508 0
0.0358627 -0.157893 0
0.0498242 -0.154126 0
0.0350692 -0.145923 0
0.0235449 -0.148178 0
0.0357745 -0.157873 0
0.034981 -0.145903 0
0.0271009 -0.172912 0
0.0290868 -0.186631 0
0.0404484 -0.170288 0
0.0358811 -0.157975 0
0.0405472 -0.17013 0
0.0498427 -0.154208 0
0.0579486 -0.179839 0
0.0717546 -0.174795 0
0.0538412 -0.166596 0
0.0812701 -0.243977 0
0.104385 -0.257263 0
0.0969448 -0.238312 0
0.029142 -0.186667 0
0.043559 -0.183848 0
0.0405036 -0.170325 0
0.025219 -0.160001 0
0.0357418 -0.157921 0
0.0235121 -0.148226 0
0.0134396 -0.174368 0
0.0251079 -0.1601 0
0.0125993 -0.161566 0
0.0270723 -0.172782 0
0.0357537 -0.158003 0
0.0252309 -0.160083 0
0.104451 -0.257464 0
0.0857667 -0.264202 0
0.112653 -0.277892 0
0.134078 -0.268291 0
0.104613 -0.257478 0
0.112812 -0.277907 0
0.124264 -0.248379 0
0.115367 -0.23004 0
0.104591 -0.257251 0
0.0898811 -0.220598 0
0.0678416 -0.228186 0
0.0811242 -0.243821 0
0.0970579 -0.207213 0
0.0835627 -0.204152 0
0.0899869 -0.220395 0
0.111161 -0.210423 0
0.0971505 -0.207234 0
0.0900795 -0.220416 0
0.111211 -0.210334 0
0.104733 -0.19398 0
0.0971997 -0.207146 0
0.077425 -0.188933 0
0.0625094 -0.194368 0
0.0834052 -0.204004 0
0.0200285 -0.276919 0
0.0385857 -0.254344 0
0.0187569 -0.256565 0
0.0677887 -0.292169 0
0.0433818 -0.274436 0
0.0449361 -0.296546 0
0.0542975 -0.231793 0
0.0473614 -0.214915 0
0.0361379 -0.235302 0
0.0676476 -0.228245 0
0.0544403 -0.231888 0
0.0585385 -0.250311 0
0.0757392 -0.215845 0
0.0833956 -0.204152 0
0.0613262 -0.211656 0
0.0898631 -0.220505 0
0.0757825 -0.215955 0
0.0678237 -0.228092 0
0.0899157 -0.220424 0
0.0834915 -0.204181 0
0.0758351 -0.215875 0
0.0968964 -0.238189 0
0.0899786 -0.220632 0
0.0812217 -0.243854 0
0.102697 -0.176044 0
0.104792 -0.193782 0
0.123559 -0.182408 0
0.103494 -0.15812 0
0.102658 -0.175883 0
0.113117 -0.169701 0
0.0921282 -0.182226 0
0.104687 -0.193782 0
0.102591 -0.176044 0
0.115275 -0.22979 0
0.111222 -0.210499 0
0.0901404 -0.220492 0
0.111393 -0.21041 0
0.132987 -0.220026 0
0.123407 -0.203773 0
0.0612024 -0.211789 0
0.0544492 -0.231759 0
0.0676565 -0.228116 0
0.0143575 -0.188331 0
0.0269614 -0.172931 0
0.0134517 -0.1745 0
0.0311522 -0.20161 0
0.0290133 -0.186787 0
0.0144236 -0.188468 0
0.0194532 -0.218971 0
0.0311233 -0.201768 0
0.0153682 -0.20357 0
-0.00589665 -0.237834 0
0.0173651 -0.237419 0
0.00530911 -0.220366 0
0.0474204 -0.214725 0
0.0611098 -0.211634 0
0.0469928 -0.198739 0
0.0360685 -0.235255 0
0.0472919 -0.214869 0
0.0335987 -0.217962 0
0.0543814 -0.231714 0
0.0611346 -0.211744 0
0.0474452 -0.214836 0
0.031322 -0.201738 0
0.0473205 -0.214692 0
0.0468928 -0.198706 0
0.0436915 -0.183968 0
0.0469842 -0.198579 0
0.0622747 -0.194333 0
0.0537471 -0.166626 0
0.0436993 -0.183812 0
0.0578545 -0.179869 0
0.0291109 -0.186772 0
0.0312498 -0.201595 0
0.0435279 -0.183952 0
0.0855538 -0.264271 0
0.0631322 -0.270568 0
0.0905234 -0.285868 0
0.112604 -0.277989 0
0.0857191 -0.264296 0
0.0906862 -0.285893 0
0.0810193 -0.243921 0
0.0677368 -0.228285 0
0.0586276 -0.250351 0
0.083351 -0.20408 0
0.0624552 -0.194444 0
0.0612817 -0.211584 0
0.0919736 -0.182303 0
0.0775239 -0.188893 0
0.0835041 -0.203964 0
0.0971071 -0.207125 0
0.10464 -0.193959 0
0.0836119 -0.204064 0
0.102552 -0.175946 0
0.0930244 -0.164491 0
0.0920891 -0.182127 0
0.102725 -0.175964 0
0.123587 -0.182327 0
0.113184 -0.169783 0
0.083595 -0.20398 0
0.104623 -0.193875 0
0.0920645 -0.182319 0
0.111298 -0.210323 0
0.123313 -0.203685 0
0.10482 -0.193968 0
0.123354 -0.203592 0
0.123628 -0.182501 0
0.104862 -0.193875 0
0.133174 -0.220141 0
0.143494 -0.237711 0
0.147123 -0.210956 0
0.146257 -0.1872 0
0.157363 -0.178536 0
0.147233 -0.164157 0
0.147138 -0.210707 0
0.146182 -0.187415 0
0.135072 -0.196075 0
0.165874 -0.196449 0
0.157425 -0.178644 0
0.14632 -0.187309 0
0.135027 -0.195956 0
0.146138 -0.187296 0
0.133883 -0.175202 0
0.125345 -0.160895 0
0.11762 -0.147929 0
0.11324 -0.169617 0
0.09197 -0.182188 0
0.0824463 -0.169705 0
0.0775204 -0.188778 0
-0.0216728 -0.256196 0
-0.0334935 -0.235729 0
-0.0381582 -0.254157 0
0.019514 -0.219019 0
0.0334894 -0.217864 0
0.0311841 -0.201816 0
0.0174499 -0.237356 0
0.0193741 -0.219146 0
0.00539392 -0.220303 0
0.0175523 -0.237407 0
0.0359218 -0.235335 0
0.0194765 -0.219196 0
0.0386354 -0.254141 0
0.0359861 -0.235452 0
0.0176166 -0.237524 0
-0.00132416 -0.257104 0
0.0186148 -0.256443 0
0.0174248 -0.237604 0
0.0434128 -0.27421 0
0.0628848 -0.270482 0
0.0584857 -0.250594 0
0.0387722 -0.254185 0
0.0583807 -0.25041 0
0.0361229 -0.235495 0
-0.0254444 -0.159957 0
-0.0129426 -0.16145 0
-0.0234366 -0.148237 0
-0.0349465 -0.14591 0
-0.0255182 -0.159905 0
-0.0235104 -0.148185 0
-0.0275814 -0.17273 0
-0.0140854 -0.174354 0
-0.0129185 -0.16158 0
-0.0300498 -0.186462 0
-0.0277161 -0.172801 0
-0.0372339 -0.170889 0
-0.0128969 -0.161415 0
-0.0118115 -0.149573 0
-0.0233908 -0.148202 0
-0.0276196 -0.172682 0
-0.0129567 -0.161532 0
-0.0254584 -0.160039 0
-0.0139518 -0.174363 0
-0.000367727 -0.174924 0
-0.000203387 -0.162097 0
-0.0153541 -0.188245 0
-0.0140936 -0.174443 0
-0.0275895 -0.172819 0
-0.0152178 -0.188301 0
-0.000551725 -0.18892 0
-0.000373136 -0.175061 0
0.040607 -0.170158 0
0.0537101 -0.166495 0
0.0499025 -0.154236 0
0.0271235 -0.172816 0
0.0404709 -0.170192 0
0.0358049 -0.158037 0
0.0436413 -0.18378 0
0.0536891 -0.166594 0
0.040586 -0.170257 0
0.0773398 -0.188853 0
0.057996 -0.179978 0
0.0624241 -0.194288 0
0.0773714 -0.188788 0
0.0718335 -0.17487 0
0.0580276 -0.179913 0
0.0823728 -0.169576 0
0.0756132 -0.1578 0
0.0719091 -0.174731 0
0.0498593 -0.154076 0
0.0463267 -0.142707 0
0.0351043 -0.145872 0
0.0665748 -0.161785 0
0.0499896 -0.154208 0
0.0537973 -0.166467 0
0.0617733 -0.149742 0
0.0464161 -0.14272 0
0.0499488 -0.154089 0
0.0118162 -0.149613 0
0.0125938 -0.161483 0
0.0251025 -0.160017 0
0.0584329 -0.250335 0
0.0543347 -0.231912 0
0.0361751 -0.23542 0
0.0433319 -0.274155 0
0.0584048 -0.25054 0
0.0387963 -0.254314 0
0.0630259 -0.270449 0
0.0854482 -0.264153 0
0.0586268 -0.25056 0
8.10921e-05 -0.150037 0
0.0125098 -0.161449 0
0.0117322 -0.149579 0
0.0629149 -0.270621 0
0.0434433 -0.27435 0
0.0678518 -0.292081 0
0.0904617 -0.285962 0
0.063072 -0.270661 0
0.0680064 -0.29212 0
0.0855087 -0.264064 0
0.081079 -0.244041 0
0.0586873 -0.250471 0
0.0432226 -0.274385 0
0.02013 -0.277121 0
0.0447793 -0.296495 0
0.0173425 -0.237542 0
-0.00591915 -0.237957 0
-0.00140647 -0.257042 0
0.0187487 -0.256433 0
0.0385776 -0.254212 0
0.0175588 -0.237594 0
-0.00341345 -0.277643 0
0.0198205 -0.276999 0
-0.00138987 -0.257306 0
0.0200565 -0.277204 0
0.0215773 -0.299155 0
0.0447041 -0.296579 0
-0.00131584 -0.257236 0
0.0198947 -0.276929 0
0.018623 -0.256575 0
-0.00341605 -0.277786 0
-0.00187553 -0.299851 0
0.0198178 -0.277141 0
0.0359753 -0.235269 0
0.0335055 -0.217977 0
0.0195301 -0.219131 0
0.043728 -0.183905 0
0.0623113 -0.194271 0
0.0578832 -0.179962 0
0.0335826 -0.21785 0
0.0472758 -0.214756 0
0.0312773 -0.201802 0
0.0611598 -0.211566 0
0.0623334 -0.194426 0
0.0470429 -0.198671 0
-0.000111873 -0.162098 0
-0.000276236 -0.174925 0
0.0133123 -0.174419 0
-0.0116909 -0.149581 0
-0.000194717 -0.161931 0
-3.97617e-05 -0.150038 0
-0.0128268 -0.161544 0
-0.0139937 -0.174318 0
-0.000245178 -0.162053 0
-6.89306e-05 -0.162053 0
0.0133552 -0.174374 0
0.0125148 -0.161573 0
-0.015263 -0.188253 0
-0.00041826 -0.175012 0
-0.0140024 -0.174451 0
-0.000452941 -0.18892 0
0.0142199 -0.188387 0
-0.000274321 -0.175061 0
-0.000227955 -0.175013 0
0.0142663 -0.188338 0
0.0133605 -0.174507 0
-0.000749714 -0.203991 0
-0.000552983 -0.189017 0
-0.0152191 -0.188398 0
-0.000647681 -0.204041 0
0.0151954 -0.203478 0
-0.000450898 -0.189067 0
0.0193668 -0.219033 0
0.0152818 -0.203632 0
0.00538661 -0.22019 0
0.0311063 -0.201666 0
0.0143777 -0.188524 0
0.0153512 -0.203468 0
0.0289994 -0.186691 0
0.0270135 -0.172972 0
0.0144097 -0.188372 0
0.0269976 -0.172837 0
0.0251562 -0.160138 0
0.013488 -0.174406 0
-0.0198653 -0.237342 0
-0.0334321 -0.235672 0
-0.0216113 -0.256139 0
-0.0061106 -0.237953 0
-0.0197736 -0.23735 0
-0.0215197 -0.256147 0
-0.00609928 -0.237831 0
-0.0181573 -0.219832 0
-0.0197623 -0.237228 0
-0.000237574 -0.16197 0
-0.0117338 -0.149619 0
-0.0128192 -0.161461 0
-0.0379194 -0.157551 0
-0.0372531 -0.170749 0
-0.0255742 -0.160019 0
-0.06711 -0.161526 0
-0.0543698 -0.166251 0
-0.0502688 -0.1541 0
-0.0445134 -0.183691 0
-0.044451 -0.198628 0
-0.0301302 -0.186592 0
-0.0688414 -0.209321 0
-0.0565103 -0.195998 0
-0.0706301 -0.191362 0
-0.0687801 -0.209397 0
-0.0523414 -0.214099 0
-0.0564489 -0.196074 0
-0.0705966 -0.191263 0
-0.0564767 -0.195898 0
-0.0588453 -0.179666 0
-0.019854 -0.23722 0
-0.0182491 -0.219825 0
-0.0334209 -0.235551 0
-0.0446421 -0.18356 0
-0.054323 -0.16641 0
-0.0587513 -0.179542 0
0.0386677 -0.254403 0
0.0201104 -0.276979 0
0.0432033 -0.274244 0
-0.027701 -0.172713 0
-0.0255399 -0.16007 0
-0.0372188 -0.1708 0
-0.0255665 -0.159936 0
-0.0349949 -0.145941 0
-0.0379118 -0.157467 0
-0.0671387 -0.161612 0
-0.0588267 -0.179468 0
-0.0543985 -0.166336 0
-0.125112 -0.202518 0
-0.118184 -0.185616 0
-0.136441 -0.194894 0
-0.0861847 -0.168268 0
-0.0995874 -0.177896 0
-0.0854949 -0.185083 0
-0.11007 -0.171391 0
-0.120301 -0.164919 0
-0.11808 -0.185412 0
-0.0990898 -0.161007 0
-0.109938 -0.171353 0
-0.0997123 -0.177826 0
-0.120368 -0.164941 0
-0.130002 -0.177984 0
-0.118147 -0.185434 0
-0.0689572 -0.20952 0
-0.0918238 -0.219617 0
-0.069931 -0.227394 0
-0.0214585 -0.256213 0
-0.00153665 -0.257104 0
-0.00604937 -0.238019 0
-0.0235406 -0.276639 0
-0.0216394 -0.256333 0
-0.0381247 -0.254295 0
-0.023425 -0.276717 0
-0.00362514 -0.277639 0
-0.0215235 -0.256411 0
-0.00202917 -0.299925 0
-0.00356803 -0.277859 0
-0.0252187 -0.298865 0
-0.00179477 -0.299923 0
0.0214213 -0.299166 0
0.0199004 -0.277214 0
-0.000739965 -0.2042 0
-0.0180559 -0.219663 0
0.00520789 -0.220194 0
-0.0299975 -0.186667 0
-0.0325203 -0.201428 0
-0.0167928 -0.203345 0
-0.0153708 -0.188388 0
-0.0299399 -0.186623 0
-0.0167353 -0.203301 0
-0.000803686 -0.204039 0
-0.015273 -0.188446 0
-0.0166375 -0.203359 0
-0.000113642 -0.161971 0
0.0124701 -0.161491 0
4.13305e-05 -0.150078 0
-0.0373712 -0.170857 0
-0.0542512 -0.166381 0
-0.0445704 -0.183531 0
-0.0542293 -0.166294 0
-0.0373492 -0.17077 0
-0.0380156 -0.157572 0
-0.0446014 -0.183722 0
-0.0563419 -0.195937 0
-0.044539 -0.19866 0
-0.0372902 -0.170925 0
-0.0444894 -0.183598 0
-0.0301061 -0.186499 0
-0.0587582 -0.17964 0
-0.0563896 -0.195873 0
-0.0446491 -0.183659 0
-0.0352241 -0.217572 0
-0.0182447 -0.219652 0
-0.0167626 -0.203509 0
-0.0564476 -0.231254 0
-0.0336006 -0.235524 0
-0.0354082 -0.217718 0
-0.0612829 -0.249636 0
-0.0566552 -0.231334 0
-0.0697877 -0.227568 0
-0.0611475 -0.249763 0
-0.0383374 -0.254159 0
-0.0475942 -0.242592 0
-0.0611332 -0.249869 0
-0.0433587 -0.274151 0
-0.0383232 -0.254265 0
-0.0716609 -0.291167 0
-0.0664076 -0.26978 0
-0.0854138 -0.264308 0
-0.0715403 -0.291272 0
-0.0488003 -0.295931 0
-0.0662854 -0.269886 0
-0.0234385 -0.276859 0
-0.0252878 -0.298788 0
-0.00363885 -0.27778 0
-0.00152836 -0.257237 0
-0.0214501 -0.256346 0
-0.0035517 -0.277574 0
-0.0431909 -0.274391 0
-0.0254205 -0.298778 0
-0.0235712 -0.276849 0
-0.0612269 -0.24992 0
-0.0662315 -0.269675 0
-0.0434524 -0.274203 0
-0.0476554 -0.242515 0
-0.0565809 -0.231384 0
-0.0612087 -0.249686 0
-0.0335803 -0.235683 0
-0.0475017 -0.242544 0
-0.0382449 -0.254111 0
-0.0336415 -0.235607 0
-0.0564884 -0.231337 0
-0.0475629 -0.242468 0
-0.0773015 -0.245237 0
-0.066345 -0.269578 0
-0.0613405 -0.249823 0
-0.0485697 -0.295971 0
-0.025507 -0.298842 0
-0.0432757 -0.274454 0
-0.0381971 -0.254355 0
-0.0432328 -0.274241 0
-0.0236132 -0.2767 0
-0.0351052 -0.145872 0
-0.0463276 -0.142707 0
-0.0501349 -0.153969 0
-0.0620551 -0.149562 0
-0.046442 -0.142668 0
-0.0573814 -0.138632 0
-0.0735925 -0.144235 0
-0.0574924 -0.138585 0
-0.0680815 -0.133703 0
-0.0434113 -0.274356 0
-0.0661904 -0.26983 0
-0.0487036 -0.295874 0
-0.0830407 -0.138937 0
-0.0681829 -0.13365 0
-0.0783563 -0.127952 0
-0.0882225 -0.12136 0
-0.0973793 -0.114142 0
-0.0953013 -0.130909 0
-0.103069 -0.141319 0
-0.105317 -0.123214 0
-0.113727 -0.132897 0
-0.120265 -0.145059 0
-0.10312 -0.141392 0
-0.113777 -0.13297 0
-0.0831314 -0.138929 0
-0.0784471 -0.127943 0
-0.095221 -0.131014 0
-0.148098 -0.163175 0
-0.147559 -0.18601 0
-0.130193 -0.17798 0
-0.18224 -0.181288 0
-0.15881 -0.177311 0
-0.168815 -0.168016 0
-0.14752 -0.186116 0
-0.136556 -0.194814 0
-0.130154 -0.178086 0
-0.167533 -0.194954 0
-0.147719 -0.186114 0
-0.15869 -0.177418 0
-0.167501 -0.195061 0
-0.149159 -0.209287 0
-0.147687 -0.186221 0
-0.0502252 -0.153982 0
-0.046418 -0.14272 0
-0.062031 -0.149614 0
-0.067136 -0.161471 0
-0.0502947 -0.154045 0
-0.0621005 -0.149677 0
-0.0542723 -0.166238 0
-0.0380586 -0.157516 0
-0.0501713 -0.154087 0
-0.0773823 -0.245285 0
-0.0854322 -0.264153 0
-0.066426 -0.269626 0
-0.0523863 -0.214204 0
-0.0688248 -0.209502 0
-0.0697987 -0.227376 0
-0.0354708 -0.217646 0
-0.0522302 -0.214244 0
-0.0565102 -0.231182 0
-0.0353647 -0.217495 0
-0.0326306 -0.201516 0
-0.0444287 -0.198791 0
-0.107654 -0.256225 0
-0.137182 -0.266714 0
-0.116168 -0.276518 0
-0.094278 -0.284724 0
-0.10751 -0.256286 0
-0.116024 -0.276578 0
-0.146067 -0.236096 0
-0.135279 -0.218805 0
-0.149046 -0.209533 0
-0.0995365 -0.237202 0
-0.117592 -0.228788 0
-0.107532 -0.255967 0
-0.0994846 -0.237081 0
-0.0920852 -0.219714 0
-0.11754 -0.228667 0
-0.0699842 -0.22747 0
-0.0918769 -0.219693 0
-0.0847891 -0.232082 0
-0.0908099 -0.200777 0
-0.106089 -0.193143 0
-0.108801 -0.211661 0
-0.0588996 -0.179594 0
-0.0726489 -0.174485 0
-0.0706509 -0.191191 0
-0.117685 -0.228821 0
-0.127115 -0.246903 0
-0.107624 -0.256 0
-0.0379942 -0.157447 0
-0.0350773 -0.145922 0
-0.0501069 -0.154018 0
-0.069857 -0.227614 0
-0.0773133 -0.245096 0
-0.0613522 -0.249682 0
-0.0523453 -0.214277 0
-0.0697578 -0.227449 0
-0.0566252 -0.231215 0
-0.0445647 -0.198762 0
-0.0563676 -0.196039 0
-0.0522602 -0.214063 0
-0.0354304 -0.217538 0
-0.0444944 -0.198834 0
-0.0521899 -0.214135 0
-0.0326129 -0.201412 0
-0.0300902 -0.186651 0
-0.0444111 -0.198688 0
-0.0707444 -0.191378 0
-0.0905585 -0.200763 0
-0.0689556 -0.209337 0
-0.0690266 -0.209431 0
-0.0906294 -0.200858 0
-0.0918933 -0.219528 0
-0.0941741 -0.284683 0
-0.0856261 -0.26424 0
-0.107408 -0.256245 0
-0.0940565 -0.284799 0
-0.0717559 -0.291217 0
-0.0855072 -0.264357 0
-0.0974364 -0.114148 0
-0.105237 -0.123117 0
-0.0953584 -0.130915 0
-0.0727377 -0.174503 0
-0.0853535 -0.185148 0
-0.0707396 -0.19121 0
-0.0671999 -0.161639 0
-0.0726374 -0.174385 0
-0.0588879 -0.179495 0
-0.0881435 -0.150906 0
-0.0737451 -0.144294 0
-0.083092 -0.13905 0
-0.0574725 -0.138638 0
-0.0735725 -0.144288 0
-0.0621461 -0.149568 0
-0.0854134 -0.185236 0
-0.0906137 -0.200683 0
-0.0707997 -0.191297 0
-0.067291 -0.161601 0
-0.086034 -0.168178 0
-0.0727284 -0.174348 0
-0.08623 -0.168187 0
-0.0990102 -0.160996 0
-0.0996327 -0.177816 0
-0.120984 -0.1263 0
-0.129263 -0.137507 0
-0.113867 -0.132894 0
-0.0848877 -0.232115 0
-0.0919756 -0.219725 0
-0.0993751 -0.237092 0
-0.0774904 -0.24507 0
-0.0848391 -0.2322 0
-0.0993266 -0.237177 0
-0.0773917 -0.245037 0
-0.0699356 -0.227555 0
-0.0847405 -0.232167 0
-0.108754 -0.21175 0
-0.0920266 -0.219536 0
-0.0907627 -0.200866 0
-0.136498 -0.195005 0
-0.135167 -0.218644 0
-0.125169 -0.202629 0
-0.117572 -0.228582 0
-0.0921165 -0.219629 0
-0.108844 -0.211843 0
-0.0856431 -0.264082 0
-0.0994294 -0.237321 0
-0.107425 -0.256086 0
-0.0855425 -0.264045 0
-0.0774928 -0.245177 0
-0.0993289 -0.237284 0
-0.0736467 -0.144345 0
-0.0795855 -0.155711 0
-0.0622203 -0.149625 0
-0.083025 -0.138992 0
-0.0736781 -0.144236 0
-0.0681672 -0.133704 0
-0.088159 -0.121406 0
-0.0952379 -0.130955 0
-0.0784639 -0.127885 0
-0.079644 -0.155831 0
-0.0860572 -0.168116 0
-0.0673142 -0.161538 0
-0.088132 -0.150962 0
-0.0796724 -0.155716 0
-0.0737337 -0.14435 0
-0.0953357 -0.131063 0
-0.102967 -0.14137 0
-0.0929224 -0.140151 0
-0.0991287 -0.160922 0
-0.111305 -0.152753 0
-0.109977 -0.171269 0
-0.0882382 -0.151058 0
-0.098972 -0.160906 0
-0.0861918 -0.168098 0
-0.111376 -0.152766 0
-0.120278 -0.16481 0
-0.110048 -0.171282 0
-0.0860947 -0.168257 0
-0.085405 -0.185071 0
-0.0727892 -0.174426 0
-0.0881735 -0.151041 0
-0.0861272 -0.168081 0
-0.079714 -0.155795 0
-0.0882945 -0.150969 0
-0.102963 -0.141505 0
-0.0990282 -0.160817 0
-0.0621988 -0.149683 0
-0.0795639 -0.155769 0
-0.0672342 -0.161477 0
-0.115837 -0.113109 0
-0.105334 -0.12303 0
-0.106096 -0.106146 0
-0.129261 -0.13757 0
-0.120353 -0.145046 0
-0.113865 -0.132957 0
-0.195984 -0.166642 0
-0.210374 -0.181079 0
-0.182504 -0.181296 0
-0.168891 -0.167939 0
-0.181381 -0.154366 0
-0.182316 -0.181211 0
-0.210251 -0.14805 0
-0.223885 -0.164081 0
-0.196122 -0.166474 0
-0.099654 -0.177979 0
-0.106041 -0.192978 0
-0.0855616 -0.185166 0
-0.135247 -0.218667 0
-0.136578 -0.195028 0
-0.149014 -0.209395 0
-0.109013 -0.211753 0
-0.125077 -0.202685 0
-0.135075 -0.2187 0
-0.108916 -0.211667 0
-0.106203 -0.193149 0
-0.12498 -0.202599 0
-0.118201 -0.185534 0
-0.130056 -0.178084 0
-0.136457 -0.194812 0
-0.106234 -0.193062 0
-0.118083 -0.18561 0
-0.125011 -0.202512 0
-0.106149 -0.19298 0
-0.0997629 -0.177981 0
-0.117998 -0.185527 0
-0.0855316 -0.185242 0
-0.106011 -0.193055 0
-0.0907318 -0.200688 0
-0.0997758 -0.177908 0
-0.110001 -0.171435 0
-0.118011 -0.185455 0
-0.147654 -0.186008 0
-0.148193 -0.163173 0
-0.158625 -0.177311 0
-0.111411 -0.152678 0
-0.120314 -0.145203 0
-0.120313 -0.164722 0
-0.148264 -0.163112 0
-0.168701 -0.167955 0
-0.158696 -0.17725 0
-0.134024 -0.163997 0
-0.148053 -0.163101 0
-0.130148 -0.177906 0
-0.120421 -0.164869 0
-0.133931 -0.164003 0
-0.130055 -0.177912 0
-0.120388 -0.16476 0
-0.12039 -0.14524 0
-0.133899 -0.163894 0
-0.1508 -0.148527 0
-0.142213 -0.135001 0
-0.155367 -0.132336 0
-0.146104 -0.236408 0
-0.157653 -0.255151 0
-0.137449 -0.266577 0
-0.135206 -0.21893 0
-0.145994 -0.236222 0
-0.127302 -0.246805 0
-0.162586 -0.22522 0
-0.157736 -0.255013 0
-0.146188 -0.236269 0
-0.157841 -0.255032 0
-0.16269 -0.225238 0
-0.177085 -0.242068 0
-0.127181 -0.24703 0
-0.137217 -0.266616 0
-0.10769 -0.256126 0
-0.135111 -0.218905 0
-0.127207 -0.246779 0
-0.117777 -0.228696 0
-0.108988 -0.21184 0
-0.13505 -0.218787 0
-0.117716 -0.228579 0
-0.149137 -0.209554 0
-0.162557 -0.225067 0
-0.146158 -0.236117 0
-0.146002 -0.236381 0
-0.137346 -0.26655 0
-0.12731 -0.246964 0
-0.133154 -0.113428 0
-0.123344 -0.105166 0
-0.141553 -0.102754 0
-0.132173 -0.124381 0
-0.121058 -0.126191 0
-0.133115 -0.113571 0
-0.142113 -0.134888 0
-0.132279 -0.12444 0
-0.143819 -0.122564 0
-0.129324 -0.137479 0
-0.121045 -0.126271 0
-0.132161 -0.124462 0
-0.142064 -0.134938 0
-0.129395 -0.137508 0
-0.132231 -0.124491 0
-0.163655 -0.14737 0
-0.150872 -0.148569 0
-0.155439 -0.132378 0
-0.138361 -0.149707 0
-0.129416 -0.137592 0
-0.142085 -0.135023 0
-0.163691 -0.147537 0
-0.168718 -0.167855 0
-0.148281 -0.163013 0
-0.178476 -0.129337 0
-0.163748 -0.147305 0
-0.155532 -0.132313 0
-0.17865 -0.129397 0
-0.189872 -0.143369 0
-0.181439 -0.154111 0
-0.167777 -0.195 0
-0.182364 -0.18144 0
-0.196863 -0.195781 0
-0.150848 -0.148671 0
-0.163631 -0.147473 0
-0.148221 -0.162948 0
-0.138453 -0.149837 0
-0.150763 -0.148679 0
-0.148136 -0.162956 0
-0.138433 -0.149744 0
-0.142156 -0.13506 0
-0.150743 -0.148586 0
-0.181472 -0.154362 0
-0.195887 -0.166553 0
-0.182407 -0.181206 0
-0.163802 -0.147507 0
-0.181319 -0.154253 0
-0.168828 -0.167826 0
-0.189929 -0.143494 0
-0.195912 -0.166426 0
-0.181497 -0.154235 0
-0.165316 -0.119777 0
-0.178482 -0.129244 0
-0.155537 -0.132221 0
-0.210137 -0.147981 0
-0.196008 -0.166405 0
-0.190026 -0.143473 0
-0.196858 -0.195879 0
-0.181111 -0.210524 0
-0.167773 -0.195098 0
-0.14808 -0.163007 0
-0.134051 -0.163903 0
-0.138397 -0.149888 0
-0.120257 -0.145125 0
-0.111353 -0.1526 0
-0.103112 -0.141458 0
-0.138288 -0.14974 0
-0.120435 -0.145102 0
-0.129343 -0.137626 0
-0.138304 -0.149828 0
-0.133959 -0.163844 0
-0.12045 -0.14519 0
-0.105273 -0.123033 0
-0.0974723 -0.114064 0
-0.106035 -0.10615 0
-0.113787 -0.132846 0
-0.105377 -0.123163 0
-0.120904 -0.126251 0
-0.103041 -0.141511 0
-0.111282 -0.152653 0
-0.0991054 -0.160823 0
-0.0928987 -0.140218 0
-0.102943 -0.141436 0
-0.0882739 -0.1509 0
-0.083156 -0.139036 0
-0.0928323 -0.14021 0
-0.0882075 -0.150892 0
-0.0831797 -0.138969 0
-0.0952693 -0.131055 0
-0.092856 -0.140143 0
-0.0953771 -0.131006 0
-0.105255 -0.123208 0
-0.103008 -0.141313 0
-0.123245 -0.105087 0
-0.114148 -0.0974354 0
-0.131031 -0.0952006 0
-0.121004 -0.126153 0
-0.11598 -0.113145 0
-0.133061 -0.113533 0
-0.115924 -0.113021 0
-0.114098 -0.0974952 0
-0.123195 -0.105147 0
-0.138603 -0.0574533 0
-0.149607 -0.0619554 0
-0.133721 -0.0680424 0
-0.167658 -0.195195 0
-0.180997 -0.210622 0
-0.162735 -0.224934 0
-0.136619 -0.194919 0
-0.147583 -0.186221 0
-0.149055 -0.209286 0
-0.158806 -0.177402 0
-0.182236 -0.181378 0
-0.167649 -0.194938 0
-0.212665 -0.21139 0
-0.197107 -0.195835 0
-0.210479 -0.181277 0
-0.167552 -0.195191 0
-0.162628 -0.22493 0
-0.149209 -0.209417 0
-0.212567 -0.211487 0
-0.181262 -0.210578 0
-0.197009 -0.195933 0
-0.195456 -0.227493 0
-0.177273 -0.241928 0
-0.18114 -0.210786 0
-0.18103 -0.210778 0
-0.177162 -0.241921 0
-0.162767 -0.22509 0
-0.123337 -0.105105 0
-0.131123 -0.0952182 0
-0.141546 -0.102693 0
-0.210377 -0.181177 0
-0.197006 -0.195735 0
-0.182507 -0.181393 0
-0.223886 -0.164192 0
-0.210512 -0.181022 0
-0.196123 -0.166585 0
-0.219573 -0.134054 0
-0.236981 -0.144653 0
-0.210373 -0.147877 0
-0.242967 -0.175848 0
-0.228634 -0.194116 0
-0.224103 -0.164266 0
-0.212563 -0.211592 0
-0.195574 -0.227392 0
-0.181257 -0.210684 0
-0.137041 -0.086138 0
-0.121427 -0.0881284 0
-0.127905 -0.0784334 0
-0.228488 -0.194291 0
-0.212771 -0.211383 0
-0.210584 -0.181272 0
-0.114142 -0.0973788 0
-0.121361 -0.0882219 0
-0.131025 -0.0951439 0
-0.144288 -0.0734933 0
-0.12797 -0.0783242 0
-0.133668 -0.0681508 0
-0.1652 -0.119755 0
-0.155421 -0.132198 0
-0.143974 -0.122539 0
-0.188048 -0.114888 0
-0.16541 -0.119643 0
-0.174185 -0.106473 0
-0.178723 -0.129296 0
-0.203127 -0.124146 0
-0.189944 -0.143269 0
-0.201282 -0.0898913 0
-0.218013 -0.0952928 0
-0.209973 -0.111887 0
-0.237225 -0.144659 0
-0.246865 -0.127378 0
-0.25598 -0.156159 0
-0.203331 -0.124177 0
-0.21946 -0.133985 0
-0.21026 -0.147808 0
-0.227812 -0.119434 0
-0.24677 -0.127255 0
-0.237131 -0.144536 0
-0.219541 -0.13385 0
-0.210067 -0.112114 0
-0.22763 -0.119348 0
-0.19005 -0.143331 0
-0.203233 -0.124208 0
-0.210162 -0.147839 0
-0.188294 -0.114921 0
-0.209881 -0.112067 0
-0.203226 -0.123993 0
-0.178591 -0.129187 0
-0.165425 -0.119719 0
-0.188063 -0.114964 0
-0.203121 -0.124051 0
-0.178717 -0.129201 0
-0.188189 -0.114979 0
-0.178563 -0.12941 0
-0.181352 -0.154124 0
-0.163835 -0.147379 0
-0.174262 -0.10634 0
-0.181981 -0.0925241 0
-0.19457 -0.10233 0
-0.218126 -0.0951812 0
-0.213918 -0.0814081 0
-0.231255 -0.0870078 0
-0.209742 -0.068063 0
-0.213789 -0.0813264 0
-0.201267 -0.089698 0
-0.256155 -0.107495 0
-0.263704 -0.0873538 0
-0.277187 -0.114359 0
-0.267501 -0.135636 0
-0.256168 -0.107657 0
-0.2772 -0.114521 0
-0.236508 -0.101132 0
-0.263567 -0.0873096 0
-0.256019 -0.107451 0
-0.218189 -0.095355 0
-0.236262 -0.101198 0
-0.227713 -0.119183 0
-0.245631 -0.0761255 0
-0.263532 -0.0872044 0
-0.236474 -0.101027 0
-0.2674 -0.13584 0
-0.256082 -0.156128 0
-0.246966 -0.127348 0
-0.223995 -0.164284 0
-0.228525 -0.194134 0
-0.210621 -0.181114 0
-0.224132 -0.164101 0
-0.237106 -0.144847 0
-0.242995 -0.175683 0
-0.147148 -0.0946254 0
-0.161156 -0.0985815 0
-0.153024 -0.11078 0
-0.131203 -0.0951829 0
-0.147009 -0.0945869 0
-0.141626 -0.102658 0
-0.137182 -0.0861431 0
-0.144364 -0.0736075 0
-0.147038 -0.0944595 0
-0.149626 -0.062009 0
-0.144361 -0.0734386 0
-0.13374 -0.068096 0
-0.149768 -0.0620003 0
-0.16298 -0.063223 0
-0.157581 -0.075676 0
-0.142683 -0.0464016 0
-0.154004 -0.0500361 0
-0.138647 -0.057341 0
-0.180336 -0.0551702 0
-0.183812 -0.0440747 0
-0.198386 -0.0475443 0
-0.176817 -0.0664146 0
-0.18029 -0.0553197 0
-0.191485 -0.0699032 0
-0.176734 -0.0663614 0
-0.166511 -0.0540352 0
-0.180206 -0.0552664 0
-0.237213 -0.14482 0
-0.255968 -0.15632 0
-0.243103 -0.175656 0
-0.210388 -0.147977 0
-0.236996 -0.144754 0
-0.224022 -0.164009 0
-0.219631 -0.133959 0
-0.227721 -0.119457 0
-0.237039 -0.144558 0
-0.156972 -0.0396631 0
-0.154065 -0.0499768 0
-0.142744 -0.0463422 0
-0.143896 -0.12259 0
-0.155344 -0.132249 0
-0.14219 -0.134914 0
-0.133191 -0.113558 0
-0.143789 -0.122492 0
-0.13225 -0.124369 0
-0.115988 -0.113074 0
-0.123258 -0.105201 0
-0.133068 -0.113463 0
-0.105384 -0.123097 0
-0.115887 -0.113177 0
-0.120911 -0.126185 0
-0.106125 -0.106061 0
-0.11404 -0.0974983 0
-0.115867 -0.113024 0
-0.141652 -0.102773 0
-0.152913 -0.110856 0
-0.133253 -0.113447 0
-0.141699 -0.10271 0
-0.147082 -0.0946393 0
-0.152959 -0.110793 0
-0.137137 -0.0862153 0
-0.146994 -0.0945317 0
-0.131188 -0.0951277 0
-0.121438 -0.0881843 0
-0.137052 -0.086194 0
-0.131102 -0.0951064 0
-0.144473 -0.0735474 0
-0.157551 -0.0757936 0
-0.159316 -0.0868628 0
-0.153085 -0.110863 0
-0.161217 -0.0986653 0
-0.16525 -0.119603 0
-0.133261 -0.113513 0
-0.15292 -0.110923 0
-0.143858 -0.122447 0
-0.161288 -0.0986504 0
-0.174095 -0.106418 0
-0.16532 -0.119588 0
-0.127982 -0.0783844 0
-0.1443 -0.0735535 0
-0.137118 -0.0860891 0
-0.153027 -0.110943 0
-0.165192 -0.119683 0
-0.143966 -0.122468 0
-0.159417 -0.0869607 0
-0.170937 -0.0801599 0
-0.161257 -0.0984535 0
-0.147169 -0.0945456 0
-0.159337 -0.087009 0
-0.161178 -0.0985017 0
-0.15764 -0.0758156 0
-0.170925 -0.0800839 0
-0.159405 -0.0868847 0
-0.210062 -0.111985 0
-0.218101 -0.0953912 0
-0.227625 -0.119219 0
-0.219459 -0.133866 0
-0.203331 -0.124057 0
-0.209985 -0.11213 0
-0.194753 -0.10234 0
-0.201204 -0.089915 0
-0.209895 -0.111911 0
-0.188266 -0.114849 0
-0.19471 -0.102424 0
-0.209852 -0.111994 0
-0.188146 -0.11483 0
-0.174283 -0.106415 0
-0.19459 -0.102405 0
-0.186783 -0.0295131 0
-0.202456 -0.0244572 0
-0.208226 -0.0379792 0
-0.17025 -0.0407585 0
-0.186594 -0.0295876 0
-0.183738 -0.0439665 0
-0.172872 -0.0273051 0
-0.174011 -0.017671 0
-0.18657 -0.0294547 0
-0.227809 -0.119289 0
-0.236358 -0.101305 0
-0.246768 -0.127109 0
-0.191557 -0.0698402 0
-0.180362 -0.0552567 0
-0.198412 -0.0476308 0
-0.18683 -0.0811956 0
-0.191588 -0.0700677 0
-0.201116 -0.0897043 0
-0.182045 -0.0923983 0
-0.186798 -0.0812706 0
-0.201084 -0.0897792 0
-0.181944 -0.0923659 0
-0.171098 -0.0801204 0
-0.186698 -0.0812382 0
-0.19466 -0.102275 0
-0.182071 -0.0924688 0
-0.20111 -0.0898497 0
-0.174151 -0.106328 0
-0.161343 -0.0985595 0
-0.18187 -0.0925114 0
-0.180184 -0.0551809 0
-0.166489 -0.0539497 0
-0.170171 -0.0408775 0
-0.18668 -0.0811515 0
-0.17108 -0.0800337 0
-0.17677 -0.0665349 0
-0.166358 -0.0539284 0
-0.154144 -0.0500023 0
-0.157051 -0.0396886 0
-0.170937 -0.0800047 0
-0.157652 -0.0757364 0
-0.163051 -0.0632834 0
-0.191507 -0.0699898 0
-0.186749 -0.0811178 0
-0.176839 -0.0665012 0
-0.181859 -0.0924237 0
-0.161333 -0.0984718 0
-0.171013 -0.0801782 0
-0.149756 -0.0619145 0
-0.154109 -0.0501075 0
-0.162968 -0.0631372 0
-0.180242 -0.0551477 0
-0.170229 -0.0408443 0
-0.183717 -0.0440522 0
-0.1631 -0.0631654 0
-0.166453 -0.0540617 0
-0.176676 -0.0663879 0
-0.163024 -0.0631107 0
-0.154164 -0.0500809 0
-0.166378 -0.054007 0
-0.138671 -0.057393 0
-0.154027 -0.0500881 0
-0.149675 -0.0618952 0
-0.157104 -0.0396578 0
-0.170093 -0.0408254 0
-0.166411 -0.0538976 0
-0.145882 -0.0350699 0
-0.156944 -0.0396131 0
-0.142717 -0.0462922 0
-0.14594 -0.0349997 0
-0.159962 -0.025403 0
-0.157002 -0.039543 0
-0.160071 -0.025249 0
-0.161622 -0.0108863 0
-0.173885 -0.017602 0
-0.219399 0.0140541 0
-0.204159 8.77368e-05 0
-0.203355 0.0121631 0
-0.219456 0.0140134 0
-0.220436 4.71114e-05 0
-0.204216 4.70794e-05 0
-0.23729 0.0186439 0
-0.219561 0.0141696 0
-0.218587 0.0281358 0
-0.237355 0.0185498 0
-0.238078 0.000109237 0
-0.219626 0.0140755 0
-0.257143 6.71938e-05 0
-0.238267 6.71907e-05 0
-0.256362 0.0199816 0
-0.237355 -0.0185496 0
-0.219626 -0.0140753 0
-0.238078 -0.000108969 0
-0.219445 -0.0141886 0
-0.21847 -0.0281549 0
-0.2026 -0.0243731 0
-0.238022 -4.68796e-05 0
-0.21957 -0.0140132 0
-0.220549 -4.6937e-05 0
-0.23729 -0.0186436 0
-0.218587 -0.0281357 0
-0.219561 -0.0141694 0
-0.245248 -0.0308544 0
-0.253317 -0.0433441 0
-0.234384 -0.0418548 0
-0.25632 -0.020146 0
-0.245269 -0.0306993 0
-0.237502 -0.0186722 0
-0.256373 -0.0202286 0
-0.253391 -0.0432715 0
-0.245322 -0.0307818 0
-0.144438 -0.0736101 0
-0.159281 -0.0869254 0
-0.147113 -0.0944621 0
-0.149706 -0.0620346 0
-0.157519 -0.0757103 0
-0.144441 -0.0734642 0
-0.163115 -0.0632523 0
-0.176691 -0.0664748 0
-0.171001 -0.0799737 0
-0.148185 -0.0235099 0
-0.159933 -0.0253492 0
-0.14591 -0.0349459 0
-0.148197 -0.0234324 0
-0.149568 -0.0118531 0
-0.159945 -0.0252718 0
-0.157083 -0.0395623 0
-0.160043 -0.0254223 0
-0.170072 -0.0407298 0
-0.231421 -0.0870097 0
-0.245523 -0.0761249 0
-0.236366 -0.101026 0
-0.218201 -0.0952472 0
-0.23133 -0.0870738 0
-0.236274 -0.10109 0
-0.226632 -0.07342 0
-0.245491 -0.0760322 0
-0.231389 -0.086917 0
-0.213946 -0.0813351 0
-0.226527 -0.0734378 0
-0.231283 -0.0869348 0
-0.201295 -0.0897891 0
-0.213817 -0.0814175 0
-0.218026 -0.0951905 0
-0.209827 -0.0680082 0
-0.226455 -0.0733743 0
-0.213874 -0.0812716 0
-0.234241 -0.0417637 0
-0.218636 -0.0282283 0
-0.237339 -0.0187362 0
-0.25003 -0.0597768 0
-0.23167 -0.0553924 0
-0.234327 -0.0419918 0
-0.214512 -0.0512193 0
-0.218559 -0.0283373 0
-0.234165 -0.0418727 0
-0.209846 -0.0678483 0
-0.214474 -0.0513969 0
-0.23147 -0.0554508 0
-0.209735 -0.0678221 0
-0.198587 -0.0476111 0
-0.214364 -0.0513706 0
-0.219456 -0.0140133 0
-0.204216 -4.69949e-05 0
-0.220436 -4.69375e-05 0
-0.198407 -0.0474586 0
-0.183833 -0.043989 0
-0.186688 -0.0296101 0
-0.208213 -0.0380563 0
-0.198489 -0.0474387 0
-0.18677 -0.0295902 0
-0.214426 -0.0512066 0
-0.208372 -0.0380647 0
-0.218473 -0.0283245 0
-0.214359 -0.051271 0
-0.198582 -0.0475114 0
-0.208305 -0.0381291 0
-0.209659 -0.0678842 0
-0.191656 -0.0698826 0
-0.19851 -0.0476732 0
-0.188303 -0.0147563 0
-0.174024 -0.0175309 0
-0.175012 -0.000107998 0
-0.203199 -0.0121755 0
-0.188446 -0.0147484 0
-0.188563 -0.003123 0
-0.20239 -0.0243797 0
-0.186717 -0.0294355 0
-0.188437 -0.0148773 0
-0.160096 -0.0253814 0
-0.172771 -0.0273684 0
-0.170125 -0.0406889 0
-0.188567 -0.00300404 0
-0.188686 0.00862148 0
-0.204007 1.88204e-05 0
-0.203252 -0.0121262 0
-0.188615 -0.00307368 0
-0.204056 -5.07887e-05 0
-0.188352 -0.0147078 0
-0.175061 -5.9517e-05 0
-0.188469 -0.00308234 0
-0.160109 -0.025304 0
-0.173923 -0.0176571 0
-0.172784 -0.0272912 0
-0.161632 -0.0107432 0
-0.162053 -3.60969e-05 0
-0.174883 -3.60111e-05 0
-0.150037 -7.53114e-05 0
-0.161508 -0.0107825 0
-0.149579 -0.0117264 0
-0.256067 -0.1077 0
-0.267399 -0.135679 0
-0.246966 -0.127185 0
-0.208305 0.0381292 0
-0.198582 0.0475115 0
-0.214359 0.0512711 0
-0.202562 0.024453 0
-0.208332 0.037975 0
-0.218433 0.0282349 0
-0.202453 0.0244671 0
-0.185856 0.0324377 0
-0.208223 0.0379891 0
-0.219394 0.0141354 0
-0.203349 0.0122444 0
-0.202549 0.0243198 0
-0.187585 0.0208633 0
-0.174472 0.0137765 0
-0.172877 0.0272633 0
-0.263778 -0.0871373 0
-0.270197 -0.0648078 0
-0.285282 -0.0923286 0
-0.270019 -0.0646619 0
-0.245699 -0.0759127 0
-0.250196 -0.0599213 0
-0.277285 -0.114309 0
-0.263802 -0.0873033 0
-0.285306 -0.0924942 0
-0.255963 -0.107585 0
-0.246862 -0.12707 0
-0.236452 -0.101265 0
-0.231551 -0.055364 0
-0.214556 -0.05131 0
-0.234208 -0.0419634 0
-0.263645 -0.0870827 0
-0.245744 -0.0760038 0
-0.270064 -0.0647531 0
-0.23433 -0.0417722 0
-0.237428 -0.0187447 0
-0.245195 -0.0307719 0
-0.208332 -0.0379749 0
-0.202562 -0.0244529 0
-0.218433 -0.0282347 0
-0.201193 -0.0896601 0
-0.191665 -0.0700235 0
-0.209668 -0.068025 0
-0.170213 -0.0407028 0
-0.17286 -0.0273824 0
-0.186557 -0.0295319 0
-0.203355 -0.012163 0
-0.204159 -8.76525e-05 0
-0.219399 -0.0140539 0
-0.202549 -0.0243197 0
-0.203349 -0.0122444 0
-0.219394 -0.0141352 0
-0.202445 -0.024322 0
-0.188493 -0.0148196 0
-0.203246 -0.0122466 0
-0.277801 -0.00165216 0
-0.277027 0.0215752 0
-0.299851 6.66228e-05 0
-0.238267 -6.69224e-05 0
-0.257143 -6.69113e-05 0
-0.256362 -0.0199814 0
-0.256492 0.020054 0
-0.276813 0.021648 0
-0.257272 0.000139611 0
-0.161541 -0.0108669 0
-0.15999 -0.0252296 0
-0.149613 -0.0118109 0
-0.149619 0.0117327 0
-0.161474 0.0126552 0
-0.161968 8.14814e-05 0
-0.186622 -0.0294129 0
-0.174063 -0.0176292 0
-0.188342 -0.0148546 0
-0.149581 0.0116904 0
-0.161929 3.91455e-05 0
-0.150038 3.92295e-05 0
-0.256296 -0.0200435 0
-0.237478 -0.0185696 0
-0.238201 -0.000129012 0
-0.296191 -0.0467075 0
-0.274142 -0.0449488 0
-0.277001 -0.0218865 0
-0.231629 -0.0555512 0
-0.245492 -0.075927 0
-0.226633 -0.0733147 0
-0.209886 -0.0679218 0
-0.23151 -0.0555243 0
-0.226514 -0.0732879 0
-0.2344 -0.0419517 0
-0.253333 -0.043441 0
-0.250103 -0.0597367 0
-0.273931 -0.0449322 0
-0.253487 -0.043319 0
-0.256469 -0.0202761 0
-0.250068 -0.0598905 0
-0.24557 -0.0758819 0
-0.231708 -0.0555061 0
-0.273976 -0.0450806 0
-0.270125 -0.0645038 0
-0.253533 -0.0434674 0
-0.27029 -0.0647497 0
-0.291668 -0.0698914 0
-0.285376 -0.0922705 0
-0.253453 -0.0435169 0
-0.270045 -0.0645532 0
-0.250222 -0.0598126 0
-0.274104 -0.0451686 0
-0.29163 -0.0697337 0
-0.270252 -0.0645918 0
-0.276868 -0.0217976 0
-0.274009 -0.04486 0
-0.256548 -0.0202038 0
-0.29624 -0.0468677 0
-0.291717 -0.069674 0
-0.274191 -0.0451091 0
-0.148225 0.023513 0
-0.157884 0.0358623 0
-0.159973 0.0253523 0
-0.277022 -0.0216645 0
-0.277797 -0.00187519 0
-0.298937 -0.023393 0
-0.296274 -0.0466356 0
-0.277084 -0.0218146 0
-0.298999 -0.023543 0
-0.256494 -0.0199872 0
-0.257274 -7.26978e-05 0
-0.277589 -0.00179163 0
-0.270331 0.0645993 0
-0.291704 0.0697395 0
-0.296227 0.0469329 0
-0.254183 0.040194 0
-0.270133 0.064483 0
-0.27452 0.0416639 0
-0.250196 0.0599216 0
-0.245698 0.075913 0
-0.270023 0.0646635 0
-0.145903 0.0349814 0
-0.157837 0.0358946 0
-0.148178 0.0235453 0
-0.169114 0.0446346 0
-0.166484 0.0539724 0
-0.179681 0.0582193 0
-0.172846 0.0274433 0
-0.169149 0.0444982 0
-0.183689 0.0439718 0
-0.185689 0.0323902 0
-0.187623 0.0209258 0
-0.172915 0.0273257 0
-0.198404 0.0474685 0
-0.185761 0.0325348 0
-0.18383 0.0439988 0
-0.202384 0.0244098 0
-0.187722 0.020916 0
-0.185788 0.0323804 0
-0.174379 0.0137914 0
-0.16011 0.0252911 0
-0.172785 0.0272781 0
-0.157934 0.036015 0
-0.154156 0.0499586 0
-0.169 0.0445469 0
-0.157522 0.0757046 0
-0.149708 0.0620288 0
-0.145225 0.0717619 0
-0.17273 0.0273522 0
-0.160055 0.0253652 0
-0.157966 0.0358752 0
-0.162051 8.80119e-05 0
-0.161557 0.0126616 0
-0.174348 0.0136582 0
-0.188542 0.00867736 0
-0.175015 7.46832e-05 0
-0.174482 0.0136448 0
-0.161549 -0.0107433 0
-0.150079 -3.60818e-05 0
-0.161969 -3.6097e-05 0
-0.149568 0.0118531 0
-0.148197 0.0234324 0
-0.159945 0.0252718 0
-0.145872 0.0351046 0
-0.142707 0.046327 0
-0.154028 0.0499615 0
-0.185843 0.0325149 0
-0.198486 0.0474486 0
-0.208209 0.0380662 0
-0.298927 0.0235261 0
-0.277013 0.0217978 0
-0.274692 0.0414654 0
-0.277874 -0.00180277 0
-0.299924 -8.39829e-05 0
-0.299014 -0.0233205 0
-0.25656 -0.0200596 0
-0.277655 -0.00186404 0
-0.27688 -0.0216533 0
-0.257343 6.67718e-05 0
-0.276884 0.0215752 0
-0.277658 -0.00165216 0
-0.254137 0.0400456 0
-0.274474 0.0415155 0
-0.256473 0.0202539 0
-0.299011 0.0233874 0
-0.299922 0.000150577 0
-0.277098 0.0216592 0
-0.154184 0.0500187 0
-0.166398 0.0539449 0
-0.169028 0.044607 0
-0.149688 0.0618583 0
-0.154041 0.0500513 0
-0.14272 0.0464168 0
-0.149756 0.0619143 0
-0.162968 0.0631371 0
-0.154109 0.0501074 0
-0.149636 0.0618828 0
-0.142668 0.0464414 0
-0.138633 0.0573808 0
-0.133706 0.0680752 0
-0.145108 0.0717212 0
-0.138587 0.0574861 0
-0.19466 0.102275 0
-0.20111 0.0898497 0
-0.18207 0.0924682 0
-0.174262 0.10634 0
-0.194569 0.10233 0
-0.18198 0.0925236 0
-0.188243 0.114889 0
-0.203174 0.123961 0
-0.194687 0.102464 0
-0.277202 0.114517 0
-0.256171 0.107661 0
-0.2675 0.135637 0
-0.214515 0.0512036 0
-0.235102 0.0371567 0
-0.218563 0.0283216 0
-0.194247 0.0628288 0
-0.214312 0.0513539 0
-0.198535 0.0475944 0
-0.227829 0.0686041 0
-0.23153 0.0554536 0
-0.214534 0.0513995 0
-0.236338 0.101011 0
-0.245495 0.0761085 0
-0.223096 0.0820246 0
-0.264868 0.0837839 0
-0.291599 0.0698633 0
-0.270226 0.064723 0
-0.29165 0.0699556 0
-0.264919 0.0838765 0
-0.285358 0.0923352 0
-0.209833 0.0678927 0
-0.227756 0.0686458 0
-0.214462 0.0514413 0
-0.188732 0.0778373 0
-0.209635 0.0679621 0
-0.194199 0.0629855 0
-0.201325 0.0897911 0
-0.218056 0.0951928 0
-0.222887 0.0820509 0
-0.237461 0.0187603 0
-0.235297 0.0370874 0
-0.253943 0.0400258 0
-0.238201 0.00012928 0
-0.237478 0.0185699 0
-0.256296 0.0200437 0
-0.238022 4.71469e-05 0
-0.220549 4.71116e-05 0
-0.21957 0.0140134 0
-0.209721 0.0678734 0
-0.214349 0.051422 0
-0.194285 0.0628968 0
-0.222948 0.0818896 0
-0.227785 0.068748 0
-0.209862 0.0679949 0
-0.236247 0.101075 0
-0.223004 0.0820888 0
-0.218174 0.0952307 0
-0.245466 0.0760003 0
-0.227904 0.0687749 0
-0.223068 0.0819165 0
-0.227948 0.0686325 0
-0.250009 0.0598666 0
-0.231649 0.055482 0
-0.218473 0.0283247 0
-0.208372 0.0380648 0
-0.214426 0.0512067 0
-0.237342 0.0187206 0
-0.218639 0.0282126 0
-0.235179 0.0370478 0
-0.203197 0.0122146 0
-0.188681 0.00874188 0
-0.187734 0.0207962 0
-0.21847 0.0281551 0
-0.219445 0.0141888 0
-0.2026 0.0243732 0
-0.204056 6.96511e-05 0
-0.188736 0.00867231 0
-0.203252 0.0121451 0
-0.18381 0.0440849 0
-0.179837 0.0581959 0
-0.198384 0.0475545 0
-0.185676 0.0324674 0
-0.172902 0.027403 0
-0.183744 0.0439315 0
-0.203243 0.0122669 0
-0.18778 0.0208485 0
-0.202443 0.0243423 0
-0.188585 0.0087469 0
-0.174524 0.0137144 0
-0.187638 0.0208012 0
-0.174926 4.57036e-05 0
-0.162096 4.56759e-05 0
-0.174393 0.0136159 0
-0.188469 -0.00300405 0
-0.175061 1.8809e-05 0
-0.188589 0.0086215 0
-0.173935 -0.0175176 0
-0.161672 -0.0108019 0
-0.174923 -9.4675e-05 0
-0.17276 0.0274163 0
-0.157996 0.0359393 0
-0.169062 0.0444713 0
-0.16155 0.0127461 0
-0.160072 0.0252423 0
-0.174342 0.0137426 0
-0.161467 0.0127396 0
-0.149612 0.0118172 0
-0.159989 0.0252359 0
-0.166463 0.0540345 0
-0.163109 0.0631381 0
-0.179661 0.0582813 0
-0.145923 0.0350699 0
-0.154079 0.0499268 0
-0.157856 0.0359831 0
-0.222859 0.0819599 0
-0.209773 0.0680652 0
-0.201297 0.0897001 0
-0.179872 0.0582589 0
-0.194132 0.0628519 0
-0.198419 0.0476175 0
-0.179774 0.0583911 0
-0.174708 0.0721477 0
-0.188567 0.077836 0
-0.231554 0.0553484 0
-0.235146 0.0372474 0
-0.214559 0.0512943 0
-0.245557 0.0759265 0
-0.250055 0.0599352 0
-0.227995 0.0687011 0
-0.250033 0.0597614 0
-0.235265 0.0372759 0
-0.231673 0.0553768 0
-0.250108 0.0597103 0
-0.253985 0.0401632 0
-0.235339 0.0372248 0
-0.264714 0.0838046 0
-0.270072 0.0647436 0
-0.245747 0.0759931 0
-0.270052 0.0645438 0
-0.254102 0.0402549 0
-0.250224 0.059802 0
-0.298991 0.0236095 0
-0.274757 0.0415489 0
-0.296266 0.0467017 0
-0.276871 0.0217867 0
-0.25655 0.0201927 0
-0.27455 0.0414542 0
-0.256349 0.0201774 0
-0.237531 0.0187035 0
-0.254013 0.039969 0
-0.174283 0.106415 0
-0.188146 0.11483 0
-0.19459 0.102405 0
-0.274661 0.0416861 0
-0.270274 0.0645052 0
-0.29617 0.0468391 0
-0.139038 0.0828765 0
-0.13365 0.0681823 0
-0.127953 0.0783557 0
-0.145229 0.0718483 0
-0.15117 0.0877833 0
-0.157527 0.075791 0
-0.138641 0.0574656 0
-0.145161 0.0717007 0
-0.149645 0.0619676 0
-0.139154 0.0829205 0
-0.151108 0.0878072 0
-0.145168 0.0718722 0
-0.13113 0.095063 0
-0.139029 0.0829668 0
-0.127944 0.0784459 0
-0.13118 0.0951764 0
-0.141603 0.102651 0
-0.140314 0.0926819 0
-0.250316 0.0926018 0
-0.264648 0.0838981 0
-0.24568 0.0760866 0
-0.236429 0.101047 0
-0.250222 0.0926593 0
-0.245586 0.0761442 0
-0.236464 0.101152 0
-0.255977 0.107473 0
-0.250257 0.0927645 0
-0.212412 0.107778 0
-0.229255 0.116302 0
-0.218115 0.0953675 0
-0.256072 0.107416 0
-0.264683 0.0840032 0
-0.250351 0.0927069 0
-0.229434 0.116381 0
-0.247622 0.125594 0
-0.236367 0.101291 0
-0.277261 0.114373 0
-0.285281 0.0925627 0
-0.256231 0.107516 0
-0.256189 0.107415 0
-0.285239 0.0924612 0
-0.2648 0.0840023 0
-0.131071 0.0950804 0
-0.127885 0.0784634 0
-0.121407 0.0881584 0
-0.212318 0.10769 0
-0.218021 0.0952789 0
-0.201289 0.0898772 0
-0.203337 0.124043 0
-0.219465 0.133851 0
-0.21233 0.107933 0
-0.193752 0.168861 0
-0.208288 0.150758 0
-0.190011 0.143491 0
-0.219552 0.133825 0
-0.22926 0.116431 0
-0.212417 0.107908 0
-0.225983 0.161195 0
-0.219528 0.134118 0
-0.208494 0.150701 0
-0.226078 0.161175 0
-0.237043 0.144704 0
-0.219624 0.134098 0
-0.247752 0.125804 0
-0.237275 0.144591 0
-0.267338 0.135799 0
-0.256073 0.107699 0
-0.247815 0.12568 0
-0.267401 0.135675 0
-0.229378 0.11649 0
-0.21967 0.133885 0
-0.247566 0.125703 0
-0.141746 0.102723 0
-0.153006 0.110807 0
-0.161138 0.0986086 0
-0.11401 0.169017 0
-0.0991032 0.160998 0
-0.0997259 0.177819 0
-0.128899 0.167984 0
-0.114194 0.169052 0
-0.124885 0.181385 0
-0.14349 0.167331 0
-0.128997 0.167978 0
-0.124984 0.181379 0
-0.132792 0.15494 0
-0.111481 0.152721 0
-0.128916 0.167841 0
-0.111282 0.152653 0
-0.10304 0.141511 0
-0.0991051 0.160822 0
-0.128854 0.167888 0
-0.111419 0.152768 0
-0.114149 0.168956 0
-0.132824 0.154814 0
-0.129324 0.137643 0
-0.120416 0.145119 0
-0.111319 0.152745 0
-0.0991421 0.160914 0
-0.114049 0.168933 0
-0.120257 0.145124 0
-0.103111 0.141458 0
-0.111353 0.1526 0
-0.120984 0.126299 0
-0.113867 0.132894 0
-0.129263 0.137507 0
-0.120897 0.126198 0
-0.113235 0.115831 0
-0.103903 0.124268 0
-0.0928323 0.14021 0
-0.083156 0.139036 0
-0.0882075 0.150892 0
-0.0953357 0.131063 0
-0.0929224 0.140151 0
-0.102966 0.141369 0
-0.0952693 0.131055 0
-0.0831797 0.13897 0
-0.092856 0.140143 0
-0.103784 0.124369 0
-0.0953721 0.13101 0
-0.103003 0.141316 0
-0.120899 0.126255 0
-0.103905 0.124325 0
-0.113782 0.13285 0
-0.113156 0.11579 0
-0.0974913 0.114101 0
-0.103825 0.124227 0
-0.088159 0.121406 0
-0.0784639 0.127885 0
-0.0952379 0.130955 0
-0.0797315 0.155838 0
-0.080652 0.170668 0
-0.0989247 0.16093 0
-0.208464 0.150858 0
-0.210562 0.180959 0
-0.225953 0.161352 0
-0.208356 0.150884 0
-0.193821 0.168987 0
-0.210454 0.180984 0
-0.178127 0.157903 0
-0.16888 0.167951 0
-0.182305 0.181224 0
-0.188574 0.0779498 0
-0.174715 0.0722616 0
-0.181961 0.0923281 0
-0.169172 0.0446014 0
-0.179739 0.0581861 0
-0.183712 0.044075 0
-0.188663 0.0780086 0
-0.18205 0.0923868 0
-0.20109 0.0897682 0
-0.209658 0.0680517 0
-0.188755 0.0779269 0
-0.201183 0.0896866 0
-0.194099 0.0629532 0
-0.179839 0.0583602 0
-0.188632 0.0778051 0
-0.163137 0.0631987 0
-0.174623 0.0720986 0
-0.179688 0.0583419 0
-0.168373 0.0856778 0
-0.151259 0.0879053 0
-0.161221 0.098475 0
-0.163063 0.063257 0
-0.157664 0.07571 0
-0.174549 0.0721568 0
-0.162979 0.0632229 0
-0.149768 0.0620001 0
-0.157581 0.075676 0
-0.154164 0.0500809 0
-0.163024 0.0631106 0
-0.166378 0.0540069 0
-0.157604 0.0758372 0
-0.151247 0.0878294 0
-0.168361 0.0856018 0
-0.133707 0.0681603 0
-0.139095 0.0828546 0
-0.145109 0.0718063 0
-0.1652 0.119755 0
-0.143973 0.122539 0
-0.155421 0.132198 0
-0.140381 0.0926576 0
-0.14167 0.102627 0
-0.1511 0.0879426 0
-0.139138 0.08299 0
-0.140372 0.0925917 0
-0.151092 0.0878767 0
-0.139071 0.0830143 0
-0.131172 0.0951106 0
-0.140306 0.092616 0
-0.131059 0.0951647 0
-0.121395 0.0882427 0
-0.124429 0.103584 0
-0.11412 0.0974072 0
-0.124372 0.103592 0
-0.121338 0.0882503 0
-0.174732 0.134281 0
-0.163811 0.147407 0
-0.178085 0.157677 0
-0.128258 0.118417 0
-0.121032 0.126251 0
-0.129311 0.137458 0
-0.124467 0.103735 0
-0.128291 0.118251 0
-0.13552 0.110416 0
-0.124392 0.103753 0
-0.113328 0.115736 0
-0.128216 0.118269 0
-0.112767 0.188688 0
-0.114056 0.16911 0
-0.0997718 0.177912 0
-0.153561 0.157295 0
-0.144587 0.144111 0
-0.132985 0.154876 0
-0.158631 0.177229 0
-0.153644 0.157448 0
-0.143685 0.167281 0
-0.163629 0.147438 0
-0.14469 0.144086 0
-0.153664 0.15727 0
-0.120265 0.145059 0
-0.113777 0.13297 0
-0.10312 0.141392 0
-0.132764 0.154864 0
-0.120356 0.145169 0
-0.111452 0.152645 0
-0.129261 0.13757 0
-0.113865 0.132957 0
-0.120352 0.145046 0
-0.135585 0.110479 0
-0.128355 0.118314 0
-0.143783 0.122461 0
-0.152928 0.110912 0
-0.135668 0.110454 0
-0.143866 0.122436 0
-0.141587 0.102711 0
-0.131164 0.0952357 0
-0.135587 0.110336 0
-0.103741 0.124246 0
-0.0974077 0.114119 0
-0.0882508 0.121338 0
-0.124476 0.103658 0
-0.13553 0.110339 0
-0.131107 0.0952389 0
-0.113281 0.115666 0
-0.124345 0.103684 0
-0.114093 0.0974992 0
-0.113317 0.115811 0
-0.120978 0.126178 0
-0.128205 0.118345 0
-0.203255 0.123937 0
-0.212247 0.107828 0
-0.194768 0.10244 0
-0.20832 0.150608 0
-0.203226 0.124217 0
-0.190043 0.143341 0
-0.208418 0.150577 0
-0.219452 0.133994 0
-0.203324 0.124186 0
-0.237115 0.144586 0
-0.247592 0.125798 0
-0.219696 0.133979 0
-0.25591 0.156273 0
-0.237165 0.144778 0
-0.2262 0.161249 0
-0.256049 0.156187 0
-0.267366 0.1359 0
-0.237303 0.144693 0
-0.236268 0.10119 0
-0.218195 0.0953454 0
-0.229335 0.11628 0
-0.114031 0.0975072 0
-0.106117 0.10607 0
-0.113219 0.115674 0
-0.255969 0.107583 0
-0.236456 0.101262 0
-0.247711 0.125565 0
-0.178235 0.15778 0
-0.193651 0.168885 0
-0.189911 0.143514 0
-0.17482 0.134268 0
-0.178172 0.157664 0
-0.189847 0.143398 0
-0.182245 0.181372 0
-0.158815 0.177394 0
-0.170085 0.192674 0
-0.243068 0.175708 0
-0.25593 0.156376 0
-0.22622 0.161353 0
-0.178065 0.15779 0
-0.163791 0.147519 0
-0.168818 0.167838 0
-0.22864 0.194107 0
-0.242977 0.175834 0
-0.226129 0.161479 0
-0.106061 0.106125 0
-0.0974988 0.11404 0
-0.113164 0.11573 0
-0.0953226 0.130943 0
-0.103734 0.124303 0
-0.0882438 0.121394 0
-0.0636071 0.162842 0
-0.0795772 0.155785 0
-0.0698396 0.153016 0
-0.0588141 0.179472 0
-0.063486 0.162966 0
-0.0543859 0.166341 0
-0.0379518 0.157587 0
-0.0277676 0.172698 0
-0.0448263 0.168961 0
-0.0564762 0.195898 0
-0.070596 0.191262 0
-0.0588449 0.179666 0
-0.0588653 0.179502 0
-0.0696439 0.175135 0
-0.0635372 0.162995 0
-0.147638 0.18602 0
-0.158611 0.177325 0
-0.143665 0.167377 0
-0.125046 0.18144 0
-0.147526 0.186034 0
-0.143553 0.167391 0
-0.136618 0.194918 0
-0.149054 0.209284 0
-0.147583 0.186219 0
-0.117778 0.228698 0
-0.12721 0.246782 0
-0.135109 0.218906 0
-0.125105 0.202741 0
-0.117771 0.22855 0
-0.135102 0.218758 0
-0.102617 0.235764 0
-0.127101 0.246839 0
-0.117669 0.228754 0
-0.182388 0.181227 0
-0.193626 0.169011 0
-0.17821 0.157907 0
-0.196871 0.195774 0
-0.182372 0.181433 0
-0.170213 0.192735 0
-0.196949 0.195695 0
-0.193689 0.169138 0
-0.182451 0.181354 0
-0.135277 0.218806 0
-0.14607 0.236109 0
-0.149045 0.209531 0
-0.177219 0.24197 0
-0.195398 0.227539 0
-0.165609 0.223133 0
-0.129387 0.137446 0
-0.143763 0.122552 0
-0.128335 0.118405 0
-0.103845 0.124376 0
-0.103064 0.141323 0
-0.113722 0.1329 0
-0.132904 0.15481 0
-0.144506 0.144045 0
-0.129405 0.137639 0
-0.125168 0.202629 0
-0.135165 0.218645 0
-0.136496 0.195004 0
-0.124947 0.181587 0
-0.125134 0.202504 0
-0.136462 0.19488 0
-0.096453 0.217679 0
-0.102514 0.235666 0
-0.117566 0.228657 0
-0.16852 0.0856051 0
-0.181894 0.0923538 0
-0.174648 0.0722873 0
-0.157683 0.0757848 0
-0.168439 0.0855495 0
-0.174567 0.0722317 0
-0.161324 0.0984902 0
-0.181849 0.0924416 0
-0.168476 0.085693 0
-0.14174 0.102647 0
-0.161132 0.0985319 0
-0.15117 0.0879623 0
-0.153085 0.110863 0
-0.165249 0.119603 0
-0.161217 0.0986652 0
-0.13566 0.110388 0
-0.152921 0.110846 0
-0.14166 0.102763 0
-0.155524 0.132236 0
-0.174662 0.134104 0
-0.165303 0.119793 0
-0.188988 0.128937 0
-0.174856 0.134172 0
-0.189884 0.143302 0
-0.201211 0.0899009 0
-0.194761 0.102326 0
-0.21224 0.107713 0
-0.174185 0.106473 0
-0.16541 0.119643 0
-0.188048 0.114888 0
-0.161343 0.0985594 0
-0.174151 0.106327 0
-0.181868 0.0925109 0
-0.165412 0.119735 0
-0.174771 0.134046 0
-0.18805 0.11498 0
-0.161287 0.0986503 0
-0.16532 0.119588 0
-0.174095 0.106418 0
-0.153027 0.110943 0
-0.143965 0.122467 0
-0.165192 0.119683 0
-0.129442 0.137531 0
-0.144542 0.143937 0
-0.143817 0.122637 0
-0.163735 0.147322 0
-0.174657 0.134196 0
-0.155518 0.132329 0
-0.189078 0.128809 0
-0.203155 0.124049 0
-0.188224 0.114977 0
-0.17485 0.134077 0
-0.188983 0.128843 0
-0.188129 0.115011 0
-0.189979 0.143268 0
-0.203161 0.124144 0
-0.189083 0.128904 0
-0.088132 0.150962 0
-0.0737336 0.14435 0
-0.0796723 0.155716 0
-0.0737451 0.144294 0
-0.0881435 0.150906 0
-0.083092 0.13905 0
-0.210629 0.181103 0
-0.228531 0.194125 0
-0.22602 0.161497 0
-0.170213 0.192829 0
-0.182388 0.209351 0
-0.196871 0.195867 0
-0.212773 0.211382 0
-0.228487 0.194291 0
-0.210585 0.18127 0
-0.169969 0.192689 0
-0.158699 0.17741 0
-0.147727 0.186105 0
-0.195415 0.227431 0
-0.182369 0.209557 0
-0.165625 0.223024 0
-0.182241 0.181289 0
-0.168815 0.168016 0
-0.15881 0.177311 0
-0.197107 0.195836 0
-0.212667 0.211388 0
-0.21048 0.181276 0
-0.193783 0.169137 0
-0.197043 0.195694 0
-0.210416 0.181135 0
-0.182531 0.209413 0
-0.212572 0.211482 0
-0.197013 0.19593 0
-0.16554 0.222909 0
-0.182283 0.209442 0
-0.170108 0.19292 0
-0.195573 0.227392 0
-0.212569 0.211586 0
-0.182527 0.209518 0
-0.112851 0.1887 0
-0.124832 0.181455 0
-0.11414 0.169122 0
-0.100748 0.196026 0
-0.112722 0.188778 0
-0.0997271 0.178002 0
-0.100779 0.196139 0
-0.108856 0.211631 0
-0.112753 0.188891 0
-0.169937 0.192796 0
-0.147695 0.186212 0
-0.149166 0.209277 0
-0.165429 0.222909 0
-0.169997 0.192919 0
-0.149226 0.2094 0
-0.16872 0.167936 0
-0.153728 0.15745 0
-0.158715 0.177231 0
-0.100657 0.196014 0
-0.0996359 0.17799 0
-0.0855428 0.185175 0
-0.0963383 0.217462 0
-0.100645 0.196207 0
-0.0851454 0.203413 0
-0.108938 0.211652 0
-0.125001 0.202585 0
-0.112834 0.188913 0
-0.147502 0.186126 0
-0.125022 0.181532 0
-0.136537 0.194825 0
-0.143517 0.167242 0
-0.1329 0.154989 0
-0.129024 0.16789 0
-0.16371 0.147518 0
-0.153745 0.15735 0
-0.168737 0.167836 0
-0.144629 0.143919 0
-0.155352 0.132279 0
-0.143904 0.12262 0
-0.143599 0.167207 0
-0.153558 0.157373 0
-0.132982 0.154954 0
-0.163635 0.147355 0
-0.155418 0.132362 0
-0.144696 0.144002 0
-0.073678 0.144236 0
-0.083025 0.138992 0
-0.0681672 0.133704 0
-0.135245 0.218668 0
-0.149013 0.209393 0
-0.136576 0.195027 0
-0.108954 0.211785 0
-0.117683 0.228527 0
-0.125017 0.202718 0
-0.124868 0.181567 0
-0.112888 0.188812 0
-0.125054 0.202484 0
-0.0964743 0.217599 0
-0.117587 0.228577 0
-0.108858 0.211835 0
-0.127313 0.246967 0
-0.137346 0.26655 0
-0.146006 0.236395 0
-0.146265 0.236232 0
-0.177053 0.242 0
-0.165444 0.223163 0
-0.060296 0.150213 0
-0.0573755 0.138634 0
-0.0464361 0.14267 0
-0.0831313 0.138929 0
-0.095221 0.131014 0
-0.0784471 0.127943 0
-0.0681829 0.13365 0
-0.0830407 0.138937 0
-0.0783563 0.127952 0
-0.0882739 0.1509 0
-0.102943 0.141436 0
-0.0928986 0.140218 0
-0.0989502 0.160865 0
-0.0882166 0.151017 0
-0.0797569 0.155772 0
-0.099028 0.160817 0
-0.102963 0.141505 0
-0.0882945 0.150969 0
-0.0680815 0.133703 0
-0.0574924 0.138585 0
-0.0735924 0.144235 0
-0.0502191 0.153984 0
-0.0602719 0.150265 0
-0.0464121 0.142722 0
-0.127072 0.246927 0
-0.102589 0.235853 0
-0.109144 0.255307 0
-0.15766 0.255147 0
-0.146108 0.236422 0
-0.13745 0.266576 0
-0.146171 0.236123 0
-0.165349 0.223054 0
-0.149146 0.209545 0
-0.127305 0.246808 0
-0.145998 0.236235 0
-0.135204 0.218931 0
-0.157792 0.255065 0
-0.177029 0.242106 0
-0.14624 0.236339 0
-0.0696677 0.17523 0
-0.0588892 0.179597 0
-0.0706402 0.191192 0
-0.0853428 0.185149 0
-0.0697565 0.175249 0
-0.070729 0.191211 0
-0.0805005 0.17074 0
-0.0636098 0.162966 0
-0.0697165 0.175106 0
-0.0603292 0.150332 0
-0.0502764 0.154051 0
-0.0634774 0.162827 0
-0.0379049 0.157428 0
-0.0349881 0.145902 0
-0.023552 0.148177 0
-0.0634573 0.162881 0
-0.0502563 0.154105 0
-0.0543572 0.166256 0
-0.0697752 0.152997 0
-0.0603946 0.150329 0
-0.0635428 0.162824 0
-0.0736723 0.144357 0
-0.0698734 0.152954 0
-0.079611 0.155723 0
-0.0736079 0.144338 0
-0.0604284 0.150267 0
-0.069809 0.152935 0
-0.0735666 0.144291 0
-0.0574666 0.13864 0
-0.060387 0.150219 0
-0.0378731 0.157475 0
-0.0235203 0.148224 0
-0.025528 0.159944 0
-0.127189 0.24703 0
-0.10926 0.255409 0
-0.137222 0.266613 0
-0.0871293 0.231065 0
-0.102412 0.235674 0
-0.0963508 0.217687 0
-0.0873155 0.26385 0
-0.0942218 0.284745 0
-0.115942 0.276609 0
-0.0949977 0.249536 0
-0.0872934 0.263662 0
-0.108985 0.255408 0
-0.102481 0.235862 0
-0.0950487 0.249443 0
-0.109036 0.255315 0
-0.102408 0.235781 0
-0.0871247 0.231171 0
-0.0949751 0.249362 0
-0.0773859 0.245285 0
-0.0664334 0.269625 0
-0.0870924 0.263696 0
-0.0463276 0.142707 0
-0.0351052 0.145872 0
-0.0501347 0.153969 0
-0.0543239 0.166361 0
-0.0449847 0.169013 0
-0.0587521 0.179493 0
-0.0129112 0.161538 0
-0.014078 0.174311 0
-0.0254129 0.160044 0
-0.0118183 0.149612 0
-0.0129036 0.161455 0
-0.0254053 0.159962 0
0.00166232 0.161983 0
-0.00425017 0.17472 0
-0.0127878 0.161545 0
-0.0446485 0.183658 0
-0.0563892 0.195873 0
-0.0587578 0.17964 0
-0.0449521 0.169071 0
-0.0446101 0.183568 0
-0.0587195 0.17955 0
-0.0301146 0.186595 0
-0.039927 0.199882 0
-0.0444976 0.183695 0
-0.0254623 0.160082 0
-0.0141274 0.174349 0
-0.0276232 0.172724 0
-0.0251859 0.20232 0
-0.0398622 0.199944 0
-0.0300497 0.186658 0
-0.0150093 0.219539 0
-0.00128181 0.238046 0
-0.0197349 0.237231 0
-0.0152596 0.188395 0
-0.000593912 0.189014 0
-0.0128756 0.20314 0
0.0133066 0.219593 0
0.0272994 0.218679 0
0.0266797 0.235936 0
-0.000656333 0.204201 0
0.013121 0.219492 0
-0.000876225 0.22041 0
0.0115686 0.203378 0
0.0236665 0.202619 0
0.0132439 0.21943 0
-0.0415655 0.216288 0
-0.0627966 0.211103 0
-0.0563923 0.196087 0
-0.0335283 0.235476 0
-0.0413768 0.216444 0
-0.0292153 0.218421 0
-0.0336198 0.235519 0
-0.0564677 0.23125 0
-0.0414682 0.216487 0
-0.0775705 0.215151 0
-0.0849567 0.203456 0
-0.0630125 0.211124 0
-0.0869581 0.23103 0
-0.0776004 0.215298 0
-0.0699426 0.227451 0
-0.0870464 0.230997 0
-0.0962679 0.217618 0
-0.0776888 0.215265 0
-0.0400149 0.199913 0
-0.0563263 0.195941 0
-0.0445856 0.183726 0
-0.0413848 0.216272 0
-0.0399002 0.200044 0
-0.025224 0.202419 0
-0.041489 0.21625 0
-0.0563158 0.19605 0
-0.0400045 0.200022 0
-0.109057 0.255499 0
-0.0873645 0.263752 0
-0.11599 0.276512 0
-0.137187 0.266711 0
-0.109224 0.255509 0
-0.116159 0.276522 0
-0.0948919 0.249502 0
-0.0774814 0.245217 0
-0.0871877 0.263628 0
0.0131654 0.219604 0
0.0125957 0.237521 0
-0.000831727 0.220522 0
0.0125459 0.237706 0
-0.00140901 0.257048 0
-0.00112839 0.238173 0
0.050511 0.214743 0
0.0543218 0.231789 0
0.0408789 0.234387 0
0.0432257 0.274388 0
0.0447756 0.296496 0
0.020131 0.27712 0
-0.0613421 0.249824 0
-0.0663469 0.269579 0
-0.0772995 0.245238 0
-0.0565656 0.231169 0
-0.0627971 0.211221 0
-0.0415662 0.216405 0
-8.21179e-05 0.150037 0
-0.0128187 0.161421 0
-0.0117333 0.149579 0
0.0198944 0.276996 0
-0.00164501 0.2777 0
0.0186248 0.256642 0
-0.0431949 0.274385 0
-0.0235547 0.276832 0
-0.0254389 0.298776 0
-0.0432368 0.274236 0
-0.0381953 0.254352 0
-0.0235965 0.276683 0
-0.0715352 0.291274 0
-0.0662873 0.269886 0
-0.0487988 0.295931 0
-0.0381117 0.254292 0
-0.01831 0.256486 0
-0.0235128 0.276624 0
-0.0611349 0.24987 0
-0.0383213 0.254262 0
-0.0433627 0.274146 0
-0.0566603 0.231206 0
-0.0697921 0.227438 0
-0.0628919 0.211258 0
-0.038243 0.254109 0
-0.0475015 0.242544 0
-0.0335791 0.235683 0
-0.0612845 0.249637 0
-0.0697866 0.227567 0
-0.0566549 0.231335 0
-0.0662334 0.269676 0
-0.0612285 0.249922 0
-0.0434564 0.274198 0
-0.0487021 0.295874 0
-0.0661922 0.26983 0
-0.0434152 0.274351 0
-0.0717564 0.291217 0
-0.0940738 0.284794 0
-0.0871675 0.2639 0
-0.0776821 0.215172 0
-0.0962613 0.217526 0
-0.0850683 0.203477 0
-0.0773971 0.245035 0
-0.0869573 0.231129 0
-0.0699419 0.227551 0
-0.0774809 0.245108 0
-0.0948915 0.249393 0
-0.0870411 0.231203 0
-0.0716615 0.291167 0
-0.0870741 0.26385 0
-0.066415 0.269779 0
-0.0380269 0.157524 0
-0.0449014 0.168899 0
-0.0501396 0.154096 0
-0.0350773 0.145922 0
-0.037994 0.157447 0
-0.0501067 0.154018 0
-0.025542 0.160026 0
-0.0277029 0.172668 0
-0.0378871 0.157557 0
-0.0118536 0.149568 0
-0.0254407 0.159917 0
-0.023433 0.148197 0
0.0131625 0.219435 0
-0.000614852 0.204144 0
0.0114871 0.203383 0
-0.0413488 0.216333 0
-0.025188 0.202481 0
-0.0291873 0.21831 0
0.00858605 0.181292 0
0.00510587 0.171408 0
0.017232 0.174022 0
-0.00430274 0.174762 0
-0.0140072 0.174361 0
-0.0128404 0.161587 0
0.020332 0.187761 0
0.011542 0.203201 0
0.00861797 0.181444 0
-0.000750551 0.2042 0
-0.000970404 0.22041 0
-0.0149448 0.21937 0
-0.0042658 0.1749 0
-0.00056501 0.18892 0
-0.0152308 0.188301 0
0.0132967 0.219481 0
0.0237192 0.20267 0
0.0272895 0.218567 0
-0.000463736 0.189067 0
0.0114414 0.203281 0
-0.000660606 0.204042 0
0.0203825 0.187831 0
0.0236904 0.202513 0
0.0115925 0.203272 0
-0.015354 0.188245 0
-0.0275892 0.172819 0
-0.0140935 0.174443 0
-0.0773113 0.245097 0
-0.0698559 0.227613 0
-0.0613538 0.249683 0
-0.0854757 0.18509 0
-0.0995689 0.177906 0
-0.0806735 0.170823 0
-0.0850089 0.203289 0
-0.0853939 0.185243 0
-0.0707802 0.191305 0
-0.085109 0.203305 0
-0.100608 0.196099 0
-0.0854941 0.18526 0
-0.0629895 0.211044 0
-0.0849337 0.203376 0
-0.070705 0.191391 0
-0.0964177 0.21749 0
-0.108802 0.211727 0
-0.100724 0.196235 0
-0.0476553 0.242515 0
-0.0612103 0.249687 0
-0.0565806 0.231385 0
-0.0336403 0.235606 0
-0.0475628 0.242468 0
-0.0564881 0.231338 0
-0.0383355 0.254156 0
-0.0611491 0.249764 0
-0.0475941 0.242591 0
-3.71272e-05 0.150078 0
0.00167645 0.1619 0
-0.0127736 0.161463 0
4.49905e-05 0.150038 0
0.0116962 0.149581 0
0.00175855 0.16186 0
-0.0255253 0.29884 0
-0.0485681 0.295971 0
-0.0432796 0.274449 0
-0.00209166 0.299921 0
-0.0253037 0.298861 0
-0.0234176 0.276918 0
0.0234408 0.148237 0
0.0251474 0.160012 0
0.0144964 0.16126 0
0.0200447 0.276985 0
0.0187751 0.25663 0
0.0431396 0.274255 0
-0.00179062 0.299922 0
0.0199012 0.277212 0
0.0214323 0.299164 0
-0.00191278 0.2777 0
-0.0233913 0.276702 0
-0.0181884 0.256565 0
-0.00186547 0.29985 0
-0.00171456 0.277845 0
0.0198246 0.27714 0
-0.00201019 0.29985 0
-0.023338 0.276848 0
-0.00185938 0.277845 0
0.0204805 0.187671 0
0.0270619 0.172964 0
0.0375152 0.185027 0
-0.0198691 0.237408 0
-0.0182978 0.256355 0
-0.0380995 0.254161 0
-0.0291431 0.21849 0
-0.0198898 0.237219 0
-0.0334563 0.235546 0
-0.0012925 0.238169 0
-0.0181743 0.256301 0
-0.0197455 0.237354 0
-0.00171638 0.277634 0
-0.00139087 0.257243 0
0.0185534 0.256575 0
-0.00183933 0.277634 0
-0.018115 0.2565 0
-0.00151391 0.257242 0
0.0376978 0.184989 0
0.0443358 0.169255 0
0.0578024 0.179881 0
0.0173447 0.174049 0
0.0269942 0.172928 0
0.0204128 0.187635 0
0.0173607 0.173957 0
0.025169 0.160137 0
0.0270102 0.172835 0
0.0630856 0.163153 0
0.0755748 0.157766 0
0.0797247 0.171107 0
0.0499427 0.154091 0
0.0464102 0.142723 0
0.0600126 0.150389 0
0.0629343 0.163072 0
0.0499982 0.154159 0
0.0600681 0.150458 0
0.0498673 0.154201 0
0.0443154 0.169076 0
0.0395402 0.1571 0
0.0464352 0.142671 0
0.0573747 0.138635 0
0.0600376 0.150337 0
0.0200574 0.277202 0
0.0447004 0.29658 0
0.0215882 0.299153 0
0.0544616 0.231947 0
0.074621 0.245949 0
0.0585589 0.250371 0
0.0409056 0.234506 0
0.0543485 0.231909 0
0.0584458 0.250333 0
0.0187933 0.256425 0
0.0267468 0.236176 0
0.0418824 0.253578 0
0.0274708 0.218657 0
0.0504209 0.214699 0
0.0407889 0.234342 0
0.0730867 0.207749 0
0.0624969 0.194369 0
0.0841999 0.18584 0
0.0373438 0.208498 0
0.0504093 0.214612 0
0.0274592 0.21857 0
0.0470059 0.19868 0
0.0622972 0.194435 0
0.0505582 0.214499 0
0.0677923 0.292168 0
0.0449324 0.296546 0
0.0433848 0.27444 0
0.0585875 0.2505 0
0.0746497 0.246078 0
0.0629788 0.270412 0
0.0733311 0.144437 0
0.0601279 0.150343 0
0.0574649 0.138641 0
0.0734427 0.144384 0
0.0681656 0.133705 0
0.0828115 0.139151 0
0.0876908 0.151223 0
0.0735082 0.144442 0
0.082877 0.13921 0
0.0755439 0.157634 0
0.0601885 0.150407 0
0.0733918 0.144501 0
0.0266488 0.236123 0
0.0186954 0.256371 0
0.012706 0.237696 0
0.0584045 0.250406 0
0.0420621 0.253552 0
0.0408644 0.234579 0
0.0822244 0.265227 0
0.0630579 0.270461 0
0.074729 0.246127 0
0.0628698 0.270438 0
0.0421361 0.253672 0
0.0584784 0.250526 0
0.0432132 0.274177 0
0.0188486 0.256552 0
0.0419377 0.253705 0
0.093013 0.164327 0
0.0878246 0.151352 0
0.103377 0.15802 0
0.0629132 0.163126 0
0.0537846 0.166471 0
0.0499771 0.154213 0
0.0733577 0.144382 0
0.0574916 0.138585 0
0.0680807 0.133703 0
0.0824147 0.265317 0
0.104378 0.257514 0
0.0906526 0.285826 0
0.0680743 0.292101 0
0.0822918 0.265433 0
0.090528 0.285943 0
0.0971313 0.238233 0
0.115344 0.229976 0
0.124237 0.248317 0
0.0824367 0.265157 0
0.0969546 0.238381 0
0.104401 0.257355 0
0.0634284 0.21983 0
0.0543975 0.23174 0
0.0505867 0.214694 0
0.0628191 0.270518 0
0.0433609 0.274224 0
0.0420854 0.253752 0
0.0679853 0.292048 0
0.0630344 0.270616 0
0.0822004 0.26538 0
0.0678558 0.29208 0
0.0434464 0.274353 0
0.0629045 0.270647 0
0.0843243 0.185617 0
0.0798538 0.171205 0
0.0929227 0.164486 0
0.123293 0.203712 0
0.107065 0.212679 0
0.103032 0.199613 0
0.0707956 0.182683 0
0.0579755 0.179854 0
0.0629969 0.163266 0
0.0624895 0.194286 0
0.0708816 0.182806 0
0.0841924 0.185756 0
0.0624015 0.194266 0
0.0579735 0.179957 0
0.0707936 0.182787 0
0.072974 0.207845 0
0.0506453 0.214529 0
0.0623843 0.194466 0
0.0943225 0.218391 0
0.0732096 0.207882 0
0.0891459 0.201576 0
0.0768842 0.225299 0
0.0746826 0.245865 0
0.0545231 0.231863 0
0.0942818 0.21847 0
0.0770121 0.225127 0
0.0731689 0.207961 0
0.0943614 0.218571 0
0.0969034 0.238118 0
0.0770917 0.225228 0
0.0462919 0.142717 0
0.0394974 0.156984 0
0.0350695 0.145882 0
0.0579185 0.179799 0
0.0538113 0.166557 0
0.0629399 0.163212 0
0.0376379 0.185182 0
0.0468793 0.198628 0
0.0373661 0.208333 0
0.0442329 0.169232 0
0.0375949 0.184965 0
0.0271416 0.172902 0
0.0334044 0.164867 0
0.0442188 0.169164 0
0.0271276 0.172835 0
0.053749 0.166577 0
0.0578563 0.179819 0
0.0443896 0.169193 0
0.0578112 0.17998 0
0.046948 0.198533 0
0.0377065 0.185087 0
0.114458 0.188431 0
0.106189 0.174484 0
0.128783 0.178959 0
0.138968 0.19336 0
0.123486 0.203579 0
0.128923 0.179073 0
0.142843 0.1788 0
0.139033 0.193276 0
0.128988 0.17899 0
0.133003 0.22024 0
0.124357 0.248256 0
0.115464 0.229916 0
0.123421 0.203838 0
0.133 0.220091 0
0.115461 0.229767 0
0.150013 0.209128 0
0.163031 0.224752 0
0.143603 0.237722 0
0.0944895 0.218586 0
0.115244 0.229877 0
0.0970314 0.238133 0
0.0990695 0.187181 0
0.102891 0.19952 0
0.089261 0.201444 0
0.123334 0.203813 0
0.115374 0.229742 0
0.107106 0.21278 0
0.0374091 0.208431 0
0.0469224 0.198727 0
0.0504746 0.214545 0
0.0237996 0.202633 0
0.0372545 0.208458 0
0.0273699 0.21853 0
0.0238338 0.202521 0
0.0375606 0.185195 0
0.0372887 0.208346 0
-0.0151026 0.219473 0
-0.0198282 0.237165 0
-0.0290815 0.218436 0
0.0252161 0.159961 0
0.0235094 0.148185 0
0.0349456 0.14591 0
0.0463416 0.142745 0
0.049874 0.154113 0
0.039547 0.157012 0
0.0143792 0.161271 0
0.00180667 0.161898 0
0.0117443 0.149618 0
0.0173186 0.173918 0
0.0144758 0.161347 0
0.0251269 0.160098 0
0.0172515 0.173956 0
0.00512541 0.171341 0
0.0144087 0.161384 0
0.0333406 0.164837 0
0.0270638 0.172805 0
0.0252226 0.160106 0
0.0394214 0.157106 0
0.0333821 0.164784 0
0.0252641 0.160054 0
0.0394851 0.157136 0
0.0442603 0.169111 0
0.0334458 0.164815 0
0.034999 0.14594 0
0.0394268 0.157042 0
0.0252695 0.15999 0
0.0499148 0.154233 0
0.0537223 0.166491 0
0.044363 0.169107 0
-0.0153988 0.188384 0
-0.0251038 0.202281 0
-0.0299676 0.186619 0
-0.00431093 0.174851 0
-0.0152759 0.188252 0
-0.0140154 0.17445 0
-0.000432838 0.188991 0
0.00854828 0.181449 0
0.0114723 0.203205 0
-0.0128269 0.203192 0
-0.000545201 0.189067 0
-0.000742043 0.204041 0
0.00863722 0.181347 0
0.0172831 0.174077 0
0.0203512 0.187663 0
-0.00418616 0.174876 0
0.00849573 0.181354 0
-0.000485401 0.188896 0
0.0050735 0.171301 0
0.00178429 0.16197 0
0.0143568 0.161344 0
-0.00416764 0.174818 0
0.00503405 0.171411 0
0.00851425 0.181295 0
-0.00419045 0.174753 0
0.00172203 0.162016 0
0.00501126 0.171346 0
-0.0775199 0.215231 0
-0.0629619 0.211204 0
-0.069862 0.227385 0
-0.0805735 0.170814 0
-0.0697896 0.17518 0
-0.0853758 0.185081 0
-0.0989914 0.161004 0
-0.0807188 0.170742 0
-0.0996142 0.177825 0
-0.0796131 0.155844 0
-0.063643 0.162901 0
-0.0805337 0.170675 0
-0.0564898 0.196004 0
-0.062894 0.21102 0
-0.0706095 0.191367 0
-0.0444568 0.183604 0
-0.0277401 0.172844 0
-0.0300737 0.186505 0
-0.0445063 0.183545 0
-0.0448483 0.169048 0
-0.0277896 0.172785 0
-0.0542951 0.166276 0
-0.0501942 0.154125 0
-0.044956 0.168928 0
-0.0154073 0.188286 0
-0.0299762 0.18652 0
-0.0276425 0.172859 0
-0.00123129 0.238235 0
-0.00151191 0.25711 0
-0.0181131 0.256367 0
-0.0149463 0.219483 0
-0.000971969 0.220523 0
-0.00121884 0.23799 0
-0.0251 0.202491 0
-0.0151203 0.219357 0
-0.0290993 0.21832 0
-0.0128753 0.203294 0
-0.000790506 0.204143 0
-0.0149847 0.219312 0
-0.0250458 0.20244 0
-0.0129567 0.203288 0
-0.0150661 0.219306 0
-0.0250468 0.202337 0
-0.0153417 0.18844 0
-0.0129577 0.203184 0
0.0126121 0.237767 0
0.0186015 0.256442 0
-0.00134284 0.257109 0
-0.000879675 0.220584 0
0.0125477 0.237583 0
-0.00112663 0.23805 0
0.0268205 0.236102 0
0.0407583 0.234531 0
0.0419562 0.253504 0
0.0132576 0.219656 0
0.0266306 0.235999 0
0.0126878 0.237573 0
0.0273914 0.218728 0
0.0407095 0.234414 0
0.0267716 0.235986 0
-0.0199201 0.237338 0
-0.0381504 0.254091 0
-0.0334865 0.235665 0
0.0144516 0.161225 0
0.0118167 0.149572 0
0.0233961 0.148202 0
0.0991641 0.187054 0
0.106089 0.174511 0
0.114359 0.188458 0
0.102976 0.199477 0
0.0991537 0.187138 0
0.114348 0.188542 0
0.123318 0.203631 0
0.103057 0.199532 0
0.114429 0.188598 0
0.106968 0.212728 0
0.0944815 0.2184 0
0.102935 0.199662 0
0.0843886 0.185671 0
0.092987 0.164539 0
0.0990201 0.187012 0
0.0709396 0.182729 0
0.07978 0.171266 0
0.0842505 0.185679 0
0.0708685 0.182654 0
0.0630698 0.163237 0
0.0797089 0.171191 0
0.0470306 0.198564 0
0.0578938 0.18001 0
0.0623218 0.194319 0
0.0375042 0.185126 0
0.0237774 0.202452 0
0.0204695 0.18777 0
0.0601537 0.150469 0
0.0755091 0.157696 0
0.0630199 0.163084 0
0.0757013 0.157703 0
0.0877318 0.151351 0
0.0929201 0.164326 0
0.0783556 0.127953 0
0.082828 0.139096 0
0.0681821 0.13365 0
0.095118 0.131082 0
0.0882218 0.121361 0
0.0973788 0.114142 0
0.0756361 0.157637 0
0.0734839 0.144504 0
0.0876665 0.151285 0
0.0784633 0.127885 0
0.0881584 0.121407 0
0.0950544 0.131128 0
0.0968554 0.238343 0
0.0823378 0.265119 0
0.0748423 0.246019 0
0.134125 0.268188 0
0.104665 0.257401 0
0.124324 0.24851 0
0.112655 0.27797 0
0.0907512 0.285869 0
0.104479 0.257557 0
0.157436 0.178478 0
0.147305 0.164098 0
0.167579 0.169194 0
0.143417 0.237837 0
0.124451 0.248283 0
0.133097 0.220266 0
0.106141 0.174322 0
0.103546 0.158086 0
0.125274 0.160944 0
0.0842892 0.185863 0
0.0891122 0.201467 0
0.073176 0.207773 0
0.0970951 0.238325 0
0.124201 0.248409 0
0.104541 0.257299 0
0.0945229 0.218502 0
0.107009 0.212829 0
0.115277 0.229792 0
0.0748245 0.245886 0
0.0770262 0.22532 0
0.0968377 0.238209 0
0.0892454 0.201548 0
0.102876 0.199624 0
0.094422 0.218363 0
0.0634907 0.21975 0
0.050649 0.214614 0
0.0729777 0.20793 0
0.0769091 0.225132 0
0.0635789 0.219786 0
0.0730659 0.207965 0
0.0768467 0.225212 0
0.0544856 0.231776 0
0.0635165 0.219866 0
0.0843758 0.185794 0
0.0990074 0.187135 0
0.0891989 0.201398 0
0.123537 0.203768 0
0.149846 0.208998 0
0.133115 0.220021 0
0.128841 0.179057 0
0.123404 0.203562 0
0.114516 0.188529 0
0.143684 0.237839 0
0.163112 0.224869 0
0.174485 0.243861 0
0.134353 0.268152 0
0.14352 0.238026 0
0.15478 0.256907 0
0.133182 0.220135 0
0.149913 0.209113 0
0.143502 0.237706 0
0.139039 0.19346 0
0.149866 0.208909 0
0.123557 0.203679 0
0.139139 0.193427 0
0.153424 0.193857 0
0.149966 0.208876 0
0.134083 0.268288 0
0.1128 0.277912 0
0.104625 0.257499 0
0.105081 0.123297 0
0.0951745 0.131088 0
0.0974354 0.114149 0
0.092595 0.140468 0
0.102555 0.141785 0
0.0878205 0.151218 0
0.0950842 0.131229 0
0.0925538 0.140392 0
0.0829654 0.13913 0
0.09515 0.131238 0
0.10258 0.141718 0
0.0926196 0.140401 0
0.113026 0.151034 0
0.122415 0.144108 0
0.12536 0.16082 0
0.102675 0.141843 0
0.112887 0.151017 0
0.103493 0.157944 0
0.102709 0.14176 0
0.113422 0.133352 0
0.11292 0.150934 0
0.112986 0.150942 0
0.113488 0.133359 0
0.122375 0.144016 0
0.0878568 0.151277 0
0.102591 0.141844 0
0.103409 0.157945 0
0.0951919 0.13118 0
0.105098 0.123389 0
0.102622 0.141661 0
0.0784457 0.127944 0
0.0950368 0.131187 0
0.0829181 0.139088 0
0.10516 0.123396 0
0.113396 0.133259 0
0.102683 0.141668 0
0.106034 0.10615 0
0.105117 0.123213 0
0.0974718 0.114065 0
0.106125 0.106061 0
0.11404 0.0974989 0
0.115745 0.113205 0
0.105237 0.12327 0
0.115774 0.113351 0
0.123495 0.123907 0
0.147069 0.164072 0
0.128957 0.178832 0
0.125496 0.16098 0
0.133282 0.133998 0
0.122443 0.143959 0
0.113556 0.133302 0
0.151998 0.135528 0
0.133481 0.133936 0
0.143505 0.12315 0
0.143894 0.144789 0
0.134715 0.152764 0
0.133424 0.134066 0
0.152 0.1356 0
0.143952 0.144731 0
0.133482 0.134008 0
0.160131 0.12637 0
0.152088 0.135502 0
0.143594 0.123124 0
0.160196 0.126455 0
0.162921 0.148285 0
0.152153 0.135587 0
0.147088 0.163985 0
0.125515 0.160893 0
0.134699 0.152918 0
0.209079 0.182781 0
0.207511 0.152303 0
0.223798 0.164519 0
0.174648 0.243834 0
0.163278 0.224842 0
0.193116 0.229481 0
0.169031 0.114205 0
0.160211 0.126267 0
0.150663 0.113657 0
0.188832 0.112785 0
0.169219 0.114114 0
0.178079 0.0997441 0
0.18144 0.124981 0
0.160314 0.126305 0
0.169134 0.114243 0
0.181456 0.125051 0
0.174131 0.135054 0
0.160331 0.126375 0
0.189057 0.112853 0
0.211835 0.108863 0
0.202681 0.125075 0
0.185385 0.0854221 0
0.196211 0.10058 0
0.178158 0.0996073 0
0.201995 0.087495 0
0.207538 0.0745144 0
0.219772 0.091663 0
0.185464 0.0853816 0
0.201843 0.0875611 0
0.19629 0.100539 0
0.185448 0.0852811 0
0.191537 0.0705669 0
0.201827 0.0874604 0
0.189079 0.144475 0
0.174228 0.135115 0
0.181553 0.125111 0
0.192528 0.170357 0
0.189227 0.144684 0
0.20734 0.152195 0
0.180391 0.155475 0
0.167709 0.169065 0
0.163041 0.148494 0
0.192438 0.170368 0
0.180561 0.155467 0
0.189137 0.144695 0
0.192366 0.17045 0
0.167807 0.169138 0
0.180489 0.155549 0
0.162851 0.148442 0
0.147244 0.163916 0
0.144034 0.144874 0
0.180174 0.211262 0
0.163154 0.224663 0
0.150136 0.209039 0
0.0925292 0.140459 0
0.0877547 0.151209 0
0.0829408 0.139197 0
0.125297 0.160866 0
0.103569 0.158008 0
0.112963 0.151081 0
0.134616 0.152851 0
0.125433 0.160826 0
0.122488 0.144114 0
0.133352 0.134063 0
0.134643 0.152761 0
0.122514 0.144024 0
0.14394 0.144889 0
0.14715 0.163931 0
0.134761 0.152864 0
0.12882 0.178867 0
0.106225 0.174392 0
0.125359 0.161014 0
0.0928936 0.164393 0
0.0798247 0.171111 0
0.0756748 0.15777 0
0.106033 0.174334 0
0.0930741 0.164405 0
0.103438 0.158097 0
0.106018 0.174431 0
0.0990927 0.186974 0
0.0930595 0.164501 0
0.141394 0.103105 0
0.132939 0.113792 0
0.123245 0.105348 0
0.157533 0.10412 0
0.141556 0.103038 0
0.146978 0.0949511 0
0.150486 0.113645 0
0.143499 0.123009 0
0.133037 0.113886 0
0.157545 0.104183 0
0.150562 0.113546 0
0.141568 0.1031 0
0.157637 0.10422 0
0.169022 0.114131 0
0.150654 0.113583 0
0.16293 0.148523 0
0.167598 0.169093 0
0.147323 0.163998 0
0.152098 0.135648 0
0.162867 0.148347 0
0.14405 0.144779 0
0.174224 0.135216 0
0.189076 0.144577 0
0.180499 0.155349 0
0.180815 0.182804 0
0.157549 0.178541 0
0.167692 0.169256 0
0.208934 0.182952 0
0.195255 0.197534 0
0.192553 0.170637 0
0.180191 0.21116 0
0.150154 0.208938 0
0.168444 0.19437 0
0.14287 0.178702 0
0.129015 0.178892 0
0.147127 0.164131 0
0.157354 0.17851 0
0.142966 0.1787 0
0.147222 0.16413 0
0.157375 0.178609 0
0.153461 0.193707 0
0.142987 0.1788 0
0.192368 0.170542 0
0.180932 0.182777 0
0.167808 0.16923 0
0.1534 0.193756 0
0.139115 0.193326 0
0.142925 0.178849 0
0.168379 0.19421 0
0.153547 0.193759 0
0.15746 0.178661 0
0.168354 0.194311 0
0.150064 0.208879 0
0.153522 0.19386 0
0.154914 0.256826 0
0.143656 0.237947 0
0.174455 0.24397 0
0.143419 0.237997 0
0.134254 0.268122 0
0.124454 0.248444 0
0.180818 0.182888 0
0.16847 0.194174 0
0.157552 0.178624 0
0.195162 0.197534 0
0.181024 0.182872 0
0.192459 0.170637 0
0.195082 0.197613 0
0.168596 0.194237 0
0.180944 0.182952 0
0.193294 0.229334 0
0.180475 0.211294 0
0.210598 0.213548 0
0.193138 0.229369 0
0.163298 0.224733 0
0.180317 0.21133 0
0.15048 0.113579 0
0.133031 0.11382 0
0.141485 0.103133 0
0.174069 0.135132 0
0.162995 0.148284 0
0.160269 0.126453 0
0.123487 0.123974 0
0.113466 0.1332 0
0.105229 0.123337 0
0.132855 0.113888 0
0.123588 0.123875 0
0.115866 0.113319 0
0.133285 0.133931 0
0.11356 0.133235 0
0.123581 0.124009 0
0.208975 0.182801 0
0.192594 0.170485 0
0.207406 0.152323 0
0.210805 0.213342 0
0.209099 0.183093 0
0.226821 0.196232 0
0.19508 0.197708 0
0.180342 0.211122 0
0.168595 0.194332 0
0.210702 0.213344 0
0.195316 0.197678 0
0.208993 0.183096 0
0.210607 0.21344 0
0.180483 0.211188 0
0.195221 0.197773 0
0.138989 0.0831275 0
0.13106 0.0952371 0
0.127944 0.0784471 0
0.226867 0.196066 0
0.209144 0.182929 0
0.223862 0.164666 0
0.141388 0.103043 0
0.123238 0.105287 0
0.131052 0.0953935 0
0.144304 0.0735714 0
0.133703 0.0680814 0
0.138585 0.0574923 0
0.142671 0.0464359 0
0.15029 0.0602504 0
0.138635 0.0573754 0
0.155809 0.0796857 0
0.146964 0.0948028 0
0.139136 0.0831302 0
0.150409 0.0602831 0
0.154132 0.0502106 0
0.162969 0.0633794 0
0.142722 0.0464116 0
0.154064 0.0501537 0
0.150342 0.0602261 0
0.142707 0.0463274 0
0.145872 0.0351049 0
0.154049 0.0500694 0
0.157409 0.0905511 0
0.147025 0.0948277 0
0.155871 0.0797106 0
0.168267 0.0860775 0
0.15748 0.0905218 0
0.155942 0.0796812 0
0.168273 0.0861593 0
0.157657 0.104049 0
0.157486 0.0906036 0
0.224066 0.164523 0
0.254849 0.158126 0
0.24169 0.177595 0
0.226974 0.19605 0
0.223971 0.164649 0
0.241596 0.177722 0
0.2289 0.117607 0
0.235987 0.102388 0
0.246938 0.12707 0
0.218938 0.13524 0
0.228843 0.117717 0
0.246881 0.12718 0
0.21879 0.135233 0
0.202837 0.125179 0
0.228695 0.11771 0
0.207584 0.152084 0
0.218831 0.135419 0
0.236034 0.1463 0
0.207374 0.152044 0
0.189261 0.144532 0
0.202667 0.125325 0
0.236209 0.146417 0
0.254832 0.158019 0
0.224048 0.164418 0
0.207601 0.152181 0
0.236051 0.146397 0
0.22389 0.164397 0
0.236076 0.102359 0
0.255487 0.108886 0
0.247027 0.12704 0
0.163136 0.0634486 0
0.179703 0.0586743 0
0.174579 0.0724972 0
0.153121 0.0697907 0
0.162984 0.0635093 0
0.15591 0.0795364 0
0.166489 0.0542531 0
0.179675 0.058613 0
0.163108 0.0633874 0
0.162113 0.0449854 0
0.1664 0.0541632 0
0.154182 0.0501287 0
0.157948 0.0360957 0
0.162085 0.0449248 0
0.154154 0.050068 0
0.158004 0.0360523 0
0.170903 0.0371174 0
0.162141 0.0448813 0
0.162169 0.044942 0
0.170931 0.037178 0
0.166456 0.0541197 0
0.181648 0.125078 0
0.20258 0.125235 0
0.189175 0.144442 0
0.138998 0.0830367 0
0.127952 0.0783563 0
0.13365 0.0681828 0
0.155801 0.0796149 0
0.139127 0.0830593 0
0.14438 0.0736955 0
0.130961 0.0953747 0
0.123147 0.105268 0
0.114148 0.0974366 0
0.146881 0.0948552 0
0.131123 0.0952922 0
0.139053 0.0831825 0
0.146889 0.0949217 0
0.141467 0.103008 0
0.131131 0.0953587 0
0.226467 0.0741836 0
0.243186 0.0832861 0
0.219973 0.0916479 0
0.183801 0.0442099 0
0.171071 0.0370941 0
0.186689 0.0297498 0
0.191446 0.0705171 0
0.185357 0.0852312 0
0.174693 0.0726097 0
0.211299 0.0624979 0
0.191605 0.0703861 0
0.196251 0.0561663 0
0.207444 0.0744435 0
0.201901 0.0874241 0
0.191611 0.0705305 0
0.150295 0.0603414 0
0.14436 0.0735455 0
0.138641 0.0574663 0
0.166403 0.0542249 0
0.163023 0.063359 0
0.154185 0.0501903 0
0.15304 0.0697603 0
0.144408 0.0735868 0
0.150344 0.0603826 0
0.162966 0.0634449 0
0.153102 0.0697263 0
0.150406 0.0603486 0
0.155847 0.0795705 0
0.144427 0.0736511 0
0.153059 0.0698247 0
0.243287 0.0831821 0
0.226568 0.0740797 0
0.24997 0.0606568 0
0.254908 0.157894 0
0.236286 0.146293 0
0.247025 0.127352 0
0.202766 0.125294 0
0.218719 0.135348 0
0.207473 0.152013 0
0.189036 0.112771 0
0.196335 0.100702 0
0.211814 0.108781 0
0.16923 0.114198 0
0.188844 0.11287 0
0.181535 0.124936 0
0.17817 0.099699 0
0.196222 0.100671 0
0.188923 0.11274 0
0.212079 0.108803 0
0.23587 0.102327 0
0.228783 0.117545 0
0.246905 0.127276 0
0.236166 0.146216 0
0.218963 0.135335 0
0.266587 0.137258 0
0.24713 0.127158 0
0.255588 0.109003 0
0.266584 0.137424 0
0.255009 0.157866 0
0.247127 0.127323 0
0.174518 0.0726428 0
0.168324 0.0860175 0
0.155999 0.0796213 0
0.191427 0.070428 0
0.174674 0.0725207 0
0.179797 0.0586976 0
0.18528 0.0852833 0
0.168422 0.0860366 0
0.174616 0.0726618 0
0.219787 0.0917777 0
0.211935 0.108667 0
0.20201 0.0876096 0
0.178065 0.0995588 0
0.168434 0.0861268 0
0.185291 0.0853736 0
0.201931 0.0876393 0
0.211857 0.108697 0
0.196379 0.100617 0
0.226348 0.0741541 0
0.219854 0.0916183 0
0.20762 0.0744696 0
0.211968 0.108879 0
0.228672 0.117622 0
0.202814 0.125091 0
0.181647 0.124972 0
0.188956 0.112907 0
0.20258 0.125129 0
0.219901 0.0918268 0
0.23584 0.102241 0
0.212049 0.108717 0
0.157586 0.104079 0
0.147031 0.0949095 0
0.157415 0.0906329 0
0.169114 0.114085 0
0.157729 0.104173 0
0.177975 0.0997152 0
0.160126 0.126297 0
0.143589 0.123051 0
0.150577 0.113687 0
0.177972 0.0996216 0
0.157726 0.10408 0
0.168342 0.0861896 0
0.174137 0.135229 0
0.180412 0.155362 0
0.163062 0.148381 0
0.13298 0.113954 0
0.143441 0.123077 0
0.133417 0.133863 0
0.123646 0.123944 0
0.132914 0.113957 0
0.133351 0.133866 0
0.106095 0.106148 0
0.115715 0.113291 0
0.105179 0.12321 0
0.123159 0.105382 0
0.132854 0.113826 0
0.115865 0.113257 0
0.114097 0.0974965 0
0.123096 0.105328 0
0.115802 0.113202 0
0.114142 0.0973794 0
0.121361 0.0882225 0
0.130955 0.0953175 0
0.131001 0.095254 0
0.121407 0.088159 0
0.127885 0.0784639 0
0.139053 0.0830209 0
0.133705 0.0681671 0
0.144306 0.0736571 0
0.157874 0.0359737 0
0.145903 0.0349816 0
0.148178 0.0235455 0
0.183734 0.0442917 0
0.166529 0.0541176 0
0.171003 0.0371758 0
0.1541 0.0500349 0
0.145923 0.0350705 0
0.157894 0.0360627 0
0.157921 0.0359416 0
0.148226 0.0235134 0
0.16002 0.0254093 0
0.255566 0.108693 0
0.243428 0.0833904 0
0.263298 0.0883352 0
0.243218 0.08338 0
0.235945 0.102156 0
0.220005 0.0917418 0
0.26328 0.0881741 0
0.24341 0.0832294 0
0.250093 0.0607039 0
0.269937 0.0655221 0
0.263369 0.0881147 0
0.250182 0.0606445 0
0.27447 0.0422671 0
0.269975 0.0653683 0
0.250219 0.0604908 0
0.291446 0.0707819 0
0.284997 0.093414 0
0.270148 0.0655744 0
0.284925 0.0936413 0
0.276706 0.115688 0
0.263507 0.0883939 0
0.255474 0.108739 0
0.236064 0.102213 0
0.243337 0.083437 0
0.276608 0.115738 0
0.255677 0.108802 0
0.263409 0.0884441 0
0.276619 0.115903 0
0.266685 0.137221 0
0.255688 0.108966 0
0.160096 0.0254547 0
0.170896 0.0370522 0
0.157997 0.0359871 0
0.149568 0.0118532 0
0.159992 0.0253284 0
0.148198 0.0234326 0
0.161604 0.0127752 0
0.174433 0.0138007 0
0.160119 0.0252994 0
0.181539 -0.00529053 0
0.174933 0.00384244 0
0.174549 -0.0136782 0
0.18844 -0.014849 0
0.181585 -0.00535325 0
0.174594 -0.0137409 0
0.188488 -0.0147826 0
0.18883 0.00603505 0
0.181632 -0.0052869 0
0.172851 0.0274703 0
0.170946 0.0370236 0
0.160145 0.0254261 0
0.17447 0.0138498 0
0.172863 0.0273926 0
0.160157 0.0253485 0
0.188761 0.00616134 0
0.174573 0.0137073 0
0.174957 0.0039723 0
0.187753 0.0179808 0
0.186709 0.0296297 0
0.172996 0.0274208 0
0.188804 0.00620794 0
0.187765 0.0178568 0
0.174616 0.0137538 0
0.188901 0.00621564 0
0.203504 0.0160678 0
0.187862 0.0178645 0
0.183862 0.0443696 0
0.19612 0.0560661 0
0.179844 0.0585555 0
0.166558 0.0541893 0
0.183763 0.0443634 0
0.179745 0.0585492 0
0.186792 0.0297331 0
0.201594 0.0321213 0
0.183904 0.0441932 0
0.174563 0.0138248 0
0.187712 0.0179278 0
0.172955 0.0273677 0
0.188956 0.00615597 0
0.20419 7.42419e-05 0
0.203559 0.0160081 0
0.181587 -0.00522417 0
0.188785 0.00609776 0
0.17498 0.00390879 0
0.219997 0.0173368 0
0.220677 0.00010464 0
0.237592 0.013899 0
0.207475 0.0743601 0
0.191642 0.0704471 0
0.211336 0.0625589 0
0.196145 0.0561534 0
0.191499 0.0703731 0
0.17987 0.0586427 0
0.231626 0.0560608 0
0.249931 0.0605657 0
0.226529 0.0739887 0
0.206863 0.0455274 0
0.201774 0.0321424 0
0.217784 0.0347302 0
0.218821 0.0505758 0
0.20692 0.0455892 0
0.217841 0.0347921 0
0.235747 0.032733 0
0.218917 0.0505327 0
0.217938 0.0347489 0
0.231472 0.0559891 0
0.211508 0.0624315 0
0.218882 0.050703 0
0.19621 0.0560228 0
0.183952 0.0443263 0
0.206731 0.0456393 0
0.254622 0.0371765 0
0.276889 0.0221262 0
0.274508 0.0420443 0
0.235939 0.0325515 0
0.237766 0.0140064 0
0.256494 0.0170093 0
0.242834 0.0467025 0
0.235949 0.0327284 0
0.254379 0.0372275 0
0.250062 0.0604121 0
0.242882 0.0467954 0
0.254427 0.0373204 0
0.231633 0.0558768 0
0.235873 0.032791 0
0.242758 0.0467651 0
0.217942 0.0346381 0
0.219982 0.0175149 0
0.235751 0.0326221 0
0.211425 0.0623968 0
0.206898 0.0456818 0
0.218799 0.0506684 0
0.219885 0.0172903 0
0.20435 5.80477e-05 0
0.220566 5.82466e-05 0
0.20177 0.0319865 0
0.203654 0.0161527 0
0.21982 0.017451 0
0.201607 0.0320333 0
0.186805 0.0296452 0
0.187849 0.0179962 0
0.257229 -0.000102753 0
0.237836 -0.0138968 0
0.256565 -0.0168997 0
0.231553 0.0558897 0
0.218963 0.0506036 0
0.235793 0.0328039 0
0.220738 -4.6166e-05 0
0.237652 -0.0138401 0
0.238196 -4.61243e-05 0
0.171035 0.037038 0
0.17294 0.0274847 0
0.186653 0.0296937 0
0.256675 -0.0171399 0
0.253494 -0.043799 0
0.274435 -0.0420477 0
0.257229 0.000103367 0
0.256566 0.0169003 0
0.237837 0.0138976 0
0.277706 -5.63614e-05 0
0.257362 -5.62502e-05 0
0.256699 -0.0168534 0
0.277706 5.68933e-05 0
0.2567 0.016854 0
0.257362 5.68644e-05 0
0.235956 -0.0281949 0
0.217989 -0.0347056 0
0.234275 -0.0422442 0
0.235908 -0.0281118 0
0.219982 -0.0174994 0
0.217941 -0.0346226 0
0.253291 -0.0438367 0
0.236075 -0.0282255 0
0.234393 -0.0422749 0
0.237643 -0.013992 0
0.220048 -0.0174301 0
0.235974 -0.0280426 0
0.25655 0.0170869 0
0.254425 0.0371281 0
0.235995 0.0326291 0
0.220677 -0.000104188 0
0.219997 -0.0173364 0
0.237591 -0.0138982 0
0.220566 -5.77962e-05 0
0.20435 -5.78647e-05 0
0.219885 -0.0172899 0
0.160092 -0.0254739 0
0.157628 -0.0378424 0
0.170129 -0.0408917 0
0.214359 -0.0517006 0
0.201736 -0.0322069 0
0.198609 -0.0478413 0
0.203558 -0.0160371 0
0.204188 -0.000103233 0
0.188612 -0.0148392 0
0.217827 -0.0346358 0
0.219867 -0.0175127 0
0.201819 -0.0320485 0
0.201771 -0.0319865 0
0.21982 -0.0174506 0
0.203654 -0.0161525 0
0.1745 0.0725673 0
0.155981 0.0795458 0
0.163056 0.0635186 0
0.161487 0.0126839 0
0.149579 0.0117328 0
0.150037 8.16062e-05 0
0.174482 0.0137292 0
0.161654 0.0127037 0
0.174866 0.0039943 0
0.160036 0.0252926 0
0.149613 0.0118174 0
0.161521 0.0127685 0
0.161529 0.0126446 0
0.150079 4.23768e-05 0
0.162025 4.23852e-05 0
0.211453 0.062571 0
0.22632 0.0740565 0
0.207592 0.0743722 0
0.183971 0.0442463 0
0.201661 0.0321744 0
0.206749 0.0455593 0
0.231497 0.0560673 0
0.2264 0.0739951 0
0.211533 0.0625096 0
0.242805 0.046858 0
0.249985 0.0604746 0
0.23168 0.0559697 0
0.298895 0.0238311 0
0.274656 0.0419997 0
0.277038 0.0220814 0
0.296123 0.0475367 0
0.291483 0.0706275 0
0.270185 0.0654205 0
0.270054 0.0656326 0
0.284903 0.0934716 0
0.263485 0.0882256 0
0.162151 -3.27844e-05 0
0.174484 -0.0136604 0
0.174868 0.00386005 0
0.161612 0.0126578 0
0.162108 5.54772e-05 0
0.174824 0.0039484 0
0.150039 -3.92296e-05 0
0.149581 -0.0116905 0
0.161985 -3.93302e-05 0
0.250168 0.0603967 0
0.254533 0.0373049 0
0.274418 0.0421728 0
0.270129 0.0653249 0
0.274624 0.0422234 0
0.296067 0.0474405 0
0.236149 -0.028141 0
0.253365 -0.0437522 0
0.256546 -0.0170934 0
0.298959 0.0239163 0
0.296163 0.0473019 0
0.27472 0.0420845 0
0.306113 -0.0986358 0
0.291568 -0.0708887 0
0.285118 -0.0935256 0
0.297849 -0.123848 0
0.306133 -0.0988136 0
0.28514 -0.0937019 0
0.319072 -0.0500102 0
0.321883 -0.0233981 0
0.299194 -0.0238614 0
0.335898 -0.0820516 0
0.319165 -0.050382 0
0.312788 -0.0762686 0
0.336004 -0.0819734 0
0.344446 -0.053081 0
0.319271 -0.0503045 0
0.344589 -0.0532076 0
0.336146 -0.0821017 0
0.361686 -0.0882535 0
0.372782 -0.0560183 0
0.344711 -0.0531202 0
0.36181 -0.0881658 0
0.347288 -0.0226856 0
0.322129 -0.0234026 0
0.344494 -0.0527915 0
0.296266 -0.0475733 0
0.291627 -0.0706607 0
0.312564 -0.076221 0
0.844332 0.00284395 0
0.765677 -0.0852715 0
0.843049 -0.0993576 0
0.930572 0.109363 0
0.844453 0.202626 0
0.844008 0.0966919 0
0.696045 -0.000277341 0
0.695083 -0.0757194 0
0.765437 -0.00676846 0
0.662553 0.0407125 0
0.633369 0.000138066 0
0.695493 0.000135316 0
0.693644 0.0849966 0
0.662756 0.0409973 0
0.695698 0.00042024 0
0.630808 0.0792905 0
0.633155 0.000403806 0
0.662336 0.0409781 0
0.582175 0.164085 0
0.606143 0.123048 0
0.637265 0.171926 0
0.574734 0.0744339 0
0.576861 0.0143475 0
0.630324 0.0794485 0
0.541345 0.128399 0
0.574534 0.0749599 0
0.605796 0.122604 0
0.579381 0.213717 0
0.529392 0.17714 0
0.581725 0.164406 0
0.492794 0.134908 0
0.509549 0.0955523 0
0.540748 0.128509 0
0.526658 0.0542713 0
0.576513 0.0142634 0
0.574386 0.0743494 0
0.585973 -0.152028 0
0.53709 -0.143262 0
0.530074 -0.198475 0
0.630569 -0.0802312 0
0.586646 -0.151728 0
0.637362 -0.171739 0
0.574457 -0.075106 0
0.53724 -0.142848 0
0.586123 -0.151614 0
0.602903 -0.038429 0
0.55123 -0.0214005 0
0.574557 -0.0743206 0
0.630522 0.0792 0
0.577054 0.0140987 0
0.632868 0.000313776 0
0.550974 -0.0214539 0
0.526572 -0.054295 0
0.5743 -0.0743737 0
0.527002 0.0157518 0
0.550982 -0.0209245 0
0.576433 0.0138156 0
0.526837 0.0155242 0
0.526416 -0.0539934 0
0.550814 -0.0211521 0
0.5265 0.0540756 0
0.52692 0.0160035 0
0.576351 0.0140675 0
0.526183 0.0541908 0
0.482226 0.0484698 0
0.526605 0.0161191 0
0.44278 0.0194014 0
0.481659 0.0485075 0
0.440208 0.0621969 0
0.526037 -0.0541374 0
0.483076 -0.000341737 0
0.482082 -0.0484159 0
0.52646 0.0159379 0
0.482084 0.0482887 0
0.483076 0.000215968 0
0.296358 -0.0475045 0
0.312656 -0.0761517 0
0.319031 -0.0502673 0
0.285041 -0.0937595 0
0.276817 -0.115819 0
0.29775 -0.123906 0
0.630913 -0.0794042 0
0.694421 -0.0759616 0
0.633263 -0.000517696 0
0.586438 -0.151403 0
0.630356 -0.0799057 0
0.574767 -0.0748942 0
0.637629 -0.17165 0
0.665714 -0.12518 0
0.630833 -0.0801414 0
0.630191 -0.240647 0
0.637321 -0.172524 0
0.574543 -0.225721 0
0.5766 -0.303635 0
0.629987 -0.241087 0
0.574339 -0.226161 0
0.688561 -0.265034 0
0.699131 -0.181544 0
0.630779 -0.240808 0
0.630608 -0.0792781 0
0.632957 -0.000392202 0
0.603365 -0.0383753 0
0.665905 -0.12486 0
0.694529 -0.0763796 0
0.63102 -0.0798212 0
0.699076 -0.180845 0
0.665943 -0.125518 0
0.637855 -0.171988 0
0.699271 -0.180526 0
0.694762 -0.076718 0
0.666134 -0.125198 0
0.764918 -0.085225 0
0.76567 -0.00705374 0
0.695312 -0.076004 0
0.768579 -0.191026 0
0.845812 -0.196828 0
0.843066 -0.100382 0
0.689022 -0.26487 0
0.767573 -0.191524 0
0.699589 -0.181377 0
0.76487 -0.271151 0
0.84555 -0.197402 0
0.768315 -0.191598 0
0.844732 0.203028 0
0.930855 0.10977 0
0.92799 0.217356 0
0.839943 0.296117 0
0.765104 0.271521 0
0.843882 0.203834 0
0.927687 0.217981 0
0.840491 0.29594 0
0.844427 0.203651 0
0.923221 0.325831 0
0.836527 0.399031 0
0.840447 0.29695 0
0.699599 0.180427 0
0.693998 0.0857487 0
0.764695 0.0858402 0
0.765421 -0.0849618 0
0.84407 0.00315457 0
0.766168 -0.00678746 0
0.931868 0.000689392 0
0.930864 0.108683 0
0.844302 0.0960178 0
0.931576 -0.000324558 0
0.844886 0.00313121 0
0.84361 -0.0990776 0
0.528967 0.176758 0
0.492858 0.13518 0
0.540815 0.128782 0
0.581596 0.164121 0
0.529265 0.176855 0
0.541112 0.128879 0
0.516375 0.22509 0
0.478445 0.200169 0
0.528838 0.177298 0
0.579162 0.213921 0
0.516713 0.225136 0
0.529175 0.177344 0
0.377432 0.134663 0
0.384147 0.164315 0
0.33854 0.160951 0
0.44782 0.240822 0
0.401293 0.241587 0
0.437257 0.189459 0
0.400769 0.241701 0
0.355759 0.243867 0
0.373284 0.220521 0
0.437068 0.189309 0
0.401104 0.241437 0
0.391443 0.196033 0
0.44776 0.241117 0
0.419384 0.277291 0
0.401231 0.241881 0
0.287848 -0.144939 0
0.276723 -0.116035 0
0.266797 -0.137338 0
0.287952 -0.144892 0
0.297759 -0.124078 0
0.276827 -0.115989 0
0.300521 -0.172244 0
0.28796 -0.145218 0
0.276592 -0.165138 0
0.300639 -0.172202 0
0.311653 -0.152905 0
0.288078 -0.145178 0
0.260097 -0.189747 0
0.26627 -0.219302 0
0.283825 -0.196865 0
0.255084 -0.15817 0
0.260035 -0.189436 0
0.276347 -0.16524 0
0.245573 -0.207623 0
0.266141 -0.219339 0
0.259969 -0.189782 0
0.361838 -0.0886837 0
0.348346 -0.129577 0
0.37739 -0.134302 0
0.308889 -0.206784 0
0.32745 -0.179845 0
0.300761 -0.172498 0
0.328182 -0.229115 0
0.343105 -0.259302 0
0.36688 -0.229414 0
0.241789 -0.177831 0
0.245491 -0.207484 0
0.259887 -0.189644 0
0.367299 -0.229407 0
0.38593 -0.25985 0
0.41108 -0.226531 0
0.357834 -0.18775 0
0.36714 -0.229064 0
0.391064 -0.195987 0
0.343298 -0.259406 0
0.385702 -0.25996 0
0.367073 -0.229517 0
0.306332 -0.0986885 0
0.329627 -0.103834 0
0.312724 -0.0765023 0
0.338082 -0.154953 0
0.327737 -0.179721 0
0.357525 -0.187448 0
0.32197 -0.125202 0
0.338031 -0.154578 0
0.348081 -0.129767 0
0.311909 -0.152963 0
0.327585 -0.179605 0
0.337928 -0.154838 0
0.297989 -0.124134 0
0.311757 -0.152677 0
0.321715 -0.125177 0
0.300771 -0.172318 0
0.327459 -0.179665 0
0.311785 -0.153021 0
0.414834 0.0700243 0
0.439917 0.0625456 0
0.422357 0.102105 0
0.390655 0.0950231 0
0.414669 0.0701335 0
0.42219 0.102214 0
0.387575 0.0584691 0
0.406996 0.0388445 0
0.414608 0.069799 0
0.375996 0.00631295 0
0.407164 -0.0203106 0
0.407234 0.00898058 0
0.407458 0.0088957 0
0.407386 -0.0203963 0
0.442421 -0.0190685 0
0.375733 0.0343605 0
0.407233 0.00927181 0
0.406931 0.0385613 0
0.375629 0.0342528 0
0.37589 0.00649561 0
0.407129 0.00916419 0
0.344663 -0.0529012 0
0.372734 -0.0557981 0
0.347459 -0.0227935 0
0.428727 -0.092045 0
0.417104 -0.121109 0
0.452527 -0.12767 0
0.476211 -0.0834951 0
0.428924 -0.091919 0
0.452727 -0.127544 0
0.439903 -0.0624732 0
0.404766 -0.059148 0
0.428643 -0.0916196 0
0.287847 -0.145103 0
0.266796 -0.137501 0
0.276479 -0.165021 0
0.404366 -0.0588922 0
0.375777 -0.0218799 0
0.373028 -0.0558156 0
0.43996 -0.0621021 0
0.442531 -0.0193071 0
0.407495 -0.0206343 0
0.476345 -0.0831322 0
0.481772 -0.0487206 0
0.440319 -0.0624099 0
0.492389 -0.134864 0
0.476425 -0.083639 0
0.452939 -0.127688 0
0.509465 -0.0950151 0
0.526126 -0.0544554 0
0.48217 -0.0487335 0
0.49258 -0.134755 0
0.509333 -0.0954001 0
0.476613 -0.0835303 0
0.49278 -0.134955 0
0.536709 -0.14286 0
0.509535 -0.0955993 0
0.526189 -0.0539227 0
0.52661 0.0155946 0
0.483224 -0.000126937 0
0.407457 0.00922034 0
0.44242 0.0191911 0
0.407155 0.0385106 0
0.276369 -0.165067 0
0.266685 -0.137545 0
0.255105 -0.157998 0
0.24182 -0.177668 0
0.259918 -0.18948 0
0.254967 -0.158213 0
0.367633 -0.161129 0
0.338215 -0.154891 0
0.35766 -0.187385 0
0.329797 -0.104099 0
0.321943 -0.125033 0
0.348053 -0.129597 0
0.361678 -0.088583 0
0.32993 -0.103978 0
0.348188 -0.129475 0
0.335932 -0.0822313 0
0.312824 -0.0764476 0
0.329726 -0.103778 0
0.297877 -0.1242 0
0.288068 -0.145016 0
0.311643 -0.152744 0
0.306362 -0.0988511 0
0.321803 -0.124929 0
0.329657 -0.103997 0
0.291661 -0.0708305 0
0.306205 -0.098577 0
0.312597 -0.0763927 0
0.297971 -0.123953 0
0.321696 -0.124997 0
0.306256 -0.0989174 0
0.361628 -0.28842 0
0.408147 -0.291251 0
0.385901 -0.260264 0
0.586099 -0.152305 0
0.530197 -0.19875 0
0.574038 -0.225513 0
0.526434 -0.0545422 0
0.509773 -0.0951022 0
0.574161 -0.074621 0
0.492699 -0.135254 0
0.48528 -0.184777 0
0.536629 -0.14316 0
0.574199 -0.0749173 0
0.509808 -0.0953978 0
0.536985 -0.142659 0
0.602911 -0.0381336 0
0.57669 0.0136348 0
0.551236 -0.0211054 0
0.63041 -0.0795267 0
0.60317 -0.038624 0
0.574821 -0.0745156 0
0.632774 -7.99621e-05 0
0.576962 0.0137055 0
0.603185 -0.0380632 0
0.404482 -0.058774 0
0.407154 -0.0206317 0
0.375891 -0.0217619 0
0.416897 -0.121 0
0.428519 -0.0919363 0
0.390682 -0.0951577 0
0.439832 -0.0622351 0
0.40737 -0.0207672 0
0.404695 -0.0589104 0
0.482796 -0.000224749 0
0.442922 -0.0191925 0
0.481804 -0.0482985 0
0.44253 0.0193689 0
0.439959 0.0621637 0
0.407264 0.0386882 0
0.482664 1.17836e-06 0
0.442791 0.0189679 0
0.442792 -0.0189669 0
0.482796 0.000227094 0
0.481803 0.0482993 0
0.442921 0.0191935 0
0.441831 -0.213657 0
0.411504 -0.226462 0
0.438421 -0.255027 0
0.48245 -0.227166 0
0.442069 -0.213659 0
0.43866 -0.25503 0
0.444753 -0.172882 0
0.391604 -0.195885 0
0.441785 -0.21328 0
0.492394 -0.135353 0
0.445234 -0.172585 0
0.484972 -0.184876 0
0.452462 -0.127902 0
0.417038 -0.121341 0
0.409097 -0.161119 0
0.509297 -0.0951116 0
0.482005 -0.0488302 0
0.476577 -0.083242 0
0.366928 -0.229174 0
0.357625 -0.18786 0
0.328232 -0.228875 0
0.441673 -0.213459 0
0.391491 -0.196064 0
0.411346 -0.226264 0
0.40868 -0.161275 0
0.377611 -0.13465 0
0.367936 -0.160974 0
0.337909 -0.154655 0
0.32185 -0.125279 0
0.311891 -0.15278 0
0.367601 -0.160936 0
0.348234 -0.129886 0
0.338184 -0.154698 0
0.391066 -0.19576 0
0.367811 -0.161266 0
0.357837 -0.187522 0
0.377409 -0.134544 0
0.348365 -0.129819 0
0.367734 -0.160868 0
0.391237 -0.195672 0
0.408727 -0.161479 0
0.367981 -0.161179 0
0.416726 -0.121143 0
0.390512 -0.0952997 0
0.377714 -0.134296 0
0.361636 -0.0884247 0
0.336096 -0.0822714 0
0.32989 -0.10382 0
0.438425 -0.255563 0
0.408605 -0.291305 0
0.445833 -0.309097 0
0.411317 -0.226617 0
0.386169 -0.259937 0
0.438234 -0.255183 0
0.482605 -0.226932 0
0.484929 -0.185319 0
0.442224 -0.213426 0
0.391243 -0.196116 0
0.367318 -0.229194 0
0.411097 -0.226317 0
0.390328 -0.0951906 0
0.361978 -0.0885683 0
0.377532 -0.134186 0
0.327704 -0.179969 0
0.328101 -0.22871 0
0.357493 -0.187695 0
0.343278 -0.259603 0
0.36141 -0.288314 0
0.385684 -0.260158 0
0.205079 -0.480264 0
0.182816 -0.446649 0
0.145998 -0.471043 0
0.265215 -0.485097 0
0.205582 -0.480583 0
0.213911 -0.527932 0
0.265352 -0.484804 0
0.254948 -0.440567 0
0.205721 -0.48029 0
0.327961 -0.229218 0
0.300866 -0.260274 0
0.342882 -0.259406 0
0.197198 -0.254352 0
0.174714 -0.244063 0
0.178994 -0.268194 0
0.511754 -0.71859 0
0.454364 -0.767606 0
0.536402 -0.793559 0
0.626454 -0.727915 0
0.512332 -0.718456 0
0.53698 -0.793426 0
0.569402 -0.66838 0
0.517965 -0.615414 0
0.512077 -0.717663 0
0.678415 -0.653972 0
0.624039 -0.618988 0
0.627298 -0.727117 0
0.517616 -0.615285 0
0.465393 -0.629865 0
0.511727 -0.717533 0
0.341047 -0.47274 0
0.377715 -0.437524 0
0.338725 -0.415858 0
0.303878 -0.508072 0
0.340701 -0.47311 0
0.309174 -0.455697 0
0.304106 -0.508314 0
0.376955 -0.527907 0
0.340928 -0.473352 0
0.42504 -0.683898 0
0.378432 -0.743705 0
0.453545 -0.767323 0
0.511419 -0.717761 0
0.465083 -0.630094 0
0.425525 -0.683352 0
0.399553 -0.608091 0
0.354324 -0.66479 0
0.42478 -0.683101 0
0.693685 -0.346659 0
0.631147 -0.407044 0
0.691623 -0.434083 0
0.377581 -0.528404 0
0.399656 -0.607101 0
0.432466 -0.523294 0
0.308483 -0.721546 0
0.353565 -0.665094 0
0.288844 -0.660352 0
0.308703 -0.72224 0
0.330543 -0.789242 0
0.377631 -0.743907 0
0.632153 -0.324458 0
0.575253 -0.382402 0
0.630551 -0.406797 0
0.408245 -0.47435 0
0.449777 -0.433701 0
0.414862 -0.401962 0
0.699604 -0.180396 0
0.764698 -0.0858079 0
0.695092 -0.0765852 0
0.63061 -0.240498 0
0.698959 -0.181232 0
0.637736 -0.172374 0
0.689238 -0.265171 0
0.764343 -0.271377 0
0.767792 -0.191827 0
0.340208 0.0750384 0
0.344625 0.0531461 0
0.368491 0.0770219 0
0.29913 -0.0236952 0
0.321819 -0.0232298 0
0.300064 -0.000155977 0
0.35877 0.103517 0
0.39032 0.095242 0
0.377521 0.134239 0
0.321943 0.125034 0
0.329794 0.104099 0
0.34805 0.129598 0
0.414783 0.069812 0
0.407171 0.0388572 0
0.439865 0.062333 0
0.37554 0.0346527 0
0.387317 0.0584787 0
0.368753 0.0769048 0
0.375666 0.0345245 0
0.406865 0.0387263 0
0.387445 0.0583506 0
0.348354 9.69049e-05 0
0.375599 0.00642623 0
0.347477 0.0224535 0
0.387367 0.058681 0
0.390386 0.0949002 0
0.368802 0.0771069 0
0.407575 0.00902783 0
0.44254 -0.0189362 0
0.442539 0.018998 0
0.440142 -0.0625541 0
0.428882 -0.091701 0
0.476167 -0.0832767 0
0.44278 -0.0194004 0
0.440208 -0.0621961 0
0.481659 -0.0485066 0
0.404602 -0.0592571 0
0.390641 -0.0949507 0
0.428477 -0.0917289 0
0.509333 0.0954014 0
0.49258 0.134757 0
0.476612 0.083531 0
0.482004 0.048831 0
0.509298 0.0951129 0
0.476576 0.0832426 0
0.526434 0.0545425 0
0.57416 0.0746207 0
0.509773 0.0951034 0
0.476424 0.0836397 0
0.492389 0.134865 0
0.452938 0.127689 0
0.422603 0.102368 0
0.476189 0.083531 0
0.452704 0.12758 0
0.482169 0.0487344 0
0.526126 0.0544557 0
0.509465 0.0950164 0
0.846327 -0.19759 0
0.837722 -0.301538 0
0.927686 -0.217981 0
0.845783 -0.197773 0
0.7651 -0.271518 0
0.837173 -0.301714 0
0.93086 -0.109748 0
0.846641 -0.196948 0
0.927998 -0.217337 0
0.764946 -0.0861924 0
0.699845 -0.180778 0
0.767829 -0.190924 0
0.69412 -0.346537 0
0.692061 -0.433964 0
0.761217 -0.37127 0
0.764341 -0.272248 0
0.694364 -0.345995 0
0.76146 -0.370728 0
0.688337 -0.265511 0
0.630555 -0.241285 0
0.632532 -0.323514 0
0.842794 -0.100008 0
0.765422 -0.0859191 0
0.768312 -0.190656 0
0.930575 -0.109352 0
0.843608 -0.100104 0
0.846359 -0.196558 0
0.930861 -0.108692 0
0.931867 -0.000700357 0
0.843896 -0.099451 0
0.280889 -0.595786 0
0.266372 -0.543768 0
0.22383 -0.580871 0
0.630932 -0.407487 0
0.630082 -0.478754 0
0.69141 -0.434526 0
0.487445 -0.328619 0
0.525643 -0.286347 0
0.480172 -0.270273 0
0.631971 -0.324114 0
0.576606 -0.304433 0
0.575073 -0.38206 0
0.693486 -0.34629 0
0.632548 -0.324336 0
0.630949 -0.406677 0
0.693679 -0.345817 0
0.68855 -0.265862 0
0.632742 -0.323863 0
0.255363 -0.440237 0
0.308829 -0.455263 0
0.286168 -0.411173 0
0.378338 -0.321408 0
0.408122 -0.291457 0
0.361602 -0.288625 0
0.265698 -0.484721 0
0.308762 -0.45551 0
0.255293 -0.440484 0
0.41046 -0.344822 0
0.408286 -0.291645 0
0.378502 -0.321596 0
0.525963 -0.419767 0
0.577618 -0.460268 0
0.57472 -0.382901 0
0.491613 -0.392477 0
0.450427 -0.433487 0
0.525259 -0.41971 0
0.410696 -0.345322 0
0.414846 -0.40129 0
0.442539 -0.361667 0
0.407759 -0.474601 0
0.377946 -0.437721 0
0.34128 -0.472938 0
0.336558 -0.615031 0
0.288939 -0.659995 0
0.353659 -0.664736 0
0.487178 -0.328696 0
0.479906 -0.270351 0
0.446235 -0.309272 0
0.409189 -0.161291 0
0.444847 -0.172481 0
0.452556 -0.128074 0
0.377775 -0.134517 0
0.408846 -0.161141 0
0.416788 -0.121364 0
0.391495 -0.195711 0
0.444642 -0.172709 0
0.408984 -0.161518 0
0.408405 -0.291141 0
0.438225 -0.255399 0
0.386158 -0.260153 0
0.482899 -0.226883 0
0.529554 -0.198865 0
0.485222 -0.185269 0
0.446073 -0.309026 0
0.479743 -0.270105 0
0.438663 -0.255492 0
0.528205 -0.242401 0
0.573842 -0.225815 0
0.530002 -0.199052 0
0.573993 -0.226313 0
0.526255 -0.286117 0
0.576249 -0.303785 0
0.445128 -0.172394 0
0.492284 -0.135162 0
0.452834 -0.127986 0
0.442099 -0.213244 0
0.484803 -0.185137 0
0.445065 -0.172846 0
0.479865 -0.269831 0
0.482577 -0.227354 0
0.438786 -0.255218 0
0.480308 -0.269986 0
0.525778 -0.286059 0
0.527879 -0.24284 0
0.529735 -0.198585 0
0.536754 -0.143373 0
0.485403 -0.184989 0
0.5279 -0.242405 0
0.529698 -0.199057 0
0.483041 -0.227075 0
0.480165 -0.269789 0
0.527734 -0.242643 0
0.482875 -0.227312 0
0.526094 -0.285913 0
0.573831 -0.226108 0
0.528192 -0.242692 0
0.574399 -0.225425 0
0.637172 -0.172226 0
0.586457 -0.152215 0
0.229642 -0.224238 0
0.245341 -0.207663 0
0.226997 -0.19636 0
0.83598 -0.400131 0
0.765844 -0.457021 0
0.835152 -0.494887 0
0.91763 -0.432731 0
0.836489 -0.400046 0
0.835663 -0.494807 0
0.836891 -0.302294 0
0.764818 -0.272098 0
0.76194 -0.370583 0
0.927947 -0.218413 0
0.837979 -0.301962 0
0.923518 -0.325243 0
0.837131 -0.302723 0
0.762177 -0.371007 0
0.835975 -0.399199 0
0.214672 -0.23877 0
0.229486 -0.224402 0
0.210833 -0.213623 0
0.202355 -0.280857 0
0.219104 -0.266113 0
0.197424 -0.254467 0
0.197466 -0.254326 0
0.219145 -0.265974 0
0.214595 -0.239045 0
0.266111 -0.219492 0
0.245543 -0.207778 0
0.250853 -0.235558 0
0.300559 -0.260248 0
0.304786 -0.233381 0
0.274631 -0.247662 0
0.283859 -0.196685 0
0.276444 -0.165368 0
0.260131 -0.189565 0
0.21455 -0.238789 0
0.21071 -0.213641 0
0.193412 -0.229423 0
0.245421 -0.207793 0
0.229722 -0.22437 0
0.25073 -0.235575 0
0.274335 -0.247534 0
0.266208 -0.219625 0
0.250949 -0.235692 0
0.241677 -0.177854 0
0.227037 -0.196206 0
0.24538 -0.207508 0
0.22688 -0.19638 0
0.210873 -0.213483 0
0.229526 -0.22426 0
0.182336 -0.762272 0
0.246856 -0.702811 0
0.172532 -0.692046 0
0.537364 -0.793775 0
0.626525 -0.822381 0
0.626835 -0.728265 0
0.517781 -0.614426 0
0.555187 -0.523873 0
0.471027 -0.566408 0
0.499415 -0.890352 0
0.484398 -0.963776 0
0.576614 -0.904514 0
0.453662 -0.76806 0
0.39802 -0.797209 0
0.440609 -0.850634 0
0.44067 -0.851772 0
0.386987 -0.941796 0
0.483567 -0.963771 0
0.288489 -0.660477 0
0.247665 -0.702569 0
0.308128 -0.721671 0
0.664518 -0.92264 0
0.695457 -1.04708 0
0.760469 -0.982137 0
0.234194 -0.638861 0
0.17489 -0.62239 0
0.172464 -0.691365 0
0.280999 -0.596367 0
0.234937 -0.638668 0
0.288355 -0.659845 0
0.223368 -0.581275 0
0.175061 -0.622021 0
0.234365 -0.638491 0
0.280783 -0.596103 0
0.223723 -0.581189 0
0.234719 -0.638404 0
0.266148 -0.543543 0
0.213974 -0.528462 0
0.223604 -0.580645 0
0.31628 -0.551266 0
0.266682 -0.543669 0
0.281198 -0.595686 0
0.303627 -0.508111 0
0.308923 -0.455737 0
0.265861 -0.484948 0
0.337007 -0.614401 0
0.399337 -0.607406 0
0.37726 -0.52871 0
0.450418 -0.433826 0
0.489299 -0.493606 0
0.525252 -0.42005 0
0.442926 -0.36193 0
0.450149 -0.433293 0
0.491337 -0.392283 0
0.408305 -0.474754 0
0.432736 -0.522535 0
0.449837 -0.434106 0
0.450107 -0.43417 0
0.433007 -0.5226 0
0.48899 -0.49395 0
0.378193 -0.437482 0
0.408004 -0.474362 0
0.414622 -0.401976 0
0.368983 -0.364142 0
0.378061 -0.437113 0
0.414491 -0.401606 0
0.338495 -0.415918 0
0.309291 -0.455388 0
0.340817 -0.4728 0
0.37761 -0.527962 0
0.432494 -0.52285 0
0.408062 -0.475069 0
0.316834 -0.551277 0
0.336729 -0.614212 0
0.376984 -0.528523 0
0.266758 -0.543377 0
0.316355 -0.550973 0
0.303655 -0.508625 0
0.281433 -0.595924 0
0.336409 -0.614438 0
0.316513 -0.551503 0
0.424708 -0.683556 0
0.354251 -0.665244 0
0.378097 -0.743363 0
0.432776 -0.52342 0
0.399969 -0.607229 0
0.470223 -0.566382 0
0.336929 -0.614856 0
0.354029 -0.664561 0
0.39926 -0.607863 0
0.304025 -0.508574 0
0.316725 -0.550923 0
0.376875 -0.528168 0
0.281339 -0.596287 0
0.288695 -0.659765 0
0.336316 -0.614802 0
0.470521 -0.566003 0
0.489059 -0.494393 0
0.433076 -0.523042 0
0.449892 -0.433324 0
0.44267 -0.361962 0
0.414978 -0.401585 0
0.53265 -0.350843 0
0.491889 -0.3922 0
0.525535 -0.419432 0
0.487206 -0.329278 0
0.443051 -0.361582 0
0.49146 -0.391934 0
0.377303 -0.527795 0
0.407757 -0.474904 0
0.341276 -0.47324 0
0.36873 -0.364189 0
0.338819 -0.415494 0
0.377807 -0.437159 0
0.325164 -0.348098 0
0.332781 -0.316652 0
0.298846 -0.326357 0
0.275331 -0.371667 0
0.324972 -0.348284 0
0.298654 -0.326542 0
0.317347 -0.381214 0
0.368484 -0.363777 0
0.325345 -0.34844 0
0.44574 -0.309397 0
0.408511 -0.291604 0
0.410687 -0.344781 0
0.378086 -0.321492 0
0.361351 -0.288709 0
0.333167 -0.316437 0
0.265718 -0.485241 0
0.266588 -0.543156 0
0.303485 -0.508405 0
0.285958 -0.410986 0
0.245987 -0.399495 0
0.255151 -0.440049 0
0.338314 -0.415711 0
0.286447 -0.411091 0
0.309108 -0.455181 0
0.333051 -0.31623 0
0.361234 -0.288502 0
0.343102 -0.259791 0
0.317392 -0.381439 0
0.338616 -0.415307 0
0.368529 -0.364002 0
0.378086 -0.321849 0
0.32555 -0.348241 0
0.368687 -0.363578 0
0.275261 -0.372059 0
0.286262 -0.410699 0
0.316905 -0.38145 0
0.325431 -0.348083 0
0.377967 -0.321692 0
0.333046 -0.316637 0
0.254785 -0.440359 0
0.216828 -0.422822 0
0.205557 -0.480082 0
0.274862 -0.371955 0
0.237872 -0.361927 0
0.245892 -0.399103 0
0.275392 -0.37185 0
0.317034 -0.381241 0
0.325034 -0.348467 0
0.277639 -0.282583 0
0.300468 -0.260413 0
0.274539 -0.247827 0
0.298424 -0.326102 0
0.277564 -0.282995 0
0.254468 -0.305063 0
0.299606 -0.292181 0
0.300553 -0.260562 0
0.277723 -0.282732 0
0.298576 -0.326058 0
0.299599 -0.292401 0
0.277715 -0.282952 0
0.298762 -0.32617 0
0.332695 -0.316466 0
0.299783 -0.292513 0
0.216588 -0.422842 0
0.183053 -0.446487 0
0.205315 -0.480102 0
0.245756 -0.399534 0
0.216964 -0.422551 0
0.254919 -0.440088 0
0.245595 -0.399354 0
0.207043 -0.386585 0
0.216803 -0.422372 0
0.275024 -0.372118 0
0.246054 -0.399267 0
0.286024 -0.410758 0
0.33834 -0.415464 0
0.317116 -0.381595 0
0.286475 -0.410845 0
0.267871 -0.344465 0
0.237947 -0.361744 0
0.274936 -0.371771 0
0.21649 -0.422599 0
0.17583 -0.407636 0
0.182954 -0.446244 0
0.237646 -0.361975 0
0.207113 -0.386382 0
0.245664 -0.399152 0
0.237487 -0.361822 0
0.198423 -0.353368 0
0.206954 -0.386228 0
0.342789 -0.259617 0
0.300771 -0.260485 0
0.299825 -0.292104 0
0.1454 -0.470991 0
0.104815 -0.435175 0
0.104597 -0.476438 0
0.17558 -0.407656 0
0.141957 -0.428628 0
0.182703 -0.446265 0
0.175433 -0.407469 0
0.138761 -0.390351 0
0.141809 -0.428441 0
0.213608 -0.528551 0
0.157033 -0.570041 0
0.223239 -0.580734 0
0.304964 -0.233319 0
0.300739 -0.260186 0
0.327834 -0.229131 0
0.308904 -0.207151 0
0.304992 -0.233141 0
0.32786 -0.228953 0
0.30869 -0.207021 0
0.28405 -0.196946 0
0.284881 -0.226065 0
0.229568 -0.224525 0
0.214755 -0.238894 0
0.23503 -0.250772 0
0.202217 -0.281179 0
0.184459 -0.294496 0
0.190802 -0.322414 0
0.22435 -0.295498 0
0.20235 -0.281183 0
0.190937 -0.322417 0
0.235114 -0.25102 0
0.219388 -0.26607 0
0.249522 -0.271506 0
0.250764 -0.235876 0
0.235219 -0.250918 0
0.249628 -0.271404 0
0.250696 -0.235719 0
0.229688 -0.224515 0
0.235152 -0.250761 0
0.234997 -0.250911 0
0.21472 -0.239034 0
0.219272 -0.265961 0
0.197291 -0.254474 0
0.179088 -0.268317 0
0.202219 -0.280865 0
0.184419 -0.294315 0
0.202177 -0.280998 0
0.179043 -0.268451 0
0.881666 -1.05762 0
0.886939 -0.95535 0
0.789301 -1.05239 0
0.839255 -0.709614 0
0.821065 -0.80494 0
0.898511 -0.747793 0
0.788696 -1.05201 0
0.826554 -0.917302 0
0.761323 -0.982137 0
0.887103 -0.954208 0
0.892669 -0.851919 0
0.827323 -0.916539 0
0.826975 -0.917211 0
0.789116 -1.05192 0
0.886756 -0.954879 0
0.892448 -0.851421 0
0.821003 -0.805977 0
0.8271 -0.916042 0
0.695874 -1.04752 0
0.788258 -1.05245 0
0.760884 -0.982574 0
0.663593 -0.922367 0
0.577554 -0.904882 0
0.601857 -1.04227 0
0.742245 -0.86424 0
0.664677 -0.922027 0
0.760626 -0.981524 0
0.7418 -0.863707 0
0.627333 -0.823259 0
0.664228 -0.921497 0
0.904945 -0.643648 0
0.84129 -0.609911 0
0.839345 -0.708613 0
0.663678 -0.921632 0
0.626781 -0.823397 0
0.577639 -0.904148 0
0.8264 -0.916671 0
0.742788 -0.864221 0
0.761168 -0.981507 0
0.820075 -0.805466 0
0.698943 -0.752328 0
0.742559 -0.863083 0
0.741913 -0.863139 0
0.698297 -0.752389 0
0.627449 -0.822692 0
0.89869 -0.748268 0
0.821245 -0.805413 0
0.892688 -0.850859 0
0.769786 -0.681271 0
0.699036 -0.751719 0
0.820165 -0.804856 0
0.838825 -0.70939 0
0.770254 -0.681128 0
0.820633 -0.804717 0
0.905138 -0.644112 0
0.839538 -0.709073 0
0.898793 -0.747255 0
0.840839 -0.610036 0
0.770324 -0.680475 0
0.838893 -0.708736 0
0.911639 -0.539153 0
0.841534 -0.609341 0
0.905187 -0.643082 0
0.741245 -0.590367 0
0.765056 -0.457783 0
0.694098 -0.53128 0
0.741719 -0.590248 0
0.834837 -0.495525 0
0.765528 -0.45766 0
0.630292 -0.479167 0
0.69348 -0.530831 0
0.69162 -0.434941 0
0.623692 -0.61819 0
0.628664 -0.556559 0
0.573166 -0.586003 0
0.569958 -0.667952 0
0.623496 -0.618564 0
0.572968 -0.586377 0
0.678637 -0.653318 0
0.693417 -0.532029 0
0.624262 -0.618334 0
0.698086 -0.751372 0
0.678663 -0.654417 0
0.627548 -0.727561 0
0.740956 -0.591021 0
0.693807 -0.531936 0
0.679029 -0.653227 0
0.761936 -0.371523 0
0.765599 -0.456609 0
0.835734 -0.399714 0
0.688989 -0.265686 0
0.694122 -0.345644 0
0.764097 -0.271893 0
0.692299 -0.434332 0
0.765117 -0.456724 0
0.761456 -0.371642 0
0.533097 -0.350424 0
0.574739 -0.382147 0
0.576276 -0.304522 0
0.526115 -0.286532 0
0.532934 -0.350104 0
0.576111 -0.3042 0
0.487054 -0.329001 0
0.44611 -0.309577 0
0.442899 -0.361306 0
0.52582 -0.286616 0
0.487621 -0.328887 0
0.532636 -0.350186 0
0.410329 -0.345063 0
0.37837 -0.321838 0
0.368972 -0.363567 0
0.414599 -0.401297 0
0.410451 -0.34533 0
0.369093 -0.363834 0
0.442642 -0.361359 0
0.445855 -0.309631 0
0.410801 -0.345015 0
0.74175 -0.591368 0
0.769998 -0.680082 0
0.840514 -0.609638 0
0.835089 -0.496036 0
0.741971 -0.590751 0
0.840732 -0.609022 0
0.693251 -0.531703 0
0.629067 -0.556376 0
0.624096 -0.61801 0
0.692071 -0.434866 0
0.693933 -0.530759 0
0.764891 -0.457258 0
0.630081 -0.479572 0
0.629087 -0.555912 0
0.69327 -0.531236 0
0.911406 -0.538655 0
0.835656 -0.495858 0
0.841301 -0.608849 0
0.911663 -0.538068 0
0.917883 -0.433199 0
0.835915 -0.495266 0
0.632156 -0.323642 0
0.630183 -0.241415 0
0.576792 -0.303961 0
0.836785 -0.39948 0
0.917924 -0.432168 0
0.923481 -0.326287 0
0.769457 -0.680228 0
0.741209 -0.591519 0
0.679283 -0.653722 0
0.57507 -0.382858 0
0.57797 -0.460227 0
0.630369 -0.407253 0
0.627373 -0.728123 0
0.627063 -0.822241 0
0.697914 -0.751936 0
0.42515 -0.682984 0
0.46471 -0.629726 0
0.399924 -0.607973 0
0.572615 -0.586365 0
0.518169 -0.614973 0
0.569604 -0.667939 0
0.626934 -0.727165 0
0.623676 -0.619037 0
0.570139 -0.668423 0
0.628437 -0.556241 0
0.555897 -0.52374 0
0.572938 -0.585686 0
0.555449 -0.523116 0
0.577435 -0.460986 0
0.489827 -0.494042 0
0.572568 -0.585882 0
0.555526 -0.523937 0
0.518122 -0.614492 0
0.628627 -0.555885 0
0.629622 -0.479548 0
0.556088 -0.523384 0
0.698562 -0.751216 0
0.769314 -0.680764 0
0.679139 -0.654258 0
0.629452 -0.479228 0
0.577902 -0.460935 0
0.555918 -0.523067 0
0.397323 -0.797325 0
0.330765 -0.789892 0
0.355102 -0.863432 0
0.453454 -0.767702 0
0.37834 -0.744084 0
0.397811 -0.796852 0
0.626563 -0.727496 0
0.569766 -0.668756 0
0.512443 -0.718038 0
0.464862 -0.629335 0
0.47033 -0.566738 0
0.400077 -0.607584 0
0.45399 -0.767238 0
0.511383 -0.718222 0
0.425487 -0.683812 0
0.517479 -0.614779 0
0.470723 -0.566761 0
0.465256 -0.62936 0
0.353862 -0.665372 0
0.308782 -0.721825 0
0.377709 -0.743491 0
0.923211 -0.325847 0
0.83767 -0.302567 0
0.836517 -0.399049 0
0.134208 -0.294634 0
0.156983 -0.282232 0
0.134325 -0.268429 0
0.197244 -0.254223 0
0.193233 -0.229575 0
0.17476 -0.243935 0
0.230813 -0.32744 0
0.237799 -0.361595 0
0.267723 -0.344317 0
0.25421 -0.30527 0
0.230869 -0.32725 0
0.267777 -0.344128 0
0.298393 -0.326306 0
0.254435 -0.305268 0
0.268004 -0.344125 0
0.275139 -0.371653 0
0.298464 -0.326528 0
0.268074 -0.344347 0
0.332844 -0.316243 0
0.342897 -0.259804 0
0.299932 -0.292291 0
0.249605 -0.271783 0
0.224719 -0.295408 0
0.254128 -0.304922 0
0.224444 -0.295652 0
0.191031 -0.32257 0
0.230513 -0.327146 0
0.202445 -0.280994 0
0.224443 -0.29531 0
0.219195 -0.26625 0
0.190942 -0.322763 0
0.198346 -0.35304 0
0.230426 -0.327339 0
0.214508 -0.238924 0
0.193369 -0.229557 0
0.197379 -0.254204 0
0.17457 -0.244072 0
0.155031 -0.256929 0
0.17885 -0.268204 0
0.160218 -0.309637 0
0.134221 -0.294909 0
0.134984 -0.323542 0
0.483878 -0.964706 0
0.413656 -1.03439 0
0.507283 -1.03856 0
0.602254 -1.04275 0
0.694928 -1.04728 0
0.663985 -0.922845 0
0.294313 -0.938161 0
0.223101 -1.02559 0
0.31763 -1.03 0
0.354944 -0.864409 0
0.294984 -0.937327 0
0.386069 -0.941749 0
0.483941 -0.963598 0
0.49896 -0.890175 0
0.441047 -0.851598 0
0.330351 -0.79008 0
0.274171 -0.853238 0
0.354689 -0.86362 0
0.206705 -0.928568 0
0.193465 -0.842038 0
0.115823 -0.92745 0
0.127002 -1.02063 0
0.206482 -0.929168 0
0.1156 -0.928049 0
0.22273 -1.02525 0
0.293945 -0.937823 0
0.207399 -0.929216 0
0.35457 -0.864114 0
0.274051 -0.853731 0
0.294607 -0.937031 0
0.330135 -0.789353 0
0.308294 -0.722351 0
0.255765 -0.776965 0
0.577213 -0.903722 0
0.626358 -0.82297 0
0.537196 -0.794362 0
0.308017 -0.722062 0
0.247554 -0.702959 0
0.255487 -0.776674 0
0.820502 -0.806019 0
0.742989 -0.863632 0
0.826599 -0.916083 0
0.555092 -0.523469 0
0.489468 -0.494394 0
0.470932 -0.566006 0
0.630553 -0.407576 0
0.578153 -0.460548 0
0.629702 -0.478841 0
0.525677 -0.420139 0
0.489727 -0.493697 0
0.577334 -0.46064 0
0.532927 -0.35081 0
0.525813 -0.4194 0
0.57457 -0.382533 0
0.532522 -0.35054 0
0.487506 -0.32924 0
0.491762 -0.391898 0
0.577029 -0.905273 0
0.50822 -1.03839 0
0.601338 -1.04266 0
0.3974 -0.796925 0
0.377928 -0.744157 0
0.330842 -0.789493 0
0.440281 -0.850955 0
0.39769 -0.79753 0
0.35547 -0.863638 0
0.386555 -0.941461 0
0.440242 -0.851439 0
0.355433 -0.86412 0
0.499136 -0.889607 0
0.536315 -0.794411 0
0.441225 -0.851032 0
0.441073 -0.850624 0
0.536166 -0.794003 0
0.454126 -0.768049 0
0.484426 -0.964272 0
0.507826 -1.03813 0
0.576639 -0.90501 0
0.536769 -0.794588 0
0.499591 -0.889785 0
0.576789 -0.903945 0
0.386894 -0.942407 0
0.41325 -1.03407 0
0.483476 -0.964384 0
0.0717291 -0.485862 0
0.104232 -0.476521 0
0.0693915 -0.445346 0
0.0306934 -0.462231 0
0.0714821 -0.485814 0
0.0691453 -0.445298 0
0.0449692 -0.505157 0
0.0665381 -0.540082 0
0.0715209 -0.486274 0
0.0273589 -0.558181 0
0.0446408 -0.505294 0
0.0126471 -0.509148 0
0.104645 -0.522476 0
0.10435 -0.47678 0
0.0718478 -0.48612 0
0.0276137 -0.558582 0
0.0665171 -0.593977 0
0.066464 -0.540621 0
0.150446 -0.517947 0
0.145553 -0.471422 0
0.105047 -0.522565 0
0.206809 -0.386612 0
0.175911 -0.407436 0
0.216569 -0.422399 0
0.206652 -0.386443 0
0.169725 -0.372072 0
0.175753 -0.407267 0
0.230582 -0.327469 0
0.198503 -0.353171 0
0.237566 -0.361625 0
0.190722 -0.322803 0
0.164715 -0.339411 0
0.198125 -0.353081 0
0.277468 -0.282621 0
0.27437 -0.247864 0
0.249849 -0.27155 0
0.134058 -0.29462 0
0.134175 -0.268415 0
0.11291 -0.278032 0
0.0907781 -0.286026 0
0.113183 -0.303777 0
0.112694 -0.278121 0
0.1573 -0.28223 0
0.184268 -0.29432 0
0.178894 -0.268455 0
0.113405 -0.303958 0
0.134825 -0.323523 0
0.134065 -0.294891 0
0.164588 -0.339266 0
0.190596 -0.322658 0
0.160504 -0.309782 0
0.24976 -0.271393 0
0.274281 -0.247707 0
0.250894 -0.235866 0
0.224602 -0.295278 0
0.249488 -0.271654 0
0.219352 -0.266219 0
0.224654 -0.295594 0
0.230725 -0.327088 0
0.254065 -0.305107 0
0.254306 -0.30488 0
0.277401 -0.282812 0
0.24978 -0.271742 0
0.283995 -0.196626 0
0.300508 -0.172416 0
0.276579 -0.165311 0
0.284738 -0.226107 0
0.283908 -0.196987 0
0.266353 -0.219424 0
0.308743 -0.206841 0
0.300617 -0.172555 0
0.284103 -0.196766 0
0.28495 -0.226187 0
0.304848 -0.233132 0
0.308761 -0.207141 0
0.274449 -0.247501 0
0.284706 -0.226276 0
0.26632 -0.219594 0
0.274579 -0.247547 0
0.304733 -0.233268 0
0.284835 -0.226322 0
0.327937 -0.228774 0
0.327542 -0.180033 0
0.30898 -0.206973 0
0.157049 -0.282106 0
0.154823 -0.257055 0
0.134393 -0.268304 0
0.16029 -0.309499 0
0.15707 -0.282369 0
0.134297 -0.294771 0
0.160459 -0.309498 0
0.184207 -0.294457 0
0.157236 -0.282368 0
0.138527 -0.390317 0
0.105619 -0.397249 0
0.141574 -0.428406 0
0.386339 -0.942628 0
0.318572 -1.03005 0
0.412698 -1.03429 0
0.198196 -0.353402 0
0.169802 -0.371891 0
0.206727 -0.386262 0
0.1572 -0.282105 0
0.178795 -0.268331 0
0.154974 -0.257055 0
0.138855 -0.390162 0
0.175525 -0.40728 0
0.169498 -0.372084 0
0.136498 -0.355492 0
0.138724 -0.389988 0
0.169368 -0.37191 0
0.105505 -0.397399 0
0.104806 -0.434768 0
0.141462 -0.428555 0
0.114606 -0.332299 0
0.0887651 -0.31143 0
0.087568 -0.338971 0
0.11469 -0.332183 0
0.113187 -0.304042 0
0.0888527 -0.311313 0
0.114846 -0.332224 0
0.134762 -0.323648 0
0.113339 -0.304083 0
0.106513 -0.362831 0
0.114666 -0.332472 0
0.0876279 -0.339143 0
0.066902 -0.3745 0
0.106354 -0.362972 0
0.0874663 -0.339285 0
0.105502 -0.397031 0
0.13841 -0.390098 0
0.106652 -0.363218 0
0.136585 -0.355323 0
0.169453 -0.371741 0
0.164438 -0.339582 0
0.106677 -0.362886 0
0.136209 -0.35527 0
0.114827 -0.332526 0
0.106757 -0.363078 0
0.138512 -0.389959 0
0.136288 -0.355463 0
0.164401 -0.339269 0
0.160319 -0.309786 0
0.135085 -0.32369 0
0.133991 -0.294739 0
0.112842 -0.27815 0
0.11333 -0.303806 0
0.0905456 -0.286097 0
0.068092 -0.292257 0
0.0886175 -0.31112 0
0.29486 -0.937881 0
0.318175 -1.02973 0
0.385946 -0.942305 0
0.193127 -0.841754 0
0.105669 -0.843731 0
0.115483 -0.927165 0
0.255192 -0.777575 0
0.194156 -0.841285 0
0.273382 -0.853121 0
0.181933 -0.76324 0
0.105892 -0.843182 0
0.19335 -0.841203 0
0.254888 -0.777273 0
0.182435 -0.763019 0
0.193849 -0.840982 0
0.33002 -0.789791 0
0.255649 -0.777402 0
0.273837 -0.852949 0
0.247132 -0.703095 0
0.182614 -0.762557 0
0.255067 -0.77681 0
0.135483 -0.728925 0
0.0972978 -0.767353 0
0.181713 -0.762611 0
0.172159 -0.692133 0
0.135734 -0.728672 0
0.181963 -0.762358 0
0.171852 -0.691921 0
0.09016 -0.699124 0
0.135426 -0.72846 0
0.0152718 -0.325012 0
0.0409248 -0.322846 0
0.0215499 -0.299401 0
-0.0018108 -0.300083 0
0.0151269 -0.324935 0
0.021404 -0.299325 0
0.0153283 -0.325188 0
0.0378053 -0.35205 0
0.0409793 -0.323023 0
0.0873225 -0.339036 0
0.0633568 -0.319121 0
0.0664783 -0.344344 0
0.160571 -0.309632 0
0.190661 -0.322509 0
0.184319 -0.294592 0
0.114923 -0.332395 0
0.136302 -0.355139 0
0.134839 -0.323819 0
0.16966 -0.371734 0
0.198055 -0.353245 0
0.164643 -0.339576 0
0.113106 -0.303888 0
0.0906992 -0.286136 0
0.0887705 -0.311159 0
0.0678535 -0.292317 0
0.0450024 -0.296695 0
0.0632172 -0.318806 0
-0.0123615 -0.35447 0
-0.0372245 -0.384886 0
0.00276421 -0.386163 0
-0.0072373 -0.325738 0
-0.0122397 -0.354164 0
0.00893994 -0.353878 0
-0.0410932 -0.352795 0
-0.0373731 -0.384774 0
-0.0125077 -0.354358 0
-0.00737745 -0.32564 0
-0.0331155 -0.324326 0
-0.012381 -0.354064 0
-0.0622332 -0.34975 0
-0.0692647 -0.381423 0
-0.0413667 -0.352769 0
0.207232 -0.928321 0
0.273221 -0.853628 0
0.193994 -0.84179 0
-0.0450152 -0.461172 0
-0.0767353 -0.417771 0
-0.101252 -0.453544 0
0.0326694 -0.421263 0
0.0674127 -0.408051 0
0.0351257 -0.38515 0
-0.00930088 -0.462576 0
0.0301812 -0.462077 0
-0.00311575 -0.422612 0
0.0691388 -0.444902 0
0.067526 -0.408252 0
0.0327845 -0.421464 0
0.0305622 -0.462016 0
0.0690158 -0.445083 0
0.0326593 -0.421644 0
0.0124754 -0.508686 0
0.0302331 -0.462367 0
-0.00924835 -0.462865 0
0.0448482 -0.504897 0
0.0714014 -0.486013 0
0.0306109 -0.462431 0
0.104342 -0.476351 0
0.104561 -0.435088 0
0.0695027 -0.445176 0
0.0411614 -0.322817 0
0.0631307 -0.318909 0
0.0449143 -0.296797 0
0.00918156 -0.35387 0
0.0377003 -0.352153 0
0.01522 -0.325292 0
0.0663231 -0.34429 0
0.063203 -0.319068 0
0.0412356 -0.322976 0
0.037977 -0.352115 0
0.0662399 -0.344401 0
0.0411494 -0.323087 0
0.0030763 -0.386163 0
0.0348329 -0.384852 0
0.00913052 -0.354183 0
0.066602 -0.374481 0
0.0663245 -0.344574 0
0.0380634 -0.352287 0
0.00315517 -0.386387 0
0.0324531 -0.42119 0
0.0349106 -0.385078 0
0.105262 -0.396979 0
0.106414 -0.363166 0
0.0669623 -0.374693 0
0.0873954 -0.338926 0
0.0885947 -0.311386 0
0.0634326 -0.319011 0
0.0667666 -0.374438 0
0.0873336 -0.339223 0
0.0664897 -0.34453 0
0.135004 -0.323843 0
0.136469 -0.355163 0
0.164322 -0.339421 0
-0.0412561 -0.420843 0
-0.0375878 -0.385212 0
-0.0765094 -0.417408 0
0.0126571 -0.508827 0
0.0446513 -0.504973 0
0.0304128 -0.462508 0
-0.00714425 -0.325641 0
0.0090302 -0.353781 0
0.0150702 -0.325204 0
-0.00190534 -0.30017 0
-0.00718277 -0.325461 0
0.0150336 -0.325023 0
-0.0332302 -0.324416 0
-0.0410796 -0.352593 0
-0.0124925 -0.354155 0
-0.025334 -0.299106 0
-0.0331611 -0.324142 0
-0.00742073 -0.325455 0
-0.0553957 -0.321375 0
-0.0621616 -0.349454 0
-0.033444 -0.324296 0
0.0351407 -0.384808 0
0.0664986 -0.374616 0
0.0379572 -0.352422 0
-0.00306655 -0.422221 0
0.032327 -0.421315 0
0.00302627 -0.386512 0
0.0675254 -0.407896 0
0.0665971 -0.374803 0
0.0352409 -0.384994 0
-0.00297442 -0.422474 0
0.03032 -0.46194 0
0.0324181 -0.421568 0
0.104558 -0.4347 0
0.105259 -0.39733 0
0.0678876 -0.408137 0
-0.0252311 -0.299025 0
-0.0073191 -0.325373 0
-0.00204295 -0.300083 0
0.0349478 -0.384739 0
0.0377658 -0.352353 0
0.00924847 -0.354069 0
0.0410207 -0.322751 0
0.0447728 -0.296731 0
0.0216475 -0.299307 0
-0.0579732 -0.914251 0
-0.149651 -0.909933 0
-0.0655439 -1.01136 0
0.0302018 -1.01622 0
-0.0573701 -0.914607 0
-0.0649403 -1.01172 0
0.0313379 -0.916431 0
0.0325791 -0.82825 0
-0.0496563 -0.826467 0
-0.0757177 -0.554098 0
-0.0544579 -0.613006 0
-0.0370922 -0.558308 0
-0.156331 -0.572094 0
-0.0975809 -0.611353 0
-0.115127 -0.550047 0
-0.180369 -0.513426 0
-0.156705 -0.571675 0
-0.143667 -0.522753 0
-0.131415 -0.478374 0
-0.180284 -0.513114 0
-0.143582 -0.52244 0
-0.217761 -0.504116 0
-0.244628 -0.547306 0
-0.180911 -0.513283 0
-0.181818 -0.622825 0
-0.0978034 -0.611597 0
-0.156556 -0.572338 0
0.10726 -0.630989 0
0.0900644 -0.698797 0
0.171757 -0.691594 0
0.156513 -0.570519 0
0.107492 -0.630327 0
0.174413 -0.621957 0
0.0665165 -0.594545 0
0.0267233 -0.615387 0
0.0671244 -0.653873 0
0.105495 -0.574149 0
0.0669139 -0.594328 0
0.106961 -0.630246 0
0.10536 -0.573849 0
0.0667246 -0.540672 0
0.0667782 -0.594028 0
-0.0063099 -0.586206 0
-0.0541484 -0.613402 0
-0.0144242 -0.644689 0
0.0272364 -0.558804 0
-0.00590058 -0.585924 0
0.0263469 -0.61504 0
-0.0368597 -0.558415 0
-0.0542245 -0.613113 0
-0.00638432 -0.585916 0
0.0123738 -0.509325 0
-0.0365245 -0.557975 0
0.0270879 -0.558357 0
-0.0768253 -0.505532 0
-0.108079 -0.499188 0
-0.114897 -0.549449 0
-0.076052 -0.55371 0
-0.0767188 -0.505715 0
-0.114788 -0.549632 0
-0.097313 -0.611293 0
-0.0761213 -0.554065 0
-0.114857 -0.549986 0
-0.0370175 -0.557956 0
-0.0321969 -0.508108 0
-0.075643 -0.553746 0
-0.032224 -0.507623 0
-0.0447854 -0.461646 0
-0.0763372 -0.505266 0
0.0262844 -0.679009 0
0.0347244 -0.747868 0
0.0893358 -0.699145 0
-0.0140467 -0.645005 0
0.0259102 -0.678386 0
0.0263152 -0.615638 0
-0.0571448 -0.676739 0
-0.0596808 -0.746515 0
-0.0160641 -0.711828 0
0.0674709 -0.654273 0
0.0897138 -0.698671 0
0.10691 -0.630863 0
0.0667852 -0.594596 0
0.0673934 -0.653924 0
0.106834 -0.630514 0
0.0263942 -0.678695 0
0.0894448 -0.698832 0
0.0672007 -0.654434 0
-0.0500944 -0.825761 0
-0.00705227 -0.786133 0
-0.0596269 -0.747261 0
0.0966527 -0.767205 0
0.0895709 -0.699441 0
0.0349616 -0.748164 0
0.0318559 -0.91649 0
0.104854 -0.84365 0
0.0330975 -0.828308 0
0.105568 -0.842935 0
0.181612 -0.762994 0
0.0971968 -0.767735 0
0.105766 -0.573536 0
0.150312 -0.51829 0
0.104913 -0.522908 0
0.10594 -0.573694 0
0.156428 -0.569983 0
0.150484 -0.518448 0
0.0668526 -0.540433 0
0.105487 -0.57361 0
0.104633 -0.522982 0
0.0717203 -0.486333 0
0.0667384 -0.540141 0
0.10452 -0.522689 0
0.0274789 -0.558832 0
0.0265896 -0.615068 0
0.0663842 -0.594226 0
0.0265871 -0.615668 0
0.0261821 -0.678416 0
0.0669899 -0.654154 0
0.1748 -0.621792 0
0.223109 -0.581047 0
0.156902 -0.570354 0
0.172039 -0.691337 0
0.174465 -0.622362 0
0.107544 -0.630732 0
0.0969885 -0.76714 0
0.135175 -0.728712 0
0.0899076 -0.699376 0
0.247031 -0.702397 0
0.234435 -0.639129 0
0.172708 -0.691633 0
0.247418 -0.702292 0
0.288243 -0.6602 0
0.234823 -0.639023 0
-0.260316 -0.604676 0
-0.245178 -0.547803 0
-0.302944 -0.561271 0
-0.069299 -0.381757 0
-0.0766047 -0.417277 0
-0.0376805 -0.385081 0
-0.025496 -0.299091 0
-0.0552741 -0.321206 0
-0.0333218 -0.324127 0
-0.0574542 -0.676614 0
-0.108319 -0.674569 0
-0.0599908 -0.746389 0
-0.0757762 -0.553571 0
-0.032328 -0.507932 0
-0.076441 -0.505575 0
-0.00945783 -0.463017 0
-0.0318097 -0.50764 0
0.0122685 -0.508837 0
-0.0767799 -0.505211 0
-0.101464 -0.453962 0
-0.108033 -0.498868 0
-0.00964751 -0.462858 0
-0.0445603 -0.461504 0
-0.0320015 -0.507481 0
-0.040917 -0.421118 0
-0.00954009 -0.462438 0
-0.00335343 -0.422475 0
-0.181985 -0.623408 0
-0.195181 -0.684153 0
-0.109187 -0.674182 0
-0.180901 -0.513551 0
-0.244616 -0.547574 0
-0.214329 -0.583872 0
-0.318995 -0.47553 0
-0.284324 -0.509565 0
-0.26695 -0.463569 0
-0.323472 -0.617274 0
-0.260578 -0.604908 0
-0.303207 -0.561504 0
-0.42392 -0.682314 0
-0.346379 -0.67959 0
-0.397851 -0.620798 0
-0.424163 -0.682991 0
-0.452223 -0.750238 0
-0.364294 -0.752487 0
-0.245257 -0.547486 0
-0.284198 -0.510131 0
-0.303025 -0.560954 0
-0.15694 -0.57188 0
-0.180607 -0.513632 0
-0.214035 -0.583953 0
-0.218107 -0.504105 0
-0.283912 -0.50994 0
-0.244973 -0.547295 0
-0.0412804 -0.421098 0
-0.0765328 -0.417662 0
-0.0448156 -0.461063 0
-0.0445909 -0.461215 0
-0.00967724 -0.462568 0
-0.0410567 -0.421248 0
-0.018551 -0.403046 0
0.00274384 -0.386327 0
-0.0372441 -0.385048 0
-0.00338291 -0.422276 0
-0.0185842 -0.403286 0
-0.0409473 -0.42092 0
-0.00323736 -0.42216 0
0.00285621 -0.386452 0
-0.0184371 -0.403171 0
-0.0486112 -0.296128 0
-0.0553278 -0.321112 0
-0.0255487 -0.298997 0
-0.0801116 -0.314504 0
-0.0555081 -0.321164 0
-0.0487927 -0.296179 0
-0.0122052 -0.354366 0
0.00291746 -0.38606 0
0.00897334 -0.354081 0
-0.0691807 -0.381541 0
-0.0375617 -0.384865 0
-0.0412849 -0.352886 0
-0.0410627 -0.420796 0
-0.0186981 -0.403162 0
-0.0373927 -0.385164 0
-0.101653 -0.308007 0
-0.0718108 -0.291363 0
-0.0941115 -0.284946 0
-0.0412463 -0.352577 0
-0.0333979 -0.324401 0
-0.062113 -0.349559 0
-0.0488479 -0.296079 0
-0.0715878 -0.291422 0
-0.0801678 -0.314404 0
0.0313071 -0.917353 0
-0.0570458 -0.91429 0
0.0305236 -1.01591 0
0.126415 -1.02093 0
0.115011 -0.928341 0
0.0314176 -1.0163 0
-0.0987556 -0.369749 0
-0.108771 -0.401803 0
-0.0696103 -0.381654 0
-0.0942917 -0.284975 0
-0.125934 -0.299965 0
-0.101833 -0.308036 0
-0.108804 -0.402202 0
-0.101467 -0.453346 0
-0.0769488 -0.417573 0
-0.173909 -0.424968 0
-0.137015 -0.432299 0
-0.14504 -0.389052 0
-0.173967 -0.425227 0
-0.162449 -0.466135 0
-0.137073 -0.432558 0
-0.236424 -0.431552 0
-0.203552 -0.457821 0
-0.205527 -0.407656 0
-0.108697 -0.401963 0
-0.0768416 -0.417333 0
-0.0695382 -0.381814 0
-0.144694 -0.388766 0
-0.109022 -0.401827 0
-0.0990087 -0.369774 0
-0.136653 -0.432438 0
-0.101666 -0.453395 0
-0.109006 -0.402252 0
-0.162306 -0.466312 0
-0.131331 -0.477917 0
-0.136931 -0.432735 0
-0.101251 -0.453836 0
-0.0765696 -0.505086 0
-0.0450155 -0.461465 0
-0.131033 -0.478097 0
-0.108216 -0.498777 0
-0.101646 -0.453872 0
-0.136727 -0.432692 0
-0.131129 -0.477875 0
-0.10174 -0.45365 0
-0.162451 -0.466581 0
-0.180349 -0.512926 0
-0.131477 -0.478186 0
-0.0759203 -0.554277 0
-0.0971101 -0.611505 0
-0.0546582 -0.613184 0
-0.143286 -0.522632 0
-0.115119 -0.549506 0
-0.108302 -0.499246 0
-0.143448 -0.522875 0
-0.156486 -0.571797 0
-0.11528 -0.54975 0
0.156283 -0.570358 0
0.105795 -0.574069 0
0.10726 -0.630166 0
-0.0319012 -0.507958 0
-0.0367237 -0.557807 0
0.0121769 -0.509155 0
-0.0158965 -0.712194 0
-0.0595114 -0.74688 0
-0.00693818 -0.785752 0
0.0259323 -0.679051 0
-0.0154717 -0.71184 0
0.0343731 -0.747911 0
0.0257701 -0.678707 0
-0.0141882 -0.645326 0
-0.0156356 -0.711496 0
-0.0144661 -0.645319 0
-0.0569923 -0.6764 0
-0.0159132 -0.711488 0
-0.00604023 -0.586212 0
-0.0141547 -0.644695 0
0.0262088 -0.615328 0
-0.0543197 -0.613704 0
-0.0571221 -0.676072 0
-0.014594 -0.64499 0
0.0270266 -0.558613 0
-0.0365858 -0.558232 0
-0.00611173 -0.585733 0
-0.0970475 -0.611913 0
-0.0573992 -0.675961 0
-0.0545962 -0.613593 0
-0.108983 -0.674588 0
-0.194975 -0.684557 0
-0.120926 -0.743945 0
-0.0972293 -0.612117 0
-0.108444 -0.674119 0
-0.0575788 -0.676163 0
-0.0976446 -0.611938 0
-0.181656 -0.623165 0
-0.108861 -0.673941 0
-0.120474 -0.744153 0
-0.0602011 -0.746616 0
-0.108532 -0.674796 0
-0.201912 -0.754647 0
-0.121236 -0.744213 0
-0.195289 -0.684826 0
-0.238663 -0.912543 0
-0.330582 -0.906363 0
-0.258291 -1.00335 0
-0.287481 -0.744157 0
-0.308266 -0.820424 0
-0.220167 -0.829234 0
-0.24047 -0.713457 0
-0.287194 -0.74355 0
-0.202617 -0.75474 0
-0.195688 -0.684723 0
-0.240163 -0.713259 0
-0.202312 -0.754544 0
-0.195774 -0.684357 0
-0.22818 -0.64561 0
-0.24025 -0.712894 0
-0.276956 -0.669017 0
-0.34552 -0.679955 0
-0.287795 -0.743152 0
-0.363706 -0.753203 0
-0.390975 -0.826461 0
-0.309091 -0.820445 0
-0.149899 -0.909299 0
-0.0582196 -0.913615 0
-0.139173 -0.822288 0
-0.139082 -0.821181 0
-0.0603039 -0.747107 0
-0.120576 -0.744645 0
-0.331516 -0.90634 0
-0.420419 -0.908461 0
-0.355199 -1.00005 0
-0.308984 -0.820956 0
-0.390865 -0.826971 0
-0.331263 -0.905468 0
-0.240718 -0.713169 0
-0.276605 -0.669128 0
-0.287444 -0.743264 0
-0.346267 -0.680032 0
-0.423806 -0.682755 0
-0.36394 -0.752252 0
-0.288084 -0.743431 0
-0.345812 -0.680235 0
-0.363484 -0.752456 0
-0.324073 -0.617721 0
-0.397515 -0.620581 0
-0.346046 -0.679374 0
-0.4525 -0.750971 0
-0.47922 -0.828159 0
-0.39184 -0.826479 0
-0.161207 -1.00748 0
-0.065889 -1.01168 0
-0.149999 -0.910246 0
0.0330784 -0.827492 0
0.0964633 -0.767635 0
0.0347714 -0.748594 0
-0.138838 -0.822009 0
-0.0578876 -0.913338 0
-0.0505287 -0.826436 0
0.294115 -0.937247 0
0.273556 -0.853948 0
0.20757 -0.928642 0
0.0333156 -0.82781 0
0.105072 -0.843152 0
0.0966982 -0.767952 0
0.206838 -0.929495 0
0.12736 -1.02096 0
0.222172 -1.02553 0
0.0321319 -0.916822 0
0.114944 -0.927416 0
0.105128 -0.843983 0
0.0318834 -0.917399 0
0.0310992 -1.01595 0
0.114695 -0.927994 0
0.0633653 -0.318855 0
0.0885293 -0.31123 0
0.0680022 -0.292365 0
0.0677604 -0.407937 0
0.105133 -0.397128 0
0.066831 -0.374843 0
0.0693795 -0.444948 0
0.104439 -0.434859 0
0.0677659 -0.408297 0
0.0275401 -0.558285 0
0.0663917 -0.540323 0
0.0448206 -0.505399 0
0.145785 -0.47087 0
0.182604 -0.446477 0
0.141856 -0.42884 0
0.104892 -0.522427 0
0.1454 -0.471284 0
0.104597 -0.476731 0
0.150781 -0.517806 0
0.204972 -0.480503 0
0.145889 -0.471281 0
0.10494 -0.435015 0
0.145523 -0.470832 0
0.141596 -0.428802 0
0.214115 -0.528143 0
0.266288 -0.543222 0
0.265418 -0.485307 0
0.151009 -0.517997 0
0.213528 -0.528042 0
0.205198 -0.480693 0
0.150845 -0.518296 0
0.156789 -0.569831 0
0.213366 -0.528342 0
-0.0986676 -0.369438 0
-0.0624911 -0.349669 0
-0.0892421 -0.340703 0
-0.146148 -0.290324 0
-0.126155 -0.299878 0
-0.116259 -0.276743 0
-0.136795 -0.355837 0
-0.0989826 -0.369437 0
-0.109792 -0.334463 0
-0.089159 -0.340425 0
-0.0556425 -0.321313 0
-0.0802459 -0.314653 0
-0.0064608 -0.786143 0
0.0327335 -0.827554 0
0.0344256 -0.748656 0
-0.0155817 -0.712198 0
-0.00662376 -0.785756 0
0.0342645 -0.748269 0
-0.0497841 -0.826032 0
0.0324522 -0.827814 0
-0.0067434 -0.786403 0
-0.138846 -0.821453 0
-0.0505359 -0.825879 0
-0.0600701 -0.74738 0
-0.057317 -0.913656 0
0.0310376 -0.916718 0
-0.0499594 -0.826754 0
-0.177708 -0.379972 0
-0.174047 -0.424792 0
-0.145175 -0.388876 0
-0.180073 -0.302114 0
-0.202371 -0.286539 0
-0.216479 -0.312042 0
-0.166509 -0.346432 0
-0.156129 -0.317032 0
-0.192185 -0.329699 0
-0.168407 -0.277226 0
-0.1579 -0.255276 0
-0.189124 -0.263117 0
-0.156019 -0.316753 0
-0.14646 -0.290466 0
-0.179684 -0.302143 0
-0.137524 -0.266713 0
-0.157728 -0.255288 0
-0.168235 -0.277237 0
-0.236505 -0.431323 0
-0.205606 -0.407427 0
-0.227358 -0.389504 0
-0.266617 -0.463077 0
-0.23684 -0.431566 0
-0.266864 -0.406538 0
-0.203345 -0.457799 0
-0.174333 -0.425116 0
-0.205318 -0.407634 0
-0.266405 -0.46325 0
-0.203756 -0.458007 0
-0.236628 -0.431739 0
-0.203222 -0.458289 0
-0.180589 -0.512859 0
-0.162692 -0.466514 0
-0.156173 -0.316884 0
-0.179837 -0.302274 0
-0.19223 -0.329551 0
-0.136963 -0.326317 0
-0.155943 -0.317021 0
-0.166325 -0.346421 0
-0.177658 -0.379601 0
-0.137248 -0.355912 0
-0.166398 -0.346729 0
-0.101605 -0.308105 0
-0.0803426 -0.314445 0
-0.0717633 -0.291462 0
-0.136649 -0.326131 0
-0.101975 -0.308174 0
-0.126075 -0.300103 0
-0.109614 -0.334121 0
-0.0804689 -0.314588 0
-0.101731 -0.308249 0
-0.136923 -0.355692 0
-0.109919 -0.334319 0
-0.13671 -0.326405 0
-0.166261 -0.346551 0
-0.137111 -0.355733 0
-0.136901 -0.326446 0
-0.144789 -0.388612 0
-0.0991007 -0.36962 0
-0.136913 -0.356018 0
-0.0893389 -0.340469 0
-0.0804284 -0.314696 0
-0.109572 -0.334229 0
-0.146359 -0.290216 0
-0.137485 -0.266831 0
-0.168196 -0.277354 0
-0.126288 -0.300013 0
-0.146279 -0.290459 0
-0.155841 -0.316745 0
-0.136829 -0.326161 0
-0.126257 -0.300132 0
-0.155809 -0.316865 0
-0.0943407 -0.284869 0
-0.116087 -0.276725 0
-0.125983 -0.299859 0
-0.116298 -0.276631 0
-0.137312 -0.266828 0
-0.146186 -0.290213 0
-0.161784 -1.00714 0
-0.150575 -0.909914 0
-0.237736 -0.912566 0
-0.189155 -0.262999 0
-0.15793 -0.255158 0
-0.177174 -0.242195 0
-0.22653 -0.343855 0
-0.216784 -0.31232 0
-0.247032 -0.32787 0
-0.189272 -0.263222 0
-0.202242 -0.286293 0
-0.168556 -0.27733 0
-0.226348 -0.343861 0
-0.192587 -0.329675 0
-0.2166 -0.312326 0
-0.205746 -0.360255 0
-0.177886 -0.379615 0
-0.166628 -0.346744 0
-0.331635 -0.905759 0
-0.391241 -0.827264 0
-0.42054 -0.907883 0
-0.23846 -0.911677 0
-0.220004 -0.829797 0
-0.308101 -0.820985 0
-0.162141 -1.00746 0
-0.238098 -0.912882 0
-0.257725 -1.00369 0
-0.150768 -0.909319 0
-0.219476 -0.830094 0
-0.237931 -0.911974 0
-0.287125 -0.743937 0
-0.219814 -0.829016 0
-0.202549 -0.755128 0
-0.206647 -0.248975 0
-0.189317 -0.262979 0
-0.177337 -0.242175 0
-0.234527 -0.257624 0
-0.206952 -0.248929 0
-0.22314 -0.233615 0
-0.234514 -0.257755 0
-0.219099 -0.272569 0
-0.206938 -0.249059 0
-0.18004 -0.302258 0
-0.216445 -0.312187 0
-0.192432 -0.329535 0
-0.168525 -0.27746 0
-0.20221 -0.286423 0
-0.179911 -0.301998 0
-0.195542 -0.227621 0
-0.206669 -0.248856 0
-0.177358 -0.242055 0
-0.206786 -0.249077 0
-0.218949 -0.272587 0
-0.189456 -0.263081 0
-0.219174 -0.272869 0
-0.247133 -0.284537 0
-0.216757 -0.311938 0
-0.189442 -0.263206 0
-0.218934 -0.272712 0
-0.20241 -0.286277 0
-0.234648 -0.257873 0
-0.247194 -0.284355 0
-0.219234 -0.272688 0
-0.227985 -0.645309 0
-0.19558 -0.684057 0
-0.182384 -0.623312 0
-0.214279 -0.584564 0
-0.228049 -0.644975 0
-0.182446 -0.622978 0
-0.276406 -0.6688 0
-0.240521 -0.712842 0
-0.228451 -0.645557 0
-0.345641 -0.679536 0
-0.277075 -0.668596 0
-0.323669 -0.617882 0
-0.363359 -0.752925 0
-0.308747 -0.820168 0
-0.287961 -0.743902 0
-0.206821 -0.248828 0
-0.195694 -0.227593 0
-0.223011 -0.233514 0
-0.814937 -0.466944 0
-0.782011 -0.396825 0
-0.856055 -0.42368 0
-0.937789 -0.452855 0
-0.851541 -0.543941 0
-0.856698 -0.424124 0
-0.607062 -0.401623 0
-0.61546 -0.473711 0
-0.568206 -0.44977 0
-0.58529 -0.336517 0
-0.606917 -0.400936 0
-0.554682 -0.381331 0
-0.663952 -0.422698 0
-0.615781 -0.473619 0
-0.607384 -0.401533 0
-0.781274 -0.396569 0
-0.737253 -0.442721 0
-0.713665 -0.371672 0
-0.736771 -0.443227 0
-0.686308 -0.496524 0
-0.664621 -0.422915 0
-0.850821 -0.54432 0
-0.763797 -0.521604 0
-0.814858 -0.467765 0
-0.634856 -0.615637 0
-0.645265 -0.693627 0
-0.566582 -0.689579 0
-0.519673 -0.57778 0
-0.570936 -0.560421 0
-0.542067 -0.631315 0
-0.625413 -0.542388 0
-0.723305 -0.578911 0
-0.635313 -0.614762 0
-0.791598 -0.607611 0
-0.72429 -0.578819 0
-0.763296 -0.522186 0
-0.791489 -0.608199 0
-0.731042 -0.697413 0
-0.724182 -0.579407 0
-0.754407 -0.774943 0
-0.645204 -0.766176 0
-0.730653 -0.698597 0
-0.763417 -0.521265 0
-0.737531 -0.443459 0
-0.814478 -0.467427 0
-0.549856 -0.295635 0
-0.533635 -0.239399 0
-0.584923 -0.255252 0
-0.968159 -0.650211 0
-0.891372 -0.62923 0
-0.959004 -0.557012 0
-1.03658 -0.680652 0
-0.968889 -0.650469 0
-1.03217 -0.582411 0
-0.918683 -0.745333 0
-0.862637 -0.826131 0
-0.823253 -0.702835 0
-0.773391 -0.313229 0
-0.848205 -0.335672 0
-0.781844 -0.396015 0
-0.959673 -0.556298 0
-1.02765 -0.483854 0
-1.03211 -0.581438 0
-0.930178 -0.36268 0
-0.938053 -0.452246 0
-0.856962 -0.423517 0
-0.930736 -0.362555 0
-1.02299 -0.385584 0
-0.938609 -0.452118 0
-0.16267 -0.46622 0
-0.17419 -0.425312 0
-0.203201 -0.457996 0
-0.217623 -0.503818 0
-0.180772 -0.512984 0
-0.203407 -0.458415 0
-0.143341 -0.522393 0
-0.108355 -0.499007 0
-0.131173 -0.478327 0
-0.549582 -0.295708 0
-0.502816 -0.27685 0
-0.533359 -0.239471 0
-0.268138 -0.182062 0
-0.291973 -0.193969 0
-0.278805 -0.211036 0
-0.256071 -0.156444 0
-0.267899 -0.181818 0
-0.243205 -0.17578 0
-0.28219 -0.160495 0
-0.291984 -0.193799 0
-0.268149 -0.181892 0
-0.268006 -0.18209 0
-0.278674 -0.211063 0
-0.252791 -0.20219 0
-0.342745 -0.170418 0
-0.3254 -0.196546 0
-0.311216 -0.165121 0
-0.307129 -0.221049 0
-0.278936 -0.211167 0
-0.292103 -0.1941 0
-0.394208 -0.215362 0
-0.372186 -0.244278 0
-0.358453 -0.205675 0
-0.249213 -0.242562 0
-0.234669 -0.257603 0
-0.223283 -0.233594 0
-0.284765 -0.238321 0
-0.276595 -0.267336 0
-0.24956 -0.24261 0
-0.278768 -0.211335 0
-0.284822 -0.238083 0
-0.264292 -0.227325 0
-0.306983 -0.250037 0
-0.276787 -0.267362 0
-0.284958 -0.238346 0
-0.276428 -0.267401 0
-0.234848 -0.257716 0
-0.249392 -0.242675 0
-0.338126 -0.232281 0
-0.307263 -0.249863 0
-0.307377 -0.221307 0
-0.247101 -0.327672 0
-0.216852 -0.312122 0
-0.247226 -0.28472 0
-0.237285 -0.218979 0
-0.22317 -0.233361 0
-0.212842 -0.21164 0
-0.264047 -0.22723 0
-0.237555 -0.218928 0
-0.252639 -0.202367 0
-0.264036 -0.227365 0
-0.249359 -0.242412 0
-0.237544 -0.219062 0
-0.237407 -0.219083 0
-0.249223 -0.242432 0
-0.223292 -0.233465 0
-0.307105 -0.221197 0
-0.284965 -0.238062 0
-0.278912 -0.211314 0
-0.307199 -0.221327 0
-0.307085 -0.249882 0
-0.28506 -0.238192 0
-0.219024 -0.272875 0
-0.216609 -0.311944 0
-0.202501 -0.286441 0
-0.137178 -0.356052 0
-0.177585 -0.379741 0
-0.145051 -0.388646 0
-0.226312 -0.344021 0
-0.205995 -0.36008 0
-0.192552 -0.329835 0
-0.248777 -0.371628 0
-0.226638 -0.344054 0
-0.247139 -0.328069 0
-0.248641 -0.371736 0
-0.206183 -0.36022 0
-0.2265 -0.344162 0
-0.109149 -0.402036 0
-0.144821 -0.388975 0
-0.136798 -0.432222 0
-0.0624261 -0.349806 0
-0.0986 -0.369575 0
-0.0694552 -0.381479 0
-0.0894006 -0.340652 0
-0.109632 -0.334412 0
-0.0988251 -0.369386 0
-0.0555838 -0.32143 0
-0.0890978 -0.340543 0
-0.0623467 -0.349508 0
-0.109801 -0.33416 0
-0.101921 -0.308288 0
-0.136594 -0.326246 0
-0.1465 -0.290334 0
-0.168337 -0.277473 0
-0.179726 -0.302011 0
-0.192351 -0.329843 0
-0.205795 -0.360088 0
-0.166676 -0.346577 0
-0.205339 -0.407157 0
-0.178016 -0.379818 0
-0.205876 -0.360458 0
-0.205232 -0.407373 0
-0.174247 -0.424854 0
-0.177911 -0.380034 0
-0.195714 -0.227467 0
-0.212703 -0.211669 0
-0.223031 -0.233389 0
-0.212861 -0.211509 0
-0.228577 -0.194417 0
-0.237303 -0.218848 0
-0.323383 -0.617632 0
-0.276791 -0.668347 0
-0.26049 -0.605268 0
-0.219319 -0.829276 0
-0.139884 -0.82149 0
-0.202055 -0.755389 0
-0.330752 -0.905753 0
-0.23883 -0.911931 0
-0.308474 -0.821241 0
-0.15044 -0.909018 0
-0.139712 -0.822007 0
-0.219145 -0.829791 0
-0.139556 -0.821207 0
-0.121051 -0.744671 0
-0.201724 -0.755104 0
-0.25254 -0.202112 0
-0.228729 -0.194242 0
-0.243062 -0.175975 0
-0.544663 -0.758349 0
-0.643995 -0.766585 0
-0.578542 -0.837454 0
-0.851727 -0.544977 0
-0.958613 -0.556662 0
-0.890982 -0.628876 0
-0.792447 -0.607857 0
-0.851169 -0.545146 0
-0.890424 -0.629049 0
-0.815169 -0.467438 0
-0.856286 -0.424172 0
-0.85113 -0.54399 0
-0.822704 -0.702934 0
-0.862089 -0.826233 0
-0.75544 -0.775159 0
-0.343268 -0.436003 0
-0.367018 -0.39733 0
-0.391905 -0.427698 0
-0.319506 -0.475308 0
-0.343007 -0.436408 0
-0.36117 -0.470577 0
-0.299148 -0.432964 0
-0.292947 -0.382391 0
-0.32614 -0.403386 0
-0.834783 -0.257639 0
-0.839311 -0.169434 0
-0.922731 -0.180463 0
-0.9301 -0.361789 0
-0.849198 -0.335425 0
-0.922091 -0.273499 0
-0.772683 -0.313 0
-0.713526 -0.370889 0
-0.704695 -0.292267 0
-0.237436 -0.218818 0
-0.22871 -0.194387 0
-0.252521 -0.202256 0
-0.282071 -0.160368 0
-0.268029 -0.181767 0
-0.256201 -0.156393 0
-0.292272 -0.193864 0
-0.311046 -0.1652 0
-0.325231 -0.196625 0
-0.585402 -0.255497 0
-0.64152 -0.272839 0
-0.585507 -0.335667 0
-0.55003 -0.295959 0
-0.585094 -0.255574 0
-0.585201 -0.335745 0
-0.755786 -0.244111 0
-0.838749 -0.169646 0
-0.834225 -0.257854 0
-0.57323 -0.184564 0
-0.629481 -0.198204 0
-0.58532 -0.254742 0
-0.509013 -0.0166596 0
-0.504306 -0.0769541 0
-0.462218 -0.0579021 0
-0.559513 0.0145783 0
-0.509356 -0.0161057 0
-0.509356 0.0162041 0
-0.557195 -0.032366 0
-0.504624 -0.0768682 0
-0.509332 -0.0165741 0
-0.628094 -0.15157 0
-0.572148 -0.145359 0
-0.593137 -0.108012 0
-0.571568 -0.145484 0
-0.521821 -0.171598 0
-0.526015 -0.125406 0
-0.525652 -0.125002 0
-0.480392 -0.118615 0
-0.504422 -0.0775194 0
-0.592795 -0.107923 0
-0.571806 -0.14527 0
-0.526254 -0.125193 0
-0.614979 -0.0690282 0
-0.593039 -0.107515 0
-0.555972 -0.0792877 0
-0.615303 -0.0691416 0
-0.652569 -0.113047 0
-0.593363 -0.107628 0
-0.521499 -0.171648 0
-0.47556 -0.160565 0
-0.525692 -0.125457 0
-0.916099 -0.0930668 0
-1.0144 -0.0960497 0
-0.923586 -0.179665 0
-0.919749 -0.744676 0
-0.968513 -0.651013 0
-1.0362 -0.6812 0
-0.777449 -0.85543 0
-0.755289 -0.775671 0
-0.861935 -0.826745 0
-0.959359 -0.555865 0
-0.938721 -0.453093 0
-1.02733 -0.483426 0
-0.968631 -0.650053 0
-0.959476 -0.556855 0
-1.03191 -0.581998 0
-0.850744 -0.544788 0
-0.792022 -0.607496 0
-0.763721 -0.522073 0
-0.302551 -0.116867 0
-0.330063 -0.119542 0
-0.321429 -0.145902 0
-0.277439 -0.114568 0
-0.302281 -0.116832 0
-0.293099 -0.140419 0
-0.310154 -0.0957102 0
-0.330025 -0.119373 0
-0.302514 -0.116698 0
-0.657604 -0.339771 0
-0.713008 -0.371413 0
-0.664444 -0.422149 0
-0.64176 -0.273119 0
-0.657102 -0.339154 0
-0.585749 -0.335948 0
-0.642158 -0.272972 0
-0.704071 -0.292026 0
-0.657499 -0.339007 0
-0.62971 -0.198498 0
-0.641668 -0.272379 0
-0.585551 -0.255037 0
-0.848877 -0.335077 0
-0.834814 -0.258505 0
-0.921772 -0.273154 0
-0.856662 -0.423125 0
-0.848979 -0.335927 0
-0.92988 -0.362292 0
-0.773567 -0.312768 0
-0.834316 -0.258636 0
-0.848381 -0.335211 0
-0.713785 -0.371238 0
-0.772939 -0.313347 0
-0.781394 -0.396135 0
-0.755567 -0.244591 0
-0.834006 -0.258333 0
-0.773255 -0.312463 0
-0.630069 -0.198359 0
-0.692314 -0.213407 0
-0.642025 -0.272238 0
-0.760536 -0.165644 0
-0.74954 -0.0786644 0
-0.827682 -0.0840683 0
-0.755537 -0.243803 0
-0.760594 -0.166483 0
-0.838504 -0.16934 0
-0.691178 -0.158103 0
-0.67882 -0.073668 0
-0.748811 -0.078604 0
-0.692912 -0.212921 0
-0.691266 -0.158863 0
-0.759893 -0.166344 0
-0.692478 -0.213027 0
-0.630234 -0.197979 0
-0.69083 -0.158969 0
-0.704566 -0.291511 0
-0.69294 -0.213626 0
-0.754865 -0.244371 0
-0.713261 -0.0374075 0
-0.680191 -0.000126212 0
-0.749775 -0.00012543 0
-0.760081 -0.165895 0
-0.691453 -0.158413 0
-0.749081 -0.0789132 0
-0.571725 -0.145681 0
-0.572826 -0.184111 0
-0.521979 -0.171795 0
-0.555673 -0.0794754 0
-0.592741 -0.107702 0
-0.526199 -0.124972 0
-0.628027 -0.151825 0
-0.573181 -0.184044 0
-0.572081 -0.145614 0
-0.919991 -0.745112 0
-1.03644 -0.681633 0
-1.04057 -0.780341 0
-0.823345 -0.702177 0
-0.890754 -0.63003 0
-0.918778 -0.744674 0
-0.541735 -0.631548 0
-0.472144 -0.629758 0
-0.519341 -0.578012 0
-0.550938 -0.497999 0
-0.624622 -0.541933 0
-0.571317 -0.559856 0
-0.565774 -0.689664 0
-0.496369 -0.702519 0
-0.541972 -0.632164 0
-0.643955 -0.766092 0
-0.544621 -0.757855 0
-0.566278 -0.690298 0
-0.577991 -0.837661 0
-0.480148 -0.828221 0
-0.544114 -0.758555 0
-0.89124 -0.629858 0
-0.968026 -0.650841 0
-0.919264 -0.744501 0
-0.792353 -0.608382 0
-0.890329 -0.629574 0
-0.822921 -0.701718 0
-0.851884 -0.544388 0
-0.938131 -0.453295 0
-0.958771 -0.556072 0
-0.310005 -0.0956197 0
-0.302364 -0.116609 0
-0.285544 -0.0925303 0
-0.361113 -0.122704 0
-0.394828 -0.126222 0
-0.387408 -0.15912 0
-0.311204 -0.164953 0
-0.321501 -0.146232 0
-0.342732 -0.170249 0
-0.337709 -0.0990043 0
-0.347654 -0.0716107 0
-0.373159 -0.0833697 0
-0.31816 -0.0707359 0
-0.337399 -0.0990423 0
-0.310231 -0.0954882 0
-0.373547 -0.0835183 0
-0.406553 -0.0891086 0
-0.394932 -0.125857 0
-0.337753 -0.0991746 0
-0.373203 -0.08354 0
-0.360874 -0.122361 0
-0.347702 -0.0714482 0
-0.351782 -0.0505788 0
-0.373206 -0.0832077 0
-0.296426 -0.0467247 0
-0.299151 -0.0236325 0
-0.322345 -0.0483814 0
-0.3845 -0.0528324 0
-0.406518 -0.0888637 0
-0.373512 -0.0832731 0
-0.243193 -0.175934 0
-0.267888 -0.181971 0
-0.252671 -0.202072 0
-0.282334 -0.160438 0
-0.310903 -0.165079 0
-0.292127 -0.193743 0
-0.267517 -0.135951 0
-0.282069 -0.160215 0
-0.256199 -0.156238 0
-0.26764 -0.135899 0
-0.293 -0.140635 0
-0.282192 -0.160163 0
-0.325543 -0.196887 0
-0.358111 -0.205572 0
-0.338356 -0.232051 0
-0.292259 -0.194051 0
-0.325219 -0.196812 0
-0.307283 -0.221001 0
-0.342902 -0.170554 0
-0.358126 -0.205366 0
-0.325558 -0.196681 0
-0.302255 -0.116671 0
-0.277414 -0.114407 0
-0.285435 -0.0925931 0
-0.311037 -0.164854 0
-0.293276 -0.140685 0
-0.321335 -0.146133 0
-0.267624 -0.135745 0
-0.277324 -0.114631 0
-0.292983 -0.140482 0
-0.486078 -0.224539 0
-0.434339 -0.226058 0
-0.46027 -0.191224 0
-0.318285 -0.0706554 0
-0.34747 -0.0715679 0
-0.337524 -0.0989621 0
-0.459652 -0.259523 0
-0.486302 -0.224937 0
-0.502358 -0.27668 0
-0.330312 -0.119404 0
-0.337609 -0.0992953 0
-0.360731 -0.122481 0
-0.293247 -0.140524 0
-0.302427 -0.116938 0
-0.321306 -0.145972 0
-0.310271 -0.0956513 0
-0.33744 -0.0992051 0
-0.330142 -0.119315 0
-0.931007 -0.362008 0
-1.01955 -0.288876 0
-1.02326 -0.385034 0
-1.02755 -0.482854 0
-0.938935 -0.452524 0
-1.02331 -0.385984 0
-0.572697 -0.184423 0
-0.533499 -0.238748 0
-0.52185 -0.172107 0
-0.615061 -0.0684699 0
-0.557922 -0.032241 0
-0.616206 0.0124224 0
-0.525903 -0.12487 0
-0.504674 -0.0773878 0
-0.555378 -0.0793736 0
-0.475421 -0.160388 0
-0.480295 -0.118893 0
-0.525555 -0.12528 0
-0.460525 -0.190829 0
-0.475342 -0.160785 0
-0.521281 -0.171868 0
-0.46023 -0.190759 0
-0.433559 -0.150771 0
-0.475047 -0.160714 0
-0.533211 -0.238883 0
-0.486613 -0.224519 0
-0.52156 -0.172241 0
-0.433889 -0.226001 0
-0.39461 -0.215226 0
-0.417151 -0.183543 0
-0.444012 -0.095341 0
-0.504149 -0.0774196 0
-0.480118 -0.118516 0
-0.461796 -0.0577138 0
-0.423366 -0.0192625 0
-0.46365 -0.0179356 0
-0.704835 -0.291844 0
-0.755133 -0.244702 0
-0.772823 -0.312576 0
-0.657738 -0.339336 0
-0.704309 -0.292355 0
-0.713142 -0.370978 0
-0.642275 -0.272552 0
-0.692561 -0.21372 0
-0.704189 -0.291606 0
-0.293145 -0.140733 0
-0.310907 -0.164901 0
-0.282338 -0.16026 0
-0.360779 -0.122639 0
-0.351794 -0.146294 0
-0.33036 -0.119562 0
-0.330228 -0.119641 0
-0.351663 -0.146372 0
-0.321595 -0.146001 0
-0.48616 0.22439 0
-0.475166 0.161029 0
-0.443788 0.211398 0
-0.575054 0.225199 0
-0.515595 0.186345 0
-0.525563 0.251246 0
-0.572635 0.184139 0
-0.520807 0.140086 0
-0.515571 0.185836 0
-0.635819 0.128888 0
-0.630053 0.197664 0
-0.694044 0.149167 0
-0.475522 0.160661 0
-0.515245 0.185757 0
-0.520481 0.140007 0
-0.575803 0.225342 0
-0.635471 0.281883 0
-0.629656 0.19843 0
-0.558103 0.0646403 0
-0.509345 0.0166297 0
-0.50771 0.0610584 0
-0.463656 -0.0176831 0
-0.423373 -0.0190096 0
-0.463656 0.0175563 0
-0.464095 0.0176791 0
-0.509036 0.0162145 0
-0.509036 -0.0160956 0
-0.421052 -0.0553696 0
-0.443489 -0.0951685 0
-0.406874 -0.0889118 0
-0.508878 -0.0164615 0
-0.462082 -0.0577041 0
-0.463937 -0.0179262 0
-0.504089 -0.0772172 0
-0.443951 -0.0951384 0
-0.462 -0.0581656 0
-0.433236 -0.150337 0
-0.395256 -0.126101 0
-0.44349 -0.0956101 0
-0.475114 -0.160473 0
-0.433626 -0.15053 0
-0.479986 -0.118978 0
-0.416947 -0.183398 0
-0.394406 -0.215081 0
-0.373025 -0.182538 0
-0.460037 -0.190834 0
-0.417368 -0.183211 0
-0.433365 -0.150847 0
-0.46004 -0.191086 0
-0.434108 -0.22592 0
-0.417371 -0.183462 0
-0.420917 -0.054887 0
-0.386965 -0.0204675 0
-0.422973 -0.0192614 0
-0.420789 -0.0549985 0
-0.384593 -0.0525093 0
-0.386836 -0.0205792 0
-0.395167 -0.125896 0
-0.406787 -0.0891485 0
-0.443402 -0.0954047 0
-0.39478 -0.125969 0
-0.361066 -0.122451 0
-0.373393 -0.0836303 0
-0.479881 -0.11876 0
-0.433519 -0.150313 0
-0.443774 -0.0955857 0
-0.351705 -0.146542 0
-0.342868 -0.170188 0
-0.321637 -0.14617 0
-0.387264 -0.159187 0
-0.351985 -0.146427 0
-0.360969 -0.122772 0
-0.387304 -0.159387 0
-0.372783 -0.182229 0
-0.352024 -0.146626 0
-0.322409 -0.0485381 0
-0.318064 -0.0704044 0
-0.296489 -0.046882 0
-0.353995 -0.0291011 0
-0.322625 -0.0483186 0
-0.325162 -0.022614 0
-0.351613 -0.0504623 0
-0.347532 -0.0713321 0
-0.322691 -0.0485534 0
-0.324903 -0.022434 0
-0.299172 -0.0233897 0
-0.300082 -0.000153555 0
-0.299175 0.0233146 0
-0.325776 7.78786e-05 0
-0.300085 7.81442e-05 0
-0.322579 -0.0486207 0
-0.34742 -0.0713992 0
-0.318235 -0.0704863 0
-0.354084 -0.029194 0
-0.351635 -0.0503209 0
-0.322714 -0.0484115 0
-0.384318 -0.0527035 0
-0.373328 -0.0831447 0
-0.351905 -0.0505159 0
-0.309969 -0.0954634 0
-0.285509 -0.0923733 0
-0.291801 -0.0699948 0
-0.310078 -0.0953908 0
-0.29191 -0.069922 0
-0.318008 -0.0706377 0
-0.923002 -0.179912 0
-0.839582 -0.168882 0
-0.915511 -0.0933093 0
-0.922627 -0.272413 0
-0.923616 -0.180589 0
-1.01628 -0.19204 0
-0.922021 -0.272636 0
-0.835062 -0.257987 0
-0.923007 -0.180808 0
-0.930668 -0.36163 0
-0.922662 -0.273344 0
-1.01921 -0.288504 0
-0.848482 -0.33604 0
-0.856167 -0.42324 0
-0.782122 -0.396385 0
-0.296387 -0.0469531 0
-0.317961 -0.0704753 0
-0.291864 -0.069759 0
-0.749663 0.000208388 0
-0.680079 0.000208125 0
-0.679979 0.0622075 0
-0.749951 0.0696235 0
-0.749896 0.000441267 0
-0.680215 0.0624405 0
-0.694589 0.148519 0
-0.749765 0.07012 0
-0.680028 0.0629377 0
-0.763517 0.158438 0
-0.838758 0.168761 0
-0.828646 0.0784459 0
-0.693127 -0.213207 0
-0.760106 -0.166629 0
-0.755051 -0.243951 0
-0.828095 -0.00646963 0
-0.827909 -0.0835348 0
-0.749767 -0.0781298 0
-0.828652 -0.00621953 0
-0.915554 -0.00341155 0
-0.828463 -0.0832825 0
-0.750445 0.069394 0
-0.827839 -0.00569771 0
-0.750392 0.000212887 0
-0.915196 -0.0929886 0
-0.839263 -0.16856 0
-0.828499 -0.0841269 0
-0.560034 0.0149813 0
-0.558636 0.0646177 0
-0.616301 0.0559847 0
-0.55738 -0.0320599 0
-0.509518 -0.0162677 0
-0.559673 0.0144163 0
-0.507563 0.0614718 0
-0.484859 0.102231 0
-0.538855 0.102653 0
-0.464089 0.0179377 0
-0.507394 0.0609018 0
-0.50903 0.0164729 0
-0.35431 0.0289332 0
-0.386516 0.0203171 0
-0.355104 0.000165057 0
-0.44349 0.0951693 0
-0.421052 0.0553699 0
-0.406875 0.0889124 0
-0.38691 0.0202801 0
-0.422918 0.0190742 0
-0.404382 -0.000987533 0
-0.420917 0.0548873 0
-0.422973 0.0192616 0
-0.386965 0.0204679 0
-0.46352 0.0176794 0
-0.423236 -0.0188865 0
-0.423237 0.0190055 0
-0.484389 0.102195 0
-0.461934 0.0582494 0
-0.443886 0.0952232 0
-0.299247 -0.0235517 0
-0.324978 -0.0225952 0
-0.322441 -0.0483006 0
-1.04447 -0.881471 0
-1.04794 -0.980505 0
-0.94891 -0.983934 0
-0.895744 -0.911404 0
-0.947746 -0.984056 0
-0.848747 -0.987205 0
-0.821237 -0.913354 0
-0.895319 -0.911167 0
-0.848323 -0.986967 0
-0.749097 -0.990011 0
-0.820748 -0.913618 0
-0.847831 -0.987232 0
-0.777669 -0.85589 0
-0.862156 -0.827203 0
-0.820891 -0.912634 0
-0.943087 -0.834747 0
-1.04394 -0.880739 0
-0.896381 -0.91055 0
-0.862552 -0.827387 0
-0.895367 -0.910631 0
-0.821285 -0.912818 0
-0.94357 -0.834314 0
-1.04067 -0.781304 0
-1.04443 -0.880304 0
-0.948402 -0.983701 0
-0.896398 -0.91105 0
-1.04396 -0.881239 0
-0.863035 -0.826572 0
-0.919084 -0.745772 0
-0.942557 -0.834014 0
-0.895774 -0.910368 0
-0.862957 -0.827125 0
-0.942479 -0.834567 0
-0.776863 -0.855502 0
-0.687472 -0.848121 0
-0.754704 -0.775741 0
-0.820297 -0.913408 0
-0.748649 -0.9898 0
-0.713878 -0.92443 0
-0.943152 -0.833862 0
-0.919679 -0.74562 0
-1.04025 -0.780854 0
-0.713973 -0.923981 0
-0.777172 -0.856214 0
-0.820392 -0.91296 0
-0.649801 -0.992569 0
-0.713307 -0.924694 0
-0.748075 -0.990066 0
-0.577883 -0.838166 0
-0.512088 -0.909361 0
-0.480042 -0.828728 0
-0.649371 -0.99234 0
-0.619321 -0.921901 0
-0.712874 -0.924466 0
-0.648827 -0.992577 0
-0.551131 -0.994992 0
-0.618779 -0.922137 0
-0.447881 -0.579942 0
-0.471426 -0.629727 0
-0.398348 -0.620289 0
-0.355857 -0.580992 0
-0.447492 -0.579778 0
-0.397961 -0.620126 0
-0.461014 -0.522877 0
-0.518991 -0.577481 0
-0.448249 -0.579442 0
-0.361413 -0.470418 0
-0.34325 -0.436249 0
-0.391886 -0.427943 0
-0.644841 -0.765904 0
-0.645846 -0.694159 0
-0.730288 -0.698326 0
-0.453062 -0.750323 0
-0.495999 -0.703143 0
-0.543748 -0.757846 0
-0.686595 -0.497308 0
-0.762944 -0.521817 0
-0.723937 -0.578449 0
-0.625583 -0.541994 0
-0.686134 -0.497375 0
-0.723477 -0.578517 0
-0.616045 -0.473939 0
-0.664215 -0.423017 0
-0.685904 -0.496628 0
-0.551086 -0.497712 0
-0.615462 -0.474339 0
-0.624771 -0.541646 0
-0.461355 -0.522604 0
-0.550216 -0.497991 0
-0.519334 -0.577207 0
-0.568018 -0.450092 0
-0.615272 -0.474032 0
-0.550894 -0.497404 0
-0.523745 -0.427648 0
-0.56771 -0.449936 0
-0.550588 -0.497248 0
-0.523757 -0.427261 0
-0.554345 -0.381797 0
-0.567723 -0.449549 0
-0.607259 -0.400796 0
-0.585634 -0.336377 0
-0.656986 -0.339583 0
-0.657249 -0.33987 0
-0.664091 -0.422249 0
-0.607522 -0.401084 0
-0.519027 -0.577838 0
-0.471831 -0.629585 0
-0.448286 -0.5798 0
-0.492621 -0.4743 0
-0.550127 -0.497647 0
-0.461265 -0.522258 0
-0.419538 -0.461195 0
-0.492182 -0.474178 0
-0.460828 -0.522136 0
-0.523493 -0.427729 0
-0.550337 -0.49733 0
-0.492829 -0.473983 0
-0.635666 -0.615284 0
-0.723659 -0.57943 0
-0.73052 -0.697439 0
-0.571599 -0.560248 0
-0.624904 -0.542324 0
-0.634805 -0.6147 0
-0.542451 -0.63144 0
-0.571322 -0.560546 0
-0.634528 -0.614999 0
-0.5197 -0.577332 0
-0.550585 -0.498117 0
-0.570965 -0.559974 0
-0.615915 -0.474337 0
-0.685772 -0.497026 0
-0.625222 -0.541643 0
-0.471346 -0.63007 0
-0.42434 -0.682148 0
-0.39827 -0.620633 0
-0.355504 -0.580471 0
-0.341397 -0.521997 0
-0.398383 -0.522265 0
-0.64506 -0.766678 0
-0.75426 -0.775443 0
-0.687031 -0.847822 0
-0.579016 -0.837755 0
-0.644472 -0.766885 0
-0.686442 -0.848032 0
-0.73137 -0.697826 0
-0.79182 -0.608609 0
-0.822388 -0.701948 0
-0.755002 -0.774728 0
-0.731248 -0.698384 0
-0.822263 -0.702506 0
-0.645815 -0.693655 0
-0.635407 -0.615667 0
-0.730258 -0.697823 0
-0.566615 -0.690084 0
-0.645297 -0.694131 0
-0.644294 -0.765877 0
-0.566238 -0.689372 0
-0.542435 -0.631873 0
-0.63451 -0.61543 0
-0.471674 -0.630345 0
-0.495663 -0.702489 0
-0.424666 -0.682423 0
-0.330974 -0.906659 0
-0.354655 -1.00037 0
-0.258678 -1.00365 0
-0.479114 -0.828684 0
-0.421036 -0.907624 0
-0.391735 -0.827005 0
-0.479518 -0.828961 0
-0.511562 -0.909595 0
-0.421436 -0.907901 0
-0.452112 -0.750718 0
-0.391455 -0.826227 0
-0.364185 -0.752969 0
-0.578349 -0.838478 0
-0.618413 -0.921337 0
-0.51255 -0.909672 0
-0.453009 -0.750742 0
-0.543693 -0.758263 0
-0.47973 -0.82793 0
-0.686356 -0.848549 0
-0.618998 -0.921131 0
-0.578932 -0.838273 0
-0.496056 -0.702319 0
-0.472067 -0.630176 0
-0.541657 -0.631965 0
-0.544127 -0.757643 0
-0.496377 -0.702941 0
-0.565781 -0.690085 0
-0.452664 -0.750072 0
-0.424603 -0.682825 0
-0.495598 -0.702891 0
-0.776725 -0.855999 0
-0.713528 -0.923765 0
-0.687335 -0.848618 0
-0.227563 -0.3895 0
-0.266733 -0.406292 0
-0.236709 -0.431319 0
-0.206042 -0.360489 0
-0.227256 -0.389266 0
-0.205503 -0.407188 0
-0.248846 -0.372041 0
-0.266774 -0.406093 0
-0.227603 -0.389301 0
-0.206187 -0.360371 0
-0.248643 -0.371887 0
-0.2274 -0.389148 0
-0.247306 -0.328077 0
-0.276168 -0.346465 0
-0.248943 -0.371636 0
-0.252778 -0.202341 0
-0.278661 -0.211215 0
-0.264184 -0.227205 0
-0.438044 -0.285129 0
-0.39739 -0.271251 0
-0.433967 -0.226528 0
-0.365829 -0.290342 0
-0.336076 -0.289032 0
-0.35157 -0.260375 0
-0.351374 -0.260241 0
-0.33588 -0.288897 0
-0.307403 -0.250182 0
-0.371977 -0.244517 0
-0.351599 -0.260033 0
-0.338491 -0.232393 0
-0.372173 -0.244647 0
-0.396896 -0.271228 0
-0.351795 -0.260163 0
-0.291991 -0.317038 0
-0.307515 -0.288148 0
-0.344098 -0.326363 0
-0.327469 -0.358316 0
-0.292059 -0.317273 0
-0.344164 -0.326599 0
-0.276311 -0.346282 0
-0.247449 -0.327895 0
-0.291563 -0.317237 0
-0.276863 -0.267527 0
-0.307058 -0.250203 0
-0.307341 -0.287728 0
-0.291739 -0.31695 0
-0.268958 -0.300126 0
-0.307263 -0.288061 0
-0.247385 -0.284338 0
-0.234841 -0.257856 0
-0.276421 -0.267541 0
-0.284724 -0.238187 0
-0.249518 -0.242476 0
-0.264194 -0.227429 0
-0.307438 -0.221129 0
-0.325372 -0.19694 0
-0.338187 -0.232103 0
-0.351876 -0.146663 0
-0.372635 -0.182265 0
-0.343039 -0.170309 0
-0.397243 -0.271017 0
-0.394543 -0.21552 0
-0.433822 -0.226295 0
-0.397038 -0.271079 0
-0.372316 -0.244498 0
-0.394336 -0.215581 0
-0.327245 -0.3586 0
-0.292875 -0.381953 0
-0.276583 -0.346602 0
-0.381525 -0.343871 0
-0.344591 -0.326462 0
-0.365957 -0.290746 0
-0.338513 -0.23221 0
-0.358266 -0.205731 0
-0.371999 -0.244335 0
-0.585009 -0.335983 0
-0.527448 -0.326506 0
-0.549837 -0.296197 0
-0.41943 -0.328624 0
-0.397342 -0.271594 0
-0.437996 -0.285472 0
-0.267159 -0.406274 0
-0.292748 -0.382401 0
-0.298951 -0.432974 0
-0.381774 -0.343879 0
-0.366208 -0.290754 0
-0.419139 -0.328883 0
-0.266992 -0.406069 0
-0.249065 -0.372017 0
-0.292581 -0.382197 0
-0.307213 -0.287895 0
-0.268907 -0.299961 0
-0.276735 -0.267694 0
-0.459637 -0.259811 0
-0.502342 -0.276968 0
-0.481608 -0.310635 0
-0.335857 -0.289245 0
-0.344244 -0.32627 0
-0.307663 -0.288055 0
-0.307255 -0.250274 0
-0.335733 -0.28899 0
-0.307538 -0.2878 0
-0.365805 -0.290563 0
-0.344438 -0.326279 0
-0.336052 -0.289253 0
-0.396875 -0.271381 0
-0.366033 -0.290283 0
-0.351775 -0.260316 0
-0.397101 -0.27161 0
-0.419191 -0.328641 0
-0.36626 -0.290512 0
-0.486369 -0.224358 0
-0.460562 -0.191043 0
-0.521317 -0.172081 0
-0.502604 -0.276612 0
-0.48655 -0.224869 0
-0.533148 -0.239233 0
-0.459424 -0.259354 0
-0.434337 -0.226287 0
-0.486075 -0.224768 0
-0.438251 -0.28509 0
-0.434175 -0.226489 0
-0.459263 -0.259557 0
-0.417125 -0.183105 0
-0.387724 -0.159403 0
-0.433123 -0.150741 0
-0.372828 -0.182612 0
-0.39421 -0.215155 0
-0.358456 -0.205468 0
-0.34306 -0.170506 0
-0.372657 -0.182462 0
-0.358283 -0.205318 0
-0.387522 -0.15951 0
-0.416924 -0.183211 0
-0.373002 -0.182351 0
-0.38765 -0.159213 0
-0.395069 -0.126315 0
-0.43305 -0.150551 0
-0.527463 -0.326791 0
-0.585024 -0.336268 0
-0.554415 -0.381082 0
-0.550676 -0.994716 0
-0.512459 -0.910197 0
-0.61832 -0.92186 0
-0.420826 -0.908768 0
-0.452087 -0.997518 0
-0.355601 -1.00036 0
-0.736862 -0.442809 0
-0.664711 -0.422496 0
-0.713273 -0.371759 0
-0.814539 -0.46701 0
-0.737591 -0.443042 0
-0.781613 -0.396889 0
-0.762988 -0.521364 0
-0.686638 -0.496855 0
-0.737101 -0.443557 0
-0.326307 -0.403566 0
-0.342823 -0.436043 0
-0.299315 -0.433145 0
-0.327411 -0.358789 0
-0.326235 -0.403137 0
-0.293041 -0.382143 0
-0.366798 -0.397248 0
-0.343049 -0.435922 0
-0.326534 -0.403445 0
-0.32766 -0.358839 0
-0.366748 -0.39699 0
-0.326482 -0.403186 0
-0.268707 -0.299949 0
-0.247499 -0.28448 0
-0.276534 -0.267683 0
-0.247423 -0.32774 0
-0.268757 -0.300259 0
-0.291539 -0.317083 0
-0.247274 -0.327631 0
-0.2474 -0.28468 0
-0.268609 -0.30015 0
-0.381471 -0.344333 0
-0.366932 -0.396792 0
-0.327844 -0.358642 0
-0.344463 -0.326689 0
-0.381396 -0.344098 0
-0.327768 -0.358406 0
-0.276579 -0.346385 0
-0.291832 -0.317339 0
-0.327243 -0.358383 0
-0.351383 -0.260051 0
-0.307411 -0.249992 0
-0.338274 -0.232411 0
-0.419253 -0.329163 0
-0.400485 -0.373919 0
-0.38189 -0.344158 0
-0.481846 -0.311144 0
-0.526955 -0.326643 0
-0.505751 -0.362169 0
-0.438416 -0.285657 0
-0.481399 -0.310949 0
-0.460915 -0.344711 0
-0.502568 -0.277191 0
-0.526945 -0.326358 0
-0.481835 -0.310859 0
-0.482467 -0.396527 0
-0.523155 -0.427245 0
-0.459555 -0.430161 0
-0.429104 -0.401234 0
-0.482151 -0.396439 0
-0.45924 -0.430074 0
-0.505741 -0.36279 0
-0.52331 -0.427019 0
-0.482622 -0.396301 0
-0.429109 -0.400949 0
-0.460886 -0.345381 0
-0.482157 -0.396155 0
-0.527198 -0.326878 0
-0.554151 -0.38117 0
-0.505994 -0.362404 0
-0.361163 -0.470862 0
-0.341152 -0.521474 0
-0.3195 -0.475594 0
-0.299293 -0.433385 0
-0.342799 -0.436283 0
-0.319299 -0.475184 0
-0.419225 -0.461354 0
-0.460515 -0.522296 0
-0.398995 -0.521868 0
-0.361689 -0.470815 0
-0.418893 -0.461181 0
-0.398664 -0.521696 0
-0.400551 -0.374438 0
-0.428607 -0.401151 0
-0.392302 -0.427504 0
-0.381714 -0.344385 0
-0.400311 -0.374146 0
-0.367174 -0.396844 0
-0.428836 -0.400875 0
-0.40078 -0.374162 0
-0.460612 -0.345307 0
-0.459241 -0.430532 0
-0.492178 -0.473871 0
-0.419532 -0.460887 0
-0.459589 -0.43042 0
-0.523188 -0.427504 0
-0.492525 -0.473758 0
-0.428893 -0.401449 0
-0.459029 -0.430289 0
-0.419319 -0.460644 0
-0.392365 -0.427794 0
-0.428669 -0.40144 0
-0.419096 -0.460636 0
-0.361666 -0.4705 0
-0.39214 -0.428026 0
-0.418871 -0.460867 0
-0.36721 -0.397123 0
-0.400345 -0.374424 0
-0.392097 -0.427491 0
-0.400748 -0.373921 0
-0.419518 -0.329166 0
-0.460582 -0.345067 0
-0.460708 -0.344771 0
-0.419643 -0.32887 0
-0.438208 -0.285717 0
-0.459422 -0.259839 0
-0.481394 -0.310664 0
-0.438411 -0.285373 0
-0.505533 -0.362515 0
-0.482414 -0.396026 0
-0.461144 -0.345253 0
-0.554625 -0.38171 0
-0.606858 -0.401315 0
-0.568001 -0.449461 0
-0.398404 -0.521899 0
-0.341416 -0.521629 0
-0.361429 -0.471018 0
-0.447848 -0.579257 0
-0.399092 -0.522265 0
-0.460611 -0.522691 0
-0.447496 -0.579451 0
-0.355859 -0.580664 0
-0.39874 -0.522459 0
-0.324104 -0.617391 0
-0.355444 -0.581119 0
-0.397547 -0.620252 0
-0.323789 -0.617194 0
-0.303525 -0.561424 0
-0.355128 -0.580921 0
-0.303345 -0.560868 0
-0.284519 -0.510045 0
-0.340841 -0.52189 0
-0.340895 -0.521605 0
-0.284571 -0.509759 0
-0.319243 -0.475724 0
-0.585 -0.254879 0
-0.533712 -0.239026 0
-0.572907 -0.184701 0
-0.511471 -0.910159 0
-0.452612 -0.997215 0
-0.421348 -0.908466 0
-0.686808 -0.848836 0
-0.713 -0.923985 0
-0.619446 -0.921419 0
-0.55012 -0.99497 0
-0.453041 -0.997505 0
-0.511906 -0.91045 0
-0.355187 -0.580602 0
-0.303582 -0.561105 0
-0.341079 -0.522127 0
-0.228516 -0.645196 0
-0.260172 -0.60536 0
-0.276473 -0.66844 0
-0.214593 -0.584178 0
-0.244882 -0.54788 0
-0.26002 -0.604753 0
-0.228309 -0.644915 0
-0.214539 -0.584504 0
-0.259963 -0.605078 0
-0.182208 -0.622734 0
-0.156946 -0.572247 0
-0.214039 -0.584319 0
-0.266611 -0.463663 0
-0.283985 -0.509659 0
-0.218178 -0.503823 0
-0.266825 -0.463082 0
-0.267073 -0.406544 0
-0.298863 -0.433245 0
-0.203694 -0.458249 0
-0.266341 -0.46349 0
-0.21791 -0.503651 0
-0.481624 -0.311205 0
-0.505531 -0.362231 0
-0.461141 -0.344968 0
-0.549561 -0.295999 0
-0.527172 -0.326308 0
-0.502796 -0.277141 0
-0.554138 -0.381506 0
-0.52355 -0.426969 0
-0.505982 -0.36274 0
-0.266999 -0.463313 0
-0.299038 -0.433476 0
-0.319045 -0.475275 0
-0.292613 -0.381997 0
-0.249095 -0.371818 0
-0.27632 -0.346646 0
0.881666 1.05762 0
0.789301 1.05239 0
0.886939 0.955351 0
0.746294 0.972766 0
0.826504 0.917271 0
0.788645 1.05198 0
0.745855 0.973203 0
0.788208 1.05242 0
0.695813 1.04749 0
0.827324 0.916539 0
0.89267 0.851919 0
0.887103 0.954209 0
0.789116 1.05192 0
0.826975 0.917211 0
0.886755 0.95488 0
0.749961 0.894584 0
0.706622 0.841094 0
0.772414 0.775733 0
0.746165 0.972241 0
0.750275 0.895493 0
0.826376 0.916745 0
0.745661 0.972416 0
0.676183 0.968898 0
0.74977 0.895669 0
0.601887 1.04265 0
0.57402 0.973236 0
0.675115 0.969392 0
0.750355 0.894518 0
0.772808 0.775666 0
0.824061 0.821364 0
0.675519 0.969642 0
0.694957 1.04744 0
0.602294 1.0429 0
0.706179 0.841534 0
0.74952 0.895022 0
0.640422 0.906853 0
0.745478 0.972924 0
0.695436 1.04721 0
0.676001 0.969406 0
0.824959 0.821126 0
0.898702 0.748326 0
0.892701 0.850912 0
0.386894 0.942408 0
0.483474 0.964383 0
0.413248 1.03407 0
0.574148 0.972783 0
0.639731 0.90754 0
0.675242 0.968939 0
0.450811 0.877508 0
0.407137 0.814766 0
0.453724 0.768208 0
0.554859 0.893266 0
0.451541 0.877903 0
0.523446 0.807763 0
0.4836 0.963861 0
0.387021 0.941887 0
0.450845 0.878587 0
0.406613 0.81427 0
0.342113 0.780241 0
0.405879 0.717364 0
0.297295 0.93583 0
0.354951 0.864402 0
0.386076 0.941745 0
0.278645 0.85035 0
0.341512 0.780851 0
0.35474 0.863578 0
0.308903 0.721751 0
0.362421 0.670743 0
0.405622 0.716688 0
0.626627 0.823311 0
0.639508 0.906787 0
0.555833 0.893415 0
0.314561 0.562462 0
0.270873 0.603458 0
0.255103 0.552466 0
0.698175 0.752315 0
0.705963 0.840775 0
0.627327 0.822618 0
0.627131 0.823135 0
0.705769 0.841293 0
0.64001 0.906612 0
0.628118 0.638879 0
0.629087 0.556797 0
0.69529 0.636436 0
0.627368 0.72713 0
0.628112 0.63945 0
0.695284 0.63701 0
0.511856 0.725477 0
0.523312 0.806832 0
0.454319 0.767672 0
0.406379 0.716842 0
0.444101 0.671456 0
0.4537 0.76719 0
0.552732 0.63236 0
0.626506 0.727397 0
0.512532 0.724758 0
0.637734 0.315957 0
0.630595 0.406741 0
0.582891 0.373964 0
0.683013 0.515477 0
0.758405 0.465482 0
0.739668 0.555077 0
0.638119 0.31584 0
0.697854 0.339615 0
0.630983 0.406627 0
0.767368 0.623339 0
0.840777 0.609841 0
0.823487 0.70767 0
0.739738 0.556009 0
0.766604 0.622922 0
0.696124 0.636382 0
0.740223 0.555914 0
0.840498 0.609327 0
0.767089 0.62283 0
0.62927 0.556385 0
0.682432 0.516054 0
0.695471 0.636025 0
0.758913 0.465412 0
0.83481 0.495433 0
0.740178 0.55501 0
0.698497 0.338946 0
0.696579 0.250416 0
0.764138 0.271821 0
0.692076 0.433943 0
0.69847 0.339891 0
0.761231 0.371248 0
0.638338 0.315317 0
0.696158 0.250564 0
0.698073 0.33909 0
0.583309 0.294247 0
0.637574 0.315578 0
0.582733 0.373588 0
0.698713 0.339348 0
0.764358 0.272226 0
0.761474 0.370706 0
0.835085 0.495917 0
0.840725 0.608904 0
0.740452 0.555488 0
0.772243 0.775253 0
0.706449 0.840617 0
0.698662 0.752155 0
0.898471 0.747847 0
0.824727 0.820651 0
0.823871 0.708791 0
0.824241 0.821837 0
0.826638 0.916241 0
0.750537 0.894988 0
0.823451 0.708883 0
0.824306 0.820743 0
0.773054 0.775043 0
0.892461 0.851474 0
0.827114 0.916095 0
0.824718 0.821691 0
0.749418 0.895449 0
0.675829 0.96868 0
0.64032 0.907279 0
0.573068 0.973207 0
0.507822 1.03836 0
0.484412 0.9645 0
0.373259 0.22018 0
0.357853 0.18772 0
0.391085 0.195956 0
0.400889 0.24154 0
0.373403 0.220361 0
0.39123 0.196136 0
0.355515 0.243824 0
0.328244 0.229035 0
0.373041 0.220479 0
0.361505 0.288202 0
0.355719 0.244094 0
0.400732 0.241929 0
0.371309 0.339618 0
0.326594 0.372518 0
0.330243 0.307859 0
0.410397 0.344925 0
0.371811 0.339514 0
0.396439 0.304488 0
0.410401 0.345225 0
0.397466 0.393707 0
0.371813 0.339813 0
0.329612 0.273694 0
0.328098 0.229213 0
0.35537 0.244003 0
0.299106 0.303382 0
0.263132 0.310061 0
0.277595 0.282937 0
0.3264 0.373133 0
0.352793 0.424961 0
0.291198 0.406641 0
0.33002 0.307875 0
0.326368 0.372533 0
0.3043 0.344277 0
0.360783 0.383314 0
0.397239 0.394119 0
0.353264 0.424953 0
0.371412 0.33987 0
0.360608 0.382958 0
0.326696 0.372769 0
0.371647 0.33994 0
0.397299 0.393833 0
0.360845 0.383029 0
0.267723 0.344316 0
0.237798 0.361595 0
0.230812 0.327441 0
0.299075 0.303587 0
0.268037 0.344065 0
0.263099 0.310266 0
0.304116 0.344492 0
0.326185 0.372747 0
0.275354 0.371809 0
0.300515 0.260231 0
0.274587 0.247643 0
0.291739 0.227536 0
0.267807 0.344145 0
0.230897 0.327269 0
0.262871 0.310345 0
0.203528 0.311779 0
0.182676 0.327921 0
0.184437 0.294616 0
0.202259 0.281143 0
0.203593 0.311623 0
0.184503 0.294458 0
0.224488 0.295618 0
0.230554 0.327111 0
0.203823 0.31178 0
0.328253 0.228847 0
0.357644 0.187831 0
0.373047 0.220291 0
0.824142 0.708196 0
0.905084 0.644108 0
0.89874 0.747256 0
0.191509 0.489197 0
0.227842 0.46227 0
0.233501 0.510139 0
0.58269 0.374448 0
0.630395 0.407225 0
0.577995 0.4602 0
0.308127 0.721669 0
0.247666 0.702574 0
0.288487 0.660474 0
0.524033 0.807577 0
0.626242 0.822978 0
0.555444 0.893082 0
0.484161 0.9637 0
0.451409 0.878425 0
0.554728 0.89379 0
0.511592 0.725022 0
0.454053 0.767218 0
0.444454 0.671482 0
0.28897 0.660005 0
0.337897 0.613698 0
0.362128 0.670192 0
0.627604 0.727505 0
0.695518 0.637386 0
0.698141 0.751316 0
0.524274 0.807025 0
0.626791 0.728311 0
0.62648 0.822424 0
0.552251 0.632018 0
0.512047 0.724416 0
0.482668 0.625299 0
0.362554 0.670054 0
0.338324 0.61356 0
0.416119 0.618748 0
0.443798 0.671132 0
0.406074 0.716518 0
0.362875 0.670573 0
0.48199 0.625076 0
0.444232 0.670652 0
0.416872 0.618787 0
0.482306 0.625431 0
0.511686 0.724546 0
0.44455 0.671007 0
0.30851 0.721561 0
0.288871 0.660366 0
0.36203 0.670555 0
0.682853 0.515075 0
0.692012 0.434841 0
0.758244 0.465076 0
0.575163 0.53404 0
0.629686 0.479584 0
0.628691 0.555922 0
0.578152 0.460549 0
0.630553 0.407576 0
0.629702 0.478841 0
0.261582 0.773482 0
0.277823 0.850258 0
0.189082 0.843472 0
0.406808 0.815087 0
0.450484 0.877829 0
0.355534 0.863785 0
0.341942 0.780731 0
0.406444 0.814761 0
0.355169 0.863459 0
0.454114 0.768182 0
0.523109 0.807343 0
0.451201 0.877483 0
0.573227 0.972722 0
0.484572 0.964016 0
0.555135 0.894107 0
0.63933 0.907288 0
0.573745 0.972532 0
0.555655 0.893915 0
0.601328 1.04288 0
0.508216 1.03862 0
0.573459 0.97347 0
0.507289 1.03856 0
0.413655 1.0344 0
0.483876 0.964706 0
0.412696 1.03429 0
0.318571 1.03005 0
0.386339 0.942629 0
0.24534 0.207664 0
0.229641 0.224239 0
0.227006 0.196349 0
0.241668 0.177866 0
0.245379 0.207509 0
0.227046 0.196196 0
0.327916 0.229267 0
0.329427 0.273748 0
0.300821 0.260323 0
0.311755 0.152667 0
0.298179 0.120657 0
0.321716 0.125166 0
0.3444 0.0528834 0
0.319222 0.0501086 0
0.32207 0.0234938 0
0.400869 0.24213 0
0.396374 0.303974 0
0.361641 0.288403 0
0.493883 0.401714 0
0.485575 0.470717 0
0.427785 0.449858 0
0.582219 0.374133 0
0.534548 0.42234 0
0.532976 0.35079 0
0.577479 0.460716 0
0.524591 0.51327 0
0.534503 0.423173 0
0.69141 0.434527 0
0.630083 0.478755 0
0.630932 0.407488 0
0.57464 0.533837 0
0.524725 0.513641 0
0.577614 0.461088 0
0.629516 0.479265 0
0.574992 0.533722 0
0.577965 0.460972 0
0.628611 0.556783 0
0.627642 0.638862 0
0.553127 0.631503 0
0.442789 0.352992 0
0.397705 0.393751 0
0.410639 0.345269 0
0.532525 0.350569 0
0.49424 0.400909 0
0.487603 0.329313 0
0.485309 0.471058 0
0.414494 0.503197 0
0.427517 0.450198 0
0.503488 0.568543 0
0.482322 0.624466 0
0.457472 0.538604 0
0.524086 0.514014 0
0.503628 0.568172 0
0.457614 0.538235 0
0.524478 0.514 0
0.574394 0.534196 0
0.504021 0.56816 0
0.352713 0.42522 0
0.302299 0.450174 0
0.291116 0.406899 0
0.439664 0.399106 0
0.427308 0.449593 0
0.397749 0.394254 0
0.381851 0.462777 0
0.358976 0.520374 0
0.329487 0.484049 0
0.456866 0.538578 0
0.416598 0.61815 0
0.387732 0.56637 0
0.485409 0.471353 0
0.457186 0.537876 0
0.414594 0.503491 0
0.504114 0.568552 0
0.574488 0.53459 0
0.552531 0.631193 0
0.534197 0.423208 0
0.524283 0.513304 0
0.486033 0.471002 0
0.523889 0.8067 0
0.512435 0.725343 0
0.62641 0.727984 0
0.457181 0.538773 0
0.482032 0.624633 0
0.416915 0.618345 0
0.55312 0.632072 0
0.627635 0.639434 0
0.62689 0.727111 0
0.503805 0.568854 0
0.552223 0.631495 0
0.482641 0.624778 0
0.574904 0.534549 0
0.628434 0.556432 0
0.552949 0.631154 0
0.387066 0.566124 0
0.315297 0.562232 0
0.358946 0.520981 0
0.386996 0.566434 0
0.338068 0.613026 0
0.315227 0.56254 0
0.456859 0.538193 0
0.387725 0.565987 0
0.414265 0.503808 0
0.416201 0.6184 0
0.338408 0.613214 0
0.387334 0.566621 0
0.485775 0.471386 0
0.524026 0.513689 0
0.457554 0.537911 0
0.405553 0.717055 0
0.341784 0.779932 0
0.308834 0.722117 0
0.416472 0.618939 0
0.443833 0.670804 0
0.36291 0.670247 0
0.453576 0.76767 0
0.406987 0.814229 0
0.406253 0.717321 0
0.288664 0.659782 0
0.271063 0.603987 0
0.337592 0.613477 0
0.493781 0.401149 0
0.440038 0.398806 0
0.443207 0.353195 0
0.534252 0.42243 0
0.494396 0.401221 0
0.532682 0.350882 0
0.534096 0.422832 0
0.485932 0.470627 0
0.494239 0.401622 0
0.427115 0.449805 0
0.382306 0.462241 0
0.397556 0.394466 0
0.493731 0.401474 0
0.427632 0.449619 0
0.439986 0.39913 0
0.414148 0.503167 0
0.382362 0.462605 0
0.427172 0.45017 0
0.25527 0.440467 0
0.301888 0.450486 0
0.265674 0.484704 0
0.255167 0.440036 0
0.246002 0.399482 0
0.290602 0.406779 0
0.443206 0.352656 0
0.446112 0.309549 0
0.487144 0.329015 0
0.397803 0.393931 0
0.442887 0.353172 0
0.439716 0.398782 0
0.410802 0.344987 0
0.445856 0.309603 0
0.44295 0.352709 0
0.419361 0.277727 0
0.445729 0.309215 0
0.396717 0.304162 0
0.419533 0.277516 0
0.447911 0.241343 0
0.445902 0.309005 0
0.40106 0.242092 0
0.419211 0.277502 0
0.396568 0.303937 0
0.448141 0.241274 0
0.488369 0.257089 0
0.446135 0.308937 0
0.488792 0.257266 0
0.53334 0.274685 0
0.48759 0.32858 0
0.583291 0.293433 0
0.579738 0.214329 0
0.634515 0.231135 0
0.487736 0.328891 0
0.533489 0.274998 0
0.532657 0.350146 0
0.488888 0.25692 0
0.516425 0.225604 0
0.533436 0.274339 0
0.478084 0.200488 0
0.488475 0.256725 0
0.448248 0.24091 0
0.533806 0.27488 0
0.582796 0.294032 0
0.532978 0.35003 0
0.606306 0.122766 0
0.630635 0.080137 0
0.637431 0.171645 0
0.541368 0.128698 0
0.605821 0.122903 0
0.581854 0.16394 0
0.574831 0.0747964 0
0.630422 0.0798116 0
0.606096 0.122441 0
0.488501 0.257383 0
0.487296 0.328696 0
0.446265 0.30923 0
0.637355 0.172453 0
0.634696 0.230728 0
0.579919 0.213923 0
0.772861 0.774384 0
0.767138 0.623894 0
0.823259 0.708221 0
0.627062 0.822241 0
0.627373 0.728124 0
0.697913 0.751936 0
0.682423 0.515122 0
0.630255 0.479115 0
0.691583 0.43489 0
0.695841 0.636024 0
0.682802 0.51605 0
0.739458 0.55565 0
0.629051 0.555861 0
0.630045 0.479521 0
0.682213 0.515527 0
0.288734 0.522014 0
0.254893 0.55202 0
0.233918 0.510549 0
0.328866 0.484129 0
0.289087 0.521702 0
0.265878 0.485089 0
0.314621 0.562189 0
0.255165 0.552194 0
0.289004 0.522187 0
0.329177 0.484247 0
0.358666 0.520572 0
0.2894 0.521821 0
0.289352 0.522082 0
0.358619 0.520834 0
0.314968 0.562083 0
0.352841 0.425477 0
0.3292 0.483691 0
0.302427 0.450432 0
0.382133 0.462841 0
0.41392 0.503403 0
0.35926 0.520439 0
0.353107 0.425517 0
0.381831 0.462458 0
0.329468 0.483731 0
0.353335 0.425218 0
0.39731 0.394384 0
0.382058 0.462158 0
0.413938 0.50375 0
0.387396 0.565928 0
0.359277 0.520785 0
0.337679 0.61315 0
0.271151 0.603662 0
0.314837 0.562665 0
0.355482 0.244201 0
0.361265 0.288309 0
0.329722 0.273892 0
-0.948909 0.983933 0
-1.04794 0.980507 0
-1.04447 0.881475 0
-0.977011 0.850403 0
-0.948672 0.983496 0
-1.04423 0.881038 0
-0.976511 0.85042 0
-0.89528 0.88611 0
-0.948172 0.983513 0
-1.04079 0.781357 0
-0.97732 0.849725 0
-1.04454 0.880359 0
-0.959309 0.743381 0
-1.0361 0.681187 0
-0.90222 0.653159 0
-0.959574 0.744369 0
-0.977035 0.849268 0
-1.04051 0.780901 0
-1.03657 0.68161 0
-0.959773 0.743808 0
-1.04071 0.780337 0
-0.901506 0.653227 0
-0.823515 0.702254 0
-0.958596 0.743452 0
-1.03635 0.680645 0
-1.03195 0.582432 0
-0.902462 0.652622 0
-0.848748 0.987121 0
-0.947742 0.983972 0
-0.894852 0.886568 0
-0.902203 0.652203 0
-1.03169 0.582018 0
-0.959251 0.556861 0
-0.870001 0.495301 0
-0.794359 0.461027 0
-0.766723 0.51743 0
-0.938058 0.452238 0
-0.93166 0.360354 0
-0.856969 0.423509 0
-0.870782 0.494959 0
-0.937854 0.45269 0
-0.856765 0.42396 0
-0.79466 0.460714 0
-0.870302 0.494986 0
-0.856284 0.423986 0
-0.885919 0.571533 0
-0.958659 0.556304 0
-0.87095 0.4958 0
-1.02755 0.482853 0
-1.02331 0.385983 0
-0.938935 0.452524 0
-0.593769 0.326414 0
-0.63536 0.282449 0
-0.578328 0.26652 0
-0.692293 0.213439 0
-0.630048 0.19839 0
-0.63586 0.281842 0
-0.762796 0.159116 0
-0.693149 0.213158 0
-0.75885 0.236928 0
-0.694233 0.149448 0
-0.630244 0.197946 0
-0.692489 0.212995 0
-0.384855 0.303305 0
-0.414398 0.321562 0
-0.397149 0.27163 0
-0.357173 0.286312 0
-0.384663 0.303187 0
-0.396957 0.271512 0
-0.357042 0.286521 0
-0.358157 0.333817 0
-0.384533 0.303396 0
-0.38464 0.303601 0
-0.358265 0.334023 0
-0.389087 0.347862 0
-0.45973 0.259439 0
-0.525081 0.25149 0
-0.48638 0.224853 0
-0.414726 0.321944 0
-0.422613 0.362846 0
-0.457432 0.326201 0
-0.397328 0.27157 0
-0.414576 0.321502 0
-0.43798 0.285449 0
-0.389083 0.348317 0
-0.354108 0.373659 0
-0.387635 0.400049 0
-0.318964 0.399726 0
-0.3874 0.400221 0
-0.353873 0.373832 0
-0.331014 0.530833 0
-0.401923 0.530923 0
-0.377374 0.488071 0
-0.402171 0.531376 0
-0.365128 0.572545 0
-0.417318 0.581791 0
-0.457962 0.326 0
-0.502551 0.335326 0
-0.493152 0.289506 0
-0.414778 0.321685 0
-0.457485 0.325942 0
-0.438181 0.285631 0
-0.464594 0.363757 0
-0.502455 0.335575 0
-0.457866 0.32625 0
-0.485667 0.712135 0
-0.550457 0.655976 0
-0.454756 0.647247 0
-0.578274 0.550332 0
-0.569355 0.482223 0
-0.521602 0.520659 0
-0.578607 0.550315 0
-0.621182 0.515803 0
-0.56969 0.482207 0
-0.605114 0.610788 0
-0.578441 0.550979 0
-0.536059 0.585632 0
-0.6054 0.610554 0
-0.621301 0.516232 0
-0.578727 0.550746 0
-0.765897 0.518058 0
-0.678369 0.55254 0
-0.739067 0.59195 0
-0.688659 0.478693 0
-0.621911 0.515797 0
-0.67772 0.552153 0
-0.688463 0.478327 0
-0.619206 0.442838 0
-0.621714 0.51543 0
-0.569065 0.481659 0
-0.523843 0.426014 0
-0.489223 0.476205 0
-0.535778 0.58533 0
-0.57816 0.550678 0
-0.52149 0.521005 0
-0.618482 0.442549 0
-0.524278 0.425901 0
-0.569498 0.481546 0
-0.793874 0.460824 0
-0.725351 0.434842 0
-0.766238 0.517226 0
-0.55481 0.366908 0
-0.593377 0.326834 0
-0.541435 0.307409 0
-0.668413 0.403277 0
-0.617389 0.381381 0
-0.619123 0.442138 0
-0.668541 0.402933 0
-0.657298 0.339739 0
-0.617517 0.381038 0
-0.692953 0.213602 0
-0.704578 0.291487 0
-0.758656 0.237373 0
-0.541512 0.307072 0
-0.593454 0.326497 0
-0.578012 0.266602 0
-0.657478 0.339039 0
-0.704051 0.292059 0
-0.635994 0.282576 0
-0.657756 0.339312 0
-0.71858 0.363737 0
-0.704327 0.29233 0
-0.594034 0.326658 0
-0.65711 0.339156 0
-0.635624 0.282692 0
-0.555063 0.367155 0
-0.616925 0.380876 0
-0.59363 0.32708 0
-0.512988 0.378847 0
-0.554413 0.367177 0
-0.50294 0.335763 0
-0.464778 0.363933 0
-0.512687 0.378836 0
-0.502639 0.335752 0
-0.523874 0.425307 0
-0.554482 0.367477 0
-0.513058 0.379147 0
-0.524227 0.425519 0
-0.618433 0.442167 0
-0.554836 0.367689 0
-0.488504 0.476237 0
-0.453683 0.436214 0
-0.424184 0.481009 0
-0.569056 0.481976 0
-0.489215 0.476522 0
-0.521304 0.520412 0
-0.523555 0.425766 0
-0.483329 0.407716 0
-0.488935 0.475957 0
-0.617009 0.381261 0
-0.555149 0.367541 0
-0.618744 0.442018 0
-0.482875 0.407373 0
-0.42283 0.363497 0
-0.45366 0.43559 0
-0.482911 0.407133 0
-0.464412 0.36412 0
-0.422866 0.363258 0
-0.493431 0.289443 0
-0.502829 0.335263 0
-0.540927 0.307178 0
-0.492937 0.289339 0
-0.438444 0.285523 0
-0.457746 0.325833 0
-0.488897 0.476779 0
-0.474188 0.558779 0
-0.520985 0.520669 0
-0.483095 0.40775 0
-0.453881 0.435968 0
-0.488702 0.475991 0
-0.512819 0.379281 0
-0.483409 0.407392 0
-0.523636 0.425441 0
-0.512622 0.379076 0
-0.464714 0.364173 0
-0.483212 0.407186 0
-0.404928 0.439398 0
-0.35464 0.448032 0
-0.377464 0.487489 0
-0.453967 0.646743 0
-0.417549 0.582386 0
-0.382488 0.635206 0
-0.785672 0.390427 0
-0.772972 0.313304 0
-0.719238 0.363978 0
-0.394424 0.215062 0
-0.416965 0.183378 0
-0.378337 0.176579 0
-0.459456 0.259305 0
-0.486108 0.224719 0
-0.443736 0.211728 0
-0.492944 0.289118 0
-0.459462 0.259767 0
-0.43845 0.285301 0
-0.493234 0.289005 0
-0.525104 0.251705 0
-0.459753 0.259654 0
-0.486398 0.224304 0
-0.515131 0.18604 0
-0.475406 0.160944 0
-0.394652 0.21538 0
-0.419856 0.243579 0
-0.443297 0.211644 0
-0.525267 0.251244 0
-0.515297 0.186343 0
-0.486567 0.224608 0
-0.364474 0.572502 0
-0.330608 0.531243 0
-0.293148 0.568865 0
-0.249648 0.611707 0
-0.182457 0.623203 0
-0.195655 0.683947 0
-0.32332 0.617672 0
-0.250362 0.611655 0
-0.268264 0.673727 0
-0.292556 0.56874 0
-0.272521 0.518806 0
-0.245183 0.547541 0
-0.668652 0.4036 0
-0.619363 0.442463 0
-0.688621 0.477951 0
-0.718686 0.364425 0
-0.669105 0.403193 0
-0.724774 0.434138 0
-0.657048 0.339485 0
-0.593972 0.326987 0
-0.617266 0.380782 0
-1.02765 0.483853 0
-0.959672 0.556297 0
-1.03211 0.581449 0
-0.938614 0.45211 0
-1.02299 0.385575 0
-0.932218 0.360229 0
-0.354805 8.67868e-05 0
-0.326046 8.70956e-05 0
-0.325188 0.0259278 0
-0.351842 0.0503351 0
-0.384254 0.0525231 0
-0.354292 0.029209 0
-0.386516 -0.0203167 0
-0.354308 -0.0289325 0
-0.355104 -0.000164781 0
-0.92295 -0.272776 0
-1.0166 -0.192398 0
-1.0195 -0.287935 0
-0.35429 -0.0292083 0
-0.384254 -0.0525227 0
-0.351842 -0.0503347 0
-0.300171 -7.53806e-05 0
-0.325862 -7.49485e-05 0
-0.324993 -0.0223559 0
-0.38466 0.0527386 0
-0.406677 0.0887703 0
-0.420855 0.0552274 0
-0.325002 0.0260064 0
-0.325859 0.000164903 0
-0.299258 0.0234017 0
-0.29191 0.0699221 0
-0.310078 0.0953913 0
-0.318048 0.0706392 0
-0.423223 0.0193872 0
-0.421168 0.0550125 0
-0.461654 0.0578381 0
-0.354408 0.0291087 0
-0.38437 0.052423 0
-0.386614 0.0204923 0
-0.325282 0.0260247 0
-0.354105 0.0289524 0
-0.354899 0.000183661 0
-0.32499 0.026168 0
-0.299247 0.023564 0
-0.322441 0.0483128 0
-0.373514 0.0832738 0
-0.406519 0.0888643 0
-0.3845 0.0528328 0
-0.572849 0.183915 0
-0.579888 0.11922 0
-0.521024 0.139862 0
-0.580159 0.118542 0
-0.616368 0.056332 0
-0.558703 0.0649652 0
-0.539343 0.10272 0
-0.579901 0.118698 0
-0.558444 0.0651208 0
-0.50781 0.0613467 0
-0.5391 0.102528 0
-0.558203 0.0649284 0
-0.520911 0.139591 0
-0.579776 0.118948 0
-0.539217 0.10297 0
-0.573399 0.184142 0
-0.629649 0.197781 0
-0.635413 0.129005 0
-0.762582 0.158823 0
-0.694678 0.149318 0
-0.692932 0.212864 0
-0.836892 0.252927 0
-0.838771 0.169606 0
-0.759585 0.237097 0
-0.828569 0.0775674 0
-0.8281 -0.00543814 0
-0.750709 0.0696539 0
-0.763219 0.158107 0
-0.828352 0.0781156 0
-0.750491 0.0702033 0
-0.839587 0.168852 0
-0.923762 0.177078 0
-0.91646 0.0871401 0
-0.829417 0.0776314 0
-0.916401 0.086236 0
-0.915848 -0.00256704 0
-0.749506 -0.0778501 0
-0.750389 -0.000281102 0
-0.827836 -0.00619041 0
-0.679534 0.0622508 0
-0.679633 0.000250899 0
-0.616831 0.0129683 0
-0.580417 0.118755 0
-0.635394 0.128315 0
-0.616623 0.0565445 0
-0.694869 0.148839 0
-0.762773 0.158345 0
-0.750041 0.07044 0
-0.760837 -0.165947 0
-0.827979 -0.0843705 0
-0.838747 -0.168806 0
-0.652853 -0.112932 0
-0.615588 -0.0690271 0
-0.678248 -0.0734849 0
-0.630019 -0.197773 0
-0.628613 -0.151915 0
-0.690616 -0.158764 0
-0.629626 -0.197859 0
-0.573375 -0.18422 0
-0.628219 -0.152 0
-0.713493 -0.0376688 0
-0.750005 -0.000386545 0
-0.749123 -0.0779565 0
-0.678896 -0.0732648 0
-0.713254 -0.0379133 0
-0.748886 -0.0782013 0
-0.678553 -0.0731214 0
-0.646895 -0.0354902 0
-0.712912 -0.0377699 0
-1.01659 -0.19145 0
-0.923924 -0.179997 0
-1.01474 -0.0963784 0
-0.559676 0.0148486 0
-0.50952 0.0164747 0
-0.558277 0.0644852 0
-0.616221 0.0129953 0
-0.560228 0.0148081 0
-0.616493 0.0558115 0
-0.679324 0.0624378 0
-0.61662 0.0131553 0
-0.616894 0.0559713 0
-0.646567 -0.0355941 0
-0.678227 -0.0732255 0
-0.615567 -0.0687675 0
-0.616503 0.012412 0
-0.64636 -0.0353068 0
-0.615358 -0.06848 0
-0.679846 -0.000244001 0
-0.712917 -0.0375256 0
-0.646899 -0.0352455 0
-0.653106 -0.113232 0
-0.678498 -0.073784 0
-0.690859 -0.15822 0
-0.62869 -0.151632 0
-0.652939 -0.113493 0
-0.690693 -0.158481 0
-0.628363 -0.151462 0
-0.593407 -0.107904 0
-0.652613 -0.113323 0
-0.557719 -0.032548 0
-0.614861 -0.0687768 0
-0.555853 -0.0790361 0
-0.50478 -0.0770779 0
-0.557349 -0.0325756 0
-0.555484 -0.079064 0
-0.560031 0.0145134 0
-0.616024 0.0127009 0
-0.557737 -0.0319625 0
-0.61672 0.0126414 0
-0.679523 -7.56076e-05 0
-0.646575 -0.0350772 0
-0.318275 0.0704879 0
-0.347418 0.0713994 0
-0.32258 0.0486209 0
-0.296489 0.0468819 0
-0.318104 0.070406 0
-0.322409 0.0485382 0
-0.310231 0.0954887 0
-0.337399 0.0990426 0
-0.3182 0.0707374 0
-0.484292 0.102436 0
-0.443789 0.0954638 0
-0.43292 0.129948 0
-0.538898 0.102915 0
-0.484903 0.102493 0
-0.520592 0.139536 0
-0.507307 0.0613224 0
-0.462147 0.0581357 0
-0.484601 0.102082 0
-0.443529 0.0954192 0
-0.406914 0.0891626 0
-0.43266 0.129903 0
-0.475125 0.16035 0
-0.484395 0.102654 0
-0.433025 0.130165 0
-0.461722 0.0580918 0
-0.421237 0.0552665 0
-0.443674 0.0950658 0
-0.463931 0.0180766 0
-0.462078 0.0578537 0
-0.507237 0.0610407 0
-0.46365 0.0179362 0
-0.423366 0.0192628 0
-0.461796 0.0577137 0
-0.373205 0.0835406 0
-0.337753 0.099175 0
-0.360875 0.122361 0
-0.326046 -7.49402e-05 0
-0.354805 -7.45586e-05 0
-0.325176 -0.0223552 0
-0.296426 0.0467246 0
-0.322345 0.0483816 0
-0.299151 0.0236328 0
-0.354899 -0.000171436 0
-0.354103 -0.0289398 0
-0.32527 -0.0224521 0
-0.386624 0.0201525 0
-0.386624 -0.0201522 0
-0.355213 1.38541e-07 0
-0.420789 0.0549988 0
-0.386836 0.0205795 0
-0.384593 0.0525096 0
-0.404382 -0.00125077 0
-0.422918 -0.0190814 0
-0.38691 -0.0202872 0
-0.386788 0.0201485 0
-0.40426 -0.00111916 0
-0.386788 -0.0201556 0
-0.423039 0.0189426 0
-0.423039 -0.0189498 0
-0.404503 -0.00111914 0
-0.463943 -0.0176737 0
-0.463943 0.0175654 0
-0.508885 -0.0162093 0
-0.420855 -0.0552271 0
-0.406676 -0.0887697 0
-0.38466 -0.0527383 0
-0.461654 -0.0578382 0
-0.421168 -0.0550122 0
-0.423223 -0.019387 0
-0.461722 -0.0580919 0
-0.443673 -0.095065 0
-0.421237 -0.0552662 0
-0.38437 -0.0524227 0
-0.354407 -0.029108 0
-0.386614 -0.0204919 0
-0.291801 0.0699948 0
-0.285509 0.0923739 0
-0.309968 0.0954639 0
-1.01438 -0.0954645 0
-0.916075 -0.0924765 0
-0.916465 -0.00374529 0
-0.277441 0.114576 0
-0.293078 0.140427 0
-0.302331 0.120112 0
-0.267623 0.135747 0
-0.292962 0.140478 0
-0.277325 0.114628 0
-0.924682 0.177184 0
-1.01659 0.19144 0
-1.01474 0.0963716 0
-1.01375 0.00027883 0
-0.916468 -0.00282515 0
-0.917017 0.0859732 0
-0.772701 0.312975 0
-0.704714 0.292243 0
-0.718965 0.363648 0
-0.915843 -0.00370074 0
-0.915452 -0.0924362 0
-0.828756 -0.0835724 0
-0.829121 0.0773224 0
-0.915556 -0.00287534 0
-0.828654 -0.00568076 0
-1.01408 -0.000326162 0
-1.01471 -0.0951542 0
-0.916795 -0.00343614 0
-0.541002 0.306898 0
-0.525376 0.251863 0
-0.493507 0.289163 0
-0.541284 0.306821 0
-0.577785 0.266352 0
-0.525659 0.251787 0
-0.635985 0.128437 0
-0.694209 0.148715 0
-0.679645 0.063133 0
-0.616957 0.0563571 0
-0.635724 0.128127 0
-0.679388 0.0628232 0
-0.580271 0.119182 0
-0.573232 0.183878 0
-0.635248 0.128742 0
-0.575594 0.225015 0
-0.629449 0.198104 0
-0.573199 0.184464 0
-0.636111 0.282156 0
-0.704168 0.291638 0
-0.69254 0.213752 0
-0.575213 0.224974 0
-0.572817 0.184424 0
-0.515755 0.186121 0
-0.5779 0.266079 0
-0.575263 0.225466 0
-0.525774 0.251514 0
-0.578267 0.266182 0
-0.6353 0.28211 0
-0.575631 0.225569 0
-0.395063 0.12622 0
-0.386661 0.15112 0
-0.432431 0.130213 0
-0.307416 0.170901 0
-0.320003 0.204405 0
-0.33656 0.179423 0
-0.419847 0.244012 0
-0.397346 0.27131 0
-0.437998 0.285189 0
-0.443513 0.211792 0
-0.420073 0.243727 0
-0.459235 0.259369 0
-0.394414 0.21549 0
-0.372391 0.244406 0
-0.419619 0.243689 0
-0.417183 0.183495 0
-0.394643 0.215178 0
-0.443289 0.211443 0
-0.358266 0.205731 0
-0.338513 0.23221 0
-0.371999 0.244335 0
-0.336924 0.179445 0
-0.35828 0.205328 0
-0.377948 0.176534 0
-0.320179 0.204696 0
-0.338339 0.232077 0
-0.358092 0.205598 0
-0.307139 0.170633 0
-0.293105 0.140758 0
-0.280588 0.16302 0
-0.336565 0.179228 0
-0.321469 0.146282 0
-0.307421 0.170706 0
-0.386421 0.151095 0
-0.394824 0.126195 0
-0.36111 0.122677 0
-0.416939 0.183165 0
-0.386553 0.151465 0
-0.378311 0.176366 0
-0.41712 0.18301 0
-0.432504 0.130404 0
-0.386735 0.15131 0
-0.330025 0.119385 0
-0.310153 0.0957217 0
-0.302564 0.119979 0
-0.360731 0.122481 0
-0.337609 0.0992957 0
-0.330312 0.119405 0
-0.386281 0.151182 0
-0.360969 0.122765 0
-0.352925 0.152216 0
-0.39478 0.125968 0
-0.373395 0.083631 0
-0.361067 0.122451 0
-0.351644 0.0502471 0
-0.354094 0.0291204 0
-0.325271 0.0261933 0
-0.322617 0.0484021 0
-0.351538 0.0503117 0
-0.325166 0.026258 0
-0.291864 0.069759 0
-0.318001 0.0704769 0
-0.296387 0.046953 0
-0.34753 0.0713323 0
-0.351613 0.0504627 0
-0.322691 0.0485536 0
-0.373161 0.0833703 0
-0.347652 0.0716109 0
-0.337708 0.0990047 0
-0.373207 0.0832083 0
-0.351782 0.0505793 0
-0.347699 0.0714484 0
-0.37333 0.0831454 0
-0.384318 0.0527038 0
-0.351905 0.0505163 0
-0.302305 0.119952 0
-0.285435 0.0926048 0
-0.277416 0.114415 0
-0.352737 0.15211 0
-0.360782 0.122659 0
-0.330362 0.119582 0
-0.337524 0.0989625 0
-0.347468 0.0715681 0
-0.318325 0.070657 0
-0.302478 0.120218 0
-0.293226 0.140532 0
-0.321308 0.145984 0
-0.330063 0.119553 0
-0.302601 0.120147 0
-0.321432 0.145914 0
-0.352606 0.152188 0
-0.33023 0.119661 0
-0.3216 0.146021 0
-0.33744 0.0992055 0
-0.31027 0.0956517 0
-0.330142 0.119315 0
-0.310004 0.0956312 0
-0.285544 0.092542 0
-0.302414 0.119889 0
-0.26751 0.135962 0
-0.256193 0.156248 0
-0.280332 0.162955 0
-0.924027 0.269823 0
-1.01629 0.192022 0
-0.924378 0.177767 0
-0.280329 0.163117 0
-0.256189 0.156411 0
-0.266546 0.184202 0
-0.459217 0.259616 0
-0.420055 0.243973 0
-0.438205 0.28515 0
-0.4328 0.130435 0
-0.417416 0.183041 0
-0.474901 0.16062 0
-0.520379 0.139728 0
-0.484688 0.102686 0
-0.475418 0.160382 0
-0.386339 0.151362 0
-0.352983 0.152395 0
-0.378096 0.176263 0
-0.406751 0.0892654 0
-0.39513 0.126012 0
-0.432498 0.130006 0
-0.406554 0.0891092 0
-0.373548 0.083519 0
-0.394932 0.125857 0
-0.37814 0.176653 0
-0.358473 0.205448 0
-0.394229 0.215136 0
-0.280585 0.163197 0
-0.292109 0.193772 0
-0.307136 0.170811 0
-0.267633 0.13591 0
-0.280455 0.162903 0
-0.292973 0.14064 0
-0.256065 0.156453 0
-0.243203 0.175784 0
-0.266422 0.184244 0
-0.237303 0.218848 0
-0.228577 0.194418 0
-0.212862 0.211507 0
-0.237555 0.218928 0
-0.264049 0.227231 0
-0.252639 0.202366 0
-0.195689 0.227597 0
-0.206821 0.248827 0
-0.223011 0.233514 0
-0.206778 0.249082 0
-0.187041 0.264609 0
-0.218941 0.272591 0
-0.234513 0.257753 0
-0.206938 0.249059 0
-0.219099 0.272568 0
-0.195537 0.227625 0
-0.177357 0.242056 0
-0.206669 0.248855 0
-0.278669 0.211072 0
-0.266529 0.184515 0
-0.252785 0.202197 0
-0.307267 0.17095 0
-0.292242 0.19391 0
-0.319854 0.204453 0
-0.336716 0.179167 0
-0.352628 0.152388 0
-0.321621 0.14622 0
-0.358087 0.205422 0
-0.33673 0.179539 0
-0.320173 0.20452 0
-0.37793 0.176356 0
-0.352817 0.152489 0
-0.336906 0.179268 0
-0.321325 0.146153 0
-0.293241 0.140701 0
-0.307275 0.170577 0
-0.266411 0.184397 0
-0.243191 0.175938 0
-0.252666 0.202079 0
-0.280449 0.163243 0
-0.266667 0.184327 0
-0.291974 0.193817 0
-0.243065 0.175971 0
-0.228729 0.194243 0
-0.25254 0.202112 0
-0.917048 0.0868979 0
-0.924346 0.176831 0
-1.01441 0.0960224 0
-1.01408 0.000608213 0
-0.917348 0.0863041 0
-1.01471 0.0954326 0
-0.82916 0.0782068 0
-0.839268 0.168519 0
-0.916144 0.0868091 0
-0.759337 0.23678 0
-0.838526 0.169292 0
-0.763285 0.15897 0
-0.837441 0.252727 0
-0.923497 0.177633 0
-0.839322 0.169408 0
-0.773277 0.312423 0
-0.836673 0.253407 0
-0.759366 0.237576 0
-0.704848 0.29182 0
-0.772835 0.312553 0
-0.758923 0.237704 0
-0.786104 0.390331 0
-0.84822 0.335653 0
-0.773406 0.31321 0
-0.932489 0.359682 0
-1.02326 0.385026 0
-1.01955 0.288867 0
-0.849208 0.335409 0
-0.931586 0.359455 0
-0.923494 0.270911 0
-0.848497 0.336021 0
-0.786383 0.390702 0
-0.856183 0.42322 0
-0.209292 0.317788 0
-0.247027 0.327737 0
-0.232507 0.299085 0
-0.381878 0.635077 0
-0.364749 0.573011 0
-0.324083 0.617414 0
-0.369913 0.747834 0
-0.410675 0.695155 0
-0.346243 0.680059 0
-0.755369 0.775026 0
-0.840604 0.787089 0
-0.822633 0.702805 0
-0.405294 0.439067 0
-0.453285 0.435821 0
-0.388021 0.400561 0
-0.354673 0.44774 0
-0.404963 0.439107 0
-0.387689 0.4006 0
-0.423906 0.480885 0
-0.453404 0.43609 0
-0.405414 0.439337 0
-0.377695 0.487599 0
-0.423652 0.481059 0
-0.40516 0.439509 0
-0.319597 0.475405 0
-0.377178 0.48761 0
-0.354354 0.448152 0
-0.402234 0.530757 0
-0.423642 0.481364 0
-0.377686 0.487906 0
-0.402556 0.530995 0
-0.473577 0.55883 0
-0.423965 0.481602 0
-0.319518 0.475682 0
-0.330738 0.530648 0
-0.377098 0.487886 0
-0.417681 0.581745 0
-0.473554 0.559166 0
-0.402536 0.531332 0
-0.424254 0.48142 0
-0.473865 0.558647 0
-0.488572 0.476648 0
-0.38219 0.634958 0
-0.41725 0.582138 0
-0.365062 0.572893 0
-0.382467 0.635583 0
-0.411078 0.694669 0
-0.453945 0.64712 0
-0.678201 0.55216 0
-0.76573 0.517679 0
-0.689142 0.4787 0
-0.0553273 0.321112 0
-0.0486096 0.296128 0
-0.0255669 0.298996 0
-0.12971 0.326569 0
-0.137066 0.35573 0
-0.160144 0.345937 0
-0.146266 0.290455 0
-0.122844 0.300092 0
-0.155829 0.316745 0
-0.109895 0.334322 0
-0.136899 0.355691 0
-0.12954 0.32653 0
-0.101888 0.308266 0
-0.109777 0.334163 0
-0.129423 0.326371 0
-0.0894019 0.340653 0
-0.0988252 0.369387 0
-0.109633 0.334414 0
-0.0296192 0.324543 0
-0.0124835 0.35415 0
-0.0410668 0.352594 0
-0.0989828 0.369438 0
-0.136795 0.355835 0
-0.109793 0.334465 0
-0.153636 0.42548 0
-0.184609 0.436889 0
-0.174431 0.398058 0
-0.194026 0.369612 0
-0.183772 0.336284 0
-0.160516 0.346016 0
-0.10193 0.308152 0
-0.129467 0.326256 0
-0.122607 0.300183 0
-0.0942916 0.284971 0
-0.101813 0.308013 0
-0.12249 0.300044 0
-0.0774311 0.316677 0
-0.0893301 0.340477 0
-0.109562 0.334238 0
-0.0556322 0.321319 0
-0.0891503 0.340433 0
-0.0772489 0.316633 0
-0.14514 0.388756 0
-0.174344 0.397715 0
-0.167152 0.371003 0
-0.232375 0.298807 0
-0.219061 0.272841 0
-0.197655 0.289801 0
-0.212705 0.211667 0
-0.195709 0.227471 0
-0.223031 0.233389 0
-0.209125 0.317661 0
-0.232341 0.298958 0
-0.197623 0.289951 0
-0.328552 0.265864 0
-0.318726 0.300538 0
-0.356723 0.286284 0
-0.272936 0.257419 0
-0.294629 0.277821 0
-0.293218 0.236912 0
-0.272833 0.257619 0
-0.26266 0.296488 0
-0.294527 0.278021 0
-0.250421 0.421602 0
-0.217824 0.449225 0
-0.253743 0.472625 0
-0.280341 0.394946 0
-0.250781 0.421289 0
-0.298853 0.433066 0
-0.280129 0.394779 0
-0.23575 0.383418 0
-0.250569 0.421122 0
-0.443557 0.211261 0
-0.474937 0.160891 0
-0.417453 0.183313 0
-0.84839 0.335194 0
-0.836971 0.253733 0
-0.773576 0.312752 0
-0.856669 0.423117 0
-0.931362 0.359966 0
-0.848984 0.335919 0
-0.794377 0.460364 0
-0.856002 0.423638 0
-0.786202 0.391119 0
-0.719077 0.364384 0
-0.725164 0.434096 0
-0.785512 0.390833 0
-0.767028 0.517803 0
-0.885276 0.571405 0
-0.870306 0.49567 0
-0.621317 0.515442 0
-0.618807 0.442849 0
-0.569824 0.481846 0
-0.725 0.4349 0
-0.689299 0.478307 0
-0.765888 0.517286 0
-0.724675 0.434519 0
-0.669006 0.403574 0
-0.688974 0.477924 0
-0.785763 0.391154 0
-0.725416 0.434419 0
-0.793939 0.460401 0
-0.718461 0.364108 0
-0.657637 0.339683 0
-0.668879 0.402876 0
-0.813076 0.616481 0
-0.823027 0.701826 0
-0.901017 0.652802 0
-0.766837 0.518204 0
-0.812834 0.615596 0
-0.885083 0.571808 0
-0.739453 0.592705 0
-0.747122 0.679842 0
-0.812281 0.616206 0
-0.959358 0.555864 0
-1.02734 0.483425 0
-0.938721 0.453093 0
-0.923179 0.270558 0
-0.837474 0.253593 0
-0.848891 0.335052 0
-1.0166 0.192389 0
-0.924347 0.270196 0
-1.0195 0.287926 0
-0.923777 0.177969 0
-0.837724 0.253066 0
-0.92343 0.27003 0
-0.2788 0.211045 0
-0.291969 0.193977 0
-0.266661 0.184487 0
-0.235596 0.383059 0
-0.262889 0.359746 0
-0.221946 0.349005 0
-0.217663 0.449007 0
-0.250259 0.421384 0
-0.20562 0.407592 0
-0.280172 0.394574 0
-0.263084 0.359899 0
-0.235791 0.383212 0
-0.221593 0.348708 0
-0.209044 0.317981 0
-0.184026 0.336121 0
-0.205491 0.4072 0
-0.235312 0.383288 0
-0.194349 0.369974 0
-0.194402 0.369778 0
-0.235367 0.383093 0
-0.221715 0.349038 0
-0.354386 0.447608 0
-0.3874 0.400469 0
-0.318967 0.399973 0
-0.293323 0.236513 0
-0.319763 0.20473 0
-0.278982 0.211255 0
-0.293522 0.236583 0
-0.338123 0.232181 0
-0.319961 0.204801 0
-0.249478 0.242539 0
-0.272688 0.257269 0
-0.264155 0.227494 0
-0.237544 0.219062 0
-0.24936 0.242411 0
-0.264038 0.227366 0
-0.234752 0.257744 0
-0.248051 0.276249 0
-0.249296 0.242703 0
-0.294845 0.338223 0
-0.247416 0.328007 0
-0.263172 0.359526 0
-0.356821 0.286512 0
-0.318826 0.300766 0
-0.357937 0.333808 0
-0.262368 0.296792 0
-0.232685 0.299014 0
-0.247204 0.327666 0
-0.318364 0.300673 0
-0.294745 0.278225 0
-0.282173 0.314378 0
-0.247951 0.276349 0
-0.234651 0.257844 0
-0.219237 0.27266 0
-0.272677 0.257613 0
-0.248222 0.276428 0
-0.262505 0.296482 0
-0.272635 0.257433 0
-0.249424 0.242702 0
-0.248178 0.276248 0
-0.264302 0.227475 0
-0.272834 0.25725 0
-0.293117 0.236743 0
-0.262533 0.296844 0
-0.247368 0.327719 0
-0.281828 0.314531 0
-0.372185 0.244278 0
-0.394209 0.215362 0
-0.358453 0.205674 0
-0.328669 0.265497 0
-0.3719 0.244535 0
-0.338414 0.23241 0
-0.397125 0.271174 0
-0.419627 0.243876 0
-0.372401 0.244593 0
-0.179807 0.302295 0
-0.156143 0.316905 0
-0.18371 0.335961 0
-0.197446 0.289962 0
-0.180031 0.302144 0
-0.208951 0.317671 0
-0.197326 0.289708 0
-0.186832 0.264766 0
-0.165842 0.279096 0
-0.237436 0.218818 0
-0.252521 0.202256 0
-0.228709 0.194387 0
-0.264187 0.227206 0
-0.278661 0.211216 0
-0.252777 0.20234 0
-0.248088 0.276567 0
-0.232688 0.298843 0
-0.262372 0.296621 0
-0.237407 0.219083 0
-0.223292 0.233465 0
-0.249223 0.242431 0
-0.21923 0.272797 0
-0.232543 0.298763 0
-0.247944 0.276487 0
-0.223141 0.233616 0
-0.206951 0.248928 0
-0.234527 0.257622 0
-0.249214 0.24256 0
-0.223283 0.233594 0
-0.234668 0.257601 0
-0.237285 0.218979 0
-0.212843 0.211639 0
-0.22317 0.233362 0
-0.187011 0.264745 0
-0.197503 0.289687 0
-0.218909 0.272727 0
-0.293404 0.236939 0
-0.294815 0.277848 0
-0.328261 0.265623 0
-0.221803 0.34868 0
-0.24699 0.327904 0
-0.209256 0.317954 0
-0.35713 0.286116 0
-0.396916 0.271315 0
-0.37219 0.244734 0
-0.325824 0.336376 0
-0.309228 0.363585 0
-0.353635 0.373497 0
-0.247478 0.327857 0
-0.294909 0.338072 0
-0.281937 0.31467 0
-0.26333 0.359833 0
-0.280416 0.394508 0
-0.308773 0.363734 0
-0.422511 0.363473 0
-0.388078 0.400307 0
-0.453343 0.435567 0
-0.457598 0.326341 0
-0.42278 0.362986 0
-0.464327 0.363849 0
-0.388984 0.348097 0
-0.358163 0.334257 0
-0.354009 0.373438 0
-0.414497 0.322017 0
-0.389401 0.348021 0
-0.422386 0.362919 0
-0.414372 0.321818 0
-0.384829 0.303561 0
-0.389275 0.347821 0
-0.318365 0.300874 0
-0.282175 0.314579 0
-0.295145 0.337982 0
-0.328345 0.265837 0
-0.2949 0.278062 0
-0.318519 0.30051 0
-0.371961 0.244716 0
-0.328731 0.265677 0
-0.356901 0.286097 0
-0.338151 0.232384 0
-0.293551 0.236786 0
-0.328406 0.265471 0
-0.294557 0.278211 0
-0.262692 0.296678 0
-0.281986 0.314365 0
-0.318424 0.399906 0
-0.280569 0.394874 0
-0.29908 0.432994 0
-0.357951 0.334218 0
-0.325988 0.336278 0
-0.353798 0.373399 0
-0.295051 0.338342 0
-0.263378 0.359645 0
-0.308823 0.363545 0
-0.221984 0.34882 0
-0.262928 0.359561 0
-0.24717 0.328043 0
-0.389312 0.348282 0
-0.387862 0.400013 0
-0.422296 0.363181 0
-0.325628 0.336258 0
-0.29526 0.338264 0
-0.309032 0.363467 0
-0.318722 0.300932 0
-0.32587 0.336035 0
-0.357834 0.333975 0
-0.318511 0.300946 0
-0.295291 0.338054 0
-0.32566 0.336048 0
-0.318671 0.400083 0
-0.299326 0.433171 0
-0.354091 0.447718 0
-0.309204 0.363797 0
-0.318702 0.399604 0
-0.35361 0.373709 0
-0.308958 0.363867 0
-0.280601 0.394642 0
-0.318458 0.399674 0
-0.31976 0.204587 0
-0.292147 0.194045 0
-0.278979 0.211112 0
-0.165648 0.279222 0
-0.146489 0.290336 0
-0.179716 0.302016 0
-0.197302 0.289833 0
-0.16582 0.27922 0
-0.179886 0.302015 0
-0.1867 0.26465 0
-0.157889 0.255283 0
-0.16571 0.27898 0
-0.177327 0.24218 0
-0.186902 0.264506 0
-0.206639 0.248979 0
-0.177165 0.242201 0
-0.157928 0.255159 0
-0.18674 0.264526 0
-1.01922 0.288487 0
-0.924065 0.270756 0
-0.932155 0.359296 0
-0.516631 0.786688 0
-0.566741 0.731855 0
-0.485928 0.712856 0
-0.823314 0.702703 0
-0.841284 0.786985 0
-0.958392 0.743903 0
-0.812346 0.615664 0
-0.766348 0.51827 0
-0.739516 0.592162 0
-0.958762 0.556827 0
-0.886022 0.572058 0
-0.901715 0.652166 0
-0.958835 0.555905 0
-0.938197 0.453131 0
-0.871125 0.495403 0
-0.681771 0.639171 0
-0.657224 0.752058 0
-0.74641 0.680453 0
-0.551297 0.656168 0
-0.567319 0.731326 0
-0.623878 0.685161 0
-0.605317 0.611469 0
-0.551424 0.655766 0
-0.624006 0.684758 0
-0.535463 0.586101 0
-0.454922 0.646823 0
-0.550625 0.655554 0
-0.417855 0.582132 0
-0.454274 0.646489 0
-0.473728 0.559552 0
-0.411382 0.695304 0
-0.442235 0.759881 0
-0.485159 0.712643 0
-0.517004 0.787034 0
-0.59745 0.816036 0
-0.567116 0.732202 0
-0.687473 0.84812 0
-0.776864 0.855503 0
-0.754705 0.77574 0
-0.748075 0.990066 0
-0.713308 0.924694 0
-0.649802 0.992568 0
-0.748649 0.9898 0
-0.820296 0.913406 0
-0.713878 0.924429 0
-0.749097 0.990011 0
-0.847834 0.987232 0
-0.820746 0.913616 0
-0.777843 0.855669 0
-0.894257 0.885474 0
-0.840919 0.787969 0
-0.841798 0.787479 0
-0.976369 0.849292 0
-0.958907 0.744392 0
-0.841585 0.787951 0
-0.894923 0.885453 0
-0.976153 0.849766 0
-0.821233 0.913269 0
-0.848324 0.986883 0
-0.894427 0.886331 0
-0.777777 0.856089 0
-0.820996 0.91283 0
-0.894189 0.885893 0
-0.777173 0.856215 0
-0.713974 0.923981 0
-0.820391 0.912958 0
-0.137515 0.266718 0
-0.165547 0.278986 0
-0.157725 0.25529 0
-0.323786 0.617193 0
-0.36445 0.572789 0
-0.293126 0.569153 0
-0.268097 0.674488 0
-0.236307 0.713379 0
-0.287401 0.743283 0
-0.195253 0.684143 0
-0.182056 0.623399 0
-0.129992 0.669887 0
-0.23578 0.713451 0
-0.195675 0.684728 0
-0.202297 0.754545 0
-0.287179 0.743551 0
-0.236087 0.713648 0
-0.202603 0.754741 0
-0.267788 0.67429 0
-0.195893 0.684458 0
-0.236 0.713181 0
-0.267836 0.67395 0
-0.249935 0.611878 0
-0.19594 0.684117 0
-0.345491 0.679973 0
-0.268463 0.674375 0
-0.287767 0.74317 0
-0.323403 0.617322 0
-0.292743 0.569283 0
-0.250443 0.611304 0
-0.129327 0.670265 0
-0.0577264 0.676591 0
-0.120536 0.743904 0
-0.169597 0.568011 0
-0.122553 0.6065 0
-0.181946 0.622798 0
-0.067433 0.460731 0
-0.108102 0.4988 0
-0.130916 0.478119 0
-0.00323502 0.422619 0
0.0125638 0.463492 0
-0.0269393 0.462607 0
-0.0808537 0.527754 0
-0.0859476 0.580768 0
-0.114835 0.549796 0
-0.0911291 0.640575 0
-0.12197 0.606604 0
-0.086006 0.581336 0
-0.0573775 0.676058 0
-0.0908073 0.640916 0
-0.0545752 0.613691 0
-0.129445 0.669688 0
-0.122116 0.606901 0
-0.0912742 0.640871 0
-0.169492 0.567471 0
-0.157933 0.518078 0
-0.115372 0.549718 0
-0.200469 0.53196 0
-0.230524 0.495878 0
-0.195915 0.480914 0
-0.169777 0.567413 0
-0.20014 0.532323 0
-0.158218 0.51802 0
-0.244736 0.547343 0
-0.230688 0.496101 0
-0.200633 0.532183 0
-0.29248 0.569049 0
-0.245108 0.547851 0
-0.250182 0.611072 0
-0.272314 0.518562 0
-0.230929 0.496056 0
-0.244976 0.547297 0
-0.115254 0.550015 0
-0.12233 0.606256 0
-0.169372 0.567767 0
-0.018694 0.532549 0
-0.00755407 0.584013 0
-0.0511281 0.556954 0
0.106826 0.630325 0
0.0395115 0.613218 0
0.0921969 0.578603 0
0.036525 0.676662 0
-0.0098152 0.64427 0
0.038934 0.613592 0
-0.0576267 0.676246 0
-0.129227 0.66992 0
-0.0910578 0.641104 0
-0.441797 0.760428 0
-0.370182 0.748531 0
-0.395662 0.823126 0
-0.441849 0.76 0
-0.410997 0.695423 0
-0.370233 0.748102 0
-0.423264 0.905988 0
-0.475376 0.831912 0
-0.395952 0.823892 0
-0.485512 0.71295 0
-0.442586 0.760188 0
-0.516215 0.786783 0
-0.550834 0.656259 0
-0.486042 0.712417 0
-0.566856 0.731418 0
-0.45429 0.647377 0
-0.411422 0.694926 0
-0.4852 0.712266 0
-0.840451 0.787601 0
-0.755218 0.775538 0
-0.777378 0.855299 0
-0.554507 0.366937 0
-0.541131 0.307438 0
-0.503034 0.335523 0
-0.746685 0.679918 0
-0.739015 0.592779 0
-0.682044 0.638637 0
-0.822318 0.702449 0
-0.747208 0.68074 0
-0.755057 0.774668 0
-0.822512 0.701918 0
-0.81256 0.616572 0
-0.7474 0.68021 0
-0.813285 0.616047 0
-0.901227 0.652366 0
-0.885534 0.572256 0
-0.382106 0.635692 0
-0.346283 0.679683 0
-0.410717 0.694779 0
-0.146184 0.290209 0
-0.137312 0.266828 0
-0.116283 0.276637 0
-0.094123 0.284942 0
-0.0718057 0.291364 0
-0.101645 0.307984 0
-0.156018 0.316752 0
-0.179683 0.302143 0
-0.146458 0.290462 0
-0.122789 0.300212 0
-0.129646 0.326286 0
-0.155772 0.316865 0
-0.116233 0.276749 0
-0.122711 0.299958 0
-0.146134 0.29032 0
-0.116061 0.276731 0
-0.0943407 0.284865 0
-0.122539 0.299939 0
-0.183886 0.335964 0
-0.208905 0.317826 0
-0.179986 0.302298 0
-0.160388 0.34584 0
-0.183645 0.336108 0
-0.156079 0.317051 0
-0.129772 0.326439 0
-0.160208 0.345807 0
-0.155897 0.317018 0
-0.137141 0.356021 0
-0.145015 0.388616 0
-0.167028 0.370863 0
-0.19423 0.369621 0
-0.221543 0.348881 0
-0.183977 0.336294 0
-0.713 0.923984 0
-0.686809 0.848836 0
-0.619446 0.921418 0
-0.324021 0.617772 0
-0.345993 0.679424 0
-0.381814 0.635434 0
-0.47544 0.831425 0
-0.442152 0.760707 0
-0.396014 0.823404 0
-0.452627 0.997204 0
-0.513459 0.908456 0
-0.42358 0.906824 0
-0.514257 0.907453 0
-0.597272 0.816623 0
-0.51683 0.787622 0
-0.776726 0.856 0
-0.687336 0.848617 0
-0.713529 0.923764 0
-0.516181 0.78718 0
-0.442555 0.760586 0
-0.475844 0.831304 0
-0.513851 0.907505 0
-0.516423 0.787673 0
-0.476083 0.831797 0
-0.597917 0.81592 0
-0.656345 0.752823 0
-0.567584 0.732088 0
-0.754303 0.775397 0
-0.657269 0.753075 0
-0.687074 0.847776 0
-0.681814 0.63821 0
-0.738785 0.592354 0
-0.678088 0.552943 0
-0.60593 0.61097 0
-0.681369 0.638273 0
-0.677641 0.553005 0
-0.621633 0.516239 0
-0.60573 0.61056 0
-0.677441 0.552596 0
-0.535968 0.585982 0
-0.551129 0.655434 0
-0.605021 0.611138 0
-0.624613 0.685173 0
-0.656817 0.752074 0
-0.681362 0.639186 0
-0.605753 0.611413 0
-0.624442 0.684701 0
-0.681189 0.638715 0
-0.474345 0.559144 0
-0.53543 0.585359 0
-0.521141 0.521033 0
-0.474122 0.559565 0
-0.454666 0.6465 0
-0.535206 0.585779 0
-0.567671 0.731649 0
-0.656434 0.752386 0
-0.624231 0.685483 0
-0.68655 0.847914 0
-0.656746 0.753211 0
-0.598315 0.816309 0
-0.754503 0.774837 0
-0.746655 0.680907 0
-0.657467 0.752515 0
-0.288105 0.743416 0
-0.369501 0.747995 0
-0.345831 0.680221 0
-0.30899 0.820951 0
-0.328675 0.906812 0
-0.395078 0.823857 0
-0.165507 0.279103 0
-0.137476 0.266836 0
-0.146348 0.290218 0
-0.0773451 0.316425 0
-0.101587 0.308089 0
-0.0717482 0.29147 0
-0.395217 0.823327 0
-0.369738 0.748731 0
-0.309126 0.820419 0
-0.422772 0.90624 0
-0.395462 0.824143 0
-0.329054 0.907098 0
-0.550127 0.994965 0
-0.513886 0.908753 0
-0.453049 0.997499 0
-0.619063 0.921058 0
-0.686422 0.848477 0
-0.598191 0.816873 0
-0.514595 0.907902 0
-0.618485 0.921258 0
-0.597615 0.817071 0
-0.423656 0.906269 0
-0.513537 0.907903 0
-0.475772 0.832194 0
-0.550684 0.994711 0
-0.618326 0.921853 0
-0.514439 0.9085 0
-0.551132 0.994993 0
-0.648827 0.992576 0
-0.618779 0.922136 0
-0.619321 0.9219 0
-0.649371 0.99234 0
-0.712874 0.924466 0
-0.0771706 0.316385 0
-0.0715726 0.29143 0
-0.0488364 0.296086 0
-0.109604 0.33413 0
-0.101713 0.308233 0
-0.0774714 0.316568 0
-0.0622508 0.825108 0
-0.120318 0.744657 0
-0.0600461 0.74712 0
-0.257744 1.00369 0
-0.243551 0.910801 0
-0.16216 1.00745 0
-0.219339 0.829272 0
-0.202075 0.755384 0
-0.145616 0.820053 0
-0.147386 0.909525 0
-0.219155 0.829788 0
-0.145433 0.82057 0
-0.243913 0.909596 0
-0.30812 0.820978 0
-0.220022 0.82979 0
-0.355198 1.00005 0
-0.422636 0.906829 0
-0.328921 0.907689 0
-0.201744 0.7551 0
-0.12107 0.744666 0
-0.145287 0.819769 0
-0.287125 0.743937 0
-0.202549 0.755129 0
-0.219814 0.829016 0
-0.369376 0.748464 0
-0.287981 0.743887 0
-0.308768 0.820153 0
-0.345612 0.679554 0
-0.323641 0.6179 0
-0.268582 0.673954 0
-0.182501 0.622885 0
-0.249692 0.61139 0
-0.208941 0.58916 0
-0.041211 0.352483 0
-0.0553122 0.321385 0
-0.0297625 0.324434 0
-0.0487812 0.296186 0
-0.0554978 0.321171 0
-0.0771146 0.316484 0
-0.0253252 0.29902 0
-0.00211348 0.300078 0
-0.0295348 0.324184 0
0.0410198 0.322792 0
0.0216583 0.299306 0
0.0447691 0.296732 0
0.0377369 0.352156 0
0.0166108 0.354091 0
0.0187551 0.325356 0
0.0662405 0.344402 0
0.0379772 0.352117 0
0.0411486 0.323128 0
0.0885947 0.311385 0
0.0873957 0.338926 0
0.0634326 0.319011 0
0.130834 0.388874 0
0.106713 0.363071 0
0.130796 0.354436 0
0.104806 0.434769 0
0.105505 0.397399 0
0.141461 0.428554 0
0.145522 0.470831 0
0.10494 0.435015 0
0.141595 0.4288 0
0.0693794 0.444948 0
0.0677658 0.408298 0
0.104439 0.43486 0
0.0677603 0.407937 0
0.0668314 0.374844 0
0.105134 0.397128 0
0.0349726 0.384738 0
0.0166656 0.35429 0
0.0377907 0.352356 0
0.0663252 0.344575 0
0.0666023 0.374482 0
0.0380636 0.352288 0
0.032327 0.421314 0
-0.00306753 0.422223 0
0.00302492 0.386511 0
-0.00733202 0.325495 0
-0.0294722 0.324272 0
-0.00205178 0.300168 0
0.0163912 0.354301 0
0.00294098 0.38606 0
-0.0121829 0.354362 0
0.0409903 0.323065 0
0.0378173 0.352052 0
0.0188385 0.325252 0
0.0215727 0.299401 0
0.0409357 0.322888 0
0.0187823 0.325076 0
0.063203 0.319068 0
0.0663238 0.344291 0
0.0412348 0.323017 0
0.0348577 0.384851 0
0.0030998 0.386163 0
0.0165479 0.354403 0
-0.0123719 0.35406 0
-0.0295047 0.324453 0
-0.00736541 0.325676 0
0.0185095 0.325268 0
-0.0122117 0.354064 0
-0.00720397 0.325678 0
-0.0231246 0.385661 0
-0.00336459 0.42222 0
-0.0304468 0.421227 0
-0.328168 0.907101 0
-0.308485 0.821239 0
-0.244275 0.909855 0
-0.258301 1.00335 0
-0.327998 0.907711 0
-0.244107 0.910467 0
-0.355609 1.00035 0
-0.452096 0.997513 0
-0.423052 0.907131 0
-0.208985 0.588644 0
-0.244662 0.547653 0
-0.200561 0.532494 0
-0.182235 0.62274 0
-0.208674 0.589014 0
-0.169886 0.567953 0
-0.249903 0.611139 0
-0.244829 0.547917 0
-0.20915 0.588908 0
-0.319001 0.475306 0
-0.298993 0.433506 0
-0.254242 0.472751 0
-0.174298 0.397898 0
-0.145095 0.388938 0
-0.153503 0.425319 0
-0.194144 0.370022 0
-0.174635 0.397774 0
-0.205288 0.407249 0
-0.167079 0.37072 0
-0.160269 0.346086 0
-0.137192 0.355878 0
-0.194017 0.3699 0
-0.167317 0.37094 0
-0.174508 0.397652 0
-0.193971 0.369728 0
-0.160461 0.346132 0
-0.167269 0.370767 0
-0.0601875 0.913658 0
0.0208311 0.829954 0
0.0312631 0.916731 0
-0.0605012 0.913354 0
-0.0617804 0.825949 0
0.0205202 0.829649 0
-0.0649499 1.01139 0
-0.0604753 0.914267 0
0.030975 0.917339 0
-0.0658792 1.01167 0
-0.161197 1.00748 0
-0.146926 0.910758 0
-0.144819 0.820005 0
-0.120604 0.744902 0
-0.0625338 0.825352 0
-0.220168 0.829234 0
-0.308266 0.820424 0
-0.287481 0.744157 0
-0.147713 0.909823 0
-0.243374 0.909895 0
-0.219485 0.830089 0
-0.25867 1.00365 0
-0.354646 1.00038 0
-0.328372 0.908013 0
0.0899888 0.527431 0
0.0882879 0.482191 0
0.11838 0.499624 0
0.0421583 0.556166 0
0.0897469 0.527941 0
0.0921487 0.57807 0
-0.00724353 0.58401 0
-0.0183828 0.532547 0
0.0414644 0.556201 0
-0.00996293 0.643961 0
-0.00722435 0.584574 0
0.0387882 0.613283 0
-0.0542766 0.613104 0
-0.0512482 0.557225 0
-0.00767283 0.584283 0
0.0447792 0.504766 0
0.0130455 0.463709 0
0.0689964 0.445367 0
0.0389606 0.61299 0
-0.0070503 0.58428 0
0.0416556 0.556472 0
-0.0186161 0.53213 0
-0.0478365 0.506571 0
0.012185 0.509065 0
0.04153 0.55595 0
-0.018316 0.532296 0
0.0124837 0.509232 0
-0.0512649 0.556695 0
-0.0480508 0.506731 0
-0.0188291 0.53229 0
0.0445917 0.504979 0
0.0125982 0.508833 0
0.0128549 0.463922 0
0.089743 0.527449 0
0.0451017 0.505102 0
0.0880421 0.482209 0
0.0895893 0.527696 0
0.0419988 0.555922 0
0.0449462 0.50535 0
-0.0856471 0.581078 0
-0.0515101 0.557214 0
-0.0545382 0.613093 0
-0.0909034 0.640598 0
-0.08578 0.581358 0
-0.0546697 0.613373 0
-0.122051 0.606301 0
-0.114974 0.550059 0
-0.0860851 0.581032 0
-0.0673113 0.460303 0
-0.119422 0.438041 0
-0.0834784 0.411397 0
-0.0481322 0.506178 0
-0.0668856 0.460704 0
-0.027355 0.462877 0
0.0121563 0.508833 0
-0.0478659 0.506339 0
-0.0270906 0.463038 0
-0.0809271 0.52748 0
-0.11491 0.549522 0
-0.108094 0.499262 0
-0.0514718 0.556679 0
-0.0805149 0.527529 0
-0.048258 0.506716 0
-0.0515969 0.556928 0
-0.0857355 0.580792 0
-0.0806414 0.527778 0
-0.195672 0.480987 0
-0.158304 0.51773 0
-0.200227 0.532033 0
-0.0674698 0.460527 0
-0.130955 0.477915 0
-0.119582 0.438265 0
-0.108405 0.49899 0
-0.157782 0.517611 0
-0.13122 0.47831 0
-0.0484007 0.506298 0
-0.107825 0.498894 0
-0.0671568 0.460825 0
-0.115168 0.54949 0
-0.157727 0.517849 0
-0.108352 0.499229 0
-0.00303466 0.422481 0
0.0323591 0.421572 0
0.0127614 0.463355 0
0.0919801 0.578355 0
0.0392928 0.61297 0
0.0419881 0.556452 0
0.0411606 0.322858 0
0.0449106 0.296797 0
0.0631307 0.318909 0
-0.0987715 0.369735 0
-0.0742318 0.377127 0
-0.108788 0.401789 0
-0.0230425 0.385317 0
-0.0123167 0.354466 0
0.00281002 0.386164 0
-0.00325413 0.422103 0
-0.0230116 0.385544 0
0.00283997 0.386392 0
-0.0493325 0.384532 0
-0.0411695 0.352898 0
-0.0233126 0.385306 0
-0.109023 0.401828 0
-0.144694 0.388765 0
-0.0990088 0.369774 0
-0.0307166 0.421218 0
-0.0579283 0.420303 0
-0.049414 0.384877 0
-0.0232779 0.385536 0
-0.0306015 0.421101 0
-0.0492965 0.384761 0
-0.00337835 0.422478 0
-0.0270848 0.462466 0
-0.03046 0.421485 0
-0.119796 0.437894 0
-0.153201 0.425497 0
-0.109123 0.402179 0
-0.0621845 0.349551 0
-0.0554223 0.321469 0
-0.0413184 0.352567 0
0.0326003 0.421648 0
0.068957 0.445088 0
0.0130042 0.463431 0
-0.00716403 0.325412 0
-0.00188263 0.300084 0
0.0213403 0.299326 0
-0.0255021 0.29909 0
-0.0297106 0.324255 0
-0.0552615 0.321206 0
-0.00709239 0.325495 0
0.0214106 0.29941 0
0.0186212 0.325084 0
-0.272807 0.518751 0
-0.292841 0.568685 0
-0.3303 0.531062 0
-0.195819 0.480442 0
-0.217411 0.449304 0
-0.184894 0.437244 0
-0.158178 0.51751 0
-0.195545 0.480768 0
-0.162591 0.466604 0
-0.230582 0.495602 0
-0.217565 0.449499 0
-0.195972 0.480637 0
-0.318911 0.47559 0
-0.254155 0.473036 0
-0.272639 0.518245 0
-0.330973 0.531117 0
-0.364839 0.572375 0
-0.401881 0.531206 0
-0.205679 0.407372 0
-0.25032 0.421165 0
-0.235499 0.38346 0
-0.354092 0.44797 0
-0.299329 0.433424 0
-0.319336 0.475223 0
-0.264323 0.227321 0
-0.293138 0.236589 0
-0.278796 0.211331 0
-0.298764 0.433326 0
-0.250693 0.421549 0
-0.254013 0.472571 0
-0.208735 0.588711 0
-0.20031 0.532561 0
-0.169946 0.56765 0
-0.25386 0.473104 0
-0.230958 0.495807 0
-0.272344 0.518314 0
-0.253677 0.472873 0
-0.217759 0.449474 0
-0.230776 0.495576 0
-0.330389 0.530751 0
-0.319168 0.475784 0
-0.272894 0.518439 0
-0.153286 0.425333 0
-0.144876 0.388952 0
-0.109205 0.402015 0
-0.162323 0.466155 0
-0.153379 0.425711 0
-0.119974 0.438109 0
-0.162679 0.466335 0
-0.195635 0.480499 0
-0.18471 0.437301 0
0.0126954 0.509141 0
0.0446883 0.505288 0
0.0417402 0.55586 0
0.234686 0.638435 0
0.223688 0.58122 0
0.270502 0.603808 0
0.261435 0.77273 0
0.175305 0.765699 0
0.24713 0.703097 0
0.152916 0.632561 0
0.188568 0.606622 0
0.234176 0.638617 0
0.163039 0.695407 0
0.15283 0.632859 0
0.23409 0.638915 0
0.107173 0.6302 0
0.0925459 0.578478 0
0.143389 0.575921 0
0.143525 0.575377 0
0.0902813 0.527805 0
0.150389 0.518313 0
-0.0104402 0.644268 0
-0.0571079 0.67607 0
-0.0543053 0.613702 0
-0.00753635 0.584574 0
-0.0102746 0.643961 0
-0.0541382 0.613395 0
0.036361 0.676987 0
-0.0101609 0.710601 0
-0.00998073 0.644596 0
0.109022 0.693108 0
0.0371506 0.676883 0
0.106873 0.630921 0
0.0342364 0.748269 0
-0.020302 0.786565 0
-0.0102025 0.711314 0
-0.12242 0.606841 0
-0.129749 0.669628 0
-0.181811 0.623139 0
0.106641 0.630654 0
0.0369155 0.676616 0
0.0393252 0.613547 0
-0.0600301 0.746623 0
-0.120303 0.74416 0
-0.0574953 0.676848 0
0.223302 0.580887 0
0.188692 0.606108 0
0.200968 0.53666 0
-0.120996 0.74393 0
-0.195047 0.684547 0
-0.129788 0.670292 0
0.0905477 0.286096 0
0.0886174 0.311119 0
0.0680955 0.292255 0
0.0887705 0.311158 0
0.0907013 0.286134 0
0.113107 0.303908 0
0.11469 0.33218 0
0.0888527 0.311312 0
0.113188 0.304062 0
0.0633653 0.318855 0
0.0680058 0.292364 0
0.0885293 0.311229 0
0.031279 0.917682 0
0.0304985 1.01623 0
-0.0646434 1.01173 0
-0.0610605 0.913623 0
-0.146579 0.909824 0
-0.0623426 0.826218 0
0.162622 0.695589 0
0.109594 0.693178 0
0.152411 0.63304 0
0.152226 0.632823 0
0.109407 0.69296 0
0.10726 0.630773 0
0.247 0.702416 0
0.163356 0.695641 0
0.234405 0.639148 0
0.246801 0.70284 0
0.174974 0.765442 0
0.163156 0.696064 0
0.162654 0.69628 0
0.174473 0.765658 0
0.0973634 0.767254 0
0.288241 0.660197 0
0.247419 0.702297 0
0.234824 0.639029 0
0.308038 0.722045 0
0.26188 0.772583 0
0.247576 0.70295 0
0.188215 0.843424 0
0.10585 0.8432 0
0.174586 0.766404 0
0.03434 0.748664 0
0.020976 0.828968 0
-0.0201964 0.78696 0
0.105032 0.843157 0
0.0216042 0.82922 0
0.0966585 0.767957 0
0.204013 0.929738 0
0.115796 0.927462 0
0.188346 0.844253 0
0.0318157 0.916496 0
0.0213863 0.829719 0
0.104815 0.843656 0
-0.19529 0.68483 0
-0.121237 0.744213 0
-0.201912 0.754648 0
-0.0106388 0.710941 0
-0.0596625 0.746512 0
-0.0571263 0.676737 0
-0.0102941 0.644594 0
-0.0104739 0.710599 0
-0.0569599 0.676395 0
0.036509 0.677334 0
0.0344263 0.747903 0
-0.010011 0.710947 0
0.0967172 0.767186 0
0.0350264 0.748146 0
0.10898 0.693802 0
0.0964237 0.76764 0
0.0213668 0.828903 0
0.0347318 0.748599 0
-0.0207883 0.786943 0
-0.0619165 0.825251 0
-0.0597124 0.747262 0
-0.0105173 0.711309 0
-0.0206166 0.78656 0
-0.0595391 0.74688 0
0.0206553 0.829226 0
-0.0616454 0.825525 0
-0.0205186 0.787218 0
-0.14752 0.910418 0
-0.161792 1.00714 0
-0.243179 0.910487 0
-0.0626225 0.825905 0
-0.146861 0.909512 0
-0.144908 0.820557 0
-0.0610711 0.914244 0
-0.0655445 1.01136 0
-0.146588 0.910444 0
0.0348245 0.747844 0
0.0369082 0.677275 0
0.108781 0.6935 0
0.0876282 0.339143 0
0.114665 0.33247 0
0.106513 0.362832 0
0.0633569 0.319121 0
0.0873228 0.339036 0
0.0664789 0.344345 0
0.0887651 0.311429 0
0.114606 0.332297 0
0.0875683 0.338971 0
0.112682 0.278125 0
0.113184 0.303797 0
0.0907802 0.286025 0
0.112898 0.278037 0
0.13418 0.268412 0
0.134058 0.29464 0
0.0031538 0.386386 0
0.0349107 0.385076 0
0.0324531 0.421189 0
-0.0623446 0.34951 0
-0.089099 0.340544 0
-0.0555835 0.32143 0
-0.0494635 0.384412 0
-0.0621639 0.349762 0
-0.0412993 0.35278 0
-0.0986678 0.369439 0
-0.0892434 0.340704 0
-0.0624889 0.349672 0
-0.0740763 0.376953 0
-0.0986159 0.369561 0
-0.0624394 0.349794 0
-0.0495717 0.384493 0
-0.0739118 0.377003 0
-0.0622745 0.349843 0
-0.0495905 0.384844 0
-0.0581044 0.420269 0
-0.0832133 0.411086 0
-0.0124628 0.354355 0
-0.0231902 0.385205 0
-0.0410443 0.352797 0
-0.162375 0.466596 0
-0.131401 0.478201 0
-0.157964 0.517502 0
-0.184568 0.437117 0
-0.153597 0.425708 0
-0.162539 0.466151 0
-0.2054 0.407644 0
-0.184925 0.437 0
-0.217444 0.449059 0
-0.205256 0.407473 0
-0.174604 0.397998 0
-0.184782 0.436828 0
-0.119901 0.438285 0
-0.131273 0.477935 0
-0.162248 0.46633 0
-0.083617 0.411203 0
-0.119563 0.437847 0
-0.108888 0.402131 0
-0.057987 0.420556 0
-0.030776 0.421472 0
-0.0669317 0.46028 0
-0.083272 0.411338 0
-0.0581632 0.420522 0
-0.0671075 0.460245 0
-0.0741816 0.377266 0
-0.0834649 0.410999 0
-0.108736 0.401928 0
-0.0739822 0.377208 0
-0.0496425 0.384699 0
-0.0832676 0.410942 0
-0.0268864 0.462895 0
0.012616 0.463781 0
0.0123577 0.508691 0
-0.0807041 0.527336 0
-0.107869 0.499117 0
-0.0484457 0.506522 0
-0.0668275 0.460421 0
-0.0306741 0.421613 0
-0.0272964 0.462593 0
-0.144788 0.388612 0
-0.136912 0.356016 0
-0.0991009 0.369621 0
-0.0121309 0.354159 0
0.0185872 0.325364 0
0.0164437 0.354097 0
0.0678571 0.292315 0
0.0632172 0.318806 0
0.0449987 0.296696 0
0.130836 0.354116 0
0.114904 0.332389 0
0.134821 0.323814 0
0.156241 0.380784 0
0.131042 0.354351 0
0.154968 0.345738 0
0.106659 0.362882 0
0.114809 0.332521 0
0.130742 0.354247 0
0.141547 0.428401 0
0.105594 0.397245 0
0.130867 0.389235 0
0.066767 0.374439 0
0.0664904 0.344531 0
0.0873338 0.339223 0
0.184269 0.294318 0
0.157301 0.28223 0
0.178895 0.268456 0
0.207112 0.38638 0
0.237645 0.361976 0
0.245664 0.399152 0
0.17591 0.407436 0
0.206808 0.38661 0
0.216569 0.422398 0
0.186983 0.361172 0
0.208746 0.344427 0
0.206818 0.386195 0
0.156498 0.381013 0
0.186704 0.361365 0
0.17564 0.407213 0
0.208996 0.344231 0
0.230616 0.32744 0
0.2376 0.361595 0
0.1827 0.328251 0
0.208666 0.344232 0
0.186902 0.360978 0
0.182757 0.328086 0
0.20361 0.311946 0
0.208721 0.344068 0
0.135054 0.323709 0
0.160288 0.309808 0
0.154994 0.345399 0
0.249522 0.271506 0
0.219388 0.266071 0
0.235113 0.25102 0
0.300469 0.260415 0
0.277638 0.282585 0
0.274539 0.247828 0
0.224603 0.29528 0
0.219352 0.26622 0
0.249487 0.271654 0
0.208882 0.344065 0
0.203769 0.311943 0
0.230502 0.327273 0
0.202445 0.280994 0
0.219195 0.266251 0
0.224444 0.295312 0
0.203728 0.311626 0
0.202392 0.281147 0
0.224393 0.295463 0
0.184421 0.294314 0
0.179044 0.268452 0
0.202176 0.280998 0
0.160545 0.309651 0
0.184293 0.294608 0
0.18253 0.327914 0
0.155154 0.345413 0
0.160446 0.309823 0
0.182434 0.328084 0
0.134984 0.32354 0
0.134222 0.294929 0
0.160218 0.309638 0
0.130971 0.35416 0
0.134955 0.323859 0
0.154897 0.345547 0
0.15705 0.282106 0
0.134398 0.268301 0
0.154824 0.257055 0
0.113407 0.303978 0
0.134066 0.294911 0
0.134826 0.323521 0
0.113331 0.303826 0
0.11283 0.278154 0
0.133991 0.294759 0
0.115011 0.928342 0
0.126414 1.02093 0
0.0314177 1.0163 0
0.105127 0.843984 0
0.114943 0.927417 0
0.0321309 0.916824 0
0.105651 0.843739 0
0.188017 0.843964 0
0.115465 0.927173 0
0.0318823 0.917401 0
0.114695 0.927994 0
0.0310993 1.01595 0
0.16046 0.309499 0
0.157237 0.282368 0
0.184208 0.294455 0
0.155032 0.256928 0
0.174572 0.244071 0
0.178851 0.268205 0
0.204731 0.930373 0
0.296246 0.93633 0
0.222728 1.02525 0
0.127351 1.02097 0
0.204163 0.930657 0
0.222162 1.02554 0
0.386589 0.941552 0
0.355466 0.864209 0
0.450416 0.878254 0
0.174281 0.76615 0
0.105543 0.842946 0
0.0971718 0.767746 0
0.0694481 0.445194 0
0.104507 0.435107 0
0.0881721 0.4817 0
0.0379574 0.352423 0
0.066499 0.374617 0
0.0351408 0.384807 0
0.0669024 0.374501 0
0.0874666 0.339285 0
0.106354 0.362972 0
0.229485 0.224402 0
0.214672 0.23877 0
0.210834 0.213622 0
0.162436 0.696038 0
0.0971437 0.767012 0
0.109408 0.693627 0
0.261239 0.773201 0
0.188736 0.84319 0
0.175109 0.766169 0
0.341203 0.780548 0
0.278333 0.850047 0
0.262094 0.773271 0
0.277632 0.850782 0
0.204555 0.92948 0
0.18889 0.843995 0
0.308352 0.722304 0
0.341304 0.780119 0
0.262195 0.772843 0
0.296623 0.936664 0
0.317636 1.03 0
0.223108 1.02559 0
0.354591 0.864098 0
0.296932 0.935525 0
0.278495 0.850869 0
0.385953 0.942301 0
0.318181 1.02972 0
0.297171 0.936384 0
0.203807 0.93033 0
0.126992 1.02064 0
0.11559 0.928053 0
0.229525 0.224261 0
0.210874 0.213482 0
0.226889 0.19637 0
0.250729 0.235576 0
0.229721 0.224371 0
0.24542 0.207794 0
0.234996 0.250912 0
0.219272 0.265962 0
0.214719 0.239035 0
0.229567 0.224526 0
0.23503 0.250773 0
0.214754 0.238895 0
0.250763 0.235877 0
0.249627 0.271405 0
0.235218 0.250919 0
0.26157 0.187302 0
0.266144 0.219331 0
0.245578 0.207615 0
0.219104 0.266114 0
0.202354 0.280857 0
0.197424 0.254468 0
0.27428 0.247708 0
0.24976 0.271394 0
0.250893 0.235867 0
0.299406 0.303186 0
0.300724 0.260572 0
0.329332 0.273996 0
0.249809 0.27176 0
0.27743 0.282831 0
0.262966 0.309955 0
0.249848 0.27155 0
0.27437 0.247865 0
0.277468 0.282623 0
0.255085 0.158168 0
0.274556 0.168023 0
0.261629 0.186965 0
0.823949 0.707737 0
0.841238 0.609909 0
0.904891 0.643644 0
0.254974 0.158201 0
0.261518 0.187 0
0.241816 0.177671 0
0.216803 0.422371 0
0.207041 0.386583 0
0.245595 0.399355 0
0.131001 0.388933 0
0.130961 0.354496 0
0.156162 0.380928 0
0.141717 0.428348 0
0.131037 0.389181 0
0.156198 0.381176 0
0.105477 0.397027 0
0.106627 0.363214 0
0.13075 0.389016 0
0.114845 0.332222 0
0.113341 0.304103 0
0.134763 0.323646 0
0.157201 0.282105 0
0.154975 0.257054 0
0.178796 0.268332 0
0.134297 0.294791 0
0.157071 0.282369 0
0.160291 0.3095 0
0.134208 0.294653 0
0.13433 0.268426 0
0.156983 0.282232 0
0.193229 0.229579 0
0.197244 0.254224 0
0.174762 0.243934 0
0.193408 0.229427 0
0.210711 0.21364 0
0.214549 0.238789 0
0.143895 0.575406 0
0.150759 0.518342 0
0.200577 0.536349 0
0.107375 0.630381 0
0.143588 0.576102 0
0.152341 0.632431 0
0.0924884 0.578135 0
0.0900859 0.528006 0
0.143331 0.575578 0
0.118588 0.499744 0
0.150306 0.518059 0
0.090198 0.527551 0
0.145392 0.471224 0
0.118566 0.499435 0
0.0884751 0.482002 0
0.145599 0.471345 0
0.150491 0.51787 0
0.118774 0.499556 0
0.0675253 0.407896 0
0.035241 0.384992 0
0.0665974 0.374803 0
0.227998 0.461814 0
0.216904 0.42276 0
0.25486 0.440298 0
0.14595 0.471072 0
0.182768 0.446679 0
0.191065 0.489014 0
0.141868 0.428409 0
0.156346 0.381238 0
0.175491 0.407438 0
0.186636 0.361159 0
0.156429 0.380807 0
0.155154 0.345761 0
0.206709 0.386405 0
0.17581 0.407231 0
0.186872 0.361384 0
0.182703 0.446265 0
0.141957 0.428627 0
0.175579 0.407656 0
0.0884279 0.481787 0
0.104761 0.435193 0
0.145345 0.471009 0
0.0674126 0.408052 0
0.0326694 0.421262 0
0.0351258 0.385148 0
0.106414 0.363166 0
0.105262 0.396979 0
0.0669627 0.374693 0
0.0691387 0.444903 0
0.0327845 0.421463 0
0.067526 0.408253 0
0.10526 0.39733 0
0.104558 0.4347 0
0.0678875 0.408138 0
0.0879735 0.481934 0
0.0450313 0.504827 0
0.0692467 0.445428 0
0.155243 0.345584 0
0.182522 0.328256 0
0.186722 0.360983 0
0.188805 0.60645 0
0.223414 0.581229 0
0.234411 0.638444 0
0.14386 0.576022 0
0.188265 0.606412 0
0.152612 0.63235 0
0.144022 0.575701 0
0.200702 0.536643 0
0.188426 0.606091 0
0.21649 0.422598 0
0.182953 0.446245 0
0.175829 0.407636 0
0.254919 0.440089 0
0.216964 0.422551 0
0.245755 0.399534 0
0.227757 0.461835 0
0.183128 0.446427 0
0.216664 0.42278 0
0.150919 0.518053 0
0.191142 0.48947 0
0.200735 0.53606 0
0.145784 0.47087 0
0.141856 0.428839 0
0.182604 0.446477 0
0.410646 0.344825 0
0.396687 0.304387 0
0.445701 0.309441 0
0.487305 0.329322 0
0.493939 0.400916 0
0.443366 0.352962 0
0.360546 0.383243 0
0.353026 0.424882 0
0.326633 0.373054 0
0.29079 0.406949 0
0.301972 0.450224 0
0.255355 0.440206 0
0.237947 0.361744 0
0.267871 0.344465 0
0.274936 0.371772 0
0.371647 0.339325 0
0.361541 0.288729 0
0.396275 0.3043 0
0.275158 0.371714 0
0.268093 0.344407 0
0.303922 0.344397 0
0.24607 0.399254 0
0.27504 0.372105 0
0.290668 0.406551 0
0.245892 0.399104 0
0.237872 0.361928 0
0.274863 0.371956 0
0.33036 0.307578 0
0.36132 0.28874 0
0.371425 0.339337 0
0.299418 0.303578 0
0.329929 0.307643 0
0.304209 0.344046 0
0.299504 0.303343 0
0.329431 0.274153 0
0.330013 0.307408 0
0.534697 0.422707 0
0.582369 0.374501 0
0.577672 0.460251 0
0.254566 0.552303 0
0.223523 0.580707 0
0.20119 0.53648 0
0.302135 0.450631 0
0.328909 0.48389 0
0.265922 0.48485 0
0.270569 0.603519 0
0.223757 0.580932 0
0.254798 0.552528 0
0.234903 0.6387 0
0.270718 0.604072 0
0.288319 0.659867 0
0.2546 0.552068 0
0.201224 0.536245 0
0.233624 0.510596 0
0.326141 0.372956 0
0.290938 0.406463 0
0.275308 0.372017 0
0.150734 0.517836 0
0.145841 0.47131 0
0.190958 0.489252 0
0.304002 0.344169 0
0.268174 0.344179 0
0.299212 0.303701 0
0.299232 0.303216 0
0.277721 0.282771 0
0.300552 0.260601 0
0.36118 0.288521 0
0.330221 0.307358 0
0.329637 0.274104 0
0.230752 0.327106 0
0.224684 0.295613 0
0.262726 0.310183 0
0.206989 0.386197 0
0.208915 0.344429 0
0.237522 0.361792 0
0.224749 0.295427 0
0.249633 0.271801 0
0.262788 0.309998 0
0.235152 0.250762 0
0.229687 0.224516 0
0.250695 0.23572 0
0.197466 0.254327 0
0.214594 0.239046 0
0.219145 0.265974 0
0.179088 0.268318 0
0.197291 0.254475 0
0.202219 0.280865 0
0.178994 0.268195 0
0.174715 0.244062 0
0.197198 0.254353 0
0.197379 0.254205 0
0.193364 0.229562 0
0.214507 0.238925 0
0.291798 0.227188 0
0.284073 0.19695 0
0.308713 0.207024 0
0.250949 0.235693 0
0.266205 0.219625 0
0.274335 0.247535 0
0.250852 0.235559 0
0.245541 0.207778 0
0.266108 0.219492 0
0.228161 0.462022 0
0.255022 0.440505 0
0.265427 0.484743 0
0.233749 0.510125 0
0.228089 0.462256 0
0.265356 0.484976 0
0.288769 0.52179 0
0.233954 0.510325 0
0.265559 0.485176 0
0.201012 0.536035 0
0.191418 0.489444 0
0.233412 0.510386 0
0.191339 0.488983 0
0.183042 0.446649 0
0.227673 0.462057 0
0.516728 0.225461 0
0.579179 0.214247 0
0.533741 0.274197 0
0.478311 0.200436 0
0.51624 0.225356 0
0.488704 0.256673 0
0.478368 0.199869 0
0.492651 0.135419 0
0.528757 0.176997 0
0.277991 0.851089 0
0.296431 0.935745 0
0.204917 0.929789 0
0.841533 0.609341 0
0.91164 0.539155 0
0.905185 0.643081 0
0.766466 0.623578 0
0.698607 0.750969 0
0.695984 0.637036 0
0.835915 0.495268 0
0.917882 0.433199 0
0.911663 0.538069 0
0.766721 0.624041 0
0.772444 0.774528 0
0.698865 0.751429 0
0.637749 0.315101 0
0.583484 0.29377 0
0.634711 0.231474 0
0.311894 0.152999 0
0.338118 0.161076 0
0.323702 0.183863 0
0.274783 0.167949 0
0.287958 0.145253 0
0.296557 0.178109 0
0.321851 0.125301 0
0.338112 0.16088 0
0.311888 0.152802 0
0.8413 0.60885 0
0.835657 0.495859 0
0.911406 0.538656 0
0.287969 0.144887 0
0.276832 0.115967 0
0.297949 0.120601 0
0.297939 0.120429 0
0.276822 0.115797 0
0.285041 0.0937484 0
0.314688 0.0731346 0
0.339979 0.0751948 0
0.329744 0.103743 0
0.291666 0.0708233 0
0.314448 0.0731036 0
0.306224 0.0985696 0
0.291632 0.0706535 0
0.296272 0.0475611 0
0.314415 0.072932 0
0.291916 0.227474 0
0.32779 0.229112 0
0.300695 0.260168 0
0.291944 0.227296 0
0.30886 0.207131 0
0.327816 0.228935 0
0.266341 0.219598 0
0.291624 0.2274 0
0.274472 0.247507 0
0.266373 0.219428 0
0.283931 0.196991 0
0.291655 0.227231 0
0.261697 0.187267 0
0.28383 0.196858 0
0.266273 0.219294 0
0.241785 0.177835 0
0.261487 0.187164 0
0.245496 0.207476 0
0.274653 0.16815 0
0.283858 0.196686 0
0.261725 0.187094 0
0.323854 0.18398 0
0.338271 0.161191 0
0.357511 0.187483 0
0.29679 0.17837 0
0.323553 0.184102 0
0.308862 0.206818 0
0.2968 0.178189 0
0.311757 0.153056 0
0.323563 0.183921 0
0.27477 0.168122 0
0.296544 0.178282 0
0.283976 0.196656 0
0.288086 0.145011 0
0.298066 0.120722 0
0.311642 0.152734 0
0.296682 0.178058 0
0.288081 0.145204 0
0.311637 0.152926 0
0.274684 0.167812 0
0.266787 0.137515 0
0.287857 0.145119 0
0.266676 0.137559 0
0.274573 0.167857 0
0.255101 0.158004 0
0.266793 0.137343 0
0.276727 0.116024 0
0.287864 0.144946 0
0.32382 0.184206 0
0.357479 0.18771 0
0.328088 0.228725 0
0.284089 0.196786 0
0.296658 0.178411 0
0.308729 0.206861 0
0.321972 0.125224 0
0.348079 0.129788 0
0.338234 0.160802 0
0.835131 0.494915 0
0.759236 0.464892 0
0.835958 0.400159 0
0.319183 0.0503473 0
0.339944 0.0750152 0
0.314652 0.0729557 0
0.296364 0.0474923 0
0.319036 0.050256 0
0.314507 0.0728624 0
0.322164 0.023402 0
0.347286 0.0226862 0
0.344494 0.0527911 0
0.696595 0.249622 0
0.699612 0.181326 0
0.767598 0.191473 0
0.698035 0.340013 0
0.691638 0.434062 0
0.631161 0.407023 0
0.839668 0.296676 0
0.761949 0.370564 0
0.764829 0.27208 0
0.758508 0.464596 0
0.692276 0.43436 0
0.761434 0.371668 0
0.635292 0.230878 0
0.699169 0.181459 0
0.69615 0.249753 0
0.638128 0.314956 0
0.635087 0.231326 0
0.695945 0.250201 0
0.53314 0.350361 0
0.58296 0.294365 0
0.582381 0.373703 0
0.533963 0.274425 0
0.579403 0.214476 0
0.582952 0.293577 0
0.764946 0.0861938 0
0.767829 0.190925 0
0.699843 0.180778 0
0.931577 0.00033712 0
0.844015 0.0956676 0
0.844887 0.00378514 0
0.843905 0.202896 0
0.768574 0.191036 0
0.843467 0.0969696 0
0.923528 0.325226 0
0.840755 0.296344 0
0.927954 0.218393 0
0.764865 0.271173 0
0.768308 0.191619 0
0.84364 0.203481 0
0.637753 0.172343 0
0.698972 0.181199 0
0.635097 0.230619 0
0.637725 0.171521 0
0.630926 0.0800123 0
0.693343 0.0857001 0
0.321899 -0.0231501 0
0.322811 -7.7566e-05 0
0.300144 -7.65236e-05 0
0.321917 0.0233976 0
0.319071 0.05001 0
0.299195 0.0238616 0
0.300065 0.000156091 0
0.321854 0.0232292 0
0.29913 0.0236954 0
0.340255 0.0752064 0
0.368538 0.0771904 0
0.358573 0.103258 0
0.306351 0.0986811 0
0.314576 0.0732128 0
0.32963 0.103823 0
0.344743 0.0530113 0
0.375397 0.0346352 0
0.368611 0.076886 0
0.319283 0.0502809 0
0.344459 0.0530569 0
0.340044 0.0749479 0
0.347464 0.0227229 0
0.375325 0.0344533 0
0.344672 0.0528297 0
0.414552 0.0699874 0
0.39054 0.0948766 0
0.38752 0.0586569 0
0.481772 0.0487215 0
0.476345 0.0831329 0
0.44032 0.0624107 0
0.465162 0.163306 0
0.477968 0.200002 0
0.43757 0.18906 0
0.452718 0.128136 0
0.465077 0.163065 0
0.437487 0.188819 0
0.4529 0.127955 0
0.492351 0.135131 0
0.465262 0.162884 0
0.574211 0.0748686 0
0.541023 0.128308 0
0.509821 0.0953508 0
0.410054 0.139777 0
0.391299 0.195609 0
0.384433 0.164448 0
0.41023 0.139859 0
0.437097 0.188967 0
0.391475 0.195692 0
0.390493 0.0953617 0
0.410026 0.13934 0
0.377692 0.13436 0
0.452534 0.128057 0
0.437304 0.18874 0
0.410433 0.139632 0
0.440122 0.0625901 0
0.476146 0.0833126 0
0.422562 0.10215 0
0.492438 0.135373 0
0.478155 0.199822 0
0.465346 0.163126 0
0.477912 0.200262 0
0.448078 0.240684 0
0.437512 0.189319 0
0.306147 0.0988057 0
0.298038 0.12037 0
0.28514 0.0936907 0
0.291567 0.0708923 0
0.306125 0.0986394 0
0.285118 0.093526 0
0.329654 0.103997 0
0.321804 0.12493 0
0.306375 0.0988547 0
0.30627 0.0989093 0
0.321698 0.124986 0
0.29816 0.120476 0
0.296312 0.0473293 0
0.299108 0.0239421 0
0.318985 0.050091 0
0.35847 0.10353 0
0.348174 0.129525 0
0.329916 0.104028 0
0.340126 0.0752955 0
0.358443 0.103348 0
0.32989 0.103846 0
0.368706 0.0772566 0
0.390289 0.0950506 0
0.358741 0.103325 0
0.377379 0.134355 0
0.348332 0.129628 0
0.35863 0.103631 0
0.422176 0.102446 0
0.410177 0.139233 0
0.390641 0.0952546 0
0.384081 0.164493 0
0.357714 0.187418 0
0.338473 0.161127 0
0.410006 0.139572 0
0.384388 0.164243 0
0.377671 0.134591 0
0.391121 0.195769 0
0.357891 0.187534 0
0.384258 0.164608 0
0.377311 0.134548 0
0.33842 0.160834 0
0.348265 0.12982 0
0.323658 0.18427 0
0.327924 0.22879 0
0.308966 0.206987 0
0.764371 0.271327 0
0.696811 0.249922 0
0.767817 0.191777 0
0.91763 0.432731 0
0.835664 0.494808 0
0.836489 0.400047 0
0.835712 0.399742 0
0.758991 0.464481 0
0.761914 0.37155 0
0.839908 0.297105 0
0.835984 0.399181 0
0.762187 0.370988 0
0.923482 0.326289 0
0.917924 0.432168 0
0.836785 0.399481 0
0.582087 0.16439 0
0.637177 0.17223 0
0.579744 0.213701 0
0.765678 0.0852845 0
0.844332 0.00407192 0
0.843455 0.0959479 0
0.452482 0.127768 0
0.410384 0.139342 0
0.422383 0.102555 0
0.348177 7.57313e-05 0
0.347301 0.0224309 0
0.323057 7.46586e-05 0
0.375503 -0.0215721 0
0.348354 -0.000146485 0
0.347479 -0.0225033 0
0.375691 0.00654112 0
0.375429 0.0342972 0
0.347568 0.0225681 0
0.375598 -0.0214753 0
0.375694 0.00627831 0
0.348448 -5.00406e-05 0
0.375794 -0.0215442 0
0.407058 -0.0204132 0
0.375891 0.00621053 0
0.765422 0.0849425 0
0.766168 -0.0062171 0
0.84407 0.00372864 0
0.768314 0.190645 0
0.765424 0.0859091 0
0.843201 0.0965757 0
0.693986 0.085145 0
0.696041 0.00056735 0
0.764682 0.0852341 0
0.764925 0.0849279 0
0.696279 0.000260659 0
0.765672 -0.00622838 0
0.637951 0.171858 0
0.693576 0.0860385 0
0.69917 0.180714 0
0.631007 0.079575 0
0.662539 0.0412628 0
0.693424 0.0852619 0
0.633478 -0.000251918 0
0.69464 -0.0756961 0
0.695602 -0.000255568 0
0.318986 -0.0500912 0
0.299108 -0.0239419 0
0.296312 -0.0473306 0
0.344399 -0.0528839 0
0.322035 -0.0234943 0
0.319223 -0.0501088 0
0.372838 -0.0556934 0
0.375586 -0.021759 0
0.347562 -0.0226892 0
0.390313 -0.0949283 0
0.372936 -0.0561581 0
0.361962 -0.0883068 0
0.390456 -0.0948304 0
0.404415 -0.0591377 0
0.373077 -0.0560602 0
0.347214 0.0225088 0
0.322091 0.0232261 0
0.32297 0.00015234 0
0.322812 7.77934e-05 0
0.321933 0.0231495 0
0.300144 7.66418e-05 0
0.347216 -0.0225082 0
0.32297 -0.000152109 0
0.322056 -0.0232267 0
0.347304 -0.0224303 0
0.348177 -7.4817e-05 0
0.323057 -7.44214e-05 0
CELLS 3884 15536
3 0 1 2
3 3 4 5
3 6 7 8
3 9 10 11
3 12 13 14
3 15 16 17
3 18 19 20
3 21 22 23
3 24 25 26
3 27 28 29
3 30 31 32
3 33 34 35
3 36 37 38
3 39 40 41
3 42 43 44
3 45 46 47
3 48 49 50
3 51 52 53
3 54 55 56
3 57 58 59
3 60 61 62
3 63 64 65
3 66 67 68
3 69 70 71
3 72 73 74
3 75 76 77
3 78 79 80
3 81 82 83
3 84 85 86
3 87 88 89
3 90 91 92
3 93 94 95
3 96 97 98
3 99 100 101
3 102 103 104
3 105 106 107
3 108 109 110
3 111 112 113
3 114 115 116
3 117 118 119
3 120 121 122
3 123 124 125
3 126 127 128
3 129 130 131
3 132 133 134
3 135 136 137
3 138 139 140
3 141 142 143
3 144 145 146
3 147 148 149
3 150 151 152
3 153 154 155
3 156 157 158
3 159 160 161
3 162 163 164
3 165 166 167
3 168 169 170
3 171 172 173
3 174 175 176
3 177 178 179
3 180 181 182
3 183 184 185
3 186 187 188
3 189 190 191
3 192 193 194
3 195 196 197
3 198 199 200
3 201 202 203
3 204 205 206
3 207 208 209
3 210 211 212
3 213 214 215
3 216 217 218
3 219 220 221
3 222 223 224
3 225 226 227
3 228 229 230
3 231 232 233
3 234 235 236
3 237 238 239
3 240 241 242
3 243 244 245
3 246 247 248
3 249 250 251
3 252 253 254
3 255 256 257
3 258 259 260
3 261 262 263
3 264 265 266
3 267 268 269
3 270 271 272
3 273 274 275
3 276 277 278
3 279 280 281
3 282 283 284
3 285 286 287
3 288 289 290
3 291 292 293
3 294 295 296
3 297 298 299
3 300 301 302
3 303 304 305
3 306 307 308
3 309 310 311
3 312 313 314
3 315 316 317
3 318 319 320
3 321 322 323
3 324 325 326
3 327 328 329
3 330 331 332
3 333 334 335
3 336 337 338
3 339 340 341
3 342 343 344
3 345 346 347
3 348 349 350
3 351 352 353
3 354 355 356
3 357 358 359
3 360 361 362
3 363 364 365
3 366 367 368
3 369 370 371
3 372 373 374
3 375 376 377
3 378 379 380
3 381 382 383
3 384 385 386
3 387 388 389
3 390 391 392
3 393 394 395
3 396 397 398
3 399 400 401
3 402 403 404
3 405 406 407
3 408 409 410
3 411 412 413
3 414 415 416
3 417 418 419
3 420 421 422
3 423 424 425
3 426 427 428
3 429 430 431
3 432 433 434
3 435 436 437
3 438 439 440
3 441 442 443
3 444 445 446
3 447 448 449
3 450 451 452
3 453 454 455
3 456 457 458
3 459 460 461
3 462 463 464
3 465 466 467
3 468 469 470
3 471 472 473
3 474 475 476
3 477 478 479
3 480 481 482
3 483 484 485
3 486 487 488
3 489 490 491
3 492 493 494
3 495 496 497
3 498 499 500
3 501 502 503
3 504 505 506
3 507 508 509
3 510 511 512
3 513 514 515
3 516 517 518
3 519 520 521
3 522 523 524
3 525 526 527
3 528 529 530
3 531 532 533
3 534 535 536
3 537 538 539
3 540 541 542
3 543 544 545
3 546 547 548
3 549 550 551
3 552 553 554
3 555 556 557
3 558 559 560
3 561 562 563
3 564 565 566
3 567 568 569
3 570 571 572
3 573 574 575
3 576 577 578
3 579 580 581
3 582 583 584
3 585 586 587
3 588 589 590
3 591 592 593
3 594 595 596
3 597 598 599
3 600 601 602
3 603 604 605
3 606 607 608
3 609 610 611
3 612 613 614
3 615 616 617
3 618 619 620
3 621 622 623
3 624 625 626
3 627 628 629
3 630 631 632
3 633 634 635
3 636 637 638
3 639 640 641
3 642 643 644
3 645 646 647
3 648 649 650
3 651 652 653
3 654 655 656
3 657 658 659
3 660 661 662
3 663 664 665
3 666 667 668
3 669 670 671
3 672 673 674
3 675 676 677
3 678 679 680
3 681 682 683
3 684 685 686
3 687 688 689
3 690 691 692
3 693 694 695
3 696 697 698
3 699 700 701
3 702 703 704
3 705 706 707
3 708 709 710
3 711 712 713
3 714 715 716
3 717 718 719
3 720 721 722
3 723 724 725
3 726 727 728
3 729 730 731
3 732 733 734
3 735 736 737
3 738 739 740
3 741 742 743
3 744 745 746
3 747 748 749
3 750 751 752
3 753 754 755
3 756 757 758
3 759 760 761
3 762 763 764
3 765 766 767
3 768 769 770
3 771 772 773
3 774 775 776
3 777 778 779
3 780 781 782
3 783 784 785
3 786 787 788
3 789 790 791
3 792 793 794
3 795 796 797
3 798 799 800
3 801 802 803
3 804 805 806
3 807 808 809
3 810 811 812
3 813 814 815
3 816 817 818
3 819 820 821
3 822 823 824
3 825 826 827
3 828 829 830
3 831 832 833
3 834 835 836
3 837 838 839
3 840 841 842
3 843 844 845
3 846 847 848
3 849 850 851
3 852 853 854
3 855 856 857
3 858 859 860
3 861 862 863
3 864 865 866
3 867 868 869
3 870 871 872
3 873 874 875
3 876 877 878
3 879 880 881
3 882 883 884
3 885 886 887
3 888 889 890
3 891 892 893
3 894 895 896
3 897 898 899
3 900 901 902
3 903 904 905
3 906 907 908
3 909 910 911
3 912 913 914
3 915 916 917
3 918 919 920
3 921 922 923
3 924 925 926
3 927 928 929
3 930 931 932
3 933 934 935
3 936 937 938
3 939 940 941
3 942 943 944
3 945 946 947
3 948 949 950
3 951 952 953
3 954 955 956
3 957 958 959
3 960 961 962
3 963 964 965
3 966 967 968
3 969 970 971
3 972 973 974
3 975 976 977
3 978 979 980
3 981 982 983
3 984 985 986
3 987 988 989
3 990 991 992
3 993 994 995
3 996 997 998
3 999 1000 1001
3 1002 1003 1004
3 1005 1006 1007
3 1008 1009 1010
3 1011 1012 1013
3 1014 1015 1016
3 1017 1018 1019
3 1020 1021 1022
3 1023 1024 1025
3 1026 1027 1028
3 1029 1030 1031
3 1032 1033 1034
3 1035 1036 1037
3 1038 1039 1040
3 1041 1042 1043
3 1044 1045 1046
3 1047 1048 1049
3 1050 1051 1052
3 1053 1054 1055
3 1056 1057 1058
3 1059 1060 1061
3 1062 1063 1064
3 1065 1066 1067
3 1068 1069 1070
3 1071 1072 1073
3 1074 1075 1076
3 1077 1078 1079
3 1080 1081 1082
3 1083 1084 1085
3 1086 1087 1088
3 1089 1090 1091
3 1092 1093 1094
3 1095 1096 1097
3 1098 1099 1100
3 1101 1102 1103
3 1104 1105 1106
3 1107 1108 1109
3 1110 1111 1112
3 1113 1114 1115
3 1116 1117 1118
3 1119 1120 1121
3 1122 1123 1124
3 1125 1126 1127
3 1128 1129 1130
3 1131 1132 1133
3 1134 1135 1136
3 1137 1138 1139
3 1140 1141 1142
3 1143 1144 1145
3 1146 1147 1148
3 1149 1150 1151
3 1152 1153 1154
3 1155 1156 1157
3 1158 1159 1160
3 1161 1162 1163
3 1164 1165 1166
3 1167 1168 1169
3 1170 1171 1172
3 1173 1174 1175
3 1176 1177 1178
3 1179 1180 1181
3 1182 1183 1184
3 1185 1186 1187
3 1188 1189 1190
3 1191 1192 1193
3 1194 1195 1196
3 1197 1198 1199
3 1200 1201 1202
3 1203 1204 1205
3 1206 1207 1208
3 1209 1210 1211
3 1212 1213 1214
3 1215 1216 1217
3 1218 1219 1220
3 1221 1222 1223
3 1224 1225 1226
3 1227 1228 1229
3 1230 1231 1232
3 1233 1234 1235
3 1236 1237 1238
3 1239 1240 1241
3 1242 1243 1244
3 1245 1246 1247
3 1248 1249 1250
3 1251 1252 1253
3 1254 1255 1256
3 1257 1258 1259
3 1260 1261 1262
3 1263 1264 1265
3 1266 1267 1268
3 1269 1270 1271
3 1272 1273 1274
3 1275 1276 1277
3 1278 1279 1280
3 1281 1282 1283
3 1284 1285 1286
3 1287 1288 1289
3 1290 1291 1292
3 1293 1294 1295
3 1296 1297 1298
3 1299 1300 1301
3 1302 1303 1304
3 1305 1306 1307
3 1308 1309 1310
3 1311 1312 1313
3 1314 1315 1316
3 1317 1318 1319
3 1320 1321 1322
3 1323 1324 1325
3 1326 1327 1328
3 1329 1330 1331
3 1332 1333 1334
3 1335 1336 1337
3 1338 1339 1340
3 1341 1342 1343
3 1344 1345 1346
3 1347 1348 1349
3 1350 1351 1352
3 1353 1354 1355
3 1356 1357 1358
3 1359 1360 1361
3 1362 1363 1364
3 1365 1366 1367
3 1368 1369 1370
3 1371 1372 1373
3 1374 1375 1376
3 1377 1378 1379
3 1380 1381 1382
3 1383 1384 1385
3 1386 1387 1388
3 1389 1390 1391
3 1392 1393 1394
3 1395 1396 1397
3 1398 1399 1400
3 1401 1402 1403
3 1404 1405 1406
3 1407 1408 1409
3 1410 1411 1412
3 1413 1414 1415
3 1416 1417 1418
3 1419 1420 1421
3 1422 1423 1424
3 1425 1426 1427
3 1428 1429 1430
3 1431 1432 1433
3 1434 1435 1436
3 1437 1438 1439
3 1440 1441 1442
3 1443 1444 1445
3 1446 1447 1448
3 1449 1450 1451
3 1452 1453 1454
3 1455 1456 1457
3 1458 1459 1460
3 1461 1462 1463
3 1464 1465 1466
3 1467 1468 1469
3 1470 1471 1472
3 1473 1474 1475
3 1476 1477 1478
3 1479 1480 1481
3 1482 1483 1484
3 1485 1486 1487
3 1488 1489 1490
3 1491 1492 1493
3 1494 1495 1496
3 1497 1498 1499
3 1500 1501 1502
3 1503 1504 1505
3 1506 1507 1508
3 1509 1510 1511
3 1512 1513 1514
3 1515 1516 1517
3 1518 1519 1520
3 1521 1522 1523
3 1524 1525 1526
3 1527 1528 1529
3 1530 1531 1532
3 1533 1534 1535
3 1536 1537 1538
3 1539 1540 1541
3 1542 1543 1544
3 1545 1546 1547
3 1548 1549 1550
3 1551 1552 1553
3 1554 1555 1556
3 1557 1558 1559
3 1560 1561 1562
3 1563 1564 1565
3 1566 1567 1568
3 1569 1570 1571
3 1572 1573 1574
3 1575 1576 1577
3 1578 1579 1580
3 1581 1582 1583
3 1584 1585 1586
3 1587 1588 1589
3 1590 1591 1592
3 1593 1594 1595
3 1596 1597 1598
3 1599 1600 1601
3 1602 1603 1604
3 1605 1606 1607
3 1608 1609 1610
3 1611 1612 1613
3 1614 1615 1616
3 1617 1618 1619
3 1620 1621 1622
3 1623 1624 1625
3 1626 1627 1628
3 1629 1630 1631
3 1632 1633 1634
3 1635 1636 1637
3 1638 1639 1640
3 1641 1642 1643
3 1644 1645 1646
3 1647 1648 1649
3 1650 1651 1652
3 1653 1654 1655
3 1656 1657 1658
3 1659 1660 1661
3 1662 1663 1664
3 1665 1666 1667
3 1668 1669 1670
3 1671 1672 1673
3 1674 1675 1676
3 1677 1678 1679
3 1680 1681 1682
3 1683 1684 1685
3 1686 1687 1688
3 1689 1690 1691
3 1692 1693 1694
3 1695 1696 1697
3 1698 1699 1700
3 1701 1702 1703
3 1704 1705 1706
3 1707 1708 1709
3 1710 1711 1712
3 1713 1714 1715
3 1716 1717 1718
3 1719 1720 1721
3 1722 1723 1724
3 1725 1726 1727
3 1728 1729 1730
3 1731 1732 1733
3 1734 1735 1736
3 1737 1738 1739
3 1740 1741 1742
3 1743 1744 1745
3 1746 1747 1748
3 1749 1750 1751
3 1752 1753 1754
3 1755 1756 1757
3 1758 1759 1760
3 1761 1762 1763
3 1764 1765 1766
3 1767 1768 1769
3 1770 1771 1772
3 1773 1774 1775
3 1776 1777 1778
3 1779 1780 1781
3 1782 1783 1784
3 1785 1786 1787
3 1788 1789 1790
3 1791 1792 1793
3 1794 1795 1796
3 1797 1798 1799
3 1800 1801 1802
3 1803 1804 1805
3 1806 1807 1808
3 1809 1810 1811
3 1812 1813 1814
3 1815 1816 1817
3 1818 1819 1820
3 1821 1822 1823
3 1824 1825 1826
3 1827 1828 1829
3 1830 1831 1832
3 1833 1834 1835
3 1836 1837 1838
3 1839 1840 1841
3 1842 1843 1844
3 1845 1846 1847
3 1848 1849 1850
3 1851 1852 1853
3 1854 1855 1856
3 1857 1858 1859
3 1860 1861 1862
3 1863 1864 1865
3 1866 1867 1868
3 1869 1870 1871
3 1872 1873 1874
3 1875 1876 1877
3 1878 1879 1880
3 1881 1882 1883
3 1884 1885 1886
3 1887 1888 1889
3 1890 1891 1892
3 1893 1894 1895
3 1896 1897 1898
3 1899 1900 1901
3 1902 1903 1904
3 1905 1906 1907
3 1908 1909 1910
3 1911 1912 1913
3 1914 1915 1916
3 1917 1918 1919
3 1920 1921 1922
3 1923 1924 1925
3 1926 1927 1928
3 1929 1930 1931
3 1932 1933 1934
3 1935 1936 1937
3 1938 1939 1940
3 1941 1942 1943
3 1944 1945 1946
3 1947 1948 1949
3 1950 1951 1952
3 1953 1954 1955
3 1956 1957 1958
3 1959 1960 1961
3 1962 1963 1964
3 1965 1966 1967
3 1968 1969 1970
3 1971 1972 1973
3 1974 1975 1976
3 1977 1978 1979
3 1980 1981 1982
3 1983 1984 1985
3 1986 1987 1988
3 1989 1990 1991
3 1992 1993 1994
3 1995 1996 1997
3 1998 1999 2000
3 2001 2002 2003
3 2004 2005 2006
3 2007 2008 2009
3 2010 2011 2012
3 2013 2014 2015
3 2016 2017 2018
3 2019 2020 2021
3 2022 2023 2024
3 2025 2026 2027
3 2028 2029 2030
3 2031 2032 2033
3 2034 2035 2036
3 2037 2038 2039
3 2040 2041 2042
3 2043 2044 2045
3 2046 2047 2048
3 2049 2050 2051
3 2052 2053 2054
3 2055 2056 2057
3 2058 2059 2060
3 2061 2062 2063
3 2064 2065 2066
3 2067 2068 2069
3 2070 2071 2072
3 2073 2074 2075
3 2076 2077 2078
3 2079 2080 2081
3 2082 2083 2084
3 2085 2086 2087
3 2088 2089 2090
3 2091 2092 2093
3 2094 2095 2096
3 2097 2098 2099
3 2100 2101 2102
3 2103 2104 2105
3 2106 2107 2108
3 2109 2110 2111
3 2112 2113 2114
3 2115 2116 2117
3 2118 2119 2120
3 2121 2122 2123
3 2124 2125 2126
3 2127 2128 2129
3 2130 2131 2132
3 2133 2134 2135
3 2136 2137 2138
3 2139 2140 2141
3 2142 2143 2144
3 2145 2146 2147
3 2148 2149 2150
3 2151 2152 2153
3 2154 2155 2156
3 2157 2158 2159
3 2160 2161 2162
3 2163 2164 2165
3 2166 2167 2168
3 2169 2170 2171
3 2172 2173 2174
3 2175 2176 2177
3 2178 2179 2180
3 2181 2182 2183
3 2184 2185 2186
3 2187 2188 2189
3 2190 2191 2192
3 2193 2194 2195
3 2196 2197 2198
3 2199 2200 2201
3 2202 2203 2204
3 2205 2206 2207
3 2208 2209 2210
3 2211 2212 2213
3 2214 2215 2216
3 2217 2218 2219
3 2220 2221 2222
3 2223 2224 2225
3 2226 2227 2228
3 2229 2230 2231
3 2232 2233 2234
3 2235 2236 2237
3 2238 2239 2240
3 2241 2242 2243
3 2244 2245 2246
3 2247 2248 2249
3 2250 2251 2252
3 2253 2254 2255
3 2256 2257 2258
3 2259 2260 2261
3 2262 2263 2264
3 2265 2266 2267
3 2268 2269 2270
3 2271 2272 2273
3 2274 2275 2276
3 2277 2278 2279
3 2280 2281 2282
3 2283 2284 2285
3 2286 2287 2288
3 2289 2290 2291
3 2292 2293 2294
3 2295 2296 2297
3 2298 2299 2300
3 2301 2302 2303
3 2304 2305 2306
3 2307 2308 2309
3 2310 2311 2312
3 2313 2314 2315
3 2316 2317 2318
3 2319 2320 2321
3 2322 2323 2324
3 2325 2326 2327
3 2328 2329 2330
3 2331 2332 2333
3 2334 2335 2336
3 2337 2338 2339
3 2340 2341 2342
3 2343 2344 2345
3 2346 2347 2348
3 2349 2350 2351
3 2352 2353 2354
3 2355 2356 2357
3 2358 2359 2360
3 2361 2362 2363
3 2364 2365 2366
3 2367 2368 2369
3 2370 2371 2372
3 2373 2374 2375
3 2376 2377 2378
3 2379 2380 2381
3 2382 2383 2384
3 2385 2386 2387
3 2388 2389 2390
3 2391 2392 2393
3 2394 2395 2396
3 2397 2398 2399
3 2400 2401 2402
3 2403 2404 2405
3 2406 2407 2408
3 2409 2410 2411
3 2412 2413 2414
3 2415 2416 2417
3 2418 2419 2420
3 2421 2422 2423
3 2424 2425 2426
3 2427 2428 2429
3 2430 2431 2432
3 2433 2434 2435
3 2436 2437 2438
3 2439 2440 2441
3 2442 2443 2444
3 2445 2446 2447
3 2448 2449 2450
3 2451 2452 2453
3 2454 2455 2456
3 2457 2458 2459
3 2460 2461 2462
3 2463 2464 2465
3 2466 2467 2468
3 2469 2470 2471
3 2472 2473 2474
3 2475 2476 2477
3 2478 2479 2480
3 2481 2482 2483
3 2484 2485 2486
3 2487 2488 2489
3 2490 2491 2492
3 2493 2494 2495
3 2496 2497 2498
3 2499 2500 2501
3 2502 2503 2504
3 2505 2506 2507
3 2508 2509 2510
3 2511 2512 2513
3 2514 2515 2516
3 2517 2518 2519
3 2520 2521 2522
3 2523 2524 2525
3 2526 2527 2528
3 2529 2530 2531
3 2532 2533 2534
3 2535 2536 2537
3 2538 2539 2540
3 2541 2542 2543
3 2544 2545 2546
3 2547 2548 2549
3 2550 2551 2552
3 2553 2554 2555
3 2556 2557 2558
3 2559 2560 2561
3 2562 2563 2564
3 2565 2566 2567
3 2568 2569 2570
3 2571 2572 2573
3 2574 2575 2576
3 2577 2578 2579
3 2580 2581 2582
3 2583 2584 2585
3 2586 2587 2588
3 2589 2590 2591
3 2592 2593 2594
3 2595 2596 2597
3 2598 2599 2600
3 2601 2602 2603
3 2604 2605 2606
3 2607 2608 2609
3 2610 2611 2612
3 2613 2614 2615
3 2616 2617 2618
3 2619 2620 2621
3 2622 2623 2624
3 2625 2626 2627
3 2628 2629 2630
3 2631 2632 2633
3 2634 2635 2636
3 2637 2638 2639
3 2640 2641 2642
3 2643 2644 2645
3 2646 2647 2648
3 2649 2650 2651
3 2652 2653 2654
3 2655 2656 2657
3 2658 2659 2660
3 2661 2662 2663
3 2664 2665 2666
3 2667 2668 2669
3 2670 2671 2672
3 2673 2674 2675
3 2676 2677 2678
3 2679 2680 2681
3 2682 2683 2684
3 2685 2686 2687
3 2688 2689 2690
3 2691 2692 2693
3 2694 2695 2696
3 2697 2698 2699
3 2700 2701 2702
3 2703 2704 2705
3 2706 2707 2708
3 2709 2710 2711
3 2712 2713 2714
3 2715 2716 2717
3 2718 2719 2720
3 2721 2722 2723
3 2724 2725 2726
3 2727 2728 2729
3 2730 2731 2732
3 2733 2734 2735
3 2736 2737 2738
3 2739 2740 2741
3 2742 2743 2744
3 2745 2746 2747
3 2748 2749 2750
3 2751 2752 2753
3 2754 2755 2756
3 2757 2758 2759
3 2760 2761 2762
3 2763 2764 2765
3 2766 2767 2768
3 2769 2770 2771
3 2772 2773 2774
3 2775 2776 2777
3 2778 2779 2780
3 2781 2782 2783
3 2784 2785 2786
3 2787 2788 2789
3 2790 2791 2792
3 2793 2794 2795
3 2796 2797 2798
3 2799 2800 2801
3 2802 2803 2804
3 2805 2806 2807
3 2808 2809 2810
3 2811 2812 2813
3 2814 2815 2816
3 2817 2818 2819
3 2820 2821 2822
3 2823 2824 2825
3 2826 2827 2828
3 2829 2830 2831
3 2832 2833 2834
3 2835 2836 2837
3 2838 2839 2840
3 2841 2842 2843
3 2844 2845 2846
3 2847 2848 2849
3 2850 2851 2852
3 2853 2854 2855
3 2856 2857 2858
3 2859 2860 2861
3 2862 2863 2864
3 2865 2866 2867
3 2868 2869 2870
3 2871 2872 2873
3 2874 2875 2876
3 2877 2878 2879
3 2880 2881 2882
3 2883 2884 2885
3 2886 2887 2888
3 2889 2890 2891
3 2892 2893 2894
3 2895 2896 2897
3 2898 2899 2900
3 2901 2902 2903
3 2904 2905 2906
3 2907 2908 2909
3 2910 2911 2912
3 2913 2914 2915
3 2916 2917 2918
3 2919 2920 2921
3 2922 2923 2924
3 2925 2926 2927
3 2928 2929 2930
3 2931 2932 2933
3 2934 2935 2936
3 2937 2938 2939
3 2940 2941 2942
3 2943 2944 2945
3 2946 2947 2948
3 2949 2950 2951
3 2952 2953 2954
3 2955 2956 2957
3 2958 2959 2960
3 2961 2962 2963
3 2964 2965 2966
3 2967 2968 2969
3 2970 2971 2972
3 2973 2974 2975
3 2976 2977 2978
3 2979 2980 2981
3 2982 2983 2984
3 2985 2986 2987
3 2988 2989 2990
3 2991 2992 2993
3 2994 2995 2996
3 2997 2998 2999
3 3000 3001 3002
3 3003 3004 3005
3 3006 3007 3008
3 3009 3010 3011
3 3012 3013 3014
3 3015 3016 3017
3 3018 3019 3020
3 3021 3022 3023
3 3024 3025 3026
3 3027 3028 3029
3 3030 3031 3032
3 3033 3034 3035
3 3036 3037 3038
3 3039 3040 3041
3 3042 3043 3044
3 3045 3046 3047
3 3048 3049 3050
3 3051 3052 3053
3 3054 3055 3056
3 3057 3058 3059
3 3060 3061 3062
3 3063 3064 3065
3 3066 3067 3068
3 3069 3070 3071
3 3072 3073 3074
3 3075 3076 3077
3 3078 3079 3080
3 3081 3082 3083
3 3084 3085 3086
3 3087 3088 3089
3 3090 3091 3092
3 3093 3094 3095
3 3096 3097 3098
3 3099 3100 3101
3 3102 3103 3104
3 3105 3106 3107
3 3108 3109 3110
3 3111 3112 3113
3 3114 3115 3116
3 3117 3118 3119
3 3120 3121 3122
3 3123 3124 3125
3 3126 3127 3128
3 3129 3130 3131
3 3132 3133 3134
3 3135 3136 3137
3 3138 3139 3140
3 3141 3142 3143
3 3144 3145 3146
3 3147 3148 3149
3 3150 3151 3152
3 3153 3154 3155
3 3156 3157 3158
3 3159 3160 3161
3 3162 3163 3164
3 3165 3166 3167
3 3168 3169 3170
3 3171 3172 3173
3 3174 3175 3176
3 3177 3178 3179
3 3180 3181 3182
3 3183 3184 3185
3 3186 3187 3188
3 3189 3190 3191
3 3192 3193 3194
3 3195 3196 3197
3 3198 3199 3200
3 3201 3202 3203
3 3204 3205 3206
3 3207 3208 3209
3 3210 3211 3212
3 3213 3214 3215
3 3216 3217 3218
3 3219 3220 3221
3 3222 3223 3224
3 3225 3226 3227
3 3228 3229 3230
3 3231 3232 3233
3 3234 3235 3236
3 3237 3238 3239
3 3240 3241 3242
3 3243 3244 3245
3 3246 3247 3248
3 3249 3250 3251
3 3252 3253 3254
3 3255 3256 3257
3 3258 3259 3260
3 3261 3262 3263
3 3264 3265 3266
3 3267 3268 3269
3 3270 3271 3272
3 3273 3274 3275
3 3276 3277 3278
3 3279 3280 3281
3 3282 3283 3284
3 3285 3286 3287
3 3288 3289 3290
3 3291 3292 3293
3 3294 3295 3296
3 3297 3298 3299
3 3300 3301 3302
3 3303 3304 3305
3 3306 3307 3308
3 3309 3310 3311
3 3312 3313 3314
3 3315 3316 3317
3 3318 3319 3320
3 3321 3322 3323
3 3324 3325 3326
3 3327 3328 3329
3 3330 3331 3332
3 3333 3334 3335
3 3336 3337 3338
3 3339 3340 3341
3 3342 3343 3344
3 3345 3346 3347
3 3348 3349 3350
3 3351 3352 3353
3 3354 3355 3356
3 3357 3358 3359
3 3360 3361 3362
3 3363 3364 3365
3 3366 3367 3368
3 3369 3370 3371
3 3372 3373 3374
3 3375 3376 3377
3 3378 3379 3380
3 3381 3382 3383
3 3384 3385 3386
3 3387 3388 3389
3 3390 3391 3392
3 3393 3394 3395
3 3396 3397 3398
3 3399 3400 3401
3 3402 3403 3404
3 3405 3406 3407
3 3408 3409 3410
3 3411 3412 3413
3 3414 3415 3416
3 3417 3418 3419
3 3420 3421 3422
3 3423 3424 3425
3 3426 3427 3428
3 3429 3430 3431
3 3432 3433 3434
3 3435 3436 3437
3 3438 3439 3440
3 3441 3442 3443
3 3444 3445 3446
3 3447 3448 3449
3 3450 3451 3452
3 3453 3454 3455
3 3456 3457 3458
3 3459 3460 3461
3 3462 3463 3464
3 3465 3466 3467
3 3468 3469 3470
3 3471 3472 3473
3 3474 3475 3476
3 3477 3478 3479
3 3480 3481 3482
3 3483 3484 3485
3 3486 3487 3488
3 3489 3490 3491
3 3492 3493 3494
3 3495 3496 3497
3 3498 3499 3500
3 3501 3502 3503
3 3504 3505 3506
3 3507 3508 3509
3 3510 3511 3512
3 3513 3514 3515
3 3516 3517 3518
3 3519 3520 3521
3 3522 3523 3524
3 3525 3526 3527
3 3528 3529 3530
3 3531 3532 3533
3 3534 3535 3536
3 3537 3538 3539
3 3540 3541 3542
3 3543 3544 3545
3 3546 3547 3548
3 3549 3550 3551
3 3552 3553 3554
3 3555 3556 3557
3 3558 3559 3560
3 3561 3562 3563
3 3564 3565 3566
3 3567 3568 3569
3 3570 3571 3572
3 3573 3574 3575
3 3576 3577 3578
3 3579 3580 3581
3 3582 3583 3584
3 3585 3586 3587
3 3588 3589 3590
3 3591 3592 3593
3 3594 3595 3596
3 3597 3598 3599
3 3600 3601 3602
3 3603 3604 3605
3 3606 3607 3608
3 3609 3610 3611
3 3612 3613 3614
3 3615 3616 3617
3 3618 3619 3620
3 3621 3622 3623
3 3624 3625 3626
3 3627 3628 3629
3 3630 3631 3632
3 3633 3634 3635
3 3636 3637 3638
3 3639 3640 3641
3 3642 3643 3644
3 3645 3646 3647
3 3648 3649 3650
3 3651 3652 3653
3 3654 3655 3656
3 3657 3658 3659
3 3660 3661 3662
3 3663 3664 3665
3 3666 3667 3668
3 3669 3670 3671
3 3672 3673 3674
3 3675 3676 3677
3 3678 3679 3680
3 3681 3682 3683
3 3684 3685 3686
3 3687 3688 3689
3 3690 3691 3692
3 3693 3694 3695
3 3696 3697 3698
3 3699 3700 3701
3 3702 3703 3704
3 3705 3706 3707
3 3708 3709 3710
3 3711 3712 3713
3 3714 3715 3716
3 3717 3718 3719
3 3720 3721 3722
3 3723 3724 3725
3 3726 3727 3728
3 3729 3730 3731
3 3732 3733 3734
3 3735 3736 3737
3 3738 3739 3740
3 3741 3742 3743
3 3744 3745 3746
3 3747 3748 3749
3 3750 3751 3752
3 3753 3754 3755
3 3756 3757 3758
3 3759 3760 3761
3 3762 3763 3764
3 3765 3766 3767
3 3768 3769 3770
3 3771 3772 3773
3 3774 3775 3776
3 3777 3778 3779
3 3780 3781 3782
3 3783 3784 3785
3 3786 3787 3788
3 3789 3790 3791
3 3792 3793 3794
3 3795 3796 3797
3 3798 3799 3800
3 3801 3802 3803
3 3804 3805 3806
3 3807 3808 3809
3 3810 3811 3812
3 3813 3814 3815
3 3816 3817 3818
3 3819 3820 3821
3 3822 3823 3824
3 3825 3826 3827
3 3828 3829 3830
3 3831 3832 3833
3 3834 3835 3836
3 3837 3838 3839
3 3840 3841 3842
3 3843 3844 3845
3 3846 3847 3848
3 3849 3850 3851
3 3852 3853 3854
3 3855 3856 3857
3 3858 3859 3860
3 3861 3862 3863
3 3864 3865 3866
3 3867 3868 3869
3 3870 3871 3872
3 3873 3874 3875
3 3876 3877 3878
3 3879 3880 3881
3 3882 3883 3884
3 3885 3886 3887
3 3888 3889 3890
3 3891 3892 3893
3 3894 3895 3896
3 3897 3898 3899
3 3900 3901 3902
3 3903 3904 3905
3 3906 3907 3908
3 3909 3910 3911
3 3912 3913 3914
3 3915 3916 3917
3 3918 3919 3920
3 3921 3922 3923
3 3924 3925 3926
3 3927 3928 3929
3 3930 3931 3932
3 3933 3934 3935
3 3936 3937 3938
3 3939 3940 3941
3 3942 3943 3944
3 3945 3946 3947
3 3948 3949 3950
3 3951 3952 3953
3 3954 3955 3956
3 3957 3958 3959
3 3960 3961 3962
3 3963 3964 3965
3 3966 3967 3968
3 3969 3970 3971
3 3972 3973 3974
3 3975 3976 3977
3 3978 3979 3980
3 3981 3982 3983
3 3984 3985 3986
3 3987 3988 3989
3 3990 3991 3992
3 3993 3994 3995
3 3996 3997 3998
3 3999 4000 4001
3 4002 4003 4004
3 4005 4006 4007
3 4008 4009 4010
3 4011 4012 4013
3 4014 4015 4016
3 4017 4018 4019
3 4020 4021 4022
3 4023 4024 4025
3 4026 4027 4028
3 4029 4030 4031
3 4032 4033 4034
3 4035 4036 4037
3 4038 4039 4040
3 4041 4042 4043
3 4044 4045 4046
3 4047 4048 4049
3 4050 4051 4052
3 4053 4054 4055
3 4056 4057 4058
3 4059 4060 4061
3 4062 4063 4064
3 4065 4066 4067
3 4068 4069 4070
3 4071 4072 4073
3 4074 4075 4076
3 4077 4078 4079
3 4080 4081 4082
3 4083 4084 4085
3 4086 4087 4088
3 4089 4090 4091
3 4092 4093 4094
3 4095 4096 4097
3 4098 4099 4100
3 4101 4102 4103
3 4104 4105 4106
3 4107 4108 4109
3 4110 4111 4112
3 4113 4114 4115
3 4116 4117 4118
3 4119 4120 4121
3 4122 4123 4124
3 4125 4126 4127
3 4128 4129 4130
3 4131 4132 4133
3 4134 4135 4136
3 4137 4138 4139
3 4140 4141 4142
3 4143 4144 4145
3 4146 4147 4148
3 4149 4150 4151
3 4152 4153 4154
3 4155 4156 4157
3 4158 4159 4160
3 4161 4162 4163
3 4164 4165 4166
3 4167 4168 4169
3 4170 4171 4172
3 4173 4174 4175
3 4176 4177 4178
3 4179 4180 4181
3 4182 4183 4184
3 4185 4186 4187
3 4188 4189 4190
3 4191 4192 4193
3 4194 4195 4196
3 4197 4198 4199
3 4200 4201 4202
3 4203 4204 4205
3 4206 4207 4208
3 4209 4210 4211
3 4212 4213 4214
3 4215 4216 4217
3 4218 4219 4220
3 4221 4222 4223
3 4224 4225 4226
3 4227 4228 4229
3 4230 4231 4232
3 4233 4234 4235
3 4236 4237 4238
3 4239 4240 4241
3 4242 4243 4244
3 4245 4246 4247
3 4248 4249 4250
3 4251 4252 4253
3 4254 4255 4256
3 4257 4258 4259
3 4260 4261 4262
3 4263 4264 4265
3 4266 4267 4268
3 4269 4270 4271
3 4272 4273 4274
3 4275 4276 4277
3 4278 4279 4280
3 4281 4282 4283
3 4284 4285 4286
3 4287 4288 4289
3 4290 4291 4292
3 4293 4294 4295
3 4296 4297 4298
3 4299 4300 4301
3 4302 4303 4304
3 4305 4306 4307
3 4308 4309 4310
3 4311 4312 4313
3 4314 4315 4316
3 4317 4318 4319
3 4320 4321 4322
3 4323 4324 4325
3 4326 4327 4328
3 4329 4330 4331
3 4332 4333 4334
3 4335 4336 4337
3 4338 4339 4340
3 4341 4342 4343
3 4344 4345 4346
3 4347 4348 4349
3 4350 4351 4352
3 4353 4354 4355
3 4356 4357 4358
3 4359 4360 4361
3 4362 4363 4364
3 4365 4366 4367
3 4368 4369 4370
3 4371 4372 4373
3 4374 4375 4376
3 4377 4378 4379
3 4380 4381 4382
3 4383 4384 4385
3 4386 4387 4388
3 4389 4390 4391
3 4392 4393 4394
3 4395 4396 4397
3 4398 4399 4400
3 4401 4402 4403
3 4404 4405 4406
3 4407 4408 4409
3 4410 4411 4412
3 4413 4414 4415
3 4416 4417 4418
3 4419 4420 4421
3 4422 4423 4424
3 4425 4426 4427
3 4428 4429 4430
3 4431 4432 4433
3 4434 4435 4436
3 4437 4438 4439
3 4440 4441 4442
3 4443 4444 4445
3 4446 4447 4448
3 4449 4450 4451
3 4452 4453 4454
3 4455 4456 4457
3 4458 4459 4460
3 4461 4462 4463
3 4464 4465 4466
3 4467 4468 4469
3 4470 4471 4472
3 4473 4474 4475
3 4476 4477 4478
3 4479 4480 4481
3 4482 4483 4484
3 4485 4486 4487
3 4488 4489 4490
3 4491 4492 4493
3 4494 4495 4496
3 4497 4498 4499
3 4500 4501 4502
3 4503 4504 4505
3 4506 4507 4508
3 4509 4510 4511
3 4512 4513 4514
3 4515 4516 4517
3 4518 4519 4520
3 4521 4522 4523
3 4524 4525 4526
3 4527 4528 4529
3 4530 4531 4532
3 4533 4534 4535
3 4536 4537 4538
3 4539 4540 4541
3 4542 4543 4544
3 4545 4546 4547
3 4548 4549 4550
3 4551 4552 4553
3 4554 4555 4556
3 4557 4558 4559
3 4560 4561 4562
3 4563 4564 4565
3 4566 4567 4568
3 4569 4570 4571
3 4572 4573 4574
3 4575 4576 4577
3 4578 4579 4580
3 4581 4582 4583
3 4584 4585 4586
3 4587 4588 4589
3 4590 4591 4592
3 4593 4594 4595
3 4596 4597 4598
3 4599 4600 4601
3 4602 4603 4604
3 4605 4606 4607
3 4608 4609 4610
3 4611 4612 4613
3 4614 4615 4616
3 4617 4618 4619
3 4620 4621 4622
3 4623 4624 4625
3 4626 4627 4628
3 4629 4630 4631
3 4632 4633 4634
3 4635 4636 4637
3 4638 4639 4640
3 4641 4642 4643
3 4644 4645 4646
3 4647 4648 4649
3 4650 4651 4652
3 4653 4654 4655
3 4656 4657 4658
3 4659 4660 4661
3 4662 4663 4664
3 4665 4666 4667
3 4668 4669 4670
3 4671 4672 4673
3 4674 4675 4676
3 4677 4678 4679
3 4680 4681 4682
3 4683 4684 4685
3 4686 4687 4688
3 4689 4690 4691
3 4692 4693 4694
3 4695 4696 4697
3 4698 4699 4700
3 4701 4702 4703
3 4704 4705 4706
3 4707 4708 4709
3 4710 4711 4712
3 4713 4714 4715
3 4716 4717 4718
3 4719 4720 4721
3 4722 4723 4724
3 4725 4726 4727
3 4728 4729 4730
3 4731 4732 4733
3 4734 4735 4736
3 4737 4738 4739
3 4740 4741 4742
3 4743 4744 4745
3 4746 4747 4748
3 4749 4750 4751
3 4752 4753 4754
3 4755 4756 4757
3 4758 4759 4760
3 4761 4762 4763
3 4764 4765 4766
3 4767 4768 4769
3 4770 4771 4772
3 4773 4774 4775
3 4776 4777 4778
3 4779 4780 4781
3 4782 4783 4784
3 4785 4786 4787
3 4788 4789 4790
3 4791 4792 4793
3 4794 4795 4796
3 4797 4798 4799
3 4800 4801 4802
3 4803 4804 4805
3 4806 4807 4808
3 4809 4810 4811
3 4812 4813 4814
3 4815 4816 4817
3 4818 4819 4820
3 4821 4822 4823
3 4824 4825 4826
3 4827 4828 4829
3 4830 4831 4832
3 4833 4834 4835
3 4836 4837 4838
3 4839 4840 4841
3 4842 4843 4844
3 4845 4846 4847
3 4848 4849 4850
3 4851 4852 4853
3 4854 4855 4856
3 4857 4858 4859
3 4860 4861 4862
3 4863 4864 4865
3 4866 4867 4868
3 4869 4870 4871
3 4872 4873 4874
3 4875 4876 4877
3 4878 4879 4880
3 4881 4882 4883
3 4884 4885 4886
3 4887 4888 4889
3 4890 4891 4892
3 4893 4894 4895
3 4896 4897 4898
3 4899 4900 4901
3 4902 4903 4904
3 4905 4906 4907
3 4908 4909 4910
3 4911 4912 4913
3 4914 4915 4916
3 4917 4918 4919
3 4920 4921 4922
3 4923 4924 4925
3 4926 4927 4928
3 4929 4930 4931
3 4932 4933 4934
3 4935 4936 4937
3 4938 4939 4940
3 4941 4942 4943
3 4944 4945 4946
3 4947 4948 4949
3 4950 4951 4952
3 4953 4954 4955
3 4956 4957 4958
3 4959 4960 4961
3 4962 4963 4964
3 4965 4966 4967
3 4968 4969 4970
3 4971 4972 4973
3 4974 4975 4976
3 4977 4978 4979
3 4980 4981 4982
3 4983 4984 4985
3 4986 4987 4988
3 4989 4990 4991
3 4992 4993 4994
3 4995 4996 4997
3 4998 4999 5000
3 5001 5002 5003
3 5004 5005 5006
3 5007 5008 5009
3 5010 5011 5012
3 5013 5014 5015
3 5016 5017 5018
3 5019 5020 5021
3 5022 5023 5024
3 5025 5026 5027
3 5028 5029 5030
3 5031 5032 5033
3 5034 5035 5036
3 5037 5038 5039
3 5040 5041 5042
3 5043 5044 5045
3 5046 5047 5048
3 5049 5050 5051
3 5052 5053 5054
3 5055 5056 5057
3 5058 5059 5060
3 5061 5062 5063
3 5064 5065 5066
3 5067 5068 5069
3 5070 5071 5072
3 5073 5074 5075
3 5076 5077 5078
3 5079 5080 5081
3 5082 5083 5084
3 5085 5086 5087
3 5088 5089 5090
3 5091 5092 5093
3 5094 5095 5096
3 5097 5098 5099
3 5100 5101 5102
3 5103 5104 5105
3 5106 5107 5108
3 5109 5110 5111
3 5112 5113 5114
3 5115 5116 5117
3 5118 5119 5120
3 5121 5122 5123
3 5124 5125 5126
3 5127 5128 5129
3 5130 5131 5132
3 5133 5134 5135
3 5136 5137 5138
3 5139 5140 5141
3 5142 5143 5144
3 5145 5146 5147
3 5148 5149 5150
3 5151 5152 5153
3 5154 5155 5156
3 5157 5158 5159
3 5160 5161 5162
3 5163 5164 5165
3 5166 5167 5168
3 5169 5170 5171
3 5172 5173 5174
3 5175 5176 5177
3 5178 5179 5180
3 5181 5182 5183
3 5184 5185 5186
3 5187 5188 5189
3 5190 5191 5192
3 5193 5194 5195
3 5196 5197 5198
3 5199 5200 5201
3 5202 5203 5204
3 5205 5206 5207
3 5208 5209 5210
3 5211 5212 5213
3 5214 5215 5216
3 5217 5218 5219
3 5220 5221 5222
3 5223 5224 5225
3 5226 5227 5228
3 5229 5230 5231
3 5232 5233 5234
3 5235 5236 5237
3 5238 5239 5240
3 5241 5242 5243
3 5244 5245 5246
3 5247 5248 5249
3 5250 5251 5252
3 5253 5254 5255
3 5256 5257 5258
3 5259 5260 5261
3 5262 5263 5264
3 5265 5266 5267
3 5268 5269 5270
3 5271 5272 5273
3 5274 5275 5276
3 5277 5278 5279
3 5280 5281 5282
3 5283 5284 5285
3 5286 5287 5288
3 5289 5290 5291
3 5292 5293 5294
3 5295 5296 5297
3 5298 5299 5300
3 5301 5302 5303
3 5304 5305 5306
3 5307 5308 5309
3 5310 5311 5312
3 5313 5314 5315
3 5316 5317 5318
3 5319 5320 5321
3 5322 5323 5324
3 5325 5326 5327
3 5328 5329 5330
3 5331 5332 5333
3 5334 5335 5336
3 5337 5338 5339
3 5340 5341 5342
3 5343 5344 5345
3 5346 5347 5348
3 5349 5350 5351
3 5352 5353 5354
3 5355 5356 5357
3 5358 5359 5360
3 5361 5362 5363
3 5364 5365 5366
3 5367 5368 5369
3 5370 5371 5372
3 5373 5374 5375
3 5376 5377 5378
3 5379 5380 5381
3 5382 5383 5384
3 5385 5386 5387
3 5388 5389 5390
3 5391 5392 5393
3 5394 5395 5396
3 5397 5398 5399
3 5400 5401 5402
3 5403 5404 5405
3 5406 5407 5408
3 5409 5410 5411
3 5412 5413 5414
3 5415 5416 5417
3 5418 5419 5420
3 5421 5422 5423
3 5424 5425 5426
3 5427 5428 5429
3 5430 5431 5432
3 5433 5434 5435
3 5436 5437 5438
3 5439 5440 5441
3 5442 5443 5444
3 5445 5446 5447
3 5448 5449 5450
3 5451 5452 5453
3 5454 5455 5456
3 5457 5458 5459
3 5460 5461 5462
3 5463 5464 5465
3 5466 5467 5468
3 5469 5470 5471
3 5472 5473 5474
3 5475 5476 5477
3 5478 5479 5480
3 5481 5482 5483
3 5484 5485 5486
3 5487 5488 5489
3 5490 5491 5492
3 5493 5494 5495
3 5496 5497 5498
3 5499 5500 5501
3 5502 5503 5504
3 5505 5506 5507
3 5508 5509 5510
3 5511 5512 5513
3 5514 5515 5516
3 5517 5518 5519
3 5520 5521 5522
3 5523 5524 5525
3 5526 5527 5528
3 5529 5530 5531
3 5532 5533 5534
3 5535 5536 5537
3 5538 5539 5540
3 5541 5542 5543
3 5544 5545 5546
3 5547 5548 5549
3 5550 5551 5552
3 5553 5554 5555
3 5556 5557 5558
3 5559 5560 5561
3 5562 5563 5564
3 5565 5566 5567
3 5568 5569 5570
3 5571 5572 5573
3 5574 5575 5576
3 5577 5578 5579
3 5580 5581 5582
3 5583 5584 5585
3 5586 5587 5588
3 5589 5590 5591
3 5592 5593 5594
3 5595 5596 5597
3 5598 5599 5600
3 5601 5602 5603
3 5604 5605 5606
3 5607 5608 5609
3 5610 5611 5612
3 5613 5614 5615
3 5616 5617 5618
3 5619 5620 5621
3 5622 5623 5624
3 5625 5626 5627
3 5628 5629 5630
3 5631 5632 5633
3 5634 5635 5636
3 5637 5638 5639
3 5640 5641 5642
3 5643 5644 5645
3 5646 5647 5648
3 5649 5650 5651
3 5652 5653 5654
3 5655 5656 5657
3 5658 5659 5660
3 5661 5662 5663
3 5664 5665 5666
3 5667 5668 5669
3 5670 5671 5672
3 5673 5674 5675
3 5676 5677 5678
3 5679 5680 5681
3 5682 5683 5684
3 5685 5686 5687
3 5688 5689 5690
3 5691 5692 5693
3 5694 5695 5696
3 5697 5698 5699
3 5700 5701 5702
3 5703 5704 5705
3 5706 5707 5708
3 5709 5710 5711
3 5712 5713 5714
3 5715 5716 5717
3 5718 5719 5720
3 5721 5722 5723
3 5724 5725 5726
3 5727 5728 5729
3 5730 5731 5732
3 5733 5734 5735
3 5736 5737 5738
3 5739 5740 5741
3 5742 5743 5744
3 5745 5746 5747
3 5748 5749 5750
3 5751 5752 5753
3 5754 5755 5756
3 5757 5758 5759
3 5760 5761 5762
3 5763 5764 5765
3 5766 5767 5768
3 5769 5770 5771
3 5772 5773 5774
3 5775 5776 5777
3 5778 5779 5780
3 5781 5782 5783
3 5784 5785 5786
3 5787 5788 5789
3 5790 5791 5792
3 5793 5794 5795
3 5796 5797 5798
3 5799 5800 5801
3 5802 5803 5804
3 5805 5806 5807
3 5808 5809 5810
3 5811 5812 5813
3 5814 5815 5816
3 5817 5818 5819
3 5820 5821 5822
3 5823 5824 5825
3 5826 5827 5828
3 5829 5830 5831
3 5832 5833 5834
3 5835 5836 5837
3 5838 5839 5840
3 5841 5842 5843
3 5844 5845 5846
3 5847 5848 5849
3 5850 5851 5852
3 5853 5854 5855
3 5856 5857 5858
3 5859 5860 5861
3 5862 5863 5864
3 5865 5866 5867
3 5868 5869 5870
3 5871 5872 5873
3 5874 5875 5876
3 5877 5878 5879
3 5880 5881 5882
3 5883 5884 5885
3 5886 5887 5888
3 5889 5890 5891
3 5892 5893 5894
3 5895 5896 5897
3 5898 5899 5900
3 5901 5902 5903
3 5904 5905 5906
3 5907 5908 5909
3 5910 5911 5912
3 5913 5914 5915
3 5916 5917 5918
3 5919 5920 5921
3 5922 5923 5924
3 5925 5926 5927
3 5928 5929 5930
3 5931 5932 5933
3 5934 5935 5936
3 5937 5938 5939
3 5940 5941 5942
3 5943 5944 5945
3 5946 5947 5948
3 5949 5950 5951
3 5952 5953 5954
3 5955 5956 5957
3 5958 5959 5960
3 5961 5962 5963
3 5964 5965 5966
3 5967 5968 5969
3 5970 5971 5972
3 5973 5974 5975
3 5976 5977 5978
3 5979 5980 5981
3 5982 5983 5984
3 5985 5986 5987
3 5988 5989 5990
3 5991 5992 5993
3 5994 5995 5996
3 5997 5998 5999
3 6000 6001 6002
3 6003 6004 6005
3 6006 6007 6008
3 6009 6010 6011
3 6012 6013 6014
3 6015 6016 6017
3 6018 6019 6020
3 6021 6022 6023
3 6024 6025 6026
3 6027 6028 6029
3 6030 6031 6032
3 6033 6034 6035
3 6036 6037 6038
3 6039 6040 6041
3 6042 6043 6044
3 6045 6046 6047
3 6048 6049 6050
3 6051 6052 6053
3 6054 6055 6056
3 6057 6058 6059
3 6060 6061 6062
3 6063 6064 6065
3 6066 6067 6068
3 6069 6070 6071
3 6072 6073 6074
3 6075 6076 6077
3 6078 6079 6080
3 6081 6082 6083
3 6084 6085 6086
3 6087 6088 6089
3 6090 6091 6092
3 6093 6094 6095
3 6096 6097 6098
3 6099 6100 6101
3 6102 6103 6104
3 6105 6106 6107
3 6108 6109 6110
3 6111 6112 6113
3 6114 6115 6116
3 6117 6118 6119
3 6120 6121 6122
3 6123 6124 6125
3 6126 6127 6128
3 6129 6130 6131
3 6132 6133 6134
3 6135 6136 6137
3 6138 6139 6140
3 6141 6142 6143
3 6144 6145 6146
3 6147 6148 6149
3 6150 6151 6152
3 6153 6154 6155
3 6156 6157 6158
3 6159 6160 6161
3 6162 6163 6164
3 6165 6166 6167
3 6168 6169 6170
3 6171 6172 6173
3 6174 6175 6176
3 6177 6178 6179
3 6180 6181 6182
3 6183 6184 6185
3 6186 6187 6188
3 6189 6190 6191
3 6192 6193 6194
3 6195 6196 6197
3 6198 6199 6200
3 6201 6202 6203
3 6204 6205 6206
3 6207 6208 6209
3 6210 6211 6212
3 6213 6214 6215
3 6216 6217 6218
3 6219 6220 6221
3 6222 6223 6224
3 6225 6226 6227
3 6228 6229 6230
3 6231 6232 6233
3 6234 6235 6236
3 6237 6238 6239
3 6240 6241 6242
3 6243 6244 6245
3 6246 6247 6248
3 6249 6250 6251
3 6252 6253 6254
3 6255 6256 6257
3 6258 6259 6260
3 6261 6262 6263
3 6264 6265 6266
3 6267 6268 6269
3 6270 6271 6272
3 6273 6274 6275
3 6276 6277 6278
3 6279 6280 6281
3 6282 6283 6284
3 6285 6286 6287
3 6288 6289 6290
3 6291 6292 6293
3 6294 6295 6296
3 6297 6298 6299
3 6300 6301 6302
3 6303 6304 6305
3 6306 6307 6308
3 6309 6310 6311
3 6312 6313 6314
3 6315 6316 6317
3 6318 6319 6320
3 6321 6322 6323
3 6324 6325 6326
3 6327 6328 6329
3 6330 6331 6332
3 6333 6334 6335
3 6336 6337 6338
3 6339 6340 6341
3 6342 6343 6344
3 6345 6346 6347
3 6348 6349 6350
3 6351 6352 6353
3 6354 6355 6356
3 6357 6358 6359
3 6360 6361 6362
3 6363 6364 6365
3 6366 6367 6368
3 6369 6370 6371
3 6372 6373 6374
3 6375 6376 6377
3 6378 6379 6380
3 6381 6382 6383
3 6384 6385 6386
3 6387 6388 6389
3 6390 6391 6392
3 6393 6394 6395
3 6396 6397 6398
3 6399 6400 6401
3 6402 6403 6404
3 6405 6406 6407
3 6408 6409 6410
3 6411 6412 6413
3 6414 6415 6416
3 6417 6418 6419
3 6420 6421 6422
3 6423 6424 6425
3 6426 6427 6428
3 6429 6430 6431
3 6432 6433 6434
3 6435 6436 6437
3 6438 6439 6440
3 6441 6442 6443
3 6444 6445 6446
3 6447 6448 6449
3 6450 6451 6452
3 6453 6454 6455
3 6456 6457 6458
3 6459 6460 6461
3 6462 6463 6464
3 6465 6466 6467
3 6468 6469 6470
3 6471 6472 6473
3 6474 6475 6476
3 6477 6478 6479
3 6480 6481 6482
3 6483 6484 6485
3 6486 6487 6488
3 6489 6490 6491
3 6492 6493 6494
3 6495 6496 6497
3 6498 6499 6500
3 6501 6502 6503
3 6504 6505 6506
3 6507 6508 6509
3 6510 6511 6512
3 6513 6514 6515
3 6516 6517 6518
3 6519 6520 6521
3 6522 6523 6524
3 6525 6526 6527
3 6528 6529 6530
3 6531 6532 6533
3 6534 6535 6536
3 6537 6538 6539
3 6540 6541 6542
3 6543 6544 6545
3 6546 6547 6548
3 6549 6550 6551
3 6552 6553 6554
3 6555 6556 6557
3 6558 6559 6560
3 6561 6562 6563
3 6564 6565 6566
3 6567 6568 6569
3 6570 6571 6572
3 6573 6574 6575
3 6576 6577 6578
3 6579 6580 6581
3 6582 6583 6584
3 6585 6586 6587
3 6588 6589 6590
3 6591 6592 6593
3 6594 6595 6596
3 6597 6598 6599
3 6600 6601 6602
3 6603 6604 6605
3 6606 6607 6608
3 6609 6610 6611
3 6612 6613 6614
3 6615 6616 6617
3 6618 6619 6620
3 6621 6622 6623
3 6624 6625 6626
3 6627 6628 6629
3 6630 6631 6632
3 6633 6634 6635
3 6636 6637 6638
3 6639 6640 6641
3 6642 6643 6644
3 6645 6646 6647
3 6648 6649 6650
3 6651 6652 6653
3 6654 6655 6656
3 6657 6658 6659
3 6660 6661 6662
3 6663 6664 6665
3 6666 6667 6668
3 6669 6670 6671
3 6672 6673 6674
3 6675 6676 6677
3 6678 6679 6680
3 6681 6682 6683
3 6684 6685 6686
3 6687 6688 6689
3 6690 6691 6692
3 6693 6694 6695
3 6696 6697 6698
3 6699 6700 6701
3 6702 6703 6704
3 6705 6706 6707
3 6708 6709 6710
3 6711 6712 6713
3 6714 6715 6716
3 6717 6718 6719
3 6720 6721 6722
3 6723 6724 6725
3 6726 6727 6728
3 6729 6730 6731
3 6732 6733 6734
3 6735 6736 6737
3 6738 6739 6740
3 6741 6742 6743
3 6744 6745 6746
3 6747 6748 6749
3 6750 6751 6752
3 6753 6754 6755
3 6756 6757 6758
3 6759 6760 6761
3 6762 6763 6764
3 6765 6766 6767
3 6768 6769 6770
3 6771 6772 6773
3 6774 6775 6776
3 6777 6778 6779
3 6780 6781 6782
3 6783 6784 6785
3 6786 6787 6788
3 6789 6790 6791
3 6792 6793 6794
3 6795 6796 6797
3 6798 6799 6800
3 6801 6802 6803
3 6804 6805 6806
3 6807 6808 6809
3 6810 6811 6812
3 6813 6814 6815
3 6816 6817 6818
3 6819 6820 6821
3 6822 6823 6824
3 6825 6826 6827
3 6828 6829 6830
3 6831 6832 6833
3 6834 6835 6836
3 6837 6838 6839
3 6840 6841 6842
3 6843 6844 6845
3 6846 6847 6848
3 6849 6850 6851
3 6852 6853 6854
3 6855 6856 6857
3 6858 6859 6860
3 6861 6862 6863
3 6864 6865 6866
3 6867 6868 6869
3 6870 6871 6872
3 6873 6874 6875
3 6876 6877 6878
3 6879 6880 6881
3 6882 6883 6884
3 6885 6886 6887
3 6888 6889 6890
3 6891 6892 6893
3 6894 6895 6896
3 6897 6898 6899
3 6900 6901 6902
3 6903 6904 6905
3 6906 6907 6908
3 6909 6910 6911
3 6912 6913 6914
3 6915 6916 6917
3 6918 6919 6920
3 6921 6922 6923
3 6924 6925 6926
3 6927 6928 6929
3 6930 6931 6932
3 6933 6934 6935
3 6936 6937 6938
3 6939 6940 6941
3 6942 6943 6944
3 6945 6946 6947
3 6948 6949 6950
3 6951 6952 6953
3 6954 6955 6956
3 6957 6958 6959
3 6960 6961 6962
3 6963 6964 6965
3 6966 6967 6968
3 6969 6970 6971
3 6972 6973 6974
3 6975 6976 6977
3 6978 6979 6980
3 6981 6982 6983
3 6984 6985 6986
3 6987 6988 6989
3 6990 6991 6992
3 6993 6994 6995
3 6996 6997 6998
3 6999 7000 7001
3 7002 7003 7004
3 7005 7006 7007
3 7008 7009 7010
3 7011 7012 7013
3 7014 7015 7016
3 7017 7018 7019
3 7020 7021 7022
3 7023 7024 7025
3 7026 7027 7028
3 7029 7030 7031
3 7032 7033 7034
3 7035 7036 7037
3 7038 7039 7040
3 7041 7042 7043
3 7044 7045 7046
3 7047 7048 7049
3 7050 7051 7052
3 7053 7054 7055
3 7056 7057 7058
3 7059 7060 7061
3 7062 7063 7064
3 7065 7066 7067
3 7068 7069 7070
3 7071 7072 7073
3 7074 7075 7076
3 7077 7078 7079
3 7080 7081 7082
3 7083 7084 7085
3 7086 7087 7088
3 7089 7090 7091
3 7092 7093 7094
3 7095 7096 7097
3 7098 7099 7100
3 7101 7102 7103
3 7104 7105 7106
3 7107 7108 7109
3 7110 7111 7112
3 7113 7114 7115
3 7116 7117 7118
3 7119 7120 7121
3 7122 7123 7124
3 7125 7126 7127
3 7128 7129 7130
3 7131 7132 7133
3 7134 7135 7136
3 7137 7138 7139
3 7140 7141 7142
3 7143 7144 7145
3 7146 7147 7148
3 7149 7150 7151
3 7152 7153 7154
3 7155 7156 7157
3 7158 7159 7160
3 7161 7162 7163
3 7164 7165 7166
3 7167 7168 7169
3 7170 7171 7172
3 7173 7174 7175
3 7176 7177 7178
3 7179 7180 7181
3 7182 7183 7184
3 7185 7186 7187
3 7188 7189 7190
3 7191 7192 7193
3 7194 7195 7196
3 7197 7198 7199
3 7200 7201 7202
3 7203 7204 7205
3 7206 7207 7208
3 7209 7210 7211
3 7212 7213 7214
3 7215 7216 7217
3 7218 7219 7220
3 7221 7222 7223
3 7224 7225 7226
3 7227 7228 7229
3 7230 7231 7232
3 7233 7234 7235
3 7236 7237 7238
3 7239 7240 7241
3 7242 7243 7244
3 7245 7246 7247
3 7248 7249 7250
3 7251 7252 7253
3 7254 7255 7256
3 7257 7258 7259
3 7260 7261 7262
3 7263 7264 7265
3 7266 7267 7268
3 7269 7270 7271
3 7272 7273 7274
3 7275 7276 7277
3 7278 7279 7280
3 7281 7282 7283
3 7284 7285 7286
3 7287 7288 7289
3 7290 7291 7292
3 7293 7294 7295
3 7296 7297 7298
3 7299 7300 7301
3 7302 7303 7304
3 7305 7306 7307
3 7308 7309 7310
3 7311 7312 7313
3 7314 7315 7316
3 7317 7318 7319
3 7320 7321 7322
3 7323 7324 7325
3 7326 7327 7328
3 7329 7330 7331
3 7332 7333 7334
3 7335 7336 7337
3 7338 7339 7340
3 7341 7342 7343
3 7344 7345 7346
3 7347 7348 7349
3 7350 7351 7352
3 7353 7354 7355
3 7356 7357 7358
3 7359 7360 7361
3 7362 7363 7364
3 7365 7366 7367
3 7368 7369 7370
3 7371 7372 7373
3 7374 7375 7376
3 7377 7378 7379
3 7380 7381 7382
3 7383 7384 7385
3 7386 7387 7388
3 7389 7390 7391
3 7392 7393 7394
3 7395 7396 7397
3 7398 7399 7400
3 7401 7402 7403
3 7404 7405 7406
3 7407 7408 7409
3 7410 7411 7412
3 7413 7414 7415
3 7416 7417 7418
3 7419 7420 7421
3 7422 7423 7424
3 7425 7426 7427
3 7428 7429 7430
3 7431 7432 7433
3 7434 7435 7436
3 7437 7438 7439
3 7440 7441 7442
3 7443 7444 7445
3 7446 7447 7448
3 7449 7450 7451
3 7452 7453 7454
3 7455 7456 7457
3 7458 7459 7460
3 7461 7462 7463
3 7464 7465 7466
3 7467 7468 7469
3 7470 7471 7472
3 7473 7474 7475
3 7476 7477 7478
3 7479 7480 7481
3 7482 7483 7484
3 7485 7486 7487
3 7488 7489 7490
3 7491 7492 7493
3 7494 7495 7496
3 7497 7498 7499
3 7500 7501 7502
3 7503 7504 7505
3 7506 7507 7508
3 7509 7510 7511
3 7512 7513 7514
3 7515 7516 7517
3 7518 7519 7520
3 7521 7522 7523
3 7524 7525 7526
3 7527 7528 7529
3 7530 7531 7532
3 7533 7534 7535
3 7536 7537 7538
3 7539 7540 7541
3 7542 7543 7544
3 7545 7546 7547
3 7548 7549 7550
3 7551 7552 7553
3 7554 7555 7556
3 7557 7558 7559
3 7560 7561 7562
3 7563 7564 7565
3 7566 7567 7568
3 7569 7570 7571
3 7572 7573 7574
3 7575 7576 7577
3 7578 7579 7580
3 7581 7582 7583
3 7584 7585 7586
3 7587 7588 7589
3 7590 7591 7592
3 7593 7594 7595
3 7596 7597 7598
3 7599 7600 7601
3 7602 7603 7604
3 7605 7606 7607
3 7608 7609 7610
3 7611 7612 7613
3 7614 7615 7616
3 7617 7618 7619
3 7620 7621 7622
3 7623 7624 7625
3 7626 7627 7628
3 7629 7630 7631
3 7632 7633 7634
3 7635 7636 7637
3 7638 7639 7640
3 7641 7642 7643
3 7644 7645 7646
3 7647 7648 7649
3 7650 7651 7652
3 7653 7654 7655
3 7656 7657 7658
3 7659 7660 7661
3 7662 7663 7664
3 7665 7666 7667
3 7668 7669 7670
3 7671 7672 7673
3 7674 7675 7676
3 7677 7678 7679
3 7680 7681 7682
3 7683 7684 7685
3 7686 7687 7688
3 7689 7690 7691
3 7692 7693 7694
3 7695 7696 7697
3 7698 7699 7700
3 7701 7702 7703
3 7704 7705 7706
3 7707 7708 7709
3 7710 7711 7712
3 7713 7714 7715
3 7716 7717 7718
3 7719 7720 7721
3 7722 7723 7724
3 7725 7726 7727
3 7728 7729 7730
3 7731 7732 7733
3 7734 7735 7736
3 7737 7738 7739
3 7740 7741 7742
3 7743 7744 7745
3 7746 7747 7748
3 7749 7750 7751
3 7752 7753 7754
3 7755 7756 7757
3 7758 7759 7760
3 7761 7762 7763
3 7764 7765 7766
3 7767 7768 7769
3 7770 7771 7772
3 7773 7774 7775
3 7776 7777 7778
3 7779 7780 7781
3 7782 7783 7784
3 7785 7786 7787
3 7788 7789 7790
3 7791 7792 7793
3 7794 7795 7796
3 7797 7798 7799
3 7800 7801 7802
3 7803 7804 7805
3 7806 7807 7808
3 7809 7810 7811
3 7812 7813 7814
3 7815 7816 7817
3 7818 7819 7820
3 7821 7822 7823
3 7824 7825 7826
3 7827 7828 7829
3 7830 7831 7832
3 7833 7834 7835
3 7836 7837 7838
3 7839 7840 7841
3 7842 7843 7844
3 7845 7846 7847
3 7848 7849 7850
3 7851 7852 7853
3 7854 7855 7856
3 7857 7858 7859
3 7860 7861 7862
3 7863 7864 7865
3 7866 7867 7868
3 7869 7870 7871
3 7872 7873 7874
3 7875 7876 7877
3 7878 7879 7880
3 7881 7882 7883
3 7884 7885 7886
3 7887 7888 7889
3 7890 7891 7892
3 7893 7894 7895
3 7896 7897 7898
3 7899 7900 7901
3 7902 7903 7904
3 7905 7906 7907
3 7908 7909 7910
3 7911 7912 7913
3 7914 7915 7916
3 7917 7918 7919
3 7920 7921 7922
3 7923 7924 7925
3 7926 7927 7928
3 7929 7930 7931
3 7932 7933 7934
3 7935 7936 7937
3 7938 7939 7940
3 7941 7942 7943
3 7944 7945 7946
3 7947 7948 7949
3 7950 7951 7952
3 7953 7954 7955
3 7956 7957 7958
3 7959 7960 7961
3 7962 7963 7964
3 7965 7966 7967
3 7968 7969 7970
3 7971 7972 7973
3 7974 7975 7976
3 7977 7978 7979
3 7980 7981 7982
3 7983 7984 7985
3 7986 7987 7988
3 7989 7990 7991
3 7992 7993 7994
3 7995 7996 7997
3 7998 7999 8000
3 8001 8002 8003
3 8004 8005 8006
3 8007 8008 8009
3 8010 8011 8012
3 8013 8014 8015
3 8016 8017 8018
3 8019 8020 8021
3 8022 8023 8024
3 8025 8026 8027
3 8028 8029 8030
3 8031 8032 8033
3 8034 8035 8036
3 8037 8038 8039
3 8040 8041 8042
3 8043 8044 8045
3 8046 8047 8048
3 8049 8050 8051
3 8052 8053 8054
3 8055 8056 8057
3 8058 8059 8060
3 8061 8062 8063
3 8064 8065 8066
3 8067 8068 8069
3 8070 8071 8072
3 8073 8074 8075
3 8076 8077 8078
3 8079 8080 8081
3 8082 8083 8084
3 8085 8086 8087
3 8088 8089 8090
3 8091 8092 8093
3 8094 8095 8096
3 8097 8098 8099
3 8100 8101 8102
3 8103 8104 8105
3 8106 8107 8108
3 8109 8110 8111
3 8112 8113 8114
3 8115 8116 8117
3 8118 8119 8120
3 8121 8122 8123
3 8124 8125 8126
3 8127 8128 8129
3 8130 8131 8132
3 8133 8134 8135
3 8136 8137 8138
3 8139 8140 8141
3 8142 8143 8144
3 8145 8146 8147
3 8148 8149 8150
3 8151 8152 8153
3 8154 8155 8156
3 8157 8158 8159
3 8160 8161 8162
3 8163 8164 8165
3 8166 8167 8168
3 8169 8170 8171
3 8172 8173 8174
3 8175 8176 8177
3 8178 8179 8180
3 8181 8182 8183
3 8184 8185 8186
3 8187 8188 8189
3 8190 8191 8192
3 8193 8194 8195
3 8196 8197 8198
3 8199 8200 8201
3 8202 8203 8204
3 8205 8206 8207
3 8208 8209 8210
3 8211 8212 8213
3 8214 8215 8216
3 8217 8218 8219
3 8220 8221 8222
3 8223 8224 8225
3 8226 8227 8228
3 8229 8230 8231
3 8232 8233 8234
3 8235 8236 8237
3 8238 8239 8240
3 8241 8242 8243
3 8244 8245 8246
3 8247 8248 8249
3 8250 8251 8252
3 8253 8254 8255
3 8256 8257 8258
3 8259 8260 8261
3 8262 8263 8264
3 8265 8266 8267
3 8268 8269 8270
3 8271 8272 8273
3 8274 8275 8276
3 8277 8278 8279
3 8280 8281 8282
3 8283 8284 8285
3 8286 8287 8288
3 8289 8290 8291
3 8292 8293 8294
3 8295 8296 8297
3 8298 8299 8300
3 8301 8302 8303
3 8304 8305 8306
3 8307 8308 8309
3 8310 8311 8312
3 8313 8314 8315
3 8316 8317 8318
3 8319 8320 8321
3 8322 8323 8324
3 8325 8326 8327
3 8328 8329 8330
3 8331 8332 8333
3 8334 8335 8336
3 8337 8338 8339
3 8340 8341 8342
3 8343 8344 8345
3 8346 8347 8348
3 8349 8350 8351
3 8352 8353 8354
3 8355 8356 8357
3 8358 8359 8360
3 8361 8362 8363
3 8364 8365 8366
3 8367 8368 8369
3 8370 8371 8372
3 8373 8374 8375
3 8376 8377 8378
3 8379 8380 8381
3 8382 8383 8384
3 8385 8386 8387
3 8388 8389 8390
3 8391 8392 8393
3 8394 8395 8396
3 8397 8398 8399
3 8400 8401 8402
3 8403 8404 8405
3 8406 8407 8408
3 8409 8410 8411
3 8412 8413 8414
3 8415 8416 8417
3 8418 8419 8420
3 8421 8422 8423
3 8424 8425 8426
3 8427 8428 8429
3 8430 8431 8432
3 8433 8434 8435
3 8436 8437 8438
3 8439 8440 8441
3 8442 8443 8444
3 8445 8446 8447
3 8448 8449 8450
3 8451 8452 8453
3 8454 8455 8456
3 8457 8458 8459
3 8460 8461 8462
3 8463 8464 8465
3 8466 8467 8468
3 8469 8470 8471
3 8472 8473 8474
3 8475 8476 8477
3 8478 8479 8480
3 8481 8482 8483
3 8484 8485 8486
3 8487 8488 8489
3 8490 8491 8492
3 8493 8494 8495
3 8496 8497 8498
3 8499 8500 8501
3 8502 8503 8504
3 8505 8506 8507
3 8508 8509 8510
3 8511 8512 8513
3 8514 8515 8516
3 8517 8518 8519
3 8520 8521 8522
3 8523 8524 8525
3 8526 8527 8528
3 8529 8530 8531
3 8532 8533 8534
3 8535 8536 8537
3 8538 8539 8540
3 8541 8542 8543
3 8544 8545 8546
3 8547 8548 8549
3 8550 8551 8552
3 8553 8554 8555
3 8556 8557 8558
3 8559 8560 8561
3 8562 8563 8564
3 8565 8566 8567
3 8568 8569 8570
3 8571 8572 8573
3 8574 8575 8576
3 8577 8578 8579
3 8580 8581 8582
3 8583 8584 8585
3 8586 8587 8588
3 8589 8590 8591
3 8592 8593 8594
3 8595 8596 8597
3 8598 8599 8600
3 8601 8602 8603
3 8604 8605 8606
3 8607 8608 8609
3 8610 8611 8612
3 8613 8614 8615
3 8616 8617 8618
3 8619 8620 8621
3 8622 8623 8624
3 8625 8626 8627
3 8628 8629 8630
3 8631 8632 8633
3 8634 8635 8636
3 8637 8638 8639
3 8640 8641 8642
3 8643 8644 8645
3 8646 8647 8648
3 8649 8650 8651
3 8652 8653 8654
3 8655 8656 8657
3 8658 8659 8660
3 8661 8662 8663
3 8664 8665 8666
3 8667 8668 8669
3 8670 8671 8672
3 8673 8674 8675
3 8676 8677 8678
3 8679 8680 8681
3 8682 8683 8684
3 8685 8686 8687
3 8688 8689 8690
3 8691 8692 8693
3 8694 8695 8696
3 8697 8698 8699
3 8700 8701 8702
3 8703 8704 8705
3 8706 8707 8708
3 8709 8710 8711
3 8712 8713 8714
3 8715 8716 8717
3 8718 8719 8720
3 8721 8722 8723
3 8724 8725 8726
3 8727 8728 8729
3 8730 8731 8732
3 8733 8734 8735
3 8736 8737 8738
3 8739 8740 8741
3 8742 8743 8744
3 8745 8746 8747
3 8748 8749 8750
3 8751 8752 8753
3 8754 8755 8756
3 8757 8758 8759
3 8760 8761 8762
3 8763 8764 8765
3 8766 8767 8768
3 8769 8770 8771
3 8772 8773 8774
3 8775 8776 8777
3 8778 8779 8780
3 8781 8782 8783
3 8784 8785 8786
3 8787 8788 8789
3 8790 8791 8792
3 8793 8794 8795
3 8796 8797 8798
3 8799 8800 8801
3 8802 8803 8804
3 8805 8806 8807
3 8808 8809 8810
3 8811 8812 8813
3 8814 8815 8816
3 8817 8818 8819
3 8820 8821 8822
3 8823 8824 8825
3 8826 8827 8828
3 8829 8830 8831
3 8832 8833 8834
3 8835 8836 8837
3 8838 8839 8840
3 8841 8842 8843
3 8844 8845 8846
3 8847 8848 8849
3 8850 8851 8852
3 8853 8854 8855
3 8856 8857 8858
3 8859 8860 8861
3 8862 8863 8864
3 8865 8866 8867
3 8868 8869 8870
3 8871 8872 8873
3 8874 8875 8876
3 8877 8878 8879
3 8880 8881 8882
3 8883 8884 8885
3 8886 8887 8888
3 8889 8890 8891
3 8892 8893 8894
3 8895 8896 8897
3 8898 8899 8900
3 8901 8902 8903
3 8904 8905 8906
3 8907 8908 8909
3 8910 8911 8912
3 8913 8914 8915
3 8916 8917 8918
3 8919 8920 8921
3 8922 8923 8924
3 8925 8926 8927
3 8928 8929 8930
3 8931 8932 8933
3 8934 8935 8936
3 8937 8938 8939
3 8940 8941 8942
3 8943 8944 8945
3 8946 8947 8948
3 8949 8950 8951
3 8952 8953 8954
3 8955 8956 8957
3 8958 8959 8960
3 8961 8962 8963
3 8964 8965 8966
3 8967 8968 8969
3 8970 8971 8972
3 8973 8974 8975
3 8976 8977 8978
3 8979 8980 8981
3 8982 8983 8984
3 8985 8986 8987
3 8988 8989 8990
3 8991 8992 8993
3 8994 8995 8996
3 8997 8998 8999
3 9000 9001 9002
3 9003 9004 9005
3 9006 9007 9008
3 9009 9010 9011
3 9012 9013 9014
3 9015 9016 9017
3 9018 9019 9020
3 9021 9022 9023
3 9024 9025 9026
3 9027 9028 9029
3 9030 9031 9032
3 9033 9034 9035
3 9036 9037 9038
3 9039 9040 9041
3 9042 9043 9044
3 9045 9046 9047
3 9048 9049 9050
3 9051 9052 9053
3 9054 9055 9056
3 9057 9058 9059
3 9060 9061 9062
3 9063 9064 9065
3 9066 9067 9068
3 9069 9070 9071
3 9072 9073 9074
3 9075 9076 9077
3 9078 9079 9080
3 9081 9082 9083
3 9084 9085 9086
3 9087 9088 9089
3 9090 9091 9092
3 9093 9094 9095
3 9096 9097 9098
3 9099 9100 9101
3 9102 9103 9104
3 9105 9106 9107
3 9108 9109 9110
3 9111 9112 9113
3 9114 9115 9116
3 9117 9118 9119
3 9120 9121 9122
3 9123 9124 9125
3 9126 9127 9128
3 9129 9130 9131
3 9132 9133 9134
3 9135 9136 9137
3 9138 9139 9140
3 9141 9142 9143
3 9144 9145 9146
3 9147 9148 9149
3 9150 9151 9152
3 9153 9154 9155
3 9156 9157 9158
3 9159 9160 9161
3 9162 9163 9164
3 9165 9166 9167
3 9168 9169 9170
3 9171 9172 9173
3 9174 9175 9176
3 9177 9178 9179
3 9180 9181 9182
3 9183 9184 9185
3 9186 9187 9188
3 9189 9190 9191
3 9192 9193 9194
3 9195 9196 9197
3 9198 9199 9200
3 9201 9202 9203
3 9204 9205 9206
3 9207 9208 9209
3 9210 9211 9212
3 9213 9214 9215
3 9216 9217 9218
3 9219 9220 9221
3 9222 9223 9224
3 9225 9226 9227
3 9228 9229 9230
3 9231 9232 9233
3 9234 9235 9236
3 9237 9238 9239
3 9240 9241 9242
3 9243 9244 9245
3 9246 9247 9248
3 9249 9250 9251
3 9252 9253 9254
3 9255 9256 9257
3 9258 9259 9260
3 9261 9262 9263
3 9264 9265 9266
3 9267 9268 9269
3 9270 9271 9272
3 9273 9274 9275
3 9276 9277 9278
3 9279 9280 9281
3 9282 9283 9284
3 9285 9286 9287
3 9288 9289 9290
3 9291 9292 9293
3 9294 9295 9296
3 9297 9298 9299
3 9300 9301 9302
3 9303 9304 9305
3 9306 9307 9308
3 9309 9310 9311
3 9312 9313 9314
3 9315 9316 9317
3 9318 9319 9320
3 9321 9322 9323
3 9324 9325 9326
3 9327 9328 9329
3 9330 9331 9332
3 9333 9334 9335
3 9336 9337 9338
3 9339 9340 9341
3 9342 9343 9344
3 9345 9346 9347
3 9348 9349 9350
3 9351 9352 9353
3 9354 9355 9356
3 9357 9358 9359
3 9360 9361 9362
3 9363 9364 9365
3 9366 9367 9368
3 9369 9370 9371
3 9372 9373 9374
3 9375 9376 9377
3 9378 9379 9380
3 9381 9382 9383
3 9384 9385 9386
3 9387 9388 9389
3 9390 9391 9392
3 9393 9394 9395
3 9396 9397 9398
3 9399 9400 9401
3 9402 9403 9404
3 9405 9406 9407
3 9408 9409 9410
3 9411 9412 9413
3 9414 9415 9416
3 9417 9418 9419
3 9420 9421 9422
3 9423 9424 9425
3 9426 9427 9428
3 9429 9430 9431
3 9432 9433 9434
3 9435 9436 9437
3 9438 9439 9440
3 9441 9442 9443
3 9444 9445 9446
3 9447 9448 9449
3 9450 9451 9452
3 9453 9454 9455
3 9456 9457 9458
3 9459 9460 9461
3 9462 9463 9464
3 9465 9466 9467
3 9468 9469 9470
3 9471 9472 9473
3 9474 9475 9476
3 9477 9478 9479
3 9480 9481 9482
3 9483 9484 9485
3 9486 9487 9488
3 9489 9490 9491
3 9492 9493 9494
3 9495 9496 9497
3 9498 9499 9500
3 9501 9502 9503
3 9504 9505 9506
3 9507 9508 9509
3 9510 9511 9512
3 9513 9514 9515
3 9516 9517 9518
3 9519 9520 9521
3 9522 9523 9524
3 9525 9526 9527
3 9528 9529 9530
3 9531 9532 9533
3 9534 9535 9536
3 9537 9538 9539
3 9540 9541 9542
3 9543 9544 9545
3 9546 9547 9548
3 9549 9550 9551
3 9552 9553 9554
3 9555 9556 9557
3 9558 9559 9560
3 9561 9562 9563
3 9564 9565 9566
3 9567 9568 9569
3 9570 9571 9572
3 9573 9574 9575
3 9576 9577 9578
3 9579 9580 9581
3 9582 9583 9584
3 9585 9586 9587
3 9588 9589 9590
3 9591 9592 9593
3 9594 9595 9596
3 9597 9598 9599
3 9600 9601 9602
3 9603 9604 9605
3 9606 9607 9608
3 9609 9610 9611
3 9612 9613 9614
3 9615 9616 9617
3 9618 9619 9620
3 9621 9622 9623
3 9624 9625 9626
3 9627 9628 9629
3 9630 9631 9632
3 9633 9634 9635
3 9636 9637 9638
3 9639 9640 9641
3 9642 9643 9644
3 9645 9646 9647
3 9648 9649 9650
3 9651 9652 9653
3 9654 9655 9656
3 9657 9658 9659
3 9660 9661 9662
3 9663 9664 9665
3 9666 9667 9668
3 9669 9670 9671
3 9672 9673 9674
3 9675 9676 9677
3 9678 9679 9680
3 9681 9682 9683
3 9684 9685 9686
3 9687 9688 9689
3 9690 9691 9692
3 9693 9694 9695
3 9696 9697 9698
3 9699 9700 9701
3 9702 9703 9704
3 9705 9706 9707
3 9708 9709 9710
3 9711 9712 9713
3 9714 9715 9716
3 9717 9718 9719
3 9720 9721 9722
3 9723 9724 9725
3 9726 9727 9728
3 9729 9730 9731
3 9732 9733 9734
3 9735 9736 9737
3 9738 9739 9740
3 9741 9742 9743
3 9744 9745 9746
3 9747 9748 9749
3 9750 9751 9752
3 9753 9754 9755
3 9756 9757 9758
3 9759 9760 9761
3 9762 9763 9764
3 9765 9766 9767
3 9768 9769 9770
3 9771 9772 9773
3 9774 9775 9776
3 9777 9778 9779
3 9780 9781 9782
3 9783 9784 9785
3 9786 9787 9788
3 9789 9790 9791
3 9792 9793 9794
3 9795 9796 9797
3 9798 9799 9800
3 9801 9802 9803
3 9804 9805 9806
3 9807 9808 9809
3 9810 9811 9812
3 9813 9814 9815
3 9816 9817 9818
3 9819 9820 9821
3 9822 9823 9824
3 9825 9826 9827
3 9828 9829 9830
3 9831 9832 9833
3 9834 9835 9836
3 9837 9838 9839
3 9840 9841 9842
3 9843 9844 9845
3 9846 9847 9848
3 9849 9850 9851
3 9852 9853 9854
3 9855 9856 9857
3 9858 9859 9860
3 9861 9862 9863
3 9864 9865 9866
3 9867 9868 9869
3 9870 9871 9872
3 9873 9874 9875
3 9876 9877 9878
3 9879 9880 9881
3 9882 9883 9884
3 9885 9886 9887
3 9888 9889 9890
3 9891 9892 9893
3 9894 9895 9896
3 9897 9898 9899
3 9900 9901 9902
3 9903 9904 9905
3 9906 9907 9908
3 9909 9910 9911
3 9912 9913 9914
3 9915 9916 9917
3 9918 9919 9920
3 9921 9922 9923
3 9924 9925 9926
3 9927 9928 9929
3 9930 9931 9932
3 9933 9934 9935
3 9936 9937 9938
3 9939 9940 9941
3 9942 9943 9944
3 9945 9946 9947
3 9948 9949 9950
3 9951 9952 9953
3 9954 9955 9956
3 9957 9958 9959
3 9960 9961 9962
3 9963 9964 9965
3 9966 9967 9968
3 9969 9970 9971
3 9972 9973 9974
3 9975 9976 9977
3 9978 9979 9980
3 9981 9982 9983
3 9984 9985 9986
3 9987 9988 9989
3 9990 9991 9992
3 9993 9994 9995
3 9996 9997 9998
3 9999 10000 10001
3 10002 10003 10004
3 10005 10006 10007
3 10008 10009 10010
3 10011 10012 10013
3 10014 10015 10016
3 10017 10018 10019
3 10020 10021 10022
3 10023 10024 10025
3 10026 10027 10028
3 10029 10030 10031
3 10032 10033 10034
3 10035 10036 10037
3 10038 10039 10040
3 10041 10042 10043
3 10044 10045 10046
3 10047 10048 10049
3 10050 10051 10052
3 10053 10054 10055
3 10056 10057 10058
3 10059 10060 10061
3 10062 10063 10064
3 10065 10066 10067
3 10068 10069 10070
3 10071 10072 10073
3 10074 10075 10076
3 10077 10078 10079
3 10080 10081 10082
3 10083 10084 10085
3 10086 10087 10088
3 10089 10090 10091
3 10092 10093 10094
3 10095 10096 10097
3 10098 10099 10100
3 10101 10102 10103
3 10104 10105 10106
3 10107 10108 10109
3 10110 10111 10112
3 10113 10114 10115
3 10116 10117 10118
3 10119 10120 10121
3 10122 10123 10124
3 10125 10126 10127
3 10128 10129 10130
3 10131 10132 10133
3 10134 10135 10136
3 10137 10138 10139
3 10140 10141 10142
3 10143 10144 10145
3 10146 10147 10148
3 10149 10150 10151
3 10152 10153 10154
3 10155 10156 10157
3 10158 10159 10160
3 10161 10162 10163
3 10164 10165 10166
3 10167 10168 10169
3 10170 10171 10172
3 10173 10174 10175
3 10176 10177 10178
3 10179 10180 10181
3 10182 10183 10184
3 10185 10186 10187
3 10188 10189 10190
3 10191 10192 10193
3 10194 10195 10196
3 10197 10198 10199
3 10200 10201 10202
3 10203 10204 10205
3 10206 10207 10208
3 10209 10210 10211
3 10212 10213 10214
3 10215 10216 10217
3 10218 10219 10220
3 10221 10222 10223
3 10224 10225 10226
3 10227 10228 10229
3 10230 10231 10232
3 10233 10234 10235
3 10236 10237 10238
3 10239 10240 10241
3 10242 10243 10244
3 10245 10246 10247
3 10248 10249 10250
3 10251 10252 10253
3 10254 10255 10256
3 10257 10258 10259
3 10260 10261 10262
3 10263 10264 10265
3 10266 10267 10268
3 10269 10270 10271
3 10272 10273 10274
3 10275 10276 10277
3 10278 10279 10280
3 10281 10282 10283
3 10284 10285 10286
3 10287 10288 10289
3 10290 10291 10292
3 10293 10294 10295
3 10296 10297 10298
3 10299 10300 10301
3 10302 10303 10304
3 10305 10306 10307
3 10308 10309 10310
3 10311 10312 10313
3 10314 10315 10316
3 10317 10318 10319
3 10320 10321 10322
3 10323 10324 10325
3 10326 10327 10328
3 10329 10330 10331
3 10332 10333 10334
3 10335 10336 10337
3 10338 10339 10340
3 10341 10342 10343
3 10344 10345 10346
3 10347 10348 10349
3 10350 10351 10352
3 10353 10354 10355
3 10356 10357 10358
3 10359 10360 10361
3 10362 10363 10364
3 10365 10366 10367
3 10368 10369 10370
3 10371 10372 10373
3 10374 10375 10376
3 10377 10378 10379
3 10380 10381 10382
3 10383 10384 10385
3 10386 10387 10388
3 10389 10390 10391
3 10392 10393 10394
3 10395 10396 10397
3 10398 10399 10400
3 10401 10402 10403
3 10404 10405 10406
3 10407 10408 10409
3 10410 10411 10412
3 10413 10414 10415
3 10416 10417 10418
3 10419 10420 10421
3 10422 10423 10424
3 10425 10426 10427
3 10428 10429 10430
3 10431 10432 10433
3 10434 10435 10436
3 10437 10438 10439
3 10440 10441 10442
3 10443 10444 10445
3 10446 10447 10448
3 10449 10450 10451
3 10452 10453 10454
3 10455 10456 10457
3 10458 10459 10460
3 10461 10462 10463
3 10464 10465 10466
3 10467 10468 10469
3 10470 10471 10472
3 10473 10474 10475
3 10476 10477 10478
3 10479 10480 10481
3 10482 10483 10484
3 10485 10486 10487
3 10488 10489 10490
3 10491 10492 10493
3 10494 10495 10496
3 10497 10498 10499
3 10500 10501 10502
3 10503 10504 10505
3 10506 10507 10508
3 10509 10510 10511
3 10512 10513 10514
3 10515 10516 10517
3 10518 10519 10520
3 10521 10522 10523
3 10524 10525 10526
3 10527 10528 10529
3 10530 10531 10532
3 10533 10534 10535
3 10536 10537 10538
3 10539 10540 10541
3 10542 10543 10544
3 10545 10546 10547
3 10548 10549 10550
3 10551 10552 10553
3 10554 10555 10556
3 10557 10558 10559
3 10560 10561 10562
3 10563 10564 10565
3 10566 10567 10568
3 10569 10570 10571
3 10572 10573 10574
3 10575 10576 10577
3 10578 10579 10580
3 10581 10582 10583
3 10584 10585 10586
3 10587 10588 10589
3 10590 10591 10592
3 10593 10594 10595
3 10596 10597 10598
3 10599 10600 10601
3 10602 10603 10604
3 10605 10606 10607
3 10608 10609 10610
3 10611 10612 10613
3 10614 10615 10616
3 10617 10618 10619
3 10620 10621 10622
3 10623 10624 10625
3 10626 10627 10628
3 10629 10630 10631
3 10632 10633 10634
3 10635 10636 10637
3 10638 10639 10640
3 10641 10642 10643
3 10644 10645 10646
3 10647 10648 10649
3 10650 10651 10652
3 10653 10654 10655
3 10656 10657 10658
3 10659 10660 10661
3 10662 10663 10664
3 10665 10666 10667
3 10668 10669 10670
3 10671 10672 10673
3 10674 10675 10676
3 10677 10678 10679
3 10680 10681 10682
3 10683 10684 10685
3 10686 10687 10688
3 10689 10690 10691
3 10692 10693 10694
3 10695 10696 10697
3 10698 10699 10700
3 10701 10702 10703
3 10704 10705 10706
3 10707 10708 10709
3 10710 10711 10712
3 10713 10714 10715
3 10716 10717 10718
3 10719 10720 10721
3 10722 10723 10724
3 10725 10726 10727
3 10728 10729 10730
3 10731 10732 10733
3 10734 10735 10736
3 10737 10738 10739
3 10740 10741 10742
3 10743 10744 10745
3 10746 10747 10748
3 10749 10750 10751
3 10752 10753 10754
3 10755 10756 10757
3 10758 10759 10760
3 10761 10762 10763
3 10764 10765 10766
3 10767 10768 10769
3 10770 10771 10772
3 10773 10774 10775
3 10776 10777 10778
3 10779 10780 10781
3 10782 10783 10784
3 10785 10786 10787
3 10788 10789 10790
3 10791 10792 10793
3 10794 10795 10796
3 10797 10798 10799
3 10800 10801 10802
3 10803 10804 10805
3 10806 10807 10808
3 10809 10810 10811
3 10812 10813 10814
3 10815 10816 10817
3 10818 10819 10820
3 10821 10822 10823
3 10824 10825 10826
3 10827 10828 10829
3 10830 10831 10832
3 10833 10834 10835
3 10836 10837 10838
3 10839 10840 10841
3 10842 10843 10844
3 10845 10846 10847
3 10848 10849 10850
3 10851 10852 10853
3 10854 10855 10856
3 10857 10858 10859
3 10860 10861 10862
3 10863 10864 10865
3 10866 10867 10868
3 10869 10870 10871
3 10872 10873 10874
3 10875 10876 10877
3 10878 10879 10880
3 10881 10882 10883
3 10884 10885 10886
3 10887 10888 10889
3 10890 10891 10892
3 10893 10894 10895
3 10896 10897 10898
3 10899 10900 10901
3 10902 10903 10904
3 10905 10906 10907
3 10908 10909 10910
3 10911 10912 10913
3 10914 10915 10916
3 10917 10918 10919
3 10920 10921 10922
3 10923 10924 10925
3 10926 10927 10928
3 10929 10930 10931
3 10932 10933 10934
3 10935 10936 10937
3 10938 10939 10940
3 10941 10942 10943
3 10944 10945 10946
3 10947 10948 10949
3 10950 10951 10952
3 10953 10954 10955
3 10956 10957 10958
3 10959 10960 10961
3 10962 10963 10964
3 10965 10966 10967
3 10968 10969 10970
3 10971 10972 10973
3 10974 10975 10976
3 10977 10978 10979
3 10980 10981 10982
3 10983 10984 10985
3 10986 10987 10988
3 10989 10990 10991
3 10992 10993 10994
3 10995 10996 10997
3 10998 10999 11000
3 11001 11002 11003
3 11004 11005 11006
3 11007 11008 11009
3 11010 11011 11012
3 11013 11014 11015
3 11016 11017 11018
3 11019 11020 11021
3 11022 11023 11024
3 11025 11026 11027
3 11028 11029 11030
3 11031 11032 11033
3 11034 11035 11036
3 11037 11038 11039
3 11040 11041 11042
3 11043 11044 11045
3 11046 11047 11048
3 11049 11050 11051
3 11052 11053 11054
3 11055 11056 11057
3 11058 11059 11060
3 11061 11062 11063
3 11064 11065 11066
3 11067 11068 11069
3 11070 11071 11072
3 11073 11074 11075
3 11076 11077 11078
3 11079 11080 11081
3 11082 11083 11084
3 11085 11086 11087
3 11088 11089 11090
3 11091 11092 11093
3 11094 11095 11096
3 11097 11098 11099
3 11100 11101 11102
3 11103 11104 11105
3 11106 11107 11108
3 11109 11110 11111
3 11112 11113 11114
3 11115 11116 11117
3 11118 11119 11120
3 11121 11122 11123
3 11124 11125 11126
3 11127 11128 11129
3 11130 11131 11132
3 11133 11134 11135
3 11136 11137 11138
3 11139 11140 11141
3 11142 11143 11144
3 11145 11146 11147
3 11148 11149 11150
3 11151 11152 11153
3 11154 11155 11156
3 11157 11158 11159
3 11160 11161 11162
3 11163 11164 11165
3 11166 11167 11168
3 11169 11170 11171
3 11172 11173 11174
3 11175 11176 11177
3 11178 11179 11180
3 11181 11182 11183
3 11184 11185 11186
3 11187 11188 11189
3 11190 11191 11192
3 11193 11194 11195
3 11196 11197 11198
3 11199 11200 11201
3 11202 11203 11204
3 11205 11206 11207
3 11208 11209 11210
3 11211 11212 11213
3 11214 11215 11216
3 11217 11218 11219
3 11220 11221 11222
3 11223 11224 11225
3 11226 11227 11228
3 11229 11230 11231
3 11232 11233 11234
3 11235 11236 11237
3 11238 11239 11240
3 11241 11242 11243
3 11244 11245 11246
3 11247 11248 11249
3 11250 11251 11252
3 11253 11254 11255
3 11256 11257 11258
3 11259 11260 11261
3 11262 11263 11264
3 11265 11266 11267
3 11268 11269 11270
3 11271 11272 11273
3 11274 11275 11276
3 11277 11278 11279
3 11280 11281 11282
3 11283 11284 11285
3 11286 11287 11288
3 11289 11290 11291
3 11292 11293 11294
3 11295 11296 11297
3 11298 11299 11300
3 11301 11302 11303
3 11304 11305 11306
3 11307 11308 11309
3 11310 11311 11312
3 11313 11314 11315
3 11316 11317 11318
3 11319 11320 11321
3 11322 11323 11324
3 11325 11326 11327
3 11328 11329 11330
3 11331 11332 11333
3 11334 11335 11336
3 11337 11338 11339
3 11340 11341 11342
3 11343 11344 11345
3 11346 11347 11348
3 11349 11350 11351
3 11352 11353 11354
3 11355 11356 11357
3 11358 11359 11360
3 11361 11362 11363
3 11364 11365 11366
3 11367 11368 11369
3 11370 11371 11372
3 11373 11374 11375
3 11376 11377 11378
3 11379 11380 11381
3 11382 11383 11384
3 11385 11386 11387
3 11388 11389 11390
3 11391 11392 11393
3 11394 11395 11396
3 11397 11398 11399
3 11400 11401 11402
3 11403 11404 11405
3 11406 11407 11408
3 11409 11410 11411
3 11412 11413 11414
3 11415 11416 11417
3 11418 11419 11420
3 11421 11422 11423
3 11424 11425 11426
3 11427 11428 11429
3 11430 11431 11432
3 11433 11434 11435
3 11436 11437 11438
3 11439 11440 11441
3 11442 11443 11444
3 11445 11446 11447
3 11448 11449 11450
3 11451 11452 11453
3 11454 11455 11456
3 11457 11458 11459
3 11460 11461 11462
3 11463 11464 11465
3 11466 11467 11468
3 11469 11470 11471
3 11472 11473 11474
3 11475 11476 11477
3 11478 11479 11480
3 11481 11482 11483
3 11484 11485 11486
3 11487 11488 11489
3 11490 11491 11492
3 11493 11494 11495
3 11496 11497 11498
3 11499 11500 11501
3 11502 11503 11504
3 11505 11506 11507
3 11508 11509 11510
3 11511 11512 11513
3 11514 11515 11516
3 11517 11518 11519
3 11520 11521 11522
3 11523 11524 11525
3 11526 11527 11528
3 11529 11530 11531
3 11532 11533 11534
3 11535 11536 11537
3 11538 11539 11540
3 11541 11542 11543
3 11544 11545 11546
3 11547 11548 11549
3 11550 11551 11552
3 11553 11554 11555
3 11556 11557 11558
3 11559 11560 11561
3 11562 11563 11564
3 11565 11566 11567
3 11568 11569 11570
3 11571 11572 11573
3 11574 11575 11576
3 11577 11578 11579
3 11580 11581 11582
3 11583 11584 11585
3 11586 11587 11588
3 11589 11590 11591
3 11592 11593 11594
3 11595 11596 11597
3 11598 11599 11600
3 11601 11602 11603
3 11604 11605 11606
3 11607 11608 11609
3 11610 11611 11612
3 11613 11614 11615
3 11616 11617 11618
3 11619 11620 11621
3 11622 11623 11624
3 11625 11626 11627
3 11628 11629 11630
3 11631 11632 11633
3 11634 11635 11636
3 11637 11638 11639
3 11640 11641 11642
3 11643 11644 11645
3 11646 11647 11648
3 11649 11650 11651
CELL_TYPES 3884
5
5
5
5
5
5
5
5
5
5
5
5
5
5
5
5
5
5
5
5
5
5
5
5
5
5
5
5
5
5
5
5
5
5
5
5
5
5
5
5
5
5
5
5
5
5
5
5
5
5
5
5
5
5
5
5
5
5
5
5
5
5
5
5
5
5
5
5
5
5
5
5
5
5
5
5
5
5
5
5
5
5
5
5
5
5
5
5
5
5
5
5
5
5
5
5
5
5
5
5
5
5
5
5
5
5
5
5
5
5
5
5
5
5
5
5
5
5
5
5
5
5
5
5
5
5
5
5
5
5
5
5
5
5
5
5
5
5
5
5
5
5
5
5
5
5
5
5
5
5
5
5
5
5
5
5
5
5
5
5
5
5
5
5
5
5
5
5
5
5
5
5
5
5
5
5
5
5
5
5
5
5
5
5
5
5
5
5
5
5
5
5
5
5
5
5
5
5
5
5
5
5
5
5
5
5
5
5
5
5
5
5
5
5
5
5
5
5
5
5
5
5
5
5
5
5
5
5
5
5
5
5
5
5
5
5
5
5
5
5
5
5
5
5
5
5
5
5
5
5
5
5
5
5
5
5
5
5
5
5
5
5
5
5
5
5
5
5
5
5
5
5
5
5
5
5
5
5
5
5
5
5
5
5
5
5
5
5
5
5
5
5
5
5
5
5
5
5
5
5
5
5
5
5
5
5
5
5
5
5
5
5
5
5
5
5
5
5
5
5
5
5
5
5
5
5
5
5
5
5
5
5
5
5
5
5
5
5
5
5
5
5
5
5
5
5
5
5
5
5
5
5
5
5
5
5
5
5
5
5
5
5
5
5
5
5
5
5
5
5
5
5
5
5
5
5
5
5
5
5
5
5
5
5
5
5
5
5
5
5
5
5
5
5
5
5
5
5
5
5
5
5
5
5
5
5
5
5
5
5
5
5
5
5
5
5
5
5
5
5
5
5
5
5
5
5
5
5
5
5
5
5
5
5
5
5
5
5
5
5
5
5
5
5
5
5
5
5
5
5
5
5
5
5
5
5
5
5
5
5
5
5
5
5
5
5
5
5
5
5
5
5
5
5
5
5
5
5
5
5
5
5
5
5
5
5
5
5
5
5
5
5
5
5
5
5
5
5
5
5
5
5
5
5
5
5
5
5
5
5
5
5
5
5
5
5
5
5
5
5
5
5
5
5
5
5
5
5
5
5
5
5
5
5
5
5
5
5
5
5
5
5
5
5
5
5
5
5
5
5
5
5
5
5
5
5
5
5
5
5
5
5
5
5
5
5
5
5
5
5
5
5
5
5
5
5
5
5
5
5
5
5
5
5
5
5
5
5
5
5
5
5
5
5
5
5
5
5
5
5
5
5
5
5
5
5
5
5
5
5
5
5
5
5
5
5
5
5
5
5
5
5
5
5
5
5
5
5
5
5
5
5
5
5
5
5
5
5
5
5
5
5
5
5
5
5
5
5
5
5
5
5
5
5
5
5
5
5
5
5
5
5
5
5
5
5
5
5
5
5
5
5
5
5
5
5
5
5
5
5
5
5
5
5
5
5
5
5
5
5
5
5
5
5
5
5
5
5
5
5
5
5
5
5
5
5
5
5
5
5
5
5
5
5
5
5
5
5
5
5
5
5
5
5
5
5
5
5
5
5
5
5
5
5
5
5
5
5
5
5
5
5
5
5
5
5
5
5
5
5
5
5
5
5
5
5
5
5
5
5
5
5
5
5
5
5
5
5
5
5
5
5
5
5
5
5
5
5
5
5
5
5
5
5
5
5
5
5
5
5
5
5
5
5
5
5
5
5
5
5
5
5
5
5
5
5
5
5
5
5
5
5
5
5
5
5
5
5
5
5
5
5
5
5
5
5
5
5
5
5
5
5
5
5
5
5
5
5
5
5
5
5
5
5
5
5
5
5
5
5
5
5
5
5
5
5
5
5
5
5
5
5
5
5
5
5
5
5
5
5
5
5
5
5
5
5
5
5
5
5
5
5
5
5
5
5
5
5
5
5
5
5
5
5
5
5
5
5
5
5
5
5
5
5
5
5
5
5
5
5
5
5
5
5
5
5
5
5
5
5
5
5
5
5
5
5
5
5
5
5
5
5
5
5
5
5
5
5
5
5
5
5
5
5
5
5
5
5
5
5
5
5
5
5
5
5
5
5
5
5
5
5
5
5
5
5
5
5
5
5
5
5
5
5
5
5
5
5
5
5
5
5
5
5
5
5
5
5
5
5
5
5
5
5
5
5
5
5
5
5
5
5
5
5
5
5
5
5
5
5
5
5
5
5
5
5
5
5
5
5
5
5
5
5
5
5
5
5
5
5
5
5
5
5
5
5
5
5
5
5
5
5
5
5
5
5
5
5
5
5
5
5
5
5
5
5
5
5
5
5
5
5
5
5
5
5
5
5
5
5
5
5
5
5
5
5
5
5
5
5
5
5
5
5
5
5
5
5
5
5
5
5
5
5
5
5
5
5
5
5
5
5
5
5
5
5
5
5
5
5
5
5
5
5
5
5
5
5
5
5
5
5
5
5
5
5
5
5
5
5
5
5
5
5
5
5
5
5
5
5
5
5
5
5
5
5
5
5
5
5
5
5
5
5
5
5
5
5
5
5
5
5
5
5
5
5
5
5
5
5
5
5
5
5
5
5
5
5
5
5
5
5
5
5
5
5
5
5
5
5
5
5
5
5
5
5
5
5
5
5
5
5
5
5
5
5
5
5
5
5
5
5
5
5
5
5
5
5
5
5
5
5
5
5
5
5
5
5
5
5
5
5
5
5
5
5
5
5
5
5
5
5
5
5
5
5
5
5
5
5
5
5
5
5
5
5
5
5
5
5
5
5
5
5
5
5
5
5
5
5
5
5
5
5
5
5
5
5
5
5
5
5
5
5
5
5
5
5
5
5
5
5
5
5
5
5
5
5
5
5
5
5
5
5
5
5
5
5
5
5
5
5
5
5
5
5
5
5
5
5
5
5
5
5
5
5
5
5
5
5
5
5
5
5
5
5
5
5
5
5
5
5
5
5
5
5
5
5
5
5
5
5
5
5
5
5
5
5
5
5
5
5
5
5
5
5
5
5
5
5
5
5
5
5
5
5
5
5
5
5
5
5
5
5
5
5
5
5
5
5
5
5
5
5
5
5
5
5
5
5
5
5
5
5
5
5
5
5
5
5
5
5
5
5
5
5
5
5
5
5
5
5
5
5
5
5
5
5
5
5
5
5
5
5
5
5
5
5
5
5
5
5
5
5
5
5
5
5
5
5
5
5
5
5
5
5
5
5
5
5
5
5
5
5
5
5
5
5
5
5
5
5
5
5
5
5
5
5
5
5
5
5
5
5
5
5
5
5
5
5
5
5
5
5
5
5
5
5
5
5
5
5
5
5
5
5
5
5
5
5
5
5
5
5
5
5
5
5
5
5
5
5
5
5
5
5
5
5
5
5
5
5
5
5
5
5
5
5
5
5
5
5
5
5
5
5
5
5
5
5
5
5
5
5
5
5
5
5
5
5
5
5
5
5
5
5
5
5
5
5
5
5
5
5
5
5
5
5
5
5
5
5
5
5
5
5
5
5
5
5
5
5
5
5
5
5
5
5
5
5
5
5
5
5
5
5
5
5
5
5
5
5
5
5
5
5
5
5
5
5
5
5
5
5
5
5
5
5
5
5
5
5
5
5
5
5
5
5
5
5
5
5
5
5
5
5
5
5
5
5
5
5
5
5
5
5
5
5
5
5
5
5
5
5
5
5
5
5
5
5
5
5
5
5
5
5
5
5
5
5
5
5
5
5
5
5
5
5
5
5
5
5
5
5
5
5
5
5
5
5
5
5
5
5
5
5
5
5
5
5
5
5
5
5
5
5
5
5
5
5
5
5
5
5
5
5
5
5
5
5
5
5
5
5
5
5
5
5
5
5
5
5
5
5
5
5
5
5
5
5
5
5
5
5
5
5
5
5
5
5
5
5
5
5
5
5
5
5
5
5
5
5
5
5
5
5
5
5
5
5
5
5
5
5
5
5
5
5
5
5
5
5
5
5
5
5
5
5
5
5
5
5
5
5
5
5
5
5
5
5
5
5
5
5
5
5
5
5
5
5
5
5
5
5
5
5
5
5
5
5
5
5
5
5
5
5
5
5
5
5
5
5
5
5
5
5
5
5
5
5
5
5
5
5
5
5
5
5
5
5
5
5
5
5
5
5
5
5
5
5
5
5
5
5
5
5
5
5
5
5
5
5
5
5
5
5
5
5
5
5
5
5
5
5
5
5
5
5
5
5
5
5
5
5
5
5
5
5
5
5
5
5
5
5
5
5
5
5
5
5
5
5
5
5
5
5
5
5
5
5
5
5
5
5
5
5
5
5
5
5
5
5
5
5
5
5
5
5
5
5
5
5
5
5
5
5
5
5
5
5
5
5
5
5
5
5
5
5
5
5
5
5
5
5
5
5
5
5
5
5
5
5
5
5
5
5
5
5
5
5
5
5
5
5
5
5
5
5
5
5
5
5
5
5
5
5
5
5
5
5
5
5
5
5
5
5
5
5
5
5
5
5
5
5
5
5
5
5
5
5
5
5
5
5
5
5
5
5
5
5
5
5
5
5
5
5
5
5
5
5
5
5
5
5
5
5
5
5
5
5
5
5
5
5
5
5
5
5
5
5
5
5
5
5
5
5
5
5
5
5
5
5
5
5
5
5
5
5
5
5
5
5
5
5
5
5
5
5
5
5
5
5
5
5
5
5
5
5
5
5
5
5
5
5
5
5
5
5
5
5
5
5
5
5
5
5
5
5
5
5
5
5
5
5
5
5
5
5
5
5
5
5
5
5
5
5
5
5
5
5
5
5
5
5
5
5
5
5
5
5
5
5
5
5
5
5
5
5
5
5
5
5
5
5
5
5
5
5
5
5
5
5
5
5
5
5
5
5
5
5
5
5
5
5
5
5
5
5
5
5
5
5
5
5
5
5
5
5
5
5
5
5
5
5
5
5
5
5
5
5
5
5
5
5
5
5
5
5
5
5
5
5
5
5
5
5
5
5
5
5
5
5
5
5
5
5
5
5
5
5
5
5
5
5
5
5
5
5
5
5
5
5
5
5
5
5
5
5
5
5
5
5
5
5
5
5
5
5
5
5
5
5
5
5
5
5
5
5
5
5
5
5
5
5
5
5
5
5
5
5
5
5
5
5
5
5
5
5
5
5
5
5
5
5
5
5
5
5
5
5
5
5
5
5
5
5
5
5
5
5
5
5
5
5
5
5
5
5
5
5
5
5
5
5
5
5
5
5
5
5
5
5
5
5
5
5
5
5
5
5
5
5
5
5
5
5
5
5
5
5
5
5
5
5
5
5
5
5
5
5
5
5
5
5
5
5
5
5
5
5
5
5
5
5
5
5
5
5
5
5
5
5
5
5
5
5
5
5
5
5
5
5
5
5
5
5
5
5
5
5
5
5
5
5
5
5
5
5
5
5
5
5
5
5
5
5
5
5
5
5
5
5
5
5
5
5
5
5
5
5
5
5
5
5
5
5
5
5
5
5
5
5
5
5
5
5
5
5
5
5
5
5
5
5
5
5
5
5
5
5
5
5
5
5
5
5
5
5
5
5
5
5
5
5
5
5
5
5
5
5
5
5
5
5
5
5
5
5
5
5
5
5
5
5
5
5
5
5
5
5
5
5
5
5
5
5
5
5
5
5
5
5
5
5
5
5
5
5
5
5
5
5
5
5
5
5
5
5
5
5
5
5
5
5
5
5
5
5
5
5
5
5
5
5
5
5
5
5
5
5
5
5
5
5
5
5
5
5
5
5
5
5
5
5
5
5
5
5
5
5
5
5
5
5
5
5
5
5
5
5
5
5
5
5
5
5
5
5
5
5
5
5
5
5
5
5
5
5
5
5
5
5
5
5
5
5
5
5
5
5
5
5
5
5
5
5
5
5
5
5
5
5
5
5
5
5
5
5
5
5
5
5
5
5
5
5
5
5
5
5
5
5
5
5
5
5
5
5
5
5
5
5
5
5
5
5
5
5
5
5
5
5
5
5
5
5
5
5
5
5
5
5
5
5
5
5
5
5
5
5
5
5
5
5
5
5
5
5
5
5
5
5
5
5
5
5
5
5
5
5
5
5
5
5
5
5
5
5
5
5
5
5
5
5
5
5
5
5
5
5
5
5
5
5
5
5
5
5
5
5
5
5
5
5
5
5
5
5
5
5
5
5
5
5
5
5
5
5
5
5
5
5
5
5
5
5
5
5
5
5
5
5
5
5
5
5
5
5
5
5
5
5
5
5
5
5
5
5
5
5
5
5
5
5
5
5
5
5
5
5
5
5
5
5
5
5
5
5
5
5
5
5
5
5
5
5
5
5
5
5
5
5
5
5
5
5
5
5
5
5
5
5
5
5
5
5
5
5
5
5
5
5
5
5
5
5
5
5
5
5
5
5
5
5
5
5
5
5
5
5
5
5
5
5
5
5
5
5
5
5
5
5
5
5
5
5
5
5
5
5
5
5
5
5
5
5
5
5
5
5
5
5
5
5
5
5
5
5
5
5
5
5
5
5
5
5
5
5
5
5
5
5
5
5
5
5
5
5
5
5
5
5
5
5
5
5
5
5
5
5
5
5
5
5
5
5
5
5
5
5
5
5
5
5
5
5
5
5
5
5
5
5
5
5
5
5
5
5
5
5
5
5
5
5
5
5
5
5
5
5
5
5
5
5
5
5
5
5
5
5
5
5
5
5
5
5
5
5
5
5
5
5
5
5
5
5
5
5
5
5
5
5
5
5
5
5
5
5
5
5
5
5
5
5
5
5
5
5
5
5
5
5
5
5
5
5
5
5
5
5
5
5
5
5
5
5
5
5
5
5
5
5
5
5
5
5
5
5
5
5
5
5
5
5
5
5
5
5
5
5
5
5
5
5
5
5
5
5
5
5
5
5
5
5
5
5
5
5
5
5
5
5
5
5
5
5
5
5
5
5
5
5
5
5
5
5
5
5
5
5
5
5
5
5
5
5
5
5
5
5
5
5
5
5
5
5
5
5
5
5
5
5
5
5
5
5
5
5
5
5
5
5
5
5
5
5
5
5
5
5
5
5
5
5
5
5
5
5
5
5
5
5
5
5
5
5
5
5
5
5
5
5
5
5
5
5
5
5
5
5
5
5
5
5
5
5
5
5
5
5
5
5
5
5
5
5
5
5
5
5
5
5
5
5
5
5
5
5
5
5
5
5
5
5
5
5
5
5
5
5
5
5
5
5
5
5
5
5
5
5
5
5
5
5
5
5
5
5
5
5
5
5
5
5
5
5
5
5
5
5
5
5
5
5
5
5
5
5
5
5
5
5
5
5
5
5
5
5
5
5
5
5
5
5
5
5
5
5
5
5
5
5
5
5
5
5
5
5
5
5
5
5
5
5
5
5
5
5
5
5
5
5
5
5
5
5
5
5
5
5
5
5
5
5
5
5
5
5
5
5
5
5
5
5
5
5
5
5
5
5
5
5
5
5
5
5
5
5
5
5
5
5
5
5
5
5
5
5
5
5
5
5
5
5
5
5
5
5
5
5
5
5
5
5
5
5
5
5
5
5
5
5
5
5
5
5
5
5
5
5
5
5
5
5
5
5
5
5
5
5
5
5
5
5
5
5
5
5
5
5
5
5
5
5
5
5
5
5
5
5
5
5
5
5
5
5
5
5
5
5
5
5
5
5
5
5
5
5
5
5
5
5
5
5
5
5
5
5
5
5
5
5
5
5
5
5
5
5
5
5
5
5
5
5
5
5
5
5
5
5
5
5
5
5
5
5
5
5
5
5
5
5
5
5
5
5
5
5
5
5
5
5
5
5
5
5
5
5
5
5
5
5
5
5
5
5
5
5
5
5
5
5
5
5
5
5
5
5
5
5
5
5
5
5
5
5
5
5
5
5
5
5
5
5
5
5
5
5
5
5
5
5
5
5
5
5
5
5
5
5
5
5
5
5
5
5
5
5
5
5
5
5
5
5
5
5
5
5
5
5
5
5
5
5
5
5
5
5
5
5
5
5
5
5
5
5
5
5
5
5
5
5
5
5
5
5
5
5
5
5
5
5
5
5
5
5
5
5
5
5
5
5
5
5
5
5
5
5
5
5
5
5
5
5
5
5
5
5
5
5
5
5
5
5
5
5
5
5
5
5
5
5
5
5
5
5
5
5
5
5
5
5
5
5
5
5
5
5
5
5
5
5
5
5
5
5
5
5
5
5
5
5
5
5
5
5
5
5
5
5
5
5
5
5
5
5
5
5
5
5
5
5
5
5
5
5
5
5
5
5
5
5
5
5
5
5
5
5
5
5
5
5
5
5
5
5
5
5
5
5
5
5
5
5
5
5
5
5
5
5
5
5
5
5
5
5
5
5
5
5
5
5
5
5
5
5
5
5
5
5
5
5
5
5
5
5
5
5
5
5
5
5
5
5
5
5
5
5
5
5
5
5
5
5
5
5
5
5
5
5
5
5
5
5
5
5
5
5
5
5
5
5
5
5
5
5
5
5
5
5
5
5
5
5
5
5
5
5
5
5
5
5
5
5
5
5
5
5
5
5
5
5
5
5
5
5
5
5
5
5
5
5
5
5
5
5
5
5
5
5
5
5
5
5
5
5
5
5
5
5
5
5
5
5
5
5
5
5
5
5
5
5
5
5
5
5
5
5
5
5
5
5
5
5
5
5
5
5
5
5
5
5
5
5
5
5
5
5
5
5
5
5
5
5
